"","Aux_rep1_ribo","Aux_rep2_ribo","Aux_rep3_ribo","noAux_rep1_ribo","noAux_rep2_ribo","noAux_rep3_ribo"
"aap-1",53.3223679812923,58.8102152114259,57.1719161786573,56.0795990769631,54.6142053521327,33.850071897428
"aat-1",53.3223679812923,64.2556055087801,61.4068729326319,50.2782612414152,40.9606540140996,51.2325412501614
"aat-2",55.1299058789632,78.4136202819012,83.6403958909986,56.0795990769631,63.0163907909224,58.5514757144701
"aat-3",122.912577041623,140.49106967174,145.047268823631,144.06655624944,144.937698819121,133.570553973635
"aat-5",169.908562381067,161.183552801686,159.869617462542,207.881272440467,190.099445552616,169.25035948714
"aat-6",58.7449816743051,42.4740443193631,55.05443780167,53.1789301591892,63.0163907909224,47.573074018007
"aat-9",72.301515906837,64.2556055087801,76.2292215715431,55.1127094377051,68.2677566901659,59.4663425225087
"abf-5",56.0336748277987,72.9682299845469,61.4068729326319,83.1525089761867,51.4633858125866,59.4663425225087
"abf-6",136.469111274155,140.49106967174,137.636094504175,172.106355787921,150.189064718365,131.740820357558
"abl-1",46.0922163906086,58.8102152114259,39.1733499742652,50.2782612414152,60.915844431225,51.2325412501614
"abt-2",56.9374437766342,87.1262447576679,96.3452661529225,79.2849504191547,95.5748593662323,77.7636786832806
"abt-4",245.825154083246,278.803983224537,291.153276835755,194.344817490855,207.954089610044,230.546435625726
"abu-8",0.903768948835463,0,0,11.6026756710958,9.45245861863836,6.40406765627017
"ace-1",46.9959853394441,62.0774493898384,45.5257851052271,45.4438130451253,64.0666639707711,43.9136067858526
"ace-2",47.8997542882795,37.0286540220089,37.0558715972779,45.4438130451253,50.4131126327379,42.998739977814
"ace-3",92.1844327812172,95.8388692334347,104.815179660872,67.6822747480589,73.5191225894094,68.6150106028947
"ace-4",12.6527652836965,18.5143270110044,13.7636094504175,14.5033445888698,15.7540976977306,20.1270697768491
"acn-1",65.9751332649888,75.1463861034886,77.2879607600367,162.437459395341,172.244801495188,147.293556094214
"aco-1",807.065671310068,708.989816715523,798.289348124215,715.498333050909,791.905977605925,884.676203373322
"aco-2",2674.25231960413,2841.40465715945,2820.48119814709,3038.93413618785,3030.03812386352,2873.59664404923
"acr-8",28.9206063627348,32.6723417841255,33.8796540317969,12.5695653103538,21.0054635969741,21.9568033929263
"acr-12",21.6904547720511,19.6034050704753,22.2335229583667,18.3709031459017,14.7038245178819,15.5527357366561
"acr-19",18.0753789767093,9.80170253523765,19.0573053928858,20.3046824244177,19.9551904171254,20.1270697768491
"lgc-11",21.6904547720511,17.4252489515336,15.8810878274048,9.66889639257985,16.8043708775793,17.3824693527333
"acr-23",23.497992669722,31.5832637246546,22.2335229583667,12.5695653103538,22.0557367768228,18.2973361607719
"act-1",0,0,0,0,0,0
"act-2",516.955838733885,397.51349170686,433.024328093904,704.862547019071,723.638220915759,681.575771988754
"act-3",0,0,0,0,0,0
"act-4",4003.6964433411,4062.26116182627,4266.71892962942,3947.81039709035,3916.46868765583,3941.24620903027
"act-5",5471.41721624989,6050.91769842004,6086.69159465002,5229.90605874644,4633.80526949249,5606.30379966052
"acy-1",92.1844327812172,123.065820720206,127.048702619238,84.1193986154447,117.630596143055,109.784016964632
"acy-2",14.4603031813674,19.6034050704753,16.9398270158985,15.4702342281278,22.0557367768228,13.7230021205789
"acy-3",116.586194399775,83.8590105792554,83.6403958909986,95.7220742865405,111.328957063963,115.273217812863
"acy-4",93.9919706788881,67.5228396871927,63.5243513096192,87.9869571724766,84.0218543878965,74.1042114511263
"add-1",46.0922163906086,41.3849662598923,50.8194810476954,36.7418062918034,54.6142053521327,43.9136067858526
"add-2",35.246989004583,33.7614198435963,42.3495675397462,52.2120405199312,51.4633858125866,45.7433404019298
"adm-2",38.8620647999249,49.0085126761882,40.2320891627588,54.1458197984471,54.6142053521327,52.1474080582
"adm-4",37.9582958510894,30.4941856651838,23.2922621468604,33.8411373740295,35.709288114856,30.1906046652737
"adr-1",190.695248204283,196.034050704753,179.985662043921,170.172576509405,195.350811451859,164.676025446947
"adr-2",64.1675953673179,90.3934789360805,77.2879607600367,81.2187296976707,54.6142053521327,80.5082791073964
"ads-1",614.562885208115,591.369386292671,617.2449468918,552.093984016309,539.840414442235,603.812093305473
"adt-1",1.80753789767093,1.08907805947085,3.17621756548096,25.1391306207076,19.9551904171254,7.31893446430877
"adt-2",160.870872892712,172.074333396394,155.634660708567,206.914382801209,227.909280027169,206.759898616723
"aex-1",39.7658337487604,35.939575962538,30.703436466316,28.0397995384816,28.3573758559151,28.3608710491965
"aex-3",64.1675953673179,75.1463861034886,66.7005688751002,48.3444819628992,61.9661176110737,57.6366089064315
"aex-5",86.7618190882044,94.7497911739639,83.6403958909986,87.0200675332186,71.418576229712,86.9123467636666
"aex-6",93.9919706788881,82.7699325197845,69.8767864405811,91.8545157295085,87.1726739274426,81.423145915435
"age-1",51.5148300836214,34.8504979030672,56.1131769901637,58.0133783554791,54.6142053521327,58.5514757144701
"ags-3",86.7618190882044,75.1463861034886,81.5229175140113,85.0862882547027,84.0218543878965,76.848811875242
"agt-1",17.1716100278738,28.3160295462421,34.9383932202906,23.2053513421916,15.7540976977306,20.1270697768491
"agt-2",26.2092995162284,33.7614198435963,20.1160445813794,18.3709031459017,23.1060099566715,21.9568033929263
"aha-1",97.60704647423,100.195181471318,101.638962095391,122.794984185764,128.133327941542,108.869150156593
"aip-1",466.344777599099,514.044844070241,463.72776456022,400.292310652806,322.433866213553,455.603670403221
"air-1",56.9374437766342,58.8102152114259,68.8180472520875,81.2187296976707,107.127864344568,102.465082500323
"air-2",26.2092995162284,34.8504979030672,33.8796540317969,23.2053513421916,35.709288114856,23.7865370090035
"ajm-1",422.963868054997,421.473209015219,383.263586234703,458.305689008285,472.622930931918,453.773936787144
"aka-1",166.293486585725,140.49106967174,133.4011377502,162.437459395341,143.887425639273,151.867890134407
"akt-1",159.967103943877,159.005396682744,159.869617462542,228.185954864884,179.596713754129,138.144888013828
"akt-2",164.485948688054,144.847381909623,106.932658037859,183.709031459017,161.742069696701,136.315154397751
"alg-1",187.983941357776,189.499582347928,177.868183666934,204.980603522693,232.110372746564,213.163966272993
"alg-2",112.971118604433,124.154898779677,137.636094504175,106.357860318378,97.6754057259297,117.10295142894
"alh-1",1073.67751121653,1024.82245396207,1048.15179660872,870.200675332186,918.989032367618,838.932862971392
"alh-3",225.03846826003,212.370221596816,206.454141756262,291.033781416653,331.886324832191,286.35331091608
"alh-4",469.959853394441,425.829521253102,405.497109193069,549.193315098535,476.824023651313,515.070012925729
"alh-5",251.247767776259,295.1401541166,261.508579557932,219.483948111563,233.160645926413,194.866630112221
"alh-6",393.139492743426,375.731930517443,409.732065947044,305.537126005523,291.97594399794,305.565513884891
"alh-7",147.31433866018,156.827240563802,125.989963430745,143.099666610182,172.244801495188,155.527357366561
"alh-8",1345.711964816,1434.31580432311,1769.1531839729,1321.73813686566,1374.80759242196,1574.48577663442
"alh-9",375.967882715553,437.809379907281,440.43550241336,740.637463671616,655.370464225593,697.12850772541
"alh-10",75.0128227533434,69.7009958061344,75.1704823830494,74.4505022228648,73.5191225894094,70.4447442189719
"alh-11",97.60704647423,77.3245422224303,77.2879607600367,78.3180607798968,107.127864344568,79.5934122993578
"alh-12",655.232487905711,618.596337779442,610.892511760838,612.041141650304,575.549702557091,534.28221589454
"aly-1",196.117861897295,163.361708920627,172.574487724466,71.5498333050909,76.6699421289556,70.4447442189719
"aly-2",150.929414455522,160.094474742215,127.048702619238,193.377927851597,160.691796516852,166.505759063024
"aly-3",194.310323999625,227.617314429408,207.512880944756,242.689299453754,253.115836343538,239.695103706112
"ama-1",564.855593022164,516.223000189183,519.840941550384,377.086959310614,407.505993781298,402.541395536982
"amt-1",28.0168374138993,21.781561189417,27.527218900835,6.76822747480589,7.35191225894095,7.31893446430877
"amt-4",288.302294678513,327.812495900726,345.148975448931,232.053513421916,261.518021782328,282.693843683926
"amx-1",28.9206063627348,25.0487953678295,29.6446972778223,29.9735788169975,42.0109271939483,33.850071897428
"amx-2",47.8997542882795,42.4740443193631,43.4083067282398,45.4438130451253,45.1617467334944,39.3392727456596
"anc-1",895.635028295944,609.883713303676,731.588779249115,667.153851088009,1080.73110206432,812.401725538273
"aos-1",84.9542811905335,93.660713114493,92.1103093989479,107.324749957636,87.1726739274426,93.3164144199368
"apc-2",20.7866858232156,32.6723417841255,32.8209148433033,36.7418062918034,29.4076490357638,33.850071897428
"ape-1",110.259811757926,126.333054898619,120.696267488277,87.9869571724766,101.876498445325,88.7420803797438
"aph-1",6.32638264184824,13.0689367136502,14.8223486389112,11.6026756710958,11.5530049783358,10.9784016964632
"aph-2",93.9919706788881,90.3934789360805,85.757874267986,70.5829436658329,78.770488488653,65.8704101787789
"apl-1",1869.89795514057,2158.55271387122,2075.12880944756,1951.18329202261,1974.51357811557,1897.43375987205
"apm-1",84.9542811905335,58.8102152114259,48.7020026707081,75.4173918621228,73.5191225894094,84.1677463395508
"apn-1",55.1299058789632,51.1866687951299,52.9369594246827,55.1127094377051,35.709288114856,58.5514757144701
"app-1",220.519623515853,203.657597121049,218.100272829693,189.510369294565,194.300538272011,213.163966272993
"1-Apr",58.7449816743051,53.3648249140716,70.9355256290748,58.9802679947371,70.3683030498633,63.1258097546631
"aps-2",45.1884474417731,53.3648249140716,60.3481337441383,69.6160540265749,49.3628394528892,57.6366089064315
"apg-1",225.942237208866,201.479441002107,205.395402567769,223.351506668594,207.954089610044,230.546435625726
"aps-1",72.301515906837,56.6320590924842,75.1704823830494,87.0200675332186,75.6196689491069,94.2312812279754
"apb-1",321.741745785425,345.237744852259,359.971324087842,368.384952557292,375.997798385837,356.798055135052
"apa-2",221.423392464688,200.390362942636,202.219185002288,259.12642332114,230.009826386867,230.546435625726
"apd-3",123.816345990458,124.154898779677,111.167614791834,113.126087793184,124.982508401996,130.825953549519
"apb-3",93.9919706788881,94.7497911739639,95.2865269644288,70.5829436658329,82.9715812080478,80.5082791073964
"apm-3",35.246989004583,38.1177320814797,45.5257851052271,21.2715720636757,32.5584685753099,38.424405937621
"aps-3",52.4185990324568,54.4539029735425,56.1131769901637,54.1458197984471,60.915844431225,71.3596110270105
"apt-9",34.3432200557476,35.939575962538,39.1733499742652,24.1722409814496,21.0054635969741,20.1270697768491
"aqp-1",262.99676411112,233.062704726762,219.159012018186,295.868229612943,281.473212199453,259.822173482961
"aqp-2",1040.23806010962,1276.39948569984,1311.77785454364,1087.75084416523,1242.47317176102,1148.15784408844
"aqp-4",180.753789767093,219.993768013112,248.803709296009,199.179265687145,183.797806473524,214.99369988907
"aqp-7",969.744082100452,1048.78217127043,1066.15036281311,1032.63813472753,974.6535108996,1018.24675734696
"aqp-8",105.740967013749,116.531352363381,101.638962095391,121.828094546506,109.228410704265,103.379949308361
"aqp-9",62.3600574696469,46.8303565572465,37.0558715972779,33.8411373740295,35.709288114856,35.6798055135052
"aqp-10",88.5693569858754,84.9480886387262,102.697701283884,109.258529236152,93.4743130065349,107.039416540516
"aqp-11",202.444244539144,252.666109797237,235.040099845591,197.245486408629,209.004362789893,207.674765424761
"arc-1",29.8243753115703,43.563122378834,52.9369594246827,42.5431441273513,52.5136589924353,42.998739977814
"ard-1",271.130684650639,250.487953678295,297.505711966717,229.152844504142,234.210919106262,282.693843683926
"arf-1.2",380.48672745973,443.254770204636,434.083067282398,470.875254318638,441.114735536457,469.3266725238
"arf-3",302.76259785988,319.099871424959,286.91832008178,400.292310652806,384.399983824627,380.584592144056
"arf-6",59.6487506231405,50.0975907356591,53.9956986131763,60.914047273253,66.1672103304685,57.6366089064315
"ark-1",129.238959683471,131.778445195973,125.989963430745,117.960535989474,112.379230243812,111.613750580709
"arl-1",50.6110611347859,44.6522004383048,39.1733499742652,59.947157633995,66.1672103304685,53.0622748662386
"arl-3",19.8829168743802,17.4252489515336,19.0573053928858,17.4040135066437,32.5584685753099,17.3824693527333
"arl-5",16.2678410790383,19.6034050704753,13.7636094504175,15.4702342281278,17.854644057428,17.3824693527333
"arl-8",117.48996334861,102.37333759026,116.461310734302,118.927425628732,120.781415682601,111.613750580709
"arr-1",50.6110611347859,56.6320590924842,46.5845242937208,43.5100337666093,54.6142053521327,42.998739977814
"aars-1",52.4185990324568,35.939575962538,42.3495675397462,29.9735788169975,33.6087417551586,37.5095391295824
"aars-2",373.256575869046,345.237744852259,363.147541653323,333.576925544005,354.992334788863,306.48038069293
"art-1",582.027203050038,641.46697702833,589.717727990965,554.027763294825,511.48303858632,610.216160961743
"arx-1",154.544490250864,167.718021158511,171.515748535972,131.496990939086,132.334420660937,149.123289710291
"arx-2",145.506800762509,124.154898779677,131.283659373213,123.761873825022,165.943162416096,133.570553973635
"arx-3",143.699262864839,163.361708920627,152.458443143086,160.503680116825,162.792342876549,172.909826719295
"exos-4.2",61.4562885208115,50.0975907356591,55.05443780167,45.4438130451253,36.7595612947047,35.6798055135052
"arx-5",70.4939780091661,89.3044008766096,63.5243513096192,79.2849504191547,67.2174835103172,82.3380127234736
"arx-6",46.0922163906086,35.939575962538,44.4670459167335,42.5431441273513,42.0109271939483,52.1474080582
"arx-7",48.803523237115,39.2068101409506,60.3481337441383,57.0464887162211,56.7147517118302,50.3176744421228
"asb-1",78.6278985486853,66.4337616277218,78.3466999485304,56.0795990769631,51.4633858125866,72.2744778350491
"asb-2",771.818682305485,871.26244757668,1002.62601150349,871.167564971444,806.609802123807,929.504676967213
"trip-4",29.8243753115703,28.3160295462421,42.3495675397462,28.0397995384816,33.6087417551586,42.998739977814
"asg-1",168.101024483396,177.519723693748,218.100272829693,180.808362541243,164.892889236247,193.951763304182
"asg-2",261.189226213449,250.487953678295,247.744970107515,282.331774663331,266.769387681571,301.906046652737
"asm-1",72.301515906837,76.2354641629595,68.8180472520875,97.6558535650564,92.4240398266862,62.2109429466245
"asm-2",38.8620647999249,33.7614198435963,31.7621756548096,31.9073580955135,35.709288114856,20.1270697768491
"asm-3",21.6904547720511,11.9798586541793,14.8223486389112,23.2053513421916,11.5530049783358,5.48920084823158
"asp-1",3826.55772936935,3658.21320176258,3975.56565279367,2921.94048983763,3014.28402616579,3797.61212016821
"asp-2",1439.70393549489,1397.2871503011,1522.46695305387,1341.07592965082,1262.42836217815,1440.00035585275
"asp-3",4040.75097024335,3752.96299293655,4046.50117842274,4120.88364251753,3840.84901870672,4218.45085186596
"asp-4",360.60381058535,360.484837684851,365.265020030311,484.41170926825,503.08085314753,485.794275068494
"asp-5",1512.00545140173,1385.30729164692,1461.06008012124,1547.02342281278,1332.79666522801,1694.33332848748
"asp-6",1427.95493916003,1360.25849627909,1526.70190980785,1170.90335314142,1236.17153268193,1580.88984429069
"atf-5",5.42261369301278,0,6.35243513096192,4.83444819628992,16.8043708775793,11.8932685045017
"atf-6",55.1299058789632,47.9194346167174,52.9369594246827,62.847826551769,57.7650248916789,61.2960761385859
"atf-7",573.893282510519,618.596337779442,546.309421262725,786.081276716742,737.291772253792,684.32037241287
"atgp-1",322.64551473426,322.367105603371,296.446972778223,373.219400753582,366.545339767199,300.991179844698
"atgp-2",204.251782436815,213.459299656286,166.222052593504,208.848162079725,266.769387681571,205.845031808684
"atl-1",139.180418120661,130.689367136502,133.4011377502,46.4107026843833,78.770488488653,56.7217420983929
"atm-1",130.142728632307,137.223835493327,102.697701283884,98.6227432043144,120.781415682601,125.336752701288
"atn-1",635.34957103133,570.676903162725,662.770731997027,651.683616859882,585.002161175729,619.364829042129
"atp-2",2787.22343820857,2569.13514229173,2877.65311432575,2547.75419944479,2605.72775920464,2826.02357003122
"atp-3",619.081729952292,570.676903162725,622.538642834268,613.008031289562,566.097243938453,667.852769868175
"atx-2",308.185211552893,303.852778592367,328.209148433033,303.603346727007,346.590149350073,311.969581541161
"avr-14",96.7032775253945,72.9682299845469,74.1117431945558,53.1789301591892,78.770488488653,84.1677463395508
"avr-15",79.5316674975207,81.6808544603137,84.6991350794923,107.324749957636,96.625132546081,99.7204820762069
"baf-1",232.268619850714,230.88454860782,281.624624139312,134.39765985686,133.384693840786,161.016558214793
"bag-1",177.138713971751,151.381850266448,143.988529635137,247.523747650044,204.803270070498,212.249099464954
"bam-2",173.523638176409,151.381850266448,140.812312069656,151.801673363504,149.138791538516,134.485420781674
"bar-1",28.9206063627348,33.7614198435963,24.351001335354,25.1391306207076,26.2568294962177,24.7014038170421
"bas-1",149.121876557851,115.44227430391,149.282225577605,134.39765985686,113.42950342366,125.336752701288
"pah-1",283.783449934335,306.030934711309,357.853845710855,166.305017952373,232.110372746564,247.928904978459
"bca-1",286.494756780842,280.982139343479,211.747837698731,351.947828689906,307.730041695671,333.926384934087
"bcc-1",24.4017616185575,17.4252489515336,11.6461310734302,10.6357860318378,17.854644057428,20.1270697768491
"bec-1",178.042482920586,156.827240563802,125.989963430745,157.603011199052,119.731142502753,134.485420781674
"ben-1",187.080172408941,190.588660407399,202.219185002288,175.007024705695,186.94862601307,175.65442714341
"bir-1",37.9582958510894,34.8504979030672,32.8209148433033,31.9073580955135,34.6590149350073,38.424405937621
"bli-3",116.586194399775,135.045679374385,109.050136414846,137.298328774634,160.691796516852,130.825953549519
"bli-4",98.5108154230655,90.3934789360805,96.3452661529225,126.662542742796,139.686332919878,123.50701908521
"bmk-1",76.8203606510143,70.7900738656052,56.1131769901637,96.6889639257985,92.4240398266862,84.1677463395508
"bpl-1",84.9542811905335,59.8992932708967,66.7005688751002,51.2451508806732,55.6644785319814,61.2960761385859
"bra-1",27.1130684650639,29.4051076057129,34.9383932202906,47.3775923236412,29.4076490357638,27.4460042411579
"F23H11.5",376.871651664388,477.016190048232,479.608852387625,475.709702514928,413.80763286039,464.752338483607
"brc-1",14.4603031813674,14.158014773121,11.6461310734302,18.3709031459017,16.8043708775793,17.3824693527333
"brd-1",15.3640721302029,19.6034050704753,21.1747837698731,24.1722409814496,26.2568294962177,14.6378689286175
"bre-1",162.678410790383,160.094474742215,181.044401232415,129.56321166057,155.440430617609,150.953023326368
"bre-3",70.4939780091661,64.2556055087801,49.7607418592017,46.4107026843833,54.6142053521327,55.8068752903543
"bre-4",14.4603031813674,19.6034050704753,16.9398270158985,12.5695653103538,8.40218543878965,21.0419365848877
"bre-5",9.03768948835463,6.5344683568251,8.46991350794923,8.70200675332186,6.30163907909224,6.40406765627017
"brf-1",43.3809095441022,52.2757468546008,75.1704823830494,33.8411373740295,44.1114735536457,43.9136067858526
"brp-1",884.789800909918,884.33138429033,792.995652181747,1131.26087793184,1069.17809708598,963.354748864641
"btf-1",41.5733716464313,35.939575962538,38.1146107857715,34.8080270132875,40.9606540140996,42.998739977814
"bub-1",93.9919706788881,95.8388692334347,89.9928310219606,94.7551846472825,98.7256789057784,100.635348884246
"byn-1",290.109832576184,234.151782786233,238.216317411072,175.007024705695,193.250265092162,203.100431384568
"cab-1",707.651086938167,781.95804670007,779.232042731329,797.683952387837,808.710348483504,676.086571140522
"cah-2",23.497992669722,28.3160295462421,22.2335229583667,39.6424752095774,26.2568294962177,21.9568033929263
"cah-3",287.398525729677,282.07121740295,299.623190343704,253.325085485592,259.417475422631,255.247839442768
"cah-4",375.064113766717,393.157179468977,357.853845710855,638.14716191027,681.62729372181,604.726960113512
"cah-5",144.603031813674,155.738162504331,156.693399897061,143.099666610182,131.284147481088,118.017818236979
"cah-6",85.858050139369,99.1061034118473,112.226353980327,77.3511711406388,97.6754057259297,84.1677463395508
"cal-1",71.3977469580016,64.2556055087801,52.9369594246827,94.7551846472825,89.27322028714,78.6785454913192
"cal-2",89.4731259347108,99.1061034118473,84.6991350794923,135.364549496118,148.088518358668,118.932685045017
"cal-3",28.0168374138993,26.1378734273004,24.351001335354,29.0066891777395,19.9551904171254,25.6162706250807
"cal-4",67.7826711626597,72.9682299845469,71.9942648175684,72.5167229443488,65.1169371506198,66.7852769868175
"cam-1",131.046497581142,144.847381909623,135.518616127188,133.430770217602,140.736606099727,113.443484196786
"cap-1",282.8796809855,276.625827105596,293.270755212742,333.576925544005,317.182500314309,307.395247500968
"cap-2",213.289471925169,190.588660407399,231.86388228011,222.384617029336,234.210919106262,204.930165000645
"cas-1",131.950266529978,154.649084444861,143.988529635137,146.967225167214,132.334420660937,138.144888013828
"cat-1",57.8412127254696,83.8590105792554,67.7593080635938,51.2451508806732,43.061200373797,49.4028076340842
"cat-4",151.833183404358,156.827240563802,173.633226912959,120.861204907248,116.580322963206,120.762418661095
"cav-1",26.2092995162284,42.4740443193631,43.4083067282398,53.1789301591892,37.8098344745534,44.8284735938912
"cav-2",40.6696026975958,45.7412784977757,32.8209148433033,68.6491643873169,28.3573758559151,42.0838731697754
"cbp-1",339.817124762134,384.44455499321,333.502844375501,323.908029151425,436.913642817062,360.457522367207
"cca-1",99.4145843719009,91.4825569955513,97.4040053414162,72.5167229443488,99.7759520856271,76.848811875242
"ccb-1",73.2052848556725,56.6320590924842,75.1704823830494,74.4505022228648,66.1672103304685,75.9339450672035
"ccf-1",111.163580706762,99.1061034118473,111.167614791834,113.126087793184,110.278683884114,90.571813995821
"ccg-1",799.835519719385,937.696209204401,824.757827836556,872.134454610702,804.509255764109,765.743518328305
"cox-5B",488.03523237115,492.263282880824,484.902548330093,567.564218244437,476.824023651313,508.665945269459
"cyp-14A5",182.561327664763,175.341567574807,211.747837698731,42.5431441273513,55.6644785319814,74.1042114511263
"cyp-44A1",37.054526902254,53.3648249140716,31.7621756548096,58.0133783554791,35.709288114856,40.2541395536982
"ccr-4",109.356042809091,101.284259530789,104.815179660872,106.357860318378,118.680869322904,104.2948161164
"cct-1",914.614176221488,851.659042506204,820.522871082582,1154.46622927403,986.206515877935,1107.90370453474
"cct-2",1192.07124351398,936.60713114493,925.338050743453,1345.91037784711,1166.85350281191,1273.49459678973
"cct-4",1020.35514323524,885.420462349801,863.931177810822,1277.2612134598,1094.38465340235,1241.47425850837
"cct-5",944.438551533059,852.748120565675,896.752092654125,1129.32709865333,1022.96607717264,1014.5872901148
"cct-6",901.057641988956,796.116061473191,790.878173804759,1174.77091169845,1076.53000934492,1124.37130707943
"cdc-6",46.0922163906086,40.2958882004214,35.9971324087842,26.1060202599656,44.1114735536457,42.998739977814
"cdc-14",123.816345990458,117.620430422852,102.697701283884,155.669231920536,149.138791538516,157.357090982638
"cdc-25.1",9.03768948835463,11.9798586541793,8.46991350794923,8.70200675332186,12.6032781581845,10.0635348884246
"cdc-25.2",8.13392053951917,11.9798586541793,7.41117431945558,13.5364549496118,19.9551904171254,12.8081353125403
"cdc-42",198.829168743802,234.151782786233,205.395402567769,211.748830997499,205.853543250346,238.780236898074
"cdd-1",190.695248204283,234.151782786233,219.159012018186,230.1197341434,192.199991912313,197.611230536337
"cdd-2",15.3640721302029,17.4252489515336,14.8223486389112,23.2053513421916,23.1060099566715,22.8716702009649
"cdf-1",112.971118604433,120.887664601264,117.520049922796,102.490301761346,123.932235222147,107.039416540516
"cdh-3",11.748996334861,8.71262447576679,11.6461310734302,19.3377927851597,13.6535513380332,19.2122029688105
"cdh-4",232.268619850714,202.568519061578,223.393968772161,198.212376047887,279.372665839756,239.695103706112
"cdh-7",0.903768948835463,0,0,41.5762544880933,55.6644785319814,23.7865370090035
"cdh-10",6.32638264184824,1.08907805947085,0,39.6424752095774,40.9606540140996,29.2757378572351
"casy-1",1559.00143674117,1677.18021158511,1746.91966101453,1691.08997906222,1801.21850344053,1544.29517196915
"cdk-1",55.1299058789632,72.9682299845469,69.8767864405811,108.291639596894,79.8207616685017,91.4866808038596
"cdk-4",25.305530567393,26.1378734273004,24.351001335354,23.2053513421916,14.7038245178819,22.8716702009649
"cdk-5",42.4771405952668,49.0085126761882,49.7607418592017,56.0795990769631,45.1617467334944,54.8920084823158
"cdk-7",52.4185990324568,42.4740443193631,56.1131769901637,35.7749166525454,27.3071026760664,35.6798055135052
"cdk-8",45.1884474417731,38.1177320814797,37.0558715972779,30.9404684562555,26.2568294962177,35.6798055135052
"cdk-9",75.9165917021789,55.5429810330133,65.6418296866065,58.0133783554791,53.563932172284,52.1474080582
"cdl-1",63.2638264184824,70.7900738656052,69.8767864405811,84.1193986154447,77.7202153088043,88.7420803797438
"cdr-1",95.7995085765591,108.907805947085,106.932658037859,48.3444819628992,66.1672103304685,66.7852769868175
"cdt-1",42.4771405952668,45.7412784977757,39.1733499742652,62.847826551769,53.563932172284,50.3176744421228
"cec-1",228.653544055372,234.151782786233,267.861014688894,242.689299453754,221.607640948077,266.226241139231
"ced-1",166.293486585725,174.252489515336,131.283659373213,203.046824244177,175.395621034734,132.655687165596
"ced-2",27.1130684650639,21.781561189417,16.9398270158985,17.4040135066437,32.5584685753099,19.2122029688105
"ced-3",4.51884474417731,7.62354641629595,8.46991350794923,10.6357860318378,10.5027317984871,10.0635348884246
"ced-4",45.1884474417731,40.2958882004214,40.2320891627588,39.6424752095774,45.1617467334944,41.1690063617368
"ced-5",79.5316674975207,66.4337616277218,57.1719161786573,54.1458197984471,87.1726739274426,63.1258097546631
"ced-6",43.3809095441022,34.8504979030672,34.9383932202906,41.5762544880933,43.061200373797,52.1474080582
"ced-7",230.461081953043,234.151782786233,182.103140420908,204.013713883435,207.954089610044,202.18556457653
"ced-9",26.2092995162284,26.1378734273004,20.1160445813794,35.7749166525454,35.709288114856,25.6162706250807
"ced-10",98.5108154230655,94.7497911739639,94.2277877759352,104.424081039862,103.977044805022,107.039416540516
"ced-11",40.6696026975958,37.0286540220089,37.0558715972779,47.3775923236412,48.3125662730405,53.0622748662386
"ced-12",46.0922163906086,30.4941856651838,44.4670459167335,47.3775923236412,45.1617467334944,37.5095391295824
"ceh-13",27.1130684650639,45.7412784977757,44.4670459167335,18.3709031459017,27.3071026760664,25.6162706250807
"ceh-16",5.42261369301278,5.44539029735425,8.46991350794923,2.90066891777395,5.25136589924353,5.48920084823158
"ceh-18",91.2806638323817,112.175040125497,107.991397226353,79.2849504191547,97.6754057259297,93.3164144199368
"ceh-20",152.736952353193,205.835753239991,175.750705289947,192.411038212339,175.395621034734,188.462562455951
"ceh-23",31.6319132092412,49.0085126761882,40.2320891627588,45.4438130451253,34.6590149350073,42.0838731697754
"pros-1",65.0713643161533,84.9480886387262,60.3481337441383,88.9538468117346,79.8207616685017,73.1893446430877
"ceh-27",16.2678410790383,14.158014773121,15.8810878274048,13.5364549496118,13.6535513380332,9.14866808038596
"ceh-32",56.0336748277987,55.5429810330133,50.8194810476954,56.0795990769631,50.4131126327379,54.8920084823158
"ceh-34",21.6904547720511,13.0689367136502,11.6461310734302,13.5364549496118,17.854644057428,15.5527357366561
"ceh-37",36.1507579534185,37.0286540220089,42.3495675397462,34.8080270132875,28.3573758559151,47.573074018007
"ceh-38",157.255797097371,167.718021158511,149.282225577605,189.510369294565,233.160645926413,169.25035948714
"ceh-39",3.61507579534185,2.1781561189417,0,1.93377927851597,6.30163907909224,2.74460042411579
"ceh-43",10.8452273860256,21.781561189417,14.8223486389112,20.3046824244177,25.206556316369,17.3824693527333
"ceh-44",91.2806638323817,98.0170253523765,80.4641783255177,122.794984185764,130.23387430124,128.081353125403
"cel-1",125.623883888129,121.976742660735,119.637528299783,99.5896328435724,106.077591164719,76.848811875242
"cey-1",180.753789767093,188.410504288457,170.457009347478,197.245486408629,177.496167394431,215.908566697109
"cey-4",979.685540537642,1136.99749408757,1156.14319383507,1286.93010985238,1111.18902427993,1263.4310619013
"cfi-1",68.6864401114952,75.1463861034886,70.9355256290748,68.6491643873169,68.2677566901659,82.3380127234736
"cft-1",148.218107609016,127.422132958089,122.813745865264,139.23210805315,117.630596143055,118.932685045017
"cfz-2",57.8412127254696,52.2757468546008,55.05443780167,56.0795990769631,44.1114735536457,48.4879408260456
"cgh-1",281.072143087829,277.714905165067,286.91832008178,320.040470594393,285.674304918848,313.799315157238
"cgp-1",181.657558715928,159.005396682744,156.693399897061,138.265218413892,117.630596143055,127.166486317365
"cha-1",56.0336748277987,43.563122378834,56.1131769901637,51.2451508806732,49.3628394528892,40.2541395536982
"chd-3",300.955059962209,279.893061284008,255.156144426971,300.702677809233,308.78031487552,282.693843683926
"che-3",69.5902090603306,41.3849662598923,57.1719161786573,44.4769234058673,49.3628394528892,34.7649387054666
"che-11",22.5942237208866,18.5143270110044,24.351001335354,16.4371238673857,28.3573758559151,21.0419365848877
"che-12",33.4394511069121,29.4051076057129,26.4684797123413,17.4040135066437,30.4579222156125,22.8716702009649
"chs-2",1.80753789767093,2.1781561189417,4.23495675397461,19.3377927851597,21.0054635969741,9.14866808038596
"chk-1",32.5356821580767,30.4941856651838,27.527218900835,23.2053513421916,27.3071026760664,31.1054714733123
"chn-1",54.2261369301278,50.0975907356591,52.9369594246827,59.947157633995,44.1114735536457,42.0838731697754
"cho-1",85.858050139369,93.660713114493,87.8753526449733,101.523412122088,86.1224007475939,85.0826131475894
"chp-1",248.536460929752,222.171924132053,215.982794452705,355.815387246938,260.467748602479,331.181784509972
"cic-1",46.0922163906086,39.2068101409506,33.8796540317969,39.6424752095774,31.5081953954612,27.4460042411579
"cit-1.1",15.3640721302029,21.781561189417,23.2922621468604,13.5364549496118,13.6535513380332,16.4676025446947
"cit-1.2",80.4354364463562,100.195181471318,110.10887560334,121.828094546506,100.826225265476,91.4866808038596
"cka-1",167.197255534561,157.916318623273,124.931224242251,175.973914344953,150.189064718365,137.230021205789
"cka-2",68.6864401114952,77.3245422224303,71.9942648175684,77.3511711406388,81.9213080281991,73.1893446430877
"ckb-1",29.8243753115703,27.2269514867712,26.4684797123413,30.9404684562555,23.1060099566715,20.1270697768491
"ckb-2",16.2678410790383,14.158014773121,16.9398270158985,47.3775923236412,34.6590149350073,43.9136067858526
"ckb-4",24.4017616185575,20.6924831299461,27.527218900835,29.0066891777395,25.206556316369,38.424405937621
"ckc-1",79.5316674975207,74.0573080440178,79.405439137024,59.947157633995,71.418576229712,64.0406765627017
"cki-1",14.4603031813674,13.0689367136502,21.1747837698731,28.0397995384816,26.2568294962177,16.4676025446947
"ckk-1",41.5733716464313,46.8303565572465,46.5845242937208,48.3444819628992,43.061200373797,36.5946723215438
"cku-70",83.1467432928626,75.1463861034886,77.2879607600367,64.781605830285,81.9213080281991,65.8704101787789
"cku-80",103.029660167243,92.5716350550222,96.3452661529225,77.3511711406388,91.3737666468375,81.423145915435
"clc-1",67.7826711626597,76.2354641629595,74.1117431945558,94.7551846472825,88.2229471072913,97.8907484601298
"clc-2",20.7866858232156,18.5143270110044,29.6446972778223,31.9073580955135,31.5081953954612,30.1906046652737
"clc-5",40.6696026975958,46.8303565572465,52.9369594246827,52.2120405199312,56.7147517118302,49.4028076340842
"cle-1",97.60704647423,76.2354641629595,114.343832357315,91.8545157295085,101.876498445325,93.3164144199368
"clh-1",121.105039143952,124.154898779677,136.577355315681,146.967225167214,149.138791538516,143.63408886206
"clh-2",34.3432200557476,28.3160295462421,29.6446972778223,35.7749166525454,34.6590149350073,33.850071897428
"clh-3",19.8829168743802,20.6924831299461,29.6446972778223,25.1391306207076,30.4579222156125,32.9352050893894
"clh-4",26.2092995162284,23.9597173083587,17.9985662043921,32.8742477347715,31.5081953954612,27.4460042411579
"clh-5",139.180418120661,170.985255336923,147.164747200618,151.801673363504,175.395621034734,135.400287589712
"clh-6",60.552519571976,50.0975907356591,58.230655367151,63.814716191027,63.0163907909224,55.8068752903543
"cpi-2",157.255797097371,155.738162504331,127.048702619238,203.046824244177,184.848079653372,178.399027567526
"cpi-1",61.4562885208115,72.9682299845469,56.1131769901637,123.761873825022,89.27322028714,80.5082791073964
"clk-1",56.0336748277987,62.0774493898384,63.5243513096192,87.0200675332186,66.1672103304685,87.8272135717052
"clk-2",18.9791479255447,15.2470928325919,16.9398270158985,20.3046824244177,22.0557367768228,21.0419365848877
"cln-3.1",39.7658337487604,26.1378734273004,32.8209148433033,36.7418062918034,50.4131126327379,29.2757378572351
"cln-3.2",28.0168374138993,31.5832637246546,28.5859580893287,32.8742477347715,28.3573758559151,33.850071897428
"cln-3.3",67.7826711626597,76.2354641629595,78.3466999485304,60.914047273253,64.0666639707711,60.3812093305473
"clp-1",461.825932854922,480.283424226645,501.842375345992,485.378598907508,530.387955823597,492.198342724765
"clp-2",51.5148300836214,52.2757468546008,67.7593080635938,38.6755855703194,43.061200373797,36.5946723215438
"clp-4",103.029660167243,91.4825569955513,106.932658037859,93.7882950080245,114.479776603509,107.954283348554
"clp-7",92.1844327812172,91.4825569955513,99.5214837184035,73.4836125836068,92.4240398266862,69.5298774109333
"clr-1",118.393732297446,115.44227430391,122.813745865264,124.72876346428,138.636059740029,122.592152277172
"cls-2",231.364850901878,222.171924132053,193.749271494339,217.550168833047,239.462285005505,253.418105826691
"clu-1",807.969440258904,688.297333585577,796.171869747228,730.968567279036,674.27538146287,724.574511966568
"cmd-1",844.120198212322,885.420462349801,915.809398047011,927.247164048407,808.710348483504,871.868068060782
"cmk-1",97.60704647423,88.2153228171388,111.167614791834,81.2187296976707,81.9213080281991,58.5514757144701
"cnb-1",180.753789767093,160.094474742215,135.518616127188,150.834783724246,180.646986933978,169.25035948714
"cnc-3",18.9791479255447,19.6034050704753,24.351001335354,15.4702342281278,17.854644057428,15.5527357366561
"cnc-4",9.03768948835463,16.3361708920627,22.2335229583667,20.3046824244177,25.206556316369,13.7230021205789
"cnk-1",64.1675953673179,55.5429810330133,50.8194810476954,62.847826551769,47.2622930931918,47.573074018007
"cnt-1",48.803523237115,46.8303565572465,46.5845242937208,42.5431441273513,48.3125662730405,42.0838731697754
"cnt-2",74.109053804508,81.6808544603137,95.2865269644288,63.814716191027,76.6699421289556,82.3380127234736
"cnx-1",406.696026975958,396.424413647389,352.560149768387,569.497997522953,512.533311766169,497.687543572996
"cof-2",39.7658337487604,45.7412784977757,30.703436466316,42.5431441273513,32.5584685753099,40.2541395536982
"cogc-2",39.7658337487604,34.8504979030672,39.1733499742652,42.5431441273513,52.5136589924353,44.8284735938912
"coh-1",61.4562885208115,59.8992932708967,62.4656121211256,54.1458197984471,66.1672103304685,38.424405937621
"col-10",530.512372966417,475.927111988761,480.667591576119,482.477929989734,549.292873060873,735.552913663031
"col-14",5.42261369301278,2.1781561189417,0,77.3511711406388,70.3683030498633,62.2109429466245
"col-17",0,1.08907805947085,0,175.007024705695,141.786879279575,98.8056152681684
"col-34",6.32638264184824,7.62354641629595,10.5873918849365,12.5695653103538,12.6032781581845,10.9784016964632
"col-39",165.38971763689,168.807099217982,147.164747200618,192.411038212339,213.205455509287,210.419365848877
"col-41",0,1.08907805947085,1.05873918849365,227.219065225626,143.887425639273,94.2312812279754
"col-48",0.903768948835463,0,0,16.4371238673857,13.6535513380332,10.9784016964632
"col-73",0,3.26723417841255,1.05873918849365,119.89431526799,79.8207616685017,53.0622748662386
"col-76",5.42261369301278,3.26723417841255,4.23495675397461,6.76822747480589,1.05027317984871,9.14866808038596
"col-80",93.9919706788881,119.798586541793,112.226353980327,151.801673363504,161.742069696701,178.399027567526
"col-90",0,2.1781561189417,0,225.28528594711,159.641523337003,111.613750580709
"col-91",18.0753789767093,21.781561189417,12.7048702619238,22.2384617029336,12.6032781581845,21.0419365848877
"col-93",6.32638264184824,1.08907805947085,11.6461310734302,23.2053513421916,29.4076490357638,36.5946723215438
"col-94",47.8997542882795,56.6320590924842,53.9956986131763,35.7749166525454,38.8601076544021,38.424405937621
"col-97",2.71130684650639,2.1781561189417,5.29369594246827,31.9073580955135,32.5584685753099,34.7649387054666
"col-98",306.377673655222,309.298168889721,387.498542988677,364.51739400026,378.098344745534,436.39146743441
"col-99",11.748996334861,13.0689367136502,20.1160445813794,19.3377927851597,21.0054635969741,18.2973361607719
"col-103",577.508358305861,706.811660596581,790.878173804759,575.299335358501,720.487401376213,814.23145915435
"col-104",2.71130684650639,1.08907805947085,0,31.9073580955135,36.7595612947047,30.1906046652737
"col-107",305.473904706386,343.059588733318,391.733499742652,317.139801676619,343.439329810527,292.757378572351
"col-109",0,2.1781561189417,0,25.1391306207076,31.5081953954612,14.6378689286175
"col-111",0,0,0,14.5033445888698,9.45245861863836,3.65946723215438
"col-118",18.0753789767093,8.71262447576679,20.1160445813794,6.76822747480589,23.1060099566715,17.3824693527333
"col-125",9.03768948835463,7.62354641629595,9.52865269644288,81.2187296976707,70.3683030498633,58.5514757144701
"col-142",9.03768948835463,21.781561189417,22.2335229583667,13.5364549496118,18.9049172372767,13.7230021205789
"col-144",247.632691980917,239.597173083587,297.505711966717,282.331774663331,330.836051652343,385.158926184249
"col-147",157.255797097371,219.993768013112,250.921187672996,191.444148573081,196.401084631708,264.396507523154
"col-149",6.32638264184824,6.5344683568251,1.05873918849365,73.4836125836068,102.926771625173,75.0190782591649
"col-155",15.3640721302029,22.8706392488878,22.2335229583667,18.3709031459017,18.9049172372767,27.4460042411579
"col-160",375.064113766717,413.849662598923,435.141806470892,428.332110191287,415.908179220088,468.411805715761
"col-166",532.319910864088,645.823289266214,717.825169798697,638.14716191027,615.460083391342,729.148846006761
"col-167",162.678410790383,153.56000638539,202.219185002288,224.318396307852,225.808733667472,215.908566697109
"col-168",19.8829168743802,27.2269514867712,19.0573053928858,15.4702342281278,14.7038245178819,21.0419365848877
"col-169",22.5942237208866,29.4051076057129,32.8209148433033,28.0397995384816,30.4579222156125,37.5095391295824
"col-170",10.8452273860256,10.8907805947085,6.35243513096192,13.5364549496118,13.6535513380332,21.0419365848877
"col-173",0,0,0,20.3046824244177,21.0054635969741,17.3824693527333
"col-176",18.0753789767093,17.4252489515336,21.1747837698731,26.1060202599656,37.8098344745534,43.9136067858526
"col-180",3.61507579534185,1.08907805947085,2.11747837698731,29.0066891777395,23.1060099566715,16.4676025446947
"coq-1",137.37288022299,162.272630861157,136.577355315681,146.000335527956,135.485240200483,138.144888013828
"coq-2",43.3809095441022,54.4539029735425,44.4670459167335,40.6093648488354,38.8601076544021,51.2325412501614
"coq-3",54.2261369301278,41.3849662598923,37.0558715972779,37.7086959310614,43.061200373797,40.2541395536982
"coq-4",39.7658337487604,34.8504979030672,37.0558715972779,23.2053513421916,24.1562831365203,26.5311374331193
"coq-5",133.757804427648,128.51121101756,125.989963430745,123.761873825022,130.23387430124,119.847551853056
"coq-6",92.1844327812172,99.1061034118473,101.638962095391,81.2187296976707,117.630596143055,96.9758816520912
"coq-8",236.787464594891,284.249373521892,243.51001335354,210.781941358241,218.456821408531,209.504499040838
"cor-1",151.833183404358,142.669225790681,141.87105125815,201.113044965661,157.540976977306,161.931425022831
"cpf-1",36.1507579534185,40.2958882004214,31.7621756548096,37.7086959310614,45.1617467334944,42.998739977814
"cpf-2",72.301515906837,80.5917764008429,84.6991350794923,53.1789301591892,55.6644785319814,64.9555433707403
"cpin-1",18.9791479255447,25.0487953678295,17.9985662043921,6.76822747480589,18.9049172372767,13.7230021205789
"cpl-1",1173.09209558843,1099.96884006556,1008.97844663445,1900.9050307812,1593.26441383049,1524.1681021923
"cpn-1",52.4185990324568,63.1665274493093,57.1719161786573,61.880936912511,69.3180298700146,63.1258097546631
"cpn-3",660.655101598723,633.843430612034,626.773599588243,649.749837581366,613.359537031645,578.195822680393
"cpn-4",93.9919706788881,96.9279472929056,123.872485053757,133.430770217602,124.982508401996,143.63408886206
"cpr-1",627.215650491811,683.941021347693,769.703390034886,641.047830828044,705.783576858331,730.978579622838
"cpr-3",71.3977469580016,102.37333759026,127.048702619238,58.9802679947371,58.8152980715276,88.7420803797438
"cpr-4",848.6390429565,885.420462349801,802.52430487819,1151.56556035626,1221.46770816405,1241.47425850837
"cpr-5",2320.87866060947,2323.00350085132,2532.50413887682,2249.95219055333,2124.70264283393,2621.09340503058
"cpr-6",340.72089371097,331.079730079138,310.210582228641,547.259535820019,498.879760428136,493.113209532803
"cps-6",18.0753789767093,7.62354641629595,16.9398270158985,7.73511711406388,12.6032781581845,19.2122029688105
"cpz-1",80.4354364463562,100.195181471318,96.3452661529225,333.576925544005,255.216382703236,186.632828839874
"cpz-2",743.801844891586,665.426694336689,689.239211709369,769.644152849356,652.219644686047,812.401725538273
"crb-1",7.2301515906837,6.5344683568251,5.29369594246827,17.4040135066437,21.0054635969741,13.7230021205789
"crh-1",165.38971763689,156.827240563802,148.223486389112,162.437459395341,169.093981955642,152.782756942446
"crn-1",59.6487506231405,63.1665274493093,69.8767864405811,79.2849504191547,77.7202153088043,103.379949308361
"crn-2",49.7072921859505,58.8102152114259,59.2893945556446,47.3775923236412,44.1114735536457,40.2541395536982
"crn-3",220.519623515853,219.993768013112,213.865316075718,152.768563002762,137.585786560181,151.867890134407
"crn-5",54.2261369301278,51.1866687951299,37.0558715972779,24.1722409814496,35.709288114856,28.3608710491965
"crn-6",128.335190734636,154.649084444861,140.812312069656,116.993646350216,116.580322963206,112.528617388747
"cars-1",183.465096613599,205.835753239991,214.924055264212,171.139466148663,170.14425513549,216.823433505147
"crt-1",2562.18496994854,2734.6750073313,2921.06142105399,3004.12610917456,2644.58786685904,3102.31334605888
"csb-1",18.9791479255447,15.2470928325919,27.527218900835,5.80133783554791,8.40218543878965,12.8081353125403
"csc-1",10.8452273860256,11.9798586541793,20.1160445813794,10.6357860318378,9.45245861863836,16.4676025446947
"csk-1",66.8789022138242,45.7412784977757,78.3466999485304,73.4836125836068,60.915844431225,66.7852769868175
"csn-1",138.276649171826,138.312913552798,156.693399897061,116.993646350216,127.083054761693,129.911086741481
"csn-2",195.21409294846,178.608801753219,163.045835028023,128.596322021312,133.384693840786,134.485420781674
"csn-3",98.5108154230655,125.243976839148,116.461310734302,99.5896328435724,91.3737666468375,100.635348884246
"csn-4",115.682425450939,92.5716350550222,118.578789111289,137.298328774634,113.42950342366,124.421885893249
"csn-5",67.7826711626597,64.2556055087801,73.0530040060621,49.3113716021572,58.8152980715276,57.6366089064315
"csn-6",90.3768948835463,83.8590105792554,100.580222906897,73.4836125836068,82.9715812080478,113.443484196786
"csq-1",645.29102946852,677.406552990868,742.176171134051,557.895321851857,547.192326701176,541.601150358849
"ctb-1",253.05530567393,119.798586541793,154.575921520073,125.695653103538,257.316929062933,171.994959911256
"ctl-2",148.218107609016,130.689367136502,103.756440472378,128.596322021312,115.530049783358,104.2948161164
"ctn-1",73.2052848556725,65.344683568251,83.6403958909986,82.1856193369287,58.8152980715276,63.1258097546631
"cts-1",2789.93474505507,2691.11188495247,2794.01271843475,2861.99333220363,2996.42938210836,2993.44419590229
"cua-1",184.368865562434,155.738162504331,165.16331340501,144.06655624944,177.496167394431,149.123289710291
"cuc-1",139.180418120661,86.0371666981971,104.815179660872,138.265218413892,134.434967020634,119.847551853056
"cul-1",104.837198064914,129.600289077031,156.693399897061,95.7220742865405,124.982508401996,110.69888377267
"cul-2",203.348013487979,187.321426228986,186.338097174883,175.007024705695,193.250265092162,195.78149692026
"cul-3",130.142728632307,120.887664601264,142.929790446643,139.23210805315,130.23387430124,139.059754821867
"cul-4",133.757804427648,135.045679374385,105.873918849365,110.22541887541,128.133327941542,124.421885893249
"cul-5",68.6864401114952,65.344683568251,70.9355256290748,72.5167229443488,72.4688494095607,65.8704101787789
"cul-6",18.9791479255447,14.158014773121,17.9985662043921,13.5364549496118,13.6535513380332,10.0635348884246
"cup-2",129.238959683471,130.689367136502,105.873918849365,153.73545264202,111.328957063963,135.400287589712
"cup-4",56.9374437766342,79.502698341372,64.5830904981129,94.7551846472825,78.770488488653,77.7636786832806
"cup-5",91.2806638323817,60.9883713303676,68.8180472520875,60.914047273253,70.3683030498633,74.1042114511263
"cux-7",38.8620647999249,51.1866687951299,49.7607418592017,37.7086959310614,50.4131126327379,41.1690063617368
"cwn-1",55.1299058789632,71.8791519250761,73.0530040060621,60.914047273253,73.5191225894094,64.9555433707403
"cwn-2",97.60704647423,90.3934789360805,88.9340918334669,96.6889639257985,88.2229471072913,91.4866808038596
"cya-1",35.246989004583,50.0975907356591,38.1146107857715,53.1789301591892,47.2622930931918,47.573074018007
"cyb-1",21.6904547720511,33.7614198435963,19.0573053928858,27.0729098992236,28.3573758559151,27.4460042411579
"cyb-3",80.4354364463562,66.4337616277218,81.5229175140113,90.8876260902505,80.8710348483504,92.4015476118982
"cyc-1",495.265383961834,473.748955869819,544.191942885738,554.994652934083,529.337682643748,528.793015046308
"cyd-1",9.94145843719009,20.6924831299461,27.527218900835,25.1391306207076,13.6535513380332,21.9568033929263
"cye-1",20.7866858232156,23.9597173083587,22.2335229583667,22.2384617029336,21.0054635969741,22.8716702009649
"cyk-1",52.4185990324568,52.2757468546008,39.1733499742652,45.4438130451253,55.6644785319814,45.7433404019298
"cyk-3",89.4731259347108,82.7699325197845,80.4641783255177,65.748495469543,85.0721275677452,81.423145915435
"cyk-4",37.9582958510894,59.8992932708967,50.8194810476954,70.5829436658329,56.7147517118302,54.8920084823158
"cyl-1",75.9165917021789,88.2153228171388,62.4656121211256,72.5167229443488,67.2174835103172,63.1258097546631
"cyn-1",274.745760445981,238.508095024116,267.861014688894,280.397995384816,241.562831365202,301.906046652737
"cyn-3",166.293486585725,170.985255336923,148.223486389112,192.411038212339,191.149718732465,213.163966272993
"cyn-4",77.7241295998498,121.976742660735,87.8753526449733,77.3511711406388,91.3737666468375,88.7420803797438
"cyn-5",420.25256120849,385.533633052681,435.141806470892,551.127094377051,561.896151219058,554.409285671389
"cyn-6",27.1130684650639,17.4252489515336,27.527218900835,52.2120405199312,52.5136589924353,42.998739977814
"cyn-7",582.027203050038,591.369386292671,556.896813147662,694.226760987233,671.124561923323,676.086571140522
"cyn-8",55.1299058789632,64.2556055087801,82.581656702505,51.2451508806732,48.3125662730405,64.9555433707403
"cyn-10",35.246989004583,33.7614198435963,31.7621756548096,19.3377927851597,16.8043708775793,27.4460042411579
"cyn-11",55.1299058789632,59.8992932708967,47.6432634822144,55.1127094377051,34.6590149350073,45.7433404019298
"cyn-12",84.050512241698,69.7009958061344,63.5243513096192,56.0795990769631,47.2622930931918,63.1258097546631
"cyn-13",62.3600574696469,62.0774493898384,78.3466999485304,70.5829436658329,53.563932172284,53.9771416742772
"sig-7",42.4771405952668,40.2958882004214,56.1131769901637,42.5431441273513,46.2120199133431,36.5946723215438
"cyn-15",110.259811757926,141.58014773121,118.578789111289,114.092977432442,90.3234934669888,104.2948161164
"cyn-16",73.2052848556725,55.5429810330133,71.9942648175684,66.7153851088009,75.6196689491069,79.5934122993578
"dab-1",173.523638176409,175.341567574807,171.515748535972,242.689299453754,197.451357811557,211.334232656916
"dad-1",159.967103943877,176.430645634278,152.458443143086,172.106355787921,137.585786560181,192.122029688105
"daf-1",56.9374437766342,53.3648249140716,61.4068729326319,51.2451508806732,40.9606540140996,44.8284735938912
"daf-2",272.93822254831,263.556890391946,253.038666049983,218.517058472305,289.875397638243,229.631568817688
"daf-3",167.197255534561,130.689367136502,122.813745865264,155.669231920536,149.138791538516,134.485420781674
"daf-4",122.008808092787,136.134757433856,161.987095839529,159.536790477567,149.138791538516,137.230021205789
"daf-5",337.105817915628,321.278027543901,305.975625474666,260.093312960398,365.49506658735,336.670985358203
"daf-7",137.37288022299,157.916318623273,150.340964766099,197.245486408629,170.14425513549,169.25035948714
"daf-8",52.4185990324568,43.563122378834,46.5845242937208,44.4769234058673,45.1617467334944,34.7649387054666
"daf-12",90.3768948835463,81.6808544603137,73.0530040060621,72.5167229443488,85.0721275677452,93.3164144199368
"daf-14",131.950266529978,121.976742660735,103.756440472378,147.934114806472,144.937698819121,147.293556094214
"daf-15",244.92138513441,198.212206823695,184.220618797896,246.556858010786,259.417475422631,225.057234777495
"daf-16",292.82113942269,263.556890391946,280.565884950818,200.146155326403,257.316929062933,255.247839442768
"daf-18",31.6319132092412,44.6522004383048,40.2320891627588,44.4769234058673,57.7650248916789,30.1906046652737
"daf-19",48.803523237115,50.0975907356591,61.4068729326319,60.914047273253,54.6142053521327,56.7217420983929
"hsp-90",7764.27903944546,6529.02296652774,6387.37352418221,12126.7298555736,9830.55696338389,10647.2199119532
"daf-25",53.3223679812923,63.1665274493093,51.878220236189,66.7153851088009,61.9661176110737,62.2109429466245
"daf-28",32.5356821580767,26.1378734273004,43.4083067282398,28.0397995384816,26.2568294962177,32.0203382813509
"daf-31",144.603031813674,135.045679374385,152.458443143086,149.867894084988,138.636059740029,134.485420781674
"dao-2",1.80753789767093,3.26723417841255,0,204.980603522693,154.39015743776,111.613750580709
"dao-3",21.6904547720511,26.1378734273004,27.527218900835,30.9404684562555,29.4076490357638,32.9352050893894
"dao-5",245.825154083246,178.608801753219,218.100272829693,165.338128313115,182.747533293675,204.015298192607
"dap-3",217.808316669347,254.844265916179,282.683363327806,241.722409814496,225.808733667472,247.928904978459
"dat-1",36.1507579534185,32.6723417841255,32.8209148433033,29.9735788169975,31.5081953954612,25.6162706250807
"daz-1",13.5565342325319,17.4252489515336,20.1160445813794,23.2053513421916,19.9551904171254,14.6378689286175
"dbl-1",18.9791479255447,16.3361708920627,24.351001335354,27.0729098992236,19.9551904171254,17.3824693527333
"dbr-1",48.803523237115,58.8102152114259,48.7020026707081,29.9735788169975,39.9103808342508,28.3608710491965
"dcp-66",245.825154083246,221.082846072582,248.803709296009,229.152844504142,249.965016803992,212.249099464954
"dcr-1",149.121876557851,147.025538028565,173.633226912959,161.470569756083,193.250265092162,172.909826719295
"dcs-1",82.2429743440271,70.7900738656052,71.9942648175684,57.0464887162211,64.0666639707711,67.7001437948561
"ddp-1",130.142728632307,104.551493709202,91.0515702104542,123.761873825022,78.770488488653,114.358351004824
"deb-1",1029.39283272359,995.417346356356,1024.85953446186,1029.73746580975,1083.88192160387,947.802013127985
"deg-3",28.9206063627348,25.0487953678295,31.7621756548096,18.3709031459017,30.4579222156125,17.3824693527333
"del-2",17.1716100278738,13.0689367136502,8.46991350794923,7.73511711406388,14.7038245178819,8.23380127234736
"des-2",43.3809095441022,41.3849662598923,45.5257851052271,29.0066891777395,33.6087417551586,36.5946723215438
"dgk-1",60.552519571976,55.5429810330133,74.1117431945558,65.748495469543,74.5693957692582,70.4447442189719
"dgk-2",83.1467432928626,75.1463861034886,56.1131769901637,69.6160540265749,85.0721275677452,72.2744778350491
"dgk-3",18.0753789767093,17.4252489515336,14.8223486389112,15.4702342281278,12.6032781581845,18.2973361607719
"dgn-1",208.770627180992,211.281143537345,175.750705289947,191.444148573081,181.697260113826,170.165226295179
"dhc-1",1150.49787186754,1009.57536112948,1116.9698438608,1031.67124508827,1215.16606908495,1053.01169605242
"dhp-1",139.180418120661,185.143270110044,168.339530970491,198.212376047887,214.255728689136,206.759898616723
"dhp-2",255.766612520436,258.111500094591,211.747837698731,218.517058472305,261.518021782328,233.291036049842
"dhs-1",35.246989004583,50.0975907356591,48.7020026707081,57.0464887162211,42.0109271939483,39.3392727456596
"dhs-2",53.3223679812923,51.1866687951299,56.1131769901637,40.6093648488354,32.5584685753099,30.1906046652737
"dhs-3",331.683204222615,324.545261722313,307.03436466316,370.318731835808,312.981407594915,322.033116429586
"dhs-4",36.1507579534185,29.4051076057129,17.9985662043921,43.5100337666093,44.1114735536457,36.5946723215438
"dhs-5",66.8789022138242,72.9682299845469,61.4068729326319,98.6227432043144,91.3737666468375,90.571813995821
"dhs-6",169.004793432232,142.669225790681,150.340964766099,189.510369294565,160.691796516852,155.527357366561
"dhs-9",274.745760445981,194.944972645282,224.452707960655,249.45752692856,228.959553207018,214.078833081031
"dhs-12",92.1844327812172,107.818727887614,109.050136414846,101.523412122088,96.625132546081,88.7420803797438
"dhs-13",96.7032775253945,90.3934789360805,77.2879607600367,108.291639596894,91.3737666468375,96.9758816520912
"dhs-14",45.1884474417731,58.8102152114259,48.7020026707081,24.1722409814496,29.4076490357638,34.7649387054666
"dhs-15",28.0168374138993,37.0286540220089,24.351001335354,30.9404684562555,32.5584685753099,27.4460042411579
"dhs-17",53.3223679812923,35.939575962538,48.7020026707081,46.4107026843833,44.1114735536457,46.6582072099684
"dhs-18",97.60704647423,95.8388692334347,99.5214837184035,122.794984185764,98.7256789057784,68.6150106028947
"dhs-19",115.682425450939,109.996884006556,103.756440472378,121.828094546506,120.781415682601,108.869150156593
"dhs-20",100.318353320736,94.7497911739639,82.581656702505,55.1127094377051,54.6142053521327,57.6366089064315
"dhs-21",54.2261369301278,53.3648249140716,44.4670459167335,113.126087793184,75.6196689491069,86.9123467636666
"dhs-22",201.540475590308,217.81561189417,208.57162013325,217.550168833047,191.149718732465,188.462562455951
"dhs-23",41.5733716464313,39.2068101409506,19.0573053928858,12.5695653103538,14.7038245178819,14.6378689286175
"dhs-24",120.201270195117,109.996884006556,116.461310734302,105.39097067912,107.127864344568,125.336752701288
"dhs-25",215.09700982284,198.212206823695,221.276490395174,170.172576509405,145.98797199897,158.271957790677
"dhs-27",28.0168374138993,30.4941856651838,31.7621756548096,33.8411373740295,30.4579222156125,42.998739977814
"dhs-28",611.851578361608,526.02470272442,574.895379352054,543.391977262987,548.242599881025,495.857809956919
"dhs-29",17.1716100278738,26.1378734273004,27.527218900835,65.748495469543,48.3125662730405,49.4028076340842
"dhs-30",94.8957396277236,70.7900738656052,70.9355256290748,110.22541887541,82.9715812080478,57.6366089064315
"dic-1",37.054526902254,35.939575962538,32.8209148433033,23.2053513421916,31.5081953954612,32.9352050893894
"die-1",55.1299058789632,52.2757468546008,71.9942648175684,39.6424752095774,56.7147517118302,39.3392727456596
"dif-1",110.259811757926,87.1262447576679,83.6403958909986,123.761873825022,128.133327941542,106.124549732477
"dig-1",3004.12798592908,2883.87870147881,2815.18750220463,2604.80068816101,3568.8282651259,2558.88246208395
"dim-1",1291.48582788588,1243.72714391571,1276.83946132335,1271.45987562425,1442.02507593227,1292.70679975854
"dis-3",342.52843160864,350.683135149614,290.094537647261,175.007024705695,195.350811451859,205.845031808684
"div-1",52.4185990324568,43.563122378834,38.1146107857715,64.781605830285,56.7147517118302,54.8920084823158
"dlc-1",355.181196892337,357.217603506439,371.617455161272,452.504351172737,360.243700688106,439.136067858526
"dlg-1",438.327940185199,432.363989609927,387.498542988677,503.74950205341,511.48303858632,487.624008684572
"dli-1",164.485948688054,164.450786980098,175.750705289947,147.934114806472,147.038245178819,150.03815651833
"dlk-1",175.33117607408,194.944972645282,219.159012018186,162.437459395341,174.345347854885,186.632828839874
"dna-2",15.3640721302029,5.44539029735425,15.8810878274048,13.5364549496118,13.6535513380332,16.4676025446947
"dnc-1",192.502786101954,167.718021158511,172.574487724466,164.371238673857,192.199991912313,171.994959911256
"dnc-2",104.837198064914,104.551493709202,85.757874267986,94.7551846472825,79.8207616685017,108.869150156593
"dnj-1",91.2806638323817,93.660713114493,81.5229175140113,97.6558535650564,96.625132546081,78.6785454913192
"dnj-2",66.8789022138242,112.175040125497,82.581656702505,76.3842815013808,80.8710348483504,82.3380127234736
"dnj-5",115.682425450939,111.085962066027,86.8166134564796,101.523412122088,131.284147481088,106.124549732477
"dnj-7",128.335190734636,131.778445195973,135.518616127188,168.238797230889,130.23387430124,160.101691406754
"dnj-8",93.9919706788881,92.5716350550222,91.0515702104542,99.5896328435724,105.027317984871,101.550215692284
"dnj-9",197.021630846131,181.876035931632,168.339530970491,188.543479655307,172.244801495188,142.719222054021
"dnj-10",279.264605190158,271.180436808241,244.568752542034,205.947493161951,217.406548228682,200.355830960452
"dnj-11",205.15555138565,238.508095024116,307.03436466316,140.198997692408,148.088518358668,194.866630112221
"dnj-12",665.173946342901,523.846546605479,500.783636157498,848.929103268511,713.135489117272,811.486858730235
"dnj-13",1851.82257616386,1929.84632138235,1823.14888258607,1782.94449479172,1907.29609460525,2060.28005170292
"dnj-14",75.0128227533434,55.5429810330133,50.8194810476954,71.5498333050909,52.5136589924353,77.7636786832806
"dnj-15",56.9374437766342,66.4337616277218,74.1117431945558,55.1127094377051,52.5136589924353,53.9771416742772
"dnj-16",101.222122269572,95.8388692334347,85.757874267986,130.530101299828,109.228410704265,126.251619509326
"dnj-17",93.9919706788881,96.9279472929056,97.4040053414162,100.55652248283,75.6196689491069,95.146148036014
"dnj-18",38.8620647999249,37.0286540220089,39.1733499742652,29.9735788169975,25.206556316369,21.9568033929263
"dnj-19",580.219665152367,511.866687951299,473.256417256663,731.935456918294,684.778113261357,685.235239220908
"dnj-20",222.327161413524,185.143270110044,181.044401232415,197.245486408629,192.199991912313,182.973361607719
"dnj-21",59.6487506231405,43.563122378834,51.878220236189,58.0133783554791,35.709288114856,57.6366089064315
"dnj-22",15.3640721302029,11.9798586541793,11.6461310734302,14.5033445888698,17.854644057428,12.8081353125403
"dnj-23",97.60704647423,81.6808544603137,81.5229175140113,91.8545157295085,78.770488488653,109.784016964632
"dnj-24",123.816345990458,100.195181471318,129.166180996226,175.007024705695,147.038245178819,184.803095223796
"dnj-25",55.1299058789632,76.2354641629595,65.6418296866065,71.5498333050909,65.1169371506198,65.8704101787789
"dnj-27",45.1884474417731,30.4941856651838,45.5257851052271,57.0464887162211,58.8152980715276,44.8284735938912
"dnj-28",6.32638264184824,9.80170253523765,6.35243513096192,17.4040135066437,14.7038245178819,18.2973361607719
"dnj-29",396.754568538768,356.128525446968,371.617455161272,379.02073858913,399.103808342509,360.457522367207
"dnj-30",65.0713643161533,89.3044008766096,71.9942648175684,69.6160540265749,64.0666639707711,77.7636786832806
"dog-1",32.5356821580767,20.6924831299461,16.9398270158985,20.3046824244177,28.3573758559151,26.5311374331193
"dom-3",18.0753789767093,14.158014773121,17.9985662043921,19.3377927851597,26.2568294962177,19.2122029688105
"cks-1",49.7072921859505,50.0975907356591,51.878220236189,81.2187296976707,51.4633858125866,63.1258097546631
"dop-1",25.305530567393,19.6034050704753,23.2922621468604,21.2715720636757,23.1060099566715,18.2973361607719
"dop-2",21.6904547720511,20.6924831299461,21.1747837698731,21.2715720636757,25.206556316369,26.5311374331193
"dpf-1",69.5902090603306,72.9682299845469,73.0530040060621,71.5498333050909,81.9213080281991,65.8704101787789
"dpf-2",57.8412127254696,41.3849662598923,32.8209148433033,40.6093648488354,37.8098344745534,65.8704101787789
"dpf-3",293.724908371525,326.723417841255,314.445538982615,256.225754403366,218.456821408531,257.077573058845
"dpf-4",169.004793432232,156.827240563802,147.164747200618,163.404349034599,141.786879279575,149.123289710291
"dpf-5",224.134699311195,175.341567574807,191.631793117351,175.973914344953,186.94862601307,172.909826719295
"dpf-6",5.42261369301278,4.3563122378834,10.5873918849365,33.8411373740295,34.6590149350073,25.6162706250807
"dpf-7",54.2261369301278,63.1665274493093,62.4656121211256,36.7418062918034,54.6142053521327,51.2325412501614
"dpl-1",56.0336748277987,45.7412784977757,61.4068729326319,33.8411373740295,46.2120199133431,53.0622748662386
"dpy-2",4.51884474417731,0,4.23495675397461,87.0200675332186,88.2229471072913,70.4447442189719
"dpy-3",0,1.08907805947085,0,37.7086959310614,36.7595612947047,25.6162706250807
"dpy-4",1.80753789767093,0,0,263.96087151743,222.657914127926,158.271957790677
"dpy-5",0,0,0,274.596657549268,200.602177351103,154.612490558523
"dpy-6",243.11384723674,217.81561189417,238.216317411072,424.464551634255,449.516920975246,560.813353327659
"dpy-7",0.903768948835463,0,0,50.2782612414152,71.418576229712,42.998739977814
"dpy-8",0,0,0,66.7153851088009,49.3628394528892,49.4028076340842
"dpy-9",0.903768948835463,0,3.17621756548096,51.2451508806732,54.6142053521327,32.9352050893894
"dpy-10",6.32638264184824,4.3563122378834,3.17621756548096,46.4107026843833,46.2120199133431,42.0838731697754
"dpy-11",115.682425450939,137.223835493327,130.224920184719,241.722409814496,248.914743624143,236.950503281996
"dpy-13",1.80753789767093,0,1.05873918849365,179.841472901985,175.395621034734,125.336752701288
"dpy-18",146.410569711345,208.013909358932,238.216317411072,283.298664302589,277.272119480059,298.246579420582
"dpy-19",63.2638264184824,65.344683568251,79.405439137024,109.258529236152,114.479776603509,94.2312812279754
"dpy-21",270.226915701803,261.378734273004,297.505711966717,256.225754403366,281.473212199453,288.183044532158
"dpy-22",198.829168743802,228.706392488878,206.454141756262,204.980603522693,223.708187307774,212.249099464954
"dpy-23",106.644735962585,118.709508482323,110.10887560334,109.258529236152,121.83168886245,116.188084620902
"dpy-26",140.987956018332,116.531352363381,114.343832357315,114.092977432442,123.932235222147,118.932685045017
"dpy-27",160.870872892712,151.381850266448,139.753572881162,219.483948111563,231.060099566715,192.122029688105
"dpy-28",176.234945022915,143.758303850152,137.636094504175,213.682610276015,187.998899192918,188.462562455951
"dpy-30",128.335190734636,151.381850266448,130.224920184719,132.463880578344,120.781415682601,128.996219933442
"dre-1",141.891724967168,181.876035931632,191.631793117351,151.801673363504,161.742069696701,166.505759063024
"drh-1",66.8789022138242,59.8992932708967,64.5830904981129,77.3511711406388,75.6196689491069,77.7636786832806
"dro-1",34.3432200557476,37.0286540220089,27.527218900835,28.0397995384816,23.1060099566715,29.2757378572351
"drp-1",216.000778771676,176.430645634278,182.103140420908,159.536790477567,179.596713754129,187.547695647912
"dars-1",652.521181059204,554.340732270662,606.657555006864,545.325756541503,495.728940888589,542.516017166887
"dars-2",68.6864401114952,77.3245422224303,59.2893945556446,54.1458197984471,64.0666639707711,54.8920084823158
"dsc-4",842.312660314651,860.371666981971,951.806530455795,876.968902806992,739.392318613489,837.103129355315
"dsh-1",64.1675953673179,76.2354641629595,73.0530040060621,53.1789301591892,77.7202153088043,74.1042114511263
"dsh-2",25.305530567393,26.1378734273004,21.1747837698731,26.1060202599656,27.3071026760664,25.6162706250807
"duo-3",60.552519571976,52.2757468546008,53.9956986131763,57.0464887162211,64.0666639707711,59.4663425225087
"dur-1",403.984720129452,487.906970642941,498.666157780511,405.126758849096,422.20981829918,386.073792992287
"dyb-1",25.305530567393,20.6924831299461,22.2335229583667,17.4040135066437,27.3071026760664,20.1270697768491
"dyc-1",53.3223679812923,46.8303565572465,51.878220236189,39.6424752095774,52.5136589924353,43.9136067858526
"dyf-1",17.1716100278738,14.158014773121,15.8810878274048,11.6026756710958,26.2568294962177,22.8716702009649
"dyf-2",12.6527652836965,11.9798586541793,14.8223486389112,21.2715720636757,26.2568294962177,21.0419365848877
"dyf-6",21.6904547720511,13.0689367136502,25.4097405238477,17.4040135066437,16.8043708775793,18.2973361607719
"dyn-1",316.319132092412,413.849662598923,426.671892962942,372.252511114324,381.24916428508,359.542655559168
"dys-1",387.716879050414,373.553774398501,394.909717308133,322.941139512167,460.019652773733,406.200862769137
"alp-1",176.234945022915,147.025538028565,146.106008012124,165.338128313115,175.395621034734,166.505759063024
"eat-3",201.540475590308,190.588660407399,164.104574216516,194.344817490855,212.155182329439,193.951763304182
"eat-4",89.4731259347108,98.0170253523765,82.581656702505,99.5896328435724,88.2229471072913,74.1042114511263
"eat-5",9.94145843719009,21.781561189417,11.6461310734302,8.70200675332186,23.1060099566715,20.1270697768491
"eat-6",2437.46485500924,2251.12434892625,2459.45113487076,2332.13780989026,2450.28732858703,2488.43771786498
"eat-16",100.318353320736,78.4136202819012,68.8180472520875,124.72876346428,120.781415682601,110.69888377267
"eat-20",13.5565342325319,31.5832637246546,26.4684797123413,42.5431441273513,37.8098344745534,31.1054714733123
"bcat-1",930.882017300527,981.259331583235,912.63318048153,858.59799966109,885.38029061246,790.444922145347
"ech-2",92.1844327812172,78.4136202819012,93.1690485874415,101.523412122088,82.9715812080478,101.550215692284
"ech-3",14.4603031813674,10.8907805947085,20.1160445813794,22.2384617029336,14.7038245178819,13.7230021205789
"ech-4",175.33117607408,160.094474742215,154.575921520073,298.768898530717,225.808733667472,238.780236898074
"ech-5",213.289471925169,186.232348169515,187.396836363377,208.848162079725,192.199991912313,207.674765424761
"ech-6",1034.8154464166,994.328268296885,1218.6088059562,1087.75084416523,1007.21197947491,1202.13498576271
"ech-7",283.783449934335,287.516607700304,307.03436466316,157.603011199052,152.289611078062,165.590892254986
"ech-8",62.3600574696469,54.4539029735425,56.1131769901637,64.781605830285,73.5191225894094,52.1474080582
"ech-9",32.5356821580767,44.6522004383048,40.2320891627588,39.6424752095774,50.4131126327379,48.4879408260456
"eff-1",23.497992669722,17.4252489515336,22.2335229583667,25.1391306207076,23.1060099566715,21.9568033929263
"efk-1",213.289471925169,165.539865039569,152.458443143086,233.987292700432,243.6633777249,214.078833081031
"efl-1",36.1507579534185,51.1866687951299,43.4083067282398,25.1391306207076,36.7595612947047,39.3392727456596
"efl-2",29.8243753115703,20.6924831299461,26.4684797123413,24.1722409814496,28.3573758559151,19.2122029688105
"efn-2",35.246989004583,32.6723417841255,41.2908283512525,39.6424752095774,18.9049172372767,37.5095391295824
"efn-4",18.9791479255447,9.80170253523765,12.7048702619238,16.4371238673857,14.7038245178819,14.6378689286175
"eftu-2",375.064113766717,397.51349170686,400.203413250601,272.662878270752,314.031680774763,360.457522367207
"eef-2",5157.80939100399,4908.47481403512,5458.85925587328,4926.30271201943,4960.44022842544,5374.84249722675
"eef-1A.1",2414.87063128836,2312.11272025661,2945.41242238934,1962.78596769371,2322.15400064549,2675.07054670485
"eef-1A.2",3441.55215716544,2829.42479850527,3024.81786152637,2404.65453283461,2390.42175733566,2844.32090619199
"egl-2",19.8829168743802,9.80170253523765,7.41117431945558,8.70200675332186,18.9049172372767,14.6378689286175
"egl-3",860.388039291361,1035.71323455678,923.220572366466,991.061880239434,955.748593662323,938.653345047599
"egl-4",654.328718956875,624.041728076797,650.065861735103,672.955188923557,706.833850038179,678.831171564638
"egl-8",201.540475590308,140.49106967174,165.16331340501,191.444148573081,248.914743624143,213.163966272993
"egl-9",47.8997542882795,41.3849662598923,44.4670459167335,36.7418062918034,52.5136589924353,42.998739977814
"egl-10",75.0128227533434,43.563122378834,58.230655367151,32.8742477347715,43.061200373797,34.7649387054666
"egl-13",62.3600574696469,54.4539029735425,70.9355256290748,58.9802679947371,76.6699421289556,54.8920084823158
"egl-15",155.4482591997,168.807099217982,170.457009347478,221.417727390078,218.456821408531,189.377429263989
"egl-18",34.3432200557476,33.7614198435963,41.2908283512525,25.1391306207076,51.4633858125866,37.5095391295824
"egl-19",159.063334995041,150.292772206977,125.989963430745,128.596322021312,185.898352833221,157.357090982638
"egl-20",65.0713643161533,89.3044008766096,75.1704823830494,58.9802679947371,84.0218543878965,55.8068752903543
"egl-21",911.902869374982,852.748120565675,918.985615612491,880.836461364024,875.927831993821,836.188262547277
"egl-23",36.1507579534185,40.2958882004214,37.0558715972779,30.9404684562555,35.709288114856,25.6162706250807
"egl-26",18.9791479255447,26.1378734273004,22.2335229583667,21.2715720636757,23.1060099566715,18.2973361607719
"egl-27",273.841991497145,282.07121740295,273.154710631363,257.192644042624,285.674304918848,253.418105826691
"egl-30",239.498771441398,251.577031737766,248.803709296009,254.29197512485,306.679768515822,250.673505402575
"egl-43",16.2678410790383,26.1378734273004,22.2335229583667,20.3046824244177,25.206556316369,24.7014038170421
"egl-44",249.440229878588,226.528236369937,210.689098510237,328.742477347715,286.724578098697,272.630308795502
"egl-45",715.785007477687,760.176485510653,736.882475191583,777.37926996342,680.577020541962,721.829911542452
"egl-46",7.2301515906837,6.5344683568251,5.29369594246827,8.70200675332186,9.45245861863836,10.0635348884246
"ego-1",22.5942237208866,20.6924831299461,31.7621756548096,15.4702342281278,17.854644057428,20.1270697768491
"ego-2",181.657558715928,160.094474742215,153.51718233158,121.828094546506,161.742069696701,167.420625871063
"ehs-1",148.218107609016,164.450786980098,192.690532305845,154.702342281278,143.887425639273,147.293556094214
"eif-3.B",457.307088110744,461.76909721564,483.8438091416,499.881943496378,475.773750471464,497.687543572996
"eif-3.C",1146.8827960722,1050.96032738937,1109.55866954135,1064.54549282304,1060.77591164719,1100.58477007043
"eif-3.D",689.575707961458,666.51577239616,724.177604929659,616.875589846594,607.057897952552,702.617708573642
"eif-3.E",433.809095441022,421.473209015219,428.78937133993,460.239468286801,411.707086500693,439.136067858526
"eif-3.F",418.445023310819,425.829521253102,420.319457831981,377.086959310614,328.735505292645,376.925124911901
"eif-3.G",282.8796809855,250.487953678295,289.035798458767,312.305353480329,291.97594399794,279.94924325981
"eif-3.H",383.198034306236,374.642852457972,381.146107857715,397.391641735032,382.299437464929,426.327932545986
"eif-3.I",428.386481748009,382.266398874268,402.320891627588,394.490972817258,363.394520227652,408.030596385214
"eif-3.K",301.858828911045,284.249373521892,294.329494401236,322.941139512167,280.422939019605,302.820913460775
"eif-6",299.147522064538,266.824124570358,294.329494401236,210.781941358241,218.456821408531,206.759898616723
"elb-1",34.3432200557476,31.5832637246546,51.878220236189,48.3444819628992,35.709288114856,46.6582072099684
"elc-1",53.3223679812923,59.8992932708967,55.05443780167,55.1127094377051,53.563932172284,65.8704101787789
"elo-1",363.315117431856,323.456183662842,364.206280841817,306.504015644781,330.836051652343,344.904786630551
"elo-2",276.553298343652,276.625827105596,311.269321417134,99.5896328435724,130.23387430124,188.462562455951
"elo-3",350.66235214816,372.46469633903,399.144674062107,349.047159772132,370.746432486593,350.393987478782
"elo-5",525.089759273404,519.490234367595,510.312288853941,305.537126005523,293.026217177789,357.712921943091
"elo-6",385.909341152743,341.970510673847,433.024328093904,217.550168833047,213.205455509287,276.289776027656
"elo-9",75.0128227533434,78.4136202819012,73.0530040060621,60.914047273253,60.915844431225,72.2744778350491
"elp-1",27.1130684650639,33.7614198435963,26.4684797123413,28.0397995384816,29.4076490357638,21.0419365848877
"elt-1",32.5356821580767,28.3160295462421,41.2908283512525,33.8411373740295,35.709288114856,26.5311374331193
"elt-2",34.3432200557476,45.7412784977757,43.4083067282398,17.4040135066437,45.1617467334944,36.5946723215438
"elt-3",55.1299058789632,68.6119177466635,76.2292215715431,53.1789301591892,49.3628394528892,67.7001437948561
"elt-6",12.6527652836965,15.2470928325919,16.9398270158985,16.4371238673857,22.0557367768228,16.4676025446947
"emb-4",329.875666324944,251.577031737766,281.624624139312,320.040470594393,297.227309897184,288.183044532158
"emb-5",376.871651664388,364.841149922735,364.206280841817,350.980939050648,363.394520227652,366.861590023477
"emb-8",948.957396277236,854.926276684617,778.173303542835,1080.98261669043,978.854603618994,943.227679087792
"emb-9",1201.10893300233,1409.26700895528,1615.63600164132,935.949170801729,1175.2556882507,1087.77663475789
"emb-27",48.803523237115,65.344683568251,48.7020026707081,66.7153851088009,73.5191225894094,57.6366089064315
"emb-30",112.067349655597,96.9279472929056,128.107441807732,110.22541887541,128.133327941542,104.2948161164
"emo-1",314.511594194741,322.367105603371,364.206280841817,434.133448026835,373.89725202614,452.859069979105
"emr-1",82.2429743440271,82.7699325197845,97.4040053414162,80.2518400584127,70.3683030498633,90.571813995821
"ent-1",175.33117607408,191.677738466869,155.634660708567,185.642810737533,160.691796516852,179.313894375565
"eor-1",34.3432200557476,35.939575962538,34.9383932202906,32.8742477347715,49.3628394528892,29.2757378572351
"eor-2",46.0922163906086,25.0487953678295,39.1733499742652,33.8411373740295,37.8098344745534,25.6162706250807
"epi-1",1847.30373141969,1816.58220319738,1747.97840020302,1910.57392717378,2001.82068079163,1625.71831788458
"epn-1",185.27263451127,168.807099217982,147.164747200618,224.318396307852,224.758460487623,229.631568817688
"eps-8",645.29102946852,710.078894774994,655.359557677572,554.027763294825,637.515820168165,725.489378774607
"erd-2.1",85.858050139369,80.5917764008429,102.697701283884,119.89431526799,87.1726739274426,111.613750580709
"eri-1",29.8243753115703,28.3160295462421,31.7621756548096,20.3046824244177,31.5081953954612,28.3608710491965
"erm-1",728.437772761383,778.690812521657,759.11599814995,767.71037357084,809.760621663353,793.189522569463
"ero-1",187.080172408941,203.657597121049,201.160445813794,186.609700376791,209.004362789893,171.080093103217
"F35A5.8",64.1675953673179,64.2556055087801,58.230655367151,54.1458197984471,57.7650248916789,61.2960761385859
"qars-1",119.297501246281,91.4825569955513,100.580222906897,89.9207364509926,112.379230243812,108.869150156593
"ears-1",572.085744612848,521.668390486537,464.786503748714,475.709702514928,482.075389550556,469.3266725238
"ears-2",53.3223679812923,47.9194346167174,35.9971324087842,36.7418062918034,36.7595612947047,46.6582072099684
"etr-1",97.60704647423,112.175040125497,127.048702619238,115.0598670717,109.228410704265,103.379949308361
"fos-1",160.870872892712,130.689367136502,129.166180996226,252.358195846334,198.501630991406,214.078833081031
"evl-14",217.808316669347,214.548377715757,233.981360657097,171.139466148663,206.903816430195,199.440964152414
"evl-20",21.6904547720511,27.2269514867712,23.2922621468604,21.2715720636757,25.206556316369,18.2973361607719
"exc-1",31.6319132092412,33.7614198435963,37.0558715972779,31.9073580955135,25.206556316369,35.6798055135052
"exc-4",117.48996334861,101.284259530789,122.813745865264,140.198997692408,131.284147481088,124.421885893249
"exc-5",120.201270195117,114.353196244439,99.5214837184035,112.159198153926,128.133327941542,95.146148036014
"exc-7",56.9374437766342,58.8102152114259,60.3481337441383,55.1127094377051,48.3125662730405,55.8068752903543
"exl-1",21.6904547720511,27.2269514867712,23.2922621468604,25.1391306207076,14.7038245178819,23.7865370090035
"exo-3",18.9791479255447,20.6924831299461,32.8209148433033,20.3046824244177,24.1562831365203,20.1270697768491
"exp-2",39.7658337487604,33.7614198435963,47.6432634822144,41.5762544880933,35.709288114856,31.1054714733123
"far-1",3338.5224969982,3837.91108157527,4071.91091894659,3020.56323304194,2936.56381085698,3044.67673715245
"far-2",146.410569711345,175.341567574807,214.924055264212,158.569900838309,151.239337898214,171.994959911256
"far-3",21.6904547720511,39.2068101409506,23.2922621468604,14.5033445888698,35.709288114856,18.2973361607719
"far-5",17.1716100278738,21.781561189417,20.1160445813794,49.3113716021572,55.6644785319814,44.8284735938912
"far-7",28.0168374138993,27.2269514867712,38.1146107857715,54.1458197984471,76.6699421289556,46.6582072099684
"far-8",206.963089283321,201.479441002107,193.749271494339,304.570236366265,255.216382703236,276.289776027656
"fat-1",37.054526902254,28.3160295462421,37.0558715972779,16.4371238673857,32.5584685753099,40.2541395536982
"fat-2",115.682425450939,92.5716350550222,122.813745865264,90.8876260902505,96.625132546081,133.570553973635
"fat-3",217.808316669347,196.034050704753,218.100272829693,168.238797230889,207.954089610044,172.909826719295
"fat-4",70.4939780091661,51.1866687951299,64.5830904981129,56.0795990769631,65.1169371506198,84.1677463395508
"fat-5",32.5356821580767,30.4941856651838,39.1733499742652,68.6491643873169,49.3628394528892,44.8284735938912
"fat-6",1234.54838410924,1284.02303211613,1219.66754514469,1559.59298812313,1259.2775426386,1409.80975118748
"fbl-1",154.544490250864,172.074333396394,139.753572881162,154.702342281278,179.596713754129,150.953023326368
"fbp-1",669.692791087078,655.624991801451,632.067295530711,798.650842027095,719.437128196364,733.723180046954
"fce-1",298.243753115703,304.941856651838,309.151843040147,339.378263379553,252.06556316369,316.543915581354
"fce-2",28.9206063627348,16.3361708920627,21.1747837698731,13.5364549496118,21.0054635969741,21.0419365848877
"feh-1",82.2429743440271,94.7497911739639,93.1690485874415,100.55652248283,119.731142502753,98.8056152681684
"fem-1",65.0713643161533,55.5429810330133,60.3481337441383,65.748495469543,75.6196689491069,86.9123467636666
"fem-2",56.9374437766342,45.7412784977757,65.6418296866065,75.4173918621228,53.563932172284,61.2960761385859
"fib-1",1964.7936947683,2003.90362942636,1909.96549604255,1540.25519533797,1502.9409203635,1687.92926083121
"fis-2",37.054526902254,42.4740443193631,42.3495675397462,36.7418062918034,33.6087417551586,36.5946723215438
"fkb-1",289.206063627348,300.585544413954,304.916886286172,298.768898530717,281.473212199453,302.820913460775
"fkb-2",336.202048966792,306.030934711309,262.567318746426,384.822076424678,343.439329810527,383.329192568172
"fkb-3",11.748996334861,14.158014773121,17.9985662043921,48.3444819628992,38.8601076544021,43.9136067858526
"fkb-4",24.4017616185575,20.6924831299461,28.5859580893287,49.3113716021572,52.5136589924353,49.4028076340842
"fkb-5",49.7072921859505,63.1665274493093,56.1131769901637,153.73545264202,157.540976977306,199.440964152414
"fkb-6",662.462639496394,505.332219594474,507.13607128846,907.909371263248,860.173734296091,833.443662123161
"fkh-7",149.121876557851,121.976742660735,118.578789111289,128.596322021312,159.641523337003,113.443484196786
"fkh-8",21.6904547720511,13.0689367136502,28.5859580893287,22.2384617029336,19.9551904171254,24.7014038170421
"fkh-9",198.829168743802,212.370221596816,227.628925526136,187.576590016049,176.445894214583,191.207162880067
"fli-1",94.8957396277236,89.3044008766096,102.697701283884,102.490301761346,139.686332919878,99.7204820762069
"flp-1",328.068128427273,261.378734273004,265.743536311907,400.292310652806,353.942061609014,302.820913460775
"flp-2",15.3640721302029,23.9597173083587,23.2922621468604,20.3046824244177,16.8043708775793,13.7230021205789
"flp-3",36.1507579534185,43.563122378834,58.230655367151,29.0066891777395,44.1114735536457,35.6798055135052
"flp-4",46.0922163906086,35.939575962538,38.1146107857715,36.7418062918034,39.9103808342508,40.2541395536982
"flp-5",32.5356821580767,40.2958882004214,43.4083067282398,45.4438130451253,46.2120199133431,60.3812093305473
"flp-6",232.268619850714,239.597173083587,258.332361992452,263.96087151743,202.7027237108,233.291036049842
"flp-7",46.9959853394441,35.939575962538,25.4097405238477,40.6093648488354,44.1114735536457,31.1054714733123
"flp-8",39.7658337487604,28.3160295462421,42.3495675397462,32.8742477347715,34.6590149350073,32.0203382813509
"flp-9",174.427407125244,192.76681652634,155.634660708567,193.377927851597,180.646986933978,170.165226295179
"flp-11",113.874887553268,125.243976839148,127.048702619238,110.22541887541,120.781415682601,89.6569471877824
"flp-12",89.4731259347108,124.154898779677,113.285093168821,119.89431526799,92.4240398266862,104.2948161164
"flp-13",43.3809095441022,50.0975907356591,41.2908283512525,38.6755855703194,48.3125662730405,32.9352050893894
"flp-14",115.682425450939,114.353196244439,130.224920184719,128.596322021312,113.42950342366,95.146148036014
"flp-15",37.9582958510894,30.4941856651838,47.6432634822144,39.6424752095774,27.3071026760664,35.6798055135052
"flp-16",32.5356821580767,57.721137151955,62.4656121211256,60.914047273253,49.3628394528892,70.4447442189719
"flp-17",160.870872892712,169.896177277452,171.515748535972,160.503680116825,153.339884257911,148.208422902253
"flp-18",166.293486585725,187.321426228986,195.866749871326,150.834783724246,147.038245178819,119.847551853056
"flp-19",56.0336748277987,68.6119177466635,74.1117431945558,74.4505022228648,65.1169371506198,55.8068752903543
"flr-1",29.8243753115703,33.7614198435963,34.9383932202906,40.6093648488354,40.9606540140996,36.5946723215438
"flr-4",13.5565342325319,15.2470928325919,21.1747837698731,6.76822747480589,11.5530049783358,18.2973361607719
"baz-2",57.8412127254696,67.5228396871927,76.2292215715431,71.5498333050909,64.0666639707711,68.6150106028947
"fmi-1",72.301515906837,83.8590105792554,94.2277877759352,74.4505022228648,84.0218543878965,76.848811875242
"fmo-1",131.046497581142,168.807099217982,121.75500667677,160.503680116825,145.98797199897,125.336752701288
"fmo-2",76.8203606510143,81.6808544603137,104.815179660872,15.4702342281278,16.8043708775793,25.6162706250807
"fmo-3",36.1507579534185,46.8303565572465,51.878220236189,28.0397995384816,52.5136589924353,43.9136067858526
"fmo-4",74.109053804508,68.6119177466635,69.8767864405811,85.0862882547027,88.2229471072913,57.6366089064315
"fmo-5",63.2638264184824,76.2354641629595,61.4068729326319,52.2120405199312,53.563932172284,62.2109429466245
"fox-1",30.7281442604057,37.0286540220089,33.8796540317969,31.9073580955135,40.9606540140996,41.1690063617368
"fre-1",46.0922163906086,47.9194346167174,29.6446972778223,25.1391306207076,27.3071026760664,28.3608710491965
"frh-1",30.7281442604057,44.6522004383048,32.8209148433033,28.0397995384816,37.8098344745534,32.0203382813509
"frm-1",623.600574696469,474.83803392929,593.95268474494,422.530772355739,797.157343505168,658.704101787789
"frm-2",65.9751332649888,42.4740443193631,50.8194810476954,87.0200675332186,68.2677566901659,66.7852769868175
"frm-3",28.9206063627348,44.6522004383048,37.0558715972779,26.1060202599656,38.8601076544021,35.6798055135052
"frm-4",183.465096613599,142.669225790681,149.282225577605,198.212376047887,192.199991912313,177.484160759488
"frm-5.1",10.8452273860256,13.0689367136502,11.6461310734302,16.4371238673857,12.6032781581845,13.7230021205789
"frm-7",111.163580706762,77.3245422224303,78.3466999485304,100.55652248283,145.98797199897,106.124549732477
"frm-8",73.2052848556725,40.2958882004214,47.6432634822144,42.5431441273513,64.0666639707711,49.4028076340842
"frm-9",26.2092995162284,15.2470928325919,23.2922621468604,28.0397995384816,44.1114735536457,24.7014038170421
"frm-10",315.415363143577,273.358592927183,259.391101180945,378.053848949872,387.550803364173,358.62778875113
"fars-1",362.411348483021,339.792354554905,333.502844375501,330.676256626231,347.640422529922,351.308854286821
"fars-3",218.712085618182,237.419016964645,205.395402567769,195.311707130113,191.149718732465,201.270697768491
"fsn-1",16.2678410790383,23.9597173083587,12.7048702619238,10.6357860318378,15.7540976977306,9.14866808038596
"ftn-1",45.1884474417731,20.6924831299461,29.6446972778223,43.5100337666093,31.5081953954612,22.8716702009649
"ftn-2",975.166695793464,992.150112177944,954.982748021276,1272.42676526351,1099.6360193016,1221.34718873153
"ftt-2",1857.24518985688,1896.08490153875,2021.13311083438,1914.44148573081,1988.1671294536,1858.09448712639
"fum-1",828.756126082119,824.432091019433,846.991350794923,817.988634812255,850.721275677452,832.528795315122
"fut-1",51.5148300836214,34.8504979030672,48.7020026707081,40.6093648488354,37.8098344745534,41.1690063617368
"fut-8",75.0128227533434,51.1866687951299,52.9369594246827,58.9802679947371,47.2622930931918,56.7217420983929
"fzo-1",121.105039143952,120.887664601264,134.459876938694,125.695653103538,113.42950342366,132.655687165596
"fzr-1",106.644735962585,116.531352363381,103.756440472378,128.596322021312,145.98797199897,128.996219933442
"fzy-1",47.8997542882795,33.7614198435963,40.2320891627588,52.2120405199312,50.4131126327379,43.9136067858526
"gab-1",18.9791479255447,15.2470928325919,13.7636094504175,19.3377927851597,23.1060099566715,11.8932685045017
"gad-1",85.858050139369,68.6119177466635,77.2879607600367,48.3444819628992,59.8655712513763,47.573074018007
"gap-1",24.4017616185575,26.1378734273004,22.2335229583667,26.1060202599656,30.4579222156125,26.5311374331193
"gap-2",93.9919706788881,107.818727887614,98.4627445299098,87.9869571724766,111.328957063963,96.0610148440526
"gar-1",18.0753789767093,37.0286540220089,21.1747837698731,20.3046824244177,16.8043708775793,26.5311374331193
"gar-2",41.5733716464313,46.8303565572465,22.2335229583667,50.2782612414152,42.0109271939483,25.6162706250807
"gar-3",40.6696026975958,33.7614198435963,44.4670459167335,32.8742477347715,47.2622930931918,36.5946723215438
"gas-1",413.022409617806,447.611082442519,426.671892962942,438.001006583867,416.958452399937,468.411805715761
"gbh-1",15.3640721302029,16.3361708920627,20.1160445813794,23.2053513421916,23.1060099566715,20.1270697768491
"gbh-2",56.9374437766342,66.4337616277218,51.878220236189,113.126087793184,86.1224007475939,72.2744778350491
"gck-1",150.025645506687,136.134757433856,156.693399897061,125.695653103538,127.083054761693,168.335492679102
"gcs-1",229.557313004208,270.091358748771,250.921187672996,276.530436827784,219.50709458838,274.460042411579
"gcy-3",8.13392053951917,13.0689367136502,6.35243513096192,19.3377927851597,19.9551904171254,8.23380127234736
"gcy-8",62.3600574696469,63.1665274493093,76.2292215715431,58.0133783554791,61.9661176110737,55.8068752903543
"gcy-11",24.4017616185575,18.5143270110044,17.9985662043921,20.3046824244177,26.2568294962177,17.3824693527333
"gcy-12",74.109053804508,75.1463861034886,61.4068729326319,53.1789301591892,67.2174835103172,41.1690063617368
"gcy-18",32.5356821580767,26.1378734273004,28.5859580893287,24.1722409814496,31.5081953954612,21.0419365848877
"gcy-19",24.4017616185575,26.1378734273004,23.2922621468604,28.0397995384816,25.206556316369,29.2757378572351
"gcy-22",32.5356821580767,41.3849662598923,28.5859580893287,32.8742477347715,30.4579222156125,37.5095391295824
"gcy-23",52.4185990324568,63.1665274493093,73.0530040060621,78.3180607798968,65.1169371506198,62.2109429466245
"gcy-35",21.6904547720511,13.0689367136502,10.5873918849365,28.0397995384816,26.2568294962177,16.4676025446947
"gcy-37",15.3640721302029,14.158014773121,22.2335229583667,18.3709031459017,19.9551904171254,10.9784016964632
"gdi-1",762.780992817131,870.173369517209,892.51713590015,933.048501883955,905.335481029585,847.16666424374
"gei-1",46.9959853394441,49.0085126761882,68.8180472520875,50.2782612414152,67.2174835103172,58.5514757144701
"gei-3",57.8412127254696,50.0975907356591,49.7607418592017,60.914047273253,78.770488488653,70.4447442189719
"gei-4",447.365629673554,466.125409453524,413.967022701019,703.895657379813,682.677566901659,612.045894577821
"lin-66",128.335190734636,116.531352363381,119.637528299783,127.629432382054,141.786879279575,141.804355245982
"gei-6",46.9959853394441,41.3849662598923,46.5845242937208,49.3113716021572,36.7595612947047,47.573074018007
"icl-1",2759.20660079467,2329.53796920815,1728.92109481014,6358.26626776051,5026.60743875591,3718.01870786885
"gei-8",94.8957396277236,108.907805947085,104.815179660872,146.967225167214,132.334420660937,126.251619509326
"acdh-13",137.37288022299,143.758303850152,151.399703954592,115.0598670717,120.781415682601,137.230021205789
"snpc-4",57.8412127254696,47.9194346167174,51.878220236189,45.4438130451253,63.0163907909224,42.0838731697754
"gei-13",79.5316674975207,77.3245422224303,86.8166134564796,113.126087793184,103.977044805022,96.9758816520912
"gei-15",305.473904706386,326.723417841255,315.504278171109,315.206022398103,288.825124458394,303.735780268814
"gei-17",131.950266529978,155.738162504331,155.634660708567,162.437459395341,159.641523337003,155.527357366561
"gem-4",18.0753789767093,18.5143270110044,10.5873918849365,14.5033445888698,13.6535513380332,10.9784016964632
"ges-1",201.540475590308,216.726533834699,217.041533641199,190.477258933823,197.451357811557,158.271957790677
"gex-2",86.7618190882044,81.6808544603137,92.1103093989479,79.2849504191547,95.5748593662323,83.2528795315122
"gex-3",94.8957396277236,95.8388692334347,95.2865269644288,112.159198153926,95.5748593662323,79.5934122993578
"gfi-1",379.582958510894,346.32682291173,403.379630816082,370.318731835808,449.516920975246,460.178004443414
"gfi-2",69.5902090603306,77.3245422224303,82.581656702505,58.9802679947371,71.418576229712,87.8272135717052
"gfi-3",13.5565342325319,15.2470928325919,17.9985662043921,19.3377927851597,15.7540976977306,17.3824693527333
"nrde-4",40.6696026975958,44.6522004383048,45.5257851052271,23.2053513421916,23.1060099566715,30.1906046652737
"gfl-1",29.8243753115703,31.5832637246546,33.8796540317969,54.1458197984471,35.709288114856,33.850071897428
"ggr-1",23.497992669722,15.2470928325919,19.0573053928858,13.5364549496118,5.25136589924353,12.8081353125403
"gip-1",85.858050139369,89.3044008766096,84.6991350794923,61.880936912511,69.3180298700146,74.1042114511263
"C45G3.3",16.2678410790383,15.2470928325919,21.1747837698731,18.3709031459017,18.9049172372767,17.3824693527333
"glc-1",23.497992669722,8.71262447576679,8.46991350794923,34.8080270132875,31.5081953954612,21.0419365848877
"glc-2",22.5942237208866,23.9597173083587,31.7621756548096,30.9404684562555,37.8098344745534,27.4460042411579
"glc-3",8.13392053951917,7.62354641629595,10.5873918849365,8.70200675332186,6.30163907909224,10.9784016964632
"glc-4",12.6527652836965,8.71262447576679,14.8223486389112,19.3377927851597,12.6032781581845,17.3824693527333
"gld-1",9.03768948835463,5.44539029735425,8.46991350794923,4.83444819628992,2.10054635969741,5.48920084823158
"gld-2",94.8957396277236,67.5228396871927,92.1103093989479,59.947157633995,95.5748593662323,67.7001437948561
"glh-1",111.163580706762,74.0573080440178,83.6403958909986,90.8876260902505,94.5245861863836,90.571813995821
"glh-4",31.6319132092412,33.7614198435963,20.1160445813794,20.3046824244177,24.1562831365203,24.7014038170421
"gln-1",72.301515906837,78.4136202819012,106.932658037859,62.847826551769,67.2174835103172,75.0190782591649
"gln-3",848.6390429565,773.245422224303,768.644650846393,1601.16924261122,1300.2381966527,1252.45266020484
"glr-1",20.7866858232156,37.0286540220089,34.9383932202906,31.9073580955135,23.1060099566715,26.5311374331193
"glr-2",18.0753789767093,14.158014773121,16.9398270158985,7.73511711406388,16.8043708775793,12.8081353125403
"glr-4",60.552519571976,32.6723417841255,30.703436466316,47.3775923236412,33.6087417551586,35.6798055135052
"glr-5",54.2261369301278,46.8303565572465,47.6432634822144,32.8742477347715,54.6142053521327,42.998739977814
"glr-6",9.94145843719009,8.71262447576679,8.46991350794923,10.6357860318378,16.8043708775793,8.23380127234736
"glt-1",657.040025803381,686.119177466635,755.939780584469,693.259871347975,632.264454268921,703.53257538168
"glt-3",187.080172408941,164.450786980098,131.283659373213,148.90100444573,137.585786560181,132.655687165596
"glt-4",125.623883888129,124.154898779677,138.694833692669,92.8214053687665,124.982508401996,102.465082500323
"glt-5",35.246989004583,26.1378734273004,29.6446972778223,43.5100337666093,32.5584685753099,36.5946723215438
"glt-6",27.1130684650639,43.563122378834,23.2922621468604,34.8080270132875,39.9103808342508,31.1054714733123
"glt-7",41.5733716464313,44.6522004383048,42.3495675397462,32.8742477347715,47.2622930931918,26.5311374331193
"gly-3",104.837198064914,96.9279472929056,120.696267488277,111.192308514668,93.4743130065349,107.954283348554
"gly-4",134.661573376484,178.608801753219,147.164747200618,120.861204907248,141.786879279575,163.761158638909
"gly-5",122.912577041623,118.709508482323,133.4011377502,128.596322021312,121.83168886245,160.101691406754
"gly-6",12.6527652836965,5.44539029735425,8.46991350794923,18.3709031459017,21.0054635969741,16.4676025446947
"gly-7",59.6487506231405,68.6119177466635,57.1719161786573,75.4173918621228,70.3683030498633,77.7636786832806
"gly-8",40.6696026975958,42.4740443193631,33.8796540317969,152.768563002762,119.731142502753,101.550215692284
"gly-10",31.6319132092412,34.8504979030672,44.4670459167335,27.0729098992236,44.1114735536457,32.9352050893894
"gly-11",27.1130684650639,25.0487953678295,30.703436466316,45.4438130451253,29.4076490357638,49.4028076340842
"gly-12",17.1716100278738,20.6924831299461,16.9398270158985,36.7418062918034,21.0054635969741,42.998739977814
"gly-13",57.8412127254696,77.3245422224303,53.9956986131763,61.880936912511,67.2174835103172,61.2960761385859
"gly-19",43.3809095441022,31.5832637246546,26.4684797123413,44.4769234058673,28.3573758559151,44.8284735938912
"gly-20",36.1507579534185,33.7614198435963,28.5859580893287,50.2782612414152,30.4579222156125,33.850071897428
"goa-1",529.608604017581,590.2803082332,587.600249613978,561.762880408889,551.393419420571,565.387687367852
"gob-1",108.452273860256,114.353196244439,111.167614791834,144.06655624944,147.038245178819,126.251619509326
"gon-1",172.619869227573,145.936459969094,155.634660708567,128.596322021312,165.943162416096,166.505759063024
"gon-2",103.029660167243,116.531352363381,98.4627445299098,76.3842815013808,112.379230243812,114.358351004824
"gon-4",52.4185990324568,46.8303565572465,47.6432634822144,48.3444819628992,47.2622930931918,40.2541395536982
"gop-1",38.8620647999249,43.563122378834,40.2320891627588,30.9404684562555,43.061200373797,46.6582072099684
"gop-2",111.163580706762,130.689367136502,142.929790446643,87.0200675332186,85.0721275677452,83.2528795315122
"gop-3",160.870872892712,172.074333396394,165.16331340501,173.073245427179,142.837152459424,134.485420781674
"gpa-2",36.1507579534185,37.0286540220089,27.527218900835,32.8742477347715,28.3573758559151,30.1906046652737
"gpa-3",51.5148300836214,58.8102152114259,30.703436466316,49.3113716021572,52.5136589924353,37.5095391295824
"gpa-4",20.7866858232156,8.71262447576679,11.6461310734302,18.3709031459017,22.0557367768228,22.8716702009649
"gpa-7",89.4731259347108,98.0170253523765,70.9355256290748,84.1193986154447,72.4688494095607,83.2528795315122
"gpa-12",47.8997542882795,80.5917764008429,66.7005688751002,88.9538468117346,84.0218543878965,71.3596110270105
"gpa-16",21.6904547720511,10.8907805947085,20.1160445813794,14.5033445888698,13.6535513380332,14.6378689286175
"gpb-1",429.290250696845,448.70016050199,429.848110528423,471.842143957896,519.88522402511,431.817133394217
"gpb-2",70.4939780091661,72.9682299845469,78.3466999485304,66.7153851088009,66.1672103304685,61.2960761385859
"gpc-1",14.4603031813674,16.3361708920627,23.2922621468604,12.5695653103538,14.7038245178819,10.9784016964632
"gpc-2",121.105039143952,120.887664601264,147.164747200618,147.934114806472,131.284147481088,129.911086741481
"gpd-2",755.550841226447,778.690812521657,709.355256290748,846.995323989995,737.291772253792,838.017996163354
"gpd-3",759.165917021789,820.07577878155,804.641783255177,862.465558218122,794.006523965622,904.803273150171
"grd-3",19.8829168743802,27.2269514867712,22.2335229583667,49.3113716021572,42.0109271939483,63.1258097546631
"grd-5",7.2301515906837,7.62354641629595,9.52865269644288,21.2715720636757,23.1060099566715,18.2973361607719
"grd-10",122.912577041623,173.163411455865,190.573053928858,148.90100444573,154.39015743776,173.824693527333
"grd-13",155.4482591997,172.074333396394,185.279357986389,205.947493161951,230.009826386867,257.992439866884
"grd-14",0,1.08907805947085,0,24.1722409814496,14.7038245178819,15.5527357366561
"grh-1",46.0922163906086,49.0085126761882,40.2320891627588,71.5498333050909,74.5693957692582,55.8068752903543
"grk-1",41.5733716464313,47.9194346167174,37.0558715972779,33.8411373740295,55.6644785319814,34.7649387054666
"grk-2",75.9165917021789,89.3044008766096,121.75500667677,73.4836125836068,61.9661176110737,58.5514757144701
"grl-4",69.5902090603306,104.551493709202,109.050136414846,168.238797230889,154.39015743776,180.228761183603
"grl-5",0,0,0,41.5762544880933,26.2568294962177,16.4676025446947
"grl-7",0,0,0,90.8876260902505,99.7759520856271,60.3812093305473
"grl-10",2.71130684650639,6.5344683568251,8.46991350794923,13.5364549496118,10.5027317984871,17.3824693527333
"grl-15",0,0,0,39.6424752095774,40.9606540140996,28.3608710491965
"grl-16",0,1.08907805947085,0,112.159198153926,88.2229471072913,69.5298774109333
"grl-21",26.2092995162284,25.0487953678295,21.1747837698731,15.4702342281278,24.1562831365203,14.6378689286175
"gro-1",40.6696026975958,32.6723417841255,38.1146107857715,29.0066891777395,35.709288114856,14.6378689286175
"grp-1",46.0922163906086,43.563122378834,45.5257851052271,43.5100337666093,55.6644785319814,44.8284735938912
"gars-1",451.884474417731,398.602569766331,393.850978119639,381.921407506904,397.003261982811,408.030596385214
"gsa-1",87.6655880370399,77.3245422224303,91.0515702104542,69.6160540265749,81.9213080281991,76.848811875242
"gsk-3",351.566121096995,307.12001277078,292.212016024248,316.172912037361,358.143154328409,319.28851600547
"gsp-1",428.386481748009,401.869803944743,398.085934873614,381.921407506904,410.656813320844,394.307594264635
"gsp-2",345.239738455147,332.168808138609,345.148975448931,345.1796012151,318.232773494158,333.011518126049
"gst-1",810.68074710541,736.216768202294,708.296517102254,657.48495469543,576.59997573694,637.662165202901
"gst-4",240.402540390233,169.896177277452,196.92548905982,154.702342281278,131.284147481088,135.400287589712
"gst-5",455.499550213073,517.312078248654,475.373895633651,187.576590016049,256.266655883084,202.18556457653
"gst-6",291.917370473854,291.872919938188,319.739234925083,204.013713883435,224.758460487623,244.269437746305
"gst-7",385.909341152743,370.286540220089,345.148975448931,213.682610276015,234.210919106262,182.058494799681
"gst-10",150.025645506687,96.9279472929056,84.6991350794923,77.3511711406388,81.9213080281991,60.3812093305473
"gst-11",21.6904547720511,22.8706392488878,22.2335229583667,19.3377927851597,19.9551904171254,18.2973361607719
"gst-12",51.5148300836214,56.6320590924842,50.8194810476954,29.9735788169975,37.8098344745534,39.3392727456596
"gst-13",385.005572203907,419.295052896277,434.083067282398,391.590303899484,374.947525205988,484.879408260456
"gst-14",37.054526902254,37.0286540220089,33.8796540317969,18.3709031459017,19.9551904171254,11.8932685045017
"gst-15",77.7241295998498,60.9883713303676,49.7607418592017,29.0066891777395,31.5081953954612,31.1054714733123
"gst-20",242.210078287904,223.261002191524,235.040099845591,161.470569756083,152.289611078062,187.547695647912
"gst-21",9.94145843719009,19.6034050704753,15.8810878274048,5.80133783554791,7.35191225894095,8.23380127234736
"gst-22",13.5565342325319,7.62354641629595,20.1160445813794,6.76822747480589,7.35191225894095,17.3824693527333
"gst-24",1161.34309925357,1289.46842241349,1368.94977072229,99.5896328435724,138.636059740029,112.528617388747
"gst-26",219.615854567017,230.88454860782,206.454141756262,238.821740896722,213.205455509287,238.780236898074
"gst-27",218.712085618182,189.499582347928,207.512880944756,215.616389554531,196.401084631708,253.418105826691
"gst-28",76.8203606510143,82.7699325197845,112.226353980327,70.5829436658329,86.1224007475939,84.1677463395508
"gst-31",10.8452273860256,16.3361708920627,23.2922621468604,7.73511711406388,7.35191225894095,19.2122029688105
"gst-35",26.2092995162284,23.9597173083587,23.2922621468604,18.3709031459017,23.1060099566715,20.1270697768491
"gst-36",369.641500073704,396.424413647389,369.499976784285,481.511040350476,445.315828255852,472.986139755954
"gst-38",27.1130684650639,25.0487953678295,33.8796540317969,8.70200675332186,13.6535513380332,17.3824693527333
"gst-39",73.2052848556725,66.4337616277218,73.0530040060621,49.3113716021572,55.6644785319814,55.8068752903543
"gst-40",29.8243753115703,27.2269514867712,28.5859580893287,13.5364549496118,28.3573758559151,11.8932685045017
"gst-41",14.4603031813674,10.8907805947085,13.7636094504175,18.3709031459017,16.8043708775793,12.8081353125403
"gst-42",137.37288022299,123.065820720206,130.224920184719,97.6558535650564,121.83168886245,108.869150156593
"gst-43",40.6696026975958,35.939575962538,46.5845242937208,26.1060202599656,36.7595612947047,24.7014038170421
"gsy-1",296.436215218032,318.010793365488,308.093103851653,365.484283639518,321.383593033704,339.415585782319
"gta-1",1382.76649171826,1385.30729164692,1334.011377502,1372.01639810708,1397.91360237863,1364.06641078555
"gtl-1",355.181196892337,336.525120376492,296.446972778223,383.85518678542,406.455720601449,395.222461072673
"gtl-2",60.552519571976,75.1463861034886,67.7593080635938,60.914047273253,67.2174835103172,58.5514757144701
"lite-1",23.497992669722,37.0286540220089,21.1747837698731,20.3046824244177,19.9551904171254,21.0419365848877
"gur-4",31.6319132092412,34.8504979030672,24.351001335354,21.2715720636757,30.4579222156125,36.5946723215438
"gut-2",23.497992669722,39.2068101409506,29.6446972778223,22.2384617029336,28.3573758559151,30.1906046652737
"haf-1",23.497992669722,21.781561189417,19.0573053928858,21.2715720636757,16.8043708775793,16.4676025446947
"haf-2",75.9165917021789,90.3934789360805,93.1690485874415,65.748495469543,59.8655712513763,64.9555433707403
"haf-3",159.063334995041,173.163411455865,199.042967436807,141.165887331666,120.781415682601,131.740820357558
"haf-4",998.664688463186,956.210536215406,992.038619618554,991.061880239434,847.570456137906,957.86554801641
"hmt-1",291.917370473854,276.625827105596,221.276490395174,255.258864764108,247.864470444295,273.54517560354
"haf-6",82.2429743440271,95.8388692334347,94.2277877759352,69.6160540265749,88.2229471072913,72.2744778350491
"haf-7",52.4185990324568,69.7009958061344,85.757874267986,45.4438130451253,56.7147517118302,64.0406765627017
"haf-9",399.465875385275,313.654481127605,327.150409244539,303.603346727007,310.880861235217,348.564253862705
"ham-1",15.3640721302029,21.781561189417,19.0573053928858,14.5033445888698,10.5027317984871,11.8932685045017
"ham-2",22.5942237208866,25.0487953678295,28.5859580893287,25.1391306207076,19.9551904171254,25.6162706250807
"hap-1",70.4939780091661,53.3648249140716,53.9956986131763,51.2451508806732,70.3683030498633,51.2325412501614
"hbl-1",73.2052848556725,72.9682299845469,76.2292215715431,35.7749166525454,63.0163907909224,64.0406765627017
"hcf-1",156.352028148535,156.827240563802,141.87105125815,143.099666610182,134.434967020634,161.931425022831
"hcp-1",98.5108154230655,80.5917764008429,77.2879607600367,112.159198153926,115.530049783358,112.528617388747
"hcp-2",71.3977469580016,51.1866687951299,75.1704823830494,87.9869571724766,87.1726739274426,85.0826131475894
"hcp-3",32.5356821580767,18.5143270110044,20.1160445813794,22.2384617029336,18.9049172372767,29.2757378572351
"hcp-4",40.6696026975958,39.2068101409506,47.6432634822144,44.4769234058673,57.7650248916789,72.2744778350491
"hcp-6",84.050512241698,119.798586541793,93.1690485874415,109.258529236152,119.731142502753,117.10295142894
"hda-1",173.523638176409,130.689367136502,160.928356651035,186.609700376791,165.943162416096,165.590892254986
"hda-2",24.4017616185575,22.8706392488878,39.1733499742652,21.2715720636757,24.1562831365203,18.2973361607719
"hda-3",91.2806638323817,74.0573080440178,79.405439137024,83.1525089761867,79.8207616685017,101.550215692284
"hda-4",134.661573376484,145.936459969094,127.048702619238,152.768563002762,171.194528315339,137.230021205789
"hda-10",30.7281442604057,26.1378734273004,28.5859580893287,22.2384617029336,22.0557367768228,22.8716702009649
"hel-1",744.705613840421,670.872084634043,771.820868411874,686.491643873169,688.979205980751,703.53257538168
"hgo-1",247.632691980917,228.706392488878,241.392534976553,175.007024705695,201.652450530952,194.866630112221
"hid-1",68.6864401114952,80.5917764008429,66.7005688751002,49.3113716021572,48.3125662730405,47.573074018007
"hif-1",1242.68230464876,1322.14076419761,1160.37815058904,1224.08228330061,1298.137650293,1152.73217812863
"hil-1",13.5565342325319,8.71262447576679,19.0573053928858,23.2053513421916,16.8043708775793,16.4676025446947
"hil-2",105.740967013749,99.1061034118473,112.226353980327,181.775252180501,155.440430617609,165.590892254986
"hil-3",134.661573376484,149.203694147506,140.812312069656,375.153180032098,278.322392659907,217.738300313186
"hil-4",21.6904547720511,16.3361708920627,26.4684797123413,28.0397995384816,29.4076490357638,39.3392727456596
"hil-5",43.3809095441022,37.0286540220089,37.0558715972779,43.5100337666093,42.0109271939483,41.1690063617368
"him-1",213.289471925169,210.192065477874,199.042967436807,198.212376047887,239.462285005505,203.100431384568
"him-4",958.898854714426,1059.67295186514,978.275010168136,1060.67793426601,1263.47863535799,911.207340806441
"him-6",22.5942237208866,17.4252489515336,13.7636094504175,21.2715720636757,14.7038245178819,21.9568033929263
"him-10",44.2846784929377,52.2757468546008,26.4684797123413,57.0464887162211,70.3683030498633,64.9555433707403
"him-17",55.1299058789632,60.9883713303676,43.4083067282398,51.2451508806732,58.8152980715276,45.7433404019298
"his-1",50.6110611347859,21.781561189417,35.9971324087842,37.7086959310614,32.5584685753099,51.2325412501614
"his-2",25.305530567393,35.939575962538,50.8194810476954,58.9802679947371,47.2622930931918,61.2960761385859
"his-3",54.2261369301278,49.0085126761882,56.1131769901637,65.748495469543,63.0163907909224,57.6366089064315
"his-4",18.0753789767093,22.8706392488878,10.5873918849365,36.7418062918034,23.1060099566715,21.0419365848877
"his-5",0,2.1781561189417,4.23495675397461,3.86755855703194,4.20109271939483,2.74460042411579
"his-6",17.1716100278738,15.2470928325919,16.9398270158985,29.9735788169975,29.4076490357638,35.6798055135052
"his-7",9.03768948835463,8.71262447576679,8.46991350794923,17.4040135066437,12.6032781581845,14.6378689286175
"his-8",1.80753789767093,1.08907805947085,4.23495675397461,1.93377927851597,2.10054635969741,2.74460042411579
"his-11",0,0,0,0,0,0
"his-17",0,0,0,0,0,0
"his-24",293.724908371525,329.990652019667,319.739234925083,730.001677639778,566.097243938453,592.83369160901
"his-25",0,0,0,0,0,0
"his-31",21.6904547720511,17.4252489515336,25.4097405238477,31.9073580955135,26.2568294962177,45.7433404019298
"his-32",64.1675953673179,67.5228396871927,63.5243513096192,90.8876260902505,76.6699421289556,95.146148036014
"his-35",157.255797097371,149.203694147506,167.280791781997,175.007024705695,144.937698819121,175.65442714341
"C50F4.6",25.305530567393,26.1378734273004,22.2335229583667,42.5431441273513,38.8601076544021,38.424405937621
"his-37",131.950266529978,165.539865039569,147.164747200618,184.675921098275,158.591250157155,153.697623750484
"his-40",3.61507579534185,1.08907805947085,3.17621756548096,5.80133783554791,5.25136589924353,4.57433404019298
"his-41",281.975912036664,307.12001277078,260.449840369439,321.007360233651,304.579222156125,334.841251742126
"his-48",18.9791479255447,22.8706392488878,9.52865269644288,38.6755855703194,32.5584685753099,30.1906046652737
"his-59",74.109053804508,63.1665274493093,62.4656121211256,96.6889639257985,72.4688494095607,109.784016964632
"his-60",83.1467432928626,72.9682299845469,57.1719161786573,145.033445888698,101.876498445325,125.336752701288
"his-61",42.4771405952668,37.0286540220089,49.7607418592017,56.0795990769631,54.6142053521327,51.2325412501614
"his-62",67.7826711626597,90.3934789360805,75.1704823830494,84.1193986154447,92.4240398266862,111.613750580709
"his-63",14.4603031813674,17.4252489515336,11.6461310734302,20.3046824244177,16.8043708775793,15.5527357366561
"his-64",15.3640721302029,18.5143270110044,20.1160445813794,14.5033445888698,24.1562831365203,38.424405937621
"his-67",34.3432200557476,30.4941856651838,26.4684797123413,35.7749166525454,45.1617467334944,40.2541395536982
"his-68",14.4603031813674,15.2470928325919,6.35243513096192,9.66889639257985,10.5027317984871,13.7230021205789
"his-71",112.971118604433,102.37333759026,104.815179660872,133.430770217602,123.932235222147,121.677285469133
"his-72",287.398525729677,321.278027543901,284.800841704793,399.325421013548,340.288510270981,358.62778875113
"hlh-1",35.246989004583,39.2068101409506,51.878220236189,23.2053513421916,28.3573758559151,30.1906046652737
"hlh-2",37.9582958510894,52.2757468546008,46.5845242937208,31.9073580955135,42.0109271939483,32.0203382813509
"hlh-11",43.3809095441022,27.2269514867712,53.9956986131763,30.9404684562555,54.6142053521327,48.4879408260456
"hmg-1.1",455.499550213073,544.539029735425,507.13607128846,550.160204737793,544.04150716163,578.195822680393
"hmg-1.2",238.595002492562,249.398875618825,281.624624139312,345.1796012151,259.417475422631,307.395247500968
"hmg-3",10.8452273860256,20.6924831299461,20.1160445813794,13.5364549496118,17.854644057428,10.9784016964632
"hmg-4",277.457067292487,284.249373521892,269.978493065882,291.033781416653,267.81966086142,293.672245380389
"hmg-5",146.410569711345,150.292772206977,150.340964766099,144.06655624944,127.083054761693,144.548955670098
"hmg-11",52.4185990324568,64.2556055087801,70.9355256290748,88.9538468117346,82.9715812080478,88.7420803797438
"hmg-12",54.2261369301278,38.1177320814797,48.7020026707081,37.7086959310614,60.915844431225,55.8068752903543
"hmp-1",140.987956018332,156.827240563802,147.164747200618,148.90100444573,136.535513380332,144.548955670098
"hmp-2",57.8412127254696,69.7009958061344,74.1117431945558,77.3511711406388,85.0721275677452,79.5934122993578
"hmr-1",238.595002492562,267.913202629829,293.270755212742,290.066891777395,338.187963911283,278.119509643733
"hoe-1",71.3977469580016,82.7699325197845,99.5214837184035,35.7749166525454,57.7650248916789,50.3176744421228
"hot-5",15.3640721302029,6.5344683568251,19.0573053928858,15.4702342281278,10.5027317984871,20.1270697768491
"hpd-1",986.915692128325,909.380179658159,838.521437286974,822.823083008545,917.93875918777,778.551653640845
"hpk-1",109.356042809091,81.6808544603137,93.1690485874415,90.8876260902505,133.384693840786,91.4866808038596
"hpl-1",9.94145843719009,25.0487953678295,8.46991350794923,10.6357860318378,15.7540976977306,17.3824693527333
"hpl-2",62.3600574696469,80.5917764008429,76.2292215715431,66.7153851088009,52.5136589924353,65.8704101787789
"hrp-1",264.804302008791,272.269514867712,264.684797123413,408.027427766869,323.484139393402,350.393987478782
"hrp-2",425.675174901503,378.999164695856,427.730632151436,364.51739400026,452.667740514793,466.582072099684
"hars-1",266.611839906462,258.111500094591,232.922621468604,204.980603522693,219.50709458838,174.739560335372
"hsb-1",26.2092995162284,21.781561189417,46.5845242937208,34.8080270132875,36.7595612947047,32.9352050893894
"hse-5",14.4603031813674,15.2470928325919,11.6461310734302,18.3709031459017,13.6535513380332,9.14866808038596
"hsf-1",86.7618190882044,88.2153228171388,122.813745865264,80.2518400584127,89.27322028714,88.7420803797438
"hsp-1",9429.02144320038,8340.15977942776,8211.58114595678,12216.6505920246,11013.1645638935,11213.5224661291
"hsp-3",2011.78968010774,1804.6023445432,1891.96692983816,2184.20369508379,2056.43488614377,2283.50755286434
"hsp-4",1077.29258701187,827.699325197845,680.769298201419,1911.54081681304,1329.64584568846,1384.1934805624
"hsp-6",3012.2619064686,2758.63472463966,2783.42532654982,3189.76891991209,2750.66545802376,2948.61572230839
"hsp-12.2",364.218886380692,338.703276495434,412.908283512525,320.040470594393,347.640422529922,302.820913460775
"hsp-16.2",2769.14805923186,1940.73710197705,1591.28500030596,3433.4251090051,2726.50917488724,2760.15315985244
"hsp-16.41",2812.52896877596,2260.92605146148,1880.32079876473,3553.31942427309,2714.95616990891,3129.75935030004
"hsp-17",586.546047794215,633.843430612034,565.366726655611,895.339805952894,720.487401376213,828.869328082968
"hsp-25",426.578943850338,387.711789171622,381.146107857715,433.166558387577,423.260091479029,461.092871251452
"hsp-43",494.361615012998,390.979023350035,363.147541653323,369.35184219655,395.952988802962,350.393987478782
"hsp-60",3211.99484416123,3137.63388933552,3192.09865330837,3384.11373740295,3065.74741197837,3438.06946460904
"hsp-70",284.687218883171,213.459299656286,161.987095839529,262.027092238914,243.6633777249,224.142367969456
"hsr-9",242.210078287904,194.944972645282,207.512880944756,223.351506668594,253.115836343538,259.822173482961
"hst-1",18.0753789767093,33.7614198435963,22.2335229583667,29.0066891777395,26.2568294962177,27.4460042411579
"hst-2",28.9206063627348,28.3160295462421,22.2335229583667,26.1060202599656,25.206556316369,21.0419365848877
"hum-1",216.904547720511,200.390362942636,159.869617462542,179.841472901985,182.747533293675,196.696363728298
"hum-2",88.5693569858754,103.462415649731,87.8753526449733,107.324749957636,122.881962042299,121.677285469133
"hum-4",304.570135757551,298.407388295013,312.328060605628,301.669567448491,290.925670818092,265.311374331193
"hum-5",375.967882715553,409.493350361039,334.561583563995,332.610035904747,319.283046674007,306.48038069293
"hum-6",138.276649171826,143.758303850152,114.343832357315,172.106355787921,202.7027237108,164.676025446947
"hum-7",77.7241295998498,79.502698341372,71.9942648175684,75.4173918621228,94.5245861863836,76.848811875242
"hum-8",189.791479255447,216.726533834699,183.161879609402,175.007024705695,191.149718732465,182.058494799681
"hyl-1",129.238959683471,128.51121101756,139.753572881162,135.364549496118,106.077591164719,143.63408886206
"hyl-2",162.678410790383,159.005396682744,149.282225577605,121.828094546506,128.133327941542,116.188084620902
"icd-1",870.329497728551,802.650529830016,878.753526449733,1007.49900410682,824.464446181235,1073.13876582927
"icln-1",101.222122269572,127.422132958089,100.580222906897,88.9538468117346,86.1224007475939,104.2948161164
"icp-1",74.109053804508,66.4337616277218,67.7593080635938,55.1127094377051,54.6142053521327,55.8068752903543
"ida-1",374.160344817882,325.634339781784,332.444105187007,501.815722774894,451.617467334944,358.62778875113
"ifa-1",315.415363143577,258.111500094591,285.859580893287,267.828430074462,291.97594399794,255.247839442768
"ifa-4",157.255797097371,137.223835493327,143.988529635137,157.603011199052,141.786879279575,136.315154397751
"ifb-1",1123.38480340248,1092.34529364926,1173.08302085097,1558.62609848387,1622.67206286625,1587.29391194696
"ifb-2",1714.44969594087,1848.16546692203,2006.31076219547,1718.16288896144,1590.11359429094,1822.41468161288
"ifc-1",189.791479255447,230.88454860782,260.449840369439,113.126087793184,137.585786560181,181.143627991642
"ifc-2",873.040804575057,927.894506669164,978.275010168136,834.425758679641,822.363899821537,886.505936989399
"ifd-1",253.959074622765,238.508095024116,244.568752542034,260.093312960398,255.216382703236,246.099171362382
"ifd-2",147.31433866018,199.301284883165,168.339530970491,145.033445888698,128.133327941542,146.378689286175
"ife-1",92.1844327812172,93.660713114493,105.873918849365,106.357860318378,87.1726739274426,107.039416540516
"ife-2",171.716100278738,148.114616088036,148.223486389112,176.940803984211,153.339884257911,182.058494799681
"ife-3",75.0128227533434,87.1262447576679,91.0515702104542,108.291639596894,85.0721275677452,95.146148036014
"ife-4",22.5942237208866,30.4941856651838,16.9398270158985,34.8080270132875,22.0557367768228,28.3608710491965
"iff-1",38.8620647999249,40.2958882004214,45.5257851052271,38.6755855703194,29.4076490357638,39.3392727456596
"iff-2",760.069685970624,679.58470910981,718.883908987191,823.789972647803,695.280845059844,841.677463395508
"ifg-1",912.806638323817,942.052521442285,896.752092654125,851.829772186284,915.838212828072,943.227679087792
"ifp-1",460.922163906086,398.602569766331,469.021460502689,454.438130451253,436.913642817062,455.603670403221
"ify-1",17.1716100278738,26.1378734273004,13.7636094504175,29.9735788169975,18.9049172372767,24.7014038170421
"ikb-1",29.8243753115703,28.3160295462421,24.351001335354,66.7153851088009,68.2677566901659,49.4028076340842
"ile-1",289.206063627348,304.941856651838,313.386799794121,390.623414260226,323.484139393402,333.926384934087
"ile-2",119.297501246281,150.292772206977,155.634660708567,190.477258933823,149.138791538516,133.570553973635
"ima-1",25.305530567393,23.9597173083587,35.9971324087842,38.6755855703194,43.061200373797,25.6162706250807
"ima-2",216.000778771676,198.212206823695,217.041533641199,183.709031459017,206.903816430195,227.80183520161
"ima-3",545.87644509662,547.806263913837,511.371028042435,554.994652934083,571.348609837696,521.474080582
"imb-1",286.494756780842,299.496466354484,295.388233589729,212.715720636757,235.26119228611,242.439704130228
"imb-2",116.586194399775,111.085962066027,110.10887560334,74.4505022228648,105.027317984871,100.635348884246
"imb-3",2085.89873391225,1974.49852182065,2017.9568932689,1350.7448260434,1415.76824643606,1551.61410643346
"xpo-1",271.130684650639,253.755187856708,276.330928196844,230.1197341434,295.126763537487,235.120769665919
"xpo-2",116.586194399775,113.264118184968,141.87105125815,93.7882950080245,106.077591164719,95.146148036014
"xpo-3",93.0882017300527,96.9279472929056,114.343832357315,67.6822747480589,78.770488488653,87.8272135717052
"ina-1",110.259811757926,125.243976839148,138.694833692669,133.430770217602,126.032781581845,151.867890134407
"inf-1",1418.91724967168,1412.53424313369,1431.41538284342,1392.3210805315,1362.20431426377,1366.81101120966
"ins-1",20.7866858232156,14.158014773121,17.9985662043921,13.5364549496118,18.9049172372767,19.2122029688105
"ins-3",10.8452273860256,10.8907805947085,3.17621756548096,17.4040135066437,21.0054635969741,13.7230021205789
"ins-5",23.497992669722,31.5832637246546,29.6446972778223,11.6026756710958,28.3573758559151,12.8081353125403
"ins-17",34.3432200557476,50.0975907356591,46.5845242937208,40.6093648488354,44.1114735536457,37.5095391295824
"ins-18",30.7281442604057,23.9597173083587,24.351001335354,31.9073580955135,32.5584685753099,32.9352050893894
"ins-26",19.8829168743802,16.3361708920627,21.1747837698731,16.4371238673857,15.7540976977306,17.3824693527333
"ins-30",5.42261369301278,6.5344683568251,7.41117431945558,1.93377927851597,4.20109271939483,2.74460042411579
"ins-35",15.3640721302029,19.6034050704753,10.5873918849365,25.1391306207076,24.1562831365203,21.9568033929263
"inx-1",79.5316674975207,56.6320590924842,67.7593080635938,64.781605830285,78.770488488653,60.3812093305473
"inx-3",54.2261369301278,45.7412784977757,55.05443780167,50.2782612414152,55.6644785319814,42.998739977814
"inx-5",238.595002492562,206.924831299461,190.573053928858,260.093312960398,253.115836343538,233.291036049842
"inx-6",30.7281442604057,26.1378734273004,19.0573053928858,27.0729098992236,25.206556316369,36.5946723215438
"inx-7",30.7281442604057,22.8706392488878,34.9383932202906,42.5431441273513,39.9103808342508,21.0419365848877
"inx-10",28.9206063627348,32.6723417841255,27.527218900835,25.1391306207076,26.2568294962177,14.6378689286175
"inx-11",19.8829168743802,26.1378734273004,21.1747837698731,15.4702342281278,25.206556316369,19.2122029688105
"inx-12",629.023188389482,561.964278686958,497.607418592017,626.544486239174,621.761722470434,600.152626073319
"inx-13",583.834740947709,583.745839876375,617.2449468918,576.266224997759,592.35407343467,632.17296435467
"inx-15",172.619869227573,124.154898779677,159.869617462542,184.675921098275,147.038245178819,148.208422902253
"inx-16",140.084187069497,160.094474742215,161.987095839529,142.132776970924,119.731142502753,168.335492679102
"inx-17",89.4731259347108,83.8590105792554,88.9340918334669,104.424081039862,61.9661176110737,111.613750580709
"inx-18",18.9791479255447,14.158014773121,26.4684797123413,15.4702342281278,15.7540976977306,15.5527357366561
"inx-20",14.4603031813674,22.8706392488878,21.1747837698731,18.3709031459017,17.854644057428,21.9568033929263
"ipp-5",99.4145843719009,112.175040125497,122.813745865264,65.748495469543,89.27322028714,89.6569471877824
"ire-1",69.5902090603306,98.0170253523765,92.1103093989479,70.5829436658329,79.8207616685017,75.9339450672035
"gon-14",57.8412127254696,69.7009958061344,61.4068729326319,61.880936912511,86.1224007475939,67.7001437948561
"irk-1",10.8452273860256,22.8706392488878,15.8810878274048,10.6357860318378,14.7038245178819,8.23380127234736
"irk-3",38.8620647999249,34.8504979030672,35.9971324087842,35.7749166525454,26.2568294962177,37.5095391295824
"iars-1",354.277427943501,345.237744852259,335.620322752488,333.576925544005,344.489602990376,359.542655559168
"iars-2",81.3392053951917,79.502698341372,76.2292215715431,67.6822747480589,71.418576229712,73.1893446430877
"isp-1",506.110611347859,468.303565572465,508.194810476954,529.855522313376,456.868833234187,490.368609108687
"ist-1",84.9542811905335,94.7497911739639,65.6418296866065,78.3180607798968,85.0721275677452,60.3812093305473
"isw-1",209.674396129827,240.686251143058,232.922621468604,248.490637289302,241.562831365202,259.822173482961
"itr-1",469.056084445605,449.789238561461,480.667591576119,455.405020090511,450.567194155095,464.752338483607
"itx-1",528.704835068746,542.360873616483,535.722029377789,584.001342111823,557.695058499663,545.260617591003
"jac-1",108.452273860256,87.1262447576679,99.5214837184035,72.5167229443488,81.9213080281991,85.0826131475894
"jip-1",37.9582958510894,54.4539029735425,45.5257851052271,39.6424752095774,46.2120199133431,32.0203382813509
"jkk-1",4.51884474417731,5.44539029735425,6.35243513096192,14.5033445888698,8.40218543878965,6.40406765627017
"jnk-1",45.1884474417731,41.3849662598923,44.4670459167335,53.1789301591892,64.0666639707711,46.6582072099684
"jph-1",98.5108154230655,74.0573080440178,105.873918849365,80.2518400584127,101.876498445325,103.379949308361
"jtr-1",11.748996334861,21.781561189417,16.9398270158985,24.1722409814496,16.8043708775793,19.2122029688105
"kal-1",30.7281442604057,35.939575962538,37.0558715972779,29.0066891777395,31.5081953954612,24.7014038170421
"kat-1",668.789022138242,771.067266105361,784.525738673797,660.385623613204,595.504892974217,651.38516732348
"kel-1",13.5565342325319,14.158014773121,5.29369594246827,7.73511711406388,9.45245861863836,7.31893446430877
"kel-3",76.8203606510143,57.721137151955,65.6418296866065,80.2518400584127,87.1726739274426,79.5934122993578
"kgb-1",209.674396129827,185.143270110044,193.749271494339,227.219065225626,210.054635969741,171.994959911256
"kin-1",539.550062454771,500.975907356591,509.253549665447,419.630103437965,528.287409463899,440.050934666565
"kin-2",851.350349803006,861.460745041442,852.285046737391,842.160875793705,875.927831993821,828.869328082968
"kin-3",252.151536725094,228.706392488878,265.743536311907,263.96087151743,220.557367768228,268.055974755309
"kin-4",112.971118604433,88.2153228171388,87.8753526449733,99.5896328435724,115.530049783358,101.550215692284
"kin-9",35.246989004583,25.0487953678295,23.2922621468604,37.7086959310614,44.1114735536457,32.9352050893894
"kin-10",231.364850901878,274.447670986654,231.86388228011,182.742141819759,203.752996890649,199.440964152414
"kin-15",50.6110611347859,57.721137151955,55.05443780167,68.6491643873169,69.3180298700146,80.5082791073964
"kin-16",28.9206063627348,28.3160295462421,21.1747837698731,52.2120405199312,53.563932172284,44.8284735938912
"kin-18",89.4731259347108,96.9279472929056,109.050136414846,109.258529236152,112.379230243812,116.188084620902
"kin-19",554.914134584974,479.194346167174,509.253549665447,505.683281331926,505.181399507228,502.261877613189
"kin-20",86.7618190882044,121.976742660735,111.167614791834,113.126087793184,131.284147481088,117.10295142894
"sid-3",61.4562885208115,89.3044008766096,75.1704823830494,66.7153851088009,76.6699421289556,64.9555433707403
"kin-29",92.1844327812172,100.195181471318,91.0515702104542,72.5167229443488,80.8710348483504,86.9123467636666
"kin-32",25.305530567393,18.5143270110044,22.2335229583667,15.4702342281278,22.0557367768228,23.7865370090035
"klc-2",189.791479255447,215.637455775228,249.862448484502,234.95418233969,251.015289983841,217.738300313186
"klp-3",84.9542811905335,64.2556055087801,80.4641783255177,75.4173918621228,77.7202153088043,77.7636786832806
"klp-4",175.33117607408,175.341567574807,177.868183666934,175.973914344953,199.551904171254,192.122029688105
"klp-7",56.9374437766342,51.1866687951299,62.4656121211256,57.0464887162211,79.8207616685017,69.5298774109333
"gcc-1",38.8620647999249,40.2958882004214,33.8796540317969,26.1060202599656,28.3573758559151,29.2757378572351
"klp-11",39.7658337487604,37.0286540220089,26.4684797123413,28.0397995384816,29.4076490357638,31.1054714733123
"klp-12",158.159566046206,150.292772206977,138.694833692669,153.73545264202,206.903816430195,195.78149692026
"klp-16",4.51884474417731,2.1781561189417,5.29369594246827,5.80133783554791,1.05027317984871,4.57433404019298
"klp-18",17.1716100278738,15.2470928325919,14.8223486389112,13.5364549496118,21.0054635969741,26.5311374331193
"klp-19",100.318353320736,90.3934789360805,94.2277877759352,120.861204907248,99.7759520856271,107.954283348554
"klp-20",11.748996334861,20.6924831299461,20.1160445813794,16.4371238673857,15.7540976977306,18.2973361607719
"knl-1",96.7032775253945,129.600289077031,91.0515702104542,115.0598670717,123.932235222147,122.592152277172
"kpc-1",105.740967013749,118.709508482323,94.2277877759352,111.192308514668,144.937698819121,136.315154397751
"kqt-1",15.3640721302029,21.781561189417,20.1160445813794,22.2384617029336,18.9049172372767,25.6162706250807
"kqt-2",16.2678410790383,20.6924831299461,13.7636094504175,20.3046824244177,9.45245861863836,13.7230021205789
"kqt-3",16.2678410790383,17.4252489515336,9.52865269644288,15.4702342281278,14.7038245178819,18.2973361607719
"kars-1",545.87644509662,540.182717497541,589.717727990965,521.153515560054,470.522384572221,517.814613349845
"ksr-1",29.8243753115703,25.0487953678295,32.8209148433033,10.6357860318378,17.854644057428,17.3824693527333
"ksr-2",9.94145843719009,5.44539029735425,9.52865269644288,4.83444819628992,9.45245861863836,10.9784016964632
"kup-1",76.8203606510143,75.1463861034886,77.2879607600367,97.6558535650564,73.5191225894094,95.146148036014
"kvs-1",16.2678410790383,25.0487953678295,21.1747837698731,25.1391306207076,31.5081953954612,32.0203382813509
"lad-2",41.5733716464313,37.0286540220089,33.8796540317969,27.0729098992236,39.9103808342508,25.6162706250807
"laf-1",345.239738455147,340.881432614376,391.733499742652,260.093312960398,314.031680774763,320.203382813509
"lag-1",44.2846784929377,38.1177320814797,35.9971324087842,25.1391306207076,35.709288114856,25.6162706250807
"lam-1",948.957396277236,979.081175464294,958.158965586757,863.43244785738,873.827285634124,808.742258306119
"lap-1",507.91814924553,448.70016050199,518.78220236189,334.543815183263,325.584685753099,386.988659800326
"lap-2",612.755347310444,563.053356746429,557.955552336156,437.034116944609,523.036043564656,460.178004443414
"lat-1",84.9542811905335,137.223835493327,128.107441807732,100.55652248283,124.982508401996,111.613750580709
"lat-2",34.3432200557476,29.4051076057129,28.5859580893287,30.9404684562555,32.5584685753099,32.0203382813509
"lbp-1",154.544490250864,131.778445195973,177.868183666934,204.013713883435,200.602177351103,173.824693527333
"lbp-2",583.834740947709,498.797751237649,454.199111863777,533.723080870408,468.421838212523,483.964541452417
"lbp-3",266.611839906462,280.982139343479,297.505711966717,292.000671055911,268.869934041269,265.311374331193
"lbp-4",93.9919706788881,88.2153228171388,88.9340918334669,122.794984185764,100.826225265476,114.358351004824
"lbp-5",151.833183404358,154.649084444861,147.164747200618,221.417727390078,174.345347854885,179.313894375565
"lbp-6",1771.38713971751,1869.94702811145,1891.96692983816,1828.38830783685,1617.42069696701,1829.73361607719
"lbp-7",123.816345990458,125.243976839148,105.873918849365,148.90100444573,142.837152459424,115.273217812863
"ldb-1",70.4939780091661,100.195181471318,85.757874267986,96.6889639257985,105.027317984871,87.8272135717052
"ldh-1",555.81790353381,701.366270299227,719.942648175685,635.246492992496,597.605439333914,654.129767747596
"lea-1",807.065671310068,804.828685948958,804.641783255177,750.306360064196,867.525646555032,650.470300515442
"lec-1",1648.47456267588,1591.14304488691,1594.46121787144,1656.28195204893,1594.31468701034,1788.56460971545
"lec-2",753.743303328776,862.549823100913,867.107395376302,947.551846472825,998.80979403612,923.100609310943
"lec-3",481.708849729302,500.975907356591,447.846676732816,478.610371432702,504.131126327379,453.773936787144
"lec-4",272.034453599474,237.419016964645,260.449840369439,270.729098992236,278.322392659907,251.588372210614
"lec-5",1087.23404544906,1106.50330842238,990.97988043006,920.478936573601,956.798866842172,858.145065940203
"lec-6",862.195577189031,923.53819443128,966.628879094706,991.061880239434,851.771548857301,1068.56443178908
"lec-7",16.2678410790383,18.5143270110044,15.8810878274048,14.5033445888698,16.8043708775793,25.6162706250807
"lec-8",112.971118604433,94.7497911739639,135.518616127188,141.165887331666,155.440430617609,150.03815651833
"lec-9",547.68398299429,511.866687951299,511.371028042435,443.802344419415,423.260091479029,508.665945269459
"lec-10",1426.14740126236,1349.36771568438,1499.17469090701,1097.41974055781,1055.52454574795,1248.79319297268
"lec-11",70.4939780091661,102.37333759026,94.2277877759352,62.847826551769,58.8152980715276,70.4447442189719
"lem-2",212.385702976334,229.795470548349,260.449840369439,125.695653103538,120.781415682601,131.740820357558
"lem-3",15.3640721302029,14.158014773121,28.5859580893287,14.5033445888698,32.5584685753099,21.9568033929263
"lep-2",49.7072921859505,67.5228396871927,49.7607418592017,45.4438130451253,36.7595612947047,48.4879408260456
"let-2",1845.49619352202,2026.77426867525,2298.52277821972,1676.58663447335,1965.06111949693,1719.03473230452
"let-4",0,0,0,24.1722409814496,25.206556316369,23.7865370090035
"let-19",244.017616185575,231.973626667291,253.038666049983,176.940803984211,296.177036717335,259.822173482961
"ect-2",46.0922163906086,43.563122378834,52.9369594246827,52.2120405199312,56.7147517118302,41.1690063617368
"let-23",84.9542811905335,91.4825569955513,94.2277877759352,93.7882950080245,107.127864344568,96.9758816520912
"let-49",39.7658337487604,40.2958882004214,28.5859580893287,66.7153851088009,34.6590149350073,42.998739977814
"let-60",93.0882017300527,94.7497911739639,77.2879607600367,109.258529236152,87.1726739274426,85.997479955628
"let-70",323.549283683096,344.148666792788,327.150409244539,428.332110191287,402.254627882055,381.499458952094
"myo-1",2064.2082791402,1546.49084444861,1850.67610148691,1630.17593178896,1989.21740263345,1858.09448712639
"let-92",403.984720129452,385.533633052681,359.971324087842,417.696324159449,422.20981829918,390.64812703248
"let-268",150.929414455522,157.916318623273,174.691966101453,175.007024705695,157.540976977306,143.63408886206
"let-363",288.302294678513,282.07121740295,281.624624139312,277.497326467042,344.489602990376,286.35331091608
"let-413",120.201270195117,104.551493709202,106.932658037859,135.364549496118,122.881962042299,141.804355245982
"let-418",657.040025803381,634.932508671505,590.776467179459,597.537797061435,592.35407343467,564.472820559814
"let-502",93.9919706788881,116.531352363381,114.343832357315,134.39765985686,123.932235222147,122.592152277172
"let-504",61.4562885208115,75.1463861034886,65.6418296866065,44.4769234058673,45.1617467334944,37.5095391295824
"let-526",328.068128427273,312.565403068134,307.03436466316,324.874918790683,365.49506658735,320.203382813509
"let-607",417.541254361984,389.889945290564,370.558715972779,569.497997522953,444.265555076003,507.751078461421
"let-630",247.632691980917,230.88454860782,247.744970107515,265.894650795946,224.758460487623,245.184304554344
"let-653",36.1507579534185,28.3160295462421,37.0558715972779,94.7551846472825,100.826225265476,98.8056152681684
"let-711",412.118640668971,334.346964257551,401.262152439095,386.755855703194,463.17047231328,441.880668282642
"let-716",641.675953673179,543.449951675954,567.484205032598,451.537461533479,432.712550097667,456.518537211259
"let-721",389.524416948084,420.384130955748,417.1432402665,550.160204737793,464.220745493128,447.369869130873
"let-754",304.570135757551,282.07121740295,316.563017359602,379.987628228388,373.89725202614,403.456262345021
"let-756",69.5902090603306,50.0975907356591,31.7621756548096,88.9538468117346,81.9213080281991,55.8068752903543
"let-765",231.364850901878,192.76681652634,206.454141756262,191.444148573081,217.406548228682,207.674765424761
"let-767",510.629456092036,545.628107794896,538.89824694327,460.239468286801,386.500530184324,488.53887549261
"let-805",2926.40385632923,2942.68891669024,3193.15739249686,3328.03413832598,3712.71569076518,3568.89541815856
"let-858",152.736952353193,157.916318623273,172.574487724466,116.026756710958,141.786879279575,114.358351004824
"lev-1",24.4017616185575,30.4941856651838,24.351001335354,29.9735788169975,16.8043708775793,24.7014038170421
"lev-9",57.8412127254696,45.7412784977757,63.5243513096192,61.880936912511,66.1672103304685,48.4879408260456
"lev-10",43.3809095441022,29.4051076057129,39.1733499742652,31.9073580955135,34.6590149350073,32.9352050893894
"lev-11",2815.24027562247,3082.0909083025,3248.21183029853,2946.11273081908,2855.69277600863,2672.32594628074
"lfe-2",102.125891218407,128.51121101756,110.10887560334,116.993646350216,115.530049783358,119.847551853056
"lgg-1",783.567678640346,769.978188045891,650.065861735103,1133.19465721036,957.84914002202,934.993877815445
"lgg-2",255.766612520436,251.577031737766,223.393968772161,435.100337666093,398.05353516266,303.735780268814
"lgx-1",2.71130684650639,3.26723417841255,2.11747837698731,48.3444819628992,39.9103808342508,23.7865370090035
"lig-1",58.7449816743051,62.0774493898384,75.1704823830494,78.3180607798968,81.9213080281991,86.9123467636666
"lig-4",65.0713643161533,68.6119177466635,68.8180472520875,38.6755855703194,58.8152980715276,68.6150106028947
"lim-4",12.6527652836965,17.4252489515336,22.2335229583667,11.6026756710958,22.0557367768228,11.8932685045017
"lim-7",33.4394511069121,33.7614198435963,25.4097405238477,24.1722409814496,25.206556316369,24.7014038170421
"lin-1",47.8997542882795,49.0085126761882,46.5845242937208,67.6822747480589,53.563932172284,64.9555433707403
"lin-2",55.1299058789632,69.7009958061344,69.8767864405811,46.4107026843833,61.9661176110737,54.8920084823158
"lin-3",28.9206063627348,26.1378734273004,33.8796540317969,24.1722409814496,22.0557367768228,29.2757378572351
"lin-5",106.644735962585,128.51121101756,87.8753526449733,142.132776970924,112.379230243812,133.570553973635
"lin-7",22.5942237208866,28.3160295462421,32.8209148433033,16.4371238673857,24.1562831365203,39.3392727456596
"lin-8",16.2678410790383,10.8907805947085,12.7048702619238,15.4702342281278,8.40218543878965,15.5527357366561
"lin-9",53.3223679812923,78.4136202819012,53.9956986131763,69.6160540265749,46.2120199133431,69.5298774109333
"lin-10",82.2429743440271,81.6808544603137,86.8166134564796,61.880936912511,97.6754057259297,61.2960761385859
"lin-13",225.942237208866,222.171924132053,246.686230919021,232.053513421916,241.562831365202,234.205902857881
"lin-14",558.529210380316,521.668390486537,456.316590240765,520.186625920796,495.728940888589,440.965801474603
"lin-17",56.0336748277987,64.2556055087801,68.8180472520875,41.5762544880933,67.2174835103172,52.1474080582
"lin-18",46.0922163906086,57.721137151955,58.230655367151,41.5762544880933,49.3628394528892,34.7649387054666
"lin-23",141.891724967168,150.292772206977,145.047268823631,197.245486408629,165.943162416096,169.25035948714
"lin-24",95.7995085765591,147.025538028565,130.224920184719,139.23210805315,147.038245178819,172.909826719295
"lin-25",44.2846784929377,51.1866687951299,38.1146107857715,43.5100337666093,45.1617467334944,39.3392727456596
"lin-26",19.8829168743802,31.5832637246546,43.4083067282398,31.9073580955135,30.4579222156125,42.0838731697754
"lin-28",166.293486585725,139.401991612269,160.928356651035,172.106355787921,150.189064718365,164.676025446947
"lin-33",100.318353320736,114.353196244439,92.1103093989479,141.165887331666,107.127864344568,96.9758816520912
"lin-35",167.197255534561,128.51121101756,123.872485053757,217.550168833047,197.451357811557,201.270697768491
"lin-36",91.2806638323817,80.5917764008429,75.1704823830494,119.89431526799,114.479776603509,108.869150156593
"lin-37",54.2261369301278,49.0085126761882,47.6432634822144,39.6424752095774,46.2120199133431,53.0622748662386
"lin-39",35.246989004583,38.1177320814797,37.0558715972779,34.8080270132875,38.8601076544021,35.6798055135052
"lin-40",130.142728632307,127.422132958089,148.223486389112,135.364549496118,132.334420660937,121.677285469133
"lin-41",97.60704647423,62.0774493898384,82.581656702505,47.3775923236412,85.0721275677452,82.3380127234736
"lin-45",86.7618190882044,87.1262447576679,81.5229175140113,92.8214053687665,88.2229471072913,84.1677463395508
"lin-49",82.2429743440271,82.7699325197845,74.1117431945558,116.026756710958,91.3737666468375,96.0610148440526
"lin-53",178.042482920586,174.252489515336,172.574487724466,242.689299453754,224.758460487623,247.014038170421
"lin-54",32.5356821580767,35.939575962538,26.4684797123413,25.1391306207076,25.206556316369,23.7865370090035
"lin-56",28.0168374138993,17.4252489515336,20.1160445813794,28.0397995384816,28.3573758559151,21.9568033929263
"lin-59",174.427407125244,184.054192050574,153.51718233158,139.23210805315,177.496167394431,174.739560335372
"lin-61",44.2846784929377,54.4539029735425,59.2893945556446,60.914047273253,55.6644785319814,53.0622748662386
"lip-1",109.356042809091,105.640571768672,77.2879607600367,85.0862882547027,106.077591164719,70.4447442189719
"lir-1",20.7866858232156,29.4051076057129,17.9985662043921,31.9073580955135,32.5584685753099,18.2973361607719
"lir-2",18.0753789767093,17.4252489515336,26.4684797123413,39.6424752095774,31.5081953954612,27.4460042411579
"lis-1",144.603031813674,130.689367136502,139.753572881162,153.73545264202,123.932235222147,164.676025446947
"lit-1",101.222122269572,87.1262447576679,102.697701283884,112.159198153926,132.334420660937,118.017818236979
"lmn-1",1314.9838205556,1203.43125571529,1284.2506356428,945.618067194309,1003.01088675551,969.758816520912
"lmp-1",528.704835068746,549.984420032779,569.601683409586,512.451508806732,439.014189176759,488.53887549261
"lon-1",33.4394511069121,22.8706392488878,22.2335229583667,41.5762544880933,39.9103808342508,57.6366089064315
"lon-2",80.4354364463562,83.8590105792554,70.9355256290748,67.6822747480589,73.5191225894094,75.0190782591649
"lon-3",0,1.08907805947085,0,21.2715720636757,25.206556316369,18.2973361607719
"lpd-2",89.4731259347108,79.502698341372,93.1690485874415,61.880936912511,61.9661176110737,58.5514757144701
"lpd-3",263.900533059955,215.637455775228,235.040099845591,161.470569756083,225.808733667472,236.950503281996
"lpd-5",253.959074622765,286.427529640833,242.451274165047,265.894650795946,262.568294962177,276.289776027656
"lpd-6",576.604589357025,569.587825103254,499.724896969005,280.397995384816,269.920207221118,281.778976875888
"lpd-7",269.323146752968,240.686251143058,302.799407909185,204.980603522693,207.954089610044,243.354570938267
"lpd-8",117.48996334861,127.422132958089,119.637528299783,108.291639596894,97.6754057259297,109.784016964632
"lpd-9",133.757804427648,161.183552801686,134.459876938694,132.463880578344,122.881962042299,140.889488437944
"lpl-1",13.5565342325319,18.5143270110044,8.46991350794923,7.73511711406388,13.6535513380332,11.8932685045017
"lrk-1",70.4939780091661,58.8102152114259,58.230655367151,44.4769234058673,69.3180298700146,59.4663425225087
"lrp-1",634.445802082495,600.082010768438,613.009990137826,987.194321682402,1294.98683075346,1013.67242330676
"lrp-2",186.176403460105,202.568519061578,206.454141756262,172.106355787921,350.791242069468,275.374909219617
"lars-1",378.679189562059,348.504979030672,420.319457831981,300.702677809233,333.986871191889,354.053454710937
"lars-2",124.720114939294,136.134757433856,114.343832357315,113.126087793184,108.178137524417,131.740820357558
"lsm-1",19.8829168743802,31.5832637246546,23.2922621468604,24.1722409814496,23.1060099566715,34.7649387054666
"lsm-3",65.0713643161533,46.8303565572465,47.6432634822144,84.1193986154447,53.563932172284,72.2744778350491
"lsm-4",42.4771405952668,32.6723417841255,44.4670459167335,45.4438130451253,44.1114735536457,47.573074018007
"lsm-5",54.2261369301278,35.939575962538,38.1146107857715,29.0066891777395,30.4579222156125,35.6798055135052
"lsm-6",44.2846784929377,66.4337616277218,63.5243513096192,54.1458197984471,54.6142053521327,58.5514757144701
"lsm-7",39.7658337487604,37.0286540220089,41.2908283512525,47.3775923236412,36.7595612947047,45.7433404019298
"lsm-8",37.9582958510894,39.2068101409506,37.0558715972779,40.6093648488354,43.061200373797,43.9136067858526
"lst-2",127.4314217858,111.085962066027,95.2865269644288,121.828094546506,145.98797199897,115.273217812863
"ccar-1",397.658337487604,316.921715306017,367.382498407298,418.663213798707,415.908179220088,394.307594264635
"lst-4",89.4731259347108,105.640571768672,94.2277877759352,96.6889639257985,97.6754057259297,96.9758816520912
"lsy-2",58.7449816743051,72.9682299845469,55.05443780167,51.2451508806732,55.6644785319814,58.5514757144701
"ltd-1",100.318353320736,101.284259530789,91.0515702104542,140.198997692408,154.39015743776,126.251619509326
"lys-1",798.027981821714,760.176485510653,1031.21196959282,623.6438173214,596.555166154065,870.038334444705
"lys-2",1099.88681073276,1279.66671987825,1480.11738551413,640.080941188786,734.140952714246,946.887146319947
"lys-3",17.1716100278738,10.8907805947085,10.5873918849365,18.3709031459017,16.8043708775793,12.8081353125403
"lys-4",52.4185990324568,59.8992932708967,34.9383932202906,135.364549496118,155.440430617609,128.996219933442
"lys-7",39.7658337487604,33.7614198435963,37.0558715972779,126.662542742796,109.228410704265,120.762418661095
"lys-8",407.599795924794,429.096755431515,422.436936208968,473.775923236412,383.349710644778,449.199602746951
"mab-5",31.6319132092412,18.5143270110044,21.1747837698731,20.3046824244177,19.9551904171254,22.8716702009649
"mab-20",77.7241295998498,63.1665274493093,75.1704823830494,82.1856193369287,87.1726739274426,55.8068752903543
"mab-21",21.6904547720511,15.2470928325919,23.2922621468604,19.3377927851597,31.5081953954612,27.4460042411579
"mac-1",159.063334995041,147.025538028565,163.045835028023,86.0531778939606,88.2229471072913,87.8272135717052
"mag-1",150.929414455522,181.876035931632,163.045835028023,172.106355787921,163.842616056398,193.951763304182
"map-1",126.527652836965,115.44227430391,114.343832357315,94.7551846472825,116.580322963206,98.8056152681684
"map-2",487.131463422314,445.432926323577,473.256417256663,407.060538127612,397.003261982811,385.158926184249
"mat-1",59.6487506231405,55.5429810330133,59.2893945556446,53.1789301591892,61.9661176110737,55.8068752903543
"mat-2",60.552519571976,70.7900738656052,67.7593080635938,68.6491643873169,75.6196689491069,79.5934122993578
"mat-3",73.2052848556725,69.7009958061344,73.0530040060621,57.0464887162211,52.5136589924353,43.9136067858526
"mau-2",38.8620647999249,30.4941856651838,34.9383932202906,19.3377927851597,35.709288114856,43.9136067858526
"mau-8",32.5356821580767,62.0774493898384,53.9956986131763,37.7086959310614,47.2622930931918,44.8284735938912
"max-1",37.9582958510894,42.4740443193631,38.1146107857715,36.7418062918034,54.6142053521327,53.0622748662386
"max-2",109.356042809091,109.996884006556,127.048702619238,90.8876260902505,105.027317984871,104.2948161164
"mbf-1",338.009586864463,334.346964257551,263.62605793492,549.193315098535,460.019652773733,429.072532970101
"mbk-1",97.60704647423,93.660713114493,99.5214837184035,117.960535989474,108.178137524417,104.2948161164
"mbk-2",169.004793432232,188.410504288457,160.928356651035,231.086623782658,223.708187307774,212.249099464954
"mca-1",700.420935347484,761.265563570124,812.052957574632,495.047495300088,558.745331679512,558.983619711582
"mca-3",1255.33506993246,1195.80770929899,1319.18902886309,1191.20803556584,1290.78573803406,1162.79571301706
"mcm-2",212.385702976334,166.62894309904,163.045835028023,207.881272440467,217.406548228682,224.142367969456
"mcm-3",168.101024483396,163.361708920627,177.868183666934,187.576590016049,213.205455509287,229.631568817688
"mcm-4",169.004793432232,176.430645634278,174.691966101453,177.907693623469,210.054635969741,206.759898616723
"mcm-5",217.808316669347,188.410504288457,202.219185002288,268.79531971372,268.869934041269,322.947983237624
"mcm-6",261.189226213449,209.102987418403,196.92548905982,231.086623782658,246.814197264446,283.608710491965
"mcm-7",137.37288022299,127.422132958089,131.283659373213,174.040135066437,196.401084631708,175.65442714341
"mdf-1",72.301515906837,75.1463861034886,64.5830904981129,71.5498333050909,63.0163907909224,68.6150106028947
"mdf-2",38.8620647999249,43.563122378834,48.7020026707081,48.3444819628992,52.5136589924353,55.8068752903543
"mdh-2",1483.08484503899,1469.16630222618,1487.52855983358,1537.3545264202,1514.49392534183,1592.7831127952
"mdl-1",436.520402287529,444.343848264107,429.848110528423,370.318731835808,479.974843190859,410.77519680933
"mdt-6",19.8829168743802,34.8504979030672,29.6446972778223,17.4040135066437,18.9049172372767,24.7014038170421
"mec-1",114.778656502104,129.600289077031,102.697701283884,105.39097067912,118.680869322904,90.571813995821
"mec-2",33.4394511069121,33.7614198435963,27.527218900835,27.0729098992236,35.709288114856,38.424405937621
"mec-4",22.5942237208866,23.9597173083587,33.8796540317969,26.1060202599656,11.5530049783358,22.8716702009649
"mec-5",124.720114939294,145.936459969094,124.931224242251,151.801673363504,136.535513380332,111.613750580709
"mec-6",18.0753789767093,32.6723417841255,20.1160445813794,12.5695653103538,21.0054635969741,18.2973361607719
"mec-7",206.059320334486,243.95348532147,208.57162013325,181.775252180501,204.803270070498,171.080093103217
"mec-8",60.552519571976,87.1262447576679,71.9942648175684,53.1789301591892,71.418576229712,68.6150106028947
"mec-9",63.2638264184824,75.1463861034886,64.5830904981129,62.847826551769,52.5136589924353,53.9771416742772
"mec-10",18.0753789767093,20.6924831299461,23.2922621468604,18.3709031459017,7.35191225894095,18.2973361607719
"mec-12",349.758583199324,378.999164695856,390.674760554158,351.947828689906,347.640422529922,327.522317277817
"mec-17",277.457067292487,208.013909358932,178.926922855427,233.020403061174,242.613104545051,187.547695647912
"mec-18",54.2261369301278,41.3849662598923,59.2893945556446,58.9802679947371,45.1617467334944,52.1474080582
"mef-2",182.561327664763,169.896177277452,131.283659373213,188.543479655307,168.043708775793,173.824693527333
"mei-1",17.1716100278738,20.6924831299461,21.1747837698731,32.8742477347715,19.9551904171254,18.2973361607719
"mek-1",44.2846784929377,55.5429810330133,60.3481337441383,50.2782612414152,36.7595612947047,45.7433404019298
"mek-2",178.042482920586,194.944972645282,202.219185002288,215.616389554531,181.697260113826,183.888228415758
"mel-11",75.0128227533434,80.5917764008429,88.9340918334669,86.0531778939606,91.3737666468375,77.7636786832806
"mel-26",94.8957396277236,74.0573080440178,66.7005688751002,59.947157633995,82.9715812080478,64.0406765627017
"mel-28",218.712085618182,198.212206823695,217.041533641199,175.007024705695,174.345347854885,133.570553973635
"mel-32",558.529210380316,454.145550799344,477.491374010638,720.332781247199,673.225108283021,678.831171564638
"mep-1",216.904547720511,239.597173083587,218.100272829693,251.391306207076,216.356275048834,245.184304554344
"mes-2",52.4185990324568,40.2958882004214,46.5845242937208,44.4769234058673,44.1114735536457,59.4663425225087
"mes-3",37.054526902254,27.2269514867712,38.1146107857715,23.2053513421916,27.3071026760664,38.424405937621
"mes-4",37.054526902254,37.0286540220089,22.2335229583667,29.0066891777395,32.5584685753099,42.0838731697754
"mes-6",7.2301515906837,9.80170253523765,7.41117431945558,9.66889639257985,10.5027317984871,14.6378689286175
"mev-1",303.666366808716,304.941856651838,269.978493065882,273.62976791001,263.618568142025,293.672245380389
"mex-3",51.5148300836214,50.0975907356591,50.8194810476954,21.2715720636757,31.5081953954612,31.1054714733123
"mgl-1",19.8829168743802,18.5143270110044,21.1747837698731,16.4371238673857,18.9049172372767,13.7230021205789
"mgl-2",35.246989004583,41.3849662598923,28.5859580893287,37.7086959310614,39.9103808342508,32.0203382813509
"mif-1",55.1299058789632,55.5429810330133,43.4083067282398,38.6755855703194,51.4633858125866,51.2325412501614
"mif-2",150.929414455522,172.074333396394,152.458443143086,171.139466148663,148.088518358668,159.186824598716
"mif-3",28.0168374138993,30.4941856651838,31.7621756548096,36.7418062918034,35.709288114856,31.1054714733123
"mif-4",23.497992669722,26.1378734273004,17.9985662043921,40.6093648488354,40.9606540140996,19.2122029688105
"mig-1",47.8997542882795,60.9883713303676,51.878220236189,41.5762544880933,50.4131126327379,43.9136067858526
"mig-2",34.3432200557476,35.939575962538,30.703436466316,41.5762544880933,28.3573758559151,49.4028076340842
"mig-5",46.0922163906086,51.1866687951299,51.878220236189,61.880936912511,53.563932172284,51.2325412501614
"mig-6",1519.23560299241,1758.86106604542,1977.72480410615,1467.73847239362,1575.40976977306,1519.59376815211
"mig-10",140.987956018332,181.876035931632,146.106008012124,141.165887331666,173.295074675037,175.65442714341
"mig-14",50.6110611347859,56.6320590924842,56.1131769901637,54.1458197984471,51.4633858125866,47.573074018007
"mig-15",169.004793432232,162.272630861157,197.984228248313,167.271907591631,204.803270070498,191.207162880067
"mig-18",28.9206063627348,16.3361708920627,25.4097405238477,39.6424752095774,36.7595612947047,24.7014038170421
"mig-22",84.050512241698,103.462415649731,97.4040053414162,122.794984185764,120.781415682601,94.2312812279754
"mig-23",29.8243753115703,28.3160295462421,30.703436466316,19.3377927851597,24.1562831365203,32.0203382813509
"cogc-1",42.4771405952668,55.5429810330133,52.9369594246827,52.2120405199312,64.0666639707711,64.0406765627017
"mix-1",319.030438938918,269.0022806893,211.747837698731,373.219400753582,326.634958932948,332.09665131801
"mkk-4",46.9959853394441,32.6723417841255,37.0558715972779,39.6424752095774,38.8601076544021,32.9352050893894
"mlc-1",948.0536273284,1238.28175361836,1294.83802752774,1096.45285091855,1071.27864344568,1203.04985257075
"mlc-2",805.258133412397,954.032380096464,1161.43688977754,733.86923619681,704.733303678482,885.591070181361
"mlc-3",1871.70549303824,1965.78589734488,2236.0571660986,2111.68697213944,1899.94418234631,1949.58116793025
"mlc-4",115.682425450939,121.976742660735,125.989963430745,163.404349034599,129.183601121391,147.293556094214
"mlh-1",16.2678410790383,26.1378734273004,21.1747837698731,23.2053513421916,24.1562831365203,13.7230021205789
"mlk-1",85.858050139369,64.2556055087801,57.1719161786573,70.5829436658329,68.2677566901659,70.4447442189719
"mlp-1",65.0713643161533,50.0975907356591,65.6418296866065,54.1458197984471,87.1726739274426,83.2528795315122
"mls-2",9.94145843719009,8.71262447576679,20.1160445813794,2.90066891777395,5.25136589924353,5.48920084823158
"mml-1",244.92138513441,270.091358748771,213.865316075718,232.053513421916,314.031680774763,304.650647076852
"moc-1",18.0753789767093,26.1378734273004,21.1747837698731,11.6026756710958,16.8043708775793,25.6162706250807
"moc-2",19.8829168743802,20.6924831299461,16.9398270158985,25.1391306207076,21.0054635969741,19.2122029688105
"mod-1",14.4603031813674,35.939575962538,17.9985662043921,15.4702342281278,18.9049172372767,19.2122029688105
"mod-5",18.0753789767093,20.6924831299461,19.0573053928858,10.6357860318378,18.9049172372767,25.6162706250807
"moe-3",26.2092995162284,13.0689367136502,16.9398270158985,26.1060202599656,22.0557367768228,40.2541395536982
"mog-1",139.180418120661,160.094474742215,153.51718233158,165.338128313115,161.742069696701,164.676025446947
"mog-2",135.565342325319,123.065820720206,113.285093168821,145.033445888698,141.786879279575,143.63408886206
"mog-3",45.1884474417731,46.8303565572465,56.1131769901637,56.0795990769631,46.2120199133431,60.3812093305473
"mog-4",86.7618190882044,93.660713114493,85.757874267986,69.6160540265749,68.2677566901659,75.9339450672035
"mog-5",135.565342325319,157.916318623273,132.342398561707,99.5896328435724,131.284147481088,108.869150156593
"mom-4",28.0168374138993,39.2068101409506,39.1733499742652,35.7749166525454,35.709288114856,26.5311374331193
"mom-5",77.7241295998498,86.0371666981971,77.2879607600367,93.7882950080245,106.077591164719,87.8272135717052
"dapk-1",74.109053804508,72.9682299845469,83.6403958909986,78.3180607798968,94.5245861863836,80.5082791073964
"mpk-1",339.817124762134,348.504979030672,341.97275788345,272.662878270752,306.679768515822,311.054714733123
"mpk-2",46.9959853394441,38.1177320814797,57.1719161786573,48.3444819628992,39.9103808342508,37.5095391295824
"mpz-1",206.059320334486,150.292772206977,193.749271494339,133.430770217602,238.412011825656,176.569293951449
"mre-11",38.8620647999249,39.2068101409506,40.2320891627588,39.6424752095774,36.7595612947047,28.3608710491965
"mrg-1",113.874887553268,119.798586541793,112.226353980327,99.5896328435724,112.379230243812,115.273217812863
"mrp-1",351.566121096995,288.605685759775,318.68049573659,293.934450334427,373.89725202614,350.393987478782
"mrp-2",738.379231198573,639.288820909389,650.065861735103,163.404349034599,231.060099566715,212.249099464954
"mrp-3",142.795493916003,126.333054898619,123.872485053757,113.126087793184,130.23387430124,112.528617388747
"mrp-4",273.841991497145,231.973626667291,227.628925526136,295.868229612943,279.372665839756,307.395247500968
"mrp-5",681.441787421939,786.314358937953,717.825169798697,830.558200122609,794.006523965622,767.573251944382
"mrp-6",86.7618190882044,89.3044008766096,67.7593080635938,22.2384617029336,23.1060099566715,19.2122029688105
"mrp-7",159.967103943877,140.49106967174,164.104574216516,140.198997692408,144.937698819121,139.059754821867
"mrp-8",109.356042809091,102.37333759026,113.285093168821,88.9538468117346,113.42950342366,99.7204820762069
"mars-1",318.126669990083,364.841149922735,328.209148433033,338.411373740295,323.484139393402,395.222461072673
"mrt-2",10.8452273860256,5.44539029735425,7.41117431945558,2.90066891777395,4.20109271939483,11.8932685045017
"msh-2",85.858050139369,84.9480886387262,79.405439137024,58.0133783554791,58.8152980715276,79.5934122993578
"msh-6",121.105039143952,116.531352363381,119.637528299783,137.298328774634,131.284147481088,147.293556094214
"msi-1",168.101024483396,213.459299656286,228.687664714629,156.636121559794,120.781415682601,133.570553973635
"mtd-1",48.803523237115,41.3849662598923,44.4670459167335,49.3113716021572,36.7595612947047,30.1906046652737
"mtk-1",205.15555138565,204.74667518052,175.750705289947,249.45752692856,269.920207221118,205.845031808684
"mtl-1",17.1716100278738,20.6924831299461,19.0573053928858,4.83444819628992,5.25136589924353,2.74460042411579
"mtl-2",337.105817915628,343.059588733318,344.090236260437,19.3377927851597,17.854644057428,9.14866808038596
"mtm-1",49.7072921859505,53.3648249140716,39.1733499742652,35.7749166525454,43.061200373797,56.7217420983929
"mtm-3",433.809095441022,343.059588733318,309.151843040147,492.146826382314,502.030579967682,461.092871251452
"mtm-5",36.1507579534185,23.9597173083587,26.4684797123413,40.6093648488354,36.7595612947047,41.1690063617368
"mtm-6",58.7449816743051,66.4337616277218,48.7020026707081,54.1458197984471,51.4633858125866,59.4663425225087
"mtm-9",35.246989004583,37.0286540220089,28.5859580893287,44.4769234058673,29.4076490357638,43.9136067858526
"klf-3",29.8243753115703,27.2269514867712,40.2320891627588,16.4371238673857,19.9551904171254,15.5527357366561
"mua-3",103.933429116078,95.8388692334347,73.0530040060621,332.610035904747,314.031680774763,280.864110067849
"mua-6",394.043261692262,417.116896777335,379.028629480728,613.97492092882,660.621830124836,748.361048975571
"mup-2",2139.22110189354,1946.18249227441,1895.14314740364,2291.52844504142,2058.53543250346,2054.79085085469
"mup-4",891.116183551766,857.104432803558,864.989916999315,1280.16188237757,1335.94748476755,1329.30147208008
"mut-7",35.246989004583,33.7614198435963,31.7621756548096,29.0066891777395,33.6087417551586,33.850071897428
"mut-14",10.8452273860256,13.0689367136502,25.4097405238477,8.70200675332186,11.5530049783358,19.2122029688105
"mut-16",86.7618190882044,104.551493709202,91.0515702104542,89.9207364509926,84.0218543878965,73.1893446430877
"mxl-1",27.1130684650639,19.6034050704753,14.8223486389112,32.8742477347715,21.0054635969741,31.1054714733123
"mxl-2",46.9959853394441,32.6723417841255,46.5845242937208,54.1458197984471,60.915844431225,51.2325412501614
"mxl-3",401.273413282946,417.116896777335,415.025761889512,292.967560695169,411.707086500693,425.413065737947
"myo-2",1569.8466641272,1212.14388019106,1395.41825043464,1352.67860532192,1762.35839578613,1490.31803029487
"myo-3",3053.83527811503,3173.57346529805,3336.0871829435,2367.9127265428,2717.0567162686,2434.4605761907
"nab-1",65.0713643161533,69.7009958061344,73.0530040060621,72.5167229443488,93.4743130065349,90.571813995821
"nac-1",131.046497581142,120.887664601264,155.634660708567,209.815051718983,207.954089610044,224.142367969456
"nac-2",9.94145843719009,4.3563122378834,5.29369594246827,10.6357860318378,15.7540976977306,13.7230021205789
"nac-3",352.46989004583,372.46469633903,307.03436466316,403.19297957058,415.908179220088,337.585852166242
"nas-9",67.7826711626597,74.0573080440178,64.5830904981129,88.9538468117346,75.6196689491069,76.848811875242
"nas-11",99.4145843719009,95.8388692334347,78.3466999485304,122.794984185764,124.982508401996,118.017818236979
"nas-25",19.8829168743802,27.2269514867712,15.8810878274048,29.9735788169975,15.7540976977306,19.2122029688105
"nas-31",90.3768948835463,78.4136202819012,68.8180472520875,74.4505022228648,52.5136589924353,48.4879408260456
"nas-32",14.4603031813674,21.781561189417,25.4097405238477,25.1391306207076,19.9551904171254,16.4676025446947
"nas-37",0.903768948835463,2.1781561189417,1.05873918849365,28.0397995384816,27.3071026760664,21.0419365848877
"nas-39",16.2678410790383,13.0689367136502,8.46991350794923,10.6357860318378,12.6032781581845,7.31893446430877
"nca-2",37.054526902254,41.3849662598923,27.527218900835,22.2384617029336,44.1114735536457,32.9352050893894
"ncl-1",438.327940185199,444.343848264107,411.849544324031,414.795655241675,422.20981829918,446.455002322835
"ncr-1",136.469111274155,156.827240563802,127.048702619238,144.06655624944,161.742069696701,154.612490558523
"ncs-2",660.655101598723,713.346128953406,656.418296866065,792.849504191547,663.772649664382,737.382647279108
"ncs-3",32.5356821580767,27.2269514867712,23.2922621468604,36.7418062918034,32.5584685753099,25.6162706250807
"ncx-1",214.193240874005,184.054192050574,173.633226912959,281.364885024074,260.467748602479,272.630308795502
"ncx-2",652.521181059204,556.518888389604,628.89107796523,604.30602453624,652.219644686047,612.045894577821
"ncx-3",250.343998827423,192.76681652634,240.333795788059,221.417727390078,265.719114501723,250.673505402575
"ncx-4",149.121876557851,145.936459969094,138.694833692669,105.39097067912,128.133327941542,122.592152277172
"ncx-6",28.0168374138993,45.7412784977757,33.8796540317969,55.1127094377051,51.4633858125866,41.1690063617368
"ncx-7",91.2806638323817,81.6808544603137,84.6991350794923,61.880936912511,52.5136589924353,67.7001437948561
"ncx-8",17.1716100278738,22.8706392488878,19.0573053928858,19.3377927851597,24.1562831365203,18.2973361607719
"ndc-80",78.6278985486853,84.9480886387262,76.2292215715431,88.9538468117346,109.228410704265,85.997479955628
"ndg-4",106.644735962585,89.3044008766096,75.1704823830494,104.424081039862,92.4240398266862,99.7204820762069
"ndx-1",16.2678410790383,20.6924831299461,33.8796540317969,28.0397995384816,18.9049172372767,21.9568033929263
"ndx-2",23.497992669722,26.1378734273004,29.6446972778223,17.4040135066437,23.1060099566715,21.9568033929263
"ndx-3",20.7866858232156,22.8706392488878,19.0573053928858,21.2715720636757,16.8043708775793,19.2122029688105
"ndx-4",52.4185990324568,59.8992932708967,46.5845242937208,32.8742477347715,52.5136589924353,41.1690063617368
"dcap-2",84.9542811905335,72.9682299845469,74.1117431945558,76.3842815013808,86.1224007475939,67.7001437948561
"ndx-6",39.7658337487604,32.6723417841255,46.5845242937208,31.9073580955135,37.8098344745534,34.7649387054666
"ndx-7",56.0336748277987,51.1866687951299,61.4068729326319,58.0133783554791,53.563932172284,64.9555433707403
"ndx-9",65.9751332649888,67.5228396871927,61.4068729326319,45.4438130451253,58.8152980715276,68.6150106028947
"ned-8",84.050512241698,148.114616088036,101.638962095391,102.490301761346,93.4743130065349,110.69888377267
"nex-1",322.64551473426,349.594057090143,357.853845710855,402.226089931322,363.394520227652,392.477860648558
"nex-2",141.891724967168,155.738162504331,143.988529635137,180.808362541243,163.842616056398,168.335492679102
"nex-3",40.6696026975958,38.1177320814797,40.2320891627588,21.2715720636757,35.709288114856,16.4676025446947
"nex-4",77.7241295998498,81.6808544603137,91.0515702104542,84.1193986154447,91.3737666468375,62.2109429466245
"nfi-1",46.0922163906086,35.939575962538,47.6432634822144,27.0729098992236,32.5584685753099,30.1906046652737
"nfm-1",54.2261369301278,42.4740443193631,42.3495675397462,34.8080270132875,49.3628394528892,48.4879408260456
"nft-1",46.9959853394441,44.6522004383048,61.4068729326319,51.2451508806732,33.6087417551586,40.2541395536982
"ngp-1",350.66235214816,283.160295462421,308.093103851653,249.45752692856,247.864470444295,258.907306674923
"nhl-1",54.2261369301278,49.0085126761882,63.5243513096192,39.6424752095774,42.0109271939483,48.4879408260456
"nhl-2",215.09700982284,218.904689953641,215.982794452705,265.894650795946,314.031680774763,257.077573058845
"nhl-3",43.3809095441022,50.0975907356591,40.2320891627588,80.2518400584127,79.8207616685017,55.8068752903543
"nhr-1",216.904547720511,252.666109797237,262.567318746426,146.000335527956,217.406548228682,171.994959911256
"nhr-3",71.3977469580016,109.996884006556,124.931224242251,57.0464887162211,71.418576229712,64.0406765627017
"nhr-4",61.4562885208115,89.3044008766096,64.5830904981129,49.3113716021572,72.4688494095607,58.5514757144701
"nhr-5",26.2092995162284,37.0286540220089,19.0573053928858,36.7418062918034,33.6087417551586,33.850071897428
"nhr-6",58.7449816743051,63.1665274493093,67.7593080635938,71.5498333050909,63.0163907909224,77.7636786832806
"nhr-7",117.48996334861,76.2354641629595,82.581656702505,115.0598670717,115.530049783358,115.273217812863
"nhr-8",87.6655880370399,105.640571768672,111.167614791834,101.523412122088,72.4688494095607,102.465082500323
"nhr-10",89.4731259347108,100.195181471318,74.1117431945558,96.6889639257985,110.278683884114,103.379949308361
"nhr-11",35.246989004583,32.6723417841255,33.8796540317969,29.0066891777395,24.1562831365203,32.0203382813509
"nhr-13",15.3640721302029,14.158014773121,8.46991350794923,24.1722409814496,21.0054635969741,21.9568033929263
"nhr-14",23.497992669722,28.3160295462421,35.9971324087842,26.1060202599656,42.0109271939483,21.0419365848877
"nhr-17",252.151536725094,182.965113991103,130.224920184719,191.444148573081,209.004362789893,184.803095223796
"nhr-19",201.540475590308,217.81561189417,151.399703954592,115.0598670717,162.792342876549,150.953023326368
"nhr-20",38.8620647999249,53.3648249140716,51.878220236189,38.6755855703194,46.2120199133431,42.0838731697754
"nhr-21",88.5693569858754,96.9279472929056,83.6403958909986,87.0200675332186,123.932235222147,90.571813995821
"nhr-22",39.7658337487604,33.7614198435963,35.9971324087842,43.5100337666093,45.1617467334944,45.7433404019298
"nhr-23",10.8452273860256,8.71262447576679,11.6461310734302,18.3709031459017,25.206556316369,18.2973361607719
"nhr-25",38.8620647999249,42.4740443193631,41.2908283512525,45.4438130451253,40.9606540140996,39.3392727456596
"nhr-28",44.2846784929377,35.939575962538,52.9369594246827,43.5100337666093,50.4131126327379,45.7433404019298
"nhr-31",292.82113942269,311.476325008663,313.386799794121,194.344817490855,249.965016803992,242.439704130228
"nhr-32",55.1299058789632,62.0774493898384,47.6432634822144,56.0795990769631,63.0163907909224,57.6366089064315
"nhr-34",122.912577041623,116.531352363381,135.518616127188,94.7551846472825,124.982508401996,86.9123467636666
"nhr-35",65.9751332649888,68.6119177466635,88.9340918334669,43.5100337666093,64.0666639707711,55.8068752903543
"nhr-40",112.067349655597,107.818727887614,97.4040053414162,108.291639596894,144.937698819121,109.784016964632
"nhr-42",61.4562885208115,68.6119177466635,46.5845242937208,64.781605830285,76.6699421289556,52.1474080582
"nhr-43",39.7658337487604,29.4051076057129,28.5859580893287,67.6822747480589,45.1617467334944,59.4663425225087
"nhr-44",28.9206063627348,38.1177320814797,30.703436466316,29.0066891777395,29.4076490357638,36.5946723215438
"nhr-45",150.025645506687,184.054192050574,154.575921520073,151.801673363504,136.535513380332,129.911086741481
"nhr-46",103.933429116078,127.422132958089,123.872485053757,133.430770217602,121.83168886245,105.209682924439
"nhr-47",35.246989004583,40.2958882004214,38.1146107857715,46.4107026843833,32.5584685753099,34.7649387054666
"nhr-48",69.5902090603306,91.4825569955513,82.581656702505,87.9869571724766,98.7256789057784,78.6785454913192
"nhr-49",214.193240874005,237.419016964645,257.273622803958,241.722409814496,248.914743624143,223.227501161417
"nhr-50",19.8829168743802,27.2269514867712,19.0573053928858,27.0729098992236,18.9049172372767,31.1054714733123
"nhr-53",18.0753789767093,26.1378734273004,17.9985662043921,15.4702342281278,22.0557367768228,21.9568033929263
"nhr-55",22.5942237208866,15.2470928325919,21.1747837698731,11.6026756710958,15.7540976977306,21.9568033929263
"nhr-56",18.9791479255447,25.0487953678295,12.7048702619238,16.4371238673857,30.4579222156125,28.3608710491965
"nhr-57",10.8452273860256,13.0689367136502,4.23495675397461,7.73511711406388,10.5027317984871,11.8932685045017
"nhr-59",17.1716100278738,20.6924831299461,11.6461310734302,22.2384617029336,18.9049172372767,19.2122029688105
"nhr-60",3.61507579534185,4.3563122378834,10.5873918849365,6.76822747480589,4.20109271939483,5.48920084823158
"nhr-61",35.246989004583,62.0774493898384,42.3495675397462,42.5431441273513,43.061200373797,37.5095391295824
"nhr-62",17.1716100278738,11.9798586541793,22.2335229583667,9.66889639257985,7.35191225894095,4.57433404019298
"nhr-63",21.6904547720511,15.2470928325919,14.8223486389112,13.5364549496118,18.9049172372767,23.7865370090035
"nhr-64",50.6110611347859,35.939575962538,35.9971324087842,35.7749166525454,35.709288114856,31.1054714733123
"nhr-65",28.0168374138993,19.6034050704753,33.8796540317969,22.2384617029336,24.1562831365203,23.7865370090035
"nhr-66",60.552519571976,71.8791519250761,74.1117431945558,78.3180607798968,70.3683030498633,54.8920084823158
"nhr-68",319.030438938918,303.852778592367,257.273622803958,186.609700376791,211.10490914959,233.291036049842
"nhr-69",49.7072921859505,81.6808544603137,69.8767864405811,65.748495469543,49.3628394528892,62.2109429466245
"nhr-70",52.4185990324568,70.7900738656052,63.5243513096192,58.9802679947371,72.4688494095607,54.8920084823158
"nhr-71",30.7281442604057,50.0975907356591,45.5257851052271,27.0729098992236,23.1060099566715,31.1054714733123
"nhr-79",25.305530567393,18.5143270110044,19.0573053928858,14.5033445888698,14.7038245178819,10.9784016964632
"nhr-80",41.5733716464313,40.2958882004214,30.703436466316,24.1722409814496,36.7595612947047,32.0203382813509
"nhr-84",37.054526902254,41.3849662598923,39.1733499742652,35.7749166525454,25.206556316369,42.998739977814
"nhr-85",37.054526902254,40.2958882004214,37.0558715972779,74.4505022228648,87.1726739274426,79.5934122993578
"nhr-86",66.8789022138242,53.3648249140716,53.9956986131763,43.5100337666093,59.8655712513763,50.3176744421228
"nhr-87",22.5942237208866,27.2269514867712,20.1160445813794,21.2715720636757,33.6087417551586,27.4460042411579
"nhr-88",132.854035478813,138.312913552798,147.164747200618,191.444148573081,166.993435595944,159.186824598716
"nhr-90",37.9582958510894,51.1866687951299,33.8796540317969,55.1127094377051,47.2622930931918,53.0622748662386
"nhr-91",10.8452273860256,8.71262447576679,3.17621756548096,15.4702342281278,19.9551904171254,11.8932685045017
"nhr-95",23.497992669722,28.3160295462421,19.0573053928858,29.0066891777395,22.0557367768228,26.5311374331193
"nhr-97",223.230930362359,245.042563380941,221.276490395174,224.318396307852,291.97594399794,290.927644956273
"nhr-98",22.5942237208866,28.3160295462421,27.527218900835,22.2384617029336,12.6032781581845,14.6378689286175
"nhr-99",39.7658337487604,31.5832637246546,29.6446972778223,50.2782612414152,40.9606540140996,44.8284735938912
"nhr-100",103.029660167243,94.7497911739639,86.8166134564796,78.3180607798968,107.127864344568,77.7636786832806
"nhr-101",47.8997542882795,55.5429810330133,40.2320891627588,34.8080270132875,56.7147517118302,37.5095391295824
"nhr-102",22.5942237208866,22.8706392488878,23.2922621468604,19.3377927851597,25.206556316369,21.9568033929263
"nhr-103",12.6527652836965,13.0689367136502,19.0573053928858,17.4040135066437,24.1562831365203,21.9568033929263
"nhr-104",28.0168374138993,20.6924831299461,26.4684797123413,34.8080270132875,22.0557367768228,24.7014038170421
"nhr-105",215.09700982284,188.410504288457,143.988529635137,167.271907591631,183.797806473524,177.484160759488
"nhr-107",50.6110611347859,64.2556055087801,37.0558715972779,58.9802679947371,65.1169371506198,55.8068752903543
"nhr-109",17.1716100278738,11.9798586541793,11.6461310734302,18.3709031459017,11.5530049783358,10.9784016964632
"nhr-112",14.4603031813674,22.8706392488878,11.6461310734302,4.83444819628992,18.9049172372767,15.5527357366561
"nhr-114",72.301515906837,81.6808544603137,59.2893945556446,63.814716191027,65.1169371506198,71.3596110270105
"nhr-117",49.7072921859505,42.4740443193631,29.6446972778223,56.0795990769631,61.9661176110737,44.8284735938912
"nhr-119",74.109053804508,95.8388692334347,76.2292215715431,56.0795990769631,80.8710348483504,72.2744778350491
"nhr-120",75.9165917021789,74.0573080440178,76.2292215715431,81.2187296976707,84.0218543878965,63.1258097546631
"nhr-121",34.3432200557476,43.563122378834,38.1146107857715,29.0066891777395,34.6590149350073,39.3392727456596
"nhr-122",28.9206063627348,19.6034050704753,20.1160445813794,32.8742477347715,31.5081953954612,21.9568033929263
"nhr-126",13.5565342325319,22.8706392488878,20.1160445813794,23.2053513421916,11.5530049783358,8.23380127234736
"nhr-130",30.7281442604057,41.3849662598923,27.527218900835,34.8080270132875,38.8601076544021,31.1054714733123
"nhr-131",43.3809095441022,21.781561189417,28.5859580893287,41.5762544880933,36.7595612947047,21.9568033929263
"nhr-132",16.2678410790383,10.8907805947085,17.9985662043921,19.3377927851597,33.6087417551586,28.3608710491965
"nhr-133",18.9791479255447,17.4252489515336,16.9398270158985,20.3046824244177,33.6087417551586,32.0203382813509
"nhr-134",46.9959853394441,53.3648249140716,41.2908283512525,54.1458197984471,48.3125662730405,36.5946723215438
"nhr-135",37.054526902254,31.5832637246546,38.1146107857715,23.2053513421916,22.0557367768228,20.1270697768491
"nhr-136",24.4017616185575,15.2470928325919,14.8223486389112,12.5695653103538,29.4076490357638,22.8716702009649
"nhr-137",24.4017616185575,40.2958882004214,28.5859580893287,41.5762544880933,52.5136589924353,50.3176744421228
"nhr-138",42.4771405952668,32.6723417841255,45.5257851052271,41.5762544880933,46.2120199133431,35.6798055135052
"nhx-1",19.8829168743802,23.9597173083587,15.8810878274048,14.5033445888698,28.3573758559151,17.3824693527333
"nhx-2",142.795493916003,102.37333759026,103.756440472378,76.3842815013808,123.932235222147,99.7204820762069
"nhx-3",47.8997542882795,49.0085126761882,42.3495675397462,73.4836125836068,64.0666639707711,55.8068752903543
"nhx-4",61.4562885208115,57.721137151955,33.8796540317969,61.880936912511,74.5693957692582,48.4879408260456
"nhx-5",64.1675953673179,67.5228396871927,69.8767864405811,58.9802679947371,92.4240398266862,49.4028076340842
"nhx-8",51.5148300836214,37.0286540220089,61.4068729326319,43.5100337666093,48.3125662730405,43.9136067858526
"nhx-9",112.971118604433,131.778445195973,109.050136414846,100.55652248283,109.228410704265,95.146148036014
"nid-1",491.650308166492,490.085126761882,488.078765895574,538.557529066697,593.404346614519,531.537615470424
"nlp-1",31.6319132092412,43.563122378834,40.2320891627588,37.7086959310614,49.3628394528892,34.7649387054666
"nlp-3",68.6864401114952,75.1463861034886,70.9355256290748,56.0795990769631,59.8655712513763,61.2960761385859
"nlp-5",12.6527652836965,21.781561189417,12.7048702619238,7.73511711406388,15.7540976977306,13.7230021205789
"nlp-6",29.8243753115703,31.5832637246546,28.5859580893287,18.3709031459017,16.8043708775793,19.2122029688105
"nlp-7",24.4017616185575,26.1378734273004,24.351001335354,28.0397995384816,30.4579222156125,21.9568033929263
"nlp-8",77.7241295998498,75.1463861034886,94.2277877759352,94.7551846472825,80.8710348483504,74.1042114511263
"nlp-9",46.9959853394441,49.0085126761882,63.5243513096192,47.3775923236412,51.4633858125866,43.9136067858526
"nlp-10",71.3977469580016,65.344683568251,48.7020026707081,73.4836125836068,71.418576229712,74.1042114511263
"nlp-11",91.2806638323817,117.620430422852,97.4040053414162,92.8214053687665,100.826225265476,85.997479955628
"nlp-12",13.5565342325319,27.2269514867712,20.1160445813794,14.5033445888698,23.1060099566715,12.8081353125403
"nlp-13",71.3977469580016,74.0573080440178,102.697701283884,86.0531778939606,92.4240398266862,81.423145915435
"nlp-14",83.1467432928626,95.8388692334347,113.285093168821,88.9538468117346,103.977044805022,98.8056152681684
"nlp-15",113.874887553268,94.7497911739639,103.756440472378,105.39097067912,110.278683884114,115.273217812863
"nlp-16",134.661573376484,138.312913552798,163.045835028023,102.490301761346,101.876498445325,108.869150156593
"nlp-17",42.4771405952668,38.1177320814797,52.9369594246827,58.9802679947371,39.9103808342508,34.7649387054666
"nlp-18",150.929414455522,140.49106967174,122.813745865264,103.457191400604,118.680869322904,104.2948161164
"nlp-20",22.5942237208866,17.4252489515336,17.9985662043921,35.7749166525454,30.4579222156125,33.850071897428
"nlp-21",103.029660167243,119.798586541793,113.285093168821,114.092977432442,116.580322963206,102.465082500323
"nlp-24",137.37288022299,142.669225790681,189.514314740364,397.391641735032,356.042607968711,437.306334242449
"nlp-25",30.7281442604057,42.4740443193631,31.7621756548096,31.9073580955135,18.9049172372767,20.1270697768491
"nlp-26",17.1716100278738,23.9597173083587,31.7621756548096,38.6755855703194,37.8098344745534,52.1474080582
"nlp-27",30.7281442604057,33.7614198435963,33.8796540317969,36.7418062918034,48.3125662730405,44.8284735938912
"nlp-28",9.03768948835463,17.4252489515336,13.7636094504175,23.2053513421916,33.6087417551586,20.1270697768491
"nlp-29",69.5902090603306,106.729649828143,104.815179660872,90.8876260902505,80.8710348483504,90.571813995821
"nlp-31",44.2846784929377,58.8102152114259,53.9956986131763,82.1856193369287,60.915844431225,64.9555433707403
"nlp-33",118.393732297446,154.649084444861,143.988529635137,505.683281331926,394.902715623114,358.62778875113
"nlr-1",25.305530567393,19.6034050704753,29.6446972778223,17.4040135066437,29.4076490357638,20.1270697768491
"nlt-1",306.377673655222,284.249373521892,265.743536311907,326.808698069199,212.155182329439,289.097911340196
"nmr-2",14.4603031813674,19.6034050704753,12.7048702619238,27.0729098992236,15.7540976977306,15.5527357366561
"nmy-1",409.407333822465,384.44455499321,379.028629480728,486.345488546766,567.147517118301,467.496938907722
"nmy-2",329.875666324944,237.419016964645,296.446972778223,304.570236366265,320.333319853855,323.862850045663
"nnt-1",26.2092995162284,25.0487953678295,22.2335229583667,34.8080270132875,37.8098344745534,13.7230021205789
"nob-1",7.2301515906837,18.5143270110044,11.6461310734302,5.80133783554791,9.45245861863836,15.5527357366561
"nos-3",130.142728632307,139.401991612269,139.753572881162,130.530101299828,129.183601121391,130.825953549519
"npa-1",4634.52716962825,4749.46941735237,4637.2776456022,4491.20237435334,4044.60201559737,3987.90441624024
"npp-1",142.795493916003,149.203694147506,117.520049922796,89.9207364509926,102.926771625173,97.8907484601298
"npp-2",100.318353320736,94.7497911739639,77.2879607600367,76.3842815013808,72.4688494095607,61.2960761385859
"npp-3",394.947030641097,348.504979030672,336.679061940982,289.100002138137,277.272119480059,250.673505402575
"npp-4",120.201270195117,159.005396682744,152.458443143086,66.7153851088009,88.2229471072913,84.1677463395508
"npp-5",72.301515906837,107.818727887614,97.4040053414162,77.3511711406388,81.9213080281991,83.2528795315122
"npp-6",254.862843571601,231.973626667291,233.981360657097,262.993981878172,282.523485379302,250.673505402575
"npp-7",270.226915701803,263.556890391946,256.214883615464,187.576590016049,236.311465465959,247.928904978459
"npp-8",308.185211552893,266.824124570358,267.861014688894,237.854851257464,235.26119228611,257.992439866884
"npp-9",591.064892538393,673.050240752985,658.535775243053,356.782276886196,362.344247047804,407.115729577175
"npp-10",517.85960768272,467.214487512994,453.140372675284,314.239132758845,337.137690731435,328.437184085856
"npp-11",227.749775106537,266.824124570358,271.037232254375,110.22541887541,110.278683884114,132.655687165596
"npp-12",803.450595514726,693.742723882931,819.464131894088,501.815722774894,502.030579967682,482.13480783634
"npp-13",253.959074622765,222.171924132053,204.336663379275,173.073245427179,171.194528315339,170.165226295179
"npp-14",291.013601525019,265.735046510887,256.214883615464,146.967225167214,194.300538272011,167.420625871063
"npp-15",165.38971763689,164.450786980098,159.869617462542,96.6889639257985,130.23387430124,121.677285469133
"npp-16",108.452273860256,98.0170253523765,96.3452661529225,59.947157633995,55.6644785319814,73.1893446430877
"rae-1",134.661573376484,138.312913552798,149.282225577605,78.3180607798968,88.2229471072913,95.146148036014
"npp-18",85.858050139369,68.6119177466635,93.1690485874415,65.748495469543,78.770488488653,110.69888377267
"npp-19",60.552519571976,52.2757468546008,51.878220236189,48.3444819628992,52.5136589924353,47.573074018007
"npp-20",146.410569711345,130.689367136502,103.756440472378,137.298328774634,156.490703797457,133.570553973635
"npr-2",27.1130684650639,37.0286540220089,40.2320891627588,21.2715720636757,39.9103808342508,19.2122029688105
"nrf-5",133.757804427648,174.252489515336,138.694833692669,146.000335527956,185.898352833221,139.974621629905
"nrf-6",147.31433866018,121.976742660735,152.458443143086,125.695653103538,120.781415682601,107.954283348554
"nars-1",366.026424278362,368.108384101147,359.971324087842,332.610035904747,309.830588055368,375.095391295824
"asns-1",44.2846784929377,33.7614198435963,15.8810878274048,43.5100337666093,65.1169371506198,38.424405937621
"nsf-1",348.854814250489,332.168808138609,335.620322752488,329.709366986973,310.880861235217,291.842511764312
"nst-1",493.457846064163,509.688531832358,494.431201026536,432.199668748319,424.310364658877,453.773936787144
"nsy-1",147.31433866018,118.709508482323,132.342398561707,155.669231920536,175.395621034734,139.974621629905
"ntl-2",132.854035478813,137.223835493327,136.577355315681,113.126087793184,141.786879279575,117.10295142894
"ntl-3",208.770627180992,245.042563380941,205.395402567769,193.377927851597,194.300538272011,193.036896496144
"ntl-4",237.691233543727,217.81561189417,232.922621468604,243.656189093012,253.115836343538,223.227501161417
"nuc-1",283.783449934335,326.723417841255,301.740668720691,292.967560695169,266.769387681571,324.777716853702
"nud-1",138.276649171826,152.470928325919,152.458443143086,128.596322021312,120.781415682601,125.336752701288
"num-1",65.9751332649888,78.4136202819012,83.6403958909986,88.9538468117346,89.27322028714,93.3164144199368
"nuo-1",653.42495000804,609.883713303676,621.479903645775,650.716727220624,563.996697578755,636.747298394863
"nxf-1",440.13547808287,314.743559187075,354.677628145374,523.08729483857,430.61200373797,419.008998081677
"nxt-1",119.297501246281,119.798586541793,110.10887560334,72.5167229443488,51.4633858125866,68.6150106028947
"oat-1",115.682425450939,124.154898779677,119.637528299783,132.463880578344,137.585786560181,118.017818236979
"ocr-2",12.6527652836965,18.5143270110044,20.1160445813794,20.3046824244177,15.7540976977306,10.9784016964632
"2-Oct",33.4394511069121,20.6924831299461,24.351001335354,38.6755855703194,39.9103808342508,32.0203382813509
"odc-1",242.210078287904,228.706392488878,207.512880944756,328.742477347715,266.769387681571,319.28851600547
"odd-2",27.1130684650639,33.7614198435963,30.703436466316,18.3709031459017,25.206556316369,27.4460042411579
"blmp-1",94.8957396277236,86.0371666981971,98.4627445299098,114.092977432442,111.328957063963,135.400287589712
"odr-2",9.03768948835463,13.0689367136502,15.8810878274048,12.5695653103538,12.6032781581845,13.7230021205789
"odr-3",79.5316674975207,75.1463861034886,65.6418296866065,61.880936912511,90.3234934669888,58.5514757144701
"odr-4",76.8203606510143,124.154898779677,116.461310734302,98.6227432043144,101.876498445325,107.039416540516
"ogt-1",310.896518399399,288.605685759775,283.742102516299,422.530772355739,384.399983824627,322.947983237624
"oig-1",17.1716100278738,17.4252489515336,15.8810878274048,20.3046824244177,25.206556316369,18.2973361607719
"oig-2",75.0128227533434,67.5228396871927,87.8753526449733,76.3842815013808,55.6644785319814,85.0826131475894
"oig-3",15.3640721302029,9.80170253523765,15.8810878274048,9.66889639257985,21.0054635969741,22.8716702009649
"ooc-3",79.5316674975207,70.7900738656052,67.7593080635938,75.4173918621228,63.0163907909224,52.1474080582
"ooc-5",50.6110611347859,50.0975907356591,59.2893945556446,38.6755855703194,36.7595612947047,47.573074018007
"pept-2",32.5356821580767,26.1378734273004,35.9971324087842,36.7418062918034,45.1617467334944,30.1906046652737
"pept-1",1257.14260783013,1205.60941183423,1377.41968423024,1036.50569328456,911.637120108677,1171.0295142894
"pept-3",78.6278985486853,67.5228396871927,63.5243513096192,53.1789301591892,60.915844431225,50.3176744421228
"orc-2",49.7072921859505,54.4539029735425,47.6432634822144,56.0795990769631,45.1617467334944,64.9555433707403
"osm-1",21.6904547720511,27.2269514867712,29.6446972778223,19.3377927851597,30.4579222156125,21.0419365848877
"osm-7",90.3768948835463,70.7900738656052,97.4040053414162,94.7551846472825,87.1726739274426,92.4015476118982
"osm-9",27.1130684650639,20.6924831299461,15.8810878274048,21.2715720636757,18.9049172372767,18.2973361607719
"osm-10",64.1675953673179,50.0975907356591,32.8209148433033,83.1525089761867,90.3234934669888,62.2109429466245
"osm-11",164.485948688054,202.568519061578,238.216317411072,208.848162079725,310.880861235217,273.54517560354
"ost-1",3138.78955930556,3315.15361302927,3239.74191679058,3263.2525324957,3072.04905105747,2868.107443201
"oxi-1",32.5356821580767,49.0085126761882,34.9383932202906,34.8080270132875,35.709288114856,41.1690063617368
"paa-1",711.266162733509,774.334500283774,792.995652181747,655.551175416914,674.27538146287,678.831171564638
"pab-1",485.323925524644,465.036331394053,549.485638828206,303.603346727007,483.125662730405,490.368609108687
"pab-2",247.632691980917,242.864407261999,261.508579557932,162.437459395341,201.652450530952,196.696363728298
"pabp-2",230.461081953043,205.835753239991,220.21775120668,142.132776970924,129.183601121391,141.804355245982
"pad-1",223.230930362359,200.390362942636,220.21775120668,191.444148573081,239.462285005505,198.526097344375
"paf-2",45.1884474417731,49.0085126761882,42.3495675397462,43.5100337666093,33.6087417551586,32.0203382813509
"pak-1",86.7618190882044,95.8388692334347,97.4040053414162,82.1856193369287,58.8152980715276,85.0826131475894
"pam-1",327.164359478438,351.772213209084,375.852411915247,312.305353480329,304.579222156125,348.564253862705
"pan-1",553.106596687303,545.628107794896,578.071596917535,667.153851088009,645.918005606954,619.364829042129
"par-1",423.867637003832,418.205974836806,406.555848381563,334.543815183263,446.3661014357,451.944203171066
"par-2",15.3640721302029,18.5143270110044,32.8209148433033,22.2384617029336,17.854644057428,15.5527357366561
"par-3",57.8412127254696,72.9682299845469,80.4641783255177,42.5431441273513,70.3683030498633,56.7217420983929
"par-4",47.8997542882795,50.0975907356591,55.05443780167,50.2782612414152,48.3125662730405,51.2325412501614
"par-5",1544.54113355981,1558.47070310279,1519.29073548839,1957.95151949742,1783.3638593831,1928.53923134536
"par-6",68.6864401114952,64.2556055087801,59.2893945556446,56.0795990769631,56.7147517118302,62.2109429466245
"pas-1",173.523638176409,196.034050704753,185.279357986389,151.801673363504,137.585786560181,190.292296072028
"pas-2",272.034453599474,283.160295462421,258.332361992452,234.95418233969,238.412011825656,235.120769665919
"pas-3",254.862843571601,233.062704726762,250.921187672996,244.62307873227,228.959553207018,246.099171362382
"pas-4",319.934207887754,345.237744852259,337.737801129476,265.894650795946,249.965016803992,291.842511764312
"pas-5",357.892503738843,287.516607700304,269.978493065882,279.431105745558,230.009826386867,276.289776027656
"pas-6",226.846006157701,204.74667518052,235.040099845591,219.483948111563,169.093981955642,225.972101585533
"pas-7",289.206063627348,358.306681565909,265.743536311907,268.79531971372,248.914743624143,290.012778148235
"pat-2",647.098567366191,710.078894774994,647.948383358116,632.345824074722,659.571556944988,664.193302636021
"pat-3",798.027981821714,772.156344164832,751.704823830494,770.611042488614,764.598874929858,736.46778047107
"pat-4",172.619869227573,230.88454860782,181.044401232415,172.106355787921,205.853543250346,151.867890134407
"pat-6",198.829168743802,209.102987418403,193.749271494339,178.874583262727,195.350811451859,157.357090982638
"pat-9",37.9582958510894,69.7009958061344,50.8194810476954,29.9735788169975,35.709288114856,44.8284735938912
"pat-10",2618.21864477634,2816.35586179162,2848.00841704793,2529.38329629889,2458.68951402582,2489.35258467302
"pat-12",75.0128227533434,55.5429810330133,60.3481337441383,55.1127094377051,80.8710348483504,80.5082791073964
"pbo-1",252.151536725094,301.674622473425,225.511447149148,248.490637289302,216.356275048834,236.035636473958
"pbo-4",160.870872892712,204.74667518052,202.219185002288,184.675921098275,184.848079653372,169.25035948714
"pbs-1",210.578165078663,231.973626667291,217.041533641199,193.377927851597,160.691796516852,214.99369988907
"pbs-2",263.900533059955,276.625827105596,266.802275500401,201.113044965661,211.10490914959,221.39776754534
"pbs-3",197.925399794966,188.410504288457,189.514314740364,215.616389554531,197.451357811557,193.036896496144
"pbs-4",228.653544055372,217.81561189417,243.51001335354,254.29197512485,191.149718732465,238.780236898074
"pbs-5",304.570135757551,340.881432614376,337.737801129476,292.000671055911,287.774851278546,287.268177724119
"pbs-6",209.674396129827,224.350080250995,245.627491730528,180.808362541243,184.848079653372,209.504499040838
"pbs-7",280.168374138993,255.93334397565,296.446972778223,264.927761156688,267.81966086142,265.311374331193
"pcm-1",39.7658337487604,32.6723417841255,37.0558715972779,74.4505022228648,81.9213080281991,61.2960761385859
"pcn-1",198.829168743802,168.807099217982,178.926922855427,200.146155326403,174.345347854885,216.823433505147
"pcp-1",723.918928017206,617.507259719972,643.713426604141,783.180607798968,645.918005606954,687.979839645024
"pcp-2",906.480255681969,875.618759814563,921.103093989479,708.730105576103,751.995596771674,834.358528931199
"pcp-3",423.867637003832,326.723417841255,401.262152439095,362.583614721744,377.048071565686,448.284735938912
"pcp-4",245.825154083246,296.229232176071,297.505711966717,266.861540435204,255.216382703236,283.608710491965
"pcs-1",68.6864401114952,79.502698341372,73.0530040060621,63.814716191027,64.0666639707711,61.2960761385859
"pct-1",56.0336748277987,74.0573080440178,50.8194810476954,53.1789301591892,92.4240398266862,65.8704101787789
"pdi-1",358.796272687679,357.217603506439,375.852411915247,455.405020090511,470.522384572221,491.283475916726
"pdi-2",1824.7095076988,1825.29482767314,1978.78354329464,2483.93948325376,2206.62395086213,2458.24711319971
"pdi-3",1320.40643424861,1206.6984898937,1302.24920184719,1462.90402419733,1352.75185564513,1493.06263071899
"pdk-1",56.0336748277987,69.7009958061344,59.2893945556446,49.3113716021572,58.8152980715276,55.8068752903543
"pdl-1",46.0922163906086,35.939575962538,39.1733499742652,39.6424752095774,52.5136589924353,36.5946723215438
"pdr-1",18.0753789767093,37.0286540220089,14.8223486389112,14.5033445888698,16.8043708775793,16.4676025446947
"pef-1",31.6319132092412,30.4941856651838,35.9971324087842,38.6755855703194,48.3125662730405,39.3392727456596
"pek-1",140.987956018332,119.798586541793,84.6991350794923,211.748830997499,198.501630991406,195.78149692026
"pes-4",85.858050139369,111.085962066027,114.343832357315,89.9207364509926,100.826225265476,94.2312812279754
"pes-5",13.5565342325319,18.5143270110044,16.9398270158985,15.4702342281278,22.0557367768228,18.2973361607719
"pes-7",137.37288022299,124.154898779677,94.2277877759352,155.669231920536,179.596713754129,146.378689286175
"pes-9",844.120198212322,771.067266105361,716.766430610204,551.127094377051,554.544238960117,625.7688966984
"mct-4",347.951045301653,341.970510673847,344.090236260437,355.815387246938,358.143154328409,361.372389175245
"pfn-1",104.837198064914,96.9279472929056,98.4627445299098,119.89431526799,103.977044805022,95.146148036014
"pfn-2",82.2429743440271,69.7009958061344,94.2277877759352,101.523412122088,82.9715812080478,93.3164144199368
"pfn-3",101.222122269572,114.353196244439,119.637528299783,124.72876346428,111.328957063963,118.017818236979
"pgl-1",62.3600574696469,43.563122378834,45.5257851052271,45.4438130451253,48.3125662730405,52.1474080582
"pgp-1",226.846006157701,338.703276495434,340.914018694956,42.5431441273513,78.770488488653,75.9339450672035
"pgp-2",402.177182231781,359.39575962538,292.212016024248,411.894986323901,344.489602990376,333.011518126049
"pgp-3",359.700041636514,441.076614085694,381.146107857715,156.636121559794,153.339884257911,141.804355245982
"pgp-4",170.812331329902,155.738162504331,155.634660708567,58.0133783554791,40.9606540140996,42.0838731697754
"pgp-5",36.1507579534185,44.6522004383048,43.4083067282398,23.2053513421916,44.1114735536457,51.2325412501614
"pgp-6",41.5733716464313,37.0286540220089,44.4670459167335,19.3377927851597,26.2568294962177,29.2757378572351
"pgp-8",792.605368128701,804.828685948958,724.177604929659,22.2384617029336,39.9103808342508,20.1270697768491
"pgp-9",200.636706641473,197.123128764224,210.689098510237,144.06655624944,163.842616056398,143.63408886206
"pgp-10",137.37288022299,175.341567574807,168.339530970491,116.026756710958,177.496167394431,144.548955670098
"pgp-11",41.5733716464313,63.1665274493093,37.0558715972779,74.4505022228648,75.6196689491069,63.1258097546631
"pgp-12",105.740967013749,147.025538028565,118.578789111289,90.8876260902505,93.4743130065349,64.9555433707403
"pgp-14",253.959074622765,291.872919938188,336.679061940982,163.404349034599,192.199991912313,184.803095223796
"pha-1",65.9751332649888,54.4539029735425,49.7607418592017,43.5100337666093,54.6142053521327,47.573074018007
"pha-4",83.1467432928626,82.7699325197845,105.873918849365,62.847826551769,85.0721275677452,76.848811875242
"phb-1",637.157108929001,585.923995995317,604.540076629876,596.570907422177,554.544238960117,666.937903060136
"phb-2",1077.29258701187,1076.0091227572,1051.3280141742,1132.2277675711,911.637120108677,1068.56443178908
"phf-5",51.5148300836214,43.563122378834,44.4670459167335,42.5431441273513,38.8601076544021,38.424405937621
"phg-1",1.80753789767093,0,1.05873918849365,19.3377927851597,10.5027317984871,9.14866808038596
"pho-1",309.992749450564,274.447670986654,292.212016024248,213.682610276015,207.954089610044,269.885708371386
"pho-4",44.2846784929377,51.1866687951299,34.9383932202906,45.4438130451253,45.1617467334944,49.4028076340842
"php-3",37.054526902254,45.7412784977757,47.6432634822144,39.6424752095774,33.6087417551586,42.0838731697754
"phy-2",159.063334995041,165.539865039569,171.515748535972,296.835119252201,277.272119480059,265.311374331193
"pik-1",25.305530567393,14.158014773121,17.9985662043921,10.6357860318378,15.7540976977306,10.9784016964632
"pin-2",12.6527652836965,17.4252489515336,16.9398270158985,26.1060202599656,18.9049172372767,15.5527357366561
"pis-1",76.8203606510143,84.9480886387262,87.8753526449733,78.3180607798968,80.8710348483504,87.8272135717052
"pkc-1",347.951045301653,339.792354554905,343.031497071944,322.941139512167,337.137690731435,308.310114309007
"pkc-2",220.519623515853,265.735046510887,225.511447149148,228.185954864884,225.808733667472,243.354570938267
"pkc-3",77.7241295998498,90.3934789360805,104.815179660872,95.7220742865405,96.625132546081,115.273217812863
"plc-1",75.0128227533434,67.5228396871927,74.1117431945558,60.914047273253,97.6754057259297,64.9555433707403
"plc-2",50.6110611347859,51.1866687951299,49.7607418592017,60.914047273253,42.0109271939483,63.1258097546631
"plc-3",40.6696026975958,39.2068101409506,25.4097405238477,42.5431441273513,31.5081953954612,49.4028076340842
"plc-4",149.121876557851,154.649084444861,136.577355315681,153.73545264202,156.490703797457,161.931425022831
"pld-1",194.310323999625,181.876035931632,170.457009347478,204.980603522693,242.613104545051,230.546435625726
"plk-1",103.933429116078,99.1061034118473,120.696267488277,140.198997692408,160.691796516852,161.931425022831
"pll-1",50.6110611347859,59.8992932708967,75.1704823830494,47.3775923236412,74.5693957692582,46.6582072099684
"plp-1",122.008808092787,117.620430422852,124.931224242251,120.861204907248,106.077591164719,134.485420781674
"plx-1",104.837198064914,108.907805947085,82.581656702505,89.9207364509926,93.4743130065349,87.8272135717052
"plx-2",35.246989004583,26.1378734273004,34.9383932202906,24.1722409814496,40.9606540140996,38.424405937621
"parp-1",44.2846784929377,33.7614198435963,33.8796540317969,43.5100337666093,36.7595612947047,39.3392727456596
"parp-2",68.6864401114952,103.462415649731,73.0530040060621,84.1193986154447,85.0721275677452,87.8272135717052
"parg-1",45.1884474417731,39.2068101409506,45.5257851052271,35.7749166525454,51.4633858125866,58.5514757144701
"tank-1",850.446580854171,918.092804133926,953.924008832782,806.385959141159,903.234934669888,841.677463395508
"pmk-1",83.1467432928626,104.551493709202,98.4627445299098,84.1193986154447,86.1224007475939,91.4866808038596
"pmk-2",18.0753789767093,14.158014773121,23.2922621468604,19.3377927851597,14.7038245178819,16.4676025446947
"pmk-3",59.6487506231405,59.8992932708967,46.5845242937208,37.7086959310614,46.2120199133431,23.7865370090035
"pmp-1",303.666366808716,242.864407261999,260.449840369439,277.497326467042,257.316929062933,306.48038069293
"pmp-2",146.410569711345,114.353196244439,119.637528299783,143.099666610182,148.088518358668,155.527357366561
"pmp-3",160.870872892712,151.381850266448,124.931224242251,122.794984185764,145.98797199897,140.889488437944
"pmp-4",108.452273860256,105.640571768672,94.2277877759352,100.55652248283,82.9715812080478,80.5082791073964
"pmp-5",196.117861897295,138.312913552798,183.161879609402,220.45083775082,182.747533293675,227.80183520161
"pmr-1",120.201270195117,112.175040125497,100.580222906897,87.0200675332186,105.027317984871,109.784016964632
"pms-2",21.6904547720511,19.6034050704753,25.4097405238477,10.6357860318378,25.206556316369,13.7230021205789
"pnk-1",67.7826711626597,83.8590105792554,92.1103093989479,69.6160540265749,68.2677566901659,75.9339450672035
"pod-1",194.310323999625,169.896177277452,157.752139085554,192.411038212339,198.501630991406,204.015298192607
"pod-2",926.363172556349,775.423578343245,886.164700769188,845.061544711479,916.888486007921,1029.22515904342
"pop-1",65.0713643161533,55.5429810330133,70.9355256290748,88.9538468117346,100.826225265476,108.869150156593
"pph-1",77.7241295998498,68.6119177466635,78.3466999485304,73.4836125836068,89.27322028714,88.7420803797438
"pph-4.1",103.029660167243,91.4825569955513,87.8753526449733,108.291639596894,113.42950342366,108.869150156593
"ppk-1",152.736952353193,136.134757433856,119.637528299783,116.993646350216,134.434967020634,107.039416540516
"ppk-2",166.293486585725,201.479441002107,170.457009347478,169.205686870147,177.496167394431,167.420625871063
"ppk-3",46.9959853394441,43.563122378834,39.1733499742652,52.2120405199312,38.8601076544021,52.1474080582
"eif-2Bgamma",104.837198064914,87.1262447576679,75.1704823830494,91.8545157295085,75.6196689491069,78.6785454913192
"pps-1",75.9165917021789,58.8102152114259,62.4656121211256,84.1193986154447,77.7202153088043,85.0826131475894
"ppw-2",141.891724967168,133.956601314914,136.577355315681,94.7551846472825,111.328957063963,109.784016964632
"pqe-1",232.268619850714,229.795470548349,227.628925526136,216.583279193789,252.06556316369,222.312634353379
"pqm-1",408.503564873629,377.910086636385,289.035798458767,455.405020090511,428.511457378272,399.796795112866
"pqn-8",27.1130684650639,19.6034050704753,19.0573053928858,21.2715720636757,19.9551904171254,26.5311374331193
"hgrs-1",142.795493916003,143.758303850152,151.399703954592,156.636121559794,148.088518358668,122.592152277172
"pqn-13",0,0,0,29.0066891777395,31.5081953954612,12.8081353125403
"szy-20",45.1884474417731,57.721137151955,57.1719161786573,74.4505022228648,54.6142053521327,48.4879408260456
"pqn-15",108.452273860256,126.333054898619,113.285093168821,94.7551846472825,111.328957063963,122.592152277172
"pqn-18",122.008808092787,119.798586541793,103.756440472378,129.56321166057,151.239337898214,131.740820357558
"stam-1",88.5693569858754,79.502698341372,73.0530040060621,96.6889639257985,92.4240398266862,86.9123467636666
"pqn-20",84.9542811905335,86.0371666981971,73.0530040060621,70.5829436658329,76.6699421289556,82.3380127234736
"pqn-21",37.9582958510894,47.9194346167174,50.8194810476954,40.6093648488354,39.9103808342508,46.6582072099684
"pqn-22",463.633470752592,392.068101409506,421.378197020474,365.484283639518,444.265555076003,445.540135514796
"pqn-24",206.963089283321,226.528236369937,196.92548905982,191.444148573081,175.395621034734,150.03815651833
"pqn-25",93.9919706788881,103.462415649731,80.4641783255177,95.7220742865405,94.5245861863836,87.8272135717052
"pqn-27",131.950266529978,111.085962066027,150.340964766099,128.596322021312,109.228410704265,136.315154397751
"sin-3",222.327161413524,177.519723693748,181.044401232415,162.437459395341,170.14425513549,159.186824598716
"pqn-31",197.021630846131,253.755187856708,238.216317411072,231.086623782658,202.7027237108,233.291036049842
"pqn-32",0,5.44539029735425,2.11747837698731,84.1193986154447,68.2677566901659,55.8068752903543
"ptrn-1",98.5108154230655,80.5917764008429,85.757874267986,76.3842815013808,96.625132546081,85.997479955628
"pqn-35",146.410569711345,148.114616088036,191.631793117351,157.603011199052,155.440430617609,155.527357366561
"pqn-36",22.5942237208866,26.1378734273004,30.703436466316,33.8411373740295,33.6087417551586,34.7649387054666
"pqn-37",27.1130684650639,28.3160295462421,19.0573053928858,25.1391306207076,48.3125662730405,29.2757378572351
"mdt-30",50.6110611347859,78.4136202819012,66.7005688751002,65.748495469543,47.2622930931918,65.8704101787789
"pqn-39",87.6655880370399,84.9480886387262,101.638962095391,61.880936912511,51.4633858125866,75.0190782591649
"pqn-41",308.185211552893,307.12001277078,345.148975448931,244.62307873227,321.383593033704,287.268177724119
"pqn-42",24.4017616185575,20.6924831299461,16.9398270158985,26.1060202599656,25.206556316369,17.3824693527333
"ketn-1",1443.31901129023,1355.90218404121,1471.64747200618,1170.90335314142,1659.43162416096,1343.9393410087
"pqn-44",1107.11696232344,908.291101598688,783.466999485304,1181.53913917326,1215.16606908495,1157.30651216882
"ifet-1",102.125891218407,123.065820720206,99.5214837184035,132.463880578344,142.837152459424,133.570553973635
"abu-13",0,0,0,82.1856193369287,75.6196689491069,39.3392727456596
"myrf-1",204.251782436815,270.091358748771,244.568752542034,321.007360233651,367.595612947047,358.62778875113
"pqn-48",67.7826711626597,71.8791519250761,116.461310734302,71.5498333050909,68.2677566901659,53.0622748662386
"pqn-51",75.9165917021789,81.6808544603137,78.3466999485304,74.4505022228648,81.9213080281991,63.1258097546631
"pqn-53",185.27263451127,175.341567574807,171.515748535972,187.576590016049,173.295074675037,189.377429263989
"ebax-1",71.3977469580016,57.721137151955,60.3481337441383,63.814716191027,87.1726739274426,80.5082791073964
"pqn-59",599.198813077912,585.923995995317,631.008556342218,638.14716191027,587.102707535427,742.87184812734
"pqn-60",70.4939780091661,90.3934789360805,78.3466999485304,107.324749957636,81.9213080281991,100.635348884246
"pqn-62",73.2052848556725,84.9480886387262,78.3466999485304,117.960535989474,101.876498445325,86.9123467636666
"larp-5",92.1844327812172,116.531352363381,114.343832357315,76.3842815013808,108.178137524417,102.465082500323
"pqn-65",88.5693569858754,69.7009958061344,78.3466999485304,58.9802679947371,84.0218543878965,76.848811875242
"pqn-70",123.816345990458,125.243976839148,114.343832357315,178.874583262727,155.440430617609,143.63408886206
"pqn-74",34.3432200557476,42.4740443193631,33.8796540317969,56.0795990769631,40.9606540140996,36.5946723215438
"pqn-75",44.2846784929377,59.8992932708967,43.4083067282398,68.6491643873169,61.9661176110737,53.0622748662386
"pqn-80",112.971118604433,106.729649828143,107.991397226353,71.5498333050909,93.4743130065349,99.7204820762069
"pqn-83",281.975912036664,318.010793365488,339.855279506463,307.470905284039,302.478675796427,323.862850045663
"pqn-85",139.180418120661,123.065820720206,106.932658037859,145.033445888698,138.636059740029,139.974621629905
"pqn-87",610.947809412773,776.512656402716,797.230608935721,549.193315098535,699.481937779238,682.490638796792
"pqn-88",25.305530567393,31.5832637246546,24.351001335354,27.0729098992236,23.1060099566715,20.1270697768491
"pqn-89",245.825154083246,255.93334397565,201.160445813794,314.239132758845,267.81966086142,289.097911340196
"pqn-92",65.9751332649888,93.660713114493,96.3452661529225,64.781605830285,71.418576229712,98.8056152681684
"pqn-94",249.440229878588,329.990652019667,347.266453825918,253.325085485592,254.166109523387,294.587112188428
"abu-14",0.903768948835463,0,0,63.814716191027,52.5136589924353,34.7649387054666
"pqn-96",37.054526902254,32.6723417841255,39.1733499742652,29.9735788169975,27.3071026760664,38.424405937621
"pqn-98",9.03768948835463,10.8907805947085,6.35243513096192,23.2053513421916,19.9551904171254,20.1270697768491
"prg-1",24.4017616185575,19.6034050704753,26.4684797123413,23.2053513421916,26.2568294962177,34.7649387054666
"pri-1",50.6110611347859,40.2958882004214,42.3495675397462,56.0795990769631,59.8655712513763,64.9555433707403
"pri-2",53.3223679812923,46.8303565572465,42.3495675397462,64.781605830285,60.915844431225,50.3176744421228
"prk-1",100.318353320736,87.1262447576679,92.1103093989479,117.960535989474,128.133327941542,114.358351004824
"prk-2",8.13392053951917,13.0689367136502,6.35243513096192,33.8411373740295,14.7038245178819,21.9568033929263
"T19D2.2",22.5942237208866,26.1378734273004,42.3495675397462,35.7749166525454,27.3071026760664,32.0203382813509
"pro-1",137.37288022299,147.025538028565,111.167614791834,89.9207364509926,93.4743130065349,104.2948161164
"prpf-4",144.603031813674,137.223835493327,129.166180996226,118.927425628732,114.479776603509,131.740820357558
"prp-8",1057.40967013749,1009.57536112948,952.865269644288,1050.04214823417,1047.12236030916,1046.60762839615
"prp-21",122.008808092787,143.758303850152,130.224920184719,69.6160540265749,97.6754057259297,97.8907484601298
"pars-1",489.842770268821,426.918599312573,510.312288853941,488.279267825282,456.868833234187,491.283475916726
"pars-2",31.6319132092412,22.8706392488878,27.527218900835,18.3709031459017,19.9551904171254,25.6162706250807
"prx-1",27.1130684650639,28.3160295462421,37.0558715972779,34.8080270132875,21.0054635969741,19.2122029688105
"prx-3",33.4394511069121,35.939575962538,38.1146107857715,40.6093648488354,32.5584685753099,35.6798055135052
"prx-5",57.8412127254696,49.0085126761882,69.8767864405811,37.7086959310614,40.9606540140996,59.4663425225087
"prx-6",18.9791479255447,13.0689367136502,11.6461310734302,18.3709031459017,13.6535513380332,10.9784016964632
"prx-11",36.1507579534185,21.781561189417,27.527218900835,36.7418062918034,40.9606540140996,34.7649387054666
"prx-12",28.9206063627348,33.7614198435963,37.0558715972779,38.6755855703194,29.4076490357638,38.424405937621
"prx-13",20.7866858232156,28.3160295462421,26.4684797123413,31.9073580955135,35.709288114856,45.7433404019298
"prx-14",93.9919706788881,101.284259530789,82.581656702505,116.026756710958,103.977044805022,104.2948161164
"prx-19",267.515608855297,272.269514867712,230.805143091617,234.95418233969,226.859006847321,230.546435625726
"pry-1",58.7449816743051,49.0085126761882,60.3481337441383,42.5431441273513,58.8152980715276,50.3176744421228
"swsn-1",179.850020818257,229.795470548349,223.393968772161,217.550168833047,246.814197264446,234.205902857881
"swsn-4",557.625441431481,595.725698530555,568.542944221092,587.868900668855,609.15844431225,546.175484399042
"psr-1",28.0168374138993,31.5832637246546,25.4097405238477,40.6093648488354,29.4076490357638,25.6162706250807
"pst-1",36.1507579534185,72.9682299845469,49.7607418592017,44.4769234058673,52.5136589924353,48.4879408260456
"ptb-1",41.5733716464313,57.721137151955,34.9383932202906,26.1060202599656,32.5584685753099,45.7433404019298
"ptc-1",388.620647999249,349.594057090143,286.91832008178,493.113716021572,481.025116370708,412.604930425407
"ptc-3",118.393732297446,119.798586541793,109.050136414846,186.609700376791,157.540976977306,130.825953549519
"ptl-1",74.109053804508,68.6119177466635,73.0530040060621,69.6160540265749,84.0218543878965,88.7420803797438
"ptp-1",71.3977469580016,58.8102152114259,59.2893945556446,63.814716191027,90.3234934669888,88.7420803797438
"ptp-2",143.699262864839,121.976742660735,142.929790446643,151.801673363504,151.239337898214,144.548955670098
"ptp-3",166.293486585725,154.649084444861,151.399703954592,176.940803984211,219.50709458838,204.015298192607
"ptr-1",8.13392053951917,16.3361708920627,6.35243513096192,42.5431441273513,39.9103808342508,23.7865370090035
"ptr-2",4.51884474417731,1.08907805947085,3.17621756548096,34.8080270132875,29.4076490357638,18.2973361607719
"ptr-3",12.6527652836965,25.0487953678295,15.8810878274048,33.8411373740295,39.9103808342508,33.850071897428
"ptr-4",5.42261369301278,6.5344683568251,7.41117431945558,131.496990939086,141.786879279575,79.5934122993578
"ptr-5",65.9751332649888,45.7412784977757,30.703436466316,64.781605830285,68.2677566901659,55.8068752903543
"ptr-6",12.6527652836965,13.0689367136502,15.8810878274048,41.5762544880933,33.6087417551586,33.850071897428
"ptr-8",178.042482920586,201.479441002107,177.868183666934,285.232443581105,272.020753580815,265.311374331193
"ptr-10",0.903768948835463,2.1781561189417,4.23495675397461,17.4040135066437,26.2568294962177,18.2973361607719
"ptr-11",43.3809095441022,26.1378734273004,24.351001335354,52.2120405199312,56.7147517118302,45.7433404019298
"ptr-12",64.1675953673179,62.0774493898384,65.6418296866065,37.7086959310614,82.9715812080478,63.1258097546631
"ptr-13",115.682425450939,131.778445195973,127.048702619238,80.2518400584127,55.6644785319814,49.4028076340842
"ptr-14",93.9919706788881,82.7699325197845,81.5229175140113,103.457191400604,113.42950342366,126.251619509326
"ptr-18",16.2678410790383,7.62354641629595,11.6461310734302,58.0133783554791,43.061200373797,27.4460042411579
"ptr-21",164.485948688054,198.212206823695,193.749271494339,165.338128313115,172.244801495188,176.569293951449
"ptr-22",22.5942237208866,26.1378734273004,35.9971324087842,21.2715720636757,19.9551904171254,13.7230021205789
"ptr-23",176.234945022915,186.232348169515,186.338097174883,301.669567448491,318.232773494158,269.885708371386
"ptr-24",147.31433866018,115.44227430391,134.459876938694,117.960535989474,137.585786560181,102.465082500323
"puf-9",206.059320334486,223.261002191524,231.86388228011,193.377927851597,225.808733667472,229.631568817688
"pus-1",105.740967013749,106.729649828143,80.4641783255177,81.2187296976707,81.9213080281991,85.997479955628
"pvf-1",93.9919706788881,96.9279472929056,88.9340918334669,99.5896328435724,99.7759520856271,85.997479955628
"pxf-1",69.5902090603306,78.4136202819012,62.4656121211256,55.1127094377051,72.4688494095607,72.2744778350491
"pxn-1",132.854035478813,121.976742660735,115.402571545808,152.768563002762,171.194528315339,170.165226295179
"pxn-2",222.327161413524,202.568519061578,151.399703954592,214.649499915273,232.110372746564,216.823433505147
"pyc-1",1425.24363231352,1407.08885283634,1316.01281129761,2140.69366131718,2039.63051526619,1590.03851237108
"pyr-1",535.934986659429,446.522004383048,437.259284847879,285.232443581105,276.22184630021,207.674765424761
"qua-1",1.80753789767093,3.26723417841255,1.05873918849365,140.198997692408,145.98797199897,75.9339450672035
"qui-1",43.3809095441022,54.4539029735425,40.2320891627588,41.5762544880933,37.8098344745534,44.8284735938912
"rab-1",397.658337487604,363.752071863264,334.561583563995,475.709702514928,402.254627882055,386.988659800326
"rab-3",231.364850901878,279.893061284008,262.567318746426,175.973914344953,185.898352833221,216.823433505147
"rab-5",241.306309339069,253.755187856708,208.57162013325,341.312042658069,305.629495335974,263.481640715116
"rab-6.1",54.2261369301278,44.6522004383048,53.9956986131763,58.0133783554791,58.8152980715276,57.6366089064315
"rab-6.2",45.1884474417731,40.2958882004214,37.0558715972779,52.2120405199312,43.061200373797,48.4879408260456
"rab-7",242.210078287904,237.419016964645,221.276490395174,308.437794923297,309.830588055368,280.864110067849
"rab-8",80.4354364463562,72.9682299845469,86.8166134564796,78.3180607798968,64.0666639707711,84.1677463395508
"rab-10",134.661573376484,153.56000638539,157.752139085554,140.198997692408,145.98797199897,131.740820357558
"rab-11.1",451.884474417731,412.760584539452,480.667591576119,490.213047103798,499.930033607984,467.496938907722
"rab-14",64.1675953673179,43.563122378834,41.2908283512525,57.0464887162211,66.1672103304685,60.3812093305473
"rab-18",89.4731259347108,93.660713114493,64.5830904981129,105.39097067912,98.7256789057784,70.4447442189719
"rab-19",28.0168374138993,30.4941856651838,21.1747837698731,15.4702342281278,29.4076490357638,26.5311374331193
"rab-28",9.03768948835463,13.0689367136502,17.9985662043921,18.3709031459017,11.5530049783358,13.7230021205789
"rab-33",23.497992669722,33.7614198435963,22.2335229583667,32.8742477347715,33.6087417551586,28.3608710491965
"rab-35",107.54850491142,101.284259530789,98.4627445299098,117.960535989474,98.7256789057784,105.209682924439
"rab-37",29.8243753115703,19.6034050704753,26.4684797123413,23.2053513421916,24.1562831365203,18.2973361607719
"rab-39",73.2052848556725,72.9682299845469,76.2292215715431,78.3180607798968,73.5191225894094,69.5298774109333
"rad-50",161.774641841548,144.847381909623,121.75500667677,58.0133783554791,82.9715812080478,74.1042114511263
"rad-51",18.0753789767093,25.0487953678295,29.6446972778223,28.0397995384816,23.1060099566715,35.6798055135052
"ram-2",385.909341152743,364.841149922735,366.323759218804,471.842143957896,452.667740514793,397.967061496789
"ran-1",948.957396277236,820.07577878155,846.991350794923,710.663884854619,621.761722470434,676.086571140522
"ran-2",198.829168743802,218.904689953641,197.984228248313,133.430770217602,172.244801495188,154.612490558523
"ran-3",239.498771441398,277.714905165067,217.041533641199,192.411038212339,219.50709458838,218.653167121224
"ran-4",162.678410790383,197.123128764224,190.573053928858,173.073245427179,122.881962042299,149.123289710291
"ran-5",91.2806638323817,91.4825569955513,73.0530040060621,65.748495469543,91.3737666468375,94.2312812279754
"rap-1",69.5902090603306,86.0371666981971,63.5243513096192,77.3511711406388,79.8207616685017,62.2109429466245
"rap-2",56.0336748277987,55.5429810330133,59.2893945556446,54.1458197984471,64.0666639707711,62.2109429466245
"ras-1",92.1844327812172,84.9480886387262,86.8166134564796,101.523412122088,75.6196689491069,81.423145915435
"ras-2",41.5733716464313,25.0487953678295,30.703436466316,30.9404684562555,29.4076490357638,41.1690063617368
"rba-1",77.7241295998498,71.8791519250761,80.4641783255177,76.3842815013808,57.7650248916789,65.8704101787789
"rbc-1",381.390496408565,321.278027543901,334.561583563995,302.636457087749,391.751896083568,321.118249621547
"rbc-2",109.356042809091,107.818727887614,120.696267488277,79.2849504191547,120.781415682601,99.7204820762069
"rbd-1",297.339984166867,333.25788619808,316.563017359602,200.146155326403,198.501630991406,225.057234777495
"rbf-1",50.6110611347859,50.0975907356591,57.1719161786573,57.0464887162211,64.0666639707711,49.4028076340842
"rbg-1",77.7241295998498,78.4136202819012,79.405439137024,146.000335527956,94.5245861863836,79.5934122993578
"rbg-2",112.971118604433,137.223835493327,128.107441807732,115.0598670717,145.98797199897,123.50701908521
"rbr-2",144.603031813674,154.649084444861,155.634660708567,144.06655624944,179.596713754129,170.165226295179
"rbx-1",51.5148300836214,57.721137151955,52.9369594246827,44.4769234058673,57.7650248916789,44.8284735938912
"rcan-1",121.105039143952,91.4825569955513,84.6991350794923,136.331439135376,117.630596143055,113.443484196786
"rcq-5",34.3432200557476,19.6034050704753,32.8209148433033,32.8742477347715,37.8098344745534,36.5946723215438
"rde-1",85.858050139369,78.4136202819012,83.6403958909986,58.0133783554791,107.127864344568,83.2528795315122
"rde-2",28.0168374138993,34.8504979030672,27.527218900835,32.8742477347715,40.9606540140996,32.0203382813509
"rde-4",112.971118604433,145.936459969094,118.578789111289,131.496990939086,131.284147481088,138.144888013828
"ret-1",776.337527049663,746.018470737532,765.468433280912,745.471911867906,939.994495964592,674.256837524445
"rfc-1",105.740967013749,92.5716350550222,83.6403958909986,68.6491643873169,71.418576229712,96.0610148440526
"rfc-2",44.2846784929377,47.9194346167174,42.3495675397462,68.6491643873169,49.3628394528892,44.8284735938912
"rfc-3",37.054526902254,41.3849662598923,42.3495675397462,36.7418062918034,47.2622930931918,46.6582072099684
"rfc-4",62.3600574696469,71.8791519250761,51.878220236189,70.5829436658329,79.8207616685017,95.146148036014
"rfl-1",47.8997542882795,40.2958882004214,47.6432634822144,49.3113716021572,36.7595612947047,48.4879408260456
"rgr-1",108.452273860256,90.3934789360805,116.461310734302,105.39097067912,112.379230243812,105.209682924439
"rgs-1",20.7866858232156,38.1177320814797,31.7621756548096,41.5762544880933,38.8601076544021,27.4460042411579
"rgs-2",20.7866858232156,37.0286540220089,29.6446972778223,25.1391306207076,32.5584685753099,17.3824693527333
"rgs-3",33.4394511069121,34.8504979030672,32.8209148433033,29.0066891777395,18.9049172372767,27.4460042411579
"rgs-4",57.8412127254696,74.0573080440178,48.7020026707081,74.4505022228648,58.8152980715276,58.5514757144701
"rgs-6",40.6696026975958,55.5429810330133,59.2893945556446,31.9073580955135,47.2622930931918,31.1054714733123
"rgs-7",58.7449816743051,53.3648249140716,44.4670459167335,49.3113716021572,59.8655712513763,45.7433404019298
"rha-1",152.736952353193,150.292772206977,149.282225577605,110.22541887541,116.580322963206,111.613750580709
"rhi-1",115.682425450939,93.660713114493,112.226353980327,113.126087793184,101.876498445325,118.017818236979
"rho-1",452.788243366567,577.21137151955,604.540076629876,564.663549326663,552.44369260042,510.495678885537
"rhr-1",364.218886380692,413.849662598923,356.795106522361,279.431105745558,306.679768515822,326.607450469779
"rhr-2",36.1507579534185,37.0286540220089,30.703436466316,58.9802679947371,44.1114735536457,54.8920084823158
"rib-1",17.1716100278738,26.1378734273004,25.4097405238477,17.4040135066437,24.1562831365203,22.8716702009649
"rib-2",11.748996334861,16.3361708920627,6.35243513096192,6.76822747480589,15.7540976977306,13.7230021205789
"ric-3",83.1467432928626,105.640571768672,89.9928310219606,98.6227432043144,75.6196689491069,75.0190782591649
"ric-4",183.465096613599,198.212206823695,195.866749871326,202.079934604919,198.501630991406,167.420625871063
"ric-8",80.4354364463562,74.0573080440178,71.9942648175684,68.6491643873169,81.9213080281991,61.2960761385859
"ric-19",14.4603031813674,20.6924831299461,20.1160445813794,7.73511711406388,9.45245861863836,10.0635348884246
"rig-1",49.7072921859505,83.8590105792554,70.9355256290748,52.2120405199312,64.0666639707711,54.8920084823158
"rig-3",203.348013487979,241.775329202529,255.156144426971,191.444148573081,203.752996890649,201.270697768491
"rig-4",179.850020818257,135.045679374385,174.691966101453,198.212376047887,215.306001868985,185.717962031835
"rig-5",18.0753789767093,25.0487953678295,26.4684797123413,26.1060202599656,22.0557367768228,26.5311374331193
"rme-1",388.620647999249,397.51349170686,365.265020030311,318.106691315877,361.293973867955,365.946723215438
"rme-4",31.6319132092412,28.3160295462421,22.2335229583667,24.1722409814496,32.5584685753099,24.7014038170421
"rme-6",18.9791479255447,30.4941856651838,28.5859580893287,30.9404684562555,36.7595612947047,34.7649387054666
"rme-8",226.846006157701,223.261002191524,213.865316075718,236.887961618206,288.825124458394,233.291036049842
"rnf-5",70.4939780091661,76.2354641629595,63.5243513096192,58.0133783554791,65.1169371506198,57.6366089064315
"rnh-1.0",16.2678410790383,18.5143270110044,20.1160445813794,8.70200675332186,15.7540976977306,8.23380127234736
"rnh-2",22.5942237208866,14.158014773121,26.4684797123413,31.9073580955135,40.9606540140996,31.1054714733123
"rnp-1",93.0882017300527,60.9883713303676,61.4068729326319,73.4836125836068,81.9213080281991,62.2109429466245
"rnp-2",45.1884474417731,55.5429810330133,53.9956986131763,47.3775923236412,48.3125662730405,41.1690063617368
"rnp-3",93.9919706788881,79.502698341372,80.4641783255177,80.2518400584127,60.915844431225,79.5934122993578
"rnp-4",146.410569711345,141.58014773121,139.753572881162,159.536790477567,172.244801495188,150.03815651833
"rnp-5",63.2638264184824,93.660713114493,57.1719161786573,70.5829436658329,48.3125662730405,81.423145915435
"rnp-6",153.640721302029,180.786957872161,168.339530970491,121.828094546506,100.826225265476,121.677285469133
"rnp-7",89.4731259347108,57.721137151955,74.1117431945558,72.5167229443488,101.876498445325,88.7420803797438
"rnr-1",322.64551473426,270.091358748771,261.508579557932,297.802008891459,326.634958932948,371.43592406367
"rnr-2",144.603031813674,124.154898779677,128.107441807732,177.907693623469,150.189064718365,187.547695647912
"rol-3",48.803523237115,62.0774493898384,41.2908283512525,63.814716191027,60.915844431225,65.8704101787789
"rol-6",0,2.1781561189417,0,129.56321166057,115.530049783358,85.0826131475894
"rol-8",0.903768948835463,0,5.29369594246827,204.980603522693,166.993435595944,114.358351004824
"rom-1",52.4185990324568,45.7412784977757,42.3495675397462,50.2782612414152,37.8098344745534,54.8920084823158
"rom-4",76.8203606510143,67.5228396871927,61.4068729326319,41.5762544880933,52.5136589924353,43.9136067858526
"rom-5",26.2092995162284,29.4051076057129,28.5859580893287,20.3046824244177,23.1060099566715,34.7649387054666
"rop-1",460.922163906086,485.728814523999,477.491374010638,276.530436827784,261.518021782328,298.246579420582
"rla-0",838.697584519309,901.756633241863,1148.73201951561,846.995323989995,1058.6753652875,1251.5377933968
"rla-1",219.615854567017,238.508095024116,286.91832008178,261.060202599656,241.562831365202,345.819653438589
"rla-2",318.126669990083,278.803983224537,348.325193014412,268.79531971372,270.970480400966,329.352050893894
"rpc-1",213.289471925169,200.390362942636,199.042967436807,135.364549496118,159.641523337003,157.357090982638
"rpl-1",349.758583199324,297.318310235542,353.61888895688,430.265889469803,454.76828687449,514.155146117691
"rpl-2",997.760919514351,1062.94018604355,1247.19476404552,919.512046934343,970.452418180205,1148.15784408844
"rpl-3",941.727244686552,860.371666981971,1101.0887560334,1046.17458967714,1138.496126956,1268.00539594149
"rpl-4",986.915692128325,872.35152563615,1106.38245197587,833.458869040383,929.491764166105,1067.64956498104
"rpl-5",956.18754786792,1003.04089277265,1096.85379927943,834.425758679641,962.050232741415,1019.161624155
"rpl-6",694.094552705635,589.19123017373,677.593080635938,613.008031289562,583.951887995881,748.361048975571
"rpl-7",835.986277672803,710.078894774994,806.759261632164,696.160540265749,690.0294791606,762.08405109615
"rpl-7A",323.549283683096,376.821008576914,420.319457831981,402.226089931322,447.416374615549,515.070012925729
"rpl-9",571.181975664012,546.717185854366,660.65325362004,512.451508806732,575.549702557091,670.597370292291
"rpl-10",817.007129747258,643.645133147272,807.818000820658,807.352848780417,769.850240829102,860.889666364319
"rpl-11.1",80.4354364463562,69.7009958061344,61.4068729326319,42.5431441273513,50.4131126327379,38.424405937621
"rpl-11.2",420.25256120849,350.683135149614,471.138938879676,340.345153018811,359.193427508258,460.178004443414
"rpl-12",821.525974491436,730.77137790494,853.343785925885,956.253853226147,867.525646555032,1039.28869393184
"rpl-13",460.018394957251,461.76909721564,564.307987467117,449.603682254963,475.773750471464,549.834951631196
"rpl-14",385.005572203907,331.079730079138,418.201979454993,296.835119252201,331.886324832191,353.138587902898
"rpl-15",544.972676147784,541.271795557012,604.540076629876,515.352177724506,516.734404485564,611.131027769782
"rpl-16",463.633470752592,424.740443193631,548.426899639713,494.08060566083,469.472111392372,526.048414622193
"rpl-17",485.323925524644,491.174204821353,497.607418592017,462.173247565317,377.048071565686,521.474080582
"rpl-18",396.754568538768,411.671506479981,398.085934873614,336.477594461779,343.439329810527,487.624008684572
"rpl-19",634.445802082495,490.085126761882,590.776467179459,501.815722774894,547.192326701176,541.601150358849
"rpl-20",577.508358305861,490.085126761882,475.373895633651,540.491308345213,558.745331679512,637.662165202901
"rpl-21",754.647072277611,636.021586730976,716.766430610204,565.630438965921,598.655712513763,709.021776229912
"rpl-22",532.319910864088,387.711789171622,411.849544324031,501.815722774894,477.874296831161,563.557953751775
"rpl-23",669.692791087078,548.895341973308,690.297950897862,594.637128143661,575.549702557091,673.341970716407
"rpl-24.1",612.755347310444,703.544426418169,823.699088648063,686.491643873169,613.359537031645,826.124727658852
"rpl-24.2",216.000778771676,170.985255336923,174.691966101453,164.371238673857,148.088518358668,161.931425022831
"rpl-25.1",236.787464594891,229.795470548349,269.978493065882,222.384617029336,211.10490914959,298.246579420582
"rpl-25.2",95.7995085765591,102.37333759026,86.8166134564796,105.39097067912,95.5748593662323,112.528617388747
"rpl-26",321.741745785425,280.982139343479,309.151843040147,342.278932297327,318.232773494158,377.83999171994
"rpl-27",957.995085765591,900.667555182392,977.216270979642,958.187632504663,811.86116802305,1028.31029223538
"rpl-28",263.900533059955,250.487953678295,276.330928196844,268.79531971372,235.26119228611,292.757378572351
"rpl-29",257.574150418107,246.131641440412,269.978493065882,269.762209352978,251.015289983841,305.565513884891
"rpl-30",230.461081953043,241.775329202529,263.62605793492,302.636457087749,266.769387681571,313.799315157238
"rpl-31",309.992749450564,286.427529640833,368.441237595792,362.583614721744,289.875397638243,422.668465313831
"rpl-32",563.951824073329,573.944137341138,602.422598252889,572.398666440727,562.946424398907,578.195822680393
"rpl-33",320.837976836589,270.091358748771,340.914018694956,282.331774663331,281.473212199453,353.138587902898
"rpl-34",284.687218883171,248.309797559354,291.153276835755,252.358195846334,257.316929062933,317.458782389393
"rpl-35",482.612618678137,445.432926323577,517.723463173397,471.842143957896,397.003261982811,521.474080582
"rpl-36",272.034453599474,262.467812332475,323.974191679058,250.424416567818,261.518021782328,288.183044532158
"rpl-38",289.206063627348,217.81561189417,215.982794452705,297.802008891459,244.713650904749,311.054714733123
"rpl-39",109.356042809091,121.976742660735,124.931224242251,128.596322021312,117.630596143055,150.953023326368
"rpl-36.A",420.25256120849,333.25788619808,351.501410579893,361.616725082486,300.37812943673,394.307594264635
"rpl-43",171.716100278738,174.252489515336,161.987095839529,128.596322021312,139.686332919878,161.931425022831
"rpm-1",40.6696026975958,35.939575962538,38.1146107857715,17.4040135066437,42.0109271939483,33.850071897428
"rpn-1",573.893282510519,540.182717497541,568.542944221092,430.265889469803,463.17047231328,467.496938907722
"rpn-2",601.006350975583,535.826405259658,561.131769901637,493.113716021572,455.818560054339,483.964541452417
"rpn-3",488.939001319985,441.076614085694,460.551546994739,494.08060566083,435.863369637213,526.963281430231
"rpn-5",330.779435273779,310.387246949192,371.617455161272,304.570236366265,311.931134415066,330.266917701933
"rpn-6.1",375.967882715553,421.473209015219,401.262152439095,341.312042658069,381.24916428508,364.116989599361
"rpn-7",337.105817915628,347.415900971201,365.265020030311,275.563547188526,249.965016803992,277.204642835695
"rpn-8",332.58697317145,313.654481127605,313.386799794121,331.643146265489,298.277583077033,293.672245380389
"rpn-9",234.076157748385,222.171924132053,247.744970107515,207.881272440467,203.752996890649,236.950503281996
"rpn-10",215.09700982284,212.370221596816,223.393968772161,175.973914344953,192.199991912313,192.122029688105
"rpn-11",187.080172408941,193.855894585811,219.159012018186,146.000335527956,164.892889236247,191.207162880067
"rpn-12",186.176403460105,173.163411455865,135.518616127188,122.794984185764,140.736606099727,146.378689286175
"rps-0",674.211635831255,602.26016688738,814.17043595162,594.637128143661,657.47101058529,744.701581743417
"rps-1",764.588530714802,716.613363131819,852.285046737391,791.882614552289,833.916904799873,917.611408462712
"rps-2",735.667924352067,725.325987607586,763.350954903924,848.929103268511,845.469909778209,1018.24675734696
"rps-3",652.521181059204,627.308962255209,801.465565689696,573.365556079985,614.409810211493,728.233979198722
"rps-4",663.36640844523,567.409668984312,727.35382249514,672.955188923557,768.799967649253,815.146325962389
"rps-5",508.821918194366,459.590941096698,568.542944221092,446.703013337189,440.064462356608,538.856549934733
"rps-6",454.595781264238,417.116896777335,528.310855058333,496.014384939346,487.3267554498,668.767636676214
"rps-7",582.930971998873,460.680019156169,655.359557677572,502.782612414152,485.226209090102,655.959501363673
"rps-8",591.968661487228,506.421297653945,629.949817153724,544.358866902245,583.951887995881,675.171704332484
"rps-9",588.353585691886,485.728814523999,557.955552336156,489.24615746454,545.091780341479,569.962021408045
"rps-10",253.05530567393,230.88454860782,302.799407909185,233.020403061174,194.300538272011,308.310114309007
"rps-11",453.692012315402,413.849662598923,439.376763224866,431.232779109061,435.863369637213,440.965801474603
"rps-12",107.54850491142,98.0170253523765,123.872485053757,167.271907591631,157.540976977306,234.205902857881
"rps-13",198.829168743802,184.054192050574,217.041533641199,250.424416567818,263.618568142025,326.607450469779
"rps-14",299.147522064538,302.763700532896,410.790805135538,297.802008891459,316.132227134461,388.818393416403
"rps-15",424.771405952668,347.415900971201,384.322325423196,333.576925544005,386.500530184324,395.222461072673
"rps-16",398.562106436439,348.504979030672,415.025761889512,282.331774663331,299.327856256881,346.734520246628
"rps-17",602.813888873254,569.587825103254,669.123167127989,691.326092069459,665.87319602408,729.148846006761
"rps-18",694.094552705635,630.576196433622,725.236344118153,630.412044796206,586.052434355578,685.235239220908
"rps-19",399.465875385275,312.565403068134,377.969890292234,336.477594461779,359.193427508258,444.625268706758
"rps-20",247.632691980917,214.548377715757,271.037232254375,226.252175586368,215.306001868985,285.438444108042
"rps-21",236.787464594891,225.439158310466,282.683363327806,206.914382801209,180.646986933978,216.823433505147
"rps-22",213.289471925169,204.74667518052,235.040099845591,278.4642161063,264.668841321874,277.204642835695
"rps-23",551.299058789632,564.1424348059,663.829471185521,487.312378186024,567.147517118301,585.514757144701
"rps-24",764.588530714802,754.731095213299,780.290781919823,717.432112329425,594.454619794368,700.787974957564
"rps-25",432.001557543351,429.096755431515,430.906849716917,450.570571894221,410.656813320844,571.791755024122
"rps-26",373.256575869046,416.027818717864,411.849544324031,399.325421013548,333.986871191889,440.965801474603
"rps-27",133.757804427648,153.56000638539,179.985662043921,119.89431526799,135.485240200483,158.271957790677
"rps-28",249.440229878588,319.099871424959,310.210582228641,229.152844504142,212.155182329439,265.311374331193
"rps-29",114.778656502104,90.3934789360805,114.343832357315,83.1525089761867,78.770488488653,82.3380127234736
"rps-30",404.888489078287,382.266398874268,437.259284847879,443.802344419415,383.349710644778,472.986139755954
"rpt-1",282.8796809855,340.881432614376,343.031497071944,304.570236366265,284.624031738999,344.904786630551
"rpt-2",290.109832576184,314.743559187075,315.504278171109,271.695988631494,235.26119228611,287.268177724119
"rpt-3",249.440229878588,215.637455775228,222.335229583667,193.377927851597,191.149718732465,200.355830960452
"rpt-4",398.562106436439,370.286540220089,400.203413250601,357.749166525454,387.550803364173,339.415585782319
"rpt-5",330.779435273779,329.990652019667,300.681929532198,269.762209352978,264.668841321874,300.991179844698
"rpt-6",220.519623515853,217.81561189417,219.159012018186,210.781941358241,213.205455509287,216.823433505147
"rpy-1",39.7658337487604,44.6522004383048,45.5257851052271,44.4769234058673,40.9606540140996,36.5946723215438
"rrf-1",119.297501246281,111.085962066027,105.873918849365,102.490301761346,101.876498445325,102.465082500323
"rrf-2",33.4394511069121,19.6034050704753,14.8223486389112,22.2384617029336,24.1562831365203,26.5311374331193
"rrf-3",36.1507579534185,29.4051076057129,30.703436466316,33.8411373740295,33.6087417551586,32.9352050893894
"rars-1",306.377673655222,242.864407261999,245.627491730528,218.517058472305,224.758460487623,245.184304554344
"rars-2",26.2092995162284,34.8504979030672,26.4684797123413,24.1722409814496,19.9551904171254,36.5946723215438
"rsd-2",131.950266529978,131.778445195973,106.932658037859,91.8545157295085,124.982508401996,96.9758816520912
"rsd-3",77.7241295998498,82.7699325197845,75.1704823830494,74.4505022228648,72.4688494095607,82.3380127234736
"rsd-6",178.946251869422,204.74667518052,165.16331340501,145.033445888698,179.596713754129,157.357090982638
"rsp-1",238.595002492562,215.637455775228,250.921187672996,204.980603522693,221.607640948077,223.227501161417
"rsp-2",154.544490250864,168.807099217982,156.693399897061,195.311707130113,162.792342876549,195.78149692026
"rsp-3",257.574150418107,275.536749046125,258.332361992452,243.656189093012,213.205455509287,275.374909219617
"rsp-4",91.2806638323817,71.8791519250761,58.230655367151,87.9869571724766,76.6699421289556,83.2528795315122
"rsp-5",88.5693569858754,100.195181471318,99.5214837184035,86.0531778939606,86.1224007475939,87.8272135717052
"rsp-6",175.33117607408,173.163411455865,175.750705289947,175.973914344953,194.300538272011,212.249099464954
"rsp-7",119.297501246281,136.134757433856,106.932658037859,136.331439135376,140.736606099727,135.400287589712
"rsp-8",162.678410790383,120.887664601264,156.693399897061,146.967225167214,115.530049783358,147.293556094214
"rsr-1",99.4145843719009,119.798586541793,131.283659373213,99.5896328435724,108.178137524417,112.528617388747
"sad-1",56.9374437766342,56.6320590924842,60.3481337441383,50.2782612414152,64.0666639707711,55.8068752903543
"san-1",21.6904547720511,19.6034050704753,10.5873918849365,22.2384617029336,22.0557367768228,22.8716702009649
"sap-49",82.2429743440271,76.2354641629595,94.2277877759352,61.880936912511,68.2677566901659,62.2109429466245
"sas-4",46.0922163906086,37.0286540220089,37.0558715972779,47.3775923236412,42.0109271939483,43.9136067858526
"sax-1",74.109053804508,68.6119177466635,40.2320891627588,52.2120405199312,65.1169371506198,48.4879408260456
"sax-2",210.578165078663,173.163411455865,210.689098510237,209.815051718983,232.110372746564,205.845031808684
"sax-3",99.4145843719009,91.4825569955513,100.580222906897,95.7220742865405,112.379230243812,104.2948161164
"sax-7",565.759361971,570.676903162725,494.431201026536,547.259535820019,631.214181089073,524.218681006115
"sbp-1",103.029660167243,128.51121101756,93.1690485874415,60.914047273253,84.0218543878965,74.1042114511263
"sca-1",2700.46161912036,2559.3334397565,3002.584338568,2857.15888400734,2703.40316493057,2709.83548541032
"scc-1",11.748996334861,28.3160295462421,21.1747837698731,21.2715720636757,27.3071026760664,24.7014038170421
"scc-3",169.004793432232,135.045679374385,151.399703954592,162.437459395341,158.591250157155,156.4422241746
"scd-1",343.432200557476,337.614198435963,327.150409244539,374.18629039284,426.410911018575,356.798055135052
"scd-2",40.6696026975958,31.5832637246546,32.8209148433033,36.7418062918034,40.9606540140996,29.2757378572351
"scm-1",103.933429116078,95.8388692334347,124.931224242251,111.192308514668,107.127864344568,95.146148036014
"scp-1",254.862843571601,227.617314429408,232.922621468604,190.477258933823,227.909280027169,204.930165000645
"sdc-1",30.7281442604057,30.4941856651838,25.4097405238477,24.1722409814496,28.3573758559151,25.6162706250807
"sdc-2",74.109053804508,58.8102152114259,79.405439137024,58.0133783554791,74.5693957692582,73.1893446430877
"sdc-3",71.3977469580016,62.0774493898384,65.6418296866065,49.3113716021572,77.7202153088043,87.8272135717052
"sdn-1",74.109053804508,75.1463861034886,66.7005688751002,81.2187296976707,88.2229471072913,80.5082791073964
"sea-2",171.716100278738,137.223835493327,157.752139085554,178.874583262727,243.6633777249,193.951763304182
"sec-5",59.6487506231405,60.9883713303676,47.6432634822144,44.4769234058673,59.8655712513763,54.8920084823158
"sec-8",69.5902090603306,88.2153228171388,76.2292215715431,81.2187296976707,55.6644785319814,69.5298774109333
"sec-23",178.946251869422,215.637455775228,221.276490395174,249.45752692856,226.859006847321,253.418105826691
"sec-24.1",271.130684650639,250.487953678295,277.389667385337,288.133112498879,322.433866213553,286.35331091608
"sec-24.2",156.352028148535,127.422132958089,182.103140420908,137.298328774634,138.636059740029,147.293556094214
"sek-1",49.7072921859505,50.0975907356591,44.4670459167335,54.1458197984471,53.563932172284,45.7433404019298
"sel-1",112.971118604433,123.065820720206,115.402571545808,110.22541887541,141.786879279575,119.847551853056
"sel-2",247.632691980917,217.81561189417,269.978493065882,265.894650795946,276.22184630021,259.822173482961
"sel-5",106.644735962585,84.9480886387262,80.4641783255177,116.026756710958,80.8710348483504,103.379949308361
"sel-8",37.054526902254,31.5832637246546,24.351001335354,29.0066891777395,34.6590149350073,31.1054714733123
"sel-9",112.971118604433,86.0371666981971,109.050136414846,131.496990939086,109.228410704265,112.528617388747
"sel-10",76.8203606510143,66.4337616277218,56.1131769901637,68.6491643873169,72.4688494095607,71.3596110270105
"sel-11",134.661573376484,132.867523255444,123.872485053757,134.39765985686,131.284147481088,133.570553973635
"sel-12",36.1507579534185,43.563122378834,31.7621756548096,40.6093648488354,25.206556316369,42.998739977814
"sem-2",14.4603031813674,18.5143270110044,17.9985662043921,21.2715720636757,22.0557367768228,20.1270697768491
"sem-4",137.37288022299,132.867523255444,133.4011377502,103.457191400604,134.434967020634,104.2948161164
"sem-5",74.109053804508,54.4539029735425,48.7020026707081,74.4505022228648,78.770488488653,56.7217420983929
"1-Sep",17.1716100278738,13.0689367136502,13.7636094504175,31.9073580955135,25.206556316369,27.4460042411579
"ser-1",15.3640721302029,26.1378734273004,20.1160445813794,26.1060202599656,24.1562831365203,22.8716702009649
"ser-2",29.8243753115703,17.4252489515336,24.351001335354,22.2384617029336,18.9049172372767,20.1270697768491
"ser-3",25.305530567393,22.8706392488878,17.9985662043921,24.1722409814496,24.1562831365203,18.2973361607719
"ser-4",20.7866858232156,15.2470928325919,15.8810878274048,14.5033445888698,15.7540976977306,21.0419365848877
"set-1",39.7658337487604,41.3849662598923,44.4670459167335,37.7086959310614,48.3125662730405,44.8284735938912
"set-2",72.301515906837,77.3245422224303,70.9355256290748,59.947157633995,73.5191225894094,78.6785454913192
"seu-1",120.201270195117,132.867523255444,159.869617462542,124.72876346428,110.278683884114,123.50701908521
"sex-1",23.497992669722,21.781561189417,16.9398270158985,7.73511711406388,14.7038245178819,16.4676025446947
"sft-1",22.5942237208866,20.6924831299461,25.4097405238477,8.70200675332186,17.854644057428,15.5527357366561
"sft-4",159.967103943877,135.045679374385,133.4011377502,173.073245427179,134.434967020634,144.548955670098
"sgk-1",135.565342325319,152.470928325919,124.931224242251,182.742141819759,147.038245178819,172.909826719295
"sgn-1",46.9959853394441,65.344683568251,56.1131769901637,50.2782612414152,70.3683030498633,65.8704101787789
"sid-1",47.8997542882795,52.2757468546008,45.5257851052271,31.9073580955135,58.8152980715276,50.3176744421228
"sid-2",89.4731259347108,93.660713114493,84.6991350794923,75.4173918621228,84.0218543878965,79.5934122993578
"sip-1",18.0753789767093,13.0689367136502,20.1160445813794,13.5364549496118,13.6535513380332,12.8081353125403
"sir-2.1",97.60704647423,118.709508482323,85.757874267986,83.1525089761867,97.6754057259297,88.7420803797438
"sir-2.2",70.4939780091661,40.2958882004214,53.9956986131763,104.424081039862,86.1224007475939,70.4447442189719
"skn-1",591.968661487228,532.559171081245,549.485638828206,405.126758849096,423.260091479029,416.264397657561
"skp-1",170.812331329902,147.025538028565,156.693399897061,114.092977432442,119.731142502753,120.762418661095
"skr-1",410.3111027713,419.295052896277,364.206280841817,395.457862456516,397.003261982811,389.733260224442
"skr-2",33.4394511069121,27.2269514867712,27.527218900835,37.7086959310614,37.8098344745534,42.998739977814
"skr-3",219.615854567017,225.439158310466,235.040099845591,228.185954864884,218.456821408531,220.482900737302
"skr-16",46.9959853394441,27.2269514867712,32.8209148433033,42.5431441273513,47.2622930931918,40.2541395536982
"F56B3.4",75.0128227533434,65.344683568251,74.1117431945558,54.1458197984471,48.3125662730405,41.1690063617368
"skr-19",8.13392053951917,7.62354641629595,10.5873918849365,8.70200675332186,9.45245861863836,11.8932685045017
"skr-20",39.7658337487604,43.563122378834,29.6446972778223,44.4769234058673,57.7650248916789,49.4028076340842
"skr-21",20.7866858232156,14.158014773121,5.29369594246827,18.3709031459017,14.7038245178819,19.2122029688105
"sli-1",35.246989004583,20.6924831299461,26.4684797123413,45.4438130451253,37.8098344745534,32.9352050893894
"slo-1",86.7618190882044,91.4825569955513,97.4040053414162,79.2849504191547,94.5245861863836,91.4866808038596
"slo-2",81.3392053951917,59.8992932708967,59.2893945556446,58.0133783554791,60.915844431225,61.2960761385859
"slt-1",266.611839906462,258.111500094591,230.805143091617,239.78863053598,276.22184630021,245.184304554344
"sma-1",555.81790353381,411.671506479981,483.8438091416,384.822076424678,625.962815189829,574.536355448238
"sma-2",42.4771405952668,41.3849662598923,53.9956986131763,25.1391306207076,29.4076490357638,36.5946723215438
"sma-3",74.109053804508,69.7009958061344,73.0530040060621,62.847826551769,53.563932172284,63.1258097546631
"sma-4",97.60704647423,59.8992932708967,73.0530040060621,93.7882950080245,74.5693957692582,78.6785454913192
"sma-5",127.4314217858,120.887664601264,124.931224242251,123.761873825022,121.83168886245,118.017818236979
"sma-6",113.874887553268,114.353196244439,86.8166134564796,83.1525089761867,106.077591164719,64.0406765627017
"sma-9",266.611839906462,249.398875618825,254.097405238477,325.841808429941,399.103808342509,275.374909219617
"smc-3",243.11384723674,233.062704726762,220.21775120668,282.331774663331,295.126763537487,293.672245380389
"smc-4",161.774641841548,165.539865039569,139.753572881162,204.013713883435,204.803270070498,230.546435625726
"smd-1",291.917370473854,283.160295462421,264.684797123413,271.695988631494,261.518021782328,291.842511764312
"smf-1",28.0168374138993,23.9597173083587,27.527218900835,25.1391306207076,30.4579222156125,27.4460042411579
"smf-3",14.4603031813674,26.1378734273004,20.1160445813794,11.6026756710958,15.7540976977306,13.7230021205789
"smg-1",170.812331329902,156.827240563802,156.693399897061,167.271907591631,202.7027237108,174.739560335372
"smg-2",155.4482591997,176.430645634278,185.279357986389,127.629432382054,178.54644057428,166.505759063024
"smg-3",190.695248204283,143.758303850152,143.988529635137,175.973914344953,177.496167394431,152.782756942446
"smg-4",93.9919706788881,92.5716350550222,62.4656121211256,108.291639596894,103.977044805022,95.146148036014
"smg-5",54.2261369301278,49.0085126761882,41.2908283512525,72.5167229443488,67.2174835103172,63.1258097546631
"smg-6",178.042482920586,200.390362942636,214.924055264212,153.73545264202,172.244801495188,204.015298192607
"smg-7",21.6904547720511,23.9597173083587,23.2922621468604,21.2715720636757,21.0054635969741,25.6162706250807
"smi-1",15.3640721302029,13.0689367136502,12.7048702619238,24.1722409814496,17.854644057428,11.8932685045017
"smn-1",37.9582958510894,39.2068101409506,59.2893945556446,40.6093648488354,43.061200373797,40.2541395536982
"smo-1",176.234945022915,216.726533834699,225.511447149148,252.358195846334,177.496167394431,270.800575179424
"smp-1",41.5733716464313,51.1866687951299,55.05443780167,55.1127094377051,96.625132546081,64.0406765627017
"smp-2",31.6319132092412,28.3160295462421,38.1146107857715,34.8080270132875,59.8655712513763,35.6798055135052
"smr-1",62.3600574696469,77.3245422224303,58.230655367151,45.4438130451253,40.9606540140996,51.2325412501614
"sms-1",84.050512241698,83.8590105792554,74.1117431945558,117.960535989474,96.625132546081,78.6785454913192
"sms-2",18.0753789767093,28.3160295462421,22.2335229583667,26.1060202599656,36.7595612947047,33.850071897428
"sms-3",37.9582958510894,40.2958882004214,23.2922621468604,49.3113716021572,35.709288114856,28.3608710491965
"smu-1",93.0882017300527,78.4136202819012,71.9942648175684,57.0464887162211,73.5191225894094,68.6150106028947
"smu-2",83.1467432928626,70.7900738656052,71.9942648175684,57.0464887162211,66.1672103304685,47.573074018007
"snb-1",187.080172408941,219.993768013112,188.45557555187,204.980603522693,206.903816430195,174.739560335372
"snb-2",40.6696026975958,47.9194346167174,37.0558715972779,48.3444819628992,42.0109271939483,40.2541395536982
"snf-1",114.778656502104,111.085962066027,119.637528299783,104.424081039862,105.027317984871,96.9758816520912
"snf-3",214.193240874005,235.240860845703,176.80944447844,226.252175586368,275.171573120361,209.504499040838
"snf-6",40.6696026975958,38.1177320814797,47.6432634822144,55.1127094377051,76.6699421289556,40.2541395536982
"snf-11",252.151536725094,233.062704726762,204.336663379275,247.523747650044,235.26119228611,206.759898616723
"snf-12",22.5942237208866,23.9597173083587,27.527218900835,13.5364549496118,10.5027317984871,19.2122029688105
"sng-1",48.803523237115,50.0975907356591,42.3495675397462,35.7749166525454,49.3628394528892,30.1906046652737
"snn-1",32.5356821580767,30.4941856651838,31.7621756548096,26.1060202599656,34.6590149350073,32.0203382813509
"snr-1",240.402540390233,222.171924132053,246.686230919021,248.490637289302,191.149718732465,231.461302433765
"snr-2",165.38971763689,154.649084444861,170.457009347478,167.271907591631,191.149718732465,156.4422241746
"snr-3",113.874887553268,115.44227430391,101.638962095391,123.761873825022,113.42950342366,150.953023326368
"snr-4",184.368865562434,172.074333396394,155.634660708567,193.377927851597,189.049172372767,199.440964152414
"snr-5",104.837198064914,104.551493709202,97.4040053414162,94.7551846472825,94.5245861863836,113.443484196786
"snr-6",116.586194399775,139.401991612269,131.283659373213,114.092977432442,96.625132546081,126.251619509326
"snr-7",150.929414455522,153.56000638539,141.87105125815,118.927425628732,119.731142502753,119.847551853056
"snt-1",211.481934027498,271.180436808241,278.448406573831,178.874583262727,185.898352833221,169.25035948714
"snt-2",30.7281442604057,29.4051076057129,23.2922621468604,35.7749166525454,28.3573758559151,28.3608710491965
"snt-3",86.7618190882044,90.3934789360805,93.1690485874415,82.1856193369287,105.027317984871,84.1677463395508
"snt-4",362.411348483021,355.039447387497,356.795106522361,424.464551634255,404.355174241752,340.330452590358
"snt-5",69.5902090603306,63.1665274493093,68.8180472520875,73.4836125836068,65.1169371506198,46.6582072099684
"snt-6",24.4017616185575,20.6924831299461,14.8223486389112,33.8411373740295,28.3573758559151,19.2122029688105
"snx-1",47.8997542882795,62.0774493898384,65.6418296866065,56.0795990769631,65.1169371506198,54.8920084823158
"soc-1",29.8243753115703,35.939575962538,28.5859580893287,32.8742477347715,31.5081953954612,32.9352050893894
"soc-2",169.004793432232,161.183552801686,176.80944447844,178.874583262727,172.244801495188,188.462562455951
"sod-1",441.039247031706,411.671506479981,415.025761889512,334.543815183263,328.735505292645,317.458782389393
"sod-2",152.736952353193,176.430645634278,179.985662043921,205.947493161951,209.004362789893,216.823433505147
"sod-4",111.163580706762,104.551493709202,77.2879607600367,135.364549496118,129.183601121391,108.869150156593
"sol-1",33.4394511069121,26.1378734273004,21.1747837698731,26.1060202599656,29.4076490357638,21.9568033929263
"sop-2",73.2052848556725,55.5429810330133,48.7020026707081,80.2518400584127,86.1224007475939,71.3596110270105
"sop-3",73.2052848556725,60.9883713303676,58.230655367151,55.1127094377051,63.0163907909224,66.7852769868175
"sos-1",77.7241295998498,81.6808544603137,67.7593080635938,74.4505022228648,112.379230243812,114.358351004824
"sox-2",51.5148300836214,46.8303565572465,56.1131769901637,58.9802679947371,49.3628394528892,40.2541395536982
"sox-3",15.3640721302029,18.5143270110044,19.0573053928858,17.4040135066437,15.7540976977306,19.2122029688105
"spc-1",1448.74162498325,1310.16090554343,1431.41538284342,1401.98997692408,1520.79556442093,1308.25953549519
"spd-1",25.305530567393,40.2958882004214,35.9971324087842,31.9073580955135,38.8601076544021,39.3392727456596
"spd-2",58.7449816743051,65.344683568251,69.8767864405811,81.2187296976707,84.0218543878965,66.7852769868175
"spd-5",248.536460929752,245.042563380941,259.391101180945,308.437794923297,291.97594399794,330.266917701933
"spe-15",18.0753789767093,22.8706392488878,19.0573053928858,17.4040135066437,16.8043708775793,10.9784016964632
"spe-39",24.4017616185575,23.9597173083587,22.2335229583667,29.0066891777395,33.6087417551586,25.6162706250807
"spg-7",737.475462249738,686.119177466635,626.773599588243,640.080941188786,554.544238960117,656.874368171712
"sph-1",137.37288022299,107.818727887614,95.2865269644288,160.503680116825,119.731142502753,129.911086741481
"spk-1",257.574150418107,255.93334397565,254.097405238477,250.424416567818,268.869934041269,250.673505402575
"spl-1",536.838755608265,575.033215400608,517.723463173397,516.319067363764,521.985770384807,538.856549934733
"spp-1",189.791479255447,196.034050704753,178.926922855427,266.861540435204,196.401084631708,210.419365848877
"spp-2",160.870872892712,209.102987418403,176.80944447844,337.444484101037,232.110372746564,226.886968393572
"spp-3",492.554077115327,535.826405259658,610.892511760838,607.206693454014,476.824023651313,622.109429466245
"spp-4",18.0753789767093,15.2470928325919,16.9398270158985,30.9404684562555,15.7540976977306,25.6162706250807
"spp-5",1052.89082539331,968.190394869585,1022.74205608487,1199.91004231916,905.335481029585,1047.52249520419
"spp-8",278.360836241323,255.93334397565,244.568752542034,224.318396307852,197.451357811557,256.162706250807
"spp-10",781.760140742675,747.107548797003,732.647518437608,768.677263210098,800.308163044714,750.190782591649
"spp-14",1256.23883888129,1396.19807224163,1442.00277472836,1688.18931014444,1356.95294836453,1582.71957790677
"spp-15",139.180418120661,196.034050704753,142.929790446643,180.808362541243,141.786879279575,149.123289710291
"spp-16",52.4185990324568,34.8504979030672,34.9383932202906,38.6755855703194,59.8655712513763,51.2325412501614
"spp-17",195.21409294846,154.649084444861,169.398270158985,139.23210805315,132.334420660937,204.015298192607
"spp-18",206.963089283321,225.439158310466,225.511447149148,183.709031459017,173.295074675037,170.165226295179
"spr-1",15.3640721302029,22.8706392488878,23.2922621468604,27.0729098992236,21.0054635969741,21.9568033929263
"spr-2",93.0882017300527,108.907805947085,115.402571545808,144.06655624944,117.630596143055,141.804355245982
"spr-4",93.0882017300527,94.7497911739639,88.9340918334669,106.357860318378,117.630596143055,110.69888377267
"spr-5",92.1844327812172,91.4825569955513,97.4040053414162,72.5167229443488,85.0721275677452,93.3164144199368
"spt-4",33.4394511069121,27.2269514867712,26.4684797123413,22.2384617029336,24.1562831365203,27.4460042411579
"spt-5",291.013601525019,265.735046510887,310.210582228641,294.901339973685,299.327856256881,315.629048773316
"sqt-1",0,0,0,283.298664302589,233.160645926413,144.548955670098
"sqt-2",0.903768948835463,1.08907805947085,0,175.007024705695,161.742069696701,122.592152277172
"sqt-3",0,1.08907805947085,1.05873918849365,228.185954864884,190.099445552616,122.592152277172
"sqv-1",40.6696026975958,35.939575962538,39.1733499742652,37.7086959310614,53.563932172284,45.7433404019298
"sqv-3",24.4017616185575,28.3160295462421,27.527218900835,20.3046824244177,27.3071026760664,27.4460042411579
"sqv-4",77.7241295998498,69.7009958061344,73.0530040060621,84.1193986154447,78.770488488653,77.7636786832806
"sqv-5",40.6696026975958,41.3849662598923,45.5257851052271,50.2782612414152,42.0109271939483,48.4879408260456
"sqv-6",77.7241295998498,71.8791519250761,59.2893945556446,47.3775923236412,75.6196689491069,57.6366089064315
"sqv-7",26.2092995162284,23.9597173083587,43.4083067282398,16.4371238673857,37.8098344745534,23.7865370090035
"sqv-8",14.4603031813674,8.71262447576679,9.52865269644288,13.5364549496118,12.6032781581845,16.4676025446947
"src-1",101.222122269572,99.1061034118473,91.0515702104542,65.748495469543,59.8655712513763,85.0826131475894
"src-2",18.9791479255447,10.8907805947085,16.9398270158985,13.5364549496118,14.7038245178819,17.3824693527333
"srf-3",37.9582958510894,38.1177320814797,44.4670459167335,49.3113716021572,38.8601076544021,44.8284735938912
"srp-3",40.6696026975958,35.939575962538,27.527218900835,29.0066891777395,28.3573758559151,35.6798055135052
"srp-6",79.5316674975207,75.1463861034886,83.6403958909986,82.1856193369287,76.6699421289556,85.0826131475894
"srp-7",395.850799589933,423.65136513416,405.497109193069,379.987628228388,379.148617925383,408.945463193252
"srr-1",34.3432200557476,16.3361708920627,30.703436466316,21.2715720636757,23.1060099566715,20.1270697768491
"srr-4",252.151536725094,291.872919938188,287.977059270274,211.748830997499,209.004362789893,207.674765424761
"sars-2",47.8997542882795,65.344683568251,62.4656121211256,48.3444819628992,44.1114735536457,50.3176744421228
"sars-1",451.884474417731,405.137038123156,435.141806470892,352.914718329164,342.389056630678,373.265657679747
"srv-1",43.3809095441022,39.2068101409506,44.4670459167335,22.2384617029336,27.3071026760664,30.1906046652737
"srw-85",30.7281442604057,23.9597173083587,23.2922621468604,19.3377927851597,31.5081953954612,28.3608710491965
"ssr-2",22.5942237208866,44.6522004383048,17.9985662043921,27.0729098992236,25.206556316369,21.0419365848877
"stc-1",66.8789022138242,46.8303565572465,56.1131769901637,64.781605830285,51.4633858125866,56.7217420983929
"stl-1",152.736952353193,176.430645634278,121.75500667677,158.569900838309,129.183601121391,140.889488437944
"stn-1",37.054526902254,63.1665274493093,49.7607418592017,49.3113716021572,44.1114735536457,56.7217420983929
"sto-2",13.5565342325319,18.5143270110044,20.1160445813794,16.4371238673857,16.8043708775793,18.2973361607719
"sto-4",42.4771405952668,42.4740443193631,45.5257851052271,43.5100337666093,53.563932172284,32.9352050893894
"sto-5",41.5733716464313,37.0286540220089,37.0558715972779,35.7749166525454,43.061200373797,32.0203382813509
"sto-6",18.9791479255447,26.1378734273004,20.1160445813794,17.4040135066437,16.8043708775793,20.1270697768491
"str-176",32.5356821580767,20.6924831299461,23.2922621468604,28.0397995384816,35.709288114856,34.7649387054666
"sue-1",104.837198064914,84.9480886387262,87.8753526449733,94.7551846472825,95.5748593662323,77.7636786832806
"suf-1",122.912577041623,136.134757433856,146.106008012124,87.0200675332186,86.1224007475939,86.9123467636666
"sul-2",75.9165917021789,74.0573080440178,64.5830904981129,106.357860318378,91.3737666468375,85.0826131475894
"sup-9",24.4017616185575,14.158014773121,25.4097405238477,23.2053513421916,24.1562831365203,20.1270697768491
"sup-10",21.6904547720511,33.7614198435963,34.9383932202906,14.5033445888698,22.0557367768228,19.2122029688105
"sup-12",129.238959683471,132.867523255444,127.048702619238,142.132776970924,137.585786560181,122.592152277172
"sup-17",86.7618190882044,69.7009958061344,67.7593080635938,81.2187296976707,77.7202153088043,95.146148036014
"sup-26",354.277427943501,394.246257528447,424.554414585955,353.881607968422,407.505993781298,411.690063617368
"sup-37",154.544490250864,157.916318623273,155.634660708567,116.993646350216,132.334420660937,128.996219933442
"sur-2",87.6655880370399,90.3934789360805,101.638962095391,115.0598670717,116.580322963206,98.8056152681684
"sur-5",589.257354640722,621.863571957855,688.180472520875,321.974249872909,404.355174241752,409.860330001291
"sur-6",215.09700982284,205.835753239991,205.395402567769,227.219065225626,212.155182329439,204.930165000645
"sur-7",61.4562885208115,71.8791519250761,55.05443780167,69.6160540265749,48.3125662730405,57.6366089064315
"swp-1",19.8829168743802,26.1378734273004,17.9985662043921,13.5364549496118,26.2568294962177,23.7865370090035
"syd-1",23.497992669722,25.0487953678295,24.351001335354,29.0066891777395,21.0054635969741,21.0419365848877
"syd-2",33.4394511069121,27.2269514867712,42.3495675397462,32.8742477347715,48.3125662730405,32.0203382813509
"syg-1",84.050512241698,86.0371666981971,70.9355256290748,81.2187296976707,82.9715812080478,78.6785454913192
"sym-1",18.0753789767093,15.2470928325919,14.8223486389112,317.139801676619,333.986871191889,253.418105826691
"sym-2",29.8243753115703,38.1177320814797,33.8796540317969,66.7153851088009,52.5136589924353,66.7852769868175
"sym-4",45.1884474417731,52.2757468546008,35.9971324087842,45.4438130451253,52.5136589924353,46.6582072099684
"syx-3",96.7032775253945,64.2556055087801,63.5243513096192,86.0531778939606,79.8207616685017,83.2528795315122
"syx-2",44.2846784929377,54.4539029735425,58.230655367151,53.1789301591892,46.2120199133431,60.3812093305473
"syx-5",79.5316674975207,69.7009958061344,64.5830904981129,89.9207364509926,67.2174835103172,75.9339450672035
"sys-1",32.5356821580767,27.2269514867712,24.351001335354,25.1391306207076,34.6590149350073,30.1906046652737
"tac-1",39.7658337487604,31.5832637246546,55.05443780167,41.5762544880933,44.1114735536457,30.1906046652737
"taf-1",84.050512241698,74.0573080440178,93.1690485874415,72.5167229443488,75.6196689491069,116.188084620902
"taf-2",38.8620647999249,29.4051076057129,23.2922621468604,25.1391306207076,24.1562831365203,30.1906046652737
"taf-3",45.1884474417731,47.9194346167174,50.8194810476954,45.4438130451253,47.2622930931918,41.1690063617368
"taf-4",34.3432200557476,46.8303565572465,39.1733499742652,22.2384617029336,25.206556316369,24.7014038170421
"taf-5",56.9374437766342,70.7900738656052,67.7593080635938,70.5829436658329,76.6699421289556,69.5298774109333
"taf-6.1",10.8452273860256,18.5143270110044,17.9985662043921,12.5695653103538,13.6535513380332,20.1270697768491
"taf-7.2",25.305530567393,17.4252489515336,30.703436466316,22.2384617029336,18.9049172372767,25.6162706250807
"taf-8",28.0168374138993,42.4740443193631,33.8796540317969,49.3113716021572,44.1114735536457,34.7649387054666
"taf-9",18.9791479255447,19.6034050704753,13.7636094504175,24.1722409814496,30.4579222156125,29.2757378572351
"taf-10",57.8412127254696,49.0085126761882,48.7020026707081,64.781605830285,54.6142053521327,55.8068752903543
"taf-11.1",17.1716100278738,18.5143270110044,16.9398270158985,18.3709031459017,15.7540976977306,13.7230021205789
"taf-12",36.1507579534185,47.9194346167174,45.5257851052271,37.7086959310614,44.1114735536457,47.573074018007
"taf-13",20.7866858232156,22.8706392488878,24.351001335354,30.9404684562555,30.4579222156125,32.9352050893894
"fut-3",32.5356821580767,29.4051076057129,24.351001335354,22.2384617029336,31.5081953954612,15.5527357366561
"tag-10",1429.7624770577,1599.85566936268,1436.70907878589,1371.04950846782,1292.88628439376,1440.00035585275
"itsn-1",228.653544055372,216.726533834699,214.924055264212,206.914382801209,222.657914127926,188.462562455951
"srgp-1",103.933429116078,92.5716350550222,96.3452661529225,114.092977432442,102.926771625173,102.465082500323
"lim-9",400.36964433411,390.979023350035,382.204847046209,389.656524620968,404.355174241752,337.585852166242
"tag-18",291.013601525019,333.25788619808,335.620322752488,287.166222859621,298.277583077033,306.48038069293
"nck-1",103.029660167243,127.422132958089,125.989963430745,119.89431526799,93.4743130065349,126.251619509326
"nlg-1",65.9751332649888,52.2757468546008,59.2893945556446,62.847826551769,71.418576229712,51.2325412501614
"raga-1",132.854035478813,118.709508482323,122.813745865264,120.861204907248,148.088518358668,106.124549732477
"tag-30",29.8243753115703,51.1866687951299,43.4083067282398,57.0464887162211,46.2120199133431,56.7217420983929
"asd-2",193.406555050789,197.123128764224,196.92548905982,187.576590016049,231.060099566715,226.886968393572
"ctbp-1",56.9374437766342,55.5429810330133,31.7621756548096,41.5762544880933,61.9661176110737,45.7433404019298
"tag-51",13.5565342325319,14.158014773121,16.9398270158985,8.70200675332186,11.5530049783358,15.5527357366561
"tag-52",65.9751332649888,56.6320590924842,47.6432634822144,82.1856193369287,102.926771625173,107.039416540516
"atrn-1",85.858050139369,88.2153228171388,80.4641783255177,73.4836125836068,107.127864344568,87.8272135717052
"sdhb-1",604.621426770925,637.110664790447,627.832338776737,613.97492092882,672.174835103172,676.086571140522
"prdx-2",763.684761765966,774.334500283774,824.757827836556,931.114722605439,770.900514008951,993.545353529915
"ttn-1",1363.78734379271,890.865852647155,1021.68331689638,708.730105576103,1695.14091227581,1132.60510835178
"mrck-1",272.93822254831,252.666109797237,221.276490395174,226.252175586368,284.624031738999,247.014038170421
"nrfl-1",835.986277672803,792.848827294778,734.764996814596,659.418733973946,633.31472744877,727.319112390684
"ant-1.1",3008.64683067326,3041.79502010208,3387.96540317969,2935.47694478724,2852.54195646909,3187.39595920647
"tag-63",9.94145843719009,7.62354641629595,10.5873918849365,10.6357860318378,13.6535513380332,17.3824693527333
"cpna-4",34.3432200557476,53.3648249140716,33.8796540317969,36.7418062918034,44.1114735536457,32.0203382813509
"tag-65",35.246989004583,60.9883713303676,48.7020026707081,34.8080270132875,30.4579222156125,32.0203382813509
"pak-2",18.0753789767093,21.781561189417,24.351001335354,20.3046824244177,12.6032781581845,12.8081353125403
"shn-1",42.4771405952668,57.721137151955,51.878220236189,57.0464887162211,71.418576229712,66.7852769868175
"tag-68",9.03768948835463,13.0689367136502,17.9985662043921,15.4702342281278,18.9049172372767,11.8932685045017
"atx-3",16.2678410790383,21.781561189417,22.2335229583667,25.1391306207076,18.9049172372767,11.8932685045017
"tag-72",52.4185990324568,54.4539029735425,51.878220236189,51.2451508806732,65.1169371506198,56.7217420983929
"glod-4",65.9751332649888,66.4337616277218,48.7020026707081,91.8545157295085,71.418576229712,65.8704101787789
"tag-77",65.0713643161533,80.5917764008429,70.9355256290748,51.2451508806732,64.0666639707711,49.4028076340842
"heh-1",131.046497581142,155.738162504331,155.634660708567,140.198997692408,126.032781581845,122.592152277172
"tag-89",33.4394511069121,35.939575962538,32.8209148433033,41.5762544880933,37.8098344745534,37.5095391295824
"ppm-1.A",366.026424278362,404.047960063685,406.555848381563,407.060538127612,434.813096457365,403.456262345021
"svh-5",40.6696026975958,46.8303565572465,33.8796540317969,35.7749166525454,40.9606540140996,33.850071897428
"nduf-2.2",16.2678410790383,15.2470928325919,13.7636094504175,19.3377927851597,16.8043708775793,16.4676025446947
"bath-47",24.4017616185575,10.8907805947085,28.5859580893287,28.0397995384816,29.4076490357638,21.0419365848877
"fntb-1",74.109053804508,119.798586541793,100.580222906897,115.0598670717,91.3737666468375,126.251619509326
"magu-2",54.2261369301278,91.4825569955513,80.4641783255177,68.6491643873169,67.2174835103172,88.7420803797438
"rhgf-1",58.7449816743051,46.8303565572465,63.5243513096192,39.6424752095774,50.4131126327379,55.8068752903543
"tag-120",168.101024483396,131.778445195973,149.282225577605,193.377927851597,174.345347854885,171.080093103217
"tag-123",306.377673655222,300.585544413954,362.08880246483,324.874918790683,307.730041695671,309.224981117045
"tag-124",21.6904547720511,21.781561189417,27.527218900835,17.4040135066437,13.6535513380332,23.7865370090035
"wdr-5.1",81.3392053951917,86.0371666981971,80.4641783255177,98.6227432043144,68.2677566901659,83.2528795315122
"tyra-3",22.5942237208866,17.4252489515336,27.527218900835,17.4040135066437,17.854644057428,16.4676025446947
"rhgf-2",41.5733716464313,39.2068101409506,47.6432634822144,37.7086959310614,39.9103808342508,39.3392727456596
"chup-1",9.94145843719009,15.2470928325919,17.9985662043921,11.6026756710958,17.854644057428,15.5527357366561
"tag-131",89.4731259347108,69.7009958061344,78.3466999485304,105.39097067912,93.4743130065349,75.9339450672035
"tmbi-4",99.4145843719009,135.045679374385,134.459876938694,124.72876346428,128.133327941542,125.336752701288
"plrg-1",131.046497581142,106.729649828143,113.285093168821,102.490301761346,114.479776603509,118.017818236979
"dgk-4",75.0128227533434,75.1463861034886,59.2893945556446,58.9802679947371,103.977044805022,70.4447442189719
"zhit-3",202.444244539144,172.074333396394,174.691966101453,136.331439135376,131.284147481088,127.166486317365
"kdin-1",243.11384723674,245.042563380941,217.041533641199,192.411038212339,232.110372746564,233.291036049842
"acl-3",48.803523237115,41.3849662598923,38.1146107857715,33.8411373740295,17.854644057428,41.1690063617368
"let-391",23.497992669722,17.4252489515336,17.9985662043921,36.7418062918034,27.3071026760664,27.4460042411579
"ivns-1",74.109053804508,52.2757468546008,59.2893945556446,73.4836125836068,81.9213080281991,89.6569471877824
"zipt-7.2",114.778656502104,101.284259530789,129.166180996226,110.22541887541,111.328957063963,131.740820357558
"cpna-1",116.586194399775,111.085962066027,165.16331340501,104.424081039862,115.530049783358,107.039416540516
"cgef-1",40.6696026975958,38.1177320814797,45.5257851052271,51.2451508806732,57.7650248916789,44.8284735938912
"tag-151",523.282221375733,423.65136513416,457.375329429258,202.079934604919,214.255728689136,247.014038170421
"ten-1",125.623883888129,109.996884006556,136.577355315681,109.258529236152,157.540976977306,98.8056152681684
"tag-153",19.8829168743802,18.5143270110044,27.527218900835,24.1722409814496,14.7038245178819,21.9568033929263
"snx-3",62.3600574696469,74.0573080440178,69.8767864405811,70.5829436658329,61.9661176110737,67.7001437948561
"kcc-1",736.571693300902,671.961162693514,573.83664016356,687.458533512427,572.398883017545,578.195822680393
"lagr-1",1.80753789767093,13.0689367136502,15.8810878274048,10.6357860318378,3.15081953954612,11.8932685045017
"tns-1",239.498771441398,261.378734273004,269.978493065882,240.755520175238,301.428402616579,225.057234777495
"mtrr-1",163.582179739219,170.985255336923,154.575921520073,257.192644042624,202.7027237108,240.609970514151
"abcf-1",316.319132092412,292.961997997659,317.621756548096,266.861540435204,246.814197264446,257.077573058845
"rimb-1",46.9959853394441,37.0286540220089,39.1733499742652,29.9735788169975,50.4131126327379,41.1690063617368
"tdp-1",49.7072921859505,41.3849662598923,41.2908283512525,37.7086959310614,45.1617467334944,37.5095391295824
"txdc-9",162.678410790383,179.69787981269,131.283659373213,197.245486408629,155.440430617609,162.84629183087
"vps-16",62.3600574696469,60.9883713303676,61.4068729326319,58.9802679947371,57.7650248916789,80.5082791073964
"madd-3",110.259811757926,102.37333759026,132.342398561707,80.2518400584127,89.27322028714,91.4866808038596
"bckd-1B",228.653544055372,223.261002191524,261.508579557932,254.29197512485,236.311465465959,262.566773907077
"cox-6A",469.959853394441,443.254770204636,415.025761889512,443.802344419415,470.522384572221,509.580812077498
"tag-175",26.2092995162284,27.2269514867712,41.2908283512525,31.9073580955135,21.0054635969741,23.7865370090035
"tam-1",68.6864401114952,63.1665274493093,87.8753526449733,76.3842815013808,81.9213080281991,78.6785454913192
"tap-1",56.0336748277987,54.4539029735425,49.7607418592017,51.2451508806732,38.8601076544021,38.424405937621
"tax-6",334.394511069121,282.07121740295,298.56445115521,320.040470594393,300.37812943673,292.757378572351
"tba-1",954.380009970249,908.291101598688,956.041487209769,1080.01572705117,1045.02181394946,1113.39290538297
"tba-2",1061.02474593283,1109.7705426008,1033.32944796981,1159.30067747032,1077.58028252477,1340.27987377654
"tba-4",121.105039143952,163.361708920627,122.813745865264,160.503680116825,166.993435595944,187.547695647912
"tba-5",44.2846784929377,54.4539029735425,34.9383932202906,36.7418062918034,51.4633858125866,31.1054714733123
"tba-7",166.293486585725,196.034050704753,194.808010682832,119.89431526799,137.585786560181,142.719222054021
"tba-8",27.1130684650639,27.2269514867712,38.1146107857715,63.814716191027,55.6644785319814,66.7852769868175
"tba-9",35.246989004583,30.4941856651838,45.5257851052271,39.6424752095774,35.709288114856,32.0203382813509
"tbb-1",927.266941505185,942.052521442285,968.746357471693,1047.1414793164,1061.82618482704,1149.98757770451
"tbb-2",1313.17628265793,1311.2499836029,1327.65894237104,1623.40770431416,1477.73436404713,1803.20247864407
"tbb-4",71.3977469580016,79.502698341372,77.2879607600367,48.3444819628992,70.3683030498633,58.5514757144701
"tbb-6",34.3432200557476,27.2269514867712,31.7621756548096,12.5695653103538,11.5530049783358,13.7230021205789
"tbg-1",33.4394511069121,43.563122378834,44.4670459167335,39.6424752095774,30.4579222156125,31.1054714733123
"tbp-1",44.2846784929377,42.4740443193631,53.9956986131763,51.2451508806732,37.8098344745534,41.1690063617368
"tbx-2",40.6696026975958,71.8791519250761,68.8180472520875,53.1789301591892,59.8655712513763,43.9136067858526
"tcl-2",15.3640721302029,20.6924831299461,19.0573053928858,27.0729098992236,27.3071026760664,16.4676025446947
"tdc-1",62.3600574696469,62.0774493898384,61.4068729326319,65.748495469543,82.9715812080478,61.2960761385859
"teg-1",53.3223679812923,77.3245422224303,73.0530040060621,52.2120405199312,64.0666639707711,55.8068752903543
"tfg-1",150.025645506687,186.232348169515,186.338097174883,171.139466148663,182.747533293675,205.845031808684
"tgt-1",123.816345990458,83.8590105792554,76.2292215715431,79.2849504191547,55.6644785319814,74.1042114511263
"tgt-2",96.7032775253945,68.6119177466635,78.3466999485304,40.6093648488354,30.4579222156125,42.998739977814
"tig-2",27.1130684650639,26.1378734273004,32.8209148433033,29.9735788169975,47.2622930931918,27.4460042411579
"tim-1",47.8997542882795,53.3648249140716,57.1719161786573,48.3444819628992,64.0666639707711,87.8272135717052
"tin-9.1",82.2429743440271,82.7699325197845,86.8166134564796,87.0200675332186,60.915844431225,107.954283348554
"tin-10",102.125891218407,96.9279472929056,122.813745865264,93.7882950080245,71.418576229712,101.550215692284
"tin-13",128.335190734636,118.709508482323,147.164747200618,137.298328774634,117.630596143055,134.485420781674
"tir-1",141.891724967168,157.916318623273,140.812312069656,99.5896328435724,107.127864344568,118.017818236979
"tlf-1",68.6864401114952,60.9883713303676,61.4068729326319,39.6424752095774,58.8152980715276,44.8284735938912
"tli-1",71.3977469580016,67.5228396871927,84.6991350794923,70.5829436658329,65.1169371506198,78.6785454913192
"tlk-1",269.323146752968,235.240860845703,223.393968772161,236.887961618206,256.266655883084,216.823433505147
"tlp-1",33.4394511069121,58.8102152114259,60.3481337441383,39.6424752095774,39.9103808342508,42.0838731697754
"tmd-2",67.7826711626597,62.0774493898384,78.3466999485304,66.7153851088009,73.5191225894094,53.9771416742772
"tnc-2",188.887710306612,190.588660407399,178.926922855427,174.040135066437,193.250265092162,150.953023326368
"tni-1",1794.88513238723,1824.20574961367,1612.45978407583,1963.75285733297,1752.90593716749,1785.82000929134
"tni-3",222.327161413524,263.556890391946,237.157578222578,218.517058472305,211.10490914959,186.632828839874
"tni-4",390.42818589692,235.240860845703,283.742102516299,309.404684562555,320.333319853855,314.714181965277
"tnt-2",1473.1433866018,1411.44516507422,1278.95693970033,1547.02342281278,1531.29829621941,1472.93556094214
"tnt-3",222.327161413524,177.519723693748,244.568752542034,199.179265687145,178.54644057428,211.334232656916
"tnt-4",413.926178566642,482.461580345586,472.19767806817,470.875254318638,452.667740514793,475.73074018007
"toc-1",101.222122269572,78.4136202819012,79.405439137024,121.828094546506,120.781415682601,137.230021205789
"toh-1",41.5733716464313,32.6723417841255,23.2922621468604,43.5100337666093,44.1114735536457,55.8068752903543
"dpy-31",122.008808092787,121.976742660735,92.1103093989479,118.927425628732,110.278683884114,127.166486317365
"tol-1",150.025645506687,157.916318623273,137.636094504175,145.033445888698,161.742069696701,126.251619509326
"tom-1",126.527652836965,119.798586541793,107.991397226353,134.39765985686,170.14425513549,139.974621629905
"top-1",340.72089371097,332.168808138609,318.68049573659,377.086959310614,343.439329810527,379.669725336017
"top-3",10.8452273860256,17.4252489515336,8.46991350794923,9.66889639257985,14.7038245178819,7.31893446430877
"tpa-1",194.310323999625,204.74667518052,194.808010682832,181.775252180501,197.451357811557,167.420625871063
"tph-1",8.13392053951917,11.9798586541793,17.9985662043921,17.4040135066437,11.5530049783358,10.9784016964632
"tpi-1",459.114626008415,433.453067669398,460.551546994739,457.338799369027,450.567194155095,451.029336363028
"tps-1",372.352806920211,298.407388295013,262.567318746426,440.901675501641,411.707086500693,371.43592406367
"tps-2",231.364850901878,215.637455775228,189.514314740364,405.126758849096,407.505993781298,337.585852166242
"tra-1",126.527652836965,99.1061034118473,91.0515702104542,96.6889639257985,120.781415682601,105.209682924439
"tra-2",80.4354364463562,88.2153228171388,78.3466999485304,61.880936912511,105.027317984871,78.6785454913192
"tra-3",46.9959853394441,37.0286540220089,48.7020026707081,25.1391306207076,33.6087417551586,38.424405937621
"tre-1",201.540475590308,196.034050704753,183.161879609402,296.835119252201,285.674304918848,238.780236898074
"tre-2",69.5902090603306,72.9682299845469,48.7020026707081,119.89431526799,120.781415682601,103.379949308361
"tre-3",72.301515906837,81.6808544603137,87.8753526449733,107.324749957636,97.6754057259297,102.465082500323
"tre-4",47.8997542882795,38.1177320814797,39.1733499742652,35.7749166525454,39.9103808342508,24.7014038170421
"tre-5",14.4603031813674,17.4252489515336,19.0573053928858,61.880936912511,66.1672103304685,53.0622748662386
"trm-1",114.778656502104,98.0170253523765,105.873918849365,86.0531778939606,78.770488488653,85.997479955628
"trp-1",30.7281442604057,33.7614198435963,42.3495675397462,41.5762544880933,35.709288114856,39.3392727456596
"trp-2",36.1507579534185,22.8706392488878,30.703436466316,18.3709031459017,31.5081953954612,22.8716702009649
"trp-4",12.6527652836965,14.158014773121,10.5873918849365,7.73511711406388,13.6535513380332,9.14866808038596
"tars-1",565.759361971,579.389527638492,608.775033383851,610.107362371788,546.142053521327,655.044634555635
"tsn-1",701.324704296319,638.199742849918,640.537209038661,737.736794753842,780.352972627589,743.786714935378
"tsp-3",23.497992669722,22.8706392488878,28.5859580893287,36.7418062918034,36.7595612947047,43.9136067858526
"tsp-6",15.3640721302029,17.4252489515336,20.1160445813794,23.2053513421916,26.2568294962177,27.4460042411579
"tsp-7",32.5356821580767,41.3849662598923,26.4684797123413,28.0397995384816,40.9606540140996,27.4460042411579
"tsp-8",253.959074622765,257.02242203512,247.744970107515,208.848162079725,194.300538272011,215.908566697109
"tsp-9",91.2806638323817,82.7699325197845,92.1103093989479,74.4505022228648,85.0721275677452,89.6569471877824
"tsp-10",71.3977469580016,51.1866687951299,48.7020026707081,46.4107026843833,45.1617467334944,42.0838731697754
"tsp-11",46.0922163906086,55.5429810330133,43.4083067282398,40.6093648488354,43.061200373797,34.7649387054666
"tsp-12",34.3432200557476,38.1177320814797,32.8209148433033,50.2782612414152,56.7147517118302,48.4879408260456
"tsp-14",17.1716100278738,7.62354641629595,19.0573053928858,29.9735788169975,19.9551904171254,26.5311374331193
"tsp-15",43.3809095441022,58.8102152114259,49.7607418592017,45.4438130451253,59.8655712513763,62.2109429466245
"tsp-17",17.1716100278738,18.5143270110044,12.7048702619238,25.1391306207076,15.7540976977306,8.23380127234736
"tsp-20",22.5942237208866,20.6924831299461,14.8223486389112,36.7418062918034,19.9551904171254,21.9568033929263
"tsr-1",93.0882017300527,103.462415649731,97.4040053414162,86.0531778939606,77.7202153088043,77.7636786832806
"ttb-1",56.0336748277987,55.5429810330133,64.5830904981129,35.7749166525454,35.709288114856,38.424405937621
"tth-1",47.8997542882795,38.1177320814797,45.5257851052271,65.748495469543,65.1169371506198,54.8920084823158
"ttx-1",28.9206063627348,32.6723417841255,25.4097405238477,31.9073580955135,34.6590149350073,32.0203382813509
"tub-1",31.6319132092412,17.4252489515336,17.9985662043921,20.3046824244177,28.3573758559151,37.5095391295824
"twk-1",36.1507579534185,31.5832637246546,35.9971324087842,36.7418062918034,52.5136589924353,45.7433404019298
"twk-2",25.305530567393,20.6924831299461,27.527218900835,39.6424752095774,34.6590149350073,41.1690063617368
"twk-5",24.4017616185575,18.5143270110044,16.9398270158985,24.1722409814496,18.9049172372767,20.1270697768491
"twk-7",11.748996334861,10.8907805947085,10.5873918849365,7.73511711406388,17.854644057428,10.0635348884246
"twk-8",147.31433866018,160.094474742215,139.753572881162,185.642810737533,153.339884257911,159.186824598716
"twk-9",10.8452273860256,15.2470928325919,13.7636094504175,17.4040135066437,14.7038245178819,14.6378689286175
"twk-12",73.2052848556725,77.3245422224303,67.7593080635938,45.4438130451253,65.1169371506198,50.3176744421228
"twk-13",15.3640721302029,16.3361708920627,16.9398270158985,15.4702342281278,18.9049172372767,10.0635348884246
"twk-14",16.2678410790383,9.80170253523765,20.1160445813794,14.5033445888698,4.20109271939483,15.5527357366561
"twk-17",9.94145843719009,18.5143270110044,25.4097405238477,11.6026756710958,18.9049172372767,12.8081353125403
"twk-18",328.068128427273,333.25788619808,319.739234925083,305.537126005523,256.266655883084,252.503239018652
"twk-22",9.94145843719009,9.80170253523765,22.2335229583667,8.70200675332186,12.6032781581845,15.5527357366561
"twk-24",36.1507579534185,40.2958882004214,40.2320891627588,36.7418062918034,48.3125662730405,31.1054714733123
"twk-29",25.305530567393,17.4252489515336,32.8209148433033,23.2053513421916,32.5584685753099,25.6162706250807
"twk-30",40.6696026975958,55.5429810330133,50.8194810476954,43.5100337666093,34.6590149350073,39.3392727456596
"twk-31",56.0336748277987,63.1665274493093,48.7020026707081,53.1789301591892,43.061200373797,47.573074018007
"twk-33",27.1130684650639,37.0286540220089,28.5859580893287,34.8080270132875,25.206556316369,22.8716702009649
"twk-34",30.7281442604057,35.939575962538,45.5257851052271,13.5364549496118,18.9049172372767,13.7230021205789
"twk-39",22.5942237208866,17.4252489515336,21.1747837698731,31.9073580955135,17.854644057428,21.9568033929263
"twk-40",11.748996334861,13.0689367136502,13.7636094504175,12.5695653103538,8.40218543878965,8.23380127234736
"twk-42",40.6696026975958,25.0487953678295,37.0558715972779,27.0729098992236,23.1060099566715,33.850071897428
"twk-43",51.5148300836214,55.5429810330133,41.2908283512525,49.3113716021572,53.563932172284,35.6798055135052
"twk-46",16.2678410790383,27.2269514867712,29.6446972778223,26.1060202599656,21.0054635969741,23.7865370090035
"uaf-1",269.323146752968,290.783841878717,278.448406573831,236.887961618206,255.216382703236,218.653167121224
"uaf-2",193.406555050789,212.370221596816,199.042967436807,202.079934604919,171.194528315339,209.504499040838
"uba-1",1436.99262864839,1238.28175361836,1253.54719917649,987.194321682402,990.40760859733,1087.77663475789
"uba-2",59.6487506231405,60.9883713303676,60.3481337441383,52.2120405199312,60.915844431225,42.998739977814
"ubc-1",142.795493916003,174.252489515336,163.045835028023,172.106355787921,152.289611078062,150.03815651833
"ubc-3",113.874887553268,139.401991612269,121.75500667677,173.073245427179,183.797806473524,161.931425022831
"ubc-6",53.3223679812923,46.8303565572465,65.6418296866065,49.3113716021572,49.3628394528892,66.7852769868175
"ubc-7",213.289471925169,177.519723693748,169.398270158985,177.907693623469,186.94862601307,164.676025446947
"ubc-8",75.9165917021789,82.7699325197845,63.5243513096192,117.960535989474,100.826225265476,96.9758816520912
"ubc-9",219.615854567017,231.973626667291,222.335229583667,309.404684562555,230.009826386867,290.012778148235
"ubc-12",83.1467432928626,80.5917764008429,107.991397226353,81.2187296976707,80.8710348483504,76.848811875242
"ubc-13",81.3392053951917,93.660713114493,99.5214837184035,100.55652248283,91.3737666468375,99.7204820762069
"ubc-14",95.7995085765591,79.502698341372,69.8767864405811,58.0133783554791,45.1617467334944,66.7852769868175
"ubc-15",42.4771405952668,35.939575962538,35.9971324087842,31.9073580955135,37.8098344745534,35.6798055135052
"ubc-16",30.7281442604057,29.4051076057129,23.2922621468604,27.0729098992236,35.709288114856,31.1054714733123
"ubc-17",26.2092995162284,14.158014773121,8.46991350794923,24.1722409814496,15.7540976977306,24.7014038170421
"ubc-18",85.858050139369,83.8590105792554,81.5229175140113,72.5167229443488,77.7202153088043,85.0826131475894
"ubc-19",7.2301515906837,14.158014773121,13.7636094504175,17.4040135066437,15.7540976977306,10.0635348884246
"ubc-20",188.887710306612,174.252489515336,160.928356651035,205.947493161951,147.038245178819,179.313894375565
"ubc-25",206.059320334486,211.281143537345,166.222052593504,289.100002138137,212.155182329439,212.249099464954
"ubh-2",25.305530567393,26.1378734273004,17.9985662043921,15.4702342281278,16.8043708775793,26.5311374331193
"ubh-3",109.356042809091,84.9480886387262,116.461310734302,94.7551846472825,75.6196689491069,84.1677463395508
"ubh-4",185.27263451127,157.916318623273,206.454141756262,145.033445888698,155.440430617609,185.717962031835
"ubl-1",347.951045301653,353.950369328026,357.853845710855,433.166558387577,413.80763286039,501.347010805151
"ubl-5",62.3600574696469,68.6119177466635,70.9355256290748,61.880936912511,39.9103808342508,64.9555433707403
"ubq-1",1820.19066295462,1740.34673903442,1593.40247868295,2129.09098564608,1667.83380959975,1678.78059275082
"ubq-2",474.478698138618,401.869803944743,420.319457831981,391.590303899484,406.455720601449,490.368609108687
"ucp-4",29.8243753115703,35.939575962538,35.9971324087842,32.8742477347715,33.6087417551586,40.2541395536982
"uev-1",103.029660167243,88.2153228171388,105.873918849365,100.55652248283,93.4743130065349,110.69888377267
"uev-3",25.305530567393,23.9597173083587,21.1747837698731,34.8080270132875,25.206556316369,25.6162706250807
"ufd-1",115.682425450939,133.956601314914,114.343832357315,89.9207364509926,97.6754057259297,79.5934122993578
"ufd-2",134.661573376484,141.58014773121,130.224920184719,131.496990939086,145.98797199897,126.251619509326
"ula-1",86.7618190882044,87.1262447576679,89.9928310219606,58.0133783554791,66.1672103304685,58.5514757144701
"ulp-1",101.222122269572,78.4136202819012,92.1103093989479,81.2187296976707,90.3234934669888,76.848811875242
"ulp-2",79.5316674975207,103.462415649731,80.4641783255177,68.6491643873169,95.5748593662323,62.2109429466245
"ulp-4",137.37288022299,120.887664601264,139.753572881162,126.662542742796,147.038245178819,120.762418661095
"unc-1",103.933429116078,138.312913552798,122.813745865264,106.357860318378,114.479776603509,85.997479955628
"unc-2",95.7995085765591,64.2556055087801,92.1103093989479,35.7749166525454,111.328957063963,92.4015476118982
"unc-5",50.6110611347859,66.4337616277218,69.8767864405811,46.4107026843833,68.2677566901659,64.9555433707403
"unc-6",75.9165917021789,93.660713114493,76.2292215715431,85.0862882547027,78.770488488653,73.1893446430877
"unc-7",83.1467432928626,79.502698341372,81.5229175140113,69.6160540265749,74.5693957692582,64.9555433707403
"unc-8",17.1716100278738,16.3361708920627,17.9985662043921,12.5695653103538,13.6535513380332,20.1270697768491
"unc-9",71.3977469580016,69.7009958061344,62.4656121211256,64.781605830285,70.3683030498633,49.4028076340842
"unc-10",93.0882017300527,82.7699325197845,88.9340918334669,62.847826551769,77.7202153088043,69.5298774109333
"unc-11",239.498771441398,234.151782786233,215.982794452705,192.411038212339,216.356275048834,193.951763304182
"unc-13",140.987956018332,94.7497911739639,121.75500667677,107.324749957636,165.943162416096,120.762418661095
"unc-14",181.657558715928,176.430645634278,183.161879609402,165.338128313115,177.496167394431,182.973361607719
"unc-15",4680.61938601886,4356.3122378834,4893.49252921767,4117.0160839605,4934.18339892922,4165.38857699973
"unc-16",218.712085618182,243.95348532147,253.038666049983,240.755520175238,305.629495335974,249.758638594537
"unc-17",86.7618190882044,66.4337616277218,94.2277877759352,87.0200675332186,73.5191225894094,81.423145915435
"unc-18",419.348792259655,451.967394680402,467.962721314195,374.18629039284,433.762823277516,362.287255983284
"unc-22",3656.64916698828,3132.18849903816,3373.14305454078,2880.36423534954,4474.16374615549,3202.03382813509
"unc-23",1204.72400879767,1126.10671349286,963.452661529225,1372.98328774634,1424.17043187485,1557.10330728169
"unc-24",16.2678410790383,18.5143270110044,14.8223486389112,12.5695653103538,17.854644057428,16.4676025446947
"unc-25",267.515608855297,271.180436808241,258.332361992452,248.490637289302,275.171573120361,248.843771786498
"unc-26",75.9165917021789,83.8590105792554,66.7005688751002,57.0464887162211,69.3180298700146,61.2960761385859
"unc-27",1257.14260783013,1396.19807224163,1294.83802752774,1249.22141392132,1338.04803112725,1161.88084620902
"unc-29",42.4771405952668,40.2958882004214,40.2320891627588,39.6424752095774,47.2622930931918,42.998739977814
"unc-31",55.1299058789632,44.6522004383048,40.2320891627588,44.4769234058673,61.9661176110737,46.6582072099684
"unc-32",506.110611347859,450.878316620932,448.905415921309,498.91505385712,575.549702557091,513.240279309652
"unc-33",46.9959853394441,65.344683568251,76.2292215715431,56.0795990769631,88.2229471072913,65.8704101787789
"unc-34",115.682425450939,116.531352363381,136.577355315681,124.72876346428,122.881962042299,119.847551853056
"tln-1",798.931750770549,728.593221785998,803.583044066683,757.074587539002,924.240398266862,768.488118752421
"unc-36",143.699262864839,140.49106967174,136.577355315681,126.662542742796,140.736606099727,107.954283348554
"unc-37",131.046497581142,113.264118184968,117.520049922796,117.960535989474,127.083054761693,119.847551853056
"unc-38",47.8997542882795,49.0085126761882,44.4670459167335,31.9073580955135,38.8601076544021,31.1054714733123
"unc-40",138.276649171826,140.49106967174,131.283659373213,177.907693623469,190.099445552616,165.590892254986
"unc-41",129.238959683471,119.798586541793,112.226353980327,96.6889639257985,121.83168886245,97.8907484601298
"unc-43",488.939001319985,544.539029735425,532.545811812308,435.100337666093,463.17047231328,460.178004443414
"unc-44",777.241295998498,717.70244119129,778.173303542835,599.471576339951,838.117997519268,698.043374533449
"unc-45",190.695248204283,193.855894585811,185.279357986389,282.331774663331,236.311465465959,203.100431384568
"unc-46",27.1130684650639,22.8706392488878,15.8810878274048,18.3709031459017,12.6032781581845,14.6378689286175
"unc-47",20.7866858232156,27.2269514867712,24.351001335354,29.0066891777395,21.0054635969741,16.4676025446947
"unc-49",25.305530567393,18.5143270110044,31.7621756548096,29.0066891777395,33.6087417551586,30.1906046652737
"unc-50",44.2846784929377,55.5429810330133,64.5830904981129,52.2120405199312,65.1169371506198,53.0622748662386
"unc-51",194.310323999625,192.76681652634,200.101706625301,251.391306207076,253.115836343538,241.524837322189
"unc-52",1284.25567629519,1166.40260169328,1300.13172347021,1681.42108266964,1806.46986933978,1699.82252933571
"unc-53",99.4145843719009,84.9480886387262,76.2292215715431,69.6160540265749,99.7759520856271,76.848811875242
"unc-54",11505.8824876243,11705.4109831927,12633.9347362948,9853.57231367812,11326.1459714885,9863.1790574641
"unc-57",207.866858232156,248.309797559354,212.806576887224,200.146155326403,209.004362789893,196.696363728298
"unc-58",28.9206063627348,37.0286540220089,32.8209148433033,27.0729098992236,38.8601076544021,27.4460042411579
"unc-59",59.6487506231405,51.1866687951299,67.7593080635938,70.5829436658329,75.6196689491069,79.5934122993578
"unc-60",141.891724967168,153.56000638539,143.988529635137,175.973914344953,171.194528315339,154.612490558523
"unc-61",67.7826711626597,59.8992932708967,74.1117431945558,76.3842815013808,73.5191225894094,85.0826131475894
"unc-62",75.9165917021789,79.502698341372,76.2292215715431,69.6160540265749,70.3683030498633,82.3380127234736
"unc-63",41.5733716464313,38.1177320814797,37.0558715972779,30.9404684562555,44.1114735536457,24.7014038170421
"unc-64",116.586194399775,136.134757433856,149.282225577605,160.503680116825,133.384693840786,148.208422902253
"unc-68",672.404097933584,531.470093021774,642.654687415648,513.41839844599,838.117997519268,633.087831162708
"unc-69",43.3809095441022,41.3849662598923,48.7020026707081,55.1127094377051,33.6087417551586,50.3176744421228
"unc-70",1078.19635596071,1006.30812695106,1023.80079527336,1017.1679004994,1189.95951276858,975.248017369143
"unc-71",37.054526902254,37.0286540220089,40.2320891627588,29.0066891777395,31.5081953954612,30.1906046652737
"unc-73",313.607825245906,312.565403068134,292.212016024248,332.610035904747,353.942061609014,301.906046652737
"unc-75",45.1884474417731,49.0085126761882,34.9383932202906,37.7086959310614,57.7650248916789,41.1690063617368
"unc-76",149.121876557851,163.361708920627,168.339530970491,141.165887331666,153.339884257911,118.932685045017
"unc-77",38.8620647999249,34.8504979030672,34.9383932202906,37.7086959310614,45.1617467334944,33.850071897428
"unc-78",195.21409294846,173.163411455865,179.985662043921,177.907693623469,247.864470444295,179.313894375565
"unc-79",54.2261369301278,35.939575962538,48.7020026707081,38.6755855703194,72.4688494095607,45.7433404019298
"unc-80",178.946251869422,131.778445195973,150.340964766099,129.56321166057,218.456821408531,182.058494799681
"unc-82",175.33117607408,213.459299656286,158.810878274048,171.139466148663,211.10490914959,156.4422241746
"unc-83",158.159566046206,165.539865039569,165.16331340501,136.331439135376,207.954089610044,165.590892254986
"unc-84",177.138713971751,191.677738466869,175.750705289947,159.536790477567,178.54644057428,200.355830960452
"unc-85",74.109053804508,76.2354641629595,71.9942648175684,105.39097067912,73.5191225894094,89.6569471877824
"unc-86",24.4017616185575,34.8504979030672,40.2320891627588,26.1060202599656,25.206556316369,24.7014038170421
"unc-87",2781.80082451555,3088.62537665933,2948.58863995483,3125.95420372106,2747.51463848422,2741.85582369167
"unc-89",2181.69824248881,1628.17169890892,1707.74631104026,1465.8046931151,2545.86218795326,1945.92170069809
"unc-93",20.7866858232156,32.6723417841255,26.4684797123413,17.4040135066437,17.854644057428,21.0419365848877
"unc-94",263.900533059955,274.447670986654,284.800841704793,308.437794923297,332.93659801204,277.204642835695
"unc-95",178.946251869422,199.301284883165,204.336663379275,172.106355787921,203.752996890649,172.909826719295
"unc-96",112.067349655597,100.195181471318,86.8166134564796,116.993646350216,99.7759520856271,118.017818236979
"unc-97",253.05530567393,252.666109797237,235.040099845591,195.311707130113,235.26119228611,188.462562455951
"unc-98",100.318353320736,116.531352363381,121.75500667677,104.424081039862,86.1224007475939,93.3164144199368
"unc-101",47.8997542882795,41.3849662598923,32.8209148433033,49.3113716021572,34.6590149350073,54.8920084823158
"unc-103",86.7618190882044,60.9883713303676,71.9942648175684,85.0862882547027,85.0721275677452,71.3596110270105
"unc-104",257.574150418107,206.924831299461,182.103140420908,201.113044965661,233.160645926413,208.5896322328
"unc-105",39.7658337487604,39.2068101409506,27.527218900835,25.1391306207076,36.7595612947047,26.5311374331193
"unc-108",640.772184724343,654.53591374198,599.246380687408,792.849504191547,722.58794773591,649.555433707403
"unc-112",506.110611347859,521.668390486537,553.720595582181,489.24615746454,489.427301809497,462.007738059491
"unc-115",264.804302008791,278.803983224537,246.686230919021,268.79531971372,286.724578098697,248.843771786498
"unc-116",371.449037971375,343.059588733318,343.031497071944,401.259200292064,387.550803364173,386.988659800326
"unc-119",55.1299058789632,49.0085126761882,45.5257851052271,50.2782612414152,54.6142053521327,46.6582072099684
"unc-120",96.7032775253945,90.3934789360805,100.580222906897,67.6822747480589,79.8207616685017,71.3596110270105
"unc-122",36.1507579534185,32.6723417841255,33.8796540317969,31.9073580955135,37.8098344745534,27.4460042411579
"unc-129",223.230930362359,237.419016964645,230.805143091617,248.490637289302,216.356275048834,188.462562455951
"unc-130",22.5942237208866,18.5143270110044,26.4684797123413,28.0397995384816,27.3071026760664,20.1270697768491
"usp-14",222.327161413524,215.637455775228,205.395402567769,197.245486408629,171.194528315339,216.823433505147
"cal-5",107.54850491142,118.709508482323,107.991397226353,146.967225167214,120.781415682601,147.293556094214
"pnk-4",47.8997542882795,37.0286540220089,35.9971324087842,56.0795990769631,48.3125662730405,34.7649387054666
"gyg-1",589.257354640722,589.19123017373,591.835206367952,660.385623613204,600.75625887346,556.239019287466
"npr-16",12.6527652836965,8.71262447576679,9.52865269644288,7.73511711406388,14.7038245178819,10.9784016964632
"vab-1",72.301515906837,76.2354641629595,75.1704823830494,82.1856193369287,93.4743130065349,88.7420803797438
"vab-2",15.3640721302029,15.2470928325919,33.8796540317969,14.5033445888698,16.8043708775793,11.8932685045017
"vab-3",32.5356821580767,29.4051076057129,23.2922621468604,29.9735788169975,40.9606540140996,27.4460042411579
"vab-8",99.4145843719009,81.6808544603137,96.3452661529225,78.3180607798968,103.977044805022,91.4866808038596
"vab-9",47.8997542882795,72.9682299845469,39.1733499742652,69.6160540265749,76.6699421289556,57.6366089064315
"vab-10",931.785786249362,846.21365220885,842.756394040948,922.412715852117,1444.12562229197,1245.13372574053
"vab-19",60.552519571976,81.6808544603137,74.1117431945558,83.1525089761867,99.7759520856271,75.0190782591649
"vap-1",138.276649171826,168.807099217982,146.106008012124,255.258864764108,277.272119480059,285.438444108042
"vav-1",57.8412127254696,77.3245422224303,70.9355256290748,58.0133783554791,85.0721275677452,64.9555433707403
"vbh-1",42.4771405952668,40.2958882004214,42.3495675397462,22.2384617029336,37.8098344745534,29.2757378572351
"pfd-3",187.983941357776,186.232348169515,171.515748535972,233.020403061174,204.803270070498,218.653167121224
"vem-1",271.130684650639,270.091358748771,229.746403903123,205.947493161951,194.300538272011,168.335492679102
"spon-1",216.904547720511,190.588660407399,210.689098510237,188.543479655307,228.959553207018,177.484160759488
"ver-3",104.837198064914,126.333054898619,116.461310734302,157.603011199052,126.032781581845,133.570553973635
"vha-1",397.658337487604,365.930227982205,428.78937133993,406.093648488354,395.952988802962,424.498198929908
"vha-2",1091.75289019324,1215.41111436947,1266.25206943841,1267.59231706722,1076.53000934492,1317.40820357558
"vha-3",469.959853394441,421.473209015219,456.316590240765,394.490972817258,398.05353516266,471.156406139877
"vha-4",413.022409617806,412.760584539452,405.497109193069,418.663213798707,367.595612947047,452.859069979105
"vha-5",1041.14182905845,1023.7333759026,956.041487209769,1274.36054454202,1297.08737711315,1197.56065172252
"vha-6",931.785786249362,862.549823100913,896.752092654125,807.352848780417,791.905977605925,948.716879936024
"vha-7",109.356042809091,128.51121101756,125.989963430745,159.536790477567,158.591250157155,150.953023326368
"vha-8",1231.83707726274,1175.11522616905,1118.0285830493,1343.00970892934,1164.75295645222,1354.00287589712
"vha-9",447.365629673554,471.570799750878,410.790805135538,513.41839844599,455.818560054339,490.368609108687
"vha-10",976.0704647423,952.943302036993,975.098792602655,1097.41974055781,1005.11143311521,1089.60636837397
"vha-11",1738.85145755943,1673.9129774067,1598.69617462542,1660.14951060596,1669.93435595944,1643.10078723732
"vha-12",2715.82569125057,2813.0886276132,2860.71328730985,2999.29166097827,2683.44797451344,3081.27140947399
"vhp-1",344.335969506311,301.674622473425,232.922621468604,366.451173278776,410.656813320844,327.522317277817
"vig-1",717.592545375357,716.613363131819,814.17043595162,616.875589846594,700.532210959087,714.510977078143
"vps-26",99.4145843719009,72.9682299845469,93.1690485874415,102.490301761346,94.5245861863836,92.4015476118982
"vps-34",133.757804427648,131.778445195973,113.285093168821,110.22541887541,128.133327941542,111.613750580709
"vps-35",134.661573376484,130.689367136502,121.75500667677,147.934114806472,142.837152459424,135.400287589712
"vps-54",56.0336748277987,37.0286540220089,47.6432634822144,40.6093648488354,23.1060099566715,61.2960761385859
"vars-1",86.7618190882044,76.2354641629595,66.7005688751002,69.6160540265749,86.1224007475939,79.5934122993578
"glp-4",657.943794752217,548.895341973308,624.656121211256,612.041141650304,683.727840081508,563.557953751775
"wah-1",415.733716464313,437.809379907281,433.024328093904,441.868565140899,383.349710644778,465.667205291645
"wee-1.3",29.8243753115703,21.781561189417,15.8810878274048,30.9404684562555,34.6590149350073,28.3608710491965
"wnk-1",185.27263451127,131.778445195973,114.343832357315,236.887961618206,254.166109523387,254.33297263473
"wrk-1",207.866858232156,221.082846072582,195.866749871326,223.351506668594,184.848079653372,193.951763304182
"wrm-1",15.3640721302029,21.781561189417,23.2922621468604,23.2053513421916,22.0557367768228,12.8081353125403
"wrn-1",53.3223679812923,44.6522004383048,41.2908283512525,31.9073580955135,31.5081953954612,25.6162706250807
"wars-1",272.034453599474,225.439158310466,237.157578222578,223.351506668594,203.752996890649,230.546435625726
"prx-10",31.6319132092412,26.1378734273004,24.351001335354,22.2384617029336,18.9049172372767,22.8716702009649
"wrt-1",2.71130684650639,1.08907805947085,2.11747837698731,101.523412122088,77.7202153088043,39.3392727456596
"wrt-2",0,0,1.05873918849365,59.947157633995,58.8152980715276,31.1054714733123
"wrt-4",0,1.08907805947085,0,36.7418062918034,30.4579222156125,18.2973361607719
"wrt-5",30.7281442604057,21.781561189417,31.7621756548096,23.2053513421916,26.2568294962177,17.3824693527333
"wrt-9",0,0,2.11747837698731,38.6755855703194,21.0054635969741,8.23380127234736
"wrt-10",0.903768948835463,1.08907805947085,1.05873918849365,123.761873825022,100.826225265476,65.8704101787789
"wsp-1",71.3977469580016,91.4825569955513,86.8166134564796,51.2451508806732,70.3683030498633,53.9771416742772
"wve-1",37.9582958510894,45.7412784977757,33.8796540317969,31.9073580955135,44.1114735536457,31.1054714733123
"xbp-1",738.379231198573,748.196626856473,604.540076629876,1349.77793640415,1048.17263348901,894.739738261747
"xnp-1",238.595002492562,213.459299656286,178.926922855427,310.371574201813,315.081953954612,280.864110067849
"xpa-1",40.6696026975958,27.2269514867712,29.6446972778223,26.1060202599656,32.5584685753099,27.4460042411579
"xrn-2",207.866858232156,214.548377715757,224.452707960655,131.496990939086,170.14425513549,190.292296072028
"xtr-1",62.3600574696469,65.344683568251,30.703436466316,66.7153851088009,43.061200373797,37.5095391295824
"yars-2",42.4771405952668,38.1177320814797,39.1733499742652,36.7418062918034,26.2568294962177,38.424405937621
"zag-1",51.5148300836214,51.1866687951299,52.9369594246827,49.3113716021572,45.1617467334944,32.0203382813509
"zak-1",38.8620647999249,49.0085126761882,31.7621756548096,40.6093648488354,27.3071026760664,39.3392727456596
"zen-4",59.6487506231405,60.9883713303676,53.9956986131763,58.0133783554791,67.2174835103172,59.4663425225087
"zfp-1",239.498771441398,228.706392488878,214.924055264212,201.113044965661,261.518021782328,240.609970514151
"zig-1",188.887710306612,154.649084444861,165.16331340501,119.89431526799,159.641523337003,137.230021205789
"zig-3",28.9206063627348,32.6723417841255,30.703436466316,12.5695653103538,10.5027317984871,16.4676025446947
"zig-4",272.034453599474,295.1401541166,239.275056599566,28.0397995384816,46.2120199133431,26.5311374331193
"zig-5",58.7449816743051,51.1866687951299,42.3495675397462,59.947157633995,46.2120199133431,42.0838731697754
"zig-7",60.552519571976,59.8992932708967,59.2893945556446,157.603011199052,101.876498445325,80.5082791073964
"zig-8",30.7281442604057,32.6723417841255,44.4670459167335,39.6424752095774,44.1114735536457,33.850071897428
"zip-1",31.6319132092412,37.0286540220089,48.7020026707081,38.6755855703194,46.2120199133431,40.2541395536982
"zyg-1",12.6527652836965,8.71262447576679,14.8223486389112,10.6357860318378,21.0054635969741,11.8932685045017
"zyg-8",54.2261369301278,49.0085126761882,38.1146107857715,42.5431441273513,44.1114735536457,37.5095391295824
"zyg-9",180.753789767093,185.143270110044,206.454141756262,202.079934604919,214.255728689136,214.078833081031
"zyg-11",249.440229878588,269.0022806893,203.277924190782,242.689299453754,245.763924084597,204.015298192607
"zyg-12",35.246989004583,45.7412784977757,45.5257851052271,29.0066891777395,34.6590149350073,36.5946723215438
"zyx-1",272.034453599474,300.585544413954,280.565884950818,292.967560695169,306.679768515822,277.204642835695
"tufm-1",986.01192317949,958.388692334347,1046.03431823173,893.406026674378,827.615265720781,913.037074422519
"tufm-2",162.678410790383,141.58014773121,138.694833692669,150.834783724246,115.530049783358,141.804355245982
"npr-3",11.748996334861,18.5143270110044,22.2335229583667,20.3046824244177,23.1060099566715,20.1270697768491
"mak-2",72.301515906837,78.4136202819012,82.581656702505,61.880936912511,51.4633858125866,65.8704101787789
"rfp-1",176.234945022915,149.203694147506,186.338097174883,160.503680116825,168.043708775793,154.612490558523
"wwp-1",194.310323999625,192.76681652634,174.691966101453,160.503680116825,186.94862601307,204.015298192607
"alx-1",542.261369301278,540.182717497541,580.189075294522,496.981274578604,503.08085314753,592.83369160901
"mdt-1.2",17.1716100278738,16.3361708920627,19.0573053928858,11.6026756710958,14.7038245178819,17.3824693527333
"mdt-4",18.9791479255447,31.5832637246546,24.351001335354,17.4040135066437,21.0054635969741,19.2122029688105
"mdt-8",19.8829168743802,35.939575962538,31.7621756548096,40.6093648488354,38.8601076544021,39.3392727456596
"mdt-10",23.497992669722,20.6924831299461,29.6446972778223,17.4040135066437,31.5081953954612,16.4676025446947
"mdt-11",23.497992669722,32.6723417841255,32.8209148433033,19.3377927851597,36.7595612947047,26.5311374331193
"mdt-15",441.943015980541,383.355476933739,391.733499742652,473.775923236412,548.242599881025,488.53887549261
"mdt-17",61.4562885208115,62.0774493898384,62.4656121211256,61.880936912511,45.1617467334944,62.2109429466245
"mdt-18",17.1716100278738,26.1378734273004,25.4097405238477,26.1060202599656,19.9551904171254,21.9568033929263
"mdt-19",26.2092995162284,42.4740443193631,45.5257851052271,55.1127094377051,36.7595612947047,44.8284735938912
"mdt-20",26.2092995162284,30.4941856651838,25.4097405238477,19.3377927851597,11.5530049783358,23.7865370090035
"immp-1",12.6527652836965,27.2269514867712,16.9398270158985,10.6357860318378,21.0054635969741,9.14866808038596
"mdt-22",19.8829168743802,30.4941856651838,33.8796540317969,30.9404684562555,31.5081953954612,32.9352050893894
"mdt-27",29.8243753115703,18.5143270110044,26.4684797123413,27.0729098992236,29.4076490357638,30.1906046652737
"plin-1",348.854814250489,296.229232176071,261.508579557932,433.166558387577,390.701622903719,352.223721094859
"mdt-29",72.301515906837,69.7009958061344,67.7593080635938,57.0464887162211,68.2677566901659,65.8704101787789
"mdt-31",39.7658337487604,44.6522004383048,32.8209148433033,23.2053513421916,22.0557367768228,36.5946723215438
"ssl-1",294.628677320361,234.151782786233,275.27218900835,241.722409814496,306.679768515822,257.992439866884
"trr-1",275.649529394816,240.686251143058,248.803709296009,255.258864764108,305.629495335974,259.822173482961
"mys-1",63.2638264184824,46.8303565572465,60.3481337441383,52.2120405199312,42.0109271939483,56.7217420983929
"epc-1",284.687218883171,233.062704726762,275.27218900835,285.232443581105,348.690695709771,300.991179844698
"tag-180",34.3432200557476,35.939575962538,47.6432634822144,42.5431441273513,37.8098344745534,44.8284735938912
"pbrm-1",404.888489078287,401.869803944743,393.850978119639,525.987963756344,472.622930931918,457.433404019298
"algn-10",48.803523237115,57.721137151955,51.878220236189,52.2120405199312,55.6644785319814,53.9771416742772
"cpna-5",185.27263451127,161.183552801686,146.106008012124,169.205686870147,170.14425513549,151.867890134407
"tag-189",16.2678410790383,16.3361708920627,13.7636094504175,21.2715720636757,22.0557367768228,19.2122029688105
"wts-1",43.3809095441022,29.4051076057129,38.1146107857715,28.0397995384816,43.061200373797,40.2541395536982
"nfx-1",76.8203606510143,80.5917764008429,88.9340918334669,63.814716191027,79.8207616685017,78.6785454913192
"utp-20",787.182754435688,742.751236559119,686.062994143888,664.253182170235,753.045869951523,661.448702211905
"chd-7",404.888489078287,339.792354554905,373.73493353826,331.643146265489,439.014189176759,422.668465313831
"scpl-1",131.046497581142,133.956601314914,149.282225577605,106.357860318378,142.837152459424,135.400287589712
"tag-196",204.251782436815,237.419016964645,179.985662043921,275.563547188526,277.272119480059,248.843771786498
"dmd-6",228.653544055372,300.585544413954,291.153276835755,249.45752692856,291.97594399794,284.523577300003
"vps-52",34.3432200557476,31.5832637246546,35.9971324087842,36.7418062918034,39.9103808342508,32.9352050893894
"rga-9",20.7866858232156,16.3361708920627,12.7048702619238,33.8411373740295,11.5530049783358,16.4676025446947
"cTel55X.1",74.109053804508,94.7497911739639,79.405439137024,75.4173918621228,77.7202153088043,74.1042114511263
"ugt-49",64.1675953673179,50.0975907356591,59.2893945556446,108.291639596894,78.770488488653,72.2744778350491
"AC3.5",233.172388799549,208.013909358932,209.630359321743,320.040470594393,341.33878345083,340.330452590358
"ugt-1",185.27263451127,235.240860845703,251.97992686149,126.662542742796,140.736606099727,150.953023326368
"ugt-2",105.740967013749,88.2153228171388,94.2277877759352,84.1193986154447,88.2229471072913,111.613750580709
"B0001.3",58.7449816743051,54.4539029735425,56.1131769901637,56.0795990769631,48.3125662730405,53.0622748662386
"B0001.4",84.050512241698,91.4825569955513,87.8753526449733,70.5829436658329,60.915844431225,65.8704101787789
"B0001.5",28.0168374138993,42.4740443193631,29.6446972778223,30.9404684562555,32.5584685753099,29.2757378572351
"eri-12",155.4482591997,143.758303850152,164.104574216516,172.106355787921,142.837152459424,152.782756942446
"B0001.8",30.7281442604057,30.4941856651838,31.7621756548096,26.1060202599656,30.4579222156125,17.3824693527333
"B0019.2",25.305530567393,38.1177320814797,21.1747837698731,24.1722409814496,15.7540976977306,24.7014038170421
"trx-2",57.8412127254696,60.9883713303676,47.6432634822144,58.9802679947371,55.6644785319814,57.6366089064315
"asps-1",45.1884474417731,45.7412784977757,44.4670459167335,39.6424752095774,31.5081953954612,35.6798055135052
"B0024.11",164.485948688054,167.718021158511,173.633226912959,82.1856193369287,107.127864344568,95.146148036014
"B0024.13",34.3432200557476,40.2958882004214,32.8209148433033,34.8080270132875,30.4579222156125,31.1054714733123
"crm-1",137.37288022299,182.965113991103,161.987095839529,113.126087793184,170.14425513549,126.251619509326
"znf-207",74.109053804508,60.9883713303676,67.7593080635938,64.781605830285,68.2677566901659,75.9339450672035
"B0035.3",13.5565342325319,20.6924831299461,22.2335229583667,27.0729098992236,31.5081953954612,25.6162706250807
"pfd-4",142.795493916003,145.936459969094,134.459876938694,194.344817490855,168.043708775793,214.99369988907
"gspd-1",478.997542882795,449.789238561461,452.08163348679,298.768898530717,312.981407594915,326.607450469779
"edg-1",26.2092995162284,23.9597173083587,14.8223486389112,17.4040135066437,22.0557367768228,13.7230021205789
"leo-1",113.874887553268,84.9480886387262,114.343832357315,90.8876260902505,100.826225265476,85.997479955628
"sart-3",114.778656502104,118.709508482323,120.696267488277,107.324749957636,131.284147481088,133.570553973635
"B0035.13",187.080172408941,175.341567574807,169.398270158985,209.815051718983,182.747533293675,153.697623750484
"B0035.15",89.4731259347108,92.5716350550222,107.991397226353,76.3842815013808,61.9661176110737,76.848811875242
"B0198.3",39.7658337487604,34.8504979030672,31.7621756548096,21.2715720636757,34.6590149350073,19.2122029688105
"npp-22",133.757804427648,121.976742660735,140.812312069656,103.457191400604,84.0218543878965,99.7204820762069
"calf-1",6.32638264184824,17.4252489515336,16.9398270158985,14.5033445888698,9.45245861863836,11.8932685045017
"B0250.5",243.11384723674,200.390362942636,225.511447149148,202.079934604919,212.155182329439,191.207162880067
"dhcr-7",68.6864401114952,78.4136202819012,69.8767864405811,55.1127094377051,72.4688494095607,49.4028076340842
"memb-1",7.2301515906837,18.5143270110044,13.7636094504175,13.5364549496118,9.45245861863836,17.3824693527333
"B0272.3",227.749775106537,236.329938905174,219.159012018186,263.96087151743,278.322392659907,224.142367969456
"B0272.4",36.1507579534185,39.2068101409506,38.1146107857715,55.1127094377051,44.1114735536457,33.850071897428
"cdk-12",93.0882017300527,111.085962066027,93.1690485874415,107.324749957636,99.7759520856271,90.571813995821
"lcmt-1",82.2429743440271,78.4136202819012,75.1704823830494,45.4438130451253,64.0666639707711,64.9555433707403
"B0285.6",37.9582958510894,56.6320590924842,30.703436466316,39.6424752095774,32.5584685753099,23.7865370090035
"mnp-1",165.38971763689,140.49106967174,143.988529635137,148.90100444573,200.602177351103,176.569293951449
"ttr-18",315.415363143577,347.415900971201,289.035798458767,423.497661994997,374.947525205988,414.434664041484
"B0334.3",366.026424278362,341.970510673847,366.323759218804,332.610035904747,351.841515249317,359.542655559168
"B0334.4",66.8789022138242,65.344683568251,71.9942648175684,67.6822747480589,59.8655712513763,68.6150106028947
"B0334.5",3.61507579534185,5.44539029735425,8.46991350794923,8.70200675332186,6.30163907909224,5.48920084823158
"acly-2",107.54850491142,92.5716350550222,97.4040053414162,101.523412122088,128.133327941542,101.550215692284
"clec-41",501.591766603682,552.162576151721,551.603117205194,489.24615746454,593.404346614519,640.406765627017
"B0379.1",103.029660167243,129.600289077031,100.580222906897,75.4173918621228,93.4743130065349,83.2528795315122
"fbxa-152",11.748996334861,8.71262447576679,9.52865269644288,20.3046824244177,16.8043708775793,5.48920084823158
"rbg-3",33.4394511069121,50.0975907356591,19.0573053928858,28.0397995384816,37.8098344745534,21.9568033929263
"B0393.3",15.3640721302029,20.6924831299461,27.527218900835,27.0729098992236,33.6087417551586,29.2757378572351
"B0393.5",4.51884474417731,3.26723417841255,1.05873918849365,20.3046824244177,25.206556316369,17.3824693527333
"B0395.3",85.858050139369,68.6119177466635,87.8753526449733,109.258529236152,89.27322028714,75.9339450672035
"kcnl-1",44.2846784929377,42.4740443193631,48.7020026707081,39.6424752095774,32.5584685753099,42.998739977814
"B0457.2",57.8412127254696,63.1665274493093,79.405439137024,60.914047273253,71.418576229712,68.6150106028947
"B0457.6",37.9582958510894,20.6924831299461,29.6446972778223,43.5100337666093,26.2568294962177,47.573074018007
"ctr-9",253.959074622765,212.370221596816,259.391101180945,233.020403061174,218.456821408531,257.077573058845
"nlp-36",177.138713971751,191.677738466869,201.160445813794,175.007024705695,168.043708775793,172.909826719295
"B0464.6",125.623883888129,131.778445195973,133.4011377502,132.463880578344,81.9213080281991,116.188084620902
"tag-342",23.497992669722,28.3160295462421,33.8796540317969,11.6026756710958,17.854644057428,21.0419365848877
"B0464.9",22.5942237208866,33.7614198435963,30.703436466316,29.0066891777395,21.0054635969741,14.6378689286175
"B0491.1",27.1130684650639,14.158014773121,29.6446972778223,29.9735788169975,22.0557367768228,16.4676025446947
"lgc-20",25.305530567393,32.6723417841255,23.2922621468604,19.3377927851597,19.9551904171254,22.8716702009649
"B0491.5",285.590987832006,223.261002191524,241.392534976553,246.556858010786,237.361738645808,278.119509643733
"B0491.6",73.2052848556725,63.1665274493093,50.8194810476954,97.6558535650564,90.3234934669888,73.1893446430877
"B0491.7",147.31433866018,152.470928325919,112.226353980327,106.357860318378,94.5245861863836,112.528617388747
"thoc-7",26.2092995162284,38.1177320814797,46.5845242937208,26.1060202599656,28.3573758559151,29.2757378572351
"prdh-1",338.913355813299,314.743559187075,343.031497071944,293.934450334427,350.791242069468,278.119509643733
"vamp-8",46.9959853394441,54.4539029735425,50.8194810476954,42.5431441273513,59.8655712513763,42.998739977814
"exos-4.1",37.054526902254,30.4941856651838,28.5859580893287,28.0397995384816,22.0557367768228,30.1906046652737
"best-1",38.8620647999249,53.3648249140716,46.5845242937208,61.880936912511,68.2677566901659,51.2325412501614
"B0564.7",128.335190734636,141.58014773121,151.399703954592,99.5896328435724,107.127864344568,120.762418661095
"C01A2.2",26.2092995162284,23.9597173083587,29.6446972778223,56.0795990769631,54.6142053521327,45.7433404019298
"oxa-1",161.774641841548,162.272630861157,173.633226912959,155.669231920536,153.339884257911,128.996219933442
"C01A2.4",95.7995085765591,117.620430422852,79.405439137024,110.22541887541,99.7759520856271,139.059754821867
"tads-1",80.4354364463562,78.4136202819012,85.757874267986,74.4505022228648,68.2677566901659,56.7217420983929
"nlp-38",59.6487506231405,63.1665274493093,63.5243513096192,60.914047273253,73.5191225894094,62.2109429466245
"C01B9.1",41.5733716464313,26.1378734273004,46.5845242937208,30.9404684562555,39.9103808342508,47.573074018007
"cpna-3",47.8997542882795,30.4941856651838,34.9383932202906,39.6424752095774,51.4633858125866,36.5946723215438
"C01F6.9",97.60704647423,108.907805947085,91.0515702104542,95.7220742865405,66.1672103304685,85.0826131475894
"C01G6.4",32.5356821580767,38.1177320814797,14.8223486389112,45.4438130451253,32.5584685753099,35.6798055135052
"C01G6.5",321.741745785425,294.051076057129,339.855279506463,316.172912037361,363.394520227652,338.50071897428
"acs-7",133.757804427648,111.085962066027,116.461310734302,149.867894084988,103.977044805022,104.2948161164
"C01G10.4",26.2092995162284,44.6522004383048,38.1146107857715,35.7749166525454,46.2120199133431,56.7217420983929
"C01G10.5",77.7241295998498,151.381850266448,164.104574216516,112.159198153926,138.636059740029,177.484160759488
"C01G10.6",121.105039143952,150.292772206977,142.929790446643,127.629432382054,115.530049783358,141.804355245982
"C01G10.7",51.5148300836214,58.8102152114259,39.1733499742652,63.814716191027,67.2174835103172,51.2325412501614
"ahsa-1",619.985498901127,450.878316620932,424.554414585955,848.929103268511,686.878659621054,730.063712814799
"C01G10.9",55.1299058789632,45.7412784977757,43.4083067282398,31.9073580955135,53.563932172284,43.9136067858526
"C01G10.15",204.251782436815,247.220719499883,248.803709296009,239.78863053598,223.708187307774,248.843771786498
"madf-5",37.054526902254,56.6320590924842,50.8194810476954,59.947157633995,60.915844431225,61.2960761385859
"C01G12.7",31.6319132092412,22.8706392488878,26.4684797123413,39.6424752095774,29.4076490357638,29.2757378572351
"C01H6.4",37.054526902254,49.0085126761882,50.8194810476954,25.1391306207076,25.206556316369,30.1906046652737
"swsn-9",87.6655880370399,116.531352363381,103.756440472378,132.463880578344,100.826225265476,111.613750580709
"C01H6.8",39.7658337487604,26.1378734273004,38.1146107857715,62.847826551769,55.6644785319814,54.8920084823158
"hasp-1",26.2092995162284,18.5143270110044,9.52865269644288,23.2053513421916,28.3573758559151,19.2122029688105
"olrn-1",53.3223679812923,45.7412784977757,37.0558715972779,35.7749166525454,48.3125662730405,45.7433404019298
"lron-3",84.9542811905335,87.1262447576679,100.580222906897,95.7220742865405,97.6754057259297,100.635348884246
"C03A3.1",17.1716100278738,28.3160295462421,30.703436466316,17.4040135066437,14.7038245178819,18.2973361607719
"C03A3.2",165.38971763689,156.827240563802,161.987095839529,163.404349034599,139.686332919878,150.953023326368
"rei-1",92.1844327812172,86.0371666981971,91.0515702104542,55.1127094377051,86.1224007475939,88.7420803797438
"C03D6.1",15.3640721302029,32.6723417841255,32.8209148433033,30.9404684562555,29.4076490357638,28.3608710491965
"C03H12.1",50.6110611347859,33.7614198435963,45.5257851052271,30.9404684562555,34.6590149350073,35.6798055135052
"C04A11.1",3.61507579534185,4.3563122378834,6.35243513096192,6.76822747480589,10.5027317984871,5.48920084823158
"gck-4",121.105039143952,119.798586541793,89.9928310219606,68.6491643873169,97.6754057259297,99.7204820762069
"arrd-25",178.042482920586,210.192065477874,213.865316075718,186.609700376791,220.557367768228,195.78149692026
"C04F12.1",29.8243753115703,26.1378734273004,20.1160445813794,29.0066891777395,26.2568294962177,25.6162706250807
"C04F12.8",84.9542811905335,106.729649828143,98.4627445299098,62.847826551769,90.3234934669888,85.997479955628
"ttr-39",60.552519571976,62.0774493898384,66.7005688751002,57.0464887162211,57.7650248916789,44.8284735938912
"C04H5.1",72.301515906837,60.9883713303676,61.4068729326319,52.2120405199312,57.7650248916789,57.6366089064315
"nlp-41",13.5565342325319,21.781561189417,15.8810878274048,16.4371238673857,17.854644057428,20.1270697768491
"C05A9.2",86.7618190882044,92.5716350550222,78.3466999485304,116.993646350216,109.228410704265,90.571813995821
"C05B5.4",31.6319132092412,37.0286540220089,37.0558715972779,21.2715720636757,36.7595612947047,22.8716702009649
"C05B5.8",89.4731259347108,94.7497911739639,86.8166134564796,132.463880578344,102.926771625173,80.5082791073964
"C05C10.2",164.485948688054,116.531352363381,131.283659373213,69.6160540265749,64.0666639707711,65.8704101787789
"C05C10.3",1711.73838909437,1734.90134873706,1739.50848669507,1309.16857155531,1296.0371039333,1281.72839806207
"pho-11",368.737731124869,303.852778592367,240.333795788059,434.133448026835,317.182500314309,272.630308795502
"ufd-3",137.37288022299,163.361708920627,165.16331340501,130.530101299828,116.580322963206,143.63408886206
"C05C12.4",182.561327664763,167.718021158511,145.047268823631,175.007024705695,169.093981955642,169.25035948714
"C05D12.1",22.5942237208866,27.2269514867712,23.2922621468604,29.9735788169975,30.4579222156125,29.2757378572351
"C05D12.2",28.9206063627348,22.8706392488878,35.9971324087842,19.3377927851597,30.4579222156125,19.2122029688105
"C05G5.1",77.7241295998498,65.344683568251,65.6418296866065,82.1856193369287,72.4688494095607,87.8272135717052
"C05G5.2",16.2678410790383,8.71262447576679,9.52865269644288,10.6357860318378,9.45245861863836,8.23380127234736
"C05G5.3",34.3432200557476,43.563122378834,33.8796540317969,29.0066891777395,29.4076490357638,28.3608710491965
"sucl-1",554.914134584974,585.923995995317,568.542944221092,592.703348865145,525.136589924353,601.067492881357
"cdc-48.1",716.688776426522,679.58470910981,748.528606265013,727.101008722004,670.074288743475,716.340710694221
"C06A1.2",47.8997542882795,49.0085126761882,43.4083067282398,37.7086959310614,40.9606540140996,46.6582072099684
"rpb-6",150.025645506687,147.025538028565,138.694833692669,135.364549496118,159.641523337003,139.059754821867
"C06A12.3",25.305530567393,31.5832637246546,25.4097405238477,20.3046824244177,31.5081953954612,21.9568033929263
"cyp-35C1",241.306309339069,248.309797559354,278.448406573831,58.0133783554791,77.7202153088043,85.0826131475894
"stdh-1",119.297501246281,109.996884006556,86.8166134564796,125.695653103538,135.485240200483,103.379949308361
"C06B3.6",627.215650491811,503.154063475532,391.733499742652,733.86923619681,810.810894843201,662.363569019943
"C06B8.7",23.497992669722,26.1378734273004,29.6446972778223,29.0066891777395,36.7595612947047,38.424405937621
"swt-3",32.5356821580767,42.4740443193631,50.8194810476954,49.3113716021572,68.2677566901659,63.1258097546631
"atp-5",1171.28455769076,1092.34529364926,1161.43688977754,1143.8304432422,1090.18356068296,1146.32811047236
"C06H2.2",96.7032775253945,77.3245422224303,89.9928310219606,96.6889639257985,69.3180298700146,94.2312812279754
"jmjd-5",84.9542811905335,98.0170253523765,97.4040053414162,87.0200675332186,94.5245861863836,85.0826131475894
"folt-1",11.748996334861,17.4252489515336,5.29369594246827,8.70200675332186,12.6032781581845,15.5527357366561
"glb-3",32.5356821580767,22.8706392488878,26.4684797123413,30.9404684562555,28.3573758559151,27.4460042411579
"lmtr-3",64.1675953673179,65.344683568251,58.230655367151,77.3511711406388,52.5136589924353,53.0622748662386
"C06H5.6",129.238959683471,106.729649828143,101.638962095391,124.72876346428,101.876498445325,94.2312812279754
"dcar-1",55.1299058789632,64.2556055087801,40.2320891627588,37.7086959310614,46.2120199133431,44.8284735938912
"tiar-3",13.5565342325319,23.9597173083587,23.2922621468604,14.5033445888698,21.0054635969741,17.3824693527333
"C07A4.2",14.4603031813674,23.9597173083587,22.2335229583667,24.1722409814496,14.7038245178819,10.9784016964632
"bud-31",61.4562885208115,65.344683568251,76.2292215715431,58.9802679947371,49.3628394528892,53.9771416742772
"ugt-60",103.933429116078,119.798586541793,94.2277877759352,121.828094546506,121.83168886245,128.996219933442
"set-3",36.1507579534185,28.3160295462421,33.8796540317969,32.8742477347715,33.6087417551586,35.6798055135052
"best-5",17.1716100278738,16.3361708920627,9.52865269644288,42.5431441273513,26.2568294962177,19.2122029688105
"C07A9.9",89.4731259347108,105.640571768672,137.636094504175,67.6822747480589,64.0666639707711,67.7001437948561
"C07B5.4",21.6904547720511,19.6034050704753,34.9383932202906,37.7086959310614,38.8601076544021,28.3608710491965
"stip-1",47.8997542882795,46.8303565572465,49.7607418592017,42.5431441273513,36.7595612947047,32.0203382813509
"pro-2",405.792258027123,461.76909721564,406.555848381563,203.046824244177,177.496167394431,214.078833081031
"C07E3.3",15.3640721302029,21.781561189417,15.8810878274048,28.0397995384816,35.709288114856,15.5527357366561
"ceh-58",18.9791479255447,17.4252489515336,16.9398270158985,29.9735788169975,26.2568294962177,15.5527357366561
"C07E3.9",24.4017616185575,29.4051076057129,17.9985662043921,43.5100337666093,37.8098344745534,40.2541395536982
"C07H4.1",49.7072921859505,63.1665274493093,60.3481337441383,90.8876260902505,65.1169371506198,70.4447442189719
"ugt-17",230.461081953043,216.726533834699,177.868183666934,213.682610276015,213.205455509287,167.420625871063
"C08B6.3",41.5733716464313,34.8504979030672,25.4097405238477,29.9735788169975,35.709288114856,31.1054714733123
"wdr-20",55.1299058789632,37.0286540220089,43.4083067282398,37.7086959310614,42.0109271939483,48.4879408260456
"C08B6.8",67.7826711626597,55.5429810330133,75.1704823830494,58.0133783554791,66.1672103304685,62.2109429466245
"C08B6.11",18.9791479255447,23.9597173083587,26.4684797123413,24.1722409814496,22.0557367768228,25.6162706250807
"swsn-7",163.582179739219,190.588660407399,177.868183666934,162.437459395341,159.641523337003,171.994959911256
"arp-6",9.03768948835463,19.6034050704753,22.2335229583667,23.2053513421916,12.6032781581845,23.7865370090035
"algn-6",56.9374437766342,69.7009958061344,49.7607418592017,66.7153851088009,63.0163907909224,55.8068752903543
"C08B11.9",37.9582958510894,25.0487953678295,33.8796540317969,18.3709031459017,22.0557367768228,14.6378689286175
"C08E8.4",32.5356821580767,34.8504979030672,52.9369594246827,29.0066891777395,25.206556316369,42.998739977814
"pfd-1",213.289471925169,190.588660407399,171.515748535972,290.066891777395,211.10490914959,250.673505402575
"C08F8.2",87.6655880370399,64.2556055087801,64.5830904981129,51.2451508806732,85.0721275677452,76.848811875242
"C08F8.9",67.7826711626597,62.0774493898384,75.1704823830494,63.814716191027,58.8152980715276,76.848811875242
"C08F11.1",69.5902090603306,40.2958882004214,46.5845242937208,34.8080270132875,22.0557367768228,28.3608710491965
"ugt-22",1232.74084621157,1201.25309959635,1247.19476404552,593.670238504403,583.951887995881,642.236499243094
"C08F11.13",93.0882017300527,51.1866687951299,49.7607418592017,71.5498333050909,69.3180298700146,71.3596110270105
"vgln-1",496.169152910669,511.866687951299,566.425465844105,439.934785862383,562.946424398907,603.812093305473
"algn-8",37.054526902254,33.7614198435963,24.351001335354,25.1391306207076,25.206556316369,24.7014038170421
"C09E9.1",33.4394511069121,43.563122378834,31.7621756548096,55.1127094377051,35.709288114856,51.2325412501614
"C09F9.2",31.6319132092412,21.781561189417,28.5859580893287,193.377927851597,217.406548228682,188.462562455951
"glna-1",54.2261369301278,54.4539029735425,63.5243513096192,52.2120405199312,63.0163907909224,56.7217420983929
"C09F12.2",19.8829168743802,23.9597173083587,24.351001335354,37.7086959310614,53.563932172284,33.850071897428
"C09G1.4",20.7866858232156,25.0487953678295,20.1160445813794,16.4371238673857,23.1060099566715,16.4676025446947
"C09G1.5",6.32638264184824,14.158014773121,4.23495675397461,7.73511711406388,13.6535513380332,3.65946723215438
"dph-2",34.3432200557476,31.5832637246546,41.2908283512525,33.8411373740295,28.3573758559151,42.0838731697754
"mks-5",8.13392053951917,7.62354641629595,6.35243513096192,9.66889639257985,4.20109271939483,12.8081353125403
"C09G9.1",71.3977469580016,98.0170253523765,89.9928310219606,86.0531778939606,94.5245861863836,75.9339450672035
"npp-23",54.2261369301278,50.0975907356591,48.7020026707081,40.6093648488354,40.9606540140996,46.6582072099684
"C09G9.5",23.497992669722,17.4252489515336,10.5873918849365,23.2053513421916,16.8043708775793,16.4676025446947
"nasp-1",61.4562885208115,83.8590105792554,83.6403958909986,97.6558535650564,108.178137524417,120.762418661095
"apc-17",9.94145843719009,17.4252489515336,13.7636094504175,13.5364549496118,17.854644057428,11.8932685045017
"glb-4",11.748996334861,8.71262447576679,10.5873918849365,4.83444819628992,11.5530049783358,10.0635348884246
"nbs-1",26.2092995162284,27.2269514867712,26.4684797123413,29.9735788169975,19.9551904171254,12.8081353125403
"pezo-1",342.52843160864,340.881432614376,359.971324087842,334.543815183263,445.315828255852,385.158926184249
"wht-2",28.9206063627348,28.3160295462421,25.4097405238477,31.9073580955135,32.5584685753099,27.4460042411579
"catp-8",269.323146752968,239.597173083587,219.159012018186,386.755855703194,336.087417551586,335.756118550165
"gpx-5",33.4394511069121,28.3160295462421,32.8209148433033,43.5100337666093,58.8152980715276,53.9771416742772
"gpx-3",39.7658337487604,46.8303565572465,50.8194810476954,74.4505022228648,80.8710348483504,60.3812093305473
"C11E4.6",57.8412127254696,62.0774493898384,66.7005688751002,48.3444819628992,65.1169371506198,49.4028076340842
"C11H1.3",21.6904547720511,16.3361708920627,15.8810878274048,24.1722409814496,26.2568294962177,32.0203382813509
"cbl-1",150.929414455522,119.798586541793,125.989963430745,103.457191400604,113.42950342366,106.124549732477
"fubl-1",128.335190734636,135.045679374385,158.810878274048,103.457191400604,94.5245861863836,130.825953549519
"daf-36",93.0882017300527,102.37333759026,94.2277877759352,73.4836125836068,60.915844431225,64.9555433707403
"C13B4.1",65.9751332649888,55.5429810330133,63.5243513096192,70.5829436658329,87.1726739274426,74.1042114511263
"nhr-153",26.2092995162284,27.2269514867712,24.351001335354,17.4040135066437,23.1060099566715,15.5527357366561
"nhr-154",83.1467432928626,84.9480886387262,64.5830904981129,46.4107026843833,43.061200373797,36.5946723215438
"spin-1",106.644735962585,130.689367136502,125.989963430745,59.947157633995,79.8207616685017,74.1042114511263
"C13C12.2",0.903768948835463,0,0,26.1060202599656,19.9551904171254,18.2973361607719
"C13G3.1",31.6319132092412,26.1378734273004,28.5859580893287,26.1060202599656,24.1562831365203,21.0419365848877
"pptr-2",124.720114939294,143.758303850152,170.457009347478,143.099666610182,115.530049783358,135.400287589712
"dohh-1",70.4939780091661,77.3245422224303,64.5830904981129,42.5431441273513,56.7147517118302,48.4879408260456
"algn-9",50.6110611347859,51.1866687951299,47.6432634822144,48.3444819628992,42.0109271939483,43.9136067858526
"C14A4.6",79.5316674975207,71.8791519250761,96.3452661529225,93.7882950080245,71.418576229712,91.4866808038596
"C14A4.7",28.0168374138993,21.781561189417,23.2922621468604,40.6093648488354,21.0054635969741,22.8716702009649
"ccm-3",36.1507579534185,50.0975907356591,47.6432634822144,67.6822747480589,54.6142053521327,71.3596110270105
"C14A4.12",54.2261369301278,70.7900738656052,61.4068729326319,70.5829436658329,64.0666639707711,66.7852769868175
"mrps-22",267.515608855297,292.961997997659,254.097405238477,323.908029151425,236.311465465959,261.651907099038
"clec-48",95.7995085765591,76.2354641629595,73.0530040060621,103.457191400604,113.42950342366,97.8907484601298
"C14B1.3",38.8620647999249,30.4941856651838,43.4083067282398,43.5100337666093,47.2622930931918,33.850071897428
"dph-1",61.4562885208115,51.1866687951299,53.9956986131763,50.2782612414152,47.2622930931918,42.998739977814
"nrde-1",54.2261369301278,50.0975907356591,46.5845242937208,47.3775923236412,52.5136589924353,34.7649387054666
"C14B1.8",29.8243753115703,26.1378734273004,37.0558715972779,42.5431441273513,30.4579222156125,38.424405937621
"alkb-8",93.0882017300527,87.1262447576679,94.2277877759352,78.3180607798968,82.9715812080478,76.848811875242
"C14B4.2",84.050512241698,79.502698341372,103.756440472378,60.914047273253,97.6754057259297,66.7852769868175
"C14C10.2",38.8620647999249,21.781561189417,30.703436466316,29.9735788169975,16.8043708775793,15.5527357366561
"ril-2",57.8412127254696,59.8992932708967,70.9355256290748,39.6424752095774,72.4688494095607,49.4028076340842
"mma-1",409.407333822465,358.306681565909,402.320891627588,329.709366986973,347.640422529922,343.989919822512
"C14C10.5",697.709628500977,633.843430612034,675.475602258951,465.073916483091,461.069925953582,456.518537211259
"ttr-43",24.4017616185575,35.939575962538,19.0573053928858,20.3046824244177,18.9049172372767,21.9568033929263
"zipt-13",76.8203606510143,76.2354641629595,64.5830904981129,122.794984185764,116.580322963206,128.996219933442
"C14H10.2",103.029660167243,113.264118184968,113.285093168821,135.364549496118,126.032781581845,128.081353125403
"C14H10.3",136.469111274155,123.065820720206,130.224920184719,180.808362541243,171.194528315339,137.230021205789
"C15A11.7",52.4185990324568,94.7497911739639,91.0515702104542,111.192308514668,162.792342876549,116.188084620902
"C15C6.3",94.8957396277236,95.8388692334347,94.2277877759352,73.4836125836068,81.9213080281991,76.848811875242
"xbx-9",93.0882017300527,65.344683568251,63.5243513096192,86.0531778939606,74.5693957692582,74.1042114511263
"hrg-7",1263.46899047198,1951.62788257176,2109.00846347936,1456.13579672252,1567.00758433427,1445.48955670098
"C15C8.4",84.9542811905335,69.7009958061344,98.4627445299098,92.8214053687665,92.4240398266862,75.9339450672035
"C15C8.7",12.6527652836965,23.9597173083587,20.1160445813794,36.7418062918034,21.0054635969741,15.5527357366561
"rpoa-12",76.8203606510143,70.7900738656052,89.9928310219606,56.0795990769631,51.4633858125866,41.1690063617368
"rrbs-1",417.541254361984,425.829521253102,421.378197020474,339.378263379553,293.026217177789,326.607450469779
"ocrl-1",112.067349655597,83.8590105792554,96.3452661529225,112.159198153926,120.781415682601,105.209682924439
"C16C2.4",148.218107609016,141.58014773121,137.636094504175,189.510369294565,139.686332919878,152.782756942446
"C16C10.1",18.0753789767093,20.6924831299461,14.8223486389112,11.6026756710958,9.45245861863836,9.14866808038596
"C16C10.2",166.293486585725,160.094474742215,203.277924190782,116.993646350216,141.786879279575,116.188084620902
"hrde-1",97.60704647423,84.9480886387262,81.5229175140113,72.5167229443488,84.0218543878965,82.3380127234736
"C16C10.4",65.0713643161533,88.2153228171388,82.581656702505,79.2849504191547,66.1672103304685,71.3596110270105
"rnf-121",20.7866858232156,25.0487953678295,26.4684797123413,22.2384617029336,23.1060099566715,21.9568033929263
"ccdc-55",45.1884474417731,54.4539029735425,42.3495675397462,37.7086959310614,31.5081953954612,30.1906046652737
"C16C10.8",107.54850491142,128.51121101756,128.107441807732,78.3180607798968,65.1169371506198,80.5082791073964
"har-1",399.465875385275,471.570799750878,465.845242937208,494.08060566083,423.260091479029,461.092871251452
"npr-4",27.1130684650639,33.7614198435963,31.7621756548096,19.3377927851597,22.0557367768228,20.1270697768491
"dhhc-7",28.0168374138993,28.3160295462421,24.351001335354,22.2384617029336,24.1562831365203,21.9568033929263
"C17D12.7",14.4603031813674,11.9798586541793,8.46991350794923,17.4040135066437,11.5530049783358,13.7230021205789
"C17E4.6",55.1299058789632,40.2958882004214,57.1719161786573,35.7749166525454,56.7147517118302,37.5095391295824
"nkb-1",919.133020965666,851.659042506204,821.581610271075,915.644488377311,817.112533922294,737.382647279108
"C17E4.10",74.109053804508,67.5228396871927,80.4641783255177,100.55652248283,108.178137524417,86.9123467636666
"ugt-23",105.740967013749,112.175040125497,103.756440472378,130.530101299828,92.4240398266862,103.379949308361
"nra-3",38.8620647999249,43.563122378834,50.8194810476954,46.4107026843833,51.4633858125866,34.7649387054666
"C17G1.5",14.4603031813674,16.3361708920627,20.1160445813794,20.3046824244177,15.7540976977306,20.1270697768491
"cysl-1",193.406555050789,182.965113991103,167.280791781997,244.62307873227,235.26119228611,213.163966272993
"seb-3",56.9374437766342,53.3648249140716,49.7607418592017,34.8080270132875,56.7147517118302,54.8920084823158
"C18B12.4",140.987956018332,111.085962066027,96.3452661529225,219.483948111563,176.445894214583,143.63408886206
"C18B12.6",51.5148300836214,39.2068101409506,52.9369594246827,71.5498333050909,53.563932172284,56.7217420983929
"fbxa-136",12.6527652836965,13.0689367136502,12.7048702619238,20.3046824244177,14.7038245178819,20.1270697768491
"C18D4.6",9.94145843719009,10.8907805947085,11.6461310734302,13.5364549496118,9.45245861863836,10.9784016964632
"C18D11.1",143.699262864839,167.718021158511,159.869617462542,197.245486408629,213.205455509287,193.951763304182
"C18D11.3",51.5148300836214,57.721137151955,56.1131769901637,61.880936912511,53.563932172284,71.3596110270105
"C18E9.2",191.599017153118,184.054192050574,146.106008012124,272.662878270752,191.149718732465,193.036896496144
"C18E9.4",262.092995162284,228.706392488878,272.095971442869,283.298664302589,260.467748602479,263.481640715116
"C18E9.5",237.691233543727,250.487953678295,226.570186337642,271.695988631494,239.462285005505,236.950503281996
"tomm-40",351.566121096995,360.484837684851,354.677628145374,369.35184219655,328.735505292645,357.712921943091
"C18E9.9",177.138713971751,165.539865039569,163.045835028023,231.086623782658,192.199991912313,201.270697768491
"sftd-3",18.0753789767093,21.781561189417,29.6446972778223,23.2053513421916,23.1060099566715,30.1906046652737
"C23H4.3",65.0713643161533,79.502698341372,66.7005688751002,65.748495469543,60.915844431225,58.5514757144701
"C23H4.7",44.2846784929377,43.563122378834,45.5257851052271,33.8411373740295,40.9606540140996,41.1690063617368
"tram-1",238.595002492562,209.102987418403,199.042967436807,299.735788169975,290.925670818092,333.926384934087
"qns-1",92.1844327812172,100.195181471318,101.638962095391,88.9538468117346,90.3234934669888,102.465082500323
"gbf-1",348.854814250489,335.436042317022,361.030063276336,385.788966063936,406.455720601449,360.457522367207
"C25A1.1",26.2092995162284,38.1177320814797,29.6446972778223,40.6093648488354,28.3573758559151,31.1054714733123
"fath-1",106.644735962585,105.640571768672,101.638962095391,131.496990939086,89.27322028714,97.8907484601298
"rsa-1",17.1716100278738,7.62354641629595,16.9398270158985,16.4371238673857,16.8043708775793,27.4460042411579
"lid-1",29.8243753115703,26.1378734273004,28.5859580893287,48.3444819628992,43.061200373797,39.3392727456596
"mrpl-34",103.933429116078,100.195181471318,99.5214837184035,94.7551846472825,93.4743130065349,102.465082500323
"otub-1",77.7241295998498,98.0170253523765,74.1117431945558,76.3842815013808,65.1169371506198,89.6569471877824
"C25D7.10",27.1130684650639,26.1378734273004,24.351001335354,30.9404684562555,21.0054635969741,22.8716702009649
"C25F9.4",29.8243753115703,37.0286540220089,37.0558715972779,23.2053513421916,27.3071026760664,28.3608710491965
"C25G4.2",18.9791479255447,21.781561189417,22.2335229583667,31.9073580955135,16.8043708775793,15.5527357366561
"C25G4.3",36.1507579534185,44.6522004383048,42.3495675397462,32.8742477347715,28.3573758559151,34.7649387054666
"igdb-2",111.163580706762,130.689367136502,120.696267488277,101.523412122088,116.580322963206,113.443484196786
"glb-8",18.9791479255447,19.6034050704753,13.7636094504175,18.3709031459017,12.6032781581845,11.8932685045017
"C26C6.9",95.7995085765591,69.7009958061344,80.4641783255177,105.39097067912,90.3234934669888,96.0610148440526
"C26D10.4",17.1716100278738,23.9597173083587,23.2922621468604,27.0729098992236,16.8043708775793,17.3824693527333
"C26D10.6",23.497992669722,27.2269514867712,17.9985662043921,18.3709031459017,28.3573758559151,20.1270697768491
"C26E1.2",49.7072921859505,32.6723417841255,23.2922621468604,65.748495469543,48.3125662730405,53.0622748662386
"ceh-79",29.8243753115703,29.4051076057129,26.4684797123413,36.7418062918034,24.1562831365203,14.6378689286175
"syg-2",90.3768948835463,98.0170253523765,84.6991350794923,74.4505022228648,82.9715812080478,85.997479955628
"wdfy-3",193.406555050789,173.163411455865,194.808010682832,168.238797230889,198.501630991406,180.228761183603
"C27A7.1",87.6655880370399,92.5716350550222,93.1690485874415,170.172576509405,153.339884257911,143.63408886206
"C27A7.5",71.3977469580016,62.0774493898384,71.9942648175684,66.7153851088009,59.8655712513763,64.9555433707403
"C27B7.2",33.4394511069121,42.4740443193631,42.3495675397462,52.2120405199312,44.1114735536457,25.6162706250807
"rad-26",163.582179739219,108.907805947085,121.75500667677,186.609700376791,195.350811451859,170.165226295179
"C27B7.5",12.6527652836965,10.8907805947085,7.41117431945558,10.6357860318378,6.30163907909224,21.0419365848877
"C27B7.7",55.1299058789632,59.8992932708967,47.6432634822144,72.5167229443488,73.5191225894094,62.2109429466245
"egrh-1",84.050512241698,75.1463861034886,71.9942648175684,80.2518400584127,67.2174835103172,78.6785454913192
"C27C12.4",34.3432200557476,29.4051076057129,30.703436466316,34.8080270132875,31.5081953954612,32.9352050893894
"acd-3",25.305530567393,20.6924831299461,16.9398270158985,18.3709031459017,24.1562831365203,23.7865370090035
"C27D8.3",60.552519571976,67.5228396871927,61.4068729326319,60.914047273253,71.418576229712,76.848811875242
"ruvb-1",220.519623515853,202.568519061578,199.042967436807,155.669231920536,156.490703797457,168.335492679102
"rmd-2",402.177182231781,443.254770204636,425.613153774449,505.683281331926,412.757359680542,446.455002322835
"C27H6.8",169.908562381067,126.333054898619,157.752139085554,129.56321166057,121.83168886245,151.867890134407
"nrx-1",67.7826711626597,52.2757468546008,57.1719161786573,59.947157633995,71.418576229712,74.1042114511263
"trpa-1",66.8789022138242,72.9682299845469,69.8767864405811,65.748495469543,67.2174835103172,54.8920084823158
"C29F3.7",528.704835068746,584.834917935846,609.833772572345,207.881272440467,275.171573120361,247.928904978459
"best-7",46.9959853394441,41.3849662598923,51.878220236189,63.814716191027,51.4633858125866,50.3176744421228
"C29F7.1",32.5356821580767,39.2068101409506,48.7020026707081,16.4371238673857,21.0054635969741,17.3824693527333
"C29F7.2",485.323925524644,531.470093021774,561.131769901637,190.477258933823,198.501630991406,188.462562455951
"C29F7.3",93.0882017300527,88.2153228171388,88.9340918334669,93.7882950080245,76.6699421289556,85.0826131475894
"C30F2.3",43.3809095441022,38.1177320814797,37.0558715972779,21.2715720636757,43.061200373797,38.424405937621
"clec-199",27.1130684650639,29.4051076057129,40.2320891627588,57.0464887162211,37.8098344745534,42.0838731697754
"dlat-2",73.2052848556725,47.9194346167174,57.1719161786573,51.2451508806732,56.7147517118302,62.2109429466245
"C30H6.8",34.3432200557476,31.5832637246546,27.527218900835,32.8742477347715,27.3071026760664,28.3608710491965
"C30H6.9",37.9582958510894,20.6924831299461,31.7621756548096,35.7749166525454,30.4579222156125,34.7649387054666
"trh-1",19.8829168743802,26.1378734273004,17.9985662043921,30.9404684562555,22.0557367768228,23.7865370090035
"oac-6",28.0168374138993,39.2068101409506,27.527218900835,19.3377927851597,33.6087417551586,33.850071897428
"C31C9.2",73.2052848556725,86.0371666981971,80.4641783255177,220.45083775082,153.339884257911,209.504499040838
"fbxa-167",36.1507579534185,30.4941856651838,41.2908283512525,31.9073580955135,17.854644057428,21.0419365848877
"C31C9.6",18.0753789767093,9.80170253523765,21.1747837698731,10.6357860318378,14.7038245178819,17.3824693527333
"C31C9.7",18.0753789767093,18.5143270110044,14.8223486389112,17.4040135066437,12.6032781581845,19.2122029688105
"C31E10.5",41.5733716464313,38.1177320814797,42.3495675397462,31.9073580955135,27.3071026760664,32.0203382813509
"C31E10.6",20.7866858232156,30.4941856651838,22.2335229583667,21.2715720636757,22.0557367768228,19.2122029688105
"cytb-5.1",294.628677320361,351.772213209084,332.444105187007,275.563547188526,259.417475422631,307.395247500968
"tbc-19",11.748996334861,14.158014773121,19.0573053928858,11.6026756710958,19.9551904171254,17.3824693527333
"C31H5.4",23.497992669722,22.8706392488878,25.4097405238477,39.6424752095774,29.4076490357638,41.1690063617368
"C31H5.5",27.1130684650639,18.5143270110044,10.5873918849365,20.3046824244177,22.0557367768228,17.3824693527333
"C31H5.6",203.348013487979,196.034050704753,196.92548905982,175.007024705695,220.557367768228,216.823433505147
"mrps-31",197.925399794966,156.827240563802,193.749271494339,180.808362541243,177.496167394431,185.717962031835
"rilp-1",96.7032775253945,84.9480886387262,81.5229175140113,99.5896328435724,106.077591164719,78.6785454913192
"C32C4.1",16.2678410790383,8.71262447576679,27.527218900835,12.5695653103538,22.0557367768228,17.3824693527333
"irg-6",75.9165917021789,90.3934789360805,62.4656121211256,27.0729098992236,39.9103808342508,39.3392727456596
"C32H11.4",97.60704647423,62.0774493898384,68.8180472520875,75.4173918621228,57.7650248916789,81.423145915435
"dod-24",206.963089283321,263.556890391946,255.156144426971,243.656189093012,240.512558185354,263.481640715116
"nfki-1",360.60381058535,381.177320814797,361.030063276336,337.444484101037,337.137690731435,302.820913460775
"C33A11.2",5.42261369301278,5.44539029735425,5.29369594246827,12.5695653103538,3.15081953954612,10.0635348884246
"C33A12.1",221.423392464688,251.577031737766,235.040099845591,262.993981878172,251.015289983841,256.162706250807
"nlp-35",33.4394511069121,20.6924831299461,23.2922621468604,34.8080270132875,27.3071026760664,17.3824693527333
"C33A12.3",110.259811757926,93.660713114493,83.6403958909986,72.5167229443488,84.0218543878965,71.3596110270105
"C33A12.4",53.3223679812923,49.0085126761882,77.2879607600367,41.5762544880933,48.3125662730405,41.1690063617368
"ugt-21",152.736952353193,144.847381909623,127.048702619238,150.834783724246,151.239337898214,137.230021205789
"ethe-1",23.497992669722,28.3160295462421,17.9985662043921,29.0066891777395,30.4579222156125,24.7014038170421
"C33A12.19",42.4771405952668,27.2269514867712,19.0573053928858,25.1391306207076,35.709288114856,27.4460042411579
"C33B4.4",2.71130684650639,8.71262447576679,16.9398270158985,4.83444819628992,7.35191225894095,9.14866808038596
"C33D9.6",95.7995085765591,88.2153228171388,106.932658037859,51.2451508806732,76.6699421289556,64.0406765627017
"lgc-21",4.51884474417731,6.5344683568251,3.17621756548096,30.9404684562555,29.4076490357638,16.4676025446947
"C33G3.4",68.6864401114952,56.6320590924842,60.3481337441383,70.5829436658329,72.4688494095607,53.9771416742772
"C33G3.6",27.1130684650639,11.9798586541793,17.9985662043921,16.4371238673857,16.8043708775793,21.0419365848877
"C34B4.2",183.465096613599,127.422132958089,122.813745865264,141.165887331666,225.808733667472,161.931425022831
"C34B4.3",27.1130684650639,28.3160295462421,16.9398270158985,20.3046824244177,29.4076490357638,19.2122029688105
"C34B7.1",18.9791479255447,21.781561189417,24.351001335354,15.4702342281278,17.854644057428,16.4676025446947
"C34B7.2",65.9751332649888,39.2068101409506,38.1146107857715,43.5100337666093,51.4633858125866,54.8920084823158
"cyp-36A1",155.4482591997,142.669225790681,127.048702619238,155.669231920536,150.189064718365,161.016558214793
"mys-4",52.4185990324568,35.939575962538,59.2893945556446,44.4769234058673,45.1617467334944,45.7433404019298
"C34C6.3",19.8829168743802,28.3160295462421,17.9985662043921,36.7418062918034,40.9606540140996,48.4879408260456
"C34C6.4",66.8789022138242,66.4337616277218,61.4068729326319,77.3511711406388,70.3683030498633,79.5934122993578
"sphk-1",78.6278985486853,72.9682299845469,55.05443780167,63.814716191027,72.4688494095607,79.5934122993578
"C34C12.2",31.6319132092412,23.9597173083587,35.9971324087842,42.5431441273513,43.061200373797,42.998739977814
"pph-6",103.933429116078,119.798586541793,132.342398561707,99.5896328435724,111.328957063963,107.039416540516
"C34C12.4",51.5148300836214,70.7900738656052,59.2893945556446,86.0531778939606,69.3180298700146,67.7001437948561
"rsu-1",181.657558715928,175.341567574807,203.277924190782,170.172576509405,202.7027237108,214.99369988907
"C34C12.6",28.0168374138993,29.4051076057129,30.703436466316,79.2849504191547,59.8655712513763,47.573074018007
"C34C12.8",373.256575869046,338.703276495434,352.560149768387,322.941139512167,249.965016803992,294.587112188428
"C34D1.4",39.7658337487604,32.6723417841255,27.527218900835,15.4702342281278,23.1060099566715,16.4676025446947
"zip-5",59.6487506231405,43.563122378834,42.3495675397462,42.5431441273513,43.061200373797,67.7001437948561
"C34E7.4",105.740967013749,119.798586541793,113.285093168821,194.344817490855,199.551904171254,173.824693527333
"C34F6.1",0.903768948835463,2.1781561189417,3.17621756548096,54.1458197984471,36.7595612947047,32.9352050893894
"C34F6.7",19.8829168743802,27.2269514867712,23.2922621468604,22.2384617029336,19.9551904171254,18.2973361607719
"idh-2",140.084187069497,151.381850266448,151.399703954592,164.371238673857,179.596713754129,190.292296072028
"C34F6.9",65.0713643161533,71.8791519250761,61.4068729326319,25.1391306207076,47.2622930931918,48.4879408260456
"C34F6.10",75.9165917021789,84.9480886387262,64.5830904981129,81.2187296976707,109.228410704265,90.571813995821
"C35A5.3",117.48996334861,123.065820720206,124.931224242251,111.192308514668,119.731142502753,108.869150156593
"C35A5.6",83.1467432928626,79.502698341372,84.6991350794923,86.0531778939606,84.0218543878965,74.1042114511263
"C35A5.8",367.833962176033,355.039447387497,338.796540317969,259.12642332114,280.422939019605,263.481640715116
"selt-1.1",130.142728632307,155.738162504331,147.164747200618,144.06655624944,128.133327941542,161.931425022831
"trpp-9",22.5942237208866,17.4252489515336,20.1160445813794,12.5695653103538,23.1060099566715,21.9568033929263
"C35C5.8",12.6527652836965,14.158014773121,10.5873918849365,23.2053513421916,32.5584685753099,26.5311374331193
"C35C5.10",20.7866858232156,7.62354641629595,14.8223486389112,24.1722409814496,18.9049172372767,16.4676025446947
"cyp-25A2",65.0713643161533,78.4136202819012,74.1117431945558,44.4769234058673,46.2120199133431,50.3176744421228
"C36A4.4",43.3809095441022,52.2757468546008,41.2908283512525,67.6822747480589,53.563932172284,61.2960761385859
"cyp-25A4",15.3640721302029,22.8706392488878,17.9985662043921,19.3377927851597,15.7540976977306,9.14866808038596
"acs-19",736.571693300902,785.225280878482,809.935479197645,678.756526759105,705.783576858331,726.404245582645
"rpb-3",90.3768948835463,90.3934789360805,84.6991350794923,79.2849504191547,81.9213080281991,91.4866808038596
"prp-4",55.1299058789632,52.2757468546008,52.9369594246827,36.7418062918034,57.7650248916789,35.6798055135052
"dhfr-1",48.803523237115,45.7412784977757,44.4670459167335,46.4107026843833,64.0666639707711,50.3176744421228
"gls-1",64.1675953673179,49.0085126761882,61.4068729326319,43.5100337666093,66.1672103304685,64.9555433707403
"C36B1.9",139.180418120661,125.243976839148,138.694833692669,134.39765985686,148.088518358668,133.570553973635
"imp-1",114.778656502104,123.065820720206,116.461310734302,95.7220742865405,101.876498445325,118.932685045017
"C36E8.1",140.987956018332,91.4825569955513,124.931224242251,101.523412122088,101.876498445325,88.7420803797438
"glb-11",89.4731259347108,88.2153228171388,58.230655367151,119.89431526799,102.926771625173,73.1893446430877
"pxd-1",68.6864401114952,64.2556055087801,63.5243513096192,102.490301761346,86.1224007475939,87.8272135717052
"C36E8.4",23.497992669722,19.6034050704753,31.7621756548096,37.7086959310614,42.0109271939483,48.4879408260456
"irx-1",39.7658337487604,59.8992932708967,49.7607418592017,45.4438130451253,38.8601076544021,42.0838731697754
"best-8",17.1716100278738,11.9798586541793,20.1160445813794,18.3709031459017,11.5530049783358,16.4676025446947
"fipr-22",46.0922163906086,18.5143270110044,26.4684797123413,52.2120405199312,26.2568294962177,21.0419365848877
"C37A5.7",26.2092995162284,20.6924831299461,21.1747837698731,21.2715720636757,15.7540976977306,22.8716702009649
"fipr-24",4.51884474417731,3.26723417841255,3.17621756548096,1.93377927851597,0,4.57433404019298
"idhb-1",344.335969506311,346.32682291173,391.733499742652,374.18629039284,370.746432486593,358.62778875113
"tag-297",1.80753789767093,0,1.05873918849365,61.880936912511,43.061200373797,36.5946723215438
"slc-17.2",126.527652836965,101.284259530789,119.637528299783,121.828094546506,105.027317984871,131.740820357558
"tag-325",59.6487506231405,79.502698341372,61.4068729326319,79.2849504191547,65.1169371506198,73.1893446430877
"C38D4.9",25.305530567393,23.9597173083587,26.4684797123413,28.0397995384816,28.3573758559151,18.2973361607719
"tbc-8",47.8997542882795,40.2958882004214,30.703436466316,43.5100337666093,57.7650248916789,28.3608710491965
"C38H2.2",35.246989004583,23.9597173083587,33.8796540317969,42.5431441273513,35.709288114856,41.1690063617368
"lgc-41",46.0922163906086,35.939575962538,24.351001335354,34.8080270132875,25.206556316369,23.7865370090035
"scl-5",46.9959853394441,56.6320590924842,47.6432634822144,80.2518400584127,92.4240398266862,60.3812093305473
"scl-6",55.1299058789632,52.2757468546008,57.1719161786573,38.6755855703194,35.709288114856,48.4879408260456
"C39E9.7",75.9165917021789,77.3245422224303,80.4641783255177,73.4836125836068,70.3683030498633,56.7217420983929
"C39E9.8",280.168374138993,304.941856651838,275.27218900835,320.040470594393,270.970480400966,238.780236898074
"spin-2",30.7281442604057,34.8504979030672,32.8209148433033,41.5762544880933,50.4131126327379,42.0838731697754
"C39E9.11",69.5902090603306,66.4337616277218,69.8767864405811,60.914047273253,63.0163907909224,57.6366089064315
"C39E9.12",40.6696026975958,43.563122378834,48.7020026707081,55.1127094377051,44.1114735536457,58.5514757144701
"ttr-5",130.142728632307,162.272630861157,149.282225577605,147.934114806472,113.42950342366,122.592152277172
"ufc-1",67.7826711626597,64.2556055087801,63.5243513096192,84.1193986154447,72.4688494095607,89.6569471877824
"C40H1.7",70.4939780091661,54.4539029735425,55.05443780167,53.1789301591892,74.5693957692582,73.1893446430877
"C40H1.8",177.138713971751,231.973626667291,196.92548905982,65.748495469543,95.5748593662323,79.5934122993578
"lron-4",27.1130684650639,11.9798586541793,17.9985662043921,29.9735788169975,33.6087417551586,20.1270697768491
"ctns-1",30.7281442604057,19.6034050704753,21.1747837698731,27.0729098992236,19.9551904171254,22.8716702009649
"cdc-48.2",641.675953673179,571.765981222196,647.948383358116,588.835790308113,571.348609837696,548.005218015119
"vps-50",14.4603031813674,15.2470928325919,16.9398270158985,13.5364549496118,10.5027317984871,8.23380127234736
"athp-1",45.1884474417731,45.7412784977757,52.9369594246827,22.2384617029336,30.4579222156125,27.4460042411579
"com-1",8.13392053951917,13.0689367136502,8.46991350794923,6.76822747480589,10.5027317984871,12.8081353125403
"C44C10.9",85.858050139369,79.502698341372,84.6991350794923,104.424081039862,106.077591164719,132.655687165596
"C44F1.1",27.1130684650639,39.2068101409506,38.1146107857715,29.9735788169975,32.5584685753099,35.6798055135052
"C44H4.4",73.2052848556725,67.5228396871927,66.7005688751002,45.4438130451253,50.4131126327379,62.2109429466245
"C44H9.5",140.084187069497,125.243976839148,111.167614791834,146.967225167214,132.334420660937,103.379949308361
"C44H9.6",44.2846784929377,59.8992932708967,46.5845242937208,23.2053513421916,35.709288114856,43.9136067858526
"aspm-1",69.5902090603306,72.9682299845469,94.2277877759352,83.1525089761867,88.2229471072913,89.6569471877824
"C46C2.2",509.725687143201,588.102152114259,538.89824694327,454.438130451253,476.824023651313,498.602410381035
"gsr-1",566.663130919835,534.737327200187,583.365292860003,700.994988462039,633.31472744877,589.174224376856
"madf-8",18.0753789767093,17.4252489515336,7.41117431945558,17.4040135066437,11.5530049783358,16.4676025446947
"C46F11.4",52.4185990324568,64.2556055087801,63.5243513096192,48.3444819628992,46.2120199133431,53.0622748662386
"C46F11.5",30.7281442604057,25.0487953678295,27.527218900835,26.1060202599656,34.6590149350073,35.6798055135052
"C46F11.6",16.2678410790383,22.8706392488878,13.7636094504175,29.9735788169975,29.4076490357638,23.7865370090035
"ent-4",87.6655880370399,113.264118184968,92.1103093989479,92.8214053687665,91.3737666468375,99.7204820762069
"ddo-1",18.9791479255447,19.6034050704753,26.4684797123413,35.7749166525454,31.5081953954612,35.6798055135052
"C47B2.2",61.4562885208115,70.7900738656052,66.7005688751002,58.0133783554791,65.1169371506198,69.5298774109333
"gale-1",379.582958510894,416.027818717864,451.022894298296,278.4642161063,379.148617925383,362.287255983284
"C47B2.9",34.3432200557476,41.3849662598923,53.9956986131763,35.7749166525454,33.6087417551586,39.3392727456596
"C47D12.2",44.2846784929377,50.0975907356591,42.3495675397462,51.2451508806732,66.1672103304685,52.1474080582
"xpf-1",37.9582958510894,39.2068101409506,29.6446972778223,11.6026756710958,10.5027317984871,24.7014038170421
"C47E8.3",21.6904547720511,16.3361708920627,21.1747837698731,15.4702342281278,10.5027317984871,19.2122029688105
"C47E8.4",138.276649171826,106.729649828143,93.1690485874415,137.298328774634,151.239337898214,128.081353125403
"C47E12.2",72.301515906837,77.3245422224303,70.9355256290748,42.5431441273513,48.3125662730405,58.5514757144701
"C47E12.3",26.2092995162284,44.6522004383048,32.8209148433033,40.6093648488354,35.709288114856,32.9352050893894
"pyp-1",727.534003812548,656.714069860922,655.359557677572,717.432112329425,667.973742383777,714.510977078143
"rrp-1",212.385702976334,186.232348169515,190.573053928858,169.205686870147,173.295074675037,173.824693527333
"C47G2.3",81.3392053951917,81.6808544603137,85.757874267986,71.5498333050909,52.5136589924353,66.7852769868175
"C47G2.4",30.7281442604057,28.3160295462421,30.703436466316,26.1060202599656,26.2568294962177,21.0419365848877
"saps-1",96.7032775253945,81.6808544603137,98.4627445299098,87.0200675332186,86.1224007475939,105.209682924439
"acox-1.5",164.485948688054,227.617314429408,244.568752542034,148.90100444573,232.110372746564,205.845031808684
"C48B4.9",2.71130684650639,0,4.23495675397461,1.93377927851597,3.15081953954612,0.914866808038596
"rin-1",78.6278985486853,59.8992932708967,87.8753526449733,69.6160540265749,110.278683884114,71.3596110270105
"C49A1.10",155.4482591997,159.005396682744,136.577355315681,149.867894084988,141.786879279575,139.059754821867
"C49C3.4",1093.56042809091,1121.75040125497,1068.2678411901,1339.14215037231,1311.79120163103,1272.57972998169
"ceh-88",20.7866858232156,25.0487953678295,21.1747837698731,33.8411373740295,22.0557367768228,28.3608710491965
"C49C3.6",27.1130684650639,23.9597173083587,15.8810878274048,35.7749166525454,27.3071026760664,34.7649387054666
"C49C3.7",9.94145843719009,23.9597173083587,12.7048702619238,18.3709031459017,18.9049172372767,18.2973361607719
"C49C3.9",112.971118604433,137.223835493327,137.636094504175,100.55652248283,97.6754057259297,143.63408886206
"C49C3.10",27.1130684650639,42.4740443193631,31.7621756548096,31.9073580955135,28.3573758559151,43.9136067858526
"clec-198",19.8829168743802,29.4051076057129,24.351001335354,18.3709031459017,31.5081953954612,25.6162706250807
"sams-1",1452.35670077859,1368.97112075486,1341.42255182146,1846.75921098275,1917.79882640374,2290.82648732864
"set-6",43.3809095441022,23.9597173083587,25.4097405238477,27.0729098992236,31.5081953954612,23.7865370090035
"C49F5.7",24.4017616185575,35.939575962538,41.2908283512525,54.1458197984471,56.7147517118302,57.6366089064315
"C49F8.1",16.2678410790383,29.4051076057129,12.7048702619238,28.0397995384816,26.2568294962177,28.3608710491965
"gem-1",10.8452273860256,19.6034050704753,10.5873918849365,10.6357860318378,15.7540976977306,12.8081353125403
"C49F8.3",87.6655880370399,86.0371666981971,100.580222906897,98.6227432043144,98.7256789057784,94.2312812279754
"nasp-2",79.5316674975207,70.7900738656052,78.3466999485304,72.5167229443488,85.0721275677452,79.5934122993578
"C50B6.3",15.3640721302029,16.3361708920627,17.9985662043921,27.0729098992236,31.5081953954612,19.2122029688105
"C50B6.7",29.8243753115703,33.7614198435963,19.0573053928858,20.3046824244177,30.4579222156125,15.5527357366561
"nhr-168",9.94145843719009,13.0689367136502,17.9985662043921,23.2053513421916,21.0054635969741,15.5527357366561
"slrp-1",96.7032775253945,71.8791519250761,73.0530040060621,123.761873825022,114.479776603509,134.485420781674
"nuaf-1",46.0922163906086,45.7412784977757,57.1719161786573,57.0464887162211,56.7147517118302,64.0406765627017
"C50B8.4",31.6319132092412,33.7614198435963,16.9398270158985,46.4107026843833,33.6087417551586,38.424405937621
"C50B8.5",21.6904547720511,16.3361708920627,23.2922621468604,29.9735788169975,30.4579222156125,31.1054714733123
"C50B8.6",49.7072921859505,39.2068101409506,38.1146107857715,40.6093648488354,27.3071026760664,31.1054714733123
"C50F4.1",216.904547720511,241.775329202529,211.747837698731,176.940803984211,176.445894214583,204.015298192607
"C50F4.8",32.5356821580767,13.0689367136502,27.527218900835,29.9735788169975,33.6087417551586,38.424405937621
"C50F4.9",18.9791479255447,14.158014773121,9.52865269644288,18.3709031459017,19.9551904171254,21.0419365848877
"C50F4.12",25.305530567393,16.3361708920627,16.9398270158985,8.70200675332186,13.6535513380332,21.9568033929263
"nstp-10",103.933429116078,108.907805947085,95.2865269644288,112.159198153926,114.479776603509,110.69888377267
"C50F4.16",69.5902090603306,52.2757468546008,52.9369594246827,47.3775923236412,52.5136589924353,49.4028076340842
"fshr-1",87.6655880370399,79.502698341372,64.5830904981129,89.9207364509926,57.7650248916789,86.9123467636666
"C50H2.13",18.9791479255447,16.3361708920627,27.527218900835,21.2715720636757,17.854644057428,18.2973361607719
"C51E3.6",32.5356821580767,47.9194346167174,38.1146107857715,32.8742477347715,37.8098344745534,41.1690063617368
"C51E3.9",216.000778771676,231.973626667291,225.511447149148,191.444148573081,183.797806473524,199.440964152414
"C51E3.10",10.8452273860256,13.0689367136502,5.29369594246827,6.76822747480589,5.25136589924353,4.57433404019298
"mans-2",175.33117607408,206.924831299461,196.92548905982,160.503680116825,129.183601121391,166.505759063024
"ril-1",424.771405952668,382.266398874268,405.497109193069,396.424752095774,384.399983824627,438.221201050487
"C53A5.6",23.497992669722,13.0689367136502,13.7636094504175,21.2715720636757,13.6535513380332,17.3824693527333
"C53A5.13",37.054526902254,34.8504979030672,37.0558715972779,67.6822747480589,66.1672103304685,68.6150106028947
"C53B4.3",116.586194399775,133.956601314914,134.459876938694,118.927425628732,118.680869322904,97.8907484601298
"C53B4.4",104.837198064914,67.5228396871927,77.2879607600367,99.5896328435724,118.680869322904,92.4015476118982
"C53D6.4",37.054526902254,34.8504979030672,41.2908283512525,46.4107026843833,42.0109271939483,41.1690063617368
"C53D6.6",21.6904547720511,21.781561189417,20.1160445813794,29.0066891777395,19.9551904171254,17.3824693527333
"C53D6.7",65.9751332649888,68.6119177466635,81.5229175140113,84.1193986154447,79.8207616685017,85.0826131475894
"C54C6.6",29.8243753115703,21.781561189417,32.8209148433033,22.2384617029336,32.5584685753099,22.8716702009649
"cdr-2",272.93822254831,299.496466354484,258.332361992452,165.338128313115,225.808733667472,209.504499040838
"C54D10.3",84.050512241698,71.8791519250761,75.1704823830494,112.159198153926,72.4688494095607,118.932685045017
"C54D10.5",34.3432200557476,39.2068101409506,23.2922621468604,21.2715720636757,34.6590149350073,24.7014038170421
"C54D10.10",1.80753789767093,10.8907805947085,10.5873918849365,4.83444819628992,10.5027317984871,2.74460042411579
"ncs-5",15.3640721302029,22.8706392488878,31.7621756548096,33.8411373740295,18.9049172372767,15.5527357366561
"C54E10.6",18.0753789767093,20.6924831299461,11.6461310734302,26.1060202599656,26.2568294962177,22.8716702009649
"rskn-2",174.427407125244,116.531352363381,129.166180996226,151.801673363504,140.736606099727,114.358351004824
"dod-18",50.6110611347859,66.4337616277218,47.6432634822144,40.6093648488354,36.7595612947047,39.3392727456596
"C54G4.7",82.2429743440271,65.344683568251,83.6403958909986,121.828094546506,131.284147481088,109.784016964632
"C54G4.9",15.3640721302029,9.80170253523765,21.1747837698731,13.5364549496118,19.9551904171254,17.3824693527333
"C55A1.6",19.8829168743802,10.8907805947085,19.0573053928858,8.70200675332186,17.854644057428,19.2122029688105
"C55A6.1",36.1507579534185,31.5832637246546,46.5845242937208,19.3377927851597,23.1060099566715,21.9568033929263
"ttll-5",172.619869227573,223.261002191524,195.866749871326,105.39097067912,117.630596143055,139.059754821867
"C55A6.3",28.9206063627348,23.9597173083587,27.527218900835,32.8742477347715,30.4579222156125,23.7865370090035
"C55A6.4",16.2678410790383,29.4051076057129,19.0573053928858,41.5762544880933,35.709288114856,34.7649387054666
"sdz-8",35.246989004583,37.0286540220089,44.4670459167335,17.4040135066437,13.6535513380332,14.6378689286175
"C55A6.6",28.9206063627348,22.8706392488878,26.4684797123413,23.2053513421916,19.9551904171254,19.2122029688105
"C55A6.7",54.2261369301278,47.9194346167174,63.5243513096192,57.0464887162211,45.1617467334944,49.4028076340842
"pafo-1",93.0882017300527,112.175040125497,93.1690485874415,89.9207364509926,96.625132546081,103.379949308361
"C55A6.10",25.305530567393,23.9597173083587,19.0573053928858,20.3046824244177,29.4076490357638,21.0419365848877
"ttr-44",159.063334995041,132.867523255444,139.753572881162,223.351506668594,144.937698819121,141.804355245982
"frpr-5",33.4394511069121,29.4051076057129,24.351001335354,30.9404684562555,22.0557367768228,26.5311374331193
"C56A3.4",32.5356821580767,40.2958882004214,37.0558715972779,42.5431441273513,38.8601076544021,49.4028076340842
"C56A3.5",87.6655880370399,95.8388692334347,96.3452661529225,81.2187296976707,77.7202153088043,68.6150106028947
"C56A3.6",34.3432200557476,27.2269514867712,26.4684797123413,40.6093648488354,27.3071026760664,23.7865370090035
"C56G7.3",18.9791479255447,20.6924831299461,19.0573053928858,21.2715720636757,22.0557367768228,21.9568033929263
"fbxa-6",16.2678410790383,17.4252489515336,21.1747837698731,15.4702342281278,12.6032781581845,14.6378689286175
"D1025.1",14.4603031813674,13.0689367136502,16.9398270158985,16.4371238673857,21.0054635969741,16.4676025446947
"gcsh-1",78.6278985486853,75.1463861034886,73.0530040060621,84.1193986154447,92.4240398266862,101.550215692284
"nspc-20",46.0922163906086,70.7900738656052,60.3481337441383,74.4505022228648,58.8152980715276,71.3596110270105
"D1043.1",36.1507579534185,54.4539029735425,52.9369594246827,34.8080270132875,36.7595612947047,24.7014038170421
"cfim-2",103.933429116078,87.1262447576679,97.4040053414162,96.6889639257985,99.7759520856271,96.9758816520912
"D1046.2",25.305530567393,23.9597173083587,12.7048702619238,18.3709031459017,25.206556316369,24.7014038170421
"slc-25A26",26.2092995162284,13.0689367136502,25.4097405238477,18.3709031459017,11.5530049783358,16.4676025446947
"tpra-1",69.5902090603306,59.8992932708967,58.230655367151,102.490301761346,107.127864344568,73.1893446430877
"D1053.3",34.3432200557476,43.563122378834,42.3495675397462,23.2053513421916,28.3573758559151,28.3608710491965
"D1053.4",11.748996334861,13.0689367136502,22.2335229583667,23.2053513421916,21.0054635969741,15.5527357366561
"D1054.1",14.4603031813674,10.8907805947085,10.5873918849365,7.73511711406388,9.45245861863836,12.8081353125403
"D1054.3",74.109053804508,91.4825569955513,81.5229175140113,60.914047273253,47.2622930931918,55.8068752903543
"D1054.5",8.13392053951917,19.6034050704753,24.351001335354,20.3046824244177,16.8043708775793,17.3824693527333
"D1054.8",65.9751332649888,76.2354641629595,63.5243513096192,57.0464887162211,60.915844431225,58.5514757144701
"D1054.9",2.71130684650639,4.3563122378834,1.05873918849365,30.9404684562555,18.9049172372767,16.4676025446947
"prp-38",56.9374437766342,62.0774493898384,56.1131769901637,57.0464887162211,45.1617467334944,55.8068752903543
"D1081.7",17.1716100278738,15.2470928325919,16.9398270158985,14.5033445888698,17.854644057428,14.6378689286175
"cdc-5L",212.385702976334,174.252489515336,187.396836363377,155.669231920536,172.244801495188,162.84629183087
"D1086.5",74.109053804508,114.353196244439,73.0530040060621,156.636121559794,130.23387430124,98.8056152681684
"D1086.8",59.6487506231405,74.0573080440178,60.3481337441383,64.781605830285,65.1169371506198,72.2744778350491
"D2005.3",107.54850491142,100.195181471318,86.8166134564796,178.874583262727,130.23387430124,133.570553973635
"drh-3",85.858050139369,89.3044008766096,78.3466999485304,119.89431526799,105.027317984871,126.251619509326
"wdfy-2",68.6864401114952,80.5917764008429,80.4641783255177,76.3842815013808,69.3180298700146,62.2109429466245
"D2013.6",76.8203606510143,98.0170253523765,74.1117431945558,90.8876260902505,90.3234934669888,85.0826131475894
"ttll-12",279.264605190158,209.102987418403,199.042967436807,290.066891777395,262.568294962177,263.481640715116
"D2023.3",21.6904547720511,20.6924831299461,33.8796540317969,26.1060202599656,22.0557367768228,27.4460042411579
"D2023.4",158.159566046206,159.005396682744,149.282225577605,154.702342281278,121.83168886245,123.50701908521
"mpst-1",233.172388799549,174.252489515336,170.457009347478,206.914382801209,187.998899192918,193.036896496144
"D2023.6",53.3223679812923,66.4337616277218,64.5830904981129,55.1127094377051,55.6644785319814,42.0838731697754
"mans-1",59.6487506231405,52.2757468546008,66.7005688751002,50.2782612414152,57.7650248916789,58.5514757144701
"D2030.2",338.009586864463,338.703276495434,254.097405238477,592.703348865145,583.951887995881,494.028076340842
"D2030.3",123.816345990458,84.9480886387262,118.578789111289,59.947157633995,63.0163907909224,58.5514757144701
"D2030.4",215.09700982284,252.666109797237,190.573053928858,233.020403061174,201.652450530952,254.33297263473
"mce-1",134.661573376484,130.689367136502,135.518616127188,125.695653103538,120.781415682601,109.784016964632
"D2030.8",18.9791479255447,20.6924831299461,23.2922621468604,13.5364549496118,16.8043708775793,15.5527357366561
"wdr-23",167.197255534561,186.232348169515,176.80944447844,185.642810737533,199.551904171254,178.399027567526
"D2030.11",23.497992669722,15.2470928325919,17.9985662043921,18.3709031459017,12.6032781581845,21.0419365848877
"D2045.2",112.067349655597,116.531352363381,112.226353980327,113.126087793184,108.178137524417,117.10295142894
"D2045.8",31.6319132092412,16.3361708920627,17.9985662043921,26.1060202599656,30.4579222156125,27.4460042411579
"D2045.9",62.3600574696469,54.4539029735425,55.05443780167,61.880936912511,42.0109271939483,49.4028076340842
"eif-2Bepsilon",176.234945022915,153.56000638539,142.929790446643,177.907693623469,169.093981955642,162.84629183087
"etc-1",90.3768948835463,80.5917764008429,83.6403958909986,94.7551846472825,81.9213080281991,67.7001437948561
"hgap-2",197.021630846131,180.786957872161,160.928356651035,163.404349034599,182.747533293675,152.782756942446
"D2085.7",21.6904547720511,18.5143270110044,20.1160445813794,20.3046824244177,21.0054635969741,11.8932685045017
"glna-2",43.3809095441022,42.4740443193631,44.4670459167335,56.0795990769631,44.1114735536457,50.3176744421228
"DH11.2",140.987956018332,125.243976839148,133.4011377502,262.027092238914,198.501630991406,162.84629183087
"DH11.5",135.565342325319,117.620430422852,121.75500667677,90.8876260902505,141.786879279575,139.059754821867
"mfb-1",44.2846784929377,37.0286540220089,28.5859580893287,61.880936912511,59.8655712513763,45.7433404019298
"usp-50",33.4394511069121,51.1866687951299,57.1719161786573,38.6755855703194,39.9103808342508,36.5946723215438
"E01B7.2",33.4394511069121,37.0286540220089,31.7621756548096,36.7418062918034,28.3573758559151,34.7649387054666
"pde-3",108.452273860256,92.5716350550222,138.694833692669,89.9207364509926,143.887425639273,117.10295142894
"tbc-14",237.691233543727,280.982139343479,264.684797123413,344.212711575843,266.769387681571,284.523577300003
"E01G4.3",247.632691980917,222.171924132053,204.336663379275,273.62976791001,256.266655883084,301.906046652737
"E01G6.1",4.51884474417731,0,1.05873918849365,58.0133783554791,45.1617467334944,23.7865370090035
"E01G6.2",37.054526902254,30.4941856651838,28.5859580893287,34.8080270132875,37.8098344745534,33.850071897428
"E01G6.3",25.305530567393,26.1378734273004,29.6446972778223,31.9073580955135,29.4076490357638,27.4460042411579
"mrps-5",170.812331329902,166.62894309904,183.161879609402,161.470569756083,134.434967020634,140.889488437944
"E02A10.3",28.0168374138993,40.2958882004214,43.4083067282398,27.0729098992236,35.709288114856,31.1054714733123
"E02H1.1",65.0713643161533,54.4539029735425,80.4641783255177,41.5762544880933,53.563932172284,48.4879408260456
"eral-1",48.803523237115,47.9194346167174,50.8194810476954,38.6755855703194,39.9103808342508,42.998739977814
"E02H1.5",21.6904547720511,18.5143270110044,22.2335229583667,22.2384617029336,22.0557367768228,24.7014038170421
"E02H1.6",94.8957396277236,81.6808544603137,89.9928310219606,89.9207364509926,84.0218543878965,82.3380127234736
"mrpl-53",58.7449816743051,51.1866687951299,51.878220236189,38.6755855703194,44.1114735536457,61.2960761385859
"E02H4.4",35.246989004583,20.6924831299461,22.2335229583667,30.9404684562555,27.3071026760664,29.2757378572351
"E03H4.8",17.1716100278738,17.4252489515336,15.8810878274048,10.6357860318378,13.6535513380332,11.8932685045017
"clec-17",96.7032775253945,120.887664601264,110.10887560334,65.748495469543,84.0218543878965,84.1677463395508
"eif-2A",160.870872892712,117.620430422852,124.931224242251,44.4769234058673,81.9213080281991,83.2528795315122
"E04D5.2",10.8452273860256,14.158014773121,23.2922621468604,5.80133783554791,23.1060099566715,10.9784016964632
"ugt-44",216.000778771676,130.689367136502,140.812312069656,181.775252180501,170.14425513549,225.057234777495
"F01D4.8",103.029660167243,140.49106967174,111.167614791834,60.914047273253,85.0721275677452,75.9339450672035
"F01D5.1",136.469111274155,153.56000638539,163.045835028023,141.165887331666,156.490703797457,160.101691406754
"F01D5.2",6.32638264184824,7.62354641629595,4.23495675397461,2.90066891777395,5.25136589924353,5.48920084823158
"F01D5.3",35.246989004583,32.6723417841255,31.7621756548096,27.0729098992236,11.5530049783358,17.3824693527333
"F01D5.5",54.2261369301278,62.0774493898384,70.9355256290748,103.457191400604,80.8710348483504,93.3164144199368
"F01D5.8",3.61507579534185,1.08907805947085,4.23495675397461,1.93377927851597,4.20109271939483,5.48920084823158
"cyp-37A1",79.5316674975207,104.551493709202,95.2865269644288,80.2518400584127,89.27322028714,88.7420803797438
"skih-2",169.004793432232,135.045679374385,147.164747200618,160.503680116825,160.691796516852,150.953023326368
"F01G4.4",11.748996334861,8.71262447576679,4.23495675397461,21.2715720636757,22.0557367768228,22.8716702009649
"F01G4.5",45.1884474417731,43.563122378834,30.703436466316,48.3444819628992,37.8098344745534,39.3392727456596
"F01G4.6",866.714421933209,805.917764008429,932.749225062909,837.326427597415,908.486300569131,888.335670605477
"tkt-1",2204.29246620969,2061.62476657832,2194.76633774734,2123.28964781053,1855.83270879266,2217.63714268556
"F01G10.6",24.4017616185575,16.3361708920627,13.7636094504175,27.0729098992236,33.6087417551586,28.3608710491965
"lipl-7",91.2806638323817,83.8590105792554,81.5229175140113,80.2518400584127,74.5693957692582,74.1042114511263
"mrpl-44",163.582179739219,108.907805947085,151.399703954592,147.934114806472,124.982508401996,129.911086741481
"F02C12.1",42.4771405952668,38.1177320814797,28.5859580893287,29.9735788169975,28.3573758559151,42.998739977814
"cyp-13B1",35.246989004583,18.5143270110044,20.1160445813794,58.9802679947371,40.9606540140996,36.5946723215438
"F02D8.4",29.8243753115703,33.7614198435963,30.703436466316,49.3113716021572,53.563932172284,47.573074018007
"F02E9.1",59.6487506231405,67.5228396871927,68.8180472520875,71.5498333050909,58.8152980715276,77.7636786832806
"F02E9.5",48.803523237115,38.1177320814797,37.0558715972779,95.7220742865405,70.3683030498633,52.1474080582
"F02E9.7",28.9206063627348,21.781561189417,28.5859580893287,25.1391306207076,36.7595612947047,19.2122029688105
"dpt-1",192.502786101954,196.034050704753,185.279357986389,175.973914344953,205.853543250346,226.886968393572
"F02E9.10",75.9165917021789,77.3245422224303,63.5243513096192,62.847826551769,49.3628394528892,64.0406765627017
"scav-6",44.2846784929377,38.1177320814797,50.8194810476954,35.7749166525454,34.6590149350073,37.5095391295824
"F07A5.4",14.4603031813674,23.9597173083587,15.8810878274048,19.3377927851597,17.854644057428,15.5527357366561
"gfat-1",77.7241295998498,59.8992932708967,51.878220236189,57.0464887162211,78.770488488653,76.848811875242
"F07A11.4",90.3768948835463,94.7497911739639,105.873918849365,55.1127094377051,79.8207616685017,75.0190782591649
"F07A11.5",89.4731259347108,72.9682299845469,59.2893945556446,54.1458197984471,65.1169371506198,65.8704101787789
"din-1",188.887710306612,160.094474742215,215.982794452705,173.073245427179,248.914743624143,225.057234777495
"F07C6.3",70.4939780091661,81.6808544603137,75.1704823830494,113.126087793184,91.3737666468375,106.124549732477
"F07C6.4",103.029660167243,98.0170253523765,120.696267488277,94.7551846472825,133.384693840786,123.50701908521
"pho-13",56.0336748277987,67.5228396871927,81.5229175140113,83.1525089761867,61.9661176110737,72.2744778350491
"acox-1.1",214.193240874005,188.410504288457,193.749271494339,153.73545264202,171.194528315339,181.143627991642
"acox-1.2",85.858050139369,52.2757468546008,35.9971324087842,106.357860318378,90.3234934669888,87.8272135717052
"acox-1.4",60.552519571976,53.3648249140716,55.05443780167,58.0133783554791,33.6087417551586,34.7649387054666
"kcnl-2",75.0128227533434,53.3648249140716,65.6418296866065,57.0464887162211,71.418576229712,55.8068752903543
"prmn-1",36.1507579534185,26.1378734273004,32.8209148433033,55.1127094377051,52.5136589924353,47.573074018007
"F08B12.4",139.180418120661,162.272630861157,146.106008012124,230.1197341434,182.747533293675,165.590892254986
"scl-24",72.301515906837,60.9883713303676,59.2893945556446,30.9404684562555,19.9551904171254,20.1270697768491
"F08G2.4",33.4394511069121,33.7614198435963,41.2908283512525,31.9073580955135,45.1617467334944,45.7433404019298
"F08G2.5",28.9206063627348,21.781561189417,27.527218900835,2.90066891777395,0,2.74460042411579
"F08G2.7",7.2301515906837,10.8907805947085,20.1160445813794,7.73511711406388,12.6032781581845,12.8081353125403
"F08G2.8",17.1716100278738,18.5143270110044,20.1160445813794,12.5695653103538,29.4076490357638,14.6378689286175
"F08G5.3",89.4731259347108,100.195181471318,92.1103093989479,116.993646350216,130.23387430124,116.188084620902
"ugt-65",101.222122269572,92.5716350550222,99.5214837184035,104.424081039862,80.8710348483504,90.571813995821
"irg-4",1389.99664330894,1508.37311236713,1461.06008012124,572.398666440727,560.845878039209,528.793015046308
"F08G12.1",27.1130684650639,22.8706392488878,32.8209148433033,29.9735788169975,42.0109271939483,29.2757378572351
"snrp-40.1",57.8412127254696,49.0085126761882,59.2893945556446,46.4107026843833,45.1617467334944,51.2325412501614
"nlp-57",6.32638264184824,16.3361708920627,13.7636094504175,13.5364549496118,8.40218543878965,10.0635348884246
"F08H9.3",16.2678410790383,15.2470928325919,11.6461310734302,21.2715720636757,11.5530049783358,18.2973361607719
"clec-227",17.1716100278738,17.4252489515336,22.2335229583667,12.5695653103538,11.5530049783358,12.8081353125403
"clec-57",150.025645506687,167.718021158511,166.222052593504,131.496990939086,100.826225265476,116.188084620902
"clec-56",187.983941357776,129.600289077031,154.575921520073,146.000335527956,117.630596143055,133.570553973635
"clec-54",23.497992669722,30.4941856651838,32.8209148433033,50.2782612414152,45.1617467334944,39.3392727456596
"F09A5.2",45.1884474417731,30.4941856651838,39.1733499742652,32.8742477347715,32.5584685753099,23.7865370090035
"mob-2",46.0922163906086,53.3648249140716,64.5830904981129,41.5762544880933,50.4131126327379,37.5095391295824
"oac-14",124.720114939294,137.223835493327,98.4627445299098,268.79531971372,221.607640948077,213.163966272993
"F09B9.4",134.661573376484,125.243976839148,121.75500667677,141.165887331666,131.284147481088,119.847551853056
"mlt-9",24.4017616185575,15.2470928325919,27.527218900835,56.0795990769631,63.0163907909224,48.4879408260456
"dhhc-1",37.9582958510894,42.4740443193631,56.1131769901637,43.5100337666093,43.061200373797,40.2541395536982
"F09B12.3",784.471447589182,694.831801942402,729.471300872127,679.723416398363,635.415273808467,732.808313238915
"F09C3.2",152.736952353193,127.422132958089,143.988529635137,213.682610276015,181.697260113826,167.420625871063
"fbxa-44",30.7281442604057,35.939575962538,16.9398270158985,31.9073580955135,22.0557367768228,33.850071897428
"F09C8.1",170.812331329902,203.657597121049,191.631793117351,142.132776970924,143.887425639273,131.740820357558
"F09C8.2",29.8243753115703,28.3160295462421,29.6446972778223,36.7418062918034,32.5584685753099,43.9136067858526
"crld-1",50.6110611347859,55.5429810330133,64.5830904981129,53.1789301591892,40.9606540140996,55.8068752903543
"ttr-21",231.364850901878,242.864407261999,212.806576887224,252.358195846334,289.875397638243,245.184304554344
"cpt-5",37.9582958510894,20.6924831299461,21.1747837698731,58.9802679947371,44.1114735536457,34.7649387054666
"F10A3.4",50.6110611347859,53.3648249140716,44.4670459167335,65.748495469543,52.5136589924353,48.4879408260456
"F10B5.2",15.3640721302029,29.4051076057129,23.2922621468604,14.5033445888698,17.854644057428,16.4676025446947
"pch-2",23.497992669722,14.158014773121,22.2335229583667,18.3709031459017,12.6032781581845,24.7014038170421
"F10B5.8",69.5902090603306,69.7009958061344,61.4068729326319,43.5100337666093,50.4131126327379,44.8284735938912
"F10C2.3",25.305530567393,21.781561189417,25.4097405238477,24.1722409814496,22.0557367768228,21.0419365848877
"F10C2.4",98.5108154230655,95.8388692334347,86.8166134564796,81.2187296976707,97.6754057259297,91.4866808038596
"F10C2.5",60.552519571976,58.8102152114259,63.5243513096192,58.9802679947371,74.5693957692582,77.7636786832806
"F10D11.2",40.6696026975958,28.3160295462421,38.1146107857715,44.4769234058673,36.7595612947047,43.9136067858526
"F10D11.6",5.42261369301278,2.1781561189417,6.35243513096192,105.39097067912,121.83168886245,59.4663425225087
"pfas-1",77.7241295998498,81.6808544603137,82.581656702505,89.9207364509926,87.1726739274426,99.7204820762069
"lron-5",42.4771405952668,56.6320590924842,53.9956986131763,33.8411373740295,31.5081953954612,32.9352050893894
"nubp-1",133.757804427648,168.807099217982,163.045835028023,78.3180607798968,89.27322028714,99.7204820762069
"ercc-1",22.5942237208866,10.8907805947085,13.7636094504175,8.70200675332186,13.6535513380332,14.6378689286175
"F10G8.8",73.2052848556725,64.2556055087801,50.8194810476954,87.0200675332186,82.9715812080478,72.2744778350491
"F10G8.9",30.7281442604057,31.5832637246546,19.0573053928858,23.2053513421916,14.7038245178819,21.0419365848877
"acs-14",487.131463422314,466.125409453524,475.373895633651,451.537461533479,426.410911018575,421.753598505793
"eif-2Bdelta",76.8203606510143,100.195181471318,85.757874267986,76.3842815013808,78.770488488653,92.4015476118982
"F11A5.9",48.803523237115,55.5429810330133,63.5243513096192,99.5896328435724,105.027317984871,81.423145915435
"scrm-4",28.9206063627348,35.939575962538,25.4097405238477,22.2384617029336,18.9049172372767,25.6162706250807
"lex-1",153.640721302029,117.620430422852,133.4011377502,117.960535989474,144.937698819121,122.592152277172
"repo-1",62.3600574696469,47.9194346167174,52.9369594246827,59.947157633995,55.6644785319814,54.8920084823158
"mig-32",21.6904547720511,26.1378734273004,15.8810878274048,23.2053513421916,26.2568294962177,21.0419365848877
"mon-2",120.201270195117,112.175040125497,110.10887560334,128.596322021312,117.630596143055,124.421885893249
"F11A10.5",62.3600574696469,70.7900738656052,59.2893945556446,96.6889639257985,49.3628394528892,62.2109429466245
"F11A10.6",25.305530567393,34.8504979030672,32.8209148433033,31.9073580955135,35.709288114856,34.7649387054666
"rbm-34",261.189226213449,273.358592927183,250.921187672996,203.046824244177,150.189064718365,171.994959911256
"F11C1.1",20.7866858232156,23.9597173083587,24.351001335354,30.9404684562555,33.6087417551586,33.850071897428
"mff-1",30.7281442604057,11.9798586541793,14.8223486389112,18.3709031459017,35.709288114856,25.6162706250807
"scav-4",82.2429743440271,50.0975907356591,65.6418296866065,54.1458197984471,54.6142053521327,64.0406765627017
"vwa-8",259.381688315778,233.062704726762,235.040099845591,290.066891777395,289.875397638243,284.523577300003
"gba-3",297.339984166867,266.824124570358,245.627491730528,280.397995384816,261.518021782328,257.077573058845
"F11E6.3",141.891724967168,159.005396682744,158.810878274048,202.079934604919,217.406548228682,191.207162880067
"F11E6.7",93.9919706788881,69.7009958061344,94.2277877759352,73.4836125836068,91.3737666468375,100.635348884246
"F11E6.8",11.748996334861,16.3361708920627,10.5873918849365,14.5033445888698,11.5530049783358,13.7230021205789
"F12F6.1",98.5108154230655,103.462415649731,94.2277877759352,156.636121559794,135.485240200483,121.677285469133
"F12F6.7",50.6110611347859,56.6320590924842,59.2893945556446,55.1127094377051,52.5136589924353,56.7217420983929
"F13A7.11",16.2678410790383,19.6034050704753,6.35243513096192,24.1722409814496,23.1060099566715,20.1270697768491
"F13B12.1",108.452273860256,114.353196244439,102.697701283884,91.8545157295085,103.977044805022,104.2948161164
"F13B12.6",56.9374437766342,66.4337616277218,52.9369594246827,52.2120405199312,47.2622930931918,38.424405937621
"F13D2.1",122.008808092787,109.996884006556,93.1690485874415,114.092977432442,138.636059740029,113.443484196786
"F13D12.6",1262.56522152314,1403.82161865792,1475.88242876015,1079.04883741191,970.452418180205,1229.58099000387
"F13D12.8",2.71130684650639,5.44539029735425,1.05873918849365,4.83444819628992,4.20109271939483,1.82973361607719
"F13D12.10",12.6527652836965,16.3361708920627,11.6461310734302,20.3046824244177,23.1060099566715,24.7014038170421
"F13E6.1",220.519623515853,235.240860845703,239.275056599566,340.345153018811,249.965016803992,292.757378572351
"F13E6.2",25.305530567393,26.1378734273004,14.8223486389112,20.3046824244177,17.854644057428,18.2973361607719
"yap-1",93.0882017300527,105.640571768672,88.9340918334669,77.3511711406388,115.530049783358,94.2312812279754
"plpp-1.3",119.297501246281,113.264118184968,105.873918849365,119.89431526799,103.977044805022,118.017818236979
"F13E9.1",47.8997542882795,58.8102152114259,26.4684797123413,26.1060202599656,30.4579222156125,48.4879408260456
"F13E9.11",49.7072921859505,57.721137151955,61.4068729326319,67.6822747480589,46.2120199133431,55.8068752903543
"ztf-2",15.3640721302029,21.781561189417,20.1160445813794,35.7749166525454,32.5584685753099,29.2757378572351
"dylt-1",53.3223679812923,63.1665274493093,65.6418296866065,63.814716191027,47.2622930931918,52.1474080582
"ttx-7",143.699262864839,169.896177277452,164.104574216516,124.72876346428,139.686332919878,150.953023326368
"F13G3.6",31.6319132092412,33.7614198435963,21.1747837698731,24.1722409814496,22.0557367768228,31.1054714733123
"F13G3.7",46.9959853394441,43.563122378834,50.8194810476954,42.5431441273513,47.2622930931918,53.9771416742772
"F13G3.10",84.9542811905335,113.264118184968,101.638962095391,107.324749957636,85.0721275677452,96.0610148440526
"mrpl-13",127.4314217858,101.284259530789,103.756440472378,105.39097067912,86.1224007475939,112.528617388747
"F13G3.12",20.7866858232156,20.6924831299461,17.9985662043921,23.2053513421916,19.9551904171254,20.1270697768491
"F13H10.3",123.816345990458,118.709508482323,123.872485053757,101.523412122088,108.178137524417,131.740820357558
"mogs-1",136.469111274155,140.49106967174,138.694833692669,181.775252180501,164.892889236247,149.123289710291
"F13H10.6",69.5902090603306,64.2556055087801,62.4656121211256,76.3842815013808,70.3683030498633,89.6569471877824
"hxk-1",217.808316669347,203.657597121049,200.101706625301,169.205686870147,225.808733667472,150.03815651833
"rpoa-2",678.730480575433,566.320590924842,546.309421262725,421.563882716481,405.405447421601,413.519797233445
"F14B6.2",75.9165917021789,83.8590105792554,76.2292215715431,84.1193986154447,70.3683030498633,59.4663425225087
"F14B6.6",10.8452273860256,19.6034050704753,16.9398270158985,10.6357860318378,14.7038245178819,11.8932685045017
"F14D7.6",64.1675953673179,69.7009958061344,57.1719161786573,66.7153851088009,57.7650248916789,79.5934122993578
"F14E5.2",348.854814250489,349.594057090143,344.090236260437,408.027427766869,421.159545119331,404.371129153059
"lips-10",125.623883888129,141.58014773121,116.461310734302,183.709031459017,193.250265092162,142.719222054021
"git-1",47.8997542882795,76.2354641629595,58.230655367151,52.2120405199312,51.4633858125866,49.4028076340842
"mboa-7",50.6110611347859,55.5429810330133,56.1131769901637,48.3444819628992,42.0109271939483,42.0838731697754
"cyp-13A12",45.1884474417731,31.5832637246546,41.2908283512525,17.4040135066437,15.7540976977306,11.8932685045017
"shw-1",29.8243753115703,31.5832637246546,40.2320891627588,14.5033445888698,28.3573758559151,24.7014038170421
"nlp-55",49.7072921859505,65.344683568251,53.9956986131763,73.4836125836068,67.2174835103172,53.0622748662386
"cyp-35D1",18.9791479255447,26.1378734273004,23.2922621468604,4.83444819628992,11.5530049783358,16.4676025446947
"obr-2",73.2052848556725,77.3245422224303,70.9355256290748,86.0531778939606,71.418576229712,79.5934122993578
"F15A4.5",26.2092995162284,27.2269514867712,22.2335229583667,25.1391306207076,18.9049172372767,25.6162706250807
"F15A4.6",112.067349655597,112.175040125497,114.343832357315,122.794984185764,127.083054761693,152.782756942446
"inft-2",19.8829168743802,13.0689367136502,16.9398270158985,11.6026756710958,18.9049172372767,11.8932685045017
"F15B9.6",28.9206063627348,31.5832637246546,41.2908283512525,30.9404684562555,14.7038245178819,16.4676025446947
"F15B9.8",3.61507579534185,2.1781561189417,1.05873918849365,36.7418062918034,40.9606540140996,15.5527357366561
"ubql-1",358.796272687679,352.861291268555,292.212016024248,414.795655241675,360.243700688106,361.372389175245
"F15D3.6",175.33117607408,153.56000638539,131.283659373213,262.027092238914,202.7027237108,232.376169241803
"timm-23",91.2806638323817,81.6808544603137,97.4040053414162,77.3511711406388,69.3180298700146,76.848811875242
"F15D4.2",8.13392053951917,4.3563122378834,11.6461310734302,7.73511711406388,5.25136589924353,3.65946723215438
"romo-1",94.8957396277236,136.134757433856,99.5214837184035,133.430770217602,92.4240398266862,114.358351004824
"F15D4.4",22.5942237208866,30.4941856651838,34.9383932202906,30.9404684562555,22.0557367768228,23.7865370090035
"F15G9.1",27.1130684650639,35.939575962538,32.8209148433033,29.9735788169975,26.2568294962177,40.2541395536982
"F16A11.1",98.5108154230655,84.9480886387262,70.9355256290748,127.629432382054,116.580322963206,107.039416540516
"rtcb-1",37.9582958510894,30.4941856651838,28.5859580893287,29.9735788169975,33.6087417551586,30.1906046652737
"ppfr-1",182.561327664763,153.56000638539,168.339530970491,176.940803984211,203.752996890649,197.611230536337
"F16B12.4",28.9206063627348,34.8504979030672,24.351001335354,43.5100337666093,34.6590149350073,34.7649387054666
"F16B12.6",109.356042809091,111.085962066027,121.75500667677,113.126087793184,123.932235222147,100.635348884246
"F16C3.2",12.6527652836965,9.80170253523765,14.8223486389112,45.4438130451253,49.3628394528892,28.3608710491965
"tbcd-1",80.4354364463562,69.7009958061344,69.8767864405811,67.6822747480589,76.6699421289556,73.1893446430877
"clec-42",131.046497581142,98.0170253523765,124.931224242251,200.146155326403,186.94862601307,216.823433505147
"F16H6.10",58.7449816743051,42.4740443193631,63.5243513096192,54.1458197984471,58.8152980715276,70.4447442189719
"F17C8.3",48.803523237115,41.3849662598923,44.4670459167335,42.5431441273513,51.4633858125866,43.9136067858526
"F17C11.2",55.1299058789632,65.344683568251,66.7005688751002,56.0795990769631,58.8152980715276,54.8920084823158
"F17C11.4",156.352028148535,159.005396682744,117.520049922796,174.040135066437,217.406548228682,179.313894375565
"F17C11.6",37.054526902254,21.781561189417,20.1160445813794,60.914047273253,47.2622930931918,35.6798055135052
"F17C11.7",77.7241295998498,75.1463861034886,92.1103093989479,69.6160540265749,84.0218543878965,58.5514757144701
"vps-36",154.544490250864,147.025538028565,131.283659373213,173.073245427179,176.445894214583,150.03815651833
"eef-1G",693.1907837568,526.02470272442,676.534341447445,555.961542573341,598.655712513763,649.555433707403
"ctf-4",99.4145843719009,88.2153228171388,88.9340918334669,115.0598670717,127.083054761693,131.740820357558
"F17C11.11",19.8829168743802,30.4941856651838,13.7636094504175,27.0729098992236,34.6590149350073,39.3392727456596
"F17C11.12",104.837198064914,92.5716350550222,93.1690485874415,65.748495469543,74.5693957692582,86.9123467636666
"F17E5.2",21.6904547720511,16.3361708920627,19.0573053928858,17.4040135066437,21.0054635969741,19.2122029688105
"F17H10.1",118.393732297446,141.58014773121,125.989963430745,189.510369294565,159.641523337003,155.527357366561
"F17H10.2",68.6864401114952,71.8791519250761,63.5243513096192,100.55652248283,101.876498445325,78.6785454913192
"snx-17",75.0128227533434,78.4136202819012,74.1117431945558,85.0862882547027,90.3234934669888,71.3596110270105
"F18A11.2",18.0753789767093,17.4252489515336,25.4097405238477,30.9404684562555,32.5584685753099,23.7865370090035
"F18A11.3",23.497992669722,27.2269514867712,33.8796540317969,40.6093648488354,27.3071026760664,49.4028076340842
"F18A11.5",34.3432200557476,43.563122378834,38.1146107857715,43.5100337666093,38.8601076544021,56.7217420983929
"F18C12.3",150.929414455522,136.134757433856,129.166180996226,80.2518400584127,100.826225265476,96.0610148440526
"papl-1",283.783449934335,251.577031737766,251.97992686149,218.517058472305,222.657914127926,227.80183520161
"F18H3.1",21.6904547720511,35.939575962538,41.2908283512525,29.0066891777395,24.1562831365203,21.0419365848877
"F18H3.4",115.682425450939,92.5716350550222,96.3452661529225,67.6822747480589,75.6196689491069,67.7001437948561
"F19B2.5",38.8620647999249,21.781561189417,30.703436466316,28.0397995384816,46.2120199133431,30.1906046652737
"F19B2.6",20.7866858232156,17.4252489515336,20.1160445813794,6.76822747480589,9.45245861863836,12.8081353125403
"F19B6.1",151.833183404358,111.085962066027,128.107441807732,111.192308514668,128.133327941542,125.336752701288
"F19C6.2",66.8789022138242,63.1665274493093,59.2893945556446,53.1789301591892,39.9103808342508,61.2960761385859
"F19C6.3",25.305530567393,28.3160295462421,17.9985662043921,16.4371238673857,27.3071026760664,22.8716702009649
"F19C6.4",20.7866858232156,21.781561189417,20.1160445813794,22.2384617029336,30.4579222156125,15.5527357366561
"nekl-3",36.1507579534185,38.1177320814797,33.8796540317969,19.3377927851597,24.1562831365203,38.424405937621
"F19H8.2",19.8829168743802,25.0487953678295,23.2922621468604,88.9538468117346,82.9715812080478,88.7420803797438
"mltn-9",1.80753789767093,2.1781561189417,6.35243513096192,31.9073580955135,25.206556316369,18.2973361607719
"F20C5.4",55.1299058789632,52.2757468546008,55.05443780167,45.4438130451253,56.7147517118302,48.4879408260456
"F20C5.6",111.163580706762,86.0371666981971,105.873918849365,67.6822747480589,71.418576229712,75.9339450672035
"F20D1.1",34.3432200557476,38.1177320814797,33.8796540317969,32.8742477347715,42.0109271939483,47.573074018007
"tbc-1",40.6696026975958,29.4051076057129,31.7621756548096,62.847826551769,37.8098344745534,43.9136067858526
"F20D1.3",359.700041636514,334.346964257551,340.914018694956,528.888632674118,421.159545119331,455.603670403221
"slc-25A18.1",78.6278985486853,90.3934789360805,68.8180472520875,57.0464887162211,58.8152980715276,85.997479955628
"emre-1",27.1130684650639,26.1378734273004,13.7636094504175,28.0397995384816,33.6087417551586,19.2122029688105
"F20G2.2",151.833183404358,126.333054898619,127.048702619238,99.5896328435724,107.127864344568,108.869150156593
"F20G2.3",17.1716100278738,11.9798586541793,15.8810878274048,33.8411373740295,30.4579222156125,33.850071897428
"F20G2.5",23.497992669722,25.0487953678295,13.7636094504175,16.4371238673857,17.854644057428,24.7014038170421
"smgl-1",123.816345990458,121.976742660735,132.342398561707,111.192308514668,132.334420660937,128.996219933442
"glb-14",12.6527652836965,19.6034050704753,19.0573053928858,16.4371238673857,18.9049172372767,16.4676025446947
"lgc-31",28.0168374138993,18.5143270110044,13.7636094504175,27.0729098992236,25.206556316369,19.2122029688105
"ncs-4",20.7866858232156,19.6034050704753,23.2922621468604,7.73511711406388,16.8043708775793,19.2122029688105
"myrf-2",288.302294678513,284.249373521892,283.742102516299,233.987292700432,315.081953954612,311.969581541161
"hint-1",73.2052848556725,113.264118184968,81.5229175140113,94.7551846472825,101.876498445325,111.613750580709
"pfd-6",124.720114939294,140.49106967174,135.518616127188,192.411038212339,141.786879279575,161.931425022831
"F21D5.1",41.5733716464313,31.5832637246546,35.9971324087842,45.4438130451253,34.6590149350073,41.1690063617368
"otub-3",62.3600574696469,69.7009958061344,55.05443780167,60.914047273253,42.0109271939483,49.4028076340842
"F21D5.3",421.156330157326,387.711789171622,394.909717308133,379.987628228388,345.539876170224,402.541395536982
"F21D5.5",67.7826711626597,63.1665274493093,69.8767864405811,55.1127094377051,78.770488488653,70.4447442189719
"F21D5.6",72.301515906837,53.3648249140716,70.9355256290748,55.1127094377051,61.9661176110737,77.7636786832806
"F21D5.7",469.056084445605,423.65136513416,409.732065947044,517.285957003022,411.707086500693,491.283475916726
"mrps-33",158.159566046206,112.175040125497,129.166180996226,148.90100444573,96.625132546081,137.230021205789
"F21G4.1",37.9582958510894,44.6522004383048,40.2320891627588,46.4107026843833,39.9103808342508,34.7649387054666
"F21G4.6",41.5733716464313,28.3160295462421,46.5845242937208,36.7418062918034,36.7595612947047,23.7865370090035
"F22B5.10",150.929414455522,165.539865039569,151.399703954592,166.305017952373,133.384693840786,157.357090982638
"cth-1",38.8620647999249,46.8303565572465,48.7020026707081,29.0066891777395,30.4579222156125,47.573074018007
"F22B8.7",79.5316674975207,93.660713114493,84.6991350794923,55.1127094377051,90.3234934669888,57.6366089064315
"F22D6.2",555.81790353381,524.935624664949,436.200545659385,757.074587539002,755.14641631122,696.213640917371
"nduf-6",229.557313004208,178.608801753219,215.982794452705,218.517058472305,212.155182329439,193.951763304182
"ekl-1",122.008808092787,126.333054898619,129.166180996226,83.1525089761867,89.27322028714,88.7420803797438
"F22D6.15",48.803523237115,72.9682299845469,64.5830904981129,87.9869571724766,57.7650248916789,75.0190782591649
"cept-1",144.603031813674,115.44227430391,120.696267488277,102.490301761346,80.8710348483504,92.4015476118982
"F22E12.1",565.759361971,565.231512865371,501.842375345992,505.683281331926,538.790141262386,453.773936787144
"F22G12.4",37.054526902254,34.8504979030672,32.8209148433033,23.2053513421916,46.2120199133431,28.3608710491965
"F22G12.5",74.109053804508,65.344683568251,67.7593080635938,74.4505022228648,73.5191225894094,73.1893446430877
"F23A7.3",13.5565342325319,10.8907805947085,15.8810878274048,16.4371238673857,17.854644057428,16.4676025446947
"rpb-12",71.3977469580016,47.9194346167174,43.4083067282398,56.0795990769631,52.5136589924353,61.2960761385859
"F23B12.4",46.9959853394441,51.1866687951299,42.3495675397462,51.2451508806732,60.915844431225,59.4663425225087
"dlat-1",499.784228706011,518.401156308124,498.666157780511,528.888632674118,493.628394528892,561.728220135698
"F23B12.7",486.227694473479,531.470093021774,538.89824694327,357.749166525454,367.595612947047,326.607450469779
"F23D12.7",47.8997542882795,51.1866687951299,43.4083067282398,57.0464887162211,36.7595612947047,28.3608710491965
"tomm-20",216.904547720511,178.608801753219,209.630359321743,183.709031459017,156.490703797457,197.611230536337
"F23H12.3",21.6904547720511,23.9597173083587,17.9985662043921,19.3377927851597,23.1060099566715,18.2973361607719
"F23H12.5",18.0753789767093,21.781561189417,23.2922621468604,93.7882950080245,95.5748593662323,68.6150106028947
"fipr-1",144.603031813674,155.738162504331,185.279357986389,137.298328774634,116.580322963206,164.676025446947
"fipr-2",183.465096613599,136.134757433856,157.752139085554,151.801673363504,109.228410704265,122.592152277172
"ehbp-1",98.5108154230655,83.8590105792554,111.167614791834,61.880936912511,98.7256789057784,75.0190782591649
"rgef-1",13.5565342325319,9.80170253523765,14.8223486389112,19.3377927851597,19.9551904171254,14.6378689286175
"F25B3.5",18.9791479255447,25.0487953678295,17.9985662043921,25.1391306207076,29.4076490357638,25.6162706250807
"rtfo-1",149.121876557851,148.114616088036,156.693399897061,144.06655624944,131.284147481088,117.10295142894
"acs-12",95.7995085765591,88.2153228171388,105.873918849365,79.2849504191547,86.1224007475939,64.0406765627017
"degt-1",37.054526902254,35.939575962538,25.4097405238477,25.1391306207076,29.4076490357638,25.6162706250807
"F25D1.5",65.9751332649888,55.5429810330133,45.5257851052271,23.2053513421916,38.8601076544021,34.7649387054666
"tag-353",108.452273860256,120.887664601264,96.3452661529225,168.238797230889,142.837152459424,145.463822478137
"snx-27",48.803523237115,47.9194346167174,66.7005688751002,60.914047273253,50.4131126327379,42.0838731697754
"F25H2.4",87.6655880370399,124.154898779677,106.932658037859,99.5896328435724,97.6754057259297,111.613750580709
"ndk-1",898.34633514245,864.727979219854,967.6876182832,899.207364509926,786.654611706681,1051.18196243635
"F25H2.6",110.259811757926,93.660713114493,96.3452661529225,104.424081039862,98.7256789057784,93.3164144199368
"tct-1",421.156330157326,337.614198435963,366.323759218804,369.35184219655,441.114735536457,394.307594264635
"rtel-1",29.8243753115703,28.3160295462421,42.3495675397462,30.9404684562555,30.4579222156125,30.1906046652737
"pyk-1",784.471447589182,735.127690142823,748.528606265013,703.895657379813,770.900514008951,765.743518328305
"clsp-1",61.4562885208115,65.344683568251,51.878220236189,77.3511711406388,73.5191225894094,80.5082791073964
"mrpl-54",48.803523237115,54.4539029735425,56.1131769901637,43.5100337666093,46.2120199133431,40.2541395536982
"F25H8.1",33.4394511069121,32.6723417841255,37.0558715972779,23.2053513421916,27.3071026760664,22.8716702009649
"F25H8.2",51.5148300836214,56.6320590924842,76.2292215715431,46.4107026843833,39.9103808342508,45.7433404019298
"bed-3",11.748996334861,4.3563122378834,5.29369594246827,30.9404684562555,28.3573758559151,26.5311374331193
"F25H9.7",58.7449816743051,42.4740443193631,39.1733499742652,49.3113716021572,38.8601076544021,42.0838731697754
"F26A3.1",37.9582958510894,41.3849662598923,51.878220236189,33.8411373740295,27.3071026760664,36.5946723215438
"ncbp-2",106.644735962585,99.1061034118473,85.757874267986,106.357860318378,82.9715812080478,81.423145915435
"F26A3.4",553.106596687303,589.19123017373,487.020026707081,443.802344419415,577.650248916789,448.284735938912
"F26A3.7",20.7866858232156,22.8706392488878,30.703436466316,21.2715720636757,23.1060099566715,19.2122029688105
"F26C11.1",24.4017616185575,27.2269514867712,17.9985662043921,27.0729098992236,18.9049172372767,22.8716702009649
"F26E4.2",28.0168374138993,25.0487953678295,14.8223486389112,21.2715720636757,19.9551904171254,29.2757378572351
"F26E4.3",207.866858232156,202.568519061578,258.332361992452,301.669567448491,281.473212199453,278.119509643733
"F26E4.4",34.3432200557476,35.939575962538,32.8209148433033,29.9735788169975,28.3573758559151,29.2757378572351
"cox-7C",262.092995162284,292.961997997659,363.147541653323,300.702677809233,260.467748602479,343.075053014473
"F26E4.7",33.4394511069121,33.7614198435963,27.527218900835,47.3775923236412,45.1617467334944,54.8920084823158
"drsh-1",39.7658337487604,27.2269514867712,28.5859580893287,23.2053513421916,15.7540976977306,10.0635348884246
"hrdl-1",197.021630846131,186.232348169515,196.92548905982,254.29197512485,260.467748602479,255.247839442768
"gpx-1",101.222122269572,104.551493709202,88.9340918334669,97.6558535650564,69.3180298700146,108.869150156593
"F26F2.7",29.8243753115703,31.5832637246546,25.4097405238477,37.7086959310614,36.7595612947047,26.5311374331193
"F26H9.2",56.0336748277987,52.2757468546008,49.7607418592017,54.1458197984471,58.8152980715276,42.998739977814
"nmat-2",18.9791479255447,20.6924831299461,16.9398270158985,22.2384617029336,24.1562831365203,20.1270697768491
"F26H9.5",148.218107609016,138.312913552798,129.166180996226,205.947493161951,199.551904171254,227.80183520161
"kbp-3",39.7658337487604,39.2068101409506,30.703436466316,47.3775923236412,33.6087417551586,34.7649387054666
"nurf-1",714.881238528851,666.51577239616,636.302252284686,573.365556079985,713.135489117272,730.978579622838
"F27D4.1",629.023188389482,553.251654211192,574.895379352054,655.551175416914,643.817459247257,652.300034131519
"lsy-22",54.2261369301278,59.8992932708967,73.0530040060621,73.4836125836068,75.6196689491069,60.3812093305473
"F27D4.4",496.169152910669,500.975907356591,492.313722649549,538.557529066697,506.231672687077,498.602410381035
"F27D4.6",46.0922163906086,39.2068101409506,35.9971324087842,27.0729098992236,35.709288114856,36.5946723215438
"F27D4.7",14.4603031813674,14.158014773121,14.8223486389112,18.3709031459017,21.0054635969741,17.3824693527333
"asah-2",23.497992669722,20.6924831299461,15.8810878274048,16.4371238673857,12.6032781581845,15.5527357366561
"F28C1.1",62.3600574696469,46.8303565572465,59.2893945556446,64.781605830285,55.6644785319814,46.6582072099684
"F28C1.3",48.803523237115,41.3849662598923,41.2908283512525,38.6755855703194,40.9606540140996,48.4879408260456
"F28C6.4",25.305530567393,19.6034050704753,12.7048702619238,7.73511711406388,9.45245861863836,10.0635348884246
"F28C6.5",15.3640721302029,15.2470928325919,17.9985662043921,35.7749166525454,31.5081953954612,20.1270697768491
"F28C6.8",105.740967013749,103.462415649731,115.402571545808,101.523412122088,93.4743130065349,104.2948161164
"wdr-46",164.485948688054,206.924831299461,205.395402567769,151.801673363504,140.736606099727,160.101691406754
"F28D1.6",20.7866858232156,22.8706392488878,30.703436466316,27.0729098992236,26.2568294962177,15.5527357366561
"acs-20",28.0168374138993,18.5143270110044,23.2922621468604,56.0795990769631,65.1169371506198,37.5095391295824
"dpm-3",23.497992669722,23.9597173083587,22.2335229583667,18.3709031459017,22.0557367768228,21.9568033929263
"F28D9.4",38.8620647999249,43.563122378834,34.9383932202906,27.0729098992236,31.5081953954612,42.0838731697754
"acs-2",170.812331329902,135.045679374385,103.756440472378,443.802344419415,393.852442443265,306.48038069293
"fbxa-95",14.4603031813674,14.158014773121,12.7048702619238,3.86755855703194,17.854644057428,10.9784016964632
"mdt-28",14.4603031813674,10.8907805947085,25.4097405238477,21.2715720636757,17.854644057428,18.2973361607719
"F28H6.4",48.803523237115,39.2068101409506,39.1733499742652,48.3444819628992,39.9103808342508,52.1474080582
"F28H6.6",21.6904547720511,25.0487953678295,24.351001335354,17.4040135066437,16.8043708775793,13.7230021205789
"F28H7.3",437.424171236364,505.332219594474,467.962721314195,496.981274578604,464.220745493128,479.390207412224
"F28H7.8",69.5902090603306,100.195181471318,79.405439137024,113.126087793184,118.680869322904,100.635348884246
"F29C6.1",112.971118604433,83.8590105792554,88.9340918334669,64.781605830285,92.4240398266862,83.2528795315122
"rict-1",62.3600574696469,47.9194346167174,57.1719161786573,48.3444819628992,71.418576229712,48.4879408260456
"gfm-1",153.640721302029,115.44227430391,147.164747200618,109.258529236152,138.636059740029,154.612490558523
"capg-1",188.887710306612,167.718021158511,173.633226912959,178.874583262727,217.406548228682,210.419365848877
"tut-2",47.8997542882795,40.2958882004214,44.4670459167335,34.8080270132875,23.1060099566715,41.1690063617368
"F29G6.1",10.8452273860256,8.71262447576679,5.29369594246827,13.5364549496118,26.2568294962177,11.8932685045017
"hpo-34",591.968661487228,610.972791363146,676.534341447445,453.471240811995,533.538775363143,618.449962234091
"calm-1",29.8243753115703,42.4740443193631,46.5845242937208,24.1722409814496,23.1060099566715,26.5311374331193
"F30A10.3",52.4185990324568,55.5429810330133,42.3495675397462,47.3775923236412,58.8152980715276,56.7217420983929
"sac-1",99.4145843719009,86.0371666981971,85.757874267986,79.2849504191547,66.1672103304685,96.0610148440526
"F30A10.9",75.0128227533434,66.4337616277218,57.1719161786573,66.7153851088009,61.9661176110737,65.8704101787789
"usp-48",104.837198064914,102.37333759026,73.0530040060621,89.9207364509926,107.127864344568,74.1042114511263
"gras-1",13.5565342325319,19.6034050704753,15.8810878274048,17.4040135066437,14.7038245178819,15.5527357366561
"F30F8.5",22.5942237208866,21.781561189417,17.9985662043921,27.0729098992236,18.9049172372767,10.0635348884246
"F30F8.9",65.9751332649888,68.6119177466635,76.2292215715431,58.9802679947371,60.915844431225,59.4663425225087
"F30F8.10",27.1130684650639,13.0689367136502,23.2922621468604,16.4371238673857,12.6032781581845,13.7230021205789
"F31C3.2",70.4939780091661,96.9279472929056,84.6991350794923,54.1458197984471,78.770488488653,62.2109429466245
"F31C3.3",55.1299058789632,35.939575962538,56.1131769901637,40.6093648488354,43.061200373797,47.573074018007
"zipt-1",48.803523237115,37.0286540220089,31.7621756548096,50.2782612414152,54.6142053521327,51.2325412501614
"F31C3.6",9.94145843719009,9.80170253523765,10.5873918849365,17.4040135066437,27.3071026760664,28.3608710491965
"exos-7",75.9165917021789,70.7900738656052,78.3466999485304,65.748495469543,60.915844431225,59.4663425225087
"F31D4.2",71.3977469580016,58.8102152114259,61.4068729326319,60.914047273253,61.9661176110737,71.3596110270105
"clec-264",35.246989004583,39.2068101409506,19.0573053928858,34.8080270132875,31.5081953954612,26.5311374331193
"F31D4.8",34.3432200557476,31.5832637246546,29.6446972778223,40.6093648488354,30.4579222156125,29.2757378572351
"F31D4.9",108.452273860256,72.9682299845469,92.1103093989479,101.523412122088,91.3737666468375,96.9758816520912
"eva-1",64.1675953673179,65.344683568251,81.5229175140113,35.7749166525454,54.6142053521327,40.2541395536982
"F32A7.4",52.4185990324568,47.9194346167174,41.2908283512525,44.4769234058673,58.8152980715276,53.0622748662386
"maph-1.1",90.3768948835463,117.620430422852,91.0515702104542,108.291639596894,118.680869322904,107.954283348554
"F32A11.1",134.661573376484,136.134757433856,104.815179660872,111.192308514668,112.379230243812,110.69888377267
"F32B4.4",115.682425450939,114.353196244439,155.634660708567,145.033445888698,161.742069696701,123.50701908521
"F32B4.5",13.5565342325319,17.4252489515336,22.2335229583667,18.3709031459017,13.6535513380332,19.2122029688105
"mccc-1",397.658337487604,384.44455499321,389.616021365665,353.881607968422,373.89725202614,375.095391295824
"F32B6.3",27.1130684650639,38.1177320814797,38.1146107857715,35.7749166525454,32.5584685753099,33.850071897428
"tbc-3",40.6696026975958,50.0975907356591,37.0558715972779,51.2451508806732,54.6142053521327,47.573074018007
"best-13",81.3392053951917,80.5917764008429,99.5214837184035,104.424081039862,67.2174835103172,88.7420803797438
"F32D8.4",39.7658337487604,23.9597173083587,24.351001335354,33.8411373740295,23.1060099566715,35.6798055135052
"F32D8.5",55.1299058789632,58.8102152114259,51.878220236189,58.9802679947371,42.0109271939483,46.6582072099684
"F32D8.10",45.1884474417731,42.4740443193631,49.7607418592017,32.8742477347715,32.5584685753099,37.5095391295824
"F32D8.12",331.683204222615,362.662993803793,363.147541653323,292.967560695169,381.24916428508,338.50071897428
"F32D8.14",70.4939780091661,66.4337616277218,80.4641783255177,75.4173918621228,59.8655712513763,61.2960761385859
"uig-1",125.623883888129,129.600289077031,127.048702619238,140.198997692408,135.485240200483,142.719222054021
"best-14",263.900533059955,257.02242203512,258.332361992452,381.921407506904,366.545339767199,301.906046652737
"thoc-3",28.0168374138993,27.2269514867712,22.2335229583667,36.7418062918034,38.8601076544021,26.5311374331193
"fasn-1",1443.31901129023,1475.700770583,1395.41825043464,2516.81373098853,2451.33760176688,2202.99927375694
"F32H5.1",357.892503738843,355.039447387497,333.502844375501,330.676256626231,323.484139393402,354.053454710937
"F32H5.4",92.1844327812172,79.502698341372,68.8180472520875,75.4173918621228,46.2120199133431,53.9771416742772
"F33A8.4",126.527652836965,140.49106967174,121.75500667677,89.9207364509926,118.680869322904,124.421885893249
"sdhd-1",187.983941357776,189.499582347928,193.749271494339,217.550168833047,214.255728689136,200.355830960452
"F33C8.4",81.3392053951917,86.0371666981971,83.6403958909986,73.4836125836068,87.1726739274426,76.848811875242
"F33H1.3",46.0922163906086,51.1866687951299,45.5257851052271,52.2120405199312,35.709288114856,34.7649387054666
"F33H1.4",70.4939780091661,71.8791519250761,78.3466999485304,50.2782612414152,59.8655712513763,61.2960761385859
"F33H2.2",76.8203606510143,79.502698341372,74.1117431945558,62.847826551769,35.709288114856,42.0838731697754
"F33H2.3",225.03846826003,252.666109797237,276.330928196844,238.821740896722,214.255728689136,301.906046652737
"pole-1",60.552519571976,72.9682299845469,98.4627445299098,126.662542742796,102.926771625173,134.485420781674
"F33H2.6",162.678410790383,137.223835493327,160.928356651035,133.430770217602,132.334420660937,135.400287589712
"evl-18",31.6319132092412,38.1177320814797,37.0558715972779,57.0464887162211,45.1617467334944,55.8068752903543
"F34D10.4",40.6696026975958,30.4941856651838,17.9985662043921,52.2120405199312,61.9661176110737,49.4028076340842
"F34D10.6",48.803523237115,51.1866687951299,63.5243513096192,62.847826551769,60.915844431225,54.8920084823158
"F34H10.3",51.5148300836214,58.8102152114259,41.2908283512525,79.2849504191547,64.0666639707711,60.3812093305473
"F35B12.3",435.616633338693,435.63122378834,392.792238931146,444.769234058673,397.003261982811,434.561733818333
"sas-5",7.2301515906837,7.62354641629595,4.23495675397461,19.3377927851597,10.5027317984871,21.9568033929263
"tag-290",22.5942237208866,15.2470928325919,10.5873918849365,21.2715720636757,33.6087417551586,26.5311374331193
"F35B12.9",333.490742120286,307.12001277078,326.091670056045,410.928096684643,366.545339767199,348.564253862705
"F35B12.10",42.4771405952668,49.0085126761882,33.8796540317969,29.9735788169975,38.8601076544021,39.3392727456596
"clec-62",164.485948688054,191.677738466869,214.924055264212,175.007024705695,186.94862601307,221.39776754534
"clec-63",1864.47534144756,1975.58759988012,2244.52707960655,1619.54014575712,1627.9234287655,2218.5520094936
"clec-64",24.4017616185575,32.6723417841255,25.4097405238477,25.1391306207076,22.0557367768228,27.4460042411579
"clec-65",205.15555138565,242.864407261999,268.919753877388,165.338128313115,184.848079653372,171.994959911256
"clec-66",219.615854567017,237.419016964645,260.449840369439,217.550168833047,210.054635969741,201.270697768491
"ddn-2",15.3640721302029,27.2269514867712,23.2922621468604,21.2715720636757,12.6032781581845,8.23380127234736
"F35C11.4",25.305530567393,14.158014773121,20.1160445813794,16.4371238673857,22.0557367768228,21.0419365848877
"F35C11.6",13.5565342325319,15.2470928325919,24.351001335354,17.4040135066437,21.0054635969741,21.9568033929263
"F35C11.7",35.246989004583,29.4051076057129,20.1160445813794,21.2715720636757,18.9049172372767,26.5311374331193
"F35C12.3",55.1299058789632,53.3648249140716,56.1131769901637,90.8876260902505,75.6196689491069,77.7636786832806
"irg-5",54.2261369301278,44.6522004383048,52.9369594246827,29.9735788169975,24.1562831365203,23.7865370090035
"F35E12.6",117.48996334861,87.1262447576679,93.1690485874415,73.4836125836068,51.4633858125866,76.848811875242
"dct-17",202.444244539144,278.803983224537,283.742102516299,125.695653103538,117.630596143055,194.866630112221
"cld-9",117.48996334861,107.818727887614,111.167614791834,68.6491643873169,93.4743130065349,103.379949308361
"F35E12.9",18.0753789767093,21.781561189417,17.9985662043921,7.73511711406388,14.7038245178819,15.5527357366561
"F35E12.10",65.9751332649888,65.344683568251,83.6403958909986,64.781605830285,55.6644785319814,72.2744778350491
"F35G2.1",159.967103943877,136.134757433856,154.575921520073,189.510369294565,170.14425513549,162.84629183087
"marb-1",112.971118604433,111.085962066027,105.873918849365,105.39097067912,105.027317984871,96.9758816520912
"mlcd-1",51.5148300836214,54.4539029735425,35.9971324087842,87.9869571724766,63.0163907909224,57.6366089064315
"idhg-1",291.917370473854,252.666109797237,291.153276835755,237.854851257464,242.613104545051,274.460042411579
"wdr-48",30.7281442604057,15.2470928325919,30.703436466316,31.9073580955135,27.3071026760664,33.850071897428
"erh-2",40.6696026975958,31.5832637246546,31.7621756548096,47.3775923236412,39.9103808342508,46.6582072099684
"F35G12.12",101.222122269572,98.0170253523765,98.4627445299098,99.5896328435724,100.826225265476,96.0610148440526
"F35H8.2",31.6319132092412,16.3361708920627,26.4684797123413,23.2053513421916,27.3071026760664,17.3824693527333
"zfp-2",26.2092995162284,25.0487953678295,10.5873918849365,19.3377927851597,26.2568294962177,27.4460042411579
"ugt-58",132.854035478813,138.312913552798,111.167614791834,130.530101299828,130.23387430124,126.251619509326
"cids-2",96.7032775253945,90.3934789360805,106.932658037859,94.7551846472825,96.625132546081,115.273217812863
"F36A2.2",73.2052848556725,68.6119177466635,68.8180472520875,52.2120405199312,50.4131126327379,50.3176744421228
"F36A2.3",172.619869227573,191.677738466869,182.103140420908,260.093312960398,230.009826386867,232.376169241803
"F36A2.7",485.323925524644,457.412784977757,506.077332099966,503.74950205341,441.114735536457,591.918824800971
"phip-1",35.246989004583,46.8303565572465,51.878220236189,48.3444819628992,52.5136589924353,44.8284735938912
"F36A2.9",105.740967013749,116.531352363381,102.697701283884,114.092977432442,97.6754057259297,114.358351004824
"ubr-5",313.607825245906,275.536749046125,287.977059270274,273.62976791001,302.478675796427,297.331712612544
"madf-2",13.5565342325319,22.8706392488878,12.7048702619238,25.1391306207076,16.8043708775793,13.7230021205789
"F36D1.7",9.03768948835463,20.6924831299461,11.6461310734302,24.1722409814496,15.7540976977306,19.2122029688105
"F36D3.1",13.5565342325319,20.6924831299461,28.5859580893287,29.0066891777395,24.1562831365203,31.1054714733123
"F36F2.1",46.9959853394441,51.1866687951299,45.5257851052271,61.880936912511,53.563932172284,42.0838731697754
"rbpl-1",214.193240874005,180.786957872161,182.103140420908,145.033445888698,157.540976977306,140.889488437944
"syx-7",55.1299058789632,90.3934789360805,91.0515702104542,73.4836125836068,60.915844431225,68.6150106028947
"fcp-1",146.410569711345,154.649084444861,168.339530970491,95.7220742865405,101.876498445325,65.8704101787789
"F36G3.1",81.3392053951917,125.243976839148,129.166180996226,67.6822747480589,116.580322963206,109.784016964632
"F36G3.2",83.1467432928626,71.8791519250761,78.3466999485304,83.1525089761867,60.915844431225,74.1042114511263
"hrg-4",140.084187069497,156.827240563802,149.282225577605,87.0200675332186,98.7256789057784,89.6569471877824
"tat-5",217.808316669347,165.539865039569,207.512880944756,174.040135066437,219.50709458838,165.590892254986
"ent-6",18.0753789767093,20.6924831299461,17.9985662043921,38.6755855703194,22.0557367768228,32.9352050893894
"F36H2.3",65.0713643161533,70.7900738656052,65.6418296866065,74.4505022228648,69.3180298700146,79.5934122993578
"F37A8.5",50.6110611347859,58.8102152114259,57.1719161786573,75.4173918621228,85.0721275677452,72.2744778350491
"F37B12.3",44.2846784929377,51.1866687951299,33.8796540317969,45.4438130451253,53.563932172284,37.5095391295824
"mus-101",58.7449816743051,43.563122378834,45.5257851052271,58.0133783554791,37.8098344745534,42.0838731697754
"row-1",46.9959853394441,47.9194346167174,50.8194810476954,52.2120405199312,55.6644785319814,53.0622748662386
"bigr-1",152.736952353193,161.183552801686,153.51718233158,70.5829436658329,106.077591164719,76.848811875242
"F37H8.5",245.825154083246,284.249373521892,292.212016024248,253.325085485592,234.210919106262,275.374909219617
"clec-170",86.7618190882044,44.6522004383048,65.6418296866065,93.7882950080245,50.4131126327379,99.7204820762069
"clec-166",18.9791479255447,10.8907805947085,10.5873918849365,19.3377927851597,21.0054635969741,21.9568033929263
"F38A1.8",198.829168743802,180.786957872161,154.575921520073,229.152844504142,214.255728689136,206.759898616723
"F38B2.2",43.3809095441022,50.0975907356591,70.9355256290748,58.0133783554791,59.8655712513763,65.8704101787789
"F38B2.4",270.226915701803,270.091358748771,272.095971442869,247.523747650044,248.914743624143,247.014038170421
"ccch-1",117.48996334861,124.154898779677,121.75500667677,96.6889639257985,144.937698819121,110.69888377267
"F38B7.2",74.109053804508,54.4539029735425,53.9956986131763,88.9538468117346,102.926771625173,84.1677463395508
"F38B7.3",94.8957396277236,101.284259530789,97.4040053414162,122.794984185764,122.881962042299,115.273217812863
"copb-2",406.696026975958,387.711789171622,424.554414585955,411.894986323901,489.427301809497,452.859069979105
"F38E11.9",15.3640721302029,26.1378734273004,10.5873918849365,21.2715720636757,22.0557367768228,17.3824693527333
"F38H4.3",21.6904547720511,29.4051076057129,19.0573053928858,34.8080270132875,19.9551904171254,32.0203382813509
"piki-1",43.3809095441022,33.7614198435963,32.8209148433033,31.9073580955135,43.061200373797,35.6798055135052
"hinf-1",61.4562885208115,55.5429810330133,58.230655367151,63.814716191027,58.8152980715276,58.5514757144701
"F39B2.3",60.552519571976,79.502698341372,65.6418296866065,42.5431441273513,35.709288114856,37.5095391295824
"F39B2.5",18.0753789767093,11.9798586541793,13.7636094504175,15.4702342281278,9.45245861863836,17.3824693527333
"F39B2.8",49.7072921859505,41.3849662598923,56.1131769901637,41.5762544880933,37.8098344745534,42.998739977814
"mtx-1",80.4354364463562,126.333054898619,133.4011377502,116.993646350216,110.278683884114,114.358351004824
"flp-22",79.5316674975207,81.6808544603137,112.226353980327,84.1193986154447,74.5693957692582,60.3812093305473
"F39H2.3",102.125891218407,100.195181471318,107.991397226353,85.0862882547027,100.826225265476,79.5934122993578
"F39H11.1",47.8997542882795,58.8102152114259,60.3481337441383,58.9802679947371,50.4131126327379,57.6366089064315
"F40E10.6",133.757804427648,139.401991612269,140.812312069656,128.596322021312,115.530049783358,119.847551853056
"F40F8.1",43.3809095441022,42.4740443193631,41.2908283512525,42.5431441273513,37.8098344745534,34.7649387054666
"F40F8.4",166.293486585725,186.232348169515,209.630359321743,255.258864764108,222.657914127926,213.163966272993
"F40F8.5",576.604589357025,711.167972834465,665.946949562508,643.948499745818,683.727840081508,572.706621832161
"arrd-6",34.3432200557476,23.9597173083587,33.8796540317969,21.2715720636757,21.0054635969741,15.5527357366561
"xbx-6",216.000778771676,226.528236369937,249.862448484502,243.656189093012,177.496167394431,189.377429263989
"F40F9.5",17.1716100278738,15.2470928325919,19.0573053928858,22.2384617029336,27.3071026760664,25.6162706250807
"aagr-3",535.031217710594,487.906970642941,462.669025371727,543.391977262987,483.125662730405,514.155146117691
"drap-1",84.9542811905335,76.2354641629595,98.4627445299098,85.0862882547027,94.5245861863836,96.9758816520912
"F40F9.10",37.9582958510894,30.4941856651838,30.703436466316,32.8742477347715,26.2568294962177,25.6162706250807
"mig-38",103.029660167243,56.6320590924842,93.1690485874415,70.5829436658329,142.837152459424,107.039416540516
"cyld-1",164.485948688054,144.847381909623,143.988529635137,175.007024705695,161.742069696701,125.336752701288
"cbp-3",93.9919706788881,91.4825569955513,68.8180472520875,96.6889639257985,96.625132546081,87.8272135717052
"F41E7.1",197.925399794966,173.163411455865,176.80944447844,179.841472901985,169.093981955642,135.400287589712
"F41E7.2",30.7281442604057,28.3160295462421,25.4097405238477,23.2053513421916,10.5027317984871,20.1270697768491
"npr-6",22.5942237208866,19.6034050704753,17.9985662043921,13.5364549496118,23.1060099566715,11.8932685045017
"fip-5",28.9206063627348,30.4941856651838,33.8796540317969,75.4173918621228,46.2120199133431,78.6785454913192
"fipr-21",130.142728632307,186.232348169515,179.985662043921,396.424752095774,387.550803364173,429.072532970101
"cnc-8",36.1507579534185,20.6924831299461,27.527218900835,64.781605830285,51.4633858125866,64.9555433707403
"F42A8.1",19.8829168743802,33.7614198435963,21.1747837698731,45.4438130451253,39.9103808342508,28.3608710491965
"cup-15",38.8620647999249,31.5832637246546,41.2908283512525,35.7749166525454,36.7595612947047,30.1906046652737
"tatn-1",218.712085618182,294.051076057129,343.031497071944,113.126087793184,190.099445552616,169.25035948714
"ttyh-1",70.4939780091661,107.818727887614,86.8166134564796,84.1193986154447,92.4240398266862,78.6785454913192
"F42F12.3",26.2092995162284,20.6924831299461,23.2922621468604,29.0066891777395,16.8043708775793,22.8716702009649
"F42F12.4",34.3432200557476,38.1177320814797,37.0558715972779,28.0397995384816,26.2568294962177,42.998739977814
"F42G4.5",29.8243753115703,45.7412784977757,38.1146107857715,19.3377927851597,29.4076490357638,16.4676025446947
"F42G10.1",49.7072921859505,38.1177320814797,40.2320891627588,50.2782612414152,42.0109271939483,42.0838731697754
"zhit-2",20.7866858232156,26.1378734273004,31.7621756548096,21.2715720636757,15.7540976977306,12.8081353125403
"ccnk-1",51.5148300836214,45.7412784977757,53.9956986131763,58.0133783554791,35.709288114856,45.7433404019298
"F43D9.1",24.4017616185575,20.6924831299461,21.1747837698731,49.3113716021572,36.7595612947047,42.998739977814
"sly-1",109.356042809091,120.887664601264,118.578789111289,138.265218413892,114.479776603509,118.017818236979
"F43G6.8",32.5356821580767,40.2958882004214,30.703436466316,49.3113716021572,35.709288114856,22.8716702009649
"patr-1",126.527652836965,145.936459969094,143.988529635137,121.828094546506,150.189064718365,113.443484196786
"idha-1",428.386481748009,450.878316620932,501.842375345992,467.974585400865,456.868833234187,474.815873372031
"lmd-1",31.6319132092412,35.939575962538,24.351001335354,48.3444819628992,36.7595612947047,32.0203382813509
"slc-25A42",70.4939780091661,76.2354641629595,70.9355256290748,102.490301761346,79.8207616685017,81.423145915435
"F43G9.4",47.8997542882795,50.0975907356591,41.2908283512525,38.6755855703194,49.3628394528892,35.6798055135052
"cfim-1",77.7241295998498,53.3648249140716,59.2893945556446,73.4836125836068,84.0218543878965,78.6785454913192
"mfap-1",141.891724967168,148.114616088036,134.459876938694,145.033445888698,132.334420660937,124.421885893249
"F43G9.12",84.050512241698,84.9480886387262,94.2277877759352,63.814716191027,65.1169371506198,81.423145915435
"nucb-1",219.615854567017,269.0022806893,286.91832008178,286.199333220363,278.322392659907,258.907306674923
"F44A6.4",30.7281442604057,44.6522004383048,39.1733499742652,61.880936912511,33.6087417551586,38.424405937621
"F44A6.5",74.109053804508,60.9883713303676,50.8194810476954,110.22541887541,107.127864344568,75.9339450672035
"magu-4",49.7072921859505,35.939575962538,63.5243513096192,52.2120405199312,71.418576229712,57.6366089064315
"F44D12.2",100.318353320736,108.907805947085,75.1704823830494,71.5498333050909,90.3234934669888,78.6785454913192
"ent-7",48.803523237115,40.2958882004214,37.0558715972779,58.0133783554791,54.6142053521327,54.8920084823158
"F44E5.1",225.942237208866,226.528236369937,283.742102516299,254.29197512485,202.7027237108,248.843771786498
"lurp-1",42.4771405952668,35.939575962538,33.8796540317969,39.6424752095774,35.709288114856,32.0203382813509
"F44G3.10",86.7618190882044,107.818727887614,103.756440472378,56.0795990769631,61.9661176110737,87.8272135717052
"F44G4.1",199.732937692637,243.95348532147,199.042967436807,155.669231920536,180.646986933978,173.824693527333
"F44G4.2",216.000778771676,228.706392488878,245.627491730528,218.517058472305,207.954089610044,214.078833081031
"F44G4.6",39.7658337487604,37.0286540220089,27.527218900835,34.8080270132875,29.4076490357638,29.2757378572351
"F44G4.7",3.61507579534185,2.1781561189417,3.17621756548096,2.90066891777395,1.05027317984871,0
"dep-1",128.335190734636,131.778445195973,129.166180996226,164.371238673857,176.445894214583,162.84629183087
"F45D3.2",103.933429116078,123.065820720206,114.343832357315,89.9207364509926,100.826225265476,106.124549732477
"F45D3.3",130.142728632307,161.183552801686,184.220618797896,159.536790477567,166.993435595944,161.016558214793
"F45D3.4",216.000778771676,289.694763819246,313.386799794121,203.046824244177,237.361738645808,212.249099464954
"tbc-13",25.305530567393,21.781561189417,33.8796540317969,27.0729098992236,25.206556316369,22.8716702009649
"F45E10.2",26.2092995162284,32.6723417841255,23.2922621468604,28.0397995384816,33.6087417551586,24.7014038170421
"myo-6",399.465875385275,343.059588733318,383.263586234703,347.113380493616,419.058998759634,315.629048773316
"exo-1",16.2678410790383,15.2470928325919,7.41117431945558,9.66889639257985,16.8043708775793,19.2122029688105
"cope-1",146.410569711345,133.956601314914,145.047268823631,175.007024705695,160.691796516852,158.271957790677
"F45G2.7",13.5565342325319,15.2470928325919,22.2335229583667,19.3377927851597,14.7038245178819,10.9784016964632
"F45G2.8",125.623883888129,112.175040125497,123.872485053757,108.291639596894,89.27322028714,109.784016964632
"F45G2.10",55.1299058789632,46.8303565572465,24.351001335354,19.3377927851597,17.854644057428,20.1270697768491
"hecw-1",14.4603031813674,25.0487953678295,15.8810878274048,14.5033445888698,21.0054635969741,17.3824693527333
"F45H10.2",156.352028148535,148.114616088036,157.752139085554,153.73545264202,119.731142502753,183.888228415758
"F45H10.3",140.084187069497,175.341567574807,213.865316075718,158.569900838309,169.093981955642,163.761158638909
"drr-1",51.5148300836214,51.1866687951299,44.4670459167335,58.0133783554791,55.6644785319814,55.8068752903543
"hpo-35",80.4354364463562,83.8590105792554,62.4656121211256,49.3113716021572,53.563932172284,45.7433404019298
"cox-19",28.0168374138993,38.1177320814797,49.7607418592017,36.7418062918034,33.6087417551586,49.4028076340842
"F46B6.4",19.8829168743802,16.3361708920627,16.9398270158985,21.2715720636757,24.1562831365203,20.1270697768491
"F46B6.5",28.9206063627348,26.1378734273004,25.4097405238477,29.0066891777395,32.5584685753099,36.5946723215438
"F46B6.6",77.7241295998498,84.9480886387262,84.6991350794923,72.5167229443488,75.6196689491069,74.1042114511263
"ztf-7",345.239738455147,310.387246949192,333.502844375501,390.623414260226,422.20981829918,364.116989599361
"lipl-2",35.246989004583,33.7614198435963,32.8209148433033,24.1722409814496,30.4579222156125,19.2122029688105
"F46B6.9",25.305530567393,20.6924831299461,14.8223486389112,16.4371238673857,13.6535513380332,18.2973361607719
"F46B6.12",44.2846784929377,45.7412784977757,33.8796540317969,47.3775923236412,43.061200373797,36.5946723215438
"F46C5.6",67.7826711626597,74.0573080440178,70.9355256290748,62.847826551769,72.4688494095607,66.7852769868175
"rer-1",59.6487506231405,42.4740443193631,63.5243513096192,48.3444819628992,52.5136589924353,53.0622748662386
"F46C5.9",54.2261369301278,58.8102152114259,50.8194810476954,66.7153851088009,77.7202153088043,49.4028076340842
"F46C5.10",22.5942237208866,14.158014773121,29.6446972778223,38.6755855703194,28.3573758559151,20.1270697768491
"F46F2.3",861.291808240196,957.299614274877,992.038619618554,659.418733973946,641.71691288756,764.828651520266
"F46F2.5",18.0753789767093,9.80170253523765,12.7048702619238,7.73511711406388,7.35191225894095,14.6378689286175
"lgc-44",14.4603031813674,15.2470928325919,29.6446972778223,35.7749166525454,23.1060099566715,30.1906046652737
"pkn-1",135.565342325319,142.669225790681,151.399703954592,109.258529236152,148.088518358668,106.124549732477
"F46G10.1",196.117861897295,182.965113991103,238.216317411072,171.139466148663,166.993435595944,166.505759063024
"F46G10.2",94.8957396277236,76.2354641629595,53.9956986131763,203.046824244177,151.239337898214,120.762418661095
"F46G10.4",30.7281442604057,18.5143270110044,20.1160445813794,18.3709031459017,29.4076490357638,37.5095391295824
"lgc-47",37.054526902254,22.8706392488878,16.9398270158985,24.1722409814496,27.3071026760664,25.6162706250807
"rrc-1",61.4562885208115,57.721137151955,71.9942648175684,37.7086959310614,47.2622930931918,48.4879408260456
"ipla-2",122.912577041623,98.0170253523765,98.4627445299098,132.463880578344,117.630596143055,96.9758816520912
"F47B8.2",71.3977469580016,78.4136202819012,62.4656121211256,77.3511711406388,85.0721275677452,83.2528795315122
"F47B8.3",55.1299058789632,77.3245422224303,59.2893945556446,82.1856193369287,84.0218543878965,55.8068752903543
"F47B8.8",9.94145843719009,9.80170253523765,16.9398270158985,18.3709031459017,12.6032781581845,19.2122029688105
"suca-1",867.618190882044,901.756633241863,943.336616947846,859.564889300348,910.586846928829,879.187002525091
"haly-1",244.92138513441,249.398875618825,285.859580893287,213.682610276015,294.076490357638,260.737040291
"acbp-3",132.854035478813,148.114616088036,137.636094504175,159.536790477567,152.289611078062,147.293556094214
"F47B10.9",18.9791479255447,17.4252489515336,10.5873918849365,40.6093648488354,28.3573758559151,46.6582072099684
"gadr-6",71.3977469580016,51.1866687951299,63.5243513096192,2.90066891777395,10.5027317984871,4.57433404019298
"F47G4.4",22.5942237208866,22.8706392488878,21.1747837698731,13.5364549496118,15.7540976977306,18.2973361607719
"F47G9.1",163.582179739219,173.163411455865,199.042967436807,199.179265687145,187.998899192918,172.909826719295
"F47G9.4",28.9206063627348,35.939575962538,26.4684797123413,29.9735788169975,44.1114735536457,29.2757378572351
"F47H4.2",14.4603031813674,8.71262447576679,8.46991350794923,17.4040135066437,10.5027317984871,10.9784016964632
"igeg-2",38.8620647999249,35.939575962538,37.0558715972779,35.7749166525454,25.206556316369,38.424405937621
"F48C5.2",14.4603031813674,22.8706392488878,21.1747837698731,28.0397995384816,22.0557367768228,21.9568033929263
"F48F5.6",37.054526902254,47.9194346167174,59.2893945556446,34.8080270132875,43.061200373797,31.1054714733123
"F48F7.5",45.1884474417731,52.2757468546008,58.230655367151,61.880936912511,54.6142053521327,62.2109429466245
"F48F7.6",83.1467432928626,94.7497911739639,95.2865269644288,101.523412122088,77.7202153088043,81.423145915435
"F49B2.6",88.5693569858754,92.5716350550222,127.048702619238,83.1525089761867,103.977044805022,82.3380127234736
"F49C12.6",41.5733716464313,43.563122378834,51.878220236189,48.3444819628992,43.061200373797,44.8284735938912
"F49C12.7",57.8412127254696,45.7412784977757,56.1131769901637,56.0795990769631,47.2622930931918,50.3176744421228
"F49C12.9",50.6110611347859,60.9883713303676,41.2908283512525,35.7749166525454,45.1617467334944,43.9136067858526
"F49C12.11",270.226915701803,223.261002191524,215.982794452705,228.185954864884,244.713650904749,210.419365848877
"F49C12.12",219.615854567017,192.76681652634,194.808010682832,221.417727390078,212.155182329439,226.886968393572
"vha-17",272.034453599474,279.893061284008,247.744970107515,264.927761156688,234.210919106262,259.822173482961
"F49C12.14",10.8452273860256,16.3361708920627,20.1160445813794,17.4040135066437,15.7540976977306,21.0419365848877
"F49E2.2",160.870872892712,182.965113991103,175.750705289947,145.033445888698,153.339884257911,170.165226295179
"glb-17",27.1130684650639,23.9597173083587,31.7621756548096,20.3046824244177,15.7540976977306,16.4676025446947
"F49E2.5",1559.00143674117,1700.050850834,1654.80935161558,1643.71238673857,1674.13544867884,1570.82630940227
"scl-2",166.293486585725,152.470928325919,127.048702619238,163.404349034599,140.736606099727,133.570553973635
"scl-3",309.088980501728,319.099871424959,320.797974113577,374.18629039284,338.187963911283,320.203382813509
"efl-3",49.7072921859505,50.0975907356591,58.230655367151,75.4173918621228,57.7650248916789,64.9555433707403
"drd-1",13.5565342325319,13.0689367136502,27.527218900835,11.6026756710958,10.5027317984871,21.0419365848877
"F49E12.12",15.3640721302029,4.3563122378834,4.23495675397461,41.5762544880933,42.0109271939483,34.7649387054666
"F52A8.1",107.54850491142,91.4825569955513,110.10887560334,101.523412122088,99.7759520856271,109.784016964632
"glb-18",68.6864401114952,78.4136202819012,53.9956986131763,68.6491643873169,45.1617467334944,51.2325412501614
"gcsh-2",133.757804427648,101.284259530789,128.107441807732,113.126087793184,86.1224007475939,117.10295142894
"kbrl-1",41.5733716464313,43.563122378834,35.9971324087842,39.6424752095774,48.3125662730405,53.0622748662386
"abts-1",1149.59410291871,1204.52033377476,1157.20193302356,1161.23445674884,1261.3780889983,1023.73595819519
"F52B5.2",27.1130684650639,17.4252489515336,24.351001335354,11.6026756710958,12.6032781581845,20.1270697768491
"F52B5.3",43.3809095441022,37.0286540220089,55.05443780167,24.1722409814496,36.7595612947047,31.1054714733123
"cfp-1",66.8789022138242,86.0371666981971,67.7593080635938,71.5498333050909,66.1672103304685,75.0190782591649
"F52B11.2",81.3392053951917,76.2354641629595,80.4641783255177,84.1193986154447,71.418576229712,73.1893446430877
"noah-2",21.6904547720511,10.8907805947085,9.52865269644288,350.01404941139,357.09288114856,189.377429263989
"abts-2",47.8997542882795,42.4740443193631,46.5845242937208,41.5762544880933,26.2568294962177,35.6798055135052
"F52D10.2",10.8452273860256,18.5143270110044,9.52865269644288,24.1722409814496,22.0557367768228,21.0419365848877
"F52E10.4",18.0753789767093,22.8706392488878,15.8810878274048,20.3046824244177,17.854644057428,21.0419365848877
"ztf-11",17.1716100278738,31.5832637246546,26.4684797123413,22.2384617029336,23.1060099566715,11.8932685045017
"strl-1",82.2429743440271,109.996884006556,94.2277877759352,92.8214053687665,97.6754057259297,79.5934122993578
"F52G2.3",63.2638264184824,44.6522004383048,59.2893945556446,34.8080270132875,55.6644785319814,50.3176744421228
"mtcu-2",65.0713643161533,71.8791519250761,64.5830904981129,55.1127094377051,52.5136589924353,70.4447442189719
"bath-38",40.6696026975958,31.5832637246546,37.0558715972779,50.2782612414152,60.915844431225,43.9136067858526
"ttc-36",82.2429743440271,90.3934789360805,84.6991350794923,124.72876346428,110.278683884114,90.571813995821
"F53A2.1",22.5942237208866,17.4252489515336,21.1747837698731,23.2053513421916,14.7038245178819,12.8081353125403
"acaa-2",610.044040463937,659.981304039335,676.534341447445,660.385623613204,576.59997573694,625.7688966984
"F53A2.9",34.3432200557476,38.1177320814797,27.527218900835,10.6357860318378,15.7540976977306,13.7230021205789
"F53B2.8",122.008808092787,141.58014773121,124.931224242251,162.437459395341,135.485240200483,156.4422241746
"madd-4",178.946251869422,212.370221596816,189.514314740364,165.338128313115,182.747533293675,153.697623750484
"isy-1",48.803523237115,66.4337616277218,64.5830904981129,44.4769234058673,49.3628394528892,57.6366089064315
"fig-1",147.31433866018,169.896177277452,159.869617462542,152.768563002762,160.691796516852,169.25035948714
"F53C11.1",59.6487506231405,57.721137151955,77.2879607600367,34.8080270132875,55.6644785319814,70.4447442189719
"F53C11.3",122.008808092787,139.401991612269,141.87105125815,162.437459395341,163.842616056398,144.548955670098
"F53C11.4",134.661573376484,128.51121101756,113.285093168821,188.543479655307,191.149718732465,167.420625871063
"F53C11.5",110.259811757926,107.818727887614,97.4040053414162,123.761873825022,159.641523337003,149.123289710291
"swan-2",63.2638264184824,50.0975907356591,57.1719161786573,60.914047273253,69.3180298700146,49.4028076340842
"swan-1",37.9582958510894,46.8303565572465,43.4083067282398,42.5431441273513,49.3628394528892,30.1906046652737
"F53E4.1",110.259811757926,79.502698341372,67.7593080635938,156.636121559794,140.736606099727,114.358351004824
"F53F1.2",110.259811757926,165.539865039569,133.4011377502,168.238797230889,147.038245178819,184.803095223796
"F53F1.3",115.682425450939,107.818727887614,91.0515702104542,72.5167229443488,79.8207616685017,83.2528795315122
"F53F1.4",145.506800762509,177.519723693748,182.103140420908,214.649499915273,192.199991912313,238.780236898074
"cut-2",1.80753789767093,1.08907805947085,2.11747837698731,249.45752692856,174.345347854885,123.50701908521
"F53F1.6",21.6904547720511,9.80170253523765,11.6461310734302,27.0729098992236,12.6032781581845,32.0203382813509
"tbcb-1",93.0882017300527,91.4825569955513,89.9928310219606,107.324749957636,97.6754057259297,109.784016964632
"F53F4.10",404.888489078287,401.869803944743,391.733499742652,326.808698069199,340.288510270981,331.181784509972
"F53F4.11",576.604589357025,529.291936902833,573.83664016356,405.126758849096,403.304901061903,415.349530849523
"F53F4.12",28.9206063627348,32.6723417841255,33.8796540317969,39.6424752095774,32.5584685753099,20.1270697768491
"F53F4.13",492.554077115327,504.243141535003,500.783636157498,559.829101130373,512.533311766169,558.068752903543
"F53F4.14",108.452273860256,120.887664601264,109.050136414846,113.126087793184,128.133327941542,91.4866808038596
"F53F8.4",279.264605190158,271.180436808241,261.508579557932,258.159533681882,337.137690731435,264.396507523154
"F53F8.5",31.6319132092412,45.7412784977757,48.7020026707081,31.9073580955135,48.3125662730405,46.6582072099684
"F53H2.3",115.682425450939,128.51121101756,150.340964766099,117.960535989474,114.479776603509,99.7204820762069
"gmeb-2",9.03768948835463,6.5344683568251,10.5873918849365,18.3709031459017,14.7038245178819,19.2122029688105
"saeg-1",279.264605190158,302.763700532896,294.329494401236,262.993981878172,290.925670818092,269.885708371386
"F54B3.1",219.615854567017,199.301284883165,191.631793117351,179.841472901985,228.959553207018,232.376169241803
"atad-3",789.894061282194,808.09592012737,760.174737338443,720.332781247199,655.370464225593,701.702841765603
"F54B8.4",18.0753789767093,18.5143270110044,22.2335229583667,6.76822747480589,9.45245861863836,10.9784016964632
"F54B11.5",29.8243753115703,28.3160295462421,30.703436466316,35.7749166525454,36.7595612947047,41.1690063617368
"F54B11.9",41.5733716464313,42.4740443193631,53.9956986131763,34.8080270132875,50.4131126327379,37.5095391295824
"F54C8.4",103.933429116078,103.462415649731,98.4627445299098,112.159198153926,100.826225265476,106.124549732477
"rheb-1",50.6110611347859,65.344683568251,55.05443780167,72.5167229443488,70.3683030498633,79.5934122993578
"F54C8.6",48.803523237115,35.939575962538,49.7607418592017,40.6093648488354,49.3628394528892,42.0838731697754
"F54C8.7",78.6278985486853,88.2153228171388,85.757874267986,125.695653103538,88.2229471072913,77.7636786832806
"F54C9.3",206.963089283321,153.56000638539,133.4011377502,257.192644042624,245.763924084597,231.461302433765
"bcs-1",90.3768948835463,109.996884006556,85.757874267986,85.0862882547027,84.0218543878965,86.9123467636666
"F54C9.7",62.3600574696469,64.2556055087801,62.4656121211256,67.6822747480589,53.563932172284,53.9771416742772
"F54C9.9",210.578165078663,218.904689953641,220.21775120668,190.477258933823,194.300538272011,182.058494799681
"F54C9.11",45.1884474417731,32.6723417841255,30.703436466316,70.5829436658329,35.709288114856,79.5934122993578
"F54D1.6",687.768170063787,748.196626856473,679.710559012926,791.882614552289,725.738767275456,777.636786832806
"F54D5.3",394.947030641097,394.246257528447,359.971324087842,436.067227305351,362.344247047804,415.349530849523
"F54D5.4",472.671160240947,606.616479125263,645.830904981129,513.41839844599,448.466647795398,612.960761385859
"F54D5.5",24.4017616185575,27.2269514867712,19.0573053928858,18.3709031459017,17.854644057428,21.0419365848877
"F54D5.7",261.189226213449,265.735046510887,278.448406573831,307.470905284039,305.629495335974,293.672245380389
"gtf-2E2",45.1884474417731,49.0085126761882,43.4083067282398,43.5100337666093,29.4076490357638,33.850071897428
"F54D5.12",750.128227533434,757.998329391711,698.767864405811,800.584621305611,722.58794773591,755.67998343988
"smc-6",81.3392053951917,81.6808544603137,85.757874267986,53.1789301591892,69.3180298700146,62.2109429466245
"F54D5.15",20.7866858232156,21.781561189417,17.9985662043921,37.7086959310614,24.1562831365203,21.9568033929263
"F54E4.3",206.059320334486,225.439158310466,262.567318746426,166.305017952373,187.998899192918,173.824693527333
"F54E12.2",30.7281442604057,34.8504979030672,29.6446972778223,49.3113716021572,39.9103808342508,41.1690063617368
"lipl-1",40.6696026975958,45.7412784977757,45.5257851052271,27.0729098992236,31.5081953954612,32.9352050893894
"dhrs-4",95.7995085765591,94.7497911739639,69.8767864405811,95.7220742865405,106.077591164719,85.997479955628
"nep-17",1662.93486585725,1520.35297102131,1794.56292449674,1520.91740255281,1623.7223360461,1958.72983601063
"F55A11.1",39.7658337487604,52.2757468546008,57.1719161786573,91.8545157295085,61.9661176110737,75.0190782591649
"F55A11.6",100.318353320736,93.660713114493,97.4040053414162,102.490301761346,93.4743130065349,111.613750580709
"F55A11.7",14.4603031813674,11.9798586541793,7.41117431945558,6.76822747480589,8.40218543878965,12.8081353125403
"xdh-1",830.56366397979,773.245422224303,645.830904981129,820.889303730029,838.117997519268,741.042114511263
"F55B11.4",71.3977469580016,82.7699325197845,95.2865269644288,75.4173918621228,86.1224007475939,77.7636786832806
"hpo-31",43.3809095441022,58.8102152114259,51.878220236189,37.7086959310614,32.5584685753099,42.998739977814
"capg-2",61.4562885208115,60.9883713303676,70.9355256290748,87.9869571724766,72.4688494095607,82.3380127234736
"tsfm-1",348.854814250489,331.079730079138,311.269321417134,297.802008891459,270.970480400966,281.778976875888
"rskd-1",53.3223679812923,60.9883713303676,39.1733499742652,48.3444819628992,66.1672103304685,39.3392727456596
"srpa-68",269.323146752968,301.674622473425,314.445538982615,289.100002138137,299.327856256881,321.118249621547
"F55C10.5",32.5356821580767,23.9597173083587,30.703436466316,52.2120405199312,47.2622930931918,45.7433404019298
"F55D12.1",29.8243753115703,26.1378734273004,26.4684797123413,25.1391306207076,27.3071026760664,30.1906046652737
"F55D12.2",19.8829168743802,27.2269514867712,14.8223486389112,39.6424752095774,50.4131126327379,38.424405937621
"F55D12.5",14.4603031813674,14.158014773121,12.7048702619238,18.3709031459017,23.1060099566715,29.2757378572351
"aakb-1",79.5316674975207,71.8791519250761,85.757874267986,99.5896328435724,93.4743130065349,98.8056152681684
"F55F3.2",60.552519571976,51.1866687951299,71.9942648175684,41.5762544880933,68.2677566901659,60.3812093305473
"nkb-3",200.636706641473,182.965113991103,265.743536311907,214.649499915273,192.199991912313,231.461302433765
"F55G11.2",138.276649171826,115.44227430391,96.3452661529225,63.814716191027,45.1617467334944,50.3176744421228
"F55G11.4",84.050512241698,104.551493709202,95.2865269644288,108.291639596894,112.379230243812,133.570553973635
"dod-22",22.5942237208866,29.4051076057129,24.351001335354,42.5431441273513,45.1617467334944,53.9771416742772
"F55G11.8",127.4314217858,135.045679374385,150.340964766099,156.636121559794,123.932235222147,171.994959911256
"vha-14",1151.40164081638,1266.5977831646,1273.66324375787,1345.91037784711,1204.66333728647,1310.08926911127
"F55H2.5",56.0336748277987,44.6522004383048,51.878220236189,34.8080270132875,45.1617467334944,43.9136067858526
"F55H2.7",11.748996334861,16.3361708920627,26.4684797123413,20.3046824244177,17.854644057428,16.4676025446947
"F55H12.2",70.4939780091661,65.344683568251,58.230655367151,64.781605830285,79.8207616685017,47.573074018007
"F55H12.3",58.7449816743051,80.5917764008429,73.0530040060621,68.6491643873169,89.27322028714,76.848811875242
"F55H12.4",68.6864401114952,70.7900738656052,77.2879607600367,78.3180607798968,80.8710348483504,94.2312812279754
"ztf-26",0.903768948835463,4.3563122378834,4.23495675397461,5.80133783554791,3.15081953954612,3.65946723215438
"F56A8.3",347.951045301653,381.177320814797,416.084501078006,419.630103437965,346.590149350073,373.265657679747
"F56A8.5",24.4017616185575,43.563122378834,35.9971324087842,21.2715720636757,18.9049172372767,16.4676025446947
"glb-19",33.4394511069121,29.4051076057129,34.9383932202906,25.1391306207076,25.206556316369,32.0203382813509
"F56D5.3",88.5693569858754,68.6119177466635,43.4083067282398,89.9207364509926,58.8152980715276,75.9339450672035
"F56D5.6",220.519623515853,178.608801753219,192.690532305845,245.589968371528,228.959553207018,208.5896322328
"F56G4.4",46.0922163906086,53.3648249140716,38.1146107857715,28.0397995384816,35.709288114856,29.2757378572351
"png-1",60.552519571976,58.8102152114259,65.6418296866065,68.6491643873169,51.4633858125866,71.3596110270105
"F56G4.6",49.7072921859505,62.0774493898384,39.1733499742652,32.8742477347715,47.2622930931918,40.2541395536982
"F56H9.2",152.736952353193,200.390362942636,189.514314740364,217.550168833047,181.697260113826,232.376169241803
"F56H11.2",70.4939780091661,56.6320590924842,68.8180472520875,45.4438130451253,66.1672103304685,69.5298774109333
"F57A8.1",63.2638264184824,42.4740443193631,53.9956986131763,47.3775923236412,61.9661176110737,54.8920084823158
"yif-1",55.1299058789632,54.4539029735425,66.7005688751002,65.748495469543,61.9661176110737,57.6366089064315
"F57A8.4",15.3640721302029,25.0487953678295,16.9398270158985,28.0397995384816,25.206556316369,16.4676025446947
"dmsr-1",66.8789022138242,68.6119177466635,56.1131769901637,39.6424752095774,63.0163907909224,59.4663425225087
"F57B7.2",20.7866858232156,17.4252489515336,15.8810878274048,28.0397995384816,21.0054635969741,21.0419365848877
"F57C2.5",75.0128227533434,104.551493709202,95.2865269644288,85.0862882547027,89.27322028714,101.550215692284
"spat-1",14.4603031813674,17.4252489515336,23.2922621468604,24.1722409814496,22.0557367768228,17.3824693527333
"bet-2",154.544490250864,149.203694147506,164.104574216516,185.642810737533,194.300538272011,190.292296072028
"F57C7.4",36.1507579534185,25.0487953678295,20.1160445813794,20.3046824244177,26.2568294962177,27.4460042411579
"F57F5.1",1565.32781938302,1594.41027906532,1617.7534800183,1397.15552872779,1391.61196329954,1537.89110431288
"F57G8.5",22.5942237208866,21.781561189417,33.8796540317969,24.1722409814496,26.2568294962177,20.1270697768491
"F57G12.1",111.163580706762,114.353196244439,120.696267488277,89.9207364509926,110.278683884114,91.4866808038596
"ttr-31",124.720114939294,123.065820720206,105.873918849365,193.377927851597,221.607640948077,226.886968393572
"rpac-19",131.046497581142,88.2153228171388,105.873918849365,103.457191400604,82.9715812080478,79.5934122993578
"F58B3.4",276.553298343652,287.516607700304,282.683363327806,233.020403061174,212.155182329439,226.886968393572
"F58B3.6",262.99676411112,230.88454860782,221.276490395174,475.709702514928,354.992334788863,324.777716853702
"rbm-17",32.5356821580767,46.8303565572465,32.8209148433033,54.1458197984471,37.8098344745534,38.424405937621
"F58B4.3",68.6864401114952,92.5716350550222,78.3466999485304,59.947157633995,76.6699421289556,77.7636786832806
"F58B4.5",322.64551473426,302.763700532896,279.507145762325,175.007024705695,196.401084631708,164.676025446947
"F58B4.6",35.246989004583,31.5832637246546,41.2908283512525,35.7749166525454,29.4076490357638,25.6162706250807
"F58D5.2",18.9791479255447,14.158014773121,14.8223486389112,16.4371238673857,26.2568294962177,14.6378689286175
"F58D5.5",172.619869227573,199.301284883165,165.16331340501,192.411038212339,185.898352833221,165.590892254986
"sta-2",98.5108154230655,89.3044008766096,79.405439137024,170.172576509405,145.98797199897,136.315154397751
"hrg-3",42.4771405952668,43.563122378834,44.4670459167335,53.1789301591892,48.3125662730405,57.6366089064315
"ric-7",80.4354364463562,63.1665274493093,83.6403958909986,64.781605830285,85.0721275677452,83.2528795315122
"ddx-17",301.858828911045,316.921715306017,373.73493353826,206.914382801209,262.568294962177,333.011518126049
"droe-4",136.469111274155,101.284259530789,124.931224242251,142.132776970924,135.485240200483,82.3380127234736
"F58G1.2",7.2301515906837,13.0689367136502,7.41117431945558,2.90066891777395,3.15081953954612,2.74460042411579
"dct-18",509.725687143201,477.016190048232,541.015725320257,381.921407506904,326.634958932948,474.815873372031
"arrd-10",21.6904547720511,21.781561189417,26.4684797123413,37.7086959310614,26.2568294962177,41.1690063617368
"amph-1",197.021630846131,241.775329202529,214.924055264212,240.755520175238,202.7027237108,240.609970514151
"F58G6.3",122.008808092787,108.907805947085,123.872485053757,97.6558535650564,84.0218543878965,118.017818236979
"acc-1",33.4394511069121,17.4252489515336,23.2922621468604,27.0729098992236,33.6087417551586,21.9568033929263
"F58G6.7",140.987956018332,141.58014773121,157.752139085554,162.437459395341,120.781415682601,149.123289710291
"letm-1",225.942237208866,237.419016964645,241.392534976553,175.007024705695,184.848079653372,180.228761183603
"rde-12",282.8796809855,246.131641440412,275.27218900835,233.020403061174,299.327856256881,257.992439866884
"ccz-1",29.8243753115703,17.4252489515336,25.4097405238477,43.5100337666093,23.1060099566715,27.4460042411579
"aman-2",205.15555138565,203.657597121049,238.216317411072,204.980603522693,235.26119228611,213.163966272993
"F58H1.3",38.8620647999249,59.8992932708967,38.1146107857715,43.5100337666093,32.5584685753099,28.3608710491965
"F58H1.7",63.2638264184824,55.5429810330133,77.2879607600367,63.814716191027,59.8655712513763,70.4447442189719
"F58H10.1",23.497992669722,19.6034050704753,15.8810878274048,26.1060202599656,15.7540976977306,20.1270697768491
"dgat-2",66.8789022138242,86.0371666981971,76.2292215715431,91.8545157295085,127.083054761693,134.485420781674
"cri-3",745.609382789257,701.366270299227,805.70052244367,597.537797061435,549.292873060873,666.937903060136
"clpf-1",28.0168374138993,30.4941856651838,33.8796540317969,11.6026756710958,14.7038245178819,18.2973361607719
"F59A2.5",22.5942237208866,20.6924831299461,21.1747837698731,37.7086959310614,23.1060099566715,27.4460042411579
"golg-4",321.741745785425,291.872919938188,282.683363327806,318.106691315877,340.288510270981,308.310114309007
"skat-1",113.874887553268,90.3934789360805,94.2277877759352,95.7220742865405,79.8207616685017,91.4866808038596
"F59B2.3",18.9791479255447,15.2470928325919,19.0573053928858,18.3709031459017,15.7540976977306,17.3824693527333
"F59B2.13",19.8829168743802,22.8706392488878,20.1160445813794,11.6026756710958,22.0557367768228,18.2973361607719
"F59B8.1",24.4017616185575,35.939575962538,25.4097405238477,16.4371238673857,26.2568294962177,12.8081353125403
"idh-1",2358.83695646056,2323.00350085132,2321.81504036658,2562.25754403366,2499.65016803992,2580.83926547688
"F59B10.4",29.8243753115703,34.8504979030672,29.6446972778223,31.9073580955135,29.4076490357638,34.7649387054666
"F59B10.5",1.80753789767093,0,2.11747837698731,1.93377927851597,5.25136589924353,2.74460042411579
"exos-3",30.7281442604057,41.3849662598923,40.2320891627588,23.2053513421916,24.1562831365203,29.2757378572351
"F59C6.5",361.507579534185,323.456183662842,330.32662681002,322.941139512167,278.322392659907,317.458782389393
"F59C6.11",48.803523237115,77.3245422224303,92.1103093989479,67.6822747480589,48.3125662730405,58.5514757144701
"copz-1",66.8789022138242,63.1665274493093,78.3466999485304,84.1193986154447,68.2677566901659,101.550215692284
"del-5",14.4603031813674,15.2470928325919,12.7048702619238,22.2384617029336,25.206556316369,10.0635348884246
"F59F3.6",25.305530567393,15.2470928325919,23.2922621468604,16.4371238673857,22.0557367768228,21.0419365848877
"acox-1.6",46.9959853394441,35.939575962538,42.3495675397462,32.8742477347715,42.0109271939483,39.3392727456596
"F59F4.2",70.4939780091661,43.563122378834,59.2893945556446,71.5498333050909,69.3180298700146,83.2528795315122
"F59F4.3",25.305530567393,34.8504979030672,23.2922621468604,19.3377927851597,24.1562831365203,28.3608710491965
"acl-1",129.238959683471,106.729649828143,110.10887560334,122.794984185764,102.926771625173,92.4015476118982
"slcf-1",56.9374437766342,57.721137151955,61.4068729326319,56.0795990769631,60.915844431225,52.1474080582
"glo-3",46.9959853394441,29.4051076057129,21.1747837698731,25.1391306207076,33.6087417551586,26.5311374331193
"H01G02.1",50.6110611347859,44.6522004383048,43.4083067282398,41.5762544880933,38.8601076544021,36.5946723215438
"H01G02.3",13.5565342325319,18.5143270110044,13.7636094504175,11.6026756710958,8.40218543878965,12.8081353125403
"famk-1",50.6110611347859,45.7412784977757,33.8796540317969,44.4769234058673,43.061200373797,34.7649387054666
"H03A11.2",71.3977469580016,49.0085126761882,66.7005688751002,47.3775923236412,53.563932172284,45.7433404019298
"chd-1",112.067349655597,142.669225790681,130.224920184719,76.3842815013808,109.228410704265,96.9758816520912
"ctg-1",117.48996334861,131.778445195973,113.285093168821,154.702342281278,165.943162416096,165.590892254986
"rga-5",23.497992669722,35.939575962538,23.2922621468604,28.0397995384816,43.061200373797,28.3608710491965
"mpst-3",60.552519571976,57.721137151955,71.9942648175684,53.1789301591892,61.9661176110737,69.5298774109333
"H13N06.2",9.03768948835463,16.3361708920627,22.2335229583667,23.2053513421916,22.0557367768228,25.6162706250807
"suox-1",51.5148300836214,67.5228396871927,63.5243513096192,87.0200675332186,96.625132546081,70.4447442189719
"erfa-3",445.558091775883,428.007677372044,444.670459167335,441.868565140899,361.293973867955,472.071272947915
"math-33",348.854814250489,316.921715306017,271.037232254375,294.901339973685,315.081953954612,322.033116429586
"H19N07.3",107.54850491142,105.640571768672,89.9928310219606,114.092977432442,126.032781581845,92.4015476118982
"mboa-2",115.682425450939,76.2354641629595,68.8180472520875,122.794984185764,113.42950342366,89.6569471877824
"H21P03.2",37.054526902254,28.3160295462421,29.6446972778223,33.8411373740295,38.8601076544021,38.424405937621
"hxk-2",244.017616185575,254.844265916179,218.100272829693,190.477258933823,209.004362789893,202.18556457653
"H27A22.1",44.2846784929377,52.2757468546008,34.9383932202906,55.1127094377051,51.4633858125866,70.4447442189719
"atp-1",3805.77104354613,3690.88554354671,4213.78197020474,3810.51206831572,3705.36377850624,4293.46993012513
"mcrs-1",57.8412127254696,58.8102152114259,47.6432634822144,96.6889639257985,68.2677566901659,64.0406765627017
"slc-36.4",12.6527652836965,28.3160295462421,20.1160445813794,30.9404684562555,35.709288114856,24.7014038170421
"H32K16.2",48.803523237115,23.9597173083587,34.9383932202906,62.847826551769,42.0109271939483,42.998739977814
"lpin-1",441.943015980541,395.335335587918,376.911151103741,403.19297957058,594.454619794368,426.327932545986
"hpo-11",58.7449816743051,56.6320590924842,60.3481337441383,81.2187296976707,81.9213080281991,62.2109429466245
"dcn-1",136.469111274155,151.381850266448,120.696267488277,186.609700376791,165.943162416096,163.761158638909
"H40L08.1",56.0336748277987,51.1866687951299,51.878220236189,49.3113716021572,37.8098344745534,44.8284735938912
"JC8.2",429.290250696845,405.137038123156,381.146107857715,233.987292700432,255.216382703236,247.014038170421
"cox-11",56.9374437766342,46.8303565572465,47.6432634822144,51.2451508806732,50.4131126327379,50.3176744421228
"JC8.7",36.1507579534185,39.2068101409506,31.7621756548096,29.0066891777395,30.4579222156125,30.1906046652737
"ttr-51",337.105817915628,320.18894948443,320.797974113577,311.338463841071,348.690695709771,298.246579420582
"magi-1",70.4939780091661,69.7009958061344,70.9355256290748,85.0862882547027,70.3683030498633,58.5514757144701
"K01A11.1",18.0753789767093,5.44539029735425,9.52865269644288,13.5364549496118,14.7038245178819,14.6378689286175
"K01A11.2",83.1467432928626,58.8102152114259,62.4656121211256,39.6424752095774,43.061200373797,46.6582072099684
"fozi-1",21.6904547720511,27.2269514867712,25.4097405238477,27.0729098992236,25.206556316369,26.5311374331193
"K01C8.1",182.561327664763,170.985255336923,207.512880944756,69.6160540265749,87.1726739274426,85.997479955628
"mrpl-10",75.0128227533434,78.4136202819012,69.8767864405811,67.6822747480589,69.3180298700146,81.423145915435
"slc-25A32",22.5942237208866,22.8706392488878,17.9985662043921,18.3709031459017,24.1562831365203,17.3824693527333
"K01D12.6",65.9751332649888,58.8102152114259,68.8180472520875,57.0464887162211,59.8655712513763,54.8920084823158
"cdr-4",341.624662659805,313.654481127605,305.975625474666,198.212376047887,202.7027237108,186.632828839874
"cdr-6",211.481934027498,221.082846072582,204.336663379275,199.179265687145,172.244801495188,173.824693527333
"cdr-7",57.8412127254696,49.0085126761882,40.2320891627588,74.4505022228648,63.0163907909224,66.7852769868175
"hrg-2",34.3432200557476,52.2757468546008,31.7621756548096,137.298328774634,126.032781581845,120.762418661095
"K01F9.2",18.9791479255447,22.8706392488878,29.6446972778223,14.5033445888698,17.854644057428,21.9568033929263
"rnf-113",50.6110611347859,64.2556055087801,55.05443780167,38.6755855703194,26.2568294962177,38.424405937621
"K01G5.5",1004.99107110503,931.161740847576,1001.567272315,717.432112329425,679.526747362113,744.701581743417
"K01G5.8",59.6487506231405,83.8590105792554,48.7020026707081,75.4173918621228,57.7650248916789,72.2744778350491
"tasp-1",159.063334995041,107.818727887614,105.873918849365,247.523747650044,277.272119480059,215.908566697109
"K01G5.10",17.1716100278738,16.3361708920627,15.8810878274048,12.5695653103538,7.35191225894095,16.4676025446947
"endu-1",126.527652836965,142.669225790681,112.226353980327,106.357860318378,131.284147481088,95.146148036014
"sec-12",84.050512241698,93.660713114493,87.8753526449733,98.6227432043144,94.5245861863836,105.209682924439
"K02B12.5",34.3432200557476,38.1177320814797,26.4684797123413,25.1391306207076,28.3573758559151,31.1054714733123
"K02B12.7",84.9542811905335,100.195181471318,73.0530040060621,118.927425628732,99.7759520856271,105.209682924439
"K02C4.3",89.4731259347108,74.0573080440178,86.8166134564796,79.2849504191547,88.2229471072913,85.997479955628
"K02C4.5",60.552519571976,58.8102152114259,48.7020026707081,58.0133783554791,72.4688494095607,67.7001437948561
"K02D3.1",35.246989004583,39.2068101409506,25.4097405238477,55.1127094377051,51.4633858125866,42.0838731697754
"K02E2.6",1.80753789767093,1.08907805947085,1.05873918849365,0.966889639257985,2.10054635969741,0.914866808038596
"K02E11.3",38.8620647999249,46.8303565572465,35.9971324087842,46.4107026843833,45.1617467334944,43.9136067858526
"K02E11.4",60.552519571976,57.721137151955,44.4670459167335,77.3511711406388,77.7202153088043,84.1677463395508
"K02E11.5",49.7072921859505,65.344683568251,77.2879607600367,100.55652248283,74.5693957692582,92.4015476118982
"K02E11.6",66.8789022138242,76.2354641629595,46.5845242937208,76.3842815013808,63.0163907909224,76.848811875242
"K02E11.7",16.2678410790383,22.8706392488878,11.6461310734302,21.2715720636757,15.7540976977306,21.0419365848877
"K03A11.5",28.9206063627348,28.3160295462421,20.1160445813794,30.9404684562555,31.5081953954612,32.9352050893894
"K03B8.6",290.109832576184,300.585544413954,302.799407909185,212.715720636757,247.864470444295,271.715441987463
"mys-2",72.301515906837,72.9682299845469,59.2893945556446,42.5431441273513,58.8152980715276,64.0406765627017
"ttr-3",9.03768948835463,6.5344683568251,5.29369594246827,23.2053513421916,17.854644057428,18.2973361607719
"ttr-2",150.929414455522,137.223835493327,123.872485053757,226.252175586368,150.189064718365,185.717962031835
"K03H1.5",207.866858232156,212.370221596816,207.512880944756,268.79531971372,217.406548228682,247.928904978459
"cbp-2",10.8452273860256,15.2470928325919,11.6461310734302,25.1391306207076,24.1562831365203,18.2973361607719
"K03H1.11",6.32638264184824,4.3563122378834,6.35243513096192,5.80133783554791,10.5027317984871,10.9784016964632
"K04B12.2",42.4771405952668,43.563122378834,48.7020026707081,45.4438130451253,38.8601076544021,42.998739977814
"smg-8",37.9582958510894,33.7614198435963,41.2908283512525,21.2715720636757,35.709288114856,22.8716702009649
"K04C1.2",18.9791479255447,20.6924831299461,21.1747837698731,26.1060202599656,18.9049172372767,20.1270697768491
"rack-1",609.140271515102,497.708673178178,677.593080635938,460.239468286801,586.052434355578,655.959501363673
"mspn-1",112.067349655597,120.887664601264,125.989963430745,93.7882950080245,96.625132546081,101.550215692284
"ptp-4",27.1130684650639,32.6723417841255,32.8209148433033,29.9735788169975,25.206556316369,25.6162706250807
"eif-2beta",328.068128427273,365.930227982205,368.441237595792,368.384952557292,335.037144371737,398.881928304828
"cdc-48.3",140.084187069497,125.243976839148,120.696267488277,79.2849504191547,79.8207616685017,85.997479955628
"ath-1",112.067349655597,88.2153228171388,92.1103093989479,85.0862882547027,102.926771625173,85.997479955628
"vacl-14",44.2846784929377,50.0975907356591,40.2320891627588,46.4107026843833,49.3628394528892,53.0622748662386
"K04G2.9",114.778656502104,105.640571768672,101.638962095391,153.73545264202,121.83168886245,149.123289710291
"wdr-5.2",14.4603031813674,9.80170253523765,16.9398270158985,18.3709031459017,15.7540976977306,14.6378689286175
"K04H4.2",0,0,1.05873918849365,87.0200675332186,66.1672103304685,48.4879408260456
"flp-25",46.0922163906086,35.939575962538,50.8194810476954,35.7749166525454,38.8601076544021,37.5095391295824
"K05C4.2",108.452273860256,112.175040125497,119.637528299783,90.8876260902505,90.3234934669888,105.209682924439
"K05C4.5",328.068128427273,350.683135149614,316.563017359602,187.576590016049,222.657914127926,205.845031808684
"K05C4.7",54.2261369301278,55.5429810330133,46.5845242937208,51.2451508806732,50.4131126327379,58.5514757144701
"gsnl-1",308.185211552893,280.982139343479,322.915452490564,349.047159772132,326.634958932948,294.587112188428
"haao-1",50.6110611347859,44.6522004383048,59.2893945556446,80.2518400584127,70.3683030498633,70.4447442189719
"K06A4.7",28.0168374138993,58.8102152114259,93.1690485874415,48.3444819628992,43.061200373797,54.8920084823158
"K06G5.1",1229.12577041623,1228.48005108312,1268.3695478154,1240.51940716799,1132.19448787691,1311.00413591931
"dut-1",52.4185990324568,47.9194346167174,61.4068729326319,87.9869571724766,80.8710348483504,96.0610148440526
"ate-1",37.054526902254,39.2068101409506,34.9383932202906,23.2053513421916,24.1562831365203,25.6162706250807
"K07A1.10",141.891724967168,127.422132958089,141.87105125815,162.437459395341,135.485240200483,160.101691406754
"K07A12.1",150.025645506687,168.807099217982,151.399703954592,105.39097067912,114.479776603509,108.869150156593
"egg-6",32.5356821580767,28.3160295462421,37.0558715972779,16.4371238673857,19.9551904171254,13.7230021205789
"K07A12.4",93.9919706788881,98.0170253523765,97.4040053414162,87.9869571724766,79.8207616685017,85.997479955628
"mrps-15",192.502786101954,205.835753239991,241.392534976553,223.351506668594,223.708187307774,233.291036049842
"K07C5.2",66.8789022138242,78.4136202819012,63.5243513096192,80.2518400584127,81.9213080281991,69.5298774109333
"K07C5.3",114.778656502104,102.37333759026,105.873918849365,113.126087793184,108.178137524417,113.443484196786
"nol-56",1418.01348072284,1266.5977831646,1273.66324375787,1158.33378783107,1069.17809708598,1090.52123518201
"ceeh-2",36.1507579534185,28.3160295462421,20.1160445813794,32.8742477347715,37.8098344745534,30.1906046652737
"K07C5.6",100.318353320736,127.422132958089,137.636094504175,120.861204907248,92.4240398266862,107.039416540516
"ttll-15",66.8789022138242,59.8992932708967,53.9956986131763,62.847826551769,71.418576229712,69.5298774109333
"cash-1",210.578165078663,217.81561189417,218.100272829693,202.079934604919,184.848079653372,204.930165000645
"K07F5.14",192.502786101954,202.568519061578,222.335229583667,115.0598670717,111.328957063963,123.50701908521
"K07F5.15",27.1130684650639,17.4252489515336,15.8810878274048,18.3709031459017,10.5027317984871,23.7865370090035
"crml-1",76.8203606510143,58.8102152114259,68.8180472520875,84.1193986154447,94.5245861863836,85.0826131475894
"K07G5.5",84.9542811905335,55.5429810330133,58.230655367151,84.1193986154447,56.7147517118302,79.5934122993578
"fecl-1",83.1467432928626,76.2354641629595,91.0515702104542,69.6160540265749,86.1224007475939,72.2744778350491
"K08C7.1",71.3977469580016,66.4337616277218,61.4068729326319,25.1391306207076,18.9049172372767,25.6162706250807
"K08C7.4",19.8829168743802,18.5143270110044,29.6446972778223,12.5695653103538,18.9049172372767,18.2973361607719
"K08C7.6",37.9582958510894,21.781561189417,39.1733499742652,16.4371238673857,22.0557367768228,33.850071897428
"K08C7.7",24.4017616185575,28.3160295462421,19.0573053928858,21.2715720636757,16.8043708775793,23.7865370090035
"K08D8.3",152.736952353193,179.69787981269,175.750705289947,188.543479655307,153.339884257911,157.357090982638
"K08D8.4",98.5108154230655,63.1665274493093,66.7005688751002,68.6491643873169,86.1224007475939,88.7420803797438
"K08D8.5",33.4394511069121,38.1177320814797,25.4097405238477,31.9073580955135,23.1060099566715,26.5311374331193
"K08D8.6",302.76259785988,321.278027543901,355.736367333868,200.146155326403,183.797806473524,206.759898616723
"tyr-2",27.1130684650639,46.8303565572465,32.8209148433033,48.3444819628992,59.8655712513763,75.9339450672035
"dbn-1",150.025645506687,156.827240563802,153.51718233158,170.172576509405,177.496167394431,139.974621629905
"K08E3.5",529.608604017581,556.518888389604,511.371028042435,566.597328605179,514.633858125866,479.390207412224
"K08E4.3",26.2092995162284,18.5143270110044,35.9971324087842,18.3709031459017,27.3071026760664,14.6378689286175
"K08E4.6",67.7826711626597,62.0774493898384,65.6418296866065,58.0133783554791,75.6196689491069,72.2744778350491
"eak-7",65.0713643161533,60.9883713303676,70.9355256290748,77.3511711406388,74.5693957692582,81.423145915435
"K08E7.5",0,0,0,27.0729098992236,24.1562831365203,14.6378689286175
"K08E7.6",25.305530567393,38.1177320814797,21.1747837698731,27.0729098992236,22.0557367768228,33.850071897428
"ctf-18",93.0882017300527,89.3044008766096,85.757874267986,56.0795990769631,70.3683030498633,75.0190782591649
"gtbp-1",343.432200557476,286.427529640833,355.736367333868,272.662878270752,301.428402616579,310.139847925084
"mak-1",412.118640668971,419.295052896277,418.201979454993,426.398330912771,489.427301809497,397.052194688751
"aipl-1",69.5902090603306,70.7900738656052,77.2879607600367,87.9869571724766,105.027317984871,112.528617388747
"K08F9.4",36.1507579534185,26.1378734273004,16.9398270158985,21.2715720636757,31.5081953954612,26.5311374331193
"uda-1",132.854035478813,152.470928325919,146.106008012124,184.675921098275,154.39015743776,138.144888013828
"trpp-6",32.5356821580767,43.563122378834,28.5859580893287,40.6093648488354,55.6644785319814,48.4879408260456
"nipi-3",193.406555050789,213.459299656286,183.161879609402,247.523747650044,200.602177351103,240.609970514151
"ent-2",164.485948688054,113.264118184968,115.402571545808,142.132776970924,123.932235222147,122.592152277172
"usp-33",20.7866858232156,23.9597173083587,24.351001335354,10.6357860318378,23.1060099566715,14.6378689286175
"K09A9.6",184.368865562434,204.74667518052,195.866749871326,213.682610276015,193.250265092162,161.016558214793
"K09A11.1",19.8829168743802,18.5143270110044,23.2922621468604,28.0397995384816,30.4579222156125,16.4676025446947
"nol-9",47.8997542882795,34.8504979030672,50.8194810476954,27.0729098992236,30.4579222156125,27.4460042411579
"uso-1",131.950266529978,142.669225790681,125.989963430745,147.934114806472,148.088518358668,148.208422902253
"algn-3",53.3223679812923,68.6119177466635,68.8180472520875,74.4505022228648,67.2174835103172,70.4447442189719
"K09E4.3",58.7449816743051,53.3648249140716,44.4670459167335,31.9073580955135,55.6644785319814,57.6366089064315
"K09E4.4",38.8620647999249,58.8102152114259,63.5243513096192,60.914047273253,54.6142053521327,55.8068752903543
"cpg-7",3.61507579534185,7.62354641629595,6.35243513096192,26.1060202599656,27.3071026760664,22.8716702009649
"K09E9.1",44.2846784929377,44.6522004383048,39.1733499742652,47.3775923236412,38.8601076544021,47.573074018007
"erv-46",36.1507579534185,33.7614198435963,40.2320891627588,31.9073580955135,23.1060099566715,34.7649387054666
"K09E9.3",44.2846784929377,38.1177320814797,34.9383932202906,41.5762544880933,42.0109271939483,32.9352050893894
"K09G1.1",150.929414455522,159.005396682744,185.279357986389,259.12642332114,239.462285005505,272.630308795502
"ensa-1",57.8412127254696,65.344683568251,57.1719161786573,71.5498333050909,57.7650248916789,68.6150106028947
"K10C3.4",170.812331329902,193.855894585811,187.396836363377,173.073245427179,164.892889236247,184.803095223796
"K10C3.5",335.298280017957,316.921715306017,308.093103851653,137.298328774634,155.440430617609,156.4422241746
"istr-1",246.728923032081,247.220719499883,212.806576887224,261.060202599656,222.657914127926,257.992439866884
"K10D3.4",45.1884474417731,28.3160295462421,32.8209148433033,185.642810737533,154.39015743776,171.994959911256
"K10D3.6",13.5565342325319,13.0689367136502,6.35243513096192,37.7086959310614,30.4579222156125,22.8716702009649
"K10D6.2",184.368865562434,205.835753239991,200.101706625301,215.616389554531,198.501630991406,236.950503281996
"K10D6.4",54.2261369301278,74.0573080440178,60.3481337441383,57.0464887162211,61.9661176110737,49.4028076340842
"dod-17",85.858050139369,90.3934789360805,91.0515702104542,85.0862882547027,72.4688494095607,81.423145915435
"K10D11.5",84.050512241698,114.353196244439,89.9928310219606,68.6491643873169,77.7202153088043,80.5082791073964
"K10D11.6",32.5356821580767,37.0286540220089,39.1733499742652,29.0066891777395,36.7595612947047,32.0203382813509
"K10G4.3",27.1130684650639,21.781561189417,13.7636094504175,18.3709031459017,24.1562831365203,23.7865370090035
"vglu-2",18.9791479255447,20.6924831299461,26.4684797123413,29.9735788169975,51.4633858125866,40.2541395536982
"K10G9.2",21.6904547720511,18.5143270110044,9.52865269644288,12.5695653103538,11.5530049783358,16.4676025446947
"pad-2",27.1130684650639,28.3160295462421,24.351001335354,22.2384617029336,28.3573758559151,10.9784016964632
"vnut-1",53.3223679812923,57.721137151955,57.1719161786573,61.880936912511,43.061200373797,57.6366089064315
"cysl-2",88.5693569858754,94.7497911739639,92.1103093989479,110.22541887541,112.379230243812,138.144888013828
"mrps-27",278.360836241323,252.666109797237,285.859580893287,264.927761156688,264.668841321874,307.395247500968
"asah-1",233.172388799549,270.091358748771,268.919753877388,189.510369294565,221.607640948077,211.334232656916
"K11D2.4",19.8829168743802,11.9798586541793,26.4684797123413,15.4702342281278,8.40218543878965,16.4676025446947
"K11D2.5",54.2261369301278,46.8303565572465,58.230655367151,33.8411373740295,34.6590149350073,50.3176744421228
"K11D9.3",180.753789767093,184.054192050574,175.750705289947,218.517058472305,221.607640948077,207.674765424761
"K11E4.1",26.2092995162284,26.1378734273004,20.1160445813794,31.9073580955135,22.0557367768228,24.7014038170421
"K11E4.2",17.1716100278738,17.4252489515336,19.0573053928858,6.76822747480589,10.5027317984871,14.6378689286175
"pix-1",38.8620647999249,46.8303565572465,49.7607418592017,41.5762544880933,54.6142053521327,45.7433404019298
"gpdh-2",338.009586864463,303.852778592367,293.270755212742,372.252511114324,331.886324832191,305.565513884891
"K11H3.3",84.9542811905335,79.502698341372,92.1103093989479,81.2187296976707,74.5693957692582,96.9758816520912
"mrpl-36",19.8829168743802,26.1378734273004,30.703436466316,21.2715720636757,13.6535513380332,21.9568033929263
"twk-48",18.0753789767093,28.3160295462421,29.6446972778223,29.0066891777395,18.9049172372767,17.3824693527333
"top-2",245.825154083246,234.151782786233,263.62605793492,311.338463841071,287.774851278546,328.437184085856
"sulp-4",67.7826711626597,71.8791519250761,46.5845242937208,136.331439135376,85.0721275677452,77.7636786832806
"sulp-5",39.7658337487604,29.4051076057129,24.351001335354,55.1127094377051,33.6087417551586,29.2757378572351
"sodh-1",1649.37833162472,1873.21426228986,1454.70764499028,2244.15085271778,2491.24798260113,1828.81874926915
"LLC1.2",329.875666324944,362.662993803793,390.674760554158,326.808698069199,295.126763537487,354.053454710937
"dld-1",633.542033133659,638.199742849918,725.236344118153,639.114051549528,612.309263851796,675.171704332484
"clip-1",174.427407125244,154.649084444861,171.515748535972,177.907693623469,173.295074675037,133.570553973635
"M01E5.2",18.0753789767093,25.0487953678295,23.2922621468604,20.3046824244177,16.8043708775793,21.9568033929263
"M01E5.3",129.238959683471,175.341567574807,174.691966101453,132.463880578344,156.490703797457,150.03815651833
"M01E5.4",35.246989004583,31.5832637246546,31.7621756548096,41.5762544880933,39.9103808342508,33.850071897428
"M01F1.3",49.7072921859505,56.6320590924842,37.0558715972779,40.6093648488354,43.061200373797,40.2541395536982
"M01F1.4",183.465096613599,174.252489515336,168.339530970491,186.609700376791,185.898352833221,183.888228415758
"hmit-1.3",253.959074622765,215.637455775228,191.631793117351,263.96087151743,209.004362789893,202.18556457653
"mrpl-35",108.452273860256,118.709508482323,134.459876938694,105.39097067912,102.926771625173,94.2312812279754
"pitp-1",99.4145843719009,89.3044008766096,83.6403958909986,65.748495469543,80.8710348483504,69.5298774109333
"M01F1.9",14.4603031813674,18.5143270110044,28.5859580893287,19.3377927851597,28.3573758559151,13.7230021205789
"M01G12.9",41.5733716464313,49.0085126761882,58.230655367151,53.1789301591892,53.563932172284,48.4879408260456
"M02B1.2",26.2092995162284,27.2269514867712,23.2922621468604,22.2384617029336,19.9551904171254,21.9568033929263
"M02B1.3",80.4354364463562,62.0774493898384,96.3452661529225,71.5498333050909,88.2229471072913,85.0826131475894
"mct-3",309.992749450564,292.961997997659,301.740668720691,420.596993077223,389.65134972387,398.881928304828
"M03B6.3",0,0,2.11747837698731,59.947157633995,54.6142053521327,40.2541395536982
"M03C11.1",20.7866858232156,11.9798586541793,15.8810878274048,12.5695653103538,18.9049172372767,12.8081353125403
"chl-1",19.8829168743802,22.8706392488878,15.8810878274048,19.3377927851597,13.6535513380332,12.8081353125403
"M03C11.3",84.9542811905335,98.0170253523765,114.343832357315,74.4505022228648,86.1224007475939,109.784016964632
"ymel-1",204.251782436815,199.301284883165,220.21775120668,148.90100444573,190.099445552616,156.4422241746
"prp-3",103.933429116078,99.1061034118473,122.813745865264,80.2518400584127,94.5245861863836,76.848811875242
"M03C11.8",172.619869227573,166.62894309904,209.630359321743,168.238797230889,193.250265092162,185.717962031835
"M04B2.2",25.305530567393,17.4252489515336,15.8810878274048,26.1060202599656,23.1060099566715,13.7230021205789
"M04B2.4",86.7618190882044,86.0371666981971,100.580222906897,88.9538468117346,71.418576229712,78.6785454913192
"M04B2.6",29.8243753115703,31.5832637246546,33.8796540317969,39.6424752095774,35.709288114856,35.6798055135052
"M04C3.1",43.3809095441022,33.7614198435963,42.3495675397462,46.4107026843833,48.3125662730405,41.1690063617368
"M04C3.2",27.1130684650639,34.8504979030672,30.703436466316,24.1722409814496,29.4076490357638,30.1906046652737
"M04C9.1",28.9206063627348,49.0085126761882,43.4083067282398,41.5762544880933,37.8098344745534,22.8716702009649
"M04C9.3",40.6696026975958,50.0975907356591,50.8194810476954,38.6755855703194,46.2120199133431,38.424405937621
"xbx-3",42.4771405952668,35.939575962538,32.8209148433033,39.6424752095774,36.7595612947047,32.0203382813509
"tag-260",214.193240874005,172.074333396394,191.631793117351,160.503680116825,187.998899192918,177.484160759488
"somi-1",217.808316669347,257.02242203512,212.806576887224,180.808362541243,263.618568142025,188.462562455951
"let-522",40.6696026975958,46.8303565572465,25.4097405238477,56.0795990769631,49.3628394528892,39.3392727456596
"M05B5.4",71.3977469580016,66.4337616277218,64.5830904981129,90.8876260902505,91.3737666468375,65.8704101787789
"trpa-2",20.7866858232156,52.2757468546008,37.0558715972779,33.8411373740295,31.5081953954612,26.5311374331193
"M05D6.2",73.2052848556725,57.721137151955,76.2292215715431,60.914047273253,67.2174835103172,51.2325412501614
"lact-4",206.963089283321,200.390362942636,130.224920184719,386.755855703194,289.875397638243,277.204642835695
"M05D6.5",110.259811757926,107.818727887614,118.578789111289,144.06655624944,99.7759520856271,118.017818236979
"M05D6.6",136.469111274155,152.470928325919,159.869617462542,174.040135066437,168.043708775793,158.271957790677
"atg-7",46.9959853394441,49.0085126761882,56.1131769901637,67.6822747480589,70.3683030498633,68.6150106028947
"M7.8",23.497992669722,29.4051076057129,14.8223486389112,29.9735788169975,19.9551904171254,20.1270697768491
"M7.12",78.6278985486853,71.8791519250761,82.581656702505,125.695653103538,102.926771625173,86.9123467636666
"dlc-2",73.2052848556725,88.2153228171388,88.9340918334669,99.5896328435724,89.27322028714,100.635348884246
"M18.3",15.3640721302029,30.4941856651838,20.1160445813794,11.6026756710958,10.5027317984871,5.48920084823158
"ddb-1",179.850020818257,137.223835493327,148.223486389112,129.56321166057,138.636059740029,123.50701908521
"M18.6",12.6527652836965,17.4252489515336,14.8223486389112,17.4040135066437,15.7540976977306,16.4676025446947
"dhhc-6",22.5942237208866,21.781561189417,40.2320891627588,29.9735788169975,13.6535513380332,30.1906046652737
"M28.5",416.637485413148,361.573915744322,429.848110528423,325.841808429941,267.81966086142,378.754858527979
"lact-3",164.485948688054,149.203694147506,153.51718233158,146.000335527956,127.083054761693,143.63408886206
"M28.8",30.7281442604057,27.2269514867712,43.4083067282398,48.3444819628992,47.2622930931918,54.8920084823158
"M28.10",235.883695646056,249.398875618825,225.511447149148,261.060202599656,215.306001868985,259.822173482961
"M79.2",75.0128227533434,78.4136202819012,83.6403958909986,177.907693623469,160.691796516852,137.230021205789
"ugt-62",1202.01270195117,1318.8735300192,1286.36811401979,759.975256456776,758.297235850766,846.251797435701
"mrps-34",139.180418120661,136.134757433856,159.869617462542,162.437459395341,144.937698819121,135.400287589712
"imph-1",275.649529394816,341.970510673847,329.267887621526,234.95418233969,265.719114501723,284.523577300003
"cisd-3.1",66.8789022138242,54.4539029735425,55.05443780167,80.2518400584127,93.4743130065349,64.9555433707403
"M106.2",24.4017616185575,20.6924831299461,22.2335229583667,28.0397995384816,25.206556316369,20.1270697768491
"M106.3",222.327161413524,254.844265916179,212.806576887224,246.556858010786,203.752996890649,215.908566697109
"gmps-1",283.783449934335,252.666109797237,290.094537647261,250.424416567818,266.769387681571,268.970841563347
"M110.3",11.748996334861,18.5143270110044,16.9398270158985,18.3709031459017,6.30163907909224,10.9784016964632
"M117.1",46.0922163906086,37.0286540220089,35.9971324087842,35.7749166525454,37.8098344745534,23.7865370090035
"M142.5",31.6319132092412,41.3849662598923,28.5859580893287,42.5431441273513,34.6590149350073,37.5095391295824
"rle-1",28.9206063627348,22.8706392488878,24.351001335354,9.66889639257985,34.6590149350073,36.5946723215438
"M153.1",16.2678410790383,16.3361708920627,17.9985662043921,41.5762544880933,36.7595612947047,32.0203382813509
"M153.2",28.9206063627348,23.9597173083587,27.527218900835,31.9073580955135,31.5081953954612,25.6162706250807
"M163.1",86.7618190882044,52.2757468546008,68.8180472520875,65.748495469543,53.563932172284,62.2109429466245
"ztf-14",17.1716100278738,18.5143270110044,16.9398270158985,24.1722409814496,32.5584685753099,13.7230021205789
"gss-1",178.042482920586,181.876035931632,217.041533641199,193.377927851597,143.887425639273,190.292296072028
"chch-3",208.770627180992,206.924831299461,194.808010682832,217.550168833047,191.149718732465,211.334232656916
"M176.4",34.3432200557476,51.1866687951299,40.2320891627588,32.8742477347715,39.9103808342508,50.3176744421228
"M176.5",105.740967013749,123.065820720206,102.697701283884,100.55652248283,87.1726739274426,89.6569471877824
"chil-13",9.03768948835463,26.1378734273004,6.35243513096192,18.3709031459017,16.8043708775793,8.23380127234736
"M176.11",32.5356821580767,22.8706392488878,29.6446972778223,23.2053513421916,26.2568294962177,20.1270697768491
"nduo-6",55.1299058789632,30.4941856651838,38.1146107857715,26.1060202599656,57.7650248916789,38.424405937621
"ndfl-4",17.1716100278738,9.80170253523765,14.8223486389112,12.5695653103538,26.2568294962177,13.7230021205789
"atp-6",151.833183404358,87.1262447576679,85.757874267986,86.0531778939606,179.596713754129,75.0190782591649
"nduo-2",60.552519571976,23.9597173083587,32.8209148433033,27.0729098992236,70.3683030498633,36.5946723215438
"ctc-3",165.38971763689,100.195181471318,121.75500667677,84.1193986154447,245.763924084597,150.953023326368
"nduo-4",99.4145843719009,47.9194346167174,52.9369594246827,26.1060202599656,91.3737666468375,57.6366089064315
"ctc-1",479.901311831631,239.597173083587,337.737801129476,215.616389554531,541.940960801933,361.372389175245
"ctc-2",227.749775106537,202.568519061578,136.577355315681,153.73545264202,267.81966086142,131.740820357558
"nduo-3",56.0336748277987,40.2958882004214,41.2908283512525,39.6424752095774,64.0666639707711,44.8284735938912
"glb-20",15.3640721302029,15.2470928325919,14.8223486389112,11.6026756710958,14.7038245178819,10.9784016964632
"R01H10.4",12.6527652836965,5.44539029735425,8.46991350794923,16.4371238673857,11.5530049783358,6.40406765627017
"R01H10.7",46.9959853394441,56.6320590924842,44.4670459167335,48.3444819628992,38.8601076544021,36.5946723215438
"R02D5.1",12.6527652836965,21.781561189417,15.8810878274048,13.5364549496118,24.1562831365203,31.1054714733123
"R02D5.3",65.0713643161533,58.8102152114259,60.3481337441383,72.5167229443488,60.915844431225,70.4447442189719
"mocs-1",25.305530567393,30.4941856651838,26.4684797123413,31.9073580955135,29.4076490357638,18.2973361607719
"nkat-3",62.3600574696469,56.6320590924842,48.7020026707081,43.5100337666093,48.3125662730405,59.4663425225087
"R03A10.5",29.8243753115703,32.6723417841255,33.8796540317969,20.3046824244177,21.0054635969741,18.2973361607719
"sprr-1",22.5942237208866,20.6924831299461,9.52865269644288,13.5364549496118,18.9049172372767,14.6378689286175
"metr-1",607.332733617431,508.599453772887,572.777900975067,1168.00268422365,1058.6753652875,1113.39290538297
"tceb-3",78.6278985486853,87.1262447576679,62.4656121211256,91.8545157295085,81.9213080281991,109.784016964632
"vha-20",989.626998974832,1105.41423036291,1109.55866954135,1095.4859612793,998.80979403612,1100.58477007043
"lgc-25",32.5356821580767,26.1378734273004,22.2335229583667,34.8080270132875,34.6590149350073,31.1054714733123
"R03G8.3",31.6319132092412,40.2958882004214,22.2335229583667,32.8742477347715,31.5081953954612,46.6582072099684
"R04B5.5",28.0168374138993,33.7614198435963,52.9369594246827,32.8742477347715,31.5081953954612,28.3608710491965
"R04B5.6",32.5356821580767,45.7412784977757,39.1733499742652,30.9404684562555,22.0557367768228,14.6378689286175
"ugt-47",65.9751332649888,83.8590105792554,73.0530040060621,39.6424752095774,51.4633858125866,51.2325412501614
"cyp-14A4",28.9206063627348,32.6723417841255,17.9985662043921,12.5695653103538,18.9049172372767,23.7865370090035
"R04F11.2",319.934207887754,259.200578154062,319.739234925083,333.576925544005,289.875397638243,309.224981117045
"R04F11.3",60.552519571976,59.8992932708967,53.9956986131763,76.3842815013808,51.4633858125866,59.4663425225087
"R04F11.5",46.0922163906086,40.2958882004214,50.8194810476954,51.2451508806732,59.8655712513763,63.1258097546631
"R05A10.1",230.461081953043,234.151782786233,221.276490395174,287.166222859621,312.981407594915,287.268177724119
"R05A10.2",128.335190734636,147.025538028565,134.459876938694,202.079934604919,164.892889236247,175.65442714341
"R05A10.3",51.5148300836214,64.2556055087801,51.878220236189,56.0795990769631,60.915844431225,53.0622748662386
"R05A10.4",20.7866858232156,17.4252489515336,12.7048702619238,26.1060202599656,19.9551904171254,12.8081353125403
"R05D7.1",84.9542811905335,86.0371666981971,98.4627445299098,88.9538468117346,84.0218543878965,84.1677463395508
"R05D7.3",25.305530567393,19.6034050704753,24.351001335354,29.0066891777395,30.4579222156125,20.1270697768491
"abhd-11.2",58.7449816743051,72.9682299845469,51.878220236189,61.880936912511,66.1672103304685,64.0406765627017
"R05D7.5",18.0753789767093,21.781561189417,21.1747837698731,25.1391306207076,19.9551904171254,22.8716702009649
"ddx-52",257.574150418107,271.180436808241,256.214883615464,135.364549496118,182.747533293675,147.293556094214
"R05D11.5",147.31433866018,164.450786980098,164.104574216516,148.90100444573,131.284147481088,140.889488437944
"paxt-1",71.3977469580016,62.0774493898384,71.9942648175684,52.2120405199312,43.061200373797,56.7217420983929
"snrp-27",62.3600574696469,68.6119177466635,49.7607418592017,71.5498333050909,48.3125662730405,62.2109429466245
"edc-3",86.7618190882044,87.1262447576679,92.1103093989479,86.0531778939606,69.3180298700146,74.1042114511263
"R05D11.9",65.0713643161533,60.9883713303676,81.5229175140113,32.8742477347715,60.915844431225,57.6366089064315
"R05H5.3",110.259811757926,103.462415649731,82.581656702505,122.794984185764,137.585786560181,142.719222054021
"R05H5.5",21.6904547720511,26.1378734273004,33.8796540317969,30.9404684562555,24.1562831365203,19.2122029688105
"R05H10.1",37.054526902254,42.4740443193631,26.4684797123413,46.4107026843833,44.1114735536457,24.7014038170421
"rbm-28",286.494756780842,280.982139343479,267.861014688894,139.23210805315,159.641523337003,159.186824598716
"R05H10.3",11.748996334861,15.2470928325919,12.7048702619238,6.76822747480589,17.854644057428,14.6378689286175
"gpx-2",325.356821580767,316.921715306017,308.093103851653,377.086959310614,306.679768515822,342.160186206435
"R06A4.2",30.7281442604057,26.1378734273004,26.4684797123413,24.1722409814496,26.2568294962177,28.3608710491965
"agl-1",183.465096613599,194.944972645282,197.984228248313,235.921071978948,239.462285005505,232.376169241803
"pfs-2",58.7449816743051,70.7900738656052,82.581656702505,53.1789301591892,71.418576229712,55.8068752903543
"arrd-13",25.305530567393,21.781561189417,12.7048702619238,30.9404684562555,27.3071026760664,20.1270697768491
"arrd-14",93.0882017300527,114.353196244439,112.226353980327,139.23210805315,108.178137524417,147.293556094214
"fdps-1",55.1299058789632,59.8992932708967,55.05443780167,43.5100337666093,61.9661176110737,75.0190782591649
"R06C1.4",518.763376631556,434.542145728869,444.670459167335,378.053848949872,401.204354702206,457.433404019298
"R06C1.6",71.3977469580016,79.502698341372,51.878220236189,95.7220742865405,78.770488488653,75.9339450672035
"wago-1",58.7449816743051,57.721137151955,59.2893945556446,36.7418062918034,55.6644785319814,64.9555433707403
"adsl-1",162.678410790383,142.669225790681,160.928356651035,125.695653103538,140.736606099727,145.463822478137
"vps-11",124.720114939294,118.709508482323,91.0515702104542,110.22541887541,133.384693840786,111.613750580709
"set-14",37.054526902254,45.7412784977757,41.2908283512525,41.5762544880933,30.4579222156125,48.4879408260456
"msrp-7",33.4394511069121,34.8504979030672,41.2908283512525,44.4769234058673,31.5081953954612,53.0622748662386
"R06F6.8",72.301515906837,50.0975907356591,53.9956986131763,59.947157633995,100.826225265476,65.8704101787789
"tag-209",56.9374437766342,56.6320590924842,51.878220236189,94.7551846472825,72.4688494095607,66.7852769868175
"scav-5",121.105039143952,130.689367136502,123.872485053757,79.2849504191547,100.826225265476,103.379949308361
"glo-1",18.9791479255447,16.3361708920627,12.7048702619238,18.3709031459017,30.4579222156125,20.1270697768491
"kmo-1",103.029660167243,65.344683568251,55.05443780167,77.3511711406388,85.0721275677452,81.423145915435
"R07B7.6",41.5733716464313,41.3849662598923,35.9971324087842,74.4505022228648,56.7147517118302,63.1258097546631
"R07B7.8",14.4603031813674,18.5143270110044,19.0573053928858,27.0729098992236,21.0054635969741,21.9568033929263
"R07B7.9",19.8829168743802,17.4252489515336,23.2922621468604,27.0729098992236,33.6087417551586,28.3608710491965
"R07B7.10",22.5942237208866,13.0689367136502,13.7636094504175,18.3709031459017,11.5530049783358,25.6162706250807
"gana-1",102.125891218407,112.175040125497,86.8166134564796,155.669231920536,177.496167394431,160.101691406754
"nhr-209",16.2678410790383,23.9597173083587,10.5873918849365,13.5364549496118,11.5530049783358,7.31893446430877
"R07E3.1",978.781771588806,887.598618468742,907.339484539061,1077.11505813339,887.480836972157,1003.60888841834
"acl-5",102.125891218407,105.640571768672,106.932658037859,170.172576509405,162.792342876549,133.570553973635
"R07E3.6",3.61507579534185,0,1.05873918849365,77.3511711406388,71.418576229712,42.0838731697754
"R07E3.7",13.5565342325319,18.5143270110044,19.0573053928858,19.3377927851597,14.7038245178819,18.2973361607719
"R07E5.1",44.2846784929377,42.4740443193631,39.1733499742652,45.4438130451253,33.6087417551586,27.4460042411579
"prdx-3",272.93822254831,267.913202629829,304.916886286172,327.775587708457,288.825124458394,295.501978996466
"snfc-5",90.3768948835463,79.502698341372,93.1690485874415,108.291639596894,87.1726739274426,89.6569471877824
"R07E5.4",45.1884474417731,32.6723417841255,49.7607418592017,76.3842815013808,70.3683030498633,92.4015476118982
"R07E5.7",182.561327664763,163.361708920627,159.869617462542,199.179265687145,129.183601121391,163.761158638909
"pdcd-2",52.4185990324568,51.1866687951299,47.6432634822144,35.7749166525454,33.6087417551586,35.6798055135052
"mpc-1",272.034453599474,320.18894948443,364.206280841817,290.066891777395,262.568294962177,300.076313036659
"cpt-2",159.967103943877,150.292772206977,113.285093168821,146.000335527956,163.842616056398,158.271957790677
"nuaf-3",74.109053804508,75.1463861034886,75.1704823830494,67.6822747480589,65.1169371506198,64.0406765627017
"R07H5.8",458.21085705958,433.453067669398,427.730632151436,573.365556079985,518.834950845261,623.939163082322
"R08A2.7",34.3432200557476,42.4740443193631,32.8209148433033,45.4438130451253,33.6087417551586,43.9136067858526
"R08B4.3",16.2678410790383,18.5143270110044,11.6461310734302,17.4040135066437,19.9551904171254,18.2973361607719
"R08D7.1",41.5733716464313,42.4740443193631,46.5845242937208,41.5762544880933,43.061200373797,36.5946723215438
"rpap-2",37.054526902254,25.0487953678295,32.8209148433033,29.9735788169975,30.4579222156125,31.1054714733123
"R08D7.4",31.6319132092412,14.158014773121,13.7636094504175,8.70200675332186,17.854644057428,17.3824693527333
"R08D7.5",27.1130684650639,30.4941856651838,23.2922621468604,23.2053513421916,15.7540976977306,22.8716702009649
"pde-2",192.502786101954,176.430645634278,145.047268823631,197.245486408629,219.50709458838,198.526097344375
"R08D7.7",9.03768948835463,20.6924831299461,24.351001335354,24.1722409814496,11.5530049783358,24.7014038170421
"R09A8.5",44.2846784929377,47.9194346167174,45.5257851052271,61.880936912511,51.4633858125866,52.1474080582
"rbm-3.1",28.0168374138993,41.3849662598923,31.7621756548096,31.9073580955135,34.6590149350073,34.7649387054666
"rbm-3.2",177.138713971751,154.649084444861,192.690532305845,145.033445888698,155.440430617609,198.526097344375
"chil-22",20.7866858232156,30.4941856651838,47.6432634822144,41.5762544880933,28.3573758559151,48.4879408260456
"R09H10.3",93.0882017300527,94.7497911739639,86.8166134564796,80.2518400584127,72.4688494095607,78.6785454913192
"R09H10.5",1326.73281689046,1128.2848696118,1097.91253846792,1298.53278552347,1159.50159055297,1343.02447420066
"R09H10.7",27.1130684650639,13.0689367136502,17.9985662043921,32.8742477347715,24.1562831365203,21.0419365848877
"R10D12.1",52.4185990324568,80.5917764008429,53.9956986131763,162.437459395341,130.23387430124,118.932685045017
"swt-6",36.1507579534185,64.2556055087801,53.9956986131763,24.1722409814496,24.1562831365203,16.4676025446947
"algn-13",42.4771405952668,28.3160295462421,38.1146107857715,39.6424752095774,43.061200373797,36.5946723215438
"R10D12.13",20.7866858232156,19.6034050704753,24.351001335354,18.3709031459017,26.2568294962177,24.7014038170421
"sao-1",81.3392053951917,74.0573080440178,50.8194810476954,59.947157633995,68.2677566901659,51.2325412501614
"R10E4.1",93.0882017300527,99.1061034118473,92.1103093989479,107.324749957636,102.926771625173,90.571813995821
"R10E4.9",23.497992669722,23.9597173083587,28.5859580893287,31.9073580955135,19.9551904171254,24.7014038170421
"R10E4.11",21.6904547720511,18.5143270110044,16.9398270158985,29.9735788169975,24.1562831365203,21.9568033929263
"R10E8.3",12.6527652836965,17.4252489515336,7.41117431945558,22.2384617029336,26.2568294962177,27.4460042411579
"R10E8.8",24.4017616185575,27.2269514867712,19.0573053928858,29.0066891777395,24.1562831365203,11.8932685045017
"usp-46",28.0168374138993,22.8706392488878,20.1160445813794,36.7418062918034,34.6590149350073,47.573074018007
"R10E11.5",62.3600574696469,57.721137151955,69.8767864405811,45.4438130451253,44.1114735536457,47.573074018007
"R10E11.6",20.7866858232156,26.1378734273004,35.9971324087842,27.0729098992236,25.206556316369,29.2757378572351
"R10E12.2",60.552519571976,77.3245422224303,85.757874267986,84.1193986154447,77.7202153088043,68.6150106028947
"R10H10.3",819.718436593765,687.208255526106,692.41542927485,760.942146096034,664.822922844231,682.490638796792
"R10H10.6",23.497992669722,23.9597173083587,13.7636094504175,23.2053513421916,14.7038245178819,14.6378689286175
"R10H10.7",16.2678410790383,14.158014773121,17.9985662043921,7.73511711406388,12.6032781581845,16.4676025446947
"slc-25A21",31.6319132092412,31.5832637246546,25.4097405238477,31.9073580955135,30.4579222156125,37.5095391295824
"nud-2",279.264605190158,308.20909083025,242.451274165047,217.550168833047,266.769387681571,259.822173482961
"R11A5.3",34.3432200557476,27.2269514867712,15.8810878274048,28.0397995384816,17.854644057428,34.7649387054666
"pck-2",1897.91479255447,1808.95865678108,1671.74917863148,2198.70703967266,2228.67968763896,1945.92170069809
"suro-1",6.32638264184824,6.5344683568251,5.29369594246827,50.2782612414152,45.1617467334944,33.850071897428
"gkow-1",40.6696026975958,55.5429810330133,45.5257851052271,39.6424752095774,50.4131126327379,35.6798055135052
"pges-2",175.33117607408,190.588660407399,187.396836363377,147.934114806472,128.133327941542,136.315154397751
"mask-1",368.737731124869,332.168808138609,333.502844375501,293.934450334427,369.696159306745,337.585852166242
"R11D1.1",23.497992669722,14.158014773121,28.5859580893287,17.4040135066437,29.4076490357638,27.4460042411579
"R11D1.3",27.1130684650639,23.9597173083587,31.7621756548096,86.0531778939606,55.6644785319814,79.5934122993578
"mrpl-49",92.1844327812172,103.462415649731,102.697701283884,105.39097067912,90.3234934669888,122.592152277172
"R11D1.10",85.858050139369,86.0371666981971,67.7593080635938,82.1856193369287,61.9661176110737,60.3812093305473
"R11H6.2",78.6278985486853,91.4825569955513,95.2865269644288,83.1525089761867,97.6754057259297,75.9339450672035
"glb-22",28.0168374138993,32.6723417841255,29.6446972778223,21.2715720636757,26.2568294962177,37.5095391295824
"R11H6.5",46.0922163906086,47.9194346167174,55.05443780167,35.7749166525454,48.3125662730405,56.7217420983929
"R12G8.1",13.5565342325319,21.781561189417,24.351001335354,7.73511711406388,8.40218543878965,18.2973361607719
"best-15",27.1130684650639,35.939575962538,35.9971324087842,18.3709031459017,28.3573758559151,34.7649387054666
"miz-1",119.297501246281,109.996884006556,111.167614791834,149.867894084988,171.194528315339,142.719222054021
"pho-8",34.3432200557476,29.4051076057129,22.2335229583667,45.4438130451253,34.6590149350073,50.3176744421228
"R13H4.5",51.5148300836214,45.7412784977757,52.9369594246827,52.2120405199312,67.2174835103172,56.7217420983929
"pde-12",29.8243753115703,28.3160295462421,23.2922621468604,19.3377927851597,21.0054635969741,18.2973361607719
"R17.3",7.2301515906837,6.5344683568251,9.52865269644288,3.86755855703194,8.40218543878965,10.0635348884246
"R31.2",174.427407125244,166.62894309904,173.633226912959,249.45752692856,230.009826386867,205.845031808684
"flad-1",91.2806638323817,71.8791519250761,68.8180472520875,54.1458197984471,60.915844431225,50.3176744421228
"dtmk-1",30.7281442604057,30.4941856651838,32.8209148433033,40.6093648488354,35.709288114856,38.424405937621
"R53.4",525.993528222239,478.105268107703,499.724896969005,576.266224997759,508.332219046774,567.217420983929
"R53.5",53.3223679812923,70.7900738656052,55.05443780167,57.0464887162211,53.563932172284,51.2325412501614
"aakg-5",33.4394511069121,25.0487953678295,30.703436466316,22.2384617029336,28.3573758559151,29.2757378572351
"asd-1",59.6487506231405,54.4539029735425,53.9956986131763,71.5498333050909,79.8207616685017,68.6150106028947
"pelo-1",54.2261369301278,72.9682299845469,75.1704823830494,53.1789301591892,51.4633858125866,63.1258097546631
"R74.7",93.0882017300527,101.284259530789,118.578789111289,86.0531778939606,100.826225265476,110.69888377267
"R74.8",51.5148300836214,50.0975907356591,50.8194810476954,48.3444819628992,46.2120199133431,48.4879408260456
"ttbk-7",95.7995085765591,111.085962066027,101.638962095391,72.5167229443488,92.4240398266862,92.4015476118982
"ttr-27",34.3432200557476,25.0487953678295,35.9971324087842,52.2120405199312,45.1617467334944,48.4879408260456
"ttr-28",18.0753789767093,15.2470928325919,22.2335229583667,20.3046824244177,31.5081953954612,17.3824693527333
"ttr-29",9.94145843719009,6.5344683568251,15.8810878274048,29.9735788169975,26.2568294962177,21.9568033929263
"glb-24",33.4394511069121,19.6034050704753,29.6446972778223,28.0397995384816,31.5081953954612,29.2757378572351
"R102.2",197.925399794966,185.143270110044,190.573053928858,173.073245427179,195.350811451859,180.228761183603
"R102.4",186.176403460105,155.738162504331,149.282225577605,128.596322021312,137.585786560181,155.527357366561
"allo-1",194.310323999625,190.588660407399,215.982794452705,204.013713883435,183.797806473524,178.399027567526
"R107.2",42.4771405952668,28.3160295462421,31.7621756548096,40.6093648488354,44.1114735536457,34.7649387054666
"ikke-1",151.833183404358,103.462415649731,107.991397226353,172.106355787921,213.205455509287,154.612490558523
"R107.5",984.204385281819,1031.35692231889,1061.91540605913,609.14047273253,730.9901331747,768.488118752421
"R166.2",248.536460929752,205.835753239991,231.86388228011,227.219065225626,235.26119228611,248.843771786498
"R166.3",26.2092995162284,21.781561189417,19.0573053928858,17.4040135066437,23.1060099566715,29.2757378572351
"mnk-1",571.181975664012,418.205974836806,398.085934873614,768.677263210098,784.554065346984,737.382647279108
"R186.1",11.748996334861,13.0689367136502,22.2335229583667,18.3709031459017,16.8043708775793,18.2973361607719
"R186.3",77.7241295998498,71.8791519250761,86.8166134564796,98.6227432043144,82.9715812080478,79.5934122993578
"mpst-7",24.4017616185575,25.0487953678295,32.8209148433033,26.1060202599656,39.9103808342508,36.5946723215438
"pnn-1",101.222122269572,116.531352363381,128.107441807732,98.6227432043144,108.178137524417,109.784016964632
"R186.8",44.2846784929377,43.563122378834,45.5257851052271,48.3444819628992,33.6087417551586,52.1474080582
"T01B7.5",135.565342325319,162.272630861157,150.340964766099,90.8876260902505,87.1726739274426,109.784016964632
"trcs-2",88.5693569858754,86.0371666981971,85.757874267986,94.7551846472825,91.3737666468375,85.0826131475894
"T01C1.4",19.8829168743802,27.2269514867712,20.1160445813794,22.2384617029336,25.206556316369,17.3824693527333
"cdt-2",18.0753789767093,11.9798586541793,13.7636094504175,20.3046824244177,19.9551904171254,22.8716702009649
"T01C3.2",18.9791479255447,18.5143270110044,21.1747837698731,27.0729098992236,21.0054635969741,17.3824693527333
"fil-1",37.9582958510894,22.8706392488878,28.5859580893287,15.4702342281278,32.5584685753099,21.0419365848877
"mut-15",16.2678410790383,32.6723417841255,22.2335229583667,23.2053513421916,26.2568294962177,30.1906046652737
"T01D3.1",77.7241295998498,70.7900738656052,70.9355256290748,70.5829436658329,78.770488488653,72.2744778350491
"T01D3.3",70.4939780091661,75.1463861034886,69.8767864405811,94.7551846472825,89.27322028714,92.4015476118982
"zipt-9",54.2261369301278,52.2757468546008,57.1719161786573,75.4173918621228,61.9661176110737,72.2744778350491
"T01D3.6",408.503564873629,554.340732270662,614.068729326319,342.278932297327,358.143154328409,327.522317277817
"T01E8.1",70.4939780091661,50.0975907356591,46.5845242937208,89.9207364509926,88.2229471072913,74.1042114511263
"nrde-2",150.025645506687,143.758303850152,124.931224242251,124.72876346428,126.032781581845,146.378689286175
"mrps-14",142.795493916003,113.264118184968,131.283659373213,112.159198153926,126.032781581845,135.400287589712
"T01G1.2",75.0128227533434,78.4136202819012,74.1117431945558,74.4505022228648,69.3180298700146,71.3596110270105
"sec-31",77.7241295998498,108.907805947085,70.9355256290748,77.3511711406388,117.630596143055,105.209682924439
"T01G5.1",28.0168374138993,22.8706392488878,38.1146107857715,54.1458197984471,53.563932172284,57.6366089064315
"ugt-30",8.13392053951917,8.71262447576679,4.23495675397461,34.8080270132875,30.4579222156125,25.6162706250807
"T01G9.2",96.7032775253945,100.195181471318,93.1690485874415,137.298328774634,132.334420660937,91.4866808038596
"dma-1",22.5942237208866,28.3160295462421,30.703436466316,21.2715720636757,12.6032781581845,28.3608710491965
"T01H3.2",42.4771405952668,25.0487953678295,38.1146107857715,29.9735788169975,36.7595612947047,40.2541395536982
"T01H3.3",118.393732297446,128.51121101756,114.343832357315,114.092977432442,113.42950342366,108.869150156593
"rskn-1",140.987956018332,121.976742660735,86.8166134564796,117.960535989474,121.83168886245,133.570553973635
"T01H8.2",59.6487506231405,59.8992932708967,84.6991350794923,58.0133783554791,61.9661176110737,66.7852769868175
"lyst-1",47.8997542882795,38.1177320814797,35.9971324087842,52.2120405199312,38.8601076544021,38.424405937621
"T02B5.3",81.3392053951917,69.7009958061344,62.4656121211256,95.7220742865405,59.8655712513763,54.8920084823158
"snpc-3.4",13.5565342325319,7.62354641629595,9.52865269644288,24.1722409814496,22.0557367768228,18.2973361607719
"tftc-5",36.1507579534185,33.7614198435963,24.351001335354,36.7418062918034,34.6590149350073,27.4460042411579
"npr-26",21.6904547720511,20.6924831299461,16.9398270158985,19.3377927851597,12.6032781581845,12.8081353125403
"T02D1.8",279.264605190158,253.755187856708,269.978493065882,228.185954864884,252.06556316369,240.609970514151
"T02E1.2",56.9374437766342,55.5429810330133,47.6432634822144,73.4836125836068,63.0163907909224,76.848811875242
"T02E1.8",11.748996334861,17.4252489515336,25.4097405238477,8.70200675332186,17.854644057428,10.0635348884246
"dop-5",25.305530567393,22.8706392488878,27.527218900835,20.3046824244177,37.8098344745534,26.5311374331193
"T02E9.5",88.5693569858754,102.37333759026,109.050136414846,81.2187296976707,90.3234934669888,89.6569471877824
"mrps-12",61.4562885208115,67.5228396871927,64.5830904981129,56.0795990769631,64.0666639707711,73.1893446430877
"sbt-1",398.562106436439,438.898457966752,440.43550241336,425.431441273513,400.154081522357,389.733260224442
"T03D8.6",106.644735962585,94.7497911739639,95.2865269644288,77.3511711406388,93.4743130065349,75.0190782591649
"qdpr-1",230.461081953043,284.249373521892,276.330928196844,346.146490854358,297.227309897184,363.202122791323
"T03F6.3",33.4394511069121,49.0085126761882,38.1146107857715,29.0066891777395,32.5584685753099,33.850071897428
"T03F6.4",15.3640721302029,9.80170253523765,9.52865269644288,5.80133783554791,10.5027317984871,5.48920084823158
"T03F7.7",44.2846784929377,49.0085126761882,67.7593080635938,40.6093648488354,42.0109271939483,56.7217420983929
"nifk-1",263.900533059955,226.528236369937,240.333795788059,177.907693623469,186.94862601307,161.016558214793
"T04A8.7",304.570135757551,343.059588733318,316.563017359602,350.980939050648,317.182500314309,333.011518126049
"T04A8.8",37.054526902254,30.4941856651838,42.3495675397462,61.880936912511,30.4579222156125,51.2325412501614
"sel-13",35.246989004583,38.1177320814797,47.6432634822144,27.0729098992236,29.4076490357638,37.5095391295824
"mrpl-16",159.967103943877,156.827240563802,149.282225577605,171.139466148663,155.440430617609,165.590892254986
"T04B2.3",28.0168374138993,23.9597173083587,23.2922621468604,12.5695653103538,19.9551904171254,17.3824693527333
"ipla-7",65.0713643161533,72.9682299845469,77.2879607600367,64.781605830285,69.3180298700146,75.9339450672035
"nlp-80",35.246989004583,35.939575962538,21.1747837698731,27.0729098992236,24.1562831365203,32.0203382813509
"T04C12.7",7.2301515906837,11.9798586541793,9.52865269644288,29.9735788169975,27.3071026760664,21.9568033929263
"T04C12.8",10.8452273860256,7.62354641629595,8.46991350794923,18.3709031459017,17.854644057428,10.9784016964632
"pde-1",65.0713643161533,67.5228396871927,52.9369594246827,54.1458197984471,53.563932172284,49.4028076340842
"T04F3.1",187.080172408941,164.450786980098,152.458443143086,146.967225167214,248.914743624143,207.674765424761
"T04F3.2",17.1716100278738,25.0487953678295,13.7636094504175,26.1060202599656,17.854644057428,15.5527357366561
"T04F3.4",65.0713643161533,72.9682299845469,86.8166134564796,72.5167229443488,49.3628394528892,68.6150106028947
"sfxn-1.5",125.623883888129,104.551493709202,154.575921520073,101.523412122088,102.926771625173,113.443484196786
"T04F8.2",14.4603031813674,11.9798586541793,20.1160445813794,14.5033445888698,15.7540976977306,11.8932685045017
"T04F8.6",28.0168374138993,26.1378734273004,21.1747837698731,25.1391306207076,22.0557367768228,16.4676025446947
"T04F8.7",98.5108154230655,86.0371666981971,82.581656702505,80.2518400584127,71.418576229712,70.4447442189719
"T04F8.8",53.3223679812923,79.502698341372,98.4627445299098,116.026756710958,127.083054761693,122.592152277172
"T04H1.2",61.4562885208115,54.4539029735425,58.230655367151,75.4173918621228,66.1672103304685,60.3812093305473
"ttr-22",27.1130684650639,38.1177320814797,28.5859580893287,18.3709031459017,16.8043708775793,10.9784016964632
"T04H1.5",38.8620647999249,46.8303565572465,33.8796540317969,15.4702342281278,8.40218543878965,19.2122029688105
"ugt-56",23.497992669722,16.3361708920627,16.9398270158985,20.3046824244177,16.8043708775793,16.4676025446947
"lron-14",17.1716100278738,22.8706392488878,13.7636094504175,8.70200675332186,27.3071026760664,19.2122029688105
"T05B9.1",21.6904547720511,26.1378734273004,31.7621756548096,19.3377927851597,31.5081953954612,34.7649387054666
"aldo-1",999.568457412022,1163.13536751487,1278.95693970033,1079.04883741191,960.999959561566,1020.07649096303
"T05E11.2",27.1130684650639,21.781561189417,15.8810878274048,34.8080270132875,28.3573758559151,32.9352050893894
"enpl-1",1215.5692361837,1174.02614810958,1231.31367621812,1653.38128313115,1321.24366024967,1513.18970049584
"imp-2",175.33117607408,118.709508482323,100.580222906897,220.45083775082,177.496167394431,182.058494799681
"hpo-4",29.8243753115703,23.9597173083587,33.8796540317969,25.1391306207076,22.0557367768228,30.1906046652737
"T05E11.8",17.1716100278738,13.0689367136502,15.8810878274048,19.3377927851597,19.9551904171254,20.1270697768491
"T05E12.6",220.519623515853,221.082846072582,243.51001335354,232.053513421916,223.708187307774,323.862850045663
"nra-2",422.060099106161,429.096755431515,419.260718643487,450.570571894221,447.416374615549,487.624008684572
"T05F1.4",32.5356821580767,28.3160295462421,42.3495675397462,42.5431441273513,26.2568294962177,32.0203382813509
"T05F1.11",115.682425450939,117.620430422852,105.873918849365,107.324749957636,118.680869322904,107.954283348554
"T05F1.13",28.0168374138993,11.9798586541793,17.9985662043921,25.1391306207076,23.1060099566715,27.4460042411579
"T05G5.1",220.519623515853,306.030934711309,290.094537647261,234.95418233969,234.210919106262,247.928904978459
"T05G5.5",39.7658337487604,49.0085126761882,43.4083067282398,40.6093648488354,37.8098344745534,35.6798055135052
"vps-53",18.0753789767093,30.4941856651838,27.527218900835,16.4371238673857,31.5081953954612,19.2122029688105
"gcc-2",37.054526902254,58.8102152114259,51.878220236189,57.0464887162211,58.8152980715276,44.8284735938912
"T05H10.1",403.080951180616,365.930227982205,355.736367333868,300.702677809233,351.841515249317,318.373649197431
"pdha-1",460.018394957251,421.473209015219,488.078765895574,420.596993077223,434.813096457365,483.049674644379
"gpcp-2",210.578165078663,191.677738466869,165.16331340501,259.12642332114,251.015289983841,229.631568817688
"cgt-1",107.54850491142,109.996884006556,104.815179660872,168.238797230889,110.278683884114,129.911086741481
"nhr-213",19.8829168743802,26.1378734273004,10.5873918849365,22.2384617029336,24.1562831365203,25.6162706250807
"srap-1",577.508358305861,570.676903162725,592.893945556446,467.974585400865,533.538775363143,542.516017166887
"cox-15",126.527652836965,102.37333759026,121.75500667677,99.5896328435724,118.680869322904,118.932685045017
"cchl-1",207.866858232156,201.479441002107,176.80944447844,157.603011199052,139.686332919878,161.931425022831
"fndc-1",35.246989004583,50.0975907356591,44.4670459167335,38.6755855703194,34.6590149350073,23.7865370090035
"T06D8.9",97.60704647423,91.4825569955513,96.3452661529225,105.39097067912,77.7202153088043,84.1677463395508
"T06D8.10",0.903768948835463,1.08907805947085,0,45.4438130451253,46.2120199133431,15.5527357366561
"rsbp-1",48.803523237115,38.1177320814797,56.1131769901637,31.9073580955135,36.7595612947047,36.5946723215438
"chaf-1",45.1884474417731,56.6320590924842,69.8767864405811,75.4173918621228,79.8207616685017,73.1893446430877
"T06E6.1",112.971118604433,113.264118184968,106.932658037859,83.1525089761867,100.826225265476,85.997479955628
"acl-2",109.356042809091,96.9279472929056,102.697701283884,166.305017952373,128.133327941542,128.996219933442
"T06G6.3",30.7281442604057,33.7614198435963,28.5859580893287,24.1722409814496,25.206556316369,26.5311374331193
"umps-1",30.7281442604057,41.3849662598923,40.2320891627588,74.4505022228648,52.5136589924353,65.8704101787789
"T07C4.3",37.054526902254,41.3849662598923,27.527218900835,33.8411373740295,35.709288114856,34.7649387054666
"ttr-15",648.002336315027,665.426694336689,585.482771236991,895.339805952894,727.839313635154,758.424583863996
"sas-7",23.497992669722,17.4252489515336,16.9398270158985,18.3709031459017,28.3573758559151,19.2122029688105
"ugt-50",118.393732297446,118.709508482323,119.637528299783,118.927425628732,118.680869322904,112.528617388747
"ttr-46",313.607825245906,327.812495900726,352.560149768387,344.212711575843,293.026217177789,330.266917701933
"anmt-3",156.352028148535,137.223835493327,78.3466999485304,337.444484101037,258.367202242782,194.866630112221
"npr-20",30.7281442604057,35.939575962538,37.0558715972779,39.6424752095774,38.8601076544021,42.0838731697754
"T07D4.2",86.7618190882044,96.9279472929056,118.578789111289,46.4107026843833,93.4743130065349,72.2744778350491
"ddx-19",122.008808092787,111.085962066027,134.459876938694,99.5896328435724,106.077591164719,117.10295142894
"flp-33",18.0753789767093,20.6924831299461,20.1160445813794,16.4371238673857,18.9049172372767,21.9568033929263
"anp-1",18.9791479255447,25.0487953678295,20.1160445813794,56.0795990769631,28.3573758559151,33.850071897428
"T07F10.3",40.6696026975958,32.6723417841255,38.1146107857715,29.0066891777395,33.6087417551586,32.9352050893894
"bus-19",30.7281442604057,17.4252489515336,19.0573053928858,33.8411373740295,31.5081953954612,28.3608710491965
"T08A11.1",65.0713643161533,57.721137151955,69.8767864405811,78.3180607798968,77.7202153088043,65.8704101787789
"sftb-1",258.477919366942,273.358592927183,279.507145762325,270.729098992236,302.478675796427,248.843771786498
"vps-39",49.7072921859505,58.8102152114259,56.1131769901637,59.947157633995,53.563932172284,50.3176744421228
"T08G11.1",1166.76571294658,1019.37706366472,1013.21340338843,1188.30736664806,1201.51251774692,1119.79697303924
"T08G11.4",122.008808092787,114.353196244439,117.520049922796,70.5829436658329,80.8710348483504,81.423145915435
"T09A5.4",13.5565342325319,15.2470928325919,12.7048702619238,16.4371238673857,14.7038245178819,12.8081353125403
"T09A5.5",71.3977469580016,80.5917764008429,76.2292215715431,68.6491643873169,60.915844431225,75.9339450672035
"mdmh-35",33.4394511069121,29.4051076057129,29.6446972778223,24.1722409814496,17.854644057428,32.9352050893894
"cec-3",41.5733716464313,43.563122378834,21.1747837698731,34.8080270132875,34.6590149350073,30.1906046652737
"sds-22",100.318353320736,106.729649828143,104.815179660872,81.2187296976707,95.5748593662323,93.3164144199368
"ostb-1",360.60381058535,322.367105603371,352.560149768387,356.782276886196,321.383593033704,365.946723215438
"ztf-17",108.452273860256,82.7699325197845,120.696267488277,89.9207364509926,111.328957063963,98.8056152681684
"T09A5.15",30.7281442604057,25.0487953678295,27.527218900835,26.1060202599656,22.0557367768228,23.7865370090035
"T09B9.3",28.0168374138993,15.2470928325919,20.1160445813794,11.6026756710958,18.9049172372767,10.9784016964632
"T09B9.4",18.9791479255447,27.2269514867712,22.2335229583667,11.6026756710958,19.9551904171254,18.2973361607719
"noca-1",123.816345990458,119.798586541793,115.402571545808,118.927425628732,127.083054761693,129.911086741481
"cni-1",57.8412127254696,65.344683568251,66.7005688751002,84.1193986154447,51.4633858125866,59.4663425225087
"ztf-27",46.0922163906086,64.2556055087801,53.9956986131763,29.9735788169975,56.7147517118302,54.8920084823158
"T09F3.2",150.929414455522,123.065820720206,76.2292215715431,121.828094546506,168.043708775793,137.230021205789
"T09F3.5",12.6527652836965,18.5143270110044,22.2335229583667,11.6026756710958,17.854644057428,21.0419365848877
"cyp-13A5",96.7032775253945,90.3934789360805,76.2292215715431,97.6558535650564,108.178137524417,97.8907484601298
"cyp-13A6",36.1507579534185,45.7412784977757,35.9971324087842,7.73511711406388,25.206556316369,20.1270697768491
"cyp-13A2",72.301515906837,77.3245422224303,69.8767864405811,58.9802679947371,70.3683030498633,69.5298774109333
"ucr-2.2",309.992749450564,339.792354554905,343.031497071944,316.172912037361,276.22184630021,284.523577300003
"T10B10.3",94.8957396277236,94.7497911739639,99.5214837184035,56.0795990769631,70.3683030498633,48.4879408260456
"T10B10.4",40.6696026975958,54.4539029735425,48.7020026707081,45.4438130451253,59.8655712513763,36.5946723215438
"phat-6",76.8203606510143,82.7699325197845,97.4040053414162,81.2187296976707,65.1169371506198,83.2528795315122
"T10B10.8",21.6904547720511,25.0487953678295,31.7621756548096,9.66889639257985,14.7038245178819,12.8081353125403
"cwc-15",96.7032775253945,104.551493709202,96.3452661529225,100.55652248283,97.6754057259297,97.8907484601298
"T10C6.6",52.4185990324568,47.9194346167174,57.1719161786573,58.9802679947371,52.5136589924353,74.1042114511263
"T10G3.1",65.9751332649888,55.5429810330133,57.1719161786573,156.636121559794,96.625132546081,70.4447442189719
"T10G3.3",234.97992669722,302.763700532896,300.681929532198,182.742141819759,185.898352833221,247.014038170421
"eea-1",138.276649171826,128.51121101756,127.048702619238,138.265218413892,139.686332919878,132.655687165596
"T11B7.5",78.6278985486853,67.5228396871927,67.7593080635938,138.265218413892,126.032781581845,114.358351004824
"T11F9.12",20.7866858232156,18.5143270110044,17.9985662043921,20.3046824244177,24.1562831365203,32.0203382813509
"T11G6.2",25.305530567393,17.4252489515336,30.703436466316,21.2715720636757,13.6535513380332,10.0635348884246
"T11G6.3",32.5356821580767,32.6723417841255,26.4684797123413,43.5100337666093,26.2568294962177,23.7865370090035
"T11G6.4",7.2301515906837,9.80170253523765,6.35243513096192,6.76822747480589,13.6535513380332,6.40406765627017
"T11G6.5",113.874887553268,103.462415649731,112.226353980327,85.0862882547027,91.3737666468375,106.124549732477
"rbm-22",216.904547720511,224.350080250995,230.805143091617,169.205686870147,159.641523337003,171.080093103217
"T12A7.2",141.891724967168,163.361708920627,120.696267488277,141.165887331666,126.032781581845,139.059754821867
"lips-5",46.0922163906086,65.344683568251,62.4656121211256,32.8742477347715,34.6590149350073,34.7649387054666
"lpr-2",53.3223679812923,74.0573080440178,65.6418296866065,44.4769234058673,53.563932172284,50.3176744421228
"T12A7.6",18.0753789767093,16.3361708920627,19.0573053928858,30.9404684562555,30.4579222156125,20.1270697768491
"set-16",207.866858232156,210.192065477874,202.219185002288,207.881272440467,272.020753580815,242.439704130228
"drr-2",148.218107609016,141.58014773121,154.575921520073,150.834783724246,150.189064718365,147.293556094214
"acbp-5",22.5942237208866,23.9597173083587,24.351001335354,20.3046824244177,17.854644057428,20.1270697768491
"arrd-17",57.8412127254696,49.0085126761882,56.1131769901637,58.0133783554791,50.4131126327379,43.9136067858526
"T12D8.5",65.0713643161533,52.2757468546008,71.9942648175684,83.1525089761867,78.770488488653,54.8920084823158
"mlc-5",133.757804427648,117.620430422852,110.10887560334,140.198997692408,144.937698819121,150.953023326368
"hip-1",421.156330157326,359.39575962538,355.736367333868,534.689970509665,499.930033607984,504.091611229266
"T12D8.9",486.227694473479,560.875200627487,496.548679403524,490.213047103798,534.589048542992,452.859069979105
"sqst-1",441.039247031706,377.910086636385,419.260718643487,535.656860148923,542.991233981781,501.347010805151
"T12G3.2",75.0128227533434,78.4136202819012,70.9355256290748,41.5762544880933,69.3180298700146,64.9555433707403
"T12G3.4",24.4017616185575,38.1177320814797,43.4083067282398,33.8411373740295,39.9103808342508,37.5095391295824
"mrpl-51",94.8957396277236,129.600289077031,127.048702619238,121.828094546506,112.379230243812,127.166486317365
"tgn-38",76.8203606510143,96.9279472929056,82.581656702505,87.0200675332186,73.5191225894094,75.0190782591649
"T13F2.2",130.142728632307,111.085962066027,111.167614791834,138.265218413892,105.027317984871,165.590892254986
"sna-2",68.6864401114952,80.5917764008429,88.9340918334669,53.1789301591892,55.6644785319814,67.7001437948561
"T13H5.1",90.3768948835463,75.1463861034886,78.3466999485304,78.3180607798968,99.7759520856271,66.7852769868175
"ctg-2",156.352028148535,167.718021158511,181.044401232415,127.629432382054,109.228410704265,129.911086741481
"T13H5.4",153.640721302029,144.847381909623,147.164747200618,125.695653103538,138.636059740029,139.974621629905
"mrps-18B",85.858050139369,91.4825569955513,80.4641783255177,96.6889639257985,61.9661176110737,95.146148036014
"T13H5.6",10.8452273860256,5.44539029735425,12.7048702619238,4.83444819628992,8.40218543878965,13.7230021205789
"T13H5.8",120.201270195117,104.551493709202,120.696267488277,129.56321166057,98.7256789057784,95.146148036014
"T14B1.1",93.0882017300527,80.5917764008429,98.4627445299098,72.5167229443488,99.7759520856271,72.2744778350491
"agxt-1",89.4731259347108,130.689367136502,101.638962095391,135.364549496118,162.792342876549,138.144888013828
"oac-46",93.0882017300527,80.5917764008429,74.1117431945558,231.086623782658,203.752996890649,149.123289710291
"T14G8.3",440.13547808287,492.263282880824,519.840941550384,564.663549326663,493.628394528892,556.239019287466
"ttr-53",34.3432200557476,46.8303565572465,53.9956986131763,64.781605830285,64.0666639707711,64.0406765627017
"ttr-54",10.8452273860256,17.4252489515336,21.1747837698731,13.5364549496118,18.9049172372767,15.5527357366561
"T14G10.5",334.394511069121,369.197462160618,406.555848381563,372.252511114324,379.148617925383,356.798055135052
"hpo-5",66.8789022138242,66.4337616277218,71.9942648175684,64.781605830285,63.0163907909224,73.1893446430877
"nep-21",51.5148300836214,65.344683568251,67.7593080635938,57.0464887162211,76.6699421289556,51.2325412501614
"T16G1.4",57.8412127254696,54.4539029735425,43.4083067282398,26.1060202599656,26.2568294962177,27.4460042411579
"T16G1.6",87.6655880370399,88.2153228171388,98.4627445299098,6.76822747480589,26.2568294962177,18.2973361607719
"T16G1.7",70.4939780091661,72.9682299845469,66.7005688751002,24.1722409814496,31.5081953954612,21.9568033929263
"T16G1.9",66.8789022138242,57.721137151955,61.4068729326319,76.3842815013808,63.0163907909224,70.4447442189719
"T16G12.1",1049.27574959797,1012.84259530789,1113.79362629532,993.962549157208,1020.86553081294,950.546613552101
"ekl-6",69.5902090603306,64.2556055087801,86.8166134564796,75.4173918621228,78.770488488653,67.7001437948561
"T16G12.6",65.0713643161533,56.6320590924842,65.6418296866065,47.3775923236412,49.3628394528892,53.9771416742772
"T16H12.3",43.3809095441022,35.939575962538,21.1747837698731,17.4040135066437,30.4579222156125,34.7649387054666
"gtf-2H2C",22.5942237208866,18.5143270110044,25.4097405238477,16.4371238673857,17.854644057428,15.5527357366561
"bath-43",53.3223679812923,54.4539029735425,59.2893945556446,73.4836125836068,69.3180298700146,46.6582072099684
"T16H12.9",56.0336748277987,86.0371666981971,55.05443780167,56.0795990769631,49.3628394528892,55.8068752903543
"T18D3.1",27.1130684650639,32.6723417841255,44.4670459167335,37.7086959310614,26.2568294962177,37.5095391295824
"cdf-2",59.6487506231405,59.8992932708967,73.0530040060621,109.258529236152,82.9715812080478,76.848811875242
"T18D3.7",46.0922163906086,28.3160295462421,34.9383932202906,53.1789301591892,39.9103808342508,40.2541395536982
"T19A6.1",80.4354364463562,83.8590105792554,92.1103093989479,88.9538468117346,78.770488488653,78.6785454913192
"nepr-1",31.6319132092412,23.9597173083587,27.527218900835,29.0066891777395,37.8098344745534,21.9568033929263
"T19A6.4",35.246989004583,31.5832637246546,41.2908283512525,41.5762544880933,35.709288114856,33.850071897428
"cyp-29A2",94.8957396277236,123.065820720206,111.167614791834,103.457191400604,123.932235222147,100.635348884246
"T19B10.2",22.5942237208866,22.8706392488878,25.4097405238477,164.371238673857,111.328957063963,124.421885893249
"bgal-1",131.950266529978,111.085962066027,102.697701283884,136.331439135376,122.881962042299,122.592152277172
"T19B10.5",19.8829168743802,39.2068101409506,33.8796540317969,52.2120405199312,51.4633858125866,39.3392727456596
"T19B10.8",11.748996334861,14.158014773121,19.0573053928858,13.5364549496118,24.1562831365203,20.1270697768491
"T19C4.1",133.757804427648,137.223835493327,131.283659373213,140.198997692408,128.133327941542,130.825953549519
"T19C4.5",56.0336748277987,42.4740443193631,42.3495675397462,67.6822747480589,57.7650248916789,49.4028076340842
"T19C9.8",25.305530567393,46.8303565572465,51.878220236189,29.0066891777395,22.0557367768228,45.7433404019298
"T19H5.4",124.720114939294,155.738162504331,146.106008012124,121.828094546506,131.284147481088,119.847551853056
"T20B3.1",68.6864401114952,47.9194346167174,58.230655367151,108.291639596894,110.278683884114,80.5082791073964
"T20B3.14",20.7866858232156,20.6924831299461,26.4684797123413,34.8080270132875,25.206556316369,23.7865370090035
"T20D3.2",723.01515906837,766.710953867478,866.048656187809,654.584285777656,646.968278786803,755.67998343988
"coa-4",46.9959853394441,40.2958882004214,45.5257851052271,61.880936912511,44.1114735536457,53.0622748662386
"T20D3.5",25.305530567393,13.0689367136502,11.6461310734302,31.9073580955135,14.7038245178819,13.7230021205789
"T20D3.6",53.3223679812923,72.9682299845469,69.8767864405811,61.880936912511,40.9606540140996,42.998739977814
"T20D3.8",19.8829168743802,16.3361708920627,16.9398270158985,15.4702342281278,14.7038245178819,24.7014038170421
"T20F10.2",98.5108154230655,99.1061034118473,113.285093168821,76.3842815013808,86.1224007475939,85.0826131475894
"chc-1",1018.54760533757,927.894506669164,998.391054749516,1023.93612797421,1075.47973616508,1062.16036413281
"best-18",42.4771405952668,32.6723417841255,45.5257851052271,48.3444819628992,42.0109271939483,51.2325412501614
"dod-6",83.1467432928626,98.0170253523765,96.3452661529225,112.159198153926,100.826225265476,106.124549732477
"T20G5.9",37.054526902254,64.2556055087801,34.9383932202906,65.748495469543,38.8601076544021,40.2541395536982
"blos-1",27.1130684650639,17.4252489515336,19.0573053928858,25.1391306207076,22.0557367768228,24.7014038170421
"cox-14",51.5148300836214,58.8102152114259,50.8194810476954,56.0795990769631,31.5081953954612,65.8704101787789
"ador-1",38.8620647999249,29.4051076057129,26.4684797123413,24.1722409814496,47.2622930931918,25.6162706250807
"pho-7",84.050512241698,80.5917764008429,71.9942648175684,96.6889639257985,80.8710348483504,71.3596110270105
"T21B6.3",1396.32302595079,1460.45367775041,1560.58156383965,1357.51305351821,1472.48299814789,1226.83638957976
"mrpl-50",220.519623515853,136.134757433856,149.282225577605,210.781941358241,183.797806473524,171.080093103217
"enol-1",1566.23158833186,1921.13369690658,1891.96692983816,1580.8645601868,1471.43272496804,1571.74117621031
"T21B10.3",324.453052631931,300.585544413954,289.035798458767,151.801673363504,184.848079653372,148.208422902253
"set-17",56.9374437766342,55.5429810330133,46.5845242937208,59.947157633995,57.7650248916789,57.6366089064315
"cutl-15",33.4394511069121,23.9597173083587,25.4097405238477,41.5762544880933,35.709288114856,36.5946723215438
"mics-1",66.8789022138242,69.7009958061344,57.1719161786573,59.947157633995,47.2622930931918,58.5514757144701
"del-6",242.210078287904,265.735046510887,256.214883615464,404.159869209838,400.154081522357,387.903526608365
"erh-1",18.0753789767093,23.9597173083587,24.351001335354,22.2384617029336,19.9551904171254,21.0419365848877
"T21C9.6",271.130684650639,313.654481127605,282.683363327806,265.894650795946,276.22184630021,242.439704130228
"ttr-23",32.5356821580767,35.939575962538,35.9971324087842,64.781605830285,66.1672103304685,53.0622748662386
"scpl-4",85.858050139369,59.8992932708967,73.0530040060621,63.814716191027,59.8655712513763,72.2744778350491
"hlb-1",84.050512241698,94.7497911739639,96.3452661529225,71.5498333050909,92.4240398266862,67.7001437948561
"T22C1.1",100.318353320736,114.353196244439,84.6991350794923,99.5896328435724,118.680869322904,92.4015476118982
"T22C1.3",58.7449816743051,42.4740443193631,38.1146107857715,40.6093648488354,46.2120199133431,41.1690063617368
"T22C1.5",20.7866858232156,18.5143270110044,14.8223486389112,25.1391306207076,15.7540976977306,21.0419365848877
"T22C1.6",118.393732297446,120.887664601264,127.048702619238,133.430770217602,132.334420660937,117.10295142894
"T22C1.11",23.497992669722,21.781561189417,20.1160445813794,29.9735788169975,37.8098344745534,32.9352050893894
"T22C8.6",15.3640721302029,13.0689367136502,19.0573053928858,17.4040135066437,16.8043708775793,26.5311374331193
"T22G5.3",26.2092995162284,23.9597173083587,14.8223486389112,23.2053513421916,18.9049172372767,21.0419365848877
"sptl-3",103.029660167243,91.4825569955513,76.2292215715431,68.6491643873169,79.8207616685017,73.1893446430877
"scrm-1",46.9959853394441,56.6320590924842,52.9369594246827,34.8080270132875,48.3125662730405,38.424405937621
"pgrn-1",169.004793432232,191.677738466869,199.042967436807,203.046824244177,186.94862601307,216.823433505147
"alh-13",45.1884474417731,57.721137151955,46.5845242937208,175.973914344953,160.691796516852,153.697623750484
"prmt-9",112.067349655597,91.4825569955513,123.872485053757,82.1856193369287,91.3737666468375,107.039416540516
"T23B5.3",88.5693569858754,66.4337616277218,64.5830904981129,77.3511711406388,69.3180298700146,84.1677463395508
"T23D8.3",198.829168743802,201.479441002107,214.924055264212,149.867894084988,129.183601121391,162.84629183087
"ppm-2",462.729701803757,468.303565572465,497.607418592017,552.093984016309,544.04150716163,562.643086943736
"cdka-1",54.2261369301278,63.1665274493093,49.7607418592017,84.1193986154447,64.0666639707711,62.2109429466245
"T23G5.2",94.8957396277236,104.551493709202,91.0515702104542,114.092977432442,128.133327941542,79.5934122993578
"saeg-2",51.5148300836214,63.1665274493093,46.5845242937208,58.0133783554791,51.4633858125866,51.2325412501614
"T23G7.2",21.6904547720511,21.781561189417,25.4097405238477,27.0729098992236,18.9049172372767,21.0419365848877
"T23G7.3",59.6487506231405,58.8102152114259,86.8166134564796,44.4769234058673,47.2622930931918,64.9555433707403
"pir-1",39.7658337487604,33.7614198435963,22.2335229583667,42.5431441273513,35.709288114856,49.4028076340842
"T23G11.4",27.1130684650639,38.1177320814797,35.9971324087842,20.3046824244177,31.5081953954612,26.5311374331193
"rlbp-1",16.2678410790383,10.8907805947085,11.6461310734302,10.6357860318378,21.0054635969741,10.9784016964632
"lron-9",67.7826711626597,82.7699325197845,64.5830904981129,123.761873825022,139.686332919878,119.847551853056
"T23G11.7",97.60704647423,114.353196244439,109.050136414846,108.291639596894,96.625132546081,115.273217812863
"xbx-5",48.803523237115,63.1665274493093,57.1719161786573,53.1789301591892,34.6590149350073,45.7433404019298
"T24B1.1",78.6278985486853,96.9279472929056,102.697701283884,90.8876260902505,90.3234934669888,71.3596110270105
"T24B8.2",26.2092995162284,34.8504979030672,30.703436466316,32.8742477347715,24.1562831365203,29.2757378572351
"T24B8.3",366.930193227198,527.113780783891,566.425465844105,495.047495300088,404.355174241752,507.751078461421
"T24B8.4",140.987956018332,148.114616088036,154.575921520073,118.927425628732,136.535513380332,139.059754821867
"T24B8.5",19.8829168743802,28.3160295462421,35.9971324087842,35.7749166525454,38.8601076544021,48.4879408260456
"T24B8.7",195.21409294846,159.005396682744,200.101706625301,171.139466148663,234.210919106262,223.227501161417
"T24D1.2",16.2678410790383,26.1378734273004,31.7621756548096,22.2384617029336,26.2568294962177,31.1054714733123
"T24D5.2",20.7866858232156,20.6924831299461,15.8810878274048,26.1060202599656,16.8043708775793,24.7014038170421
"samp-1",52.4185990324568,75.1463861034886,66.7005688751002,29.9735788169975,25.206556316369,38.424405937621
"rsf-1",51.5148300836214,55.5429810330133,62.4656121211256,44.4769234058673,63.0163907909224,38.424405937621
"nlp-51",1.80753789767093,5.44539029735425,11.6461310734302,7.73511711406388,6.30163907909224,3.65946723215438
"T24H10.1",75.0128227533434,109.996884006556,77.2879607600367,90.8876260902505,89.27322028714,92.4015476118982
"T24H10.4",48.803523237115,62.0774493898384,58.230655367151,61.880936912511,69.3180298700146,64.0406765627017
"dyrb-1",31.6319132092412,38.1177320814797,45.5257851052271,58.0133783554791,43.061200373797,60.3812093305473
"1-Jun",101.222122269572,131.778445195973,123.872485053757,128.596322021312,131.284147481088,137.230021205789
"T25B9.1",113.874887553268,137.223835493327,120.696267488277,158.569900838309,142.837152459424,149.123289710291
"T25B9.3",21.6904547720511,18.5143270110044,20.1160445813794,13.5364549496118,16.8043708775793,15.5527357366561
"ugt-54",161.774641841548,127.422132958089,92.1103093989479,153.73545264202,126.032781581845,110.69888377267
"T25B9.8",9.94145843719009,10.8907805947085,17.9985662043921,24.1722409814496,18.9049172372767,17.3824693527333
"T25B9.9",1062.8322838305,1049.8712493299,1042.85810066625,734.836125836068,820.26335346184,839.847729779431
"inpp-1",16.2678410790383,11.9798586541793,8.46991350794923,17.4040135066437,16.8043708775793,13.7230021205789
"T25C12.3",3162.28755197528,3285.74850542355,3422.90379639998,3380.24617884591,3437.54411764482,3537.78994668525
"dkf-2",143.699262864839,153.56000638539,143.988529635137,116.026756710958,136.535513380332,120.762418661095
"T25G3.1",18.0753789767093,26.1378734273004,31.7621756548096,14.5033445888698,24.1562831365203,20.1270697768491
"T25G3.3",307.281442604057,327.812495900726,317.621756548096,240.755520175238,224.758460487623,243.354570938267
"T25G3.4",340.72089371097,282.07121740295,334.561583563995,349.047159772132,309.830588055368,343.075053014473
"T26C5.2",0.903768948835463,2.1781561189417,7.41117431945558,78.3180607798968,72.4688494095607,44.8284735938912
"T26C5.3",195.21409294846,204.74667518052,190.573053928858,227.219065225626,205.853543250346,218.653167121224
"T26C5.4",20.7866858232156,21.781561189417,20.1160445813794,11.6026756710958,12.6032781581845,12.8081353125403
"T26E3.4",111.163580706762,99.1061034118473,113.285093168821,117.960535989474,98.7256789057784,127.166486317365
"T26G10.1",297.339984166867,304.941856651838,265.743536311907,171.139466148663,124.982508401996,161.016558214793
"cpd-2",56.9374437766342,82.7699325197845,68.8180472520875,43.5100337666093,61.9661176110737,52.1474080582
"npr-15",28.9206063627348,18.5143270110044,22.2335229583667,28.0397995384816,27.3071026760664,10.9784016964632
"T27D12.1",238.595002492562,197.123128764224,211.747837698731,546.292646180761,462.120199133431,446.455002322835
"T27E9.2",288.302294678513,229.795470548349,237.157578222578,262.993981878172,264.668841321874,309.224981117045
"abcf-2",126.527652836965,136.134757433856,165.16331340501,67.6822747480589,135.485240200483,125.336752701288
"sipa-1",130.142728632307,116.531352363381,109.050136414846,78.3180607798968,130.23387430124,107.954283348554
"zip-10",38.8620647999249,32.6723417841255,24.351001335354,24.1722409814496,15.7540976977306,20.1270697768491
"sygl-1",22.5942237208866,29.4051076057129,27.527218900835,17.4040135066437,17.854644057428,18.2973361607719
"T27F6.6",52.4185990324568,64.2556055087801,46.5845242937208,47.3775923236412,51.4633858125866,57.6366089064315
"T27F6.7",26.2092995162284,20.6924831299461,22.2335229583667,24.1722409814496,23.1060099566715,21.0419365848877
"T27F6.8",46.0922163906086,34.8504979030672,38.1146107857715,40.6093648488354,51.4633858125866,47.573074018007
"T28B8.1",194.310323999625,209.102987418403,137.636094504175,273.62976791001,274.121299940512,244.269437746305
"T28B8.3",9.94145843719009,10.8907805947085,5.29369594246827,8.70200675332186,13.6535513380332,16.4676025446947
"T28B11.1",333.490742120286,326.723417841255,260.449840369439,355.815387246938,410.656813320844,317.458782389393
"grsp-2",67.7826711626597,90.3934789360805,77.2879607600367,149.867894084988,145.98797199897,166.505759063024
"T28C6.7",233.172388799549,246.131641440412,251.97992686149,276.530436827784,335.037144371737,261.651907099038
"T28D6.4",28.9206063627348,26.1378734273004,32.8209148433033,24.1722409814496,25.206556316369,31.1054714733123
"T28D6.5",79.5316674975207,99.1061034118473,103.756440472378,79.2849504191547,82.9715812080478,68.6150106028947
"T28D6.6",229.557313004208,203.657597121049,212.806576887224,198.212376047887,192.199991912313,212.249099464954
"T28D6.7",105.740967013749,106.729649828143,100.580222906897,97.6558535650564,78.770488488653,103.379949308361
"nra-1",109.356042809091,116.531352363381,111.167614791834,123.761873825022,130.23387430124,105.209682924439
"slc-17.4",21.6904547720511,30.4941856651838,25.4097405238477,28.0397995384816,26.2568294962177,32.9352050893894
"T28F3.5",16.2678410790383,16.3361708920627,9.52865269644288,12.5695653103538,19.9551904171254,20.1270697768491
"T28F3.8",64.1675953673179,62.0774493898384,77.2879607600367,57.0464887162211,54.6142053521327,58.5514757144701
"T28F4.1",40.6696026975958,43.563122378834,39.1733499742652,48.3444819628992,42.0109271939483,47.573074018007
"T28F4.4",54.2261369301278,42.4740443193631,49.7607418592017,47.3775923236412,48.3125662730405,46.6582072099684
"T28F4.5",706.747317989332,687.208255526106,474.315156445157,1421.32776970924,1047.12236030916,971.588550136989
"T28H10.2",80.4354364463562,63.1665274493093,45.5257851052271,74.4505022228648,60.915844431225,68.6150106028947
"T28H10.3",189.791479255447,255.93334397565,250.921187672996,337.444484101037,323.484139393402,300.991179844698
"inos-1",93.9919706788881,101.284259530789,116.461310734302,107.324749957636,93.4743130065349,103.379949308361
"VF13D12L.3",102.125891218407,105.640571768672,134.459876938694,110.22541887541,116.580322963206,127.166486317365
"syx-17",38.8620647999249,38.1177320814797,41.2908283512525,47.3775923236412,28.3573758559151,34.7649387054666
"cnc-10",18.9791479255447,39.2068101409506,23.2922621468604,29.0066891777395,38.8601076544021,32.9352050893894
"ebp-2",11.748996334861,20.6924831299461,17.9985662043921,37.7086959310614,31.5081953954612,27.4460042411579
"adbp-1",23.497992669722,29.4051076057129,24.351001335354,27.0729098992236,34.6590149350073,32.0203382813509
"ucr-2.1",376.871651664388,396.424413647389,384.322325423196,382.888297146162,370.746432486593,397.052194688751
"sek-6",29.8243753115703,23.9597173083587,17.9985662043921,29.9735788169975,19.9551904171254,32.9352050893894
"nuo-6",320.837976836589,390.979023350035,386.439803800184,349.047159772132,302.478675796427,357.712921943091
"tofu-5",24.4017616185575,30.4941856651838,24.351001335354,21.2715720636757,22.0557367768228,15.5527357366561
"W01B6.3",14.4603031813674,39.2068101409506,34.9383932202906,19.3377927851597,18.9049172372767,21.9568033929263
"glb-27",16.2678410790383,18.5143270110044,16.9398270158985,16.4371238673857,23.1060099566715,8.23380127234736
"W01D2.1",96.7032775253945,68.6119177466635,71.9942648175684,62.847826551769,67.2174835103172,78.6785454913192
"osta-3",34.3432200557476,44.6522004383048,40.2320891627588,30.9404684562555,37.8098344745534,49.4028076340842
"mnr-1",9.94145843719009,18.5143270110044,20.1160445813794,29.9735788169975,23.1060099566715,23.7865370090035
"W01F3.2",55.1299058789632,67.5228396871927,76.2292215715431,91.8545157295085,72.4688494095607,78.6785454913192
"mlt-11",7.2301515906837,4.3563122378834,6.35243513096192,567.564218244437,631.214181089073,388.818393416403
"rpb-11",52.4185990324568,75.1463861034886,74.1117431945558,46.4107026843833,47.2622930931918,64.9555433707403
"W01G7.4",28.9206063627348,27.2269514867712,37.0558715972779,20.3046824244177,27.3071026760664,21.0419365848877
"W02A11.1",65.9751332649888,64.2556055087801,52.9369594246827,42.5431441273513,44.1114735536457,42.0838731697754
"vps-25",120.201270195117,127.422132958089,86.8166134564796,143.099666610182,117.630596143055,125.336752701288
"toe-4",95.7995085765591,101.284259530789,78.3466999485304,90.8876260902505,97.6754057259297,74.1042114511263
"W02B8.1",14.4603031813674,16.3361708920627,10.5873918849365,15.4702342281278,14.7038245178819,20.1270697768491
"W02B8.2",12.6527652836965,19.6034050704753,14.8223486389112,32.8742477347715,27.3071026760664,24.7014038170421
"W02B12.1",116.586194399775,75.1463861034886,87.8753526449733,131.496990939086,106.077591164719,103.379949308361
"rga-1",47.8997542882795,46.8303565572465,61.4068729326319,76.3842815013808,45.1617467334944,58.5514757144701
"mfn-1",44.2846784929377,39.2068101409506,53.9956986131763,49.3113716021572,37.8098344745534,40.2541395536982
"W02B12.10",80.4354364463562,80.5917764008429,106.932658037859,88.9538468117346,86.1224007475939,85.0826131475894
"W02B12.11",49.7072921859505,66.4337616277218,57.1719161786573,59.947157633995,50.4131126327379,53.0622748662386
"W02D9.2",30.7281442604057,54.4539029735425,35.9971324087842,39.6424752095774,37.8098344745534,49.4028076340842
"W02D9.10",110.259811757926,102.37333759026,92.1103093989479,110.22541887541,127.083054761693,114.358351004824
"W03C9.5",34.3432200557476,26.1378734273004,42.3495675397462,42.5431441273513,37.8098344745534,41.1690063617368
"W03C9.6",37.054526902254,27.2269514867712,28.5859580893287,33.8411373740295,25.206556316369,20.1270697768491
"W03G11.3",19.8829168743802,25.0487953678295,15.8810878274048,15.4702342281278,21.0054635969741,13.7230021205789
"W03G11.4",18.9791479255447,10.8907805947085,16.9398270158985,14.5033445888698,21.0054635969741,17.3824693527333
"cacn-1",77.7241295998498,77.3245422224303,78.3466999485304,64.781605830285,59.8655712513763,69.5298774109333
"W04A4.5",77.7241295998498,96.9279472929056,76.2292215715431,46.4107026843833,55.6644785319814,57.6366089064315
"W04A4.6",19.8829168743802,33.7614198435963,22.2335229583667,14.5033445888698,21.0054635969741,22.8716702009649
"W04A8.6",31.6319132092412,37.0286540220089,32.8209148433033,33.8411373740295,32.5584685753099,22.8716702009649
"W04D2.4",44.2846784929377,43.563122378834,38.1146107857715,52.2120405199312,45.1617467334944,31.1054714733123
"mrps-11",28.0168374138993,39.2068101409506,40.2320891627588,29.0066891777395,40.9606540140996,42.0838731697754
"rbm-25",283.783449934335,271.180436808241,290.094537647261,255.258864764108,274.121299940512,256.162706250807
"clec-49",41.5733716464313,35.939575962538,48.7020026707081,53.1789301591892,54.6142053521327,41.1690063617368
"W04E12.7",41.5733716464313,32.6723417841255,44.4670459167335,55.1127094377051,44.1114735536457,58.5514757144701
"clec-50",821.525974491436,874.529681755092,851.226307548898,796.717062748579,769.850240829102,815.146325962389
"lpr-6",7.2301515906837,9.80170253523765,6.35243513096192,84.1193986154447,89.27322028714,55.8068752903543
"lpr-5",1.80753789767093,4.3563122378834,0,115.0598670717,128.133327941542,80.5082791073964
"lpr-4",0,0,1.05873918849365,88.9538468117346,60.915844431225,51.2325412501614
"W04G3.5",159.063334995041,168.807099217982,153.51718233158,148.90100444573,141.786879279575,160.101691406754
"sulp-7",113.874887553268,106.729649828143,103.756440472378,98.6227432043144,99.7759520856271,72.2744778350491
"lpr-3",1.80753789767093,2.1781561189417,0,230.1197341434,187.998899192918,149.123289710291
"dhc-4",1.80753789767093,3.26723417841255,3.17621756548096,1.93377927851597,1.05027317984871,2.74460042411579
"W05B5.1",158.159566046206,163.361708920627,161.987095839529,148.90100444573,140.736606099727,158.271957790677
"his-74",20.7866858232156,13.0689367136502,9.52865269644288,17.4040135066437,10.5027317984871,13.7230021205789
"ccch-3",8.13392053951917,6.5344683568251,14.8223486389112,16.4371238673857,16.8043708775793,9.14866808038596
"W05B10.4",36.1507579534185,31.5832637246546,21.1747837698731,56.0795990769631,39.9103808342508,32.0203382813509
"W05E10.1",14.4603031813674,17.4252489515336,12.7048702619238,15.4702342281278,21.0054635969741,14.6378689286175
"W05E10.5",24.4017616185575,22.8706392488878,23.2922621468604,23.2053513421916,21.0054635969741,35.6798055135052
"W05H12.1",231.364850901878,225.439158310466,257.273622803958,203.046824244177,194.300538272011,165.590892254986
"W06A7.2",82.2429743440271,95.8388692334347,98.4627445299098,95.7220742865405,95.5748593662323,84.1677463395508
"prmt-7",74.109053804508,72.9682299845469,91.0515702104542,48.3444819628992,55.6644785319814,44.8284735938912
"W06F12.2",49.7072921859505,62.0774493898384,51.878220236189,58.0133783554791,45.1617467334944,57.6366089064315
"immt-2",16.2678410790383,14.158014773121,14.8223486389112,17.4040135066437,18.9049172372767,15.5527357366561
"ctps-1",613.659116259279,593.547542411613,571.719161786573,603.339134896982,559.795604859361,556.239019287466
"ztf-6",134.661573376484,151.381850266448,141.87105125815,127.629432382054,137.585786560181,145.463822478137
"ipla-3",62.3600574696469,72.9682299845469,53.9956986131763,47.3775923236412,46.2120199133431,54.8920084823158
"W07A12.4",7.2301515906837,6.5344683568251,12.7048702619238,18.3709031459017,31.5081953954612,41.1690063617368
"rhy-1",3.61507579534185,13.0689367136502,7.41117431945558,9.66889639257985,9.45245861863836,20.1270697768491
"W07E11.1",150.929414455522,161.183552801686,210.689098510237,180.808362541243,196.401084631708,138.144888013828
"zip-3",46.9959853394441,47.9194346167174,47.6432634822144,43.5100337666093,48.3125662730405,49.4028076340842
"W07G4.3",157.255797097371,128.51121101756,158.810878274048,149.867894084988,189.049172372767,161.016558214793
"W07G4.5",81.3392053951917,100.195181471318,115.402571545808,102.490301761346,111.328957063963,126.251619509326
"dct-15",30.7281442604057,25.0487953678295,21.1747837698731,31.9073580955135,22.0557367768228,15.5527357366561
"catp-6",115.682425450939,117.620430422852,113.285093168821,114.092977432442,115.530049783358,117.10295142894
"mtr-4",449.173167571225,382.266398874268,381.146107857715,228.185954864884,291.97594399794,272.630308795502
"W08E3.2",140.084187069497,156.827240563802,168.339530970491,142.132776970924,142.837152459424,164.676025446947
"ola-1",379.582958510894,355.039447387497,347.266453825918,312.305353480329,302.478675796427,333.011518126049
"W08G11.3",18.9791479255447,14.158014773121,27.527218900835,17.4040135066437,13.6535513380332,8.23380127234736
"pptr-1",474.478698138618,473.748955869819,481.726330764612,520.186625920796,547.192326701176,481.219941028301
"W09C5.1",186.176403460105,174.252489515336,170.457009347478,136.331439135376,135.485240200483,159.186824598716
"dkf-1",43.3809095441022,43.563122378834,53.9956986131763,51.2451508806732,38.8601076544021,35.6798055135052
"W09C5.7",24.4017616185575,19.6034050704753,32.8209148433033,32.8742477347715,24.1562831365203,28.3608710491965
"cox-4",691.383245859129,698.099036120815,768.644650846393,726.134119082746,698.43166459939,727.319112390684
"W09D6.5",21.6904547720511,19.6034050704753,22.2335229583667,15.4702342281278,23.1060099566715,16.4676025446947
"W09D10.1",118.393732297446,140.49106967174,139.753572881162,111.192308514668,116.580322963206,128.081353125403
"tat-3",91.2806638323817,62.0774493898384,65.6418296866065,70.5829436658329,93.4743130065349,77.7636786832806
"mrpl-12",179.850020818257,206.924831299461,187.396836363377,196.278596769371,161.742069696701,182.058494799681
"W09D10.4",150.929414455522,119.798586541793,110.10887560334,183.709031459017,164.892889236247,148.208422902253
"zmp-4",39.7658337487604,50.0975907356591,52.9369594246827,59.947157633995,67.2174835103172,53.9771416742772
"W09G3.1",13.5565342325319,26.1378734273004,17.9985662043921,12.5695653103538,14.7038245178819,19.2122029688105
"maea-1",28.9206063627348,22.8706392488878,23.2922621468604,25.1391306207076,27.3071026760664,27.4460042411579
"W09G3.6",26.2092995162284,35.939575962538,41.2908283512525,26.1060202599656,50.4131126327379,33.850071897428
"W09G3.7",18.9791479255447,16.3361708920627,22.2335229583667,22.2384617029336,19.9551904171254,18.2973361607719
"W09G3.8",9.03768948835463,16.3361708920627,16.9398270158985,33.8411373740295,18.9049172372767,14.6378689286175
"mecr-1",163.582179739219,177.519723693748,160.928356651035,146.967225167214,141.786879279575,175.65442714341
"nduf-7",248.536460929752,224.350080250995,205.395402567769,261.060202599656,239.462285005505,253.418105826691
"Y2H9A.4",42.4771405952668,37.0286540220089,39.1733499742652,71.5498333050909,54.6142053521327,51.2325412501614
"ttr-16",1555.38636094583,1798.06787618637,1759.62453127645,1684.32175158741,1561.75621843503,1407.06515076336
"ttr-17",487.131463422314,484.639736464528,470.080199691182,462.173247565317,500.980306787833,398.881928304828
"Y5F2A.4",15.3640721302029,13.0689367136502,15.8810878274048,11.6026756710958,19.9551904171254,13.7230021205789
"agef-1",135.565342325319,135.045679374385,145.047268823631,140.198997692408,165.943162416096,182.058494799681
"Y6B3B.4",68.6864401114952,55.5429810330133,53.9956986131763,69.6160540265749,59.8655712513763,51.2325412501614
"gpap-1",43.3809095441022,42.4740443193631,55.05443780167,67.6822747480589,48.3125662730405,49.4028076340842
"Y6B3B.9",67.7826711626597,68.6119177466635,52.9369594246827,42.5431441273513,43.061200373797,38.424405937621
"Y6D1A.1",23.497992669722,43.563122378834,34.9383932202906,18.3709031459017,34.6590149350073,21.9568033929263
"Y6D1A.2",3.61507579534185,4.3563122378834,11.6461310734302,24.1722409814496,16.8043708775793,12.8081353125403
"Y7A5A.1",320.837976836589,271.180436808241,294.329494401236,258.159533681882,214.255728689136,252.503239018652
"Y7A9A.1",124.720114939294,127.422132958089,142.929790446643,136.331439135376,108.178137524417,106.124549732477
"Y9C2UA.1",49.7072921859505,50.0975907356591,58.230655367151,27.0729098992236,35.709288114856,45.7433404019298
"Y10G11A.1",123.816345990458,117.620430422852,139.753572881162,102.490301761346,93.4743130065349,97.8907484601298
"Y11D7A.3",26.2092995162284,21.781561189417,16.9398270158985,9.66889639257985,9.45245861863836,10.9784016964632
"Y11D7A.9",0,0,0,46.4107026843833,26.2568294962177,18.2973361607719
"Y11D7A.10",58.7449816743051,60.9883713303676,75.1704823830494,57.0464887162211,53.563932172284,68.6150106028947
"nmy-3",93.0882017300527,92.5716350550222,83.6403958909986,88.9538468117346,119.731142502753,91.4866808038596
"Y12A6A.1",30.7281442604057,25.0487953678295,20.1160445813794,60.914047273253,51.4633858125866,37.5095391295824
"Y15E3A.4",102.125891218407,103.462415649731,105.873918849365,120.861204907248,117.630596143055,140.889488437944
"Y15E3A.5",31.6319132092412,47.9194346167174,26.4684797123413,37.7086959310614,43.061200373797,51.2325412501614
"Y16B4A.2",1831.93965928948,2022.41795643737,1914.20045279653,1933.77927851597,1693.04036591611,1901.0932271042
"ash-2",141.891724967168,124.154898779677,124.931224242251,153.73545264202,127.083054761693,108.869150156593
"Y17G7B.3",58.7449816743051,40.2958882004214,62.4656121211256,45.4438130451253,58.8152980715276,58.5514757144701
"dhps-1",42.4771405952668,29.4051076057129,25.4097405238477,29.9735788169975,22.0557367768228,27.4460042411579
"glb-29",18.0753789767093,23.9597173083587,19.0573053928858,18.3709031459017,15.7540976977306,13.7230021205789
"Y17G7B.8",37.9582958510894,26.1378734273004,27.527218900835,37.7086959310614,38.8601076544021,37.5095391295824
"Y17G7B.10",62.3600574696469,38.1177320814797,47.6432634822144,59.947157633995,54.6142053521327,64.9555433707403
"arrd-7",47.8997542882795,50.0975907356591,49.7607418592017,49.3113716021572,36.7595612947047,52.1474080582
"Y17G7B.12",95.7995085765591,94.7497911739639,103.756440472378,75.4173918621228,67.2174835103172,77.7636786832806
"ippk-1",31.6319132092412,33.7614198435963,37.0558715972779,57.0464887162211,68.2677566901659,39.3392727456596
"Y17G7B.17",225.03846826003,212.370221596816,155.634660708567,329.709366986973,270.970480400966,264.396507523154
"Y17G7B.18",65.9751332649888,64.2556055087801,33.8796540317969,52.2120405199312,52.5136589924353,53.9771416742772
"Y17G7B.20",220.519623515853,216.726533834699,215.982794452705,98.6227432043144,99.7759520856271,132.655687165596
"Y17G7B.21",45.1884474417731,41.3849662598923,50.8194810476954,21.2715720636757,42.0109271939483,32.9352050893894
"attf-6",93.9919706788881,109.996884006556,104.815179660872,55.1127094377051,58.8152980715276,74.1042114511263
"mxt-1",83.1467432928626,71.8791519250761,66.7005688751002,49.3113716021572,65.1169371506198,77.7636786832806
"Y18D10A.9",72.301515906837,71.8791519250761,78.3466999485304,31.9073580955135,45.1617467334944,53.0622748662386
"coa-5",20.7866858232156,25.0487953678295,23.2922621468604,32.8742477347715,18.9049172372767,21.9568033929263
"car-1",190.695248204283,198.212206823695,227.628925526136,183.709031459017,176.445894214583,174.739560335372
"nhr-232",26.2092995162284,28.3160295462421,21.1747837698731,22.2384617029336,25.206556316369,10.9784016964632
"Y24F12A.1",33.4394511069121,26.1378734273004,40.2320891627588,36.7418062918034,38.8601076544021,33.850071897428
"ragc-1",126.527652836965,145.936459969094,122.813745865264,128.596322021312,114.479776603509,118.017818236979
"Y32B12B.2",73.2052848556725,58.8102152114259,59.2893945556446,78.3180607798968,58.8152980715276,61.2960761385859
"Y32B12B.4",30.7281442604057,18.5143270110044,25.4097405238477,11.6026756710958,12.6032781581845,22.8716702009649
"pap-1",209.674396129827,206.924831299461,208.57162013325,149.867894084988,171.194528315339,133.570553973635
"Y32F6A.4",244.017616185575,230.88454860782,246.686230919021,185.642810737533,196.401084631708,247.928904978459
"Y32F6A.5",664.270177394065,811.363154305783,838.521437286974,720.332781247199,709.984669577726,748.361048975571
"Y32F6B.1",247.632691980917,210.192065477874,239.275056599566,214.649499915273,190.099445552616,228.716702009649
"Y37A1A.2",37.054526902254,44.6522004383048,17.9985662043921,32.8742477347715,39.9103808342508,44.8284735938912
"Y37A1A.3",28.9206063627348,19.6034050704753,23.2922621468604,8.70200675332186,13.6535513380332,13.7230021205789
"Y37A1B.5",128.335190734636,148.114616088036,154.575921520073,178.874583262727,144.937698819121,151.867890134407
"nkcc-1",100.318353320736,125.243976839148,113.285093168821,135.364549496118,132.334420660937,140.889488437944
"Y37D8A.2",853.157887700677,909.380179658159,886.164700769188,973.657866732791,949.446954583231,809.657125114157
"Y37D8A.3",6.32638264184824,4.3563122378834,7.41117431945558,29.0066891777395,36.7595612947047,27.4460042411579
"Y37D8A.4",47.8997542882795,63.1665274493093,53.9956986131763,53.1789301591892,37.8098344745534,32.9352050893894
"Y37D8A.6",36.1507579534185,38.1177320814797,39.1733499742652,29.9735788169975,23.1060099566715,24.7014038170421
"spcs-2",118.393732297446,118.709508482323,125.989963430745,122.794984185764,118.680869322904,139.059754821867
"cec-7",14.4603031813674,31.5832637246546,14.8223486389112,22.2384617029336,11.5530049783358,21.9568033929263
"cox-5A",657.943794752217,685.030099407164,706.179038725267,693.259871347975,572.398883017545,706.277175805796
"Y37D8A.16",172.619869227573,200.390362942636,196.92548905982,210.781941358241,182.747533293675,202.18556457653
"npp-25",79.5316674975207,111.085962066027,84.6991350794923,92.8214053687665,92.4240398266862,96.0610148440526
"mrps-10",59.6487506231405,75.1463861034886,78.3466999485304,83.1525089761867,48.3125662730405,67.7001437948561
"rbm-7",41.5733716464313,42.4740443193631,77.2879607600367,42.5431441273513,44.1114735536457,36.5946723215438
"epg-3",208.770627180992,214.548377715757,196.92548905982,247.523747650044,206.903816430195,254.33297263473
"Y37H2A.1",15.3640721302029,5.44539029735425,8.46991350794923,8.70200675332186,13.6535513380332,13.7230021205789
"Y37H9A.1",30.7281442604057,31.5832637246546,26.4684797123413,22.2384617029336,27.3071026760664,28.3608710491965
"Y37H9A.3",96.7032775253945,102.37333759026,104.815179660872,76.3842815013808,96.625132546081,85.0826131475894
"clec-8",16.2678410790383,18.5143270110044,20.1160445813794,23.2053513421916,11.5530049783358,13.7230021205789
"clec-4",265.708070957626,303.852778592367,329.267887621526,254.29197512485,265.719114501723,289.097911340196
"ceh-100",99.4145843719009,113.264118184968,129.166180996226,106.357860318378,130.23387430124,92.4015476118982
"lips-15",29.8243753115703,21.781561189417,34.9383932202906,30.9404684562555,40.9606540140996,32.9352050893894
"nspe-1",33.4394511069121,38.1177320814797,24.351001335354,49.3113716021572,59.8655712513763,56.7217420983929
"nspe-5",19.8829168743802,19.6034050704753,20.1160445813794,45.4438130451253,51.4633858125866,51.2325412501614
"Y38E10A.20",8.13392053951917,17.4252489515336,11.6461310734302,7.73511711406388,13.6535513380332,19.2122029688105
"Y38E10A.22",549.491520891961,406.226116182627,318.68049573659,627.511375878432,427.461184198424,536.111949510617
"Y38E10A.24",76.8203606510143,76.2354641629595,82.581656702505,75.4173918621228,75.6196689491069,66.7852769868175
"nspe-2",6.32638264184824,4.3563122378834,8.46991350794923,6.76822747480589,10.5027317984871,8.23380127234736
"Y38F1A.2",19.8829168743802,16.3361708920627,19.0573053928858,21.2715720636757,15.7540976977306,14.6378689286175
"hphd-1",1361.97980589504,1495.30417565348,1638.92826378818,1352.67860532192,1262.42836217815,1402.49081672317
"Y38F1A.8",11.748996334861,7.62354641629595,12.7048702619238,14.5033445888698,21.0054635969741,10.9784016964632
"dct-16",1780.42482920586,2219.54108520159,2212.76490395174,1518.98362327429,1352.75185564513,1730.01313400098
"fbxa-150",25.305530567393,30.4941856651838,20.1160445813794,20.3046824244177,14.7038245178819,12.8081353125403
"Y38H6C.16",12.6527652836965,10.8907805947085,16.9398270158985,23.2053513421916,24.1562831365203,30.1906046652737
"slc-36.3",25.305530567393,34.8504979030672,34.9383932202906,25.1391306207076,19.9551904171254,24.7014038170421
"Y38H6C.20",24.4017616185575,19.6034050704753,21.1747837698731,14.5033445888698,16.8043708775793,18.2973361607719
"epg-6",92.1844327812172,92.5716350550222,86.8166134564796,145.033445888698,130.23387430124,116.188084620902
"Y39A1A.3",67.7826711626597,54.4539029735425,59.2893945556446,56.0795990769631,60.915844431225,51.2325412501614
"rabx-5",46.9959853394441,43.563122378834,55.05443780167,72.5167229443488,71.418576229712,52.1474080582
"mrpl-22",176.234945022915,143.758303850152,147.164747200618,178.874583262727,148.088518358668,156.4422241746
"lron-10",30.7281442604057,43.563122378834,39.1733499742652,55.1127094377051,64.0666639707711,53.0622748662386
"swt-4",25.305530567393,25.0487953678295,20.1160445813794,12.5695653103538,23.1060099566715,16.4676025446947
"Y39A1A.9",54.2261369301278,54.4539029735425,63.5243513096192,93.7882950080245,118.680869322904,130.825953549519
"orc-1",28.0168374138993,13.0689367136502,20.1160445813794,22.2384617029336,22.0557367768228,31.1054714733123
"Y39A1A.14",113.874887553268,88.2153228171388,110.10887560334,84.1193986154447,66.1672103304685,84.1677463395508
"Y39A1A.20",16.2678410790383,23.9597173083587,12.7048702619238,20.3046824244177,11.5530049783358,17.3824693527333
"Y39A1A.21",36.1507579534185,37.0286540220089,32.8209148433033,30.9404684562555,35.709288114856,29.2757378572351
"Y39A1A.22",135.565342325319,100.195181471318,116.461310734302,124.72876346428,122.881962042299,119.847551853056
"hex-3",68.6864401114952,56.6320590924842,57.1719161786573,57.0464887162211,76.6699421289556,59.4663425225087
"Y39B6A.1",361.507579534185,502.064985416062,439.376763224866,386.755855703194,616.510356571191,420.838731697754
"pph-5",221.423392464688,236.329938905174,226.570186337642,186.609700376791,239.462285005505,234.205902857881
"Y39B6A.3",38.8620647999249,52.2757468546008,66.7005688751002,70.5829436658329,46.2120199133431,55.8068752903543
"Y39B6A.5",9.94145843719009,19.6034050704753,9.52865269644288,19.3377927851597,11.5530049783358,23.7865370090035
"bed-1",28.9206063627348,40.2958882004214,28.5859580893287,52.2120405199312,43.061200373797,32.9352050893894
"Y39B6A.13",18.9791479255447,25.0487953678295,17.9985662043921,16.4371238673857,14.7038245178819,15.5527357366561
"pro-3",459.114626008415,453.056472739873,411.849544324031,313.272243119587,326.634958932948,338.50071897428
"Y39B6A.27",24.4017616185575,25.0487953678295,28.5859580893287,14.5033445888698,18.9049172372767,21.0419365848877
"Y39B6A.33",489.842770268821,433.453067669398,462.669025371727,279.431105745558,256.266655883084,287.268177724119
"Y39B6A.34",61.4562885208115,55.5429810330133,38.1146107857715,43.5100337666093,34.6590149350073,27.4460042411579
"gtf-2F2",84.050512241698,78.4136202819012,76.2292215715431,73.4836125836068,63.0163907909224,60.3812093305473
"reps-1",16.2678410790383,18.5143270110044,25.4097405238477,11.6026756710958,14.7038245178819,11.8932685045017
"mrps-35",153.640721302029,176.430645634278,185.279357986389,145.033445888698,159.641523337003,169.25035948714
"nhr-145",15.3640721302029,31.5832637246546,27.527218900835,11.6026756710958,8.40218543878965,9.14866808038596
"mlt-3",31.6319132092412,21.781561189417,33.8796540317969,83.1525089761867,61.9661176110737,42.998739977814
"ttm-1",54.2261369301278,52.2757468546008,37.0558715972779,34.8080270132875,45.1617467334944,49.4028076340842
"bckd-1A",354.277427943501,302.763700532896,325.032930867552,379.02073858913,347.640422529922,390.64812703248
"abce-1",497.072921859505,425.829521253102,474.315156445157,429.298999830545,435.863369637213,449.199602746951
"snpc-1.2",21.6904547720511,16.3361708920627,13.7636094504175,13.5364549496118,16.8043708775793,7.31893446430877
"Y39E4B.5",13.5565342325319,5.44539029735425,11.6461310734302,8.70200675332186,5.25136589924353,5.48920084823158
"Y39E4B.6",30.7281442604057,31.5832637246546,33.8796540317969,19.3377927851597,33.6087417551586,19.2122029688105
"dhhc-8",85.858050139369,100.195181471318,105.873918849365,82.1856193369287,70.3683030498633,72.2744778350491
"Y39E4B.10",35.246989004583,39.2068101409506,21.1747837698731,23.2053513421916,32.5584685753099,20.1270697768491
"Y39G8B.1",172.619869227573,175.341567574807,187.396836363377,187.576590016049,166.993435595944,192.122029688105
"Y39G8B.9",106.644735962585,93.660713114493,84.6991350794923,96.6889639257985,115.530049783358,92.4015476118982
"xrn-1",261.189226213449,239.597173083587,246.686230919021,206.914382801209,223.708187307774,213.163966272993
"Y40B1A.3",50.6110611347859,42.4740443193631,45.5257851052271,34.8080270132875,46.2120199133431,31.1054714733123
"sptf-3",276.553298343652,288.605685759775,241.392534976553,317.139801676619,322.433866213553,327.522317277817
"eif-3.J",244.017616185575,248.309797559354,239.275056599566,243.656189093012,213.205455509287,259.822173482961
"Y40B1B.7",150.025645506687,181.876035931632,153.51718233158,131.496990939086,88.2229471072913,115.273217812863
"slc-25A46",41.5733716464313,55.5429810330133,50.8194810476954,35.7749166525454,47.2622930931918,41.1690063617368
"Y40H7A.10",16.2678410790383,15.2470928325919,14.8223486389112,17.4040135066437,21.0054635969741,15.5527357366561
"faah-6",17.1716100278738,16.3361708920627,21.1747837698731,25.1391306207076,42.0109271939483,23.7865370090035
"Y41C4A.9",52.4185990324568,57.721137151955,63.5243513096192,41.5762544880933,37.8098344745534,49.4028076340842
"Y41C4A.12",16.2678410790383,20.6924831299461,28.5859580893287,27.0729098992236,25.206556316369,25.6162706250807
"sup-1",214.193240874005,274.447670986654,249.862448484502,217.550168833047,223.708187307774,192.122029688105
"Y41E3.1",74.109053804508,66.4337616277218,62.4656121211256,44.4769234058673,56.7147517118302,47.573074018007
"atln-2",15.3640721302029,18.5143270110044,17.9985662043921,20.3046824244177,35.709288114856,22.8716702009649
"Y41E3.7",108.452273860256,138.312913552798,151.399703954592,110.22541887541,141.786879279575,135.400287589712
"Y41E3.8",26.2092995162284,21.781561189417,32.8209148433033,34.8080270132875,37.8098344745534,30.1906046652737
"fcd-2",59.6487506231405,33.7614198435963,42.3495675397462,28.0397995384816,35.709288114856,44.8284735938912
"eef-1B.2",372.352806920211,407.315194242098,457.375329429258,317.139801676619,319.283046674007,397.967061496789
"hrpu-1",127.4314217858,135.045679374385,145.047268823631,108.291639596894,160.691796516852,127.166486317365
"Y42A5A.1",18.0753789767093,29.4051076057129,23.2922621468604,17.4040135066437,24.1562831365203,16.4676025446947
"lact-8",4.51884474417731,4.3563122378834,5.29369594246827,9.66889639257985,6.30163907909224,3.65946723215438
"Y42A5A.3",17.1716100278738,23.9597173083587,7.41117431945558,52.2120405199312,22.0557367768228,26.5311374331193
"cdkl-1",9.03768948835463,19.6034050704753,27.527218900835,23.2053513421916,13.6535513380332,10.9784016964632
"Y43C5A.2",501.591766603682,478.105268107703,524.075898304359,488.279267825282,498.879760428136,505.006478037305
"Y43C5A.3",39.7658337487604,49.0085126761882,61.4068729326319,100.55652248283,109.228410704265,81.423145915435
"Y43E12A.2",112.067349655597,124.154898779677,143.988529635137,125.695653103538,123.932235222147,130.825953549519
"Y43F4A.1",17.1716100278738,18.5143270110044,16.9398270158985,17.4040135066437,24.1562831365203,15.5527357366561
"set-25",29.8243753115703,21.781561189417,22.2335229583667,20.3046824244177,19.9551904171254,29.2757378572351
"Y43F4B.5",531.416141915252,591.369386292671,583.365292860003,567.564218244437,530.387955823597,664.193302636021
"Y43F4B.7",86.7618190882044,86.0371666981971,97.4040053414162,108.291639596894,87.1726739274426,96.0610148440526
"Y43F4B.9",18.9791479255447,26.1378734273004,25.4097405238477,11.6026756710958,7.35191225894095,15.5527357366561
"Y43F4B.10",32.5356821580767,32.6723417841255,25.4097405238477,49.3113716021572,48.3125662730405,24.7014038170421
"Y43F8A.5",17.1716100278738,18.5143270110044,24.351001335354,22.2384617029336,12.6032781581845,15.5527357366561
"Y43F8B.1",386.813110101578,412.760584539452,397.02719568512,364.51739400026,393.852442443265,376.010258103863
"Y43F8B.2",723.01515906837,615.32910360103,592.893945556446,412.861875963159,521.985770384807,544.345750782965
"Y43F8B.3",0.903768948835463,1.08907805947085,1.05873918849365,22.2384617029336,21.0054635969741,14.6378689286175
"Y43F8B.11",30.7281442604057,39.2068101409506,19.0573053928858,22.2384617029336,25.206556316369,28.3608710491965
"Y43F8C.3",34.3432200557476,38.1177320814797,47.6432634822144,41.5762544880933,50.4131126327379,32.9352050893894
"dyf-19",11.748996334861,9.80170253523765,6.35243513096192,20.3046824244177,8.40218543878965,7.31893446430877
"Y43F8C.6",28.9206063627348,20.6924831299461,20.1160445813794,12.5695653103538,23.1060099566715,24.7014038170421
"Y43F8C.7",156.352028148535,153.56000638539,129.166180996226,122.794984185764,134.434967020634,144.548955670098
"mrps-28",74.109053804508,64.2556055087801,68.8180472520875,55.1127094377051,58.8152980715276,72.2744778350491
"Y43F8C.13",178.946251869422,103.462415649731,154.575921520073,137.298328774634,128.133327941542,161.931425022831
"ani-3",9.94145843719009,5.44539029735425,7.41117431945558,19.3377927851597,10.5027317984871,16.4676025446947
"grsp-1",52.4185990324568,44.6522004383048,42.3495675397462,127.629432382054,115.530049783358,116.188084620902
"Y44A6C.1",265.708070957626,178.608801753219,143.988529635137,292.000671055911,338.187963911283,282.693843683926
"Y44A6D.2",95.7995085765591,121.976742660735,121.75500667677,86.0531778939606,111.328957063963,88.7420803797438
"Y44A6D.3",56.9374437766342,67.5228396871927,69.8767864405811,68.6491643873169,66.1672103304685,81.423145915435
"pbo-5",61.4562885208115,81.6808544603137,73.0530040060621,62.847826551769,76.6699421289556,53.9771416742772
"Y44F5A.1",85.858050139369,86.0371666981971,97.4040053414162,67.6822747480589,74.5693957692582,63.1258097546631
"acdh-11",73.2052848556725,64.2556055087801,68.8180472520875,78.3180607798968,69.3180298700146,90.571813995821
"Y45F3A.4",65.9751332649888,66.4337616277218,58.230655367151,97.6558535650564,68.2677566901659,76.848811875242
"seld-1",45.1884474417731,47.9194346167174,46.5845242937208,34.8080270132875,38.8601076544021,39.3392727456596
"tbc-9",67.7826711626597,63.1665274493093,64.5830904981129,56.0795990769631,70.3683030498633,71.3596110270105
"Y45F10A.7",20.7866858232156,35.939575962538,34.9383932202906,32.8742477347715,39.9103808342508,38.424405937621
"Y45F10B.13",246.728923032081,303.852778592367,276.330928196844,300.702677809233,232.110372746564,274.460042411579
"Y45F10D.4",207.866858232156,139.401991612269,148.223486389112,234.95418233969,201.652450530952,179.313894375565
"Y45F10D.6",46.0922163906086,35.939575962538,37.0558715972779,30.9404684562555,16.8043708775793,21.0419365848877
"Y45F10D.7",425.675174901503,438.898457966752,411.849544324031,220.45083775082,265.719114501723,243.354570938267
"sas-6",35.246989004583,27.2269514867712,27.527218900835,37.7086959310614,37.8098344745534,35.6798055135052
"icap-1",9.94145843719009,19.6034050704753,11.6461310734302,18.3709031459017,16.8043708775793,10.9784016964632
"lact-9",51.5148300836214,62.0774493898384,53.9956986131763,38.6755855703194,43.061200373797,52.1474080582
"sorb-1",97.60704647423,82.7699325197845,79.405439137024,75.4173918621228,78.770488488653,82.3380127234736
"tbc-17",79.5316674975207,71.8791519250761,67.7593080635938,58.9802679947371,86.1224007475939,73.1893446430877
"cox-10",37.9582958510894,31.5832637246546,29.6446972778223,28.0397995384816,34.6590149350073,28.3608710491965
"snrp-200",598.295044129076,601.171088827909,665.946949562508,551.127094377051,559.795604859361,546.175484399042
"pisy-1",84.050512241698,101.284259530789,74.1117431945558,67.6822747480589,49.3628394528892,82.3380127234736
"cnp-2",7.2301515906837,8.71262447576679,4.23495675397461,5.80133783554791,11.5530049783358,5.48920084823158
"vps-2",107.54850491142,94.7497911739639,127.048702619238,118.927425628732,112.379230243812,132.655687165596
"tiar-2",73.2052848556725,78.4136202819012,88.9340918334669,70.5829436658329,80.8710348483504,95.146148036014
"cpt-1",610.044040463937,473.748955869819,307.03436466316,1237.61873825022,1028.21744307188,800.508457033771
"Y46G5A.18",57.8412127254696,64.2556055087801,60.3481337441383,83.1525089761867,68.2677566901659,65.8704101787789
"spds-1",133.757804427648,115.44227430391,118.578789111289,137.298328774634,105.027317984871,113.443484196786
"acl-7",73.2052848556725,51.1866687951299,55.05443780167,53.1789301591892,45.1617467334944,61.2960761385859
"Y46G5A.29",1.80753789767093,0,0,27.0729098992236,27.3071026760664,8.23380127234736
"alkb-7",23.497992669722,11.9798586541793,7.41117431945558,20.3046824244177,14.7038245178819,20.1270697768491
"fbxa-128",12.6527652836965,8.71262447576679,21.1747837698731,20.3046824244177,22.0557367768228,17.3824693527333
"aakb-2",93.0882017300527,76.2354641629595,79.405439137024,101.523412122088,97.6754057259297,106.124549732477
"rsks-1",139.180418120661,120.887664601264,138.694833692669,122.794984185764,103.977044805022,121.677285469133
"obr-1",86.7618190882044,99.1061034118473,81.5229175140113,77.3511711406388,86.1224007475939,85.997479955628
"Y47D3A.21",121.105039143952,128.51121101756,112.226353980327,108.291639596894,115.530049783358,110.69888377267
"gly-9",46.9959853394441,27.2269514867712,32.8209148433033,33.8411373740295,50.4131126327379,38.424405937621
"mcm-10",18.9791479255447,11.9798586541793,8.46991350794923,21.2715720636757,15.7540976977306,21.0419365848877
"pola-1",137.37288022299,120.887664601264,138.694833692669,149.867894084988,168.043708775793,149.123289710291
"subs-4",7.2301515906837,8.71262447576679,20.1160445813794,30.9404684562555,24.1562831365203,27.4460042411579
"bed-2",50.6110611347859,40.2958882004214,47.6432634822144,58.0133783554791,53.563932172284,48.4879408260456
"dhhc-2",17.1716100278738,18.5143270110044,15.8810878274048,13.5364549496118,22.0557367768228,16.4676025446947
"eif-2Bbeta",70.4939780091661,66.4337616277218,61.4068729326319,59.947157633995,71.418576229712,55.8068752903543
"Y47H9C.8",34.3432200557476,33.7614198435963,24.351001335354,24.1722409814496,22.0557367768228,31.1054714733123
"Y47H10A.4",17.1716100278738,23.9597173083587,17.9985662043921,17.4040135066437,14.7038245178819,13.7230021205789
"Y48A6B.3",347.047276352818,341.970510673847,368.441237595792,297.802008891459,280.422939019605,314.714181965277
"exos-1",37.9582958510894,41.3849662598923,51.878220236189,46.4107026843833,36.7595612947047,39.3392727456596
"kvs-4",13.5565342325319,4.3563122378834,8.46991350794923,14.5033445888698,17.854644057428,9.14866808038596
"Y48A6B.7",85.858050139369,109.996884006556,116.461310734302,87.9869571724766,113.42950342366,115.273217812863
"Y48A6B.9",23.497992669722,22.8706392488878,25.4097405238477,27.0729098992236,31.5081953954612,22.8716702009649
"rsa-2",24.4017616185575,46.8303565572465,46.5845242937208,48.3444819628992,49.3628394528892,48.4879408260456
"spat-2",212.385702976334,197.123128764224,222.335229583667,191.444148573081,194.300538272011,200.355830960452
"sup-35",39.7658337487604,21.781561189417,23.2922621468604,38.6755855703194,42.0109271939483,50.3176744421228
"Y48A6C.4",84.9542811905335,76.2354641629595,65.6418296866065,73.4836125836068,59.8655712513763,72.2744778350491
"Y48B6A.1",377.775420613223,371.37561827956,368.441237595792,233.987292700432,242.613104545051,266.226241139231
"efhd-1",92.1844327812172,107.818727887614,106.932658037859,136.331439135376,129.183601121391,122.592152277172
"jmjd-2",65.0713643161533,66.4337616277218,78.3466999485304,42.5431441273513,60.915844431225,49.4028076340842
"men-1",368.737731124869,331.079730079138,379.028629480728,316.172912037361,314.031680774763,328.437184085856
"Y48B6A.13",52.4185990324568,51.1866687951299,56.1131769901637,37.7086959310614,32.5584685753099,51.2325412501614
"Y48C3A.3",87.6655880370399,109.996884006556,82.581656702505,91.8545157295085,101.876498445325,105.209682924439
"ztf-22",54.2261369301278,66.4337616277218,57.1719161786573,43.5100337666093,47.2622930931918,56.7217420983929
"Y48C3A.5",26.2092995162284,34.8504979030672,22.2335229583667,21.2715720636757,18.9049172372767,18.2973361607719
"sam-10",52.4185990324568,57.721137151955,58.230655367151,64.781605830285,58.8152980715276,51.2325412501614
"mrpl-20",127.4314217858,106.729649828143,97.4040053414162,68.6491643873169,71.418576229712,77.7636786832806
"dmsr-3",14.4603031813674,11.9798586541793,24.351001335354,16.4371238673857,14.7038245178819,10.9784016964632
"Y48C3A.12",83.1467432928626,99.1061034118473,75.1704823830494,68.6491643873169,70.3683030498633,89.6569471877824
"Y48C3A.14",69.5902090603306,67.5228396871927,75.1704823830494,60.914047273253,86.1224007475939,85.0826131475894
"pinn-4",55.1299058789632,55.5429810330133,56.1131769901637,52.2120405199312,44.1114735536457,55.8068752903543
"Y48C3A.18",18.9791479255447,17.4252489515336,10.5873918849365,8.70200675332186,13.6535513380332,21.9568033929263
"Y48C3A.20",78.6278985486853,41.3849662598923,71.9942648175684,42.5431441273513,47.2622930931918,51.2325412501614
"rpoa-1",326.260590529602,278.803983224537,277.389667385337,193.377927851597,231.060099566715,221.39776754534
"ddl-2",12.6527652836965,9.80170253523765,11.6461310734302,9.66889639257985,10.5027317984871,13.7230021205789
"Y48E1B.2",38.8620647999249,46.8303565572465,60.3481337441383,36.7418062918034,54.6142053521327,57.6366089064315
"Y48E1B.3",42.4771405952668,45.7412784977757,44.4670459167335,58.0133783554791,65.1169371506198,53.9771416742772
"mrpl-37",129.238959683471,100.195181471318,121.75500667677,97.6558535650564,108.178137524417,100.635348884246
"lin-38",61.4562885208115,71.8791519250761,75.1704823830494,65.748495469543,65.1169371506198,78.6785454913192
"clec-146",36.1507579534185,39.2068101409506,24.351001335354,39.6424752095774,54.6142053521327,42.998739977814
"snx-14",53.3223679812923,46.8303565572465,53.9956986131763,38.6755855703194,58.8152980715276,58.5514757144701
"Y48E1C.1",18.0753789767093,14.158014773121,19.0573053928858,15.4702342281278,23.1060099566715,22.8716702009649
"Y48E1C.2",27.1130684650639,33.7614198435963,38.1146107857715,35.7749166525454,34.6590149350073,38.424405937621
"Y48E1C.4",103.029660167243,112.175040125497,127.048702619238,122.794984185764,118.680869322904,109.784016964632
"Y48G10A.1",104.837198064914,115.44227430391,105.873918849365,94.7551846472825,96.625132546081,89.6569471877824
"Y48G10A.2",15.3640721302029,18.5143270110044,25.4097405238477,10.6357860318378,13.6535513380332,16.4676025446947
"Y48G10A.3",129.238959683471,140.49106967174,141.87105125815,156.636121559794,151.239337898214,130.825953549519
"Y48G10A.4",78.6278985486853,77.3245422224303,64.5830904981129,32.8742477347715,45.1617467334944,37.5095391295824
"cept-2",58.7449816743051,58.8102152114259,52.9369594246827,57.0464887162211,57.7650248916789,75.0190782591649
"vha-13",3160.48001407761,3141.9902015734,2993.05568587156,3101.78196273961,3248.49494527205,3294.43537574698
"Y49A3A.3",22.5942237208866,16.3361708920627,17.9985662043921,11.6026756710958,21.0054635969741,12.8081353125403
"glrx-5",149.121876557851,105.640571768672,119.637528299783,115.0598670717,112.379230243812,107.954283348554
"tat-1",256.670381469271,265.735046510887,197.984228248313,262.027092238914,251.015289983841,228.716702009649
"Y49E10.16",26.2092995162284,31.5832637246546,19.0573053928858,30.9404684562555,25.206556316369,32.9352050893894
"Y49E10.18",196.117861897295,174.252489515336,168.339530970491,168.238797230889,166.993435595944,179.313894375565
"ani-1",150.929414455522,156.827240563802,123.872485053757,145.033445888698,168.043708775793,152.782756942446
"scav-3",242.210078287904,225.439158310466,203.277924190782,316.172912037361,262.568294962177,269.885708371386
"Y49E10.21",73.2052848556725,45.7412784977757,55.05443780167,51.2451508806732,57.7650248916789,65.8704101787789
"cccp-1",50.6110611347859,43.563122378834,35.9971324087842,51.2451508806732,43.061200373797,45.7433404019298
"Y50E8A.1",16.2678410790383,17.4252489515336,22.2335229583667,25.1391306207076,16.8043708775793,15.5527357366561
"Y51A2D.7",75.0128227533434,63.1665274493093,60.3481337441383,49.3113716021572,48.3125662730405,56.7217420983929
"ttr-24",403.080951180616,414.938740658394,386.439803800184,356.782276886196,373.89725202614,322.033116429586
"ttr-25",127.4314217858,151.381850266448,127.048702619238,114.092977432442,113.42950342366,91.4866808038596
"ttr-26",335.298280017957,316.921715306017,282.683363327806,458.305689008285,366.545339767199,339.415585782319
"Y51A2D.13",174.427407125244,182.965113991103,149.282225577605,192.411038212339,207.954089610044,184.803095223796
"Y51A2D.14",309.992749450564,298.407388295013,303.858147097679,254.29197512485,259.417475422631,283.608710491965
"grdn-1",22.5942237208866,18.5143270110044,17.9985662043921,25.1391306207076,37.8098344745534,33.850071897428
"Y51A2D.18",58.7449816743051,45.7412784977757,56.1131769901637,43.5100337666093,56.7147517118302,59.4663425225087
"Y51B9A.6",37.9582958510894,39.2068101409506,32.8209148433033,31.9073580955135,39.9103808342508,40.2541395536982
"cup-14",50.6110611347859,46.8303565572465,38.1146107857715,53.1789301591892,46.2120199133431,52.1474080582
"Y51H1A.3",174.427407125244,148.114616088036,163.045835028023,198.212376047887,135.485240200483,148.208422902253
"ing-3",47.8997542882795,49.0085126761882,40.2320891627588,36.7418062918034,39.9103808342508,34.7649387054666
"mcd-1",59.6487506231405,60.9883713303676,81.5229175140113,48.3444819628992,74.5693957692582,67.7001437948561
"Y51H4A.7",46.0922163906086,35.939575962538,60.3481337441383,46.4107026843833,54.6142053521327,48.4879408260456
"Y51H4A.8",47.8997542882795,46.8303565572465,41.2908283512525,43.5100337666093,46.2120199133431,25.6162706250807
"set-26",76.8203606510143,77.3245422224303,78.3466999485304,106.357860318378,107.127864344568,84.1677463395508
"Y51H4A.15",58.7449816743051,35.939575962538,51.878220236189,51.2451508806732,57.7650248916789,43.9136067858526
"sta-1",120.201270195117,139.401991612269,131.283659373213,186.609700376791,123.932235222147,124.421885893249
"Y51H4A.24",22.5942237208866,23.9597173083587,16.9398270158985,20.3046824244177,22.0557367768228,29.2757378572351
"impt-1",12.6527652836965,17.4252489515336,12.7048702619238,16.4371238673857,8.40218543878965,13.7230021205789
"Y52B11A.3",29.8243753115703,29.4051076057129,28.5859580893287,23.2053513421916,26.2568294962177,20.1270697768491
"Y52B11A.4",43.3809095441022,67.5228396871927,37.0558715972779,51.2451508806732,65.1169371506198,37.5095391295824
"Y52B11A.8",9.03768948835463,8.71262447576679,6.35243513096192,19.3377927851597,21.0054635969741,16.4676025446947
"dxbp-1",44.2846784929377,55.5429810330133,52.9369594246827,27.0729098992236,27.3071026760664,39.3392727456596
"Y52B11A.10",134.661573376484,140.49106967174,153.51718233158,79.2849504191547,100.826225265476,96.0610148440526
"Y52B11C.1",10.8452273860256,6.5344683568251,4.23495675397461,4.83444819628992,9.45245861863836,9.14866808038596
"strd-1",48.803523237115,56.6320590924842,53.9956986131763,51.2451508806732,53.563932172284,57.6366089064315
"rga-2",24.4017616185575,14.158014773121,16.9398270158985,19.3377927851597,32.5584685753099,16.4676025446947
"Y53C10A.5",131.950266529978,121.976742660735,131.283659373213,138.265218413892,118.680869322904,145.463822478137
"Y53C10A.6",32.5356821580767,17.4252489515336,32.8209148433033,16.4371238673857,23.1060099566715,20.1270697768491
"Y53C12A.3",22.5942237208866,21.781561189417,23.2922621468604,23.2053513421916,22.0557367768228,21.9568033929263
"mop-25.2",111.163580706762,101.284259530789,87.8753526449733,77.3511711406388,93.4743130065349,68.6150106028947
"Y53C12B.1",145.506800762509,166.62894309904,160.928356651035,91.8545157295085,106.077591164719,100.635348884246
"pno-1",99.4145843719009,108.907805947085,94.2277877759352,69.6160540265749,77.7202153088043,106.124549732477
"pole-4",43.3809095441022,32.6723417841255,50.8194810476954,58.0133783554791,45.1617467334944,60.3812093305473
"nsun-5",71.3977469580016,95.8388692334347,88.9340918334669,55.1127094377051,53.563932172284,71.3596110270105
"Y53F4B.9",19.8829168743802,20.6924831299461,19.0573053928858,29.9735788169975,33.6087417551586,39.3392727456596
"Y53F4B.12",35.246989004583,25.0487953678295,25.4097405238477,25.1391306207076,26.2568294962177,36.5946723215438
"Y53F4B.13",70.4939780091661,64.2556055087801,70.9355256290748,62.847826551769,72.4688494095607,82.3380127234736
"Y53F4B.14",33.4394511069121,30.4941856651838,39.1733499742652,49.3113716021572,28.3573758559151,40.2541395536982
"Y53F4B.18",103.029660167243,94.7497911739639,95.2865269644288,77.3511711406388,76.6699421289556,75.9339450672035
"Y53F4B.21",71.3977469580016,74.0573080440178,55.05443780167,56.0795990769631,72.4688494095607,53.0622748662386
"arp-1",224.134699311195,259.200578154062,208.57162013325,194.344817490855,196.401084631708,191.207162880067
"Y53F4B.39",130.142728632307,164.450786980098,125.989963430745,100.55652248283,118.680869322904,126.251619509326
"rsy-1",65.0713643161533,70.7900738656052,60.3481337441383,48.3444819628992,76.6699421289556,76.848811875242
"Y53H1A.2",23.497992669722,23.9597173083587,21.1747837698731,21.2715720636757,16.8043708775793,20.1270697768491
"cutl-10",19.8829168743802,29.4051076057129,25.4097405238477,23.2053513421916,40.9606540140996,31.1054714733123
"Y53H1B.2",103.029660167243,126.333054898619,110.10887560334,124.72876346428,138.636059740029,104.2948161164
"npr-34",21.6904547720511,16.3361708920627,17.9985662043921,13.5364549496118,16.8043708775793,18.2973361607719
"smg-9",25.305530567393,27.2269514867712,21.1747837698731,29.0066891777395,27.3071026760664,16.4676025446947
"Y54E2A.4",140.987956018332,111.085962066027,118.578789111289,97.6558535650564,110.278683884114,144.548955670098
"tbc-20",13.5565342325319,13.0689367136502,15.8810878274048,15.4702342281278,14.7038245178819,10.9784016964632
"ttm-5",48.803523237115,58.8102152114259,35.9971324087842,43.5100337666093,31.5081953954612,54.8920084823158
"Y54E5A.5",167.197255534561,150.292772206977,147.164747200618,96.6889639257985,109.228410704265,133.570553973635
"dus-2",44.2846784929377,58.8102152114259,40.2320891627588,50.2782612414152,33.6087417551586,34.7649387054666
"Y54E5A.7",43.3809095441022,39.2068101409506,32.8209148433033,49.3113716021572,39.9103808342508,31.1054714733123
"Y54E5A.8",9.94145843719009,13.0689367136502,17.9985662043921,9.66889639257985,18.9049172372767,12.8081353125403
"Y54E5B.2",57.8412127254696,57.721137151955,53.9956986131763,41.5762544880933,45.1617467334944,49.4028076340842
"bub-3",75.0128227533434,72.9682299845469,58.230655367151,96.6889639257985,89.27322028714,102.465082500323
"Y54G9A.7",83.1467432928626,66.4337616277218,81.5229175140113,61.880936912511,56.7147517118302,81.423145915435
"Y54G11A.1",28.0168374138993,34.8504979030672,34.9383932202906,34.8080270132875,22.0557367768228,21.0419365848877
"Y54G11A.2",70.4939780091661,118.709508482323,98.4627445299098,116.026756710958,96.625132546081,103.379949308361
"Y54G11A.4",57.8412127254696,53.3648249140716,51.878220236189,64.781605830285,70.3683030498633,60.3812093305473
"Y54G11A.7",136.469111274155,129.600289077031,123.872485053757,100.55652248283,111.328957063963,133.570553973635
"ddl-3",101.222122269572,114.353196244439,110.10887560334,97.6558535650564,82.9715812080478,95.146148036014
"Y54G11A.9",28.9206063627348,26.1378734273004,31.7621756548096,25.1391306207076,16.8043708775793,21.9568033929263
"Y54G11A.11",26.2092995162284,32.6723417841255,23.2922621468604,34.8080270132875,31.5081953954612,33.850071897428
"dmsr-6",20.7866858232156,29.4051076057129,23.2922621468604,30.9404684562555,30.4579222156125,24.7014038170421
"efa-6",90.3768948835463,96.9279472929056,81.5229175140113,116.993646350216,98.7256789057784,89.6569471877824
"Y55D9A.2",25.305530567393,27.2269514867712,33.8796540317969,38.6755855703194,21.0054635969741,20.1270697768491
"Y56A3A.2",35.246989004583,27.2269514867712,28.5859580893287,33.8411373740295,40.9606540140996,32.9352050893894
"Y56A3A.6",53.3223679812923,58.8102152114259,49.7607418592017,34.8080270132875,51.4633858125866,52.1474080582
"Y56A3A.7",147.31433866018,215.637455775228,223.393968772161,207.881272440467,212.155182329439,208.5896322328
"faah-4",63.2638264184824,55.5429810330133,52.9369594246827,56.0795990769631,72.4688494095607,74.1042114511263
"Y56A3A.16",22.5942237208866,17.4252489515336,23.2922621468604,10.6357860318378,18.9049172372767,27.4460042411579
"Y56A3A.18",73.2052848556725,81.6808544603137,79.405439137024,60.914047273253,49.3628394528892,53.9771416742772
"Y56A3A.19",206.963089283321,242.864407261999,211.747837698731,260.093312960398,190.099445552616,240.609970514151
"trap-4",234.97992669722,239.597173083587,207.512880944756,233.020403061174,200.602177351103,248.843771786498
"Y56A3A.22",65.0713643161533,78.4136202819012,70.9355256290748,66.7153851088009,79.8207616685017,66.7852769868175
"Y56A3A.28",18.0753789767093,17.4252489515336,21.1747837698731,14.5033445888698,17.854644057428,17.3824693527333
"ung-1",16.2678410790383,16.3361708920627,24.351001335354,19.3377927851597,34.6590149350073,32.9352050893894
"Y56A3A.30",15.3640721302029,21.781561189417,13.7636094504175,19.3377927851597,13.6535513380332,13.7230021205789
"Y56A3A.31",28.9206063627348,38.1177320814797,38.1146107857715,25.1391306207076,42.0109271939483,31.1054714733123
"Y57A10A.8",13.5565342325319,15.2470928325919,20.1160445813794,12.5695653103538,16.8043708775793,10.9784016964632
"tric-1B.1",97.60704647423,86.0371666981971,106.932658037859,110.22541887541,93.4743130065349,102.465082500323
"Y57A10A.13",85.858050139369,108.907805947085,128.107441807732,85.0862882547027,93.4743130065349,76.848811875242
"Y57A10A.14",16.2678410790383,18.5143270110044,17.9985662043921,21.2715720636757,15.7540976977306,12.8081353125403
"polg-1",39.7658337487604,41.3849662598923,28.5859580893287,24.1722409814496,17.854644057428,14.6378689286175
"trpp-5",66.8789022138242,55.5429810330133,55.05443780167,56.0795990769631,38.8601076544021,62.2109429466245
"rsr-2",112.067349655597,116.531352363381,138.694833692669,72.5167229443488,80.8710348483504,104.2948161164
"sinh-1",25.305530567393,16.3361708920627,29.6446972778223,17.4040135066437,18.9049172372767,23.7865370090035
"txdc-12.1",37.9582958510894,39.2068101409506,50.8194810476954,247.523747650044,212.155182329439,196.696363728298
"parn-2",31.6319132092412,45.7412784977757,37.0558715972779,28.0397995384816,25.206556316369,42.0838731697754
"Y57A10A.26",136.469111274155,133.956601314914,137.636094504175,164.371238673857,184.848079653372,156.4422241746
"Y57A10A.27",177.138713971751,187.321426228986,184.220618797896,97.6558535650564,109.228410704265,96.9758816520912
"tric-1B.2",17.1716100278738,21.781561189417,27.527218900835,23.2053513421916,31.5081953954612,24.7014038170421
"Y57A10A.29",18.0753789767093,19.6034050704753,20.1160445813794,23.2053513421916,23.1060099566715,32.9352050893894
"Y57A10A.31",27.1130684650639,33.7614198435963,22.2335229583667,17.4040135066437,24.1562831365203,20.1270697768491
"5-Mar",25.305530567393,32.6723417841255,29.6446972778223,36.7418062918034,42.0109271939483,32.0203382813509
"btb-14",65.0713643161533,70.7900738656052,82.581656702505,59.947157633995,81.9213080281991,56.7217420983929
"daf-22",261.189226213449,270.091358748771,245.627491730528,241.722409814496,243.6633777249,247.928904978459
"tag-273",159.967103943877,154.649084444861,143.988529635137,234.95418233969,223.708187307774,187.547695647912
"Y57G11A.4",54.2261369301278,56.6320590924842,70.9355256290748,78.3180607798968,65.1169371506198,75.9339450672035
"Y57G11B.2",14.4603031813674,25.0487953678295,15.8810878274048,37.7086959310614,22.0557367768228,25.6162706250807
"Y57G11C.3",121.105039143952,103.462415649731,110.10887560334,152.768563002762,139.686332919878,108.869150156593
"vti-1",46.0922163906086,44.6522004383048,29.6446972778223,49.3113716021572,38.8601076544021,38.424405937621
"Y57G11C.9",129.238959683471,166.62894309904,150.340964766099,142.132776970924,148.088518358668,144.548955670098
"nuo-3",51.5148300836214,68.6119177466635,57.1719161786573,77.3511711406388,57.7650248916789,63.1258097546631
"sec-61",1257.14260783013,1260.06331480777,1308.60163697816,1452.26823816549,1417.86879279575,1497.63696475918
"Y57G11C.22",56.9374437766342,78.4136202819012,69.8767864405811,59.947157633995,45.1617467334944,53.9771416742772
"Y57G11C.31",56.9374437766342,51.1866687951299,64.5830904981129,65.748495469543,63.0163907909224,57.6366089064315
"Y57G11C.33",34.3432200557476,33.7614198435963,34.9383932202906,43.5100337666093,29.4076490357638,32.9352050893894
"mrps-7",165.38971763689,155.738162504331,129.166180996226,129.56321166057,130.23387430124,150.953023326368
"anoh-2",28.9206063627348,27.2269514867712,28.5859580893287,21.2715720636757,23.1060099566715,19.2122029688105
"Y57G11C.38",38.8620647999249,33.7614198435963,32.8209148433033,32.8742477347715,42.0109271939483,36.5946723215438
"Y57G11C.42",3.61507579534185,3.26723417841255,0,14.5033445888698,29.4076490357638,18.2973361607719
"Y57G11C.43",26.2092995162284,22.8706392488878,27.527218900835,18.3709031459017,30.4579222156125,24.7014038170421
"phf-14",44.2846784929377,40.2958882004214,26.4684797123413,42.5431441273513,30.4579222156125,36.5946723215438
"tcc-1",678.730480575433,772.156344164832,716.766430610204,812.187296976707,759.347509030615,765.743518328305
"prp-6",261.189226213449,247.220719499883,240.333795788059,196.278596769371,221.607640948077,235.120769665919
"ebp-1",75.0128227533434,58.8102152114259,65.6418296866065,71.5498333050909,61.9661176110737,51.2325412501614
"Y59A8B.8",54.2261369301278,45.7412784977757,40.2320891627588,51.2451508806732,49.3628394528892,53.9771416742772
"nova-1",103.029660167243,101.284259530789,119.637528299783,89.9207364509926,122.881962042299,111.613750580709
"slr-2",18.9791479255447,17.4252489515336,17.9985662043921,11.6026756710958,26.2568294962177,13.7230021205789
"lon-8",101.222122269572,82.7699325197845,78.3466999485304,105.39097067912,100.826225265476,92.4015476118982
"Y59A8B.21",26.2092995162284,18.5143270110044,22.2335229583667,19.3377927851597,26.2568294962177,15.5527357366561
"snx-6",144.603031813674,168.807099217982,169.398270158985,175.007024705695,193.250265092162,175.65442714341
"gck-3",206.059320334486,241.775329202529,220.21775120668,198.212376047887,256.266655883084,202.18556457653
"abhd-3.1",37.9582958510894,30.4941856651838,29.6446972778223,47.3775923236412,35.709288114856,42.0838731697754
"Y60A3A.8",41.5733716464313,41.3849662598923,29.6446972778223,42.5431441273513,42.0109271939483,32.0203382813509
"Y60A3A.9",80.4354364463562,80.5917764008429,60.3481337441383,75.4173918621228,61.9661176110737,81.423145915435
"fars-2",91.2806638323817,101.284259530789,83.6403958909986,83.1525089761867,89.27322028714,75.9339450672035
"algn-7",74.109053804508,79.502698341372,75.1704823830494,97.6558535650564,88.2229471072913,75.9339450672035
"Y60A3A.19",46.9959853394441,46.8303565572465,49.7607418592017,46.4107026843833,40.9606540140996,40.2541395536982
"Y62E10A.6",65.0713643161533,70.7900738656052,65.6418296866065,55.1127094377051,59.8655712513763,68.6150106028947
"emc-3",63.2638264184824,37.0286540220089,47.6432634822144,48.3444819628992,44.1114735536457,51.2325412501614
"Y62E10A.13",86.7618190882044,88.2153228171388,99.5214837184035,92.8214053687665,96.625132546081,104.2948161164
"gcl-1",55.1299058789632,53.3648249140716,58.230655367151,104.424081039862,68.2677566901659,65.8704101787789
"Y62E10A.19",15.3640721302029,19.6034050704753,16.9398270158985,29.9735788169975,16.8043708775793,21.0419365848877
"Y62F5A.9",52.4185990324568,50.0975907356591,45.5257851052271,100.55652248283,57.7650248916789,65.8704101787789
"Y63D3A.7",188.887710306612,167.718021158511,168.339530970491,154.702342281278,133.384693840786,151.867890134407
"Y63D3A.8",49.7072921859505,57.721137151955,44.4670459167335,46.4107026843833,51.4633858125866,51.2325412501614
"ilcr-1",131.046497581142,139.401991612269,129.166180996226,91.8545157295085,141.786879279575,113.443484196786
"Y64G10A.7",65.0713643161533,49.0085126761882,56.1131769901637,55.1127094377051,69.3180298700146,48.4879408260456
"Y65A5A.1",2.71130684650639,6.5344683568251,4.23495675397461,8.70200675332186,11.5530049783358,4.57433404019298
"Y66A7A.2",56.9374437766342,51.1866687951299,35.9971324087842,48.3444819628992,42.0109271939483,50.3176744421228
"Y66D12A.8",122.008808092787,152.470928325919,149.282225577605,53.1789301591892,54.6142053521327,55.8068752903543
"Y66D12A.9",591.064892538393,468.303565572465,530.42833343532,164.371238673857,194.300538272011,159.186824598716
"Y66D12A.10",47.8997542882795,53.3648249140716,41.2908283512525,22.2384617029336,21.0054635969741,24.7014038170421
"ztf-29",30.7281442604057,32.6723417841255,37.0558715972779,30.9404684562555,34.6590149350073,48.4879408260456
"Y66D12A.13",39.7658337487604,63.1665274493093,40.2320891627588,68.6491643873169,48.3125662730405,64.9555433707403
"nrps-1",8.13392053951917,7.62354641629595,19.0573053928858,9.66889639257985,11.5530049783358,7.31893446430877
"xpb-1",70.4939780091661,65.344683568251,96.3452661529225,47.3775923236412,58.8152980715276,48.4879408260456
"Y66D12A.21",12.6527652836965,17.4252489515336,12.7048702619238,10.6357860318378,15.7540976977306,21.9568033929263
"nars-2",51.5148300836214,44.6522004383048,46.5845242937208,44.4769234058673,36.7595612947047,37.5095391295824
"Y66D12A.24",44.2846784929377,43.563122378834,45.5257851052271,35.7749166525454,32.5584685753099,36.5946723215438
"ssu-2",13.5565342325319,18.5143270110044,15.8810878274048,23.2053513421916,15.7540976977306,19.2122029688105
"Y67A10A.7",18.0753789767093,17.4252489515336,16.9398270158985,9.66889639257985,16.8043708775793,18.2973361607719
"Y67A10A.9",37.9582958510894,46.8303565572465,38.1146107857715,36.7418062918034,52.5136589924353,46.6582072099684
"Y67A10A.10",67.7826711626597,65.344683568251,59.2893945556446,76.3842815013808,60.915844431225,66.7852769868175
"cpsf-3",98.5108154230655,107.818727887614,111.167614791834,47.3775923236412,71.418576229712,59.4663425225087
"Y67H2A.2",36.1507579534185,51.1866687951299,50.8194810476954,30.9404684562555,38.8601076544021,47.573074018007
"micu-1",73.2052848556725,77.3245422224303,65.6418296866065,118.927425628732,96.625132546081,101.550215692284
"kdp-1",626.311881542976,577.21137151955,584.424032048497,603.339134896982,592.35407343467,614.790495001936
"Y67H2A.7",50.6110611347859,31.5832637246546,45.5257851052271,24.1722409814496,44.1114735536457,45.7433404019298
"Y67H2A.10",37.054526902254,47.9194346167174,63.5243513096192,32.8742477347715,31.5081953954612,29.2757378572351
"Y69E1A.5",143.699262864839,125.243976839148,123.872485053757,119.89431526799,123.932235222147,106.124549732477
"Y69H2.3",306.377673655222,356.128525446968,358.912584899349,325.841808429941,342.389056630678,301.906046652737
"Y69H2.7",27.1130684650639,38.1177320814797,32.8209148433033,37.7086959310614,35.709288114856,27.4460042411579
"col-42",509.725687143201,649.090523444626,743.234910322545,432.199668748319,563.996697578755,628.513497122515
"hex-5",14.4603031813674,6.5344683568251,15.8810878274048,21.2715720636757,19.9551904171254,25.6162706250807
"Y70G10A.3",304.570135757551,359.39575962538,273.154710631363,362.583614721744,406.455720601449,354.053454710937
"usp-3",69.5902090603306,81.6808544603137,70.9355256290748,75.4173918621228,59.8655712513763,67.7001437948561
"Y73F4A.1",59.6487506231405,52.2757468546008,52.9369594246827,74.4505022228648,59.8655712513763,53.0622748662386
"Y73F4A.2",285.590987832006,319.099871424959,297.505711966717,257.192644042624,249.965016803992,189.377429263989
"Y73F4A.3",65.9751332649888,71.8791519250761,68.8180472520875,78.3180607798968,109.228410704265,81.423145915435
"Y73F8A.5",34.3432200557476,39.2068101409506,32.8209148433033,22.2384617029336,32.5584685753099,22.8716702009649
"Y73F8A.24",26.2092995162284,32.6723417841255,26.4684797123413,20.3046824244177,29.4076490357638,32.9352050893894
"ntl-11",69.5902090603306,63.1665274493093,88.9340918334669,62.847826551769,66.1672103304685,72.2744778350491
"Y73F8A.26",45.1884474417731,60.9883713303676,41.2908283512525,58.0133783554791,77.7202153088043,51.2325412501614
"Y73F8A.27",65.9751332649888,60.9883713303676,86.8166134564796,58.9802679947371,44.1114735536457,53.0622748662386
"acr-24",19.8829168743802,19.6034050704753,21.1747837698731,25.1391306207076,17.854644057428,23.7865370090035
"ari-1.4",30.7281442604057,35.939575962538,45.5257851052271,29.9735788169975,21.0054635969741,20.1270697768491
"Y75B8A.3",23.497992669722,28.3160295462421,33.8796540317969,35.7749166525454,39.9103808342508,59.4663425225087
"lonp-2",93.0882017300527,81.6808544603137,61.4068729326319,101.523412122088,97.6754057259297,81.423145915435
"Y75B8A.6",75.9165917021789,91.4825569955513,91.0515702104542,95.7220742865405,111.328957063963,103.379949308361
"Y75B8A.7",286.494756780842,307.12001277078,291.153276835755,222.384617029336,211.10490914959,225.057234777495
"Y75B8A.8",62.3600574696469,55.5429810330133,48.7020026707081,52.2120405199312,51.4633858125866,53.0622748662386
"lury-1",19.8829168743802,28.3160295462421,19.0573053928858,28.0397995384816,21.0054635969741,36.5946723215438
"Y75B8A.13",65.0713643161533,68.6119177466635,73.0530040060621,59.947157633995,57.7650248916789,62.2109429466245
"Y75B8A.14",66.8789022138242,87.1262447576679,89.9928310219606,59.947157633995,57.7650248916789,55.8068752903543
"gmn-1",8.13392053951917,9.80170253523765,11.6461310734302,21.2715720636757,21.0054635969741,16.4676025446947
"Y75B8A.19",30.7281442604057,19.6034050704753,20.1160445813794,24.1722409814496,32.5584685753099,21.9568033929263
"Y75B8A.24",146.410569711345,144.847381909623,160.928356651035,179.841472901985,180.646986933978,177.484160759488
"Y75B8A.25",61.4562885208115,52.2757468546008,52.9369594246827,59.947157633995,68.2677566901659,51.2325412501614
"Y75B8A.28",18.0753789767093,22.8706392488878,21.1747837698731,25.1391306207076,28.3573758559151,31.1054714733123
"zip-12",65.9751332649888,64.2556055087801,59.2893945556446,77.3511711406388,89.27322028714,73.1893446430877
"Y75B8A.31",28.0168374138993,19.6034050704753,21.1747837698731,21.2715720636757,18.9049172372767,32.0203382813509
"bath-36",14.4603031813674,18.5143270110044,10.5873918849365,8.70200675332186,19.9551904171254,10.0635348884246
"acs-5",475.382467087453,503.154063475532,500.783636157498,574.332445719243,510.432765406471,451.029336363028
"Y76A2B.4",9.03768948835463,10.8907805947085,2.11747837698731,10.6357860318378,8.40218543878965,12.8081353125403
"Y76A2B.5",475.382467087453,446.522004383048,421.378197020474,554.027763294825,518.834950845261,493.113209532803
"scav-2",60.552519571976,49.0085126761882,37.0558715972779,109.258529236152,102.926771625173,111.613750580709
"Y79H2A.3",124.720114939294,94.7497911739639,120.696267488277,109.258529236152,142.837152459424,122.592152277172
"Y80D3A.9",19.8829168743802,22.8706392488878,20.1160445813794,19.3377927851597,13.6535513380332,18.2973361607719
"nlp-42",44.2846784929377,51.1866687951299,43.4083067282398,38.6755855703194,38.8601076544021,42.998739977814
"gcn-2",22.5942237208866,32.6723417841255,32.8209148433033,20.3046824244177,28.3573758559151,28.3608710491965
"Y87G2A.1",63.2638264184824,76.2354641629595,68.8180472520875,55.1127094377051,55.6644785319814,64.0406765627017
"Y87G2A.2",32.5356821580767,26.1378734273004,21.1747837698731,38.6755855703194,33.6087417551586,21.9568033929263
"atg-4.1",107.54850491142,124.154898779677,111.167614791834,111.192308514668,108.178137524417,128.081353125403
"nyn-2",18.9791479255447,15.2470928325919,10.5873918849365,23.2053513421916,22.0557367768228,25.6162706250807
"gpi-1",1123.38480340248,1162.0462894554,1298.01424509322,779.313049241936,789.805431246227,818.805793194543
"vps-28",82.2429743440271,87.1262447576679,77.2879607600367,86.0531778939606,66.1672103304685,77.7636786832806
"eipr-1",28.0168374138993,34.8504979030672,31.7621756548096,39.6424752095774,28.3573758559151,23.7865370090035
"Y87G2A.13",95.7995085765591,90.3934789360805,98.4627445299098,109.258529236152,93.4743130065349,89.6569471877824
"soem-1",11.748996334861,17.4252489515336,19.0573053928858,16.4371238673857,19.9551904171254,14.6378689286175
"Y95D11A.1",92.1844327812172,90.3934789360805,111.167614791834,68.6491643873169,68.2677566901659,58.5514757144701
"cand-1",432.905326492187,446.522004383048,404.438370004576,379.987628228388,422.20981829918,446.455002322835
"fbxa-90",18.9791479255447,17.4252489515336,11.6461310734302,12.5695653103538,15.7540976977306,20.1270697768491
"Y105C5A.1",10.8452273860256,22.8706392488878,15.8810878274048,15.4702342281278,21.0054635969741,10.9784016964632
"Y105C5A.8",34.3432200557476,29.4051076057129,26.4684797123413,39.6424752095774,26.2568294962177,23.7865370090035
"Y105C5A.15",29.8243753115703,30.4941856651838,30.703436466316,47.3775923236412,53.563932172284,32.0203382813509
"daf-38",16.2678410790383,14.158014773121,14.8223486389112,15.4702342281278,12.6032781581845,15.5527357366561
"Y105C5A.24",52.4185990324568,62.0774493898384,75.1704823830494,52.2120405199312,70.3683030498633,57.6366089064315
"Y105C5B.5",96.7032775253945,124.154898779677,100.580222906897,114.092977432442,133.384693840786,109.784016964632
"Y105C5B.9",63.2638264184824,55.5429810330133,66.7005688751002,69.6160540265749,58.8152980715276,53.9771416742772
"Y105C5B.15",92.1844327812172,111.085962066027,104.815179660872,109.258529236152,96.625132546081,107.954283348554
"Y105E8A.1",20.7866858232156,29.4051076057129,30.703436466316,24.1722409814496,29.4076490357638,22.8716702009649
"Y105E8A.2",65.9751332649888,79.502698341372,55.05443780167,69.6160540265749,85.0721275677452,65.8704101787789
"Y105E8A.3",88.5693569858754,86.0371666981971,95.2865269644288,87.9869571724766,99.7759520856271,105.209682924439
"tcab-1",17.1716100278738,25.0487953678295,20.1160445813794,19.3377927851597,10.5027317984871,11.8932685045017
"hpo-13",82.2429743440271,94.7497911739639,106.932658037859,53.1789301591892,70.3683030498633,66.7852769868175
"Y105E8A.11",34.3432200557476,47.9194346167174,41.2908283512525,35.7749166525454,38.8601076544021,41.1690063617368
"catp-1",64.1675953673179,64.2556055087801,55.05443780167,83.1525089761867,92.4240398266862,79.5934122993578
"Y105E8A.14",50.6110611347859,35.939575962538,32.8209148433033,30.9404684562555,49.3628394528892,25.6162706250807
"ekl-4",65.0713643161533,56.6320590924842,67.7593080635938,54.1458197984471,80.8710348483504,64.9555433707403
"yars-1",195.21409294846,161.183552801686,183.161879609402,179.841472901985,182.747533293675,150.03815651833
"Y105E8A.20",44.2846784929377,34.8504979030672,31.7621756548096,41.5762544880933,36.7595612947047,29.2757378572351
"Y105E8A.21",71.3977469580016,71.8791519250761,49.7607418592017,52.2120405199312,34.6590149350073,37.5095391295824
"rpom-1",150.929414455522,125.243976839148,112.226353980327,101.523412122088,98.7256789057784,108.869150156593
"Y105E8A.25",193.406555050789,159.005396682744,179.985662043921,198.212376047887,236.311465465959,194.866630112221
"zoo-1",124.720114939294,144.847381909623,141.87105125815,111.192308514668,141.786879279575,119.847551853056
"exoc-8",59.6487506231405,86.0371666981971,77.2879607600367,51.2451508806732,70.3683030498633,61.2960761385859
"riok-2",197.925399794966,182.965113991103,192.690532305845,138.265218413892,136.535513380332,126.251619509326
"bath-40",72.301515906837,75.1463861034886,56.1131769901637,67.6822747480589,81.9213080281991,52.1474080582
"hprt-1",290.109832576184,298.407388295013,332.444105187007,224.318396307852,237.361738645808,268.970841563347
"Y105E8B.7",20.7866858232156,23.9597173083587,39.1733499742652,41.5762544880933,25.206556316369,30.1906046652737
"Y106G6A.1",9.94145843719009,11.9798586541793,10.5873918849365,7.73511711406388,7.35191225894095,7.31893446430877
"epg-8",35.246989004583,23.9597173083587,28.5859580893287,56.0795990769631,46.2120199133431,34.7649387054666
"dsbn-1",28.0168374138993,43.563122378834,38.1146107857715,48.3444819628992,42.0109271939483,44.8284735938912
"Y106G6D.6",7.2301515906837,10.8907805947085,5.29369594246827,25.1391306207076,18.9049172372767,21.0419365848877
"rbm-12",84.9542811905335,115.44227430391,91.0515702104542,81.2187296976707,105.027317984871,69.5298774109333
"Y106G6E.4",26.2092995162284,32.6723417841255,29.6446972778223,21.2715720636757,29.4076490357638,35.6798055135052
"csnk-1",158.159566046206,172.074333396394,155.634660708567,163.404349034599,181.697260113826,178.399027567526
"Y106G6G.2",48.803523237115,56.6320590924842,56.1131769901637,52.2120405199312,55.6644785319814,52.1474080582
"Y106G6G.4",0,0,0,0,0,0.914866808038596
"Y106G6H.1",169.908562381067,149.203694147506,171.515748535972,168.238797230889,153.339884257911,138.144888013828
"pdpr-1",78.6278985486853,81.6808544603137,101.638962095391,60.914047273253,70.3683030498633,63.1258097546631
"Y106G6H.6",13.5565342325319,18.5143270110044,13.7636094504175,18.3709031459017,16.8043708775793,12.8081353125403
"Y106G6H.8",21.6904547720511,30.4941856651838,32.8209148433033,31.9073580955135,26.2568294962177,16.4676025446947
"Y106G6H.14",44.2846784929377,43.563122378834,43.4083067282398,46.4107026843833,34.6590149350073,39.3392727456596
"ska-1",28.0168374138993,35.939575962538,27.527218900835,45.4438130451253,57.7650248916789,52.1474080582
"sql-1",159.967103943877,145.936459969094,187.396836363377,149.867894084988,183.797806473524,157.357090982638
"aakg-1",114.778656502104,128.51121101756,112.226353980327,118.927425628732,151.239337898214,110.69888377267
"Y111B2A.10",21.6904547720511,26.1378734273004,28.5859580893287,62.847826551769,50.4131126327379,32.0203382813509
"Y111B2A.12",205.15555138565,189.499582347928,194.808010682832,156.636121559794,175.395621034734,148.208422902253
"gtf-2A2",41.5733716464313,53.3648249140716,43.4083067282398,59.947157633995,53.563932172284,62.2109429466245
"tpst-1",61.4562885208115,56.6320590924842,48.7020026707081,74.4505022228648,53.563932172284,65.8704101787789
"elpc-2",113.874887553268,83.8590105792554,95.2865269644288,61.880936912511,81.9213080281991,87.8272135717052
"spin-4",48.803523237115,51.1866687951299,44.4670459167335,65.748495469543,38.8601076544021,53.0622748662386
"hut-1",104.837198064914,104.551493709202,106.932658037859,125.695653103538,99.7759520856271,102.465082500323
"sas-1",24.4017616185575,13.0689367136502,23.2922621468604,27.0729098992236,12.6032781581845,21.0419365848877
"lgc-55",19.8829168743802,19.6034050704753,27.527218900835,18.3709031459017,14.7038245178819,21.9568033929263
"nlp-69",9.94145843719009,14.158014773121,11.6461310734302,9.66889639257985,13.6535513380332,17.3824693527333
"cdkr-3",68.6864401114952,84.9480886387262,84.6991350794923,79.2849504191547,74.5693957692582,76.848811875242
"prmt-1",355.181196892337,306.030934711309,357.853845710855,255.258864764108,278.322392659907,314.714181965277
"sld-5",35.246989004583,34.8504979030672,45.5257851052271,50.2782612414152,38.8601076544021,51.2325412501614
"Y116A8C.3",21.6904547720511,21.781561189417,20.1160445813794,31.9073580955135,15.7540976977306,19.2122029688105
"Y116A8C.9",41.5733716464313,43.563122378834,31.7621756548096,48.3444819628992,51.4633858125866,39.3392727456596
"Y116A8C.10",5.42261369301278,1.08907805947085,5.29369594246827,5.80133783554791,6.30163907909224,4.57433404019298
"Y116A8C.13",30.7281442604057,25.0487953678295,25.4097405238477,16.4371238673857,17.854644057428,15.5527357366561
"snx-13",84.050512241698,60.9883713303676,69.8767864405811,51.2451508806732,63.0163907909224,51.2325412501614
"Y116A8C.27",182.561327664763,209.102987418403,193.749271494339,205.947493161951,159.641523337003,193.951763304182
"bca-2",114.778656502104,108.907805947085,114.343832357315,137.298328774634,126.032781581845,136.315154397751
"Y116A8C.30",63.2638264184824,58.8102152114259,59.2893945556446,58.0133783554791,52.5136589924353,60.3812093305473
"sfa-1",159.967103943877,130.689367136502,145.047268823631,133.430770217602,118.680869322904,137.230021205789
"ZC15.1",1.80753789767093,0,1.05873918849365,0,2.10054635969741,3.65946723215438
"mlt-4",24.4017616185575,13.0689367136502,34.9383932202906,2.90066891777395,7.35191225894095,11.8932685045017
"fbxa-31",28.0168374138993,17.4252489515336,41.2908283512525,33.8411373740295,22.0557367768228,17.3824693527333
"fbxa-37",22.5942237208866,21.781561189417,20.1160445813794,16.4371238673857,13.6535513380332,14.6378689286175
"cls-3",49.7072921859505,33.7614198435963,55.05443780167,28.0397995384816,45.1617467334944,42.998739977814
"npr-29",16.2678410790383,29.4051076057129,22.2335229583667,23.2053513421916,13.6535513380332,18.2973361607719
"ZC116.1",182.561327664763,221.082846072582,241.392534976553,162.437459395341,133.384693840786,171.994959911256
"ZC116.3",105.740967013749,137.223835493327,103.756440472378,130.530101299828,116.580322963206,94.2312812279754
"orc-5",12.6527652836965,15.2470928325919,17.9985662043921,19.3377927851597,23.1060099566715,12.8081353125403
"ZC247.1",141.891724967168,137.223835493327,141.87105125815,86.0531778939606,166.993435595944,128.081353125403
"ZC247.2",59.6487506231405,49.0085126761882,49.7607418592017,38.6755855703194,47.2622930931918,42.0838731697754
"cbs-1",508.821918194366,416.027818717864,445.729198355828,343.245821936585,462.120199133431,420.838731697754
"mlck-1",52.4185990324568,45.7412784977757,39.1733499742652,32.8742477347715,47.2622930931918,36.5946723215438
"ZC373.5",27.1130684650639,26.1378734273004,21.1747837698731,21.2715720636757,25.206556316369,36.5946723215438
"ZC374.2",50.6110611347859,60.9883713303676,60.3481337441383,101.523412122088,73.5191225894094,65.8704101787789
"ZC376.2",45.1884474417731,52.2757468546008,32.8209148433033,40.6093648488354,34.6590149350073,32.9352050893894
"ZC376.3",22.5942237208866,21.781561189417,13.7636094504175,17.4040135066437,15.7540976977306,13.7230021205789
"ceh-74",17.1716100278738,20.6924831299461,15.8810878274048,16.4371238673857,21.0054635969741,21.0419365848877
"ZC376.6",55.1299058789632,59.8992932708967,61.4068729326319,50.2782612414152,77.7202153088043,54.8920084823158
"atfs-1",223.230930362359,235.240860845703,207.512880944756,274.596657549268,244.713650904749,250.673505402575
"mppb-1",129.238959683471,132.867523255444,117.520049922796,99.5896328435724,100.826225265476,108.869150156593
"msa-1",258.477919366942,292.961997997659,282.683363327806,336.477594461779,320.333319853855,264.396507523154
"ZC412.3",1018.54760533757,1304.71551524608,1211.19763163674,1170.90335314142,1067.07755072629,1091.43610199004
"ZC434.4",93.9919706788881,90.3934789360805,91.0515702104542,81.2187296976707,71.418576229712,90.571813995821
"coa-6",29.8243753115703,31.5832637246546,17.9985662043921,21.2715720636757,29.4076490357638,19.2122029688105
"ZC434.8",18.9791479255447,23.9597173083587,19.0573053928858,26.1060202599656,13.6535513380332,16.4676025446947
"ZC434.9",43.3809095441022,62.0774493898384,46.5845242937208,56.0795990769631,81.9213080281991,61.2960761385859
"ZC443.1",26.2092995162284,39.2068101409506,30.703436466316,33.8411373740295,49.3628394528892,33.850071897428
"ZC443.3",70.4939780091661,58.8102152114259,68.8180472520875,96.6889639257985,105.027317984871,64.0406765627017
"ZC443.4",55.1299058789632,40.2958882004214,59.2893945556446,50.2782612414152,48.3125662730405,58.5514757144701
"ugt-18",14.4603031813674,22.8706392488878,15.8810878274048,21.2715720636757,22.0557367768228,18.2973361607719
"ugt-16",308.185211552893,331.079730079138,386.439803800184,69.6160540265749,94.5245861863836,103.379949308361
"ZC455.1",58.7449816743051,42.4740443193631,52.9369594246827,60.914047273253,60.915844431225,44.8284735938912
"ugt-4",13.5565342325319,23.9597173083587,19.0573053928858,32.8742477347715,40.9606540140996,25.6162706250807
"ugt-5",111.163580706762,104.551493709202,84.6991350794923,87.9869571724766,65.1169371506198,56.7217420983929
"lgc-37",17.1716100278738,19.6034050704753,26.4684797123413,12.5695653103538,15.7540976977306,10.9784016964632
"cdk-11.2",34.3432200557476,49.0085126761882,44.4670459167335,42.5431441273513,26.2568294962177,32.0203382813509
"ZC506.1",101.222122269572,129.600289077031,121.75500667677,116.026756710958,126.032781581845,113.443484196786
"pssy-1",237.691233543727,227.617314429408,253.038666049983,301.669567448491,291.97594399794,282.693843683926
"best-22",43.3809095441022,49.0085126761882,55.05443780167,42.5431441273513,47.2622930931918,43.9136067858526
"ghi-1",10.8452273860256,17.4252489515336,14.8223486389112,12.5695653103538,21.0054635969741,11.8932685045017
"rad-23",233.172388799549,234.151782786233,286.91832008178,175.973914344953,189.049172372767,196.696363728298
"coa-7",60.552519571976,67.5228396871927,58.230655367151,58.9802679947371,52.5136589924353,61.2960761385859
"nep-1",19.8829168743802,33.7614198435963,24.351001335354,55.1127094377051,47.2622930931918,22.8716702009649
"ZK131.11",76.8203606510143,86.0371666981971,81.5229175140113,92.8214053687665,108.178137524417,97.8907484601298
"ZK228.3",35.246989004583,39.2068101409506,39.1733499742652,40.6093648488354,36.7595612947047,28.3608710491965
"ZK228.4",81.3392053951917,83.8590105792554,86.8166134564796,40.6093648488354,55.6644785319814,58.5514757144701
"ZK262.2",21.6904547720511,37.0286540220089,37.0558715972779,6.76822747480589,13.6535513380332,15.5527357366561
"ZK262.3",27.1130684650639,31.5832637246546,31.7621756548096,26.1060202599656,29.4076490357638,29.2757378572351
"sre-23",21.6904547720511,14.158014773121,9.52865269644288,25.1391306207076,25.206556316369,24.7014038170421
"nol-16",164.485948688054,137.223835493327,148.223486389112,116.026756710958,118.680869322904,111.613750580709
"ZK265.7",84.9542811905335,125.243976839148,95.2865269644288,76.3842815013808,111.328957063963,85.997479955628
"ZK287.1",28.0168374138993,52.2757468546008,35.9971324087842,32.8742477347715,37.8098344745534,31.1054714733123
"sulp-8",107.54850491142,94.7497911739639,106.932658037859,116.993646350216,98.7256789057784,86.9123467636666
"ZK287.7",14.4603031813674,21.781561189417,23.2922621468604,13.5364549496118,13.6535513380332,6.40406765627017
"tep-1",436.520402287529,411.671506479981,422.436936208968,551.127094377051,571.348609837696,459.263137635375
"klu-1",55.1299058789632,38.1177320814797,48.7020026707081,37.7086959310614,45.1617467334944,43.9136067858526
"ZK455.5",14.4603031813674,6.5344683568251,10.5873918849365,12.5695653103538,18.9049172372767,21.0419365848877
"ZK512.2",366.930193227198,270.091358748771,258.332361992452,204.980603522693,179.596713754129,227.80183520161
"ZK512.4",24.4017616185575,28.3160295462421,39.1733499742652,27.0729098992236,28.3573758559151,29.2757378572351
"sec-16",125.623883888129,103.462415649731,99.5214837184035,94.7551846472825,135.485240200483,122.592152277172
"ZK512.7",37.054526902254,46.8303565572465,62.4656121211256,20.3046824244177,24.1562831365203,17.3824693527333
"ZK524.4",98.5108154230655,98.0170253523765,109.050136414846,116.993646350216,98.7256789057784,95.146148036014
"ZK550.2",39.7658337487604,49.0085126761882,60.3481337441383,31.9073580955135,31.5081953954612,32.0203382813509
"ZK550.3",178.946251869422,197.123128764224,168.339530970491,177.907693623469,174.345347854885,180.228761183603
"gtf-2E1",31.6319132092412,35.939575962538,39.1733499742652,27.0729098992236,35.709288114856,32.9352050893894
"ZK550.6",37.9582958510894,51.1866687951299,46.5845242937208,55.1127094377051,51.4633858125866,46.6582072099684
"pyk-2",280.168374138993,355.039447387497,325.032930867552,239.78863053598,254.166109523387,291.842511764312
"ZK593.3",11.748996334861,15.2470928325919,19.0573053928858,42.5431441273513,30.4579222156125,41.1690063617368
"fic-1",13.5565342325319,9.80170253523765,13.7636094504175,16.4371238673857,21.0054635969741,7.31893446430877
"ZK596.1",201.540475590308,273.358592927183,284.800841704793,245.589968371528,234.210919106262,282.693843683926
"ZK632.2",83.1467432928626,59.8992932708967,65.6418296866065,59.947157633995,69.3180298700146,52.1474080582
"riok-3",176.234945022915,138.312913552798,167.280791781997,101.523412122088,121.83168886245,113.443484196786
"ZK632.4",238.595002492562,229.795470548349,232.922621468604,494.08060566083,496.779214068438,356.798055135052
"ZK632.5",19.8829168743802,25.0487953678295,34.9383932202906,21.2715720636757,22.0557367768228,18.2973361607719
"panl-3",122.912577041623,112.175040125497,118.578789111289,160.503680116825,143.887425639273,155.527357366561
"ZK632.9",107.54850491142,107.818727887614,101.638962095391,155.669231920536,142.837152459424,110.69888377267
"ZK632.10",46.0922163906086,50.0975907356591,58.230655367151,59.947157633995,43.061200373797,59.4663425225087
"ZK632.11",56.0336748277987,44.6522004383048,50.8194810476954,52.2120405199312,52.5136589924353,46.6582072099684
"ZK632.12",48.803523237115,68.6119177466635,49.7607418592017,65.748495469543,57.7650248916789,41.1690063617368
"ZK632.14",41.5733716464313,47.9194346167174,28.5859580893287,40.6093648488354,31.5081953954612,38.424405937621
"svop-1",60.552519571976,70.7900738656052,69.8767864405811,58.0133783554791,64.0666639707711,51.2325412501614
"ZK637.2",36.1507579534185,32.6723417841255,28.5859580893287,22.2384617029336,21.0054635969741,27.4460042411579
"lnkn-1",167.197255534561,157.916318623273,148.223486389112,176.940803984211,153.339884257911,122.592152277172
"asna-1",201.540475590308,212.370221596816,208.57162013325,189.510369294565,178.54644057428,194.866630112221
"trxr-2",30.7281442604057,29.4051076057129,31.7621756548096,30.9404684562555,33.6087417551586,22.8716702009649
"glb-1",245.825154083246,295.1401541166,250.921187672996,310.371574201813,234.210919106262,229.631568817688
"ZK637.14",26.2092995162284,27.2269514867712,27.527218900835,27.0729098992236,21.0054635969741,15.5527357366561
"arrd-15",20.7866858232156,14.158014773121,13.7636094504175,18.3709031459017,10.5027317984871,11.8932685045017
"seb-2",16.2678410790383,16.3361708920627,21.1747837698731,17.4040135066437,17.854644057428,21.0419365848877
"ZK643.5",219.615854567017,202.568519061578,187.396836363377,286.199333220363,230.009826386867,244.269437746305
"ZK662.2",0.903768948835463,1.08907805947085,2.11747837698731,22.2384617029336,13.6535513380332,13.7230021205789
"spv-1",104.837198064914,128.51121101756,107.991397226353,148.90100444573,130.23387430124,149.123289710291
"dbt-1",323.549283683096,311.476325008663,303.858147097679,281.364885024074,290.925670818092,315.629048773316
"ZK669.5",23.497992669722,28.3160295462421,25.4097405238477,43.5100337666093,46.2120199133431,38.424405937621
"ZK673.1",53.3223679812923,33.7614198435963,40.2320891627588,69.6160540265749,49.3628394528892,53.9771416742772
"ZK673.2",284.687218883171,343.059588733318,279.507145762325,480.544150711218,424.310364658877,377.83999171994
"rev-1",22.5942237208866,22.8706392488878,25.4097405238477,23.2053513421916,19.9551904171254,17.3824693527333
"ZK757.2",23.497992669722,41.3849662598923,26.4684797123413,21.2715720636757,26.2568294962177,17.3824693527333
"dhhc-4",32.5356821580767,17.4252489515336,17.9985662043921,27.0729098992236,22.0557367768228,27.4460042411579
"ZK792.1",20.7866858232156,15.2470928325919,15.8810878274048,12.5695653103538,15.7540976977306,12.8081353125403
"ZK792.4",26.2092995162284,16.3361708920627,33.8796540317969,27.0729098992236,36.7595612947047,33.850071897428
"ZK792.5",281.975912036664,294.051076057129,273.154710631363,161.470569756083,184.848079653372,198.526097344375
"atg-4.2",18.0753789767093,18.5143270110044,19.0573053928858,11.6026756710958,22.0557367768228,17.3824693527333
"ipmk-1",17.1716100278738,35.939575962538,21.1747837698731,18.3709031459017,27.3071026760664,22.8716702009649
"ZK795.3",131.046497581142,96.9279472929056,87.8753526449733,110.22541887541,86.1224007475939,93.3164144199368
"ZK809.3",107.54850491142,125.243976839148,148.223486389112,124.72876346428,98.7256789057784,140.889488437944
"ZK809.5",8.13392053951917,7.62354641629595,21.1747837698731,11.6026756710958,21.0054635969741,16.4676025446947
"ZK809.8",82.2429743440271,106.729649828143,85.757874267986,96.6889639257985,102.926771625173,103.379949308361
"ZK822.2",84.050512241698,90.3934789360805,71.9942648175684,74.4505022228648,65.1169371506198,79.5934122993578
"ZK822.4",739.283000147409,649.090523444626,599.246380687408,932.081612244697,857.022914756545,845.336930627663
"ZK822.5",256.670381469271,313.654481127605,302.799407909185,306.504015644781,342.389056630678,314.714181965277
"gdh-1",1455.0680076251,1352.63494986279,1518.2319962999,978.49231492908,1186.80869322904,1326.55687165596
"ZK829.7",310.896518399399,314.743559187075,307.03436466316,357.749166525454,329.785778472494,306.48038069293
"ogdh-2",285.590987832006,296.229232176071,241.392534976553,338.411373740295,324.53441257325,360.457522367207
"gopc-1",28.9206063627348,28.3160295462421,33.8796540317969,30.9404684562555,37.8098344745534,33.850071897428
"ZK856.5",30.7281442604057,29.4051076057129,24.351001335354,12.5695653103538,15.7540976977306,18.2973361607719
"ZK856.6",23.497992669722,22.8706392488878,20.1160445813794,30.9404684562555,24.1562831365203,30.1906046652737
"ZK856.7",276.553298343652,339.792354554905,315.504278171109,371.285621475066,336.087417551586,330.266917701933
"chpf-1",201.540475590308,176.430645634278,147.164747200618,249.45752692856,185.898352833221,187.547695647912
"rpc-25",40.6696026975958,65.344683568251,52.9369594246827,44.4769234058673,37.8098344745534,43.9136067858526
"ZK856.11",38.8620647999249,42.4740443193631,48.7020026707081,49.3113716021572,36.7595612947047,49.4028076340842
"tftc-3",68.6864401114952,70.7900738656052,73.0530040060621,43.5100337666093,48.3125662730405,53.9771416742772
"gld-4",170.812331329902,163.361708920627,170.457009347478,130.530101299828,139.686332919878,165.590892254986
"ZK858.5",29.8243753115703,27.2269514867712,33.8796540317969,34.8080270132875,25.206556316369,17.3824693527333
"ZK858.6",202.444244539144,277.714905165067,249.862448484502,254.29197512485,265.719114501723,239.695103706112
"ZK858.7",75.9165917021789,81.6808544603137,86.8166134564796,48.3444819628992,52.5136589924353,49.4028076340842
"elpc-3",109.356042809091,140.49106967174,117.520049922796,61.880936912511,76.6699421289556,64.9555433707403
"usip-1",52.4185990324568,45.7412784977757,53.9956986131763,47.3775923236412,48.3125662730405,47.573074018007
"ZK863.8",127.4314217858,111.085962066027,96.3452661529225,127.629432382054,119.731142502753,104.2948161164
"ZK896.4",20.7866858232156,30.4941856651838,27.527218900835,19.3377927851597,10.5027317984871,20.1270697768491
"ZK896.5",18.9791479255447,16.3361708920627,16.9398270158985,35.7749166525454,34.6590149350073,47.573074018007
"clec-187",37.054526902254,43.563122378834,38.1146107857715,38.6755855703194,31.5081953954612,42.998739977814
"clec-186",178.042482920586,210.192065477874,211.747837698731,130.530101299828,131.284147481088,147.293556094214
"nstp-5",100.318353320736,106.729649828143,125.989963430745,137.298328774634,113.42950342366,107.954283348554
"ZK899.2",148.218107609016,131.778445195973,141.87105125815,148.90100444573,110.278683884114,153.697623750484
"ZK909.3",191.599017153118,190.588660407399,192.690532305845,209.815051718983,144.937698819121,171.994959911256
"ZK909.6",16.2678410790383,18.5143270110044,25.4097405238477,18.3709031459017,21.0054635969741,11.8932685045017
"vps-15",75.0128227533434,56.6320590924842,57.1719161786573,61.880936912511,72.4688494095607,64.9555433707403
"vab-23",9.94145843719009,16.3361708920627,15.8810878274048,20.3046824244177,29.4076490357638,20.1270697768491
"arrd-4",27.1130684650639,43.563122378834,35.9971324087842,29.9735788169975,27.3071026760664,32.9352050893894
"lact-2",22.5942237208866,32.6723417841255,23.2922621468604,29.0066891777395,28.3573758559151,38.424405937621
"puf-12",755.550841226447,613.150947482088,623.597382022762,394.490972817258,385.450257004475,425.413065737947
"nep-26",126.527652836965,100.195181471318,120.696267488277,198.212376047887,174.345347854885,121.677285469133
"clpp-1",74.109053804508,75.1463861034886,71.9942648175684,93.7882950080245,76.6699421289556,83.2528795315122
"ZK970.7",28.9206063627348,35.939575962538,20.1160445813794,30.9404684562555,38.8601076544021,33.850071897428
"ZK1010.2",39.7658337487604,45.7412784977757,43.4083067282398,27.0729098992236,16.8043708775793,37.5095391295824
"frg-1",96.7032775253945,112.175040125497,82.581656702505,70.5829436658329,66.1672103304685,87.8272135717052
"ZK1010.8",11.748996334861,16.3361708920627,10.5873918849365,27.0729098992236,23.1060099566715,17.3824693527333
"ZK1025.3",0.903768948835463,3.26723417841255,2.11747837698731,146.967225167214,126.032781581845,64.0406765627017
"mmcm-1",477.190004985124,536.915483319129,570.660422598079,554.027763294825,569.248063477999,534.28221589454
"ccdc-47",140.987956018332,106.729649828143,110.10887560334,109.258529236152,124.982508401996,142.719222054021
"nit-1",40.6696026975958,27.2269514867712,35.9971324087842,24.1722409814496,12.6032781581845,18.2973361607719
"ZK1058.9",154.544490250864,160.094474742215,212.806576887224,119.89431526799,153.339884257911,169.25035948714
"ZK1067.2",143.699262864839,128.51121101756,141.87105125815,118.927425628732,159.641523337003,131.740820357558
"ZK1067.3",37.9582958510894,55.5429810330133,38.1146107857715,52.2120405199312,42.0109271939483,53.0622748662386
"ZK1073.1",337.105817915628,337.614198435963,352.560149768387,311.338463841071,306.679768515822,276.289776027656
"obr-3",71.3977469580016,96.9279472929056,98.4627445299098,60.914047273253,69.3180298700146,83.2528795315122
"ZK1098.1",208.770627180992,214.548377715757,210.689098510237,247.523747650044,239.462285005505,205.845031808684
"ZK1098.2",49.7072921859505,45.7412784977757,45.5257851052271,64.781605830285,48.3125662730405,64.9555433707403
"ZK1098.3",19.8829168743802,17.4252489515336,20.1160445813794,19.3377927851597,10.5027317984871,12.8081353125403
"eif-2Balpha",65.0713643161533,76.2354641629595,71.9942648175684,67.6822747480589,67.2174835103172,73.1893446430877
"trpp-3",43.3809095441022,42.4740443193631,37.0558715972779,47.3775923236412,29.4076490357638,44.8284735938912
"mrps-23",71.3977469580016,84.9480886387262,66.7005688751002,86.0531778939606,61.9661176110737,77.7636786832806
"ZK1128.1",56.9374437766342,72.9682299845469,48.7020026707081,44.4769234058673,37.8098344745534,43.9136067858526
"gtf-2H3",18.9791479255447,13.0689367136502,15.8810878274048,14.5033445888698,19.9551904171254,12.8081353125403
"ttll-4",48.803523237115,51.1866687951299,75.1704823830494,53.1789301591892,52.5136589924353,49.4028076340842
"ZK1128.7",53.3223679812923,37.0286540220089,35.9971324087842,50.2782612414152,49.3628394528892,55.8068752903543
"vps-29",56.0336748277987,47.9194346167174,35.9971324087842,48.3444819628992,48.3125662730405,48.4879408260456
"dcaf-1",323.549283683096,304.941856651838,295.388233589729,181.775252180501,191.149718732465,185.717962031835
"ZK1307.1",276.553298343652,254.844265916179,256.214883615464,294.901339973685,300.37812943673,264.396507523154
"ZK1307.2",12.6527652836965,22.8706392488878,12.7048702619238,20.3046824244177,24.1562831365203,18.2973361607719
"ZK1307.7",19.8829168743802,16.3361708920627,16.9398270158985,20.3046824244177,18.9049172372767,15.5527357366561
"ZK1307.8",555.81790353381,544.539029735425,518.78220236189,603.339134896982,533.538775363143,561.728220135698
"ZK1307.9",45.1884474417731,25.0487953678295,40.2320891627588,42.5431441273513,36.7595612947047,45.7433404019298
"gstk-1",90.3768948835463,104.551493709202,99.5214837184035,56.0795990769631,49.3628394528892,55.8068752903543
"ZK1320.2",477.190004985124,419.295052896277,428.78937133993,462.173247565317,437.963915996911,464.752338483607
"ZK1320.3",496.169152910669,528.202858843362,614.068729326319,510.517729528216,408.556266961147,529.707881854347
"cyp-13A10",18.9791479255447,31.5832637246546,30.703436466316,9.66889639257985,22.0557367768228,20.1270697768491
"ZK1320.9",344.335969506311,345.237744852259,303.858147097679,387.722745342452,363.394520227652,324.777716853702
"ZK1320.11",44.2846784929377,46.8303565572465,50.8194810476954,33.8411373740295,33.6087417551586,47.573074018007
"shk-1",44.2846784929377,56.6320590924842,31.7621756548096,63.814716191027,45.1617467334944,36.5946723215438
"ZK1321.4",316.319132092412,303.852778592367,299.623190343704,337.444484101037,345.539876170224,324.777716853702
"C05D12.3",416.637485413148,459.590941096698,491.254983461055,407.060538127612,415.908179220088,510.495678885537
"zipt-2.1",150.929414455522,161.183552801686,142.929790446643,177.907693623469,122.881962042299,156.4422241746
"cyp-25A3",12.6527652836965,14.158014773121,11.6461310734302,19.3377927851597,16.8043708775793,15.5527357366561
"C37A5.3",21.6904547720511,23.9597173083587,15.8810878274048,33.8411373740295,28.3573758559151,22.8716702009649
"R13H4.2",448.26939862239,493.352360940295,477.491374010638,419.630103437965,398.05353516266,386.988659800326
"VM106R.1",51.5148300836214,49.0085126761882,52.9369594246827,55.1127094377051,43.061200373797,43.9136067858526
"mdt-9",20.7866858232156,15.2470928325919,13.7636094504175,20.3046824244177,13.6535513380332,21.0419365848877
"Y106G6D.5",23.497992669722,22.8706392488878,28.5859580893287,23.2053513421916,24.1562831365203,22.8716702009649
"best-23",57.8412127254696,32.6723417841255,35.9971324087842,49.3113716021572,59.8655712513763,42.998739977814
"B0025.4",43.3809095441022,65.344683568251,47.6432634822144,48.3444819628992,40.9606540140996,40.2541395536982
"B0034.1",24.4017616185575,20.6924831299461,23.2922621468604,36.7418062918034,47.2622930931918,24.7014038170421
"ain-2",178.946251869422,156.827240563802,149.282225577605,149.867894084988,168.043708775793,178.399027567526
"B0041.5",28.9206063627348,22.8706392488878,21.1747837698731,27.0729098992236,24.1562831365203,28.3608710491965
"ptps-1",75.9165917021789,78.4136202819012,82.581656702505,77.3511711406388,49.3628394528892,68.6150106028947
"B0041.8",26.2092995162284,26.1378734273004,33.8796540317969,19.3377927851597,23.1060099566715,26.5311374331193
"B0205.1",39.7658337487604,31.5832637246546,38.1146107857715,36.7418062918034,30.4579222156125,38.424405937621
"B0205.6",269.323146752968,294.051076057129,276.330928196844,248.490637289302,246.814197264446,246.099171362382
"B0205.8",40.6696026975958,30.4941856651838,38.1146107857715,48.3444819628992,39.9103808342508,48.4879408260456
"B0205.9",31.6319132092412,31.5832637246546,23.2922621468604,36.7418062918034,28.3573758559151,23.7865370090035
"mrpl-9",187.080172408941,114.353196244439,127.048702619238,96.6889639257985,93.4743130065349,106.124549732477
"B0207.6",25.305530567393,22.8706392488878,27.527218900835,32.8742477347715,19.9551904171254,34.7649387054666
"nstp-6",11.748996334861,8.71262447576679,17.9985662043921,18.3709031459017,9.45245861863836,14.6378689286175
"cyp-34A8",13.5565342325319,27.2269514867712,19.0573053928858,26.1060202599656,27.3071026760664,23.7865370090035
"cyp-34A9",44.2846784929377,26.1378734273004,30.703436466316,35.7749166525454,42.0109271939483,31.1054714733123
"faah-1",356.988734790008,376.821008576914,323.974191679058,428.332110191287,409.606540140996,360.457522367207
"faah-2",444.654322827048,370.286540220089,297.505711966717,529.855522313376,448.466647795398,391.562993840519
"clec-51",117.48996334861,115.44227430391,105.873918849365,175.973914344953,124.982508401996,129.911086741481
"clec-52",67.7826711626597,47.9194346167174,39.1733499742652,87.0200675332186,45.1617467334944,49.4028076340842
"B0222.1",36.1507579534185,39.2068101409506,46.5845242937208,26.1060202599656,28.3573758559151,42.0838731697754
"pitr-3",18.0753789767093,26.1378734273004,17.9985662043921,6.76822747480589,16.8043708775793,13.7230021205789
"B0222.5",93.0882017300527,82.7699325197845,74.1117431945558,143.099666610182,117.630596143055,126.251619509326
"gad-3",52.4185990324568,57.721137151955,44.4670459167335,118.927425628732,88.2229471072913,96.0610148440526
"B0228.1",46.0922163906086,41.3849662598923,41.2908283512525,56.0795990769631,44.1114735536457,43.9136067858526
"cpna-2",803.450595514726,593.547542411613,660.65325362004,607.206693454014,936.843676425046,697.12850772541
"B0228.6",41.5733716464313,45.7412784977757,31.7621756548096,34.8080270132875,35.709288114856,24.7014038170421
"B0228.7",169.908562381067,113.264118184968,129.166180996226,224.318396307852,153.339884257911,192.122029688105
"B0238.1",37.9582958510894,39.2068101409506,43.4083067282398,29.0066891777395,27.3071026760664,30.1906046652737
"natc-2",189.791479255447,163.361708920627,120.696267488277,252.358195846334,219.50709458838,246.099171362382
"B0238.11",184.368865562434,182.965113991103,163.045835028023,165.338128313115,135.485240200483,147.293556094214
"B0238.12",27.1130684650639,31.5832637246546,25.4097405238477,26.1060202599656,26.2568294962177,34.7649387054666
"B0252.1",29.8243753115703,23.9597173083587,19.0573053928858,7.73511711406388,18.9049172372767,14.6378689286175
"B0252.3",33.4394511069121,43.563122378834,39.1733499742652,21.2715720636757,26.2568294962177,23.7865370090035
"B0261.1",81.3392053951917,82.7699325197845,68.8180472520875,77.3511711406388,79.8207616685017,73.1893446430877
"mrpl-47",119.297501246281,127.422132958089,117.520049922796,95.7220742865405,100.826225265476,123.50701908521
"B0261.8",44.2846784929377,47.9194346167174,60.3481337441383,29.9735788169975,33.6087417551586,35.6798055135052
"ggtb-1",68.6864401114952,56.6320590924842,64.5830904981129,49.3113716021572,46.2120199133431,56.7217420983929
"rpia-1",121.105039143952,89.3044008766096,115.402571545808,98.6227432043144,99.7759520856271,92.4015476118982
"B0280.9",160.870872892712,164.450786980098,160.928356651035,141.165887331666,115.530049783358,123.50701908521
"pot-1",20.7866858232156,11.9798586541793,17.9985662043921,14.5033445888698,17.854644057428,21.9568033929263
"viro-2",16.2678410790383,15.2470928325919,22.2335229583667,19.3377927851597,15.7540976977306,20.1270697768491
"B0281.3",45.1884474417731,55.5429810330133,30.703436466316,34.8080270132875,44.1114735536457,33.850071897428
"B0286.1",7.2301515906837,18.5143270110044,11.6461310734302,17.4040135066437,6.30163907909224,17.3824693527333
"pacs-1",154.544490250864,138.312913552798,132.342398561707,136.331439135376,108.178137524417,126.251619509326
"B0294.1",42.4771405952668,44.6522004383048,44.4670459167335,26.1060202599656,32.5584685753099,42.0838731697754
"B0302.5",56.0336748277987,50.0975907356591,34.9383932202906,55.1127094377051,47.2622930931918,60.3812093305473
"anmt-1",30.7281442604057,26.1378734273004,19.0573053928858,22.2384617029336,33.6087417551586,27.4460042411579
"B0303.3",403.080951180616,289.694763819246,299.623190343704,567.564218244437,491.527848169195,456.518537211259
"B0303.4",165.38971763689,154.649084444861,131.283659373213,198.212376047887,222.657914127926,195.78149692026
"B0303.7",98.5108154230655,90.3934789360805,75.1704823830494,101.523412122088,78.770488488653,89.6569471877824
"vps-33.1",37.054526902254,35.939575962538,40.2320891627588,25.1391306207076,36.7595612947047,41.1690063617368
"B0303.11",105.740967013749,113.264118184968,121.75500667677,100.55652248283,134.434967020634,111.613750580709
"B0303.14",15.3640721302029,15.2470928325919,25.4097405238477,12.5695653103538,22.0557367768228,19.2122029688105
"mrpl-11",334.394511069121,295.1401541166,279.507145762325,319.073580955135,255.216382703236,310.139847925084
"B0310.1",106.644735962585,109.996884006556,118.578789111289,113.126087793184,107.127864344568,83.2528795315122
"ugt-46",389.524416948084,400.780725885273,377.969890292234,394.490972817258,346.590149350073,356.798055135052
"rbm-26",105.740967013749,100.195181471318,86.8166134564796,93.7882950080245,102.926771625173,121.677285469133
"arle-14",21.6904547720511,16.3361708920627,20.1160445813794,28.0397995384816,15.7540976977306,13.7230021205789
"abi-1",50.6110611347859,40.2958882004214,58.230655367151,58.0133783554791,42.0109271939483,41.1690063617368
"B0336.7",24.4017616185575,18.5143270110044,14.8223486389112,19.3377927851597,15.7540976977306,14.6378689286175
"hpo-28",95.7995085765591,91.4825569955513,75.1704823830494,77.3511711406388,90.3234934669888,75.9339450672035
"B0353.1",70.4939780091661,67.5228396871927,63.5243513096192,73.4836125836068,47.2622930931918,50.3176744421228
"B0361.2",96.7032775253945,86.0371666981971,91.0515702104542,72.5167229443488,72.4688494095607,55.8068752903543
"B0361.3",91.2806638323817,80.5917764008429,88.9340918334669,103.457191400604,78.770488488653,77.7636786832806
"B0361.4",31.6319132092412,31.5832637246546,27.527218900835,21.2715720636757,25.206556316369,21.0419365848877
"psd-1",65.9751332649888,59.8992932708967,49.7607418592017,69.6160540265749,75.6196689491069,68.6150106028947
"B0361.6",85.858050139369,64.2556055087801,78.3466999485304,58.0133783554791,65.1169371506198,83.2528795315122
"pho-5",28.9206063627348,22.8706392488878,24.351001335354,13.5364549496118,22.0557367768228,21.0419365848877
"algn-11",90.3768948835463,99.1061034118473,85.757874267986,108.291639596894,70.3683030498633,81.423145915435
"B0361.9",65.0713643161533,63.1665274493093,67.7593080635938,58.9802679947371,66.1672103304685,75.9339450672035
"ykt-6",93.9919706788881,92.5716350550222,96.3452661529225,98.6227432043144,91.3737666468375,82.3380127234736
"pdi-6",708.554855887003,732.949534023882,725.236344118153,862.465558218122,841.268817058814,892.91000464567
"vang-1",16.2678410790383,31.5832637246546,16.9398270158985,17.4040135066437,22.0557367768228,26.5311374331193
"B0410.3",25.305530567393,20.6924831299461,26.4684797123413,45.4438130451253,39.9103808342508,41.1690063617368
"trpp-11",79.5316674975207,65.344683568251,63.5243513096192,65.748495469543,81.9213080281991,69.5298774109333
"vps-51",129.238959683471,100.195181471318,83.6403958909986,135.364549496118,165.943162416096,135.400287589712
"tmc-2",82.2429743440271,83.8590105792554,79.405439137024,53.1789301591892,77.7202153088043,56.7217420983929
"B0416.5",156.352028148535,165.539865039569,186.338097174883,166.305017952373,201.652450530952,153.697623750484
"B0416.7",109.356042809091,148.114616088036,118.578789111289,31.9073580955135,38.8601076544021,21.9568033929263
"djr-1.1",45.1884474417731,25.0487953678295,30.703436466316,30.9404684562555,36.7595612947047,35.6798055135052
"mrpl-41",149.121876557851,137.223835493327,154.575921520073,171.139466148663,140.736606099727,161.931425022831
"misc-1",197.925399794966,213.459299656286,228.687664714629,234.95418233969,230.009826386867,227.80183520161
"B0432.7",14.4603031813674,20.6924831299461,20.1160445813794,9.66889639257985,13.6535513380332,22.8716702009649
"trul-1",4.51884474417731,4.3563122378834,5.29369594246827,7.73511711406388,6.30163907909224,8.23380127234736
"B0454.6",38.8620647999249,41.3849662598923,37.0558715972779,48.3444819628992,38.8601076544021,42.998739977814
"B0478.3",29.8243753115703,18.5143270110044,21.1747837698731,37.7086959310614,37.8098344745534,36.5946723215438
"cdk-11.1",63.2638264184824,72.9682299845469,71.9942648175684,83.1525089761867,67.2174835103172,55.8068752903543
"B0495.5",73.2052848556725,63.1665274493093,71.9942648175684,82.1856193369287,81.9213080281991,75.0190782591649
"moa-2",30.7281442604057,22.8706392488878,33.8796540317969,38.6755855703194,32.5584685753099,26.5311374331193
"B0495.7",366.930193227198,402.958882004214,373.73493353826,338.411373740295,348.690695709771,338.50071897428
"B0495.8",72.301515906837,71.8791519250761,61.4068729326319,50.2782612414152,68.2677566901659,67.7001437948561
"B0495.9",69.5902090603306,95.8388692334347,65.6418296866065,64.781605830285,65.1169371506198,75.9339450672035
"tes-1",28.9206063627348,29.4051076057129,49.7607418592017,44.4769234058673,30.4579222156125,32.0203382813509
"B0507.2",93.0882017300527,103.462415649731,101.638962095391,88.9538468117346,98.7256789057784,96.9758816520912
"B0511.6",261.189226213449,248.309797559354,325.032930867552,210.781941358241,195.350811451859,246.099171362382
"B0511.7",31.6319132092412,31.5832637246546,30.703436466316,36.7418062918034,30.4579222156125,43.9136067858526
"cdc-26",15.3640721302029,23.9597173083587,19.0573053928858,17.4040135066437,13.6535513380332,22.8716702009649
"B0511.12",129.238959683471,95.8388692334347,116.461310734302,103.457191400604,115.530049783358,114.358351004824
"B0524.6",56.0336748277987,53.3648249140716,50.8194810476954,46.4107026843833,65.1169371506198,51.2325412501614
"mai-2",446.461860724719,444.343848264107,530.42833343532,559.829101130373,528.287409463899,558.983619711582
"otub-4",43.3809095441022,28.3160295462421,34.9383932202906,50.2782612414152,45.1617467334944,42.998739977814
"B0546.3",59.6487506231405,51.1866687951299,45.5257851052271,87.0200675332186,68.2677566901659,74.1042114511263
"B0546.4",42.4771405952668,31.5832637246546,33.8796540317969,54.1458197984471,61.9661176110737,45.7433404019298
"B0554.5",29.8243753115703,29.4051076057129,22.2335229583667,27.0729098992236,34.6590149350073,18.2973361607719
"B0563.6",22.5942237208866,20.6924831299461,24.351001335354,27.0729098992236,25.206556316369,21.9568033929263
"BE0003N10.1",52.4185990324568,51.1866687951299,59.2893945556446,50.2782612414152,54.6142053521327,65.8704101787789
"chin-1",19.8829168743802,17.4252489515336,29.6446972778223,8.70200675332186,24.1562831365203,16.4676025446947
"C01B10.3",131.950266529978,125.243976839148,115.402571545808,140.198997692408,140.736606099727,122.592152277172
"C01B10.6",565.759361971,664.337616277218,610.892511760838,691.326092069459,615.460083391342,708.106909421873
"C01B10.7",13.5565342325319,17.4252489515336,20.1160445813794,37.7086959310614,29.4076490357638,27.4460042411579
"C01B10.8",276.553298343652,302.763700532896,293.270755212742,228.185954864884,236.311465465959,237.865370090035
"C01B10.9",85.858050139369,83.8590105792554,81.5229175140113,71.5498333050909,76.6699421289556,73.1893446430877
"C01B10.10",76.8203606510143,80.5917764008429,75.1704823830494,76.3842815013808,70.3683030498633,61.2960761385859
"gmeb-1",63.2638264184824,56.6320590924842,52.9369594246827,69.6160540265749,81.9213080281991,81.423145915435
"best-3",48.803523237115,50.0975907356591,63.5243513096192,98.6227432043144,76.6699421289556,70.4447442189719
"best-4",16.2678410790383,14.158014773121,21.1747837698731,27.0729098992236,16.8043708775793,19.2122029688105
"C01C4.3",54.2261369301278,63.1665274493093,38.1146107857715,62.847826551769,77.7202153088043,68.6150106028947
"C01C10.2",40.6696026975958,29.4051076057129,41.2908283512525,43.5100337666093,29.4076490357638,32.9352050893894
"acl-12",65.0713643161533,60.9883713303676,66.7005688751002,89.9207364509926,85.0721275677452,64.9555433707403
"gtf-2F1",193.406555050789,188.410504288457,205.395402567769,134.39765985686,123.932235222147,128.996219933442
"sco-1",187.983941357776,194.944972645282,221.276490395174,113.126087793184,129.183601121391,136.315154397751
"C01F1.3",17.1716100278738,28.3160295462421,19.0573053928858,99.5896328435724,111.328957063963,104.2948161164
"C01F1.6",54.2261369301278,81.6808544603137,79.405439137024,52.2120405199312,37.8098344745534,51.2325412501614
"rga-6",26.2092995162284,22.8706392488878,33.8796540317969,13.5364549496118,22.0557367768228,23.7865370090035
"C01G5.5",24.4017616185575,10.8907805947085,23.2922621468604,14.5033445888698,16.8043708775793,16.4676025446947
"ddi-1",89.4731259347108,96.9279472929056,93.1690485874415,119.89431526799,91.3737666468375,109.784016964632
"C02B8.3",25.305530567393,25.0487953678295,28.5859580893287,33.8411373740295,24.1562831365203,22.8716702009649
"ivd-1",573.893282510519,582.656761816904,639.478469850167,341.312042658069,348.690695709771,365.0318564074
"snpn-1",18.9791479255447,17.4252489515336,25.4097405238477,32.8742477347715,19.9551904171254,23.7865370090035
"C02B10.3",186.176403460105,238.508095024116,241.392534976553,221.417727390078,194.300538272011,178.399027567526
"C02B10.4",145.506800762509,137.223835493327,120.696267488277,133.430770217602,144.937698819121,142.719222054021
"C02B10.5",51.5148300836214,49.0085126761882,43.4083067282398,64.781605830285,64.0666639707711,84.1677463395508
"tyr-1",80.4354364463562,63.1665274493093,64.5830904981129,92.8214053687665,100.826225265476,93.3164144199368
"slc-17.3",24.4017616185575,27.2269514867712,26.4684797123413,7.73511711406388,18.9049172372767,20.1270697768491
"C02D5.2",18.0753789767093,23.9597173083587,15.8810878274048,22.2384617029336,18.9049172372767,26.5311374331193
"C02E7.6",0,0,0,30.9404684562555,32.5584685753099,32.0203382813509
"nra-4",377.775420613223,351.772213209084,369.499976784285,406.093648488354,398.05353516266,434.561733818333
"C02F5.3",115.682425450939,120.887664601264,115.402571545808,105.39097067912,117.630596143055,107.039416540516
"cids-1",31.6319132092412,30.4941856651838,27.527218900835,43.5100337666093,16.8043708775793,26.5311374331193
"henn-1",25.305530567393,31.5832637246546,32.8209148433033,11.6026756710958,12.6032781581845,18.2973361607719
"fbxl-1",86.7618190882044,80.5917764008429,70.9355256290748,74.4505022228648,110.278683884114,77.7636786832806
"C02F5.12",16.2678410790383,19.6034050704753,21.1747837698731,13.5364549496118,19.9551904171254,21.0419365848877
"snet-1",151.833183404358,192.76681652634,165.16331340501,176.940803984211,175.395621034734,156.4422241746
"tag-278",103.933429116078,89.3044008766096,109.050136414846,131.496990939086,141.786879279575,122.592152277172
"C02F12.8",10.8452273860256,13.0689367136502,11.6461310734302,11.6026756710958,14.7038245178819,17.3824693527333
"fbxa-105",43.3809095441022,34.8504979030672,31.7621756548096,85.0862882547027,58.8152980715276,47.573074018007
"ugt-51",29.8243753115703,23.9597173083587,27.527218900835,49.3113716021572,28.3573758559151,32.9352050893894
"C03B1.7",18.0753789767093,13.0689367136502,17.9985662043921,7.73511711406388,16.8043708775793,15.5527357366561
"C03B1.13",52.4185990324568,51.1866687951299,45.5257851052271,56.0795990769631,40.9606540140996,32.9352050893894
"scav-1",75.0128227533434,69.7009958061344,61.4068729326319,48.3444819628992,52.5136589924353,65.8704101787789
"sdha-1",512.436993989707,588.102152114259,660.65325362004,611.074252011046,638.566093348014,611.131027769782
"C03G6.5",101.222122269572,87.1262447576679,78.3466999485304,92.8214053687665,96.625132546081,96.9758816520912
"cyp-35A2",194.310323999625,181.876035931632,169.398270158985,84.1193986154447,116.580322963206,91.4866808038596
"C03G6.17",37.054526902254,49.0085126761882,39.1733499742652,42.5431441273513,39.9103808342508,35.6798055135052
"clec-10",262.99676411112,253.755187856708,291.153276835755,366.451173278776,304.579222156125,417.1792644656
"nstp-4",45.1884474417731,43.563122378834,57.1719161786573,45.4438130451253,35.709288114856,42.0838731697754
"C03H5.3",73.2052848556725,70.7900738656052,64.5830904981129,52.2120405199312,70.3683030498633,61.2960761385859
"C03H5.5",42.4771405952668,53.3648249140716,33.8796540317969,39.6424752095774,40.9606540140996,33.850071897428
"C03H5.6",23.497992669722,16.3361708920627,26.4684797123413,26.1060202599656,29.4076490357638,13.7230021205789
"tbc-6",33.4394511069121,29.4051076057129,31.7621756548096,31.9073580955135,35.709288114856,36.5946723215438
"pdhb-1",311.800287348235,289.694763819246,314.445538982615,344.212711575843,287.774851278546,345.819653438589
"pac-1",152.736952353193,159.005396682744,141.87105125815,155.669231920536,172.244801495188,161.016558214793
"C04E6.7",30.7281442604057,26.1378734273004,19.0573053928858,43.5100337666093,54.6142053521327,39.3392727456596
"C04E6.11",28.0168374138993,29.4051076057129,28.5859580893287,16.4371238673857,26.2568294962177,18.2973361607719
"C04E6.13",50.6110611347859,53.3648249140716,41.2908283512525,63.814716191027,47.2622930931918,40.2541395536982
"sor-3",39.7658337487604,42.4740443193631,46.5845242937208,37.7086959310614,33.6087417551586,52.1474080582
"C04E7.3",28.9206063627348,27.2269514867712,50.8194810476954,25.1391306207076,43.061200373797,38.424405937621
"C04E12.4",73.2052848556725,108.907805947085,86.8166134564796,143.099666610182,134.434967020634,122.592152277172
"C04F5.8",47.8997542882795,37.0286540220089,52.9369594246827,44.4769234058673,40.9606540140996,55.8068752903543
"C04F5.9",9.94145843719009,16.3361708920627,15.8810878274048,6.76822747480589,10.5027317984871,16.4676025446947
"C04G6.4",48.803523237115,47.9194346167174,52.9369594246827,40.6093648488354,48.3125662730405,42.998739977814
"C05C8.1",44.2846784929377,35.939575962538,40.2320891627588,39.6424752095774,48.3125662730405,51.2325412501614
"krr-1",150.025645506687,166.62894309904,164.104574216516,144.06655624944,173.295074675037,122.592152277172
"C05C8.5",18.9791479255447,14.158014773121,19.0573053928858,24.1722409814496,15.7540976977306,16.4676025446947
"hpo-9",16.2678410790383,23.9597173083587,15.8810878274048,27.0729098992236,24.1562831365203,14.6378689286175
"C05C8.7",146.410569711345,112.175040125497,100.580222906897,175.973914344953,164.892889236247,152.782756942446
"hyls-1",6.32638264184824,7.62354641629595,6.35243513096192,7.73511711406388,11.5530049783358,13.7230021205789
"madf-11",21.6904547720511,21.781561189417,20.1160445813794,27.0729098992236,34.6590149350073,29.2757378572351
"C05D2.8",320.837976836589,299.496466354484,312.328060605628,309.404684562555,257.316929062933,326.607450469779
"C05D2.10",32.5356821580767,20.6924831299461,24.351001335354,16.4371238673857,18.9049172372767,28.3608710491965
"lmp-2",54.2261369301278,46.8303565572465,61.4068729326319,52.2120405199312,40.9606540140996,38.424405937621
"C05D9.3",231.364850901878,251.577031737766,242.451274165047,222.384617029336,220.557367768228,182.973361607719
"C05D9.7",19.8829168743802,23.9597173083587,20.1160445813794,18.3709031459017,21.0054635969741,30.1906046652737
"attf-4",135.565342325319,140.49106967174,158.810878274048,154.702342281278,131.284147481088,134.485420781674
"mapk-15",19.8829168743802,16.3361708920627,19.0573053928858,16.4371238673857,14.7038245178819,16.4676025446947
"wht-1",17.1716100278738,5.44539029735425,10.5873918849365,29.9735788169975,14.7038245178819,15.5527357366561
"C05D10.4",28.9206063627348,27.2269514867712,32.8209148433033,36.7418062918034,28.3573758559151,27.4460042411579
"C05D11.1",342.52843160864,352.861291268555,328.209148433033,265.894650795946,251.015289983841,249.758638594537
"C05D11.5",35.246989004583,56.6320590924842,39.1733499742652,44.4769234058673,34.6590149350073,37.5095391295824
"atgl-1",328.068128427273,288.605685759775,272.095971442869,190.477258933823,288.825124458394,296.416845804505
"C05D11.8",39.7658337487604,28.3160295462421,41.2908283512525,22.2384617029336,28.3573758559151,21.9568033929263
"C05D11.9",58.7449816743051,52.2757468546008,71.9942648175684,43.5100337666093,53.563932172284,40.2541395536982
"mrps-17",116.586194399775,126.333054898619,124.931224242251,141.165887331666,129.183601121391,153.697623750484
"C05D11.13",17.1716100278738,13.0689367136502,11.6461310734302,18.3709031459017,24.1562831365203,16.4676025446947
"lnp-1",25.305530567393,29.4051076057129,35.9971324087842,30.9404684562555,26.2568294962177,37.5095391295824
"C05E11.3",23.497992669722,20.6924831299461,26.4684797123413,16.4371238673857,28.3573758559151,12.8081353125403
"inst-1",145.506800762509,119.798586541793,142.929790446643,108.291639596894,111.328957063963,110.69888377267
"C06A5.3",67.7826711626597,78.4136202819012,77.2879607600367,93.7882950080245,85.0721275677452,90.571813995821
"C06A5.6",11.748996334861,7.62354641629595,10.5873918849365,3.86755855703194,8.40218543878965,10.9784016964632
"C06A6.2",114.778656502104,123.065820720206,97.4040053414162,150.834783724246,115.530049783358,132.655687165596
"mvb-12",65.0713643161533,67.5228396871927,59.2893945556446,82.1856193369287,70.3683030498633,80.5082791073964
"C06A6.4",227.749775106537,239.597173083587,218.100272829693,262.027092238914,245.763924084597,271.715441987463
"erp-44.2",178.946251869422,101.284259530789,148.223486389112,180.808362541243,194.300538272011,158.271957790677
"mthf-1",394.947030641097,291.872919938188,309.151843040147,534.689970509665,569.248063477999,536.111949510617
"snpc-1.1",13.5565342325319,28.3160295462421,30.703436466316,30.9404684562555,25.206556316369,30.1906046652737
"nlp-77",315.415363143577,384.44455499321,471.138938879676,652.65050649914,601.806532053309,655.044634555635
"spdl-1",63.2638264184824,51.1866687951299,50.8194810476954,63.814716191027,79.8207616685017,64.9555433707403
"C06A8.8",76.8203606510143,81.6808544603137,76.2292215715431,67.6822747480589,75.6196689491069,75.9339450672035
"C06E1.1",4.51884474417731,4.3563122378834,3.17621756548096,2.90066891777395,2.10054635969741,6.40406765627017
"ztf-30",19.8829168743802,10.8907805947085,26.4684797123413,25.1391306207076,32.5584685753099,33.850071897428
"C06E1.9",65.0713643161533,64.2556055087801,60.3481337441383,41.5762544880933,40.9606540140996,67.7001437948561
"rha-2",291.917370473854,339.792354554905,295.388233589729,183.709031459017,186.94862601307,197.611230536337
"C06E2.1",11.748996334861,9.80170253523765,11.6461310734302,19.3377927851597,10.5027317984871,18.2973361607719
"sams-3",82.2429743440271,75.1463861034886,60.3481337441383,132.463880578344,130.23387430124,144.548955670098
"C06E7.2",44.2846784929377,43.563122378834,34.9383932202906,38.6755855703194,43.061200373797,39.3392727456596
"sams-4",33.4394511069121,44.6522004383048,38.1146107857715,58.0133783554791,49.3628394528892,64.0406765627017
"C06E7.4",9.03768948835463,9.80170253523765,12.7048702619238,26.1060202599656,34.6590149350073,22.8716702009649
"C06G1.1",2.71130684650639,4.3563122378834,7.41117431945558,28.0397995384816,17.854644057428,21.0419365848877
"ain-1",261.189226213449,309.298168889721,333.502844375501,314.239132758845,309.830588055368,303.735780268814
"C06G3.5",379.582958510894,332.168808138609,368.441237595792,439.934785862383,379.148617925383,364.116989599361
"C06G3.6",127.4314217858,136.134757433856,113.285093168821,82.1856193369287,94.5245861863836,78.6785454913192
"trxr-1",192.502786101954,164.450786980098,170.457009347478,165.338128313115,169.093981955642,180.228761183603
"C06G3.8",11.748996334861,15.2470928325919,22.2335229583667,15.4702342281278,16.8043708775793,21.0419365848877
"ufl-1",99.4145843719009,96.9279472929056,113.285093168821,87.0200675332186,94.5245861863836,97.8907484601298
"C06G4.1",16.2678410790383,13.0689367136502,13.7636094504175,13.5364549496118,15.7540976977306,21.9568033929263
"C07A12.7",87.6655880370399,113.264118184968,86.8166134564796,94.7551846472825,87.1726739274426,103.379949308361
"C07D8.6",299.147522064538,319.099871424959,311.269321417134,332.610035904747,305.629495335974,335.756118550165
"bath-44",81.3392053951917,64.2556055087801,78.3466999485304,94.7551846472825,78.770488488653,87.8272135717052
"ugt-64",64.1675953673179,59.8992932708967,60.3481337441383,25.1391306207076,34.6590149350073,52.1474080582
"C07G3.10",20.7866858232156,4.3563122378834,9.52865269644288,25.1391306207076,12.6032781581845,16.4676025446947
"cls-1",60.552519571976,43.563122378834,67.7593080635938,49.3113716021572,61.9661176110737,41.1690063617368
"C07H6.4",92.1844327812172,82.7699325197845,94.2277877759352,50.2782612414152,81.9213080281991,85.997479955628
"math-4",73.2052848556725,83.8590105792554,96.3452661529225,61.880936912511,74.5693957692582,75.9339450672035
"C08G9.1",9.94145843719009,25.0487953678295,15.8810878274048,17.4040135066437,10.5027317984871,15.5527357366561
"C09B7.2",28.9206063627348,40.2958882004214,39.1733499742652,48.3444819628992,43.061200373797,41.1690063617368
"C09B8.4",177.138713971751,132.867523255444,140.812312069656,101.523412122088,96.625132546081,87.8272135717052
"C09D4.1",119.297501246281,111.085962066027,134.459876938694,114.092977432442,109.228410704265,100.635348884246
"C09D4.2",31.6319132092412,29.4051076057129,19.0573053928858,25.1391306207076,22.0557367768228,18.2973361607719
"C09D4.4",28.0168374138993,22.8706392488878,38.1146107857715,12.5695653103538,22.0557367768228,17.3824693527333
"C09E7.4",56.0336748277987,38.1177320814797,31.7621756548096,76.3842815013808,69.3180298700146,55.8068752903543
"C09E7.7",113.874887553268,84.9480886387262,88.9340918334669,122.794984185764,101.876498445325,108.869150156593
"C09E7.8",29.8243753115703,13.0689367136502,22.2335229583667,30.9404684562555,34.6590149350073,28.3608710491965
"C09E8.1",52.4185990324568,46.8303565572465,51.878220236189,34.8080270132875,53.563932172284,56.7217420983929
"mlt-10",1.80753789767093,0,3.17621756548096,73.4836125836068,74.5693957692582,50.3176744421228
"C09F5.1",97.60704647423,113.264118184968,112.226353980327,105.39097067912,101.876498445325,114.358351004824
"orai-1",22.5942237208866,33.7614198435963,26.4684797123413,29.9735788169975,26.2568294962177,22.8716702009649
"pkg-2",379.582958510894,406.226116182627,354.677628145374,322.941139512167,407.505993781298,337.585852166242
"tsg-101",90.3768948835463,115.44227430391,100.580222906897,79.2849504191547,82.9715812080478,72.2744778350491
"catp-3",299.147522064538,337.614198435963,319.739234925083,233.987292700432,178.54644057428,165.590892254986
"mct-6",488.03523237115,488.996048702411,462.669025371727,451.537461533479,446.3661014357,464.752338483607
"mcp-1",56.0336748277987,69.7009958061344,45.5257851052271,64.781605830285,54.6142053521327,37.5095391295824
"egal-1",31.6319132092412,25.0487953678295,41.2908283512525,25.1391306207076,40.9606540140996,42.0838731697754
"C10G8.8",38.8620647999249,27.2269514867712,47.6432634822144,31.9073580955135,35.709288114856,44.8284735938912
"C10G11.6",34.3432200557476,23.9597173083587,29.6446972778223,29.9735788169975,15.7540976977306,29.2757378572351
"chdp-1",198.829168743802,199.301284883165,210.689098510237,204.980603522693,223.708187307774,206.759898616723
"viln-1",14.4603031813674,22.8706392488878,26.4684797123413,28.0397995384816,17.854644057428,23.7865370090035
"ugt-25",58.7449816743051,49.0085126761882,68.8180472520875,118.927425628732,95.5748593662323,77.7636786832806
"ugt-28",63.2638264184824,63.1665274493093,65.6418296866065,97.6558535650564,82.9715812080478,85.997479955628
"ugt-26",206.059320334486,200.390362942636,199.042967436807,150.834783724246,149.138791538516,167.420625871063
"mlst-8",37.9582958510894,39.2068101409506,38.1146107857715,32.8742477347715,36.7595612947047,42.998739977814
"C11D2.4",132.854035478813,126.333054898619,106.932658037859,135.364549496118,118.680869322904,109.784016964632
"C11D2.7",86.7618190882044,75.1463861034886,75.1704823830494,87.9869571724766,95.5748593662323,105.209682924439
"tiam-1",27.1130684650639,16.3361708920627,26.4684797123413,30.9404684562555,35.709288114856,19.2122029688105
"cyp-33A1",135.565342325319,151.381850266448,160.928356651035,25.1391306207076,22.0557367768228,26.5311374331193
"C12D5.9",8.13392053951917,8.71262447576679,4.23495675397461,24.1722409814496,29.4076490357638,23.7865370090035
"C12D12.1",586.546047794215,572.855059281667,654.300818489078,445.736123697931,483.125662730405,585.514757144701
"sox-4",36.1507579534185,26.1378734273004,23.2922621468604,26.1060202599656,29.4076490357638,25.6162706250807
"C13A10.2",21.6904547720511,28.3160295462421,33.8796540317969,25.1391306207076,17.854644057428,18.2973361607719
"copd-1",199.732937692637,213.459299656286,211.747837698731,234.95418233969,265.719114501723,272.630308795502
"pdfr-1",69.5902090603306,74.0573080440178,78.3466999485304,62.847826551769,73.5191225894094,74.1042114511263
"ugt-7",39.7658337487604,50.0975907356591,41.2908283512525,21.2715720636757,29.4076490357638,31.1054714733123
"C13E3.1",20.7866858232156,18.5143270110044,16.9398270158985,20.3046824244177,16.8043708775793,16.4676025446947
"kxd-1",19.8829168743802,11.9798586541793,8.46991350794923,19.3377927851597,6.30163907909224,13.7230021205789
"soap-1",137.37288022299,135.045679374385,137.636094504175,118.927425628732,141.786879279575,120.762418661095
"C13F10.7",33.4394511069121,41.3849662598923,40.2320891627588,43.5100337666093,19.9551904171254,23.7865370090035
"C14A11.2",8.13392053951917,8.71262447576679,17.9985662043921,19.3377927851597,18.9049172372767,11.8932685045017
"C14B9.2",384.101803255072,359.39575962538,368.441237595792,539.524418705955,488.377028629649,517.814613349845
"C14B9.8",113.874887553268,107.818727887614,129.166180996226,139.23210805315,135.485240200483,108.869150156593
"C14B9.10",89.4731259347108,82.7699325197845,96.3452661529225,98.6227432043144,78.770488488653,100.635348884246
"C14C6.2",81.3392053951917,90.3934789360805,103.756440472378,102.490301761346,93.4743130065349,97.8907484601298
"C14C6.5",499.784228706011,519.490234367595,546.309421262725,700.028098822781,662.722376484534,691.639306877178
"hex-2",165.38971763689,177.519723693748,171.515748535972,135.364549496118,133.384693840786,157.357090982638
"C14C11.4",54.2261369301278,46.8303565572465,58.230655367151,50.2782612414152,50.4131126327379,48.4879408260456
"dct-1",80.4354364463562,90.3934789360805,78.3466999485304,153.73545264202,130.23387430124,117.10295142894
"sfxn-2",39.7658337487604,57.721137151955,60.3481337441383,36.7418062918034,42.0109271939483,32.0203382813509
"got-2.2",419.348792259655,412.760584539452,463.72776456022,382.888297146162,378.098344745534,419.923864889716
"lrch-1",20.7866858232156,17.4252489515336,13.7636094504175,21.2715720636757,21.0054635969741,29.2757378572351
"C14F11.6",0.903768948835463,1.08907805947085,2.11747837698731,32.8742477347715,32.5584685753099,17.3824693527333
"C15B12.1",18.0753789767093,17.4252489515336,13.7636094504175,21.2715720636757,26.2568294962177,20.1270697768491
"C15B12.4",31.6319132092412,27.2269514867712,29.6446972778223,38.6755855703194,33.6087417551586,42.998739977814
"actl-1",20.7866858232156,16.3361708920627,21.1747837698731,22.2384617029336,14.7038245178819,17.3824693527333
"C15C7.4",173.523638176409,200.390362942636,201.160445813794,188.543479655307,192.199991912313,162.84629183087
"C15C7.5",234.97992669722,227.617314429408,223.393968772161,278.4642161063,281.473212199453,297.331712612544
"C15C7.7",47.8997542882795,52.2757468546008,65.6418296866065,56.0795990769631,45.1617467334944,45.7433404019298
"C15F1.1",57.8412127254696,50.0975907356591,52.9369594246827,37.7086959310614,39.9103808342508,42.998739977814
"C15F1.2",1.80753789767093,4.3563122378834,1.05873918849365,64.781605830285,56.7147517118302,47.573074018007
"C15H9.4",57.8412127254696,76.2354641629595,80.4641783255177,80.2518400584127,102.926771625173,71.3596110270105
"C15H9.5",52.4185990324568,55.5429810330133,57.1719161786573,64.781605830285,64.0666639707711,59.4663425225087
"kynu-1",178.946251869422,186.232348169515,166.222052593504,161.470569756083,126.032781581845,174.739560335372
"C15H9.9",301.858828911045,320.18894948443,287.977059270274,262.993981878172,246.814197264446,279.034376451772
"C15H9.11",123.816345990458,132.867523255444,153.51718233158,143.099666610182,154.39015743776,139.974621629905
"smrc-1",42.4771405952668,42.4740443193631,27.527218900835,31.9073580955135,39.9103808342508,35.6798055135052
"C16A3.4",209.674396129827,229.795470548349,221.276490395174,165.338128313115,150.189064718365,174.739560335372
"C16A3.5",181.657558715928,154.649084444861,182.103140420908,209.815051718983,202.7027237108,178.399027567526
"C16A3.6",163.582179739219,130.689367136502,113.285093168821,118.927425628732,102.926771625173,103.379949308361
"thoc-2",178.946251869422,189.499582347928,172.574487724466,146.967225167214,166.993435595944,162.84629183087
"oatr-1",562.144286175658,557.607966449075,541.015725320257,399.325421013548,404.355174241752,424.498198929908
"C16A11.2",44.2846784929377,35.939575962538,45.5257851052271,39.6424752095774,38.8601076544021,32.0203382813509
"C16A11.4",12.6527652836965,10.8907805947085,11.6461310734302,11.6026756710958,7.35191225894095,11.8932685045017
"C16B8.3",200.636706641473,174.252489515336,183.161879609402,174.040135066437,165.943162416096,200.355830960452
"C16B8.4",21.6904547720511,25.0487953678295,23.2922621468604,14.5033445888698,15.7540976977306,13.7230021205789
"skpo-2",0.903768948835463,2.1781561189417,4.23495675397461,18.3709031459017,19.9551904171254,13.7230021205789
"C16D9.1",92.1844327812172,98.0170253523765,96.3452661529225,78.3180607798968,78.770488488653,54.8920084823158
"C16D9.4",52.4185990324568,55.5429810330133,47.6432634822144,69.6160540265749,55.6644785319814,55.8068752903543
"C16D9.6",20.7866858232156,17.4252489515336,15.8810878274048,21.2715720636757,16.8043708775793,13.7230021205789
"C16E9.1",69.5902090603306,72.9682299845469,83.6403958909986,98.6227432043144,124.982508401996,135.400287589712
"C16E9.2",18.0753789767093,21.781561189417,22.2335229583667,15.4702342281278,14.7038245178819,16.4676025446947
"C16H3.3",59.6487506231405,44.6522004383048,57.1719161786573,64.781605830285,68.2677566901659,53.0622748662386
"fbxa-65",10.8452273860256,9.80170253523765,16.9398270158985,23.2053513421916,33.6087417551586,17.3824693527333
"C17C3.1",196.117861897295,199.301284883165,202.219185002288,177.907693623469,169.093981955642,174.739560335372
"acdh-2",72.301515906837,70.7900738656052,83.6403958909986,71.5498333050909,91.3737666468375,76.848811875242
"C17F4.7",3620.49840903486,4516.40671262561,4775.97247929487,3198.47092666541,3079.40096331641,3635.68069514538
"C17G10.1",63.2638264184824,82.7699325197845,82.581656702505,53.1789301591892,48.3125662730405,43.9136067858526
"ttc-4",140.987956018332,143.758303850152,142.929790446643,112.159198153926,116.580322963206,94.2312812279754
"eif-3.L",687.768170063787,670.872084634043,659.594514431546,624.610706960658,583.951887995881,688.894706453063
"C17H11.1",18.0753789767093,14.158014773121,16.9398270158985,15.4702342281278,15.7540976977306,20.1270697768491
"C17H11.2",22.5942237208866,29.4051076057129,31.7621756548096,27.0729098992236,28.3573758559151,25.6162706250807
"C17H11.6",95.7995085765591,93.660713114493,97.4040053414162,85.0862882547027,99.7759520856271,88.7420803797438
"dyci-1",233.172388799549,213.459299656286,246.686230919021,217.550168833047,254.166109523387,232.376169241803
"C17H12.2",59.6487506231405,77.3245422224303,80.4641783255177,63.814716191027,74.5693957692582,77.7636786832806
"C17H12.4",212.385702976334,219.993768013112,206.454141756262,125.695653103538,118.680869322904,118.932685045017
"C17H12.6",18.0753789767093,23.9597173083587,27.527218900835,19.3377927851597,23.1060099566715,29.2757378572351
"C17H12.8",345.239738455147,423.65136513416,521.958419927371,585.935121390339,633.31472744877,806.912524690042
"ceh-48",34.3432200557476,41.3849662598923,39.1733499742652,29.9735788169975,25.206556316369,35.6798055135052
"C17H12.10",21.6904547720511,16.3361708920627,20.1160445813794,14.5033445888698,12.6032781581845,19.2122029688105
"anat-1",79.5316674975207,94.7497911739639,95.2865269644288,93.7882950080245,91.3737666468375,98.8056152681684
"zipt-3",31.6319132092412,23.9597173083587,42.3495675397462,25.1391306207076,37.8098344745534,32.9352050893894
"C18A3.3",422.060099106161,470.481721691407,367.382498407298,315.206022398103,234.210919106262,298.246579420582
"osta-2",76.8203606510143,86.0371666981971,68.8180472520875,118.927425628732,110.278683884114,96.0610148440526
"tiar-1",215.09700982284,200.390362942636,209.630359321743,219.483948111563,235.26119228611,201.270697768491
"C18A11.1",46.9959853394441,38.1177320814797,50.8194810476954,41.5762544880933,39.9103808342508,44.8284735938912
"C18A11.3",119.297501246281,142.669225790681,133.4011377502,135.364549496118,117.630596143055,114.358351004824
"C18B2.3",331.683204222615,353.950369328026,331.385365998514,321.974249872909,330.836051652343,343.075053014473
"C18B2.4",156.352028148535,196.034050704753,203.277924190782,147.934114806472,143.887425639273,149.123289710291
"C18B2.5",410.3111027713,385.533633052681,474.315156445157,359.68294580397,364.444793407501,411.690063617368
"del-9",9.94145843719009,11.9798586541793,14.8223486389112,6.76822747480589,10.5027317984871,10.9784016964632
"ugt-48",227.749775106537,212.370221596816,236.098839034085,205.947493161951,170.14425513549,211.334232656916
"C18C4.7",134.661573376484,129.600289077031,128.107441807732,154.702342281278,139.686332919878,135.400287589712
"glb-6",18.9791479255447,18.5143270110044,27.527218900835,12.5695653103538,16.8043708775793,16.4676025446947
"swsn-2.2",64.1675953673179,76.2354641629595,70.9355256290748,78.3180607798968,69.3180298700146,64.0406765627017
"C18E3.3",37.9582958510894,35.939575962538,31.7621756548096,45.4438130451253,40.9606540140996,45.7433404019298
"cas-2",16.2678410790383,10.8907805947085,24.351001335354,13.5364549496118,14.7038245178819,13.7230021205789
"C18F10.7",40.6696026975958,39.2068101409506,34.9383932202906,41.5762544880933,37.8098344745534,53.9771416742772
"C18G1.1",22.5942237208866,58.8102152114259,35.9971324087842,25.1391306207076,24.1562831365203,30.1906046652737
"elt-7",22.5942237208866,30.4941856651838,17.9985662043921,30.9404684562555,25.206556316369,32.9352050893894
"C18H7.1",73.2052848556725,81.6808544603137,106.932658037859,121.828094546506,133.384693840786,102.465082500323
"C18H7.6",17.1716100278738,21.781561189417,19.0573053928858,27.0729098992236,26.2568294962177,16.4676025446947
"C18H9.3",416.637485413148,488.996048702411,459.492807806246,457.338799369027,409.606540140996,446.455002322835
"C18H9.6",185.27263451127,180.786957872161,172.574487724466,172.106355787921,183.797806473524,182.058494799681
"fln-2",552.202827738468,518.401156308124,592.893945556446,613.97492092882,880.128924713216,770.317852368498
"C23F12.4",18.9791479255447,22.8706392488878,23.2922621468604,30.9404684562555,22.0557367768228,21.9568033929263
"C23G10.2",189.791479255447,197.123128764224,196.92548905982,216.583279193789,193.250265092162,203.100431384568
"ugt-66",71.3977469580016,69.7009958061344,67.7593080635938,154.702342281278,103.977044805022,122.592152277172
"C23G10.7",47.8997542882795,47.9194346167174,52.9369594246827,42.5431441273513,40.9606540140996,48.4879408260456
"C23G10.8",123.816345990458,121.976742660735,132.342398561707,110.22541887541,116.580322963206,116.188084620902
"C23H3.2",62.3600574696469,81.6808544603137,78.3466999485304,127.629432382054,123.932235222147,132.655687165596
"ascc-1",48.803523237115,55.5429810330133,47.6432634822144,38.6755855703194,57.7650248916789,42.998739977814
"sptl-1",446.461860724719,390.979023350035,441.494241601854,339.378263379553,353.942061609014,352.223721094859
"C23H3.5",39.7658337487604,38.1177320814797,50.8194810476954,29.0066891777395,33.6087417551586,30.1906046652737
"C23H3.9",1.80753789767093,4.3563122378834,3.17621756548096,21.2715720636757,13.6535513380332,10.9784016964632
"prmt-6",20.7866858232156,32.6723417841255,27.527218900835,16.4371238673857,22.0557367768228,33.850071897428
"glb-7",9.94145843719009,8.71262447576679,13.7636094504175,7.73511711406388,11.5530049783358,9.14866808038596
"C23H5.8",394.043261692262,389.889945290564,470.080199691182,323.908029151425,309.830588055368,331.181784509972
"flp-24",67.7826711626597,101.284259530789,99.5214837184035,62.847826551769,71.418576229712,72.2744778350491
"C24A1.3",7.2301515906837,14.158014773121,6.35243513096192,7.73511711406388,9.45245861863836,6.40406765627017
"C24A3.2",118.393732297446,109.996884006556,104.815179660872,91.8545157295085,76.6699421289556,85.0826131475894
"C24A3.4",18.0753789767093,11.9798586541793,14.8223486389112,26.1060202599656,14.7038245178819,22.8716702009649
"C24B5.1",24.4017616185575,25.0487953678295,17.9985662043921,31.9073580955135,21.0054635969741,25.6162706250807
"spas-1",40.6696026975958,52.2757468546008,69.8767864405811,54.1458197984471,31.5081953954612,57.6366089064315
"C24B5.4",12.6527652836965,15.2470928325919,9.52865269644288,22.2384617029336,9.45245861863836,15.5527357366561
"C24B9.3",287.398525729677,275.536749046125,303.858147097679,215.616389554531,205.853543250346,229.631568817688
"dod-3",134.661573376484,124.154898779677,94.2277877759352,176.940803984211,151.239337898214,116.188084620902
"C24D10.4",40.6696026975958,35.939575962538,47.6432634822144,55.1127094377051,35.709288114856,36.5946723215438
"C24D10.6",96.7032775253945,84.9480886387262,92.1103093989479,91.8545157295085,80.8710348483504,92.4015476118982
"hir-1",81.3392053951917,80.5917764008429,67.7593080635938,87.9869571724766,90.3234934669888,74.1042114511263
"mms-19",118.393732297446,111.085962066027,119.637528299783,76.3842815013808,91.3737666468375,80.5082791073964
"hpo-15",33.4394511069121,41.3849662598923,34.9383932202906,49.3113716021572,45.1617467334944,38.424405937621
"cox-16",56.9374437766342,37.0286540220089,50.8194810476954,47.3775923236412,44.1114735536457,48.4879408260456
"C24H10.1",30.7281442604057,57.721137151955,42.3495675397462,45.4438130451253,36.7595612947047,64.0406765627017
"C24H10.2",31.6319132092412,41.3849662598923,26.4684797123413,47.3775923236412,31.5081953954612,38.424405937621
"C24H12.4",274.745760445981,274.447670986654,237.157578222578,190.477258933823,159.641523337003,153.697623750484
"dnsn-1",11.748996334861,19.6034050704753,20.1160445813794,12.5695653103538,7.35191225894095,26.5311374331193
"C25A11.2",9.94145843719009,13.0689367136502,27.527218900835,25.1391306207076,12.6032781581845,17.3824693527333
"C25E10.4",21.6904547720511,21.781561189417,25.4097405238477,13.5364549496118,12.6032781581845,15.5527357366561
"C25E10.5",30.7281442604057,47.9194346167174,40.2320891627588,24.1722409814496,38.8601076544021,32.0203382813509
"C25E10.8",27.1130684650639,19.6034050704753,29.6446972778223,25.1391306207076,33.6087417551586,21.9568033929263
"C25E10.12",46.9959853394441,49.0085126761882,62.4656121211256,23.2053513421916,29.4076490357638,40.2541395536982
"dpyd-1",934.497093095869,905.023867420276,785.584477862291,1197.97626304064,1216.2163422648,1104.24423730259
"ddr-1",18.0753789767093,23.9597173083587,17.9985662043921,15.4702342281278,27.3071026760664,21.9568033929263
"C25H3.3",16.2678410790383,22.8706392488878,20.1160445813794,21.2715720636757,17.854644057428,21.9568033929263
"eif-2D",63.2638264184824,51.1866687951299,41.2908283512525,52.2120405199312,36.7595612947047,37.5095391295824
"flp-27",17.1716100278738,15.2470928325919,15.8810878274048,17.4040135066437,15.7540976977306,14.6378689286175
"mdt-26",63.2638264184824,76.2354641629595,75.1704823830494,60.914047273253,72.4688494095607,71.3596110270105
"C25H3.7",51.5148300836214,77.3245422224303,63.5243513096192,58.9802679947371,63.0163907909224,45.7433404019298
"C25H3.9",240.402540390233,276.625827105596,274.213449819856,306.504015644781,282.523485379302,308.310114309007
"C25H3.10",110.259811757926,70.7900738656052,56.1131769901637,173.073245427179,204.803270070498,145.463822478137
"C25H3.11",167.197255534561,129.600289077031,160.928356651035,125.695653103538,169.093981955642,172.909826719295
"C25H3.14",25.305530567393,31.5832637246546,29.6446972778223,28.0397995384816,21.0054635969741,32.0203382813509
"dnc-4",33.4394511069121,40.2958882004214,44.4670459167335,29.0066891777395,36.7595612947047,49.4028076340842
"elpc-4",42.4771405952668,51.1866687951299,40.2320891627588,61.880936912511,44.1114735536457,47.573074018007
"C26B2.7",84.9542811905335,100.195181471318,93.1690485874415,89.9207364509926,72.4688494095607,90.571813995821
"C26B9.1",29.8243753115703,27.2269514867712,28.5859580893287,30.9404684562555,26.2568294962177,27.4460042411579
"C26B9.3",5.42261369301278,6.5344683568251,2.11747837698731,34.8080270132875,23.1060099566715,21.0419365848877
"C26B9.5",656.136256854546,712.257050893935,670.181906316483,651.683616859882,622.811995650283,592.83369160901
"flh-2",36.1507579534185,49.0085126761882,37.0558715972779,48.3444819628992,40.9606540140996,39.3392727456596
"ntl-9",80.4354364463562,65.344683568251,65.6418296866065,79.2849504191547,72.4688494095607,75.0190782591649
"rpb-2",285.590987832006,264.645968451416,289.035798458767,192.411038212339,193.250265092162,207.674765424761
"mrps-18C",191.599017153118,250.487953678295,185.279357986389,188.543479655307,161.742069696701,180.228761183603
"eri-9",8.13392053951917,14.158014773121,10.5873918849365,6.76822747480589,13.6535513380332,10.0635348884246
"mmab-1",65.0713643161533,60.9883713303676,51.878220236189,58.0133783554791,45.1617467334944,44.8284735938912
"C26E6.12",31.6319132092412,43.563122378834,38.1146107857715,25.1391306207076,29.4076490357638,34.7649387054666
"C26F1.1",7.2301515906837,7.62354641629595,3.17621756548096,19.3377927851597,16.8043708775793,13.7230021205789
"cyp-32A1",35.246989004583,34.8504979030672,32.8209148433033,71.5498333050909,53.563932172284,57.6366089064315
"C26F1.3",55.1299058789632,55.5429810330133,78.3466999485304,39.6424752095774,37.8098344745534,43.9136067858526
"hint-3",51.5148300836214,46.8303565572465,43.4083067282398,86.0531778939606,61.9661176110737,55.8068752903543
"smc-5",49.7072921859505,51.1866687951299,45.5257851052271,35.7749166525454,36.7595612947047,44.8284735938912
"C27A12.2",53.3223679812923,52.2757468546008,67.7593080635938,51.2451508806732,51.4633858125866,33.850071897428
"ari-1.3",18.0753789767093,20.6924831299461,10.5873918849365,20.3046824244177,17.854644057428,21.0419365848877
"ari-1.2",70.4939780091661,64.2556055087801,56.1131769901637,63.814716191027,80.8710348483504,77.7636786832806
"ari-1.1",122.912577041623,128.51121101756,105.873918849365,160.503680116825,162.792342876549,159.186824598716
"C27A12.9",19.8829168743802,19.6034050704753,34.9383932202906,30.9404684562555,35.709288114856,27.4460042411579
"crh-2",121.105039143952,124.154898779677,107.991397226353,141.165887331666,150.189064718365,109.784016964632
"C27F2.4",121.105039143952,113.264118184968,82.581656702505,91.8545157295085,94.5245861863836,118.932685045017
"vps-22",62.3600574696469,60.9883713303676,53.9956986131763,61.880936912511,46.2120199133431,60.3812093305473
"tmem-131",171.716100278738,120.887664601264,138.694833692669,175.973914344953,203.752996890649,163.761158638909
"C27F2.10",48.803523237115,70.7900738656052,58.230655367151,52.2120405199312,51.4633858125866,53.9771416742772
"C27H5.2",56.0336748277987,75.1463861034886,68.8180472520875,63.814716191027,84.0218543878965,75.0190782591649
"fust-1",144.603031813674,191.677738466869,205.395402567769,147.934114806472,153.339884257911,166.505759063024
"C27H5.4",19.8829168743802,19.6034050704753,22.2335229583667,13.5364549496118,12.6032781581845,10.0635348884246
"C28C12.4",28.9206063627348,29.4051076057129,19.0573053928858,34.8080270132875,31.5081953954612,37.5095391295824
"C28C12.12",17.1716100278738,17.4252489515336,23.2922621468604,18.3709031459017,17.854644057428,17.3824693527333
"glb-9",17.1716100278738,15.2470928325919,16.9398270158985,19.3377927851597,17.854644057428,15.5527357366561
"sec-15",88.5693569858754,84.9480886387262,69.8767864405811,73.4836125836068,64.0666639707711,65.8704101787789
"C28G1.5",60.552519571976,66.4337616277218,79.405439137024,62.847826551769,48.3125662730405,67.7001437948561
"bcl-7",27.1130684650639,27.2269514867712,20.1160445813794,28.0397995384816,15.7540976977306,28.3608710491965
"C28H8.3",442.846784929377,423.65136513416,442.552980790347,312.305353480329,419.058998759634,396.137327880712
"erd-2.2",73.2052848556725,79.502698341372,94.2277877759352,96.6889639257985,79.8207616685017,94.2312812279754
"pxl-1",204.251782436815,199.301284883165,177.868183666934,199.179265687145,204.803270070498,194.866630112221
"dpff-1",37.9582958510894,56.6320590924842,30.703436466316,43.5100337666093,49.3628394528892,43.9136067858526
"tdo-2",328.971897376108,316.921715306017,331.385365998514,321.974249872909,403.304901061903,326.607450469779
"kle-2",75.0128227533434,81.6808544603137,88.9340918334669,59.947157633995,66.1672103304685,62.2109429466245
"tag-250",65.9751332649888,62.0774493898384,65.6418296866065,54.1458197984471,59.8655712513763,61.2960761385859
"gsto-1",193.406555050789,209.102987418403,177.868183666934,165.338128313115,222.657914127926,201.270697768491
"C29E4.11",24.4017616185575,20.6924831299461,19.0573053928858,17.4040135066437,23.1060099566715,10.0635348884246
"C29E4.12",95.7995085765591,93.660713114493,88.9340918334669,105.39097067912,76.6699421289556,107.039416540516
"C29F5.1",135.565342325319,131.778445195973,131.283659373213,146.000335527956,149.138791538516,133.570553973635
"glb-10",23.497992669722,17.4252489515336,21.1747837698731,30.9404684562555,30.4579222156125,22.8716702009649
"pals-22",20.7866858232156,18.5143270110044,28.5859580893287,26.1060202599656,35.709288114856,12.8081353125403
"C29F9.2",20.7866858232156,23.9597173083587,20.1160445813794,28.0397995384816,22.0557367768228,32.9352050893894
"pals-23",53.3223679812923,74.0573080440178,69.8767864405811,55.1127094377051,47.2622930931918,70.4447442189719
"pals-24",49.7072921859505,53.3648249140716,62.4656121211256,39.6424752095774,43.061200373797,55.8068752903543
"C29G2.6",12.6527652836965,6.5344683568251,8.46991350794923,16.4371238673857,16.8043708775793,10.0635348884246
"C29H12.2",254.862843571601,274.447670986654,268.919753877388,279.431105745558,243.6633777249,289.097911340196
"C29H12.6",49.7072921859505,54.4539029735425,39.1733499742652,50.2782612414152,50.4131126327379,46.6582072099684
"mob-4",59.6487506231405,58.8102152114259,65.6418296866065,62.847826551769,55.6644785319814,64.9555433707403
"C30B5.2",38.8620647999249,35.939575962538,42.3495675397462,40.6093648488354,37.8098344745534,53.9771416742772
"rbmx-2",51.5148300836214,57.721137151955,45.5257851052271,44.4769234058673,28.3573758559151,44.8284735938912
"mrpl-32",149.121876557851,196.034050704753,165.16331340501,181.775252180501,135.485240200483,166.505759063024
"hsp-110",4556.8030400284,3721.37972921189,3196.33361006234,5128.38264662435,4944.68613072771,4782.92367242578
"vha-16",976.974233691135,885.420462349801,987.803662864579,889.538468117346,876.97810517367,934.993877815445
"rege-1",54.2261369301278,65.344683568251,74.1117431945558,38.6755855703194,32.5584685753099,42.998739977814
"C30F12.2",66.8789022138242,90.3934789360805,101.638962095391,88.9538468117346,98.7256789057784,102.465082500323
"C30F12.5",84.9542811905335,115.44227430391,103.756440472378,182.742141819759,191.149718732465,165.590892254986
"trhr-1",107.54850491142,88.2153228171388,74.1117431945558,137.298328774634,110.278683884114,96.0610148440526
"idhg-2",266.611839906462,307.12001277078,285.859580893287,287.166222859621,276.22184630021,241.524837322189
"C30G4.4",28.9206063627348,26.1378734273004,25.4097405238477,42.5431441273513,33.6087417551586,34.7649387054666
"C30G12.2",46.9959853394441,31.5832637246546,33.8796540317969,36.7418062918034,34.6590149350073,42.0838731697754
"erp-44.1",197.021630846131,193.855894585811,149.282225577605,185.642810737533,175.395621034734,188.462562455951
"C31B8.7",20.7866858232156,26.1378734273004,25.4097405238477,16.4371238673857,18.9049172372767,21.0419365848877
"zmp-3",41.5733716464313,58.8102152114259,56.1131769901637,84.1193986154447,86.1224007475939,97.8907484601298
"lntl-1",166.293486585725,142.669225790681,140.812312069656,151.801673363504,153.339884257911,178.399027567526
"tbc-7",68.6864401114952,96.9279472929056,76.2292215715431,85.0862882547027,82.9715812080478,89.6569471877824
"C31H2.3",31.6319132092412,13.0689367136502,19.0573053928858,27.0729098992236,23.1060099566715,20.1270697768491
"C31H2.4",38.8620647999249,31.5832637246546,32.8209148433033,24.1722409814496,28.3573758559151,33.850071897428
"C32D5.1",17.1716100278738,17.4252489515336,15.8810878274048,21.2715720636757,15.7540976977306,16.4676025446947
"efr-3",83.1467432928626,45.7412784977757,64.5830904981129,58.0133783554791,65.1169371506198,63.1258097546631
"set-4",41.5733716464313,54.4539029735425,31.7621756548096,62.847826551769,46.2120199133431,46.6582072099684
"C32D5.6",59.6487506231405,64.2556055087801,45.5257851052271,61.880936912511,49.3628394528892,49.4028076340842
"C32D5.7",50.6110611347859,67.5228396871927,40.2320891627588,45.4438130451253,63.0163907909224,50.3176744421228
"C32D5.8",184.368865562434,229.795470548349,201.160445813794,234.95418233969,210.054635969741,203.100431384568
"C32D5.10",37.054526902254,63.1665274493093,33.8796540317969,53.1789301591892,34.6590149350073,46.6582072099684
"C32D5.11",55.1299058789632,54.4539029735425,48.7020026707081,60.914047273253,64.0666639707711,67.7001437948561
"tppp-1",117.48996334861,133.956601314914,143.988529635137,152.768563002762,131.284147481088,145.463822478137
"C32E8.5",52.4185990324568,63.1665274493093,75.1704823830494,54.1458197984471,40.9606540140996,41.1690063617368
"C32E8.9",66.8789022138242,88.2153228171388,64.5830904981129,48.3444819628992,61.9661176110737,59.4663425225087
"ubr-1",204.251782436815,196.034050704753,221.276490395174,176.940803984211,224.758460487623,210.419365848877
"pde-5",18.0753789767093,21.781561189417,13.7636094504175,21.2715720636757,16.8043708775793,12.8081353125403
"C32E12.4",18.0753789767093,13.0689367136502,21.1747837698731,20.3046824244177,22.0557367768228,21.0419365848877
"obr-4",217.808316669347,213.459299656286,192.690532305845,265.894650795946,245.763924084597,216.823433505147
"C32F10.4",22.5942237208866,19.6034050704753,12.7048702619238,28.0397995384816,25.206556316369,29.2757378572351
"C32F10.8",678.730480575433,666.51577239616,585.482771236991,722.266560525715,664.822922844231,666.937903060136
"gba-1",224.134699311195,255.93334397565,243.51001335354,244.62307873227,217.406548228682,242.439704130228
"mtq-2",38.8620647999249,30.4941856651838,40.2320891627588,26.1060202599656,28.3573758559151,29.2757378572351
"C33C12.10",19.8829168743802,22.8706392488878,20.1160445813794,15.4702342281278,15.7540976977306,18.2973361607719
"cnnm-3",70.4939780091661,86.0371666981971,109.050136414846,48.3444819628992,66.1672103304685,52.1474080582
"rig-6",40.6696026975958,40.2958882004214,31.7621756548096,29.9735788169975,54.6142053521327,58.5514757144701
"lact-5",46.9959853394441,53.3648249140716,47.6432634822144,34.8080270132875,36.7595612947047,31.1054714733123
"C33G8.2",16.2678410790383,22.8706392488878,24.351001335354,96.6889639257985,75.6196689491069,84.1677463395508
"C33G8.4",159.063334995041,170.985255336923,153.51718233158,159.536790477567,152.289611078062,160.101691406754
"swd-2.2",48.803523237115,56.6320590924842,44.4670459167335,56.0795990769631,38.8601076544021,58.5514757144701
"rpap-3",50.6110611347859,49.0085126761882,50.8194810476954,26.1060202599656,34.6590149350073,36.5946723215438
"sec-10",71.3977469580016,78.4136202819012,84.6991350794923,56.0795990769631,71.418576229712,75.9339450672035
"imp-3",129.238959683471,128.51121101756,137.636094504175,178.874583262727,155.440430617609,139.974621629905
"C33H5.13",21.6904547720511,28.3160295462421,34.9383932202906,27.0729098992236,28.3573758559151,32.9352050893894
"ntp-1",13.5565342325319,14.158014773121,22.2335229583667,18.3709031459017,24.1562831365203,29.2757378572351
"zgpa-1",37.054526902254,45.7412784977757,35.9971324087842,39.6424752095774,38.8601076544021,49.4028076340842
"cdgs-1",292.82113942269,300.585544413954,289.035798458767,295.868229612943,312.981407594915,255.247839442768
"kbp-5",17.1716100278738,22.8706392488878,27.527218900835,34.8080270132875,29.4076490357638,35.6798055135052
"ttc-1",41.5733716464313,60.9883713303676,48.7020026707081,48.3444819628992,34.6590149350073,40.2541395536982
"lonp-1",335.298280017957,302.763700532896,318.68049573659,231.086623782658,239.462285005505,279.034376451772
"sdha-2",28.9206063627348,27.2269514867712,33.8796540317969,26.1060202599656,31.5081953954612,32.9352050893894
"C34B2.8",135.565342325319,132.867523255444,165.16331340501,172.106355787921,138.636059740029,161.931425022831
"spcs-1",75.0128227533434,81.6808544603137,79.405439137024,100.55652248283,88.2229471072913,86.9123467636666
"C34D4.4",39.7658337487604,43.563122378834,44.4670459167335,53.1789301591892,39.9103808342508,61.2960761385859
"mutd-1",41.5733716464313,33.7614198435963,52.9369594246827,40.6093648488354,49.3628394528892,50.3176744421228
"hecd-1",464.537239701428,416.027818717864,480.667591576119,345.1796012151,455.818560054339,440.965801474603
"C34D10.1",33.4394511069121,32.6723417841255,17.9985662043921,59.947157633995,54.6142053521327,53.9771416742772
"C34D10.2",109.356042809091,124.154898779677,109.050136414846,122.794984185764,135.485240200483,83.2528795315122
"prmt-5",124.720114939294,113.264118184968,121.75500667677,75.4173918621228,99.7759520856271,115.273217812863
"sumv-1",72.301515906837,66.4337616277218,79.405439137024,75.4173918621228,79.8207616685017,72.2744778350491
"C34E10.10",40.6696026975958,35.939575962538,24.351001335354,32.8742477347715,42.0109271939483,36.5946723215438
"mrps-26",144.603031813674,137.223835493327,107.991397226353,146.967225167214,135.485240200483,144.548955670098
"ampd-1",765.492299663637,874.529681755092,841.697654852455,751.273249703454,737.291772253792,734.638046854992
"C34F11.8",65.0713643161533,96.9279472929056,75.1704823830494,80.2518400584127,88.2229471072913,68.6150106028947
"hpo-27",183.465096613599,165.539865039569,176.80944447844,125.695653103538,159.641523337003,156.4422241746
"tyr-4",122.912577041623,136.134757433856,109.050136414846,179.841472901985,176.445894214583,150.953023326368
"noah-1",34.3432200557476,40.2958882004214,21.1747837698731,548.226425459277,583.951887995881,337.585852166242
"C34H4.1",40.6696026975958,30.4941856651838,41.2908283512525,35.7749166525454,29.4076490357638,42.998739977814
"C34H4.2",26.2092995162284,33.7614198435963,35.9971324087842,37.7086959310614,47.2622930931918,44.8284735938912
"dmsr-7",14.4603031813674,11.9798586541793,9.52865269644288,16.4371238673857,15.7540976977306,10.0635348884246
"C35A11.4",152.736952353193,137.223835493327,146.106008012124,103.457191400604,99.7759520856271,128.996219933442
"C35B1.2",53.3223679812923,37.0286540220089,39.1733499742652,25.1391306207076,47.2622930931918,42.998739977814
"C35B1.5",373.256575869046,322.367105603371,379.028629480728,370.318731835808,323.484139393402,324.777716853702
"C35B8.3",67.7826711626597,51.1866687951299,60.3481337441383,37.7086959310614,57.7650248916789,49.4028076340842
"C35D10.1",140.987956018332,166.62894309904,113.285093168821,132.463880578344,128.133327941542,130.825953549519
"C35D10.5",83.1467432928626,109.996884006556,89.9928310219606,71.5498333050909,85.0721275677452,87.8272135717052
"C35D10.6",72.301515906837,78.4136202819012,62.4656121211256,87.0200675332186,67.2174835103172,59.4663425225087
"C35D10.7",15.3640721302029,18.5143270110044,21.1747837698731,15.4702342281278,22.0557367768228,20.1270697768491
"C35D10.10",122.008808092787,125.243976839148,107.991397226353,141.165887331666,107.127864344568,110.69888377267
"tost-1",33.4394511069121,42.4740443193631,45.5257851052271,59.947157633995,52.5136589924353,69.5298774109333
"clec-5",26.2092995162284,20.6924831299461,14.8223486389112,37.7086959310614,25.206556316369,35.6798055135052
"C35D10.17",40.6696026975958,31.5832637246546,27.527218900835,27.0729098992236,16.8043708775793,33.850071897428
"C35E7.2",60.552519571976,67.5228396871927,59.2893945556446,72.5167229443488,66.1672103304685,69.5298774109333
"C35E7.4",84.050512241698,89.3044008766096,100.580222906897,91.8545157295085,93.4743130065349,97.8907484601298
"C35E7.6",119.297501246281,141.58014773121,127.048702619238,133.430770217602,139.686332919878,129.911086741481
"C35E7.11",33.4394511069121,40.2958882004214,32.8209148433033,31.9073580955135,31.5081953954612,37.5095391295824
"C36B7.6",112.971118604433,113.264118184968,95.2865269644288,166.305017952373,168.043708775793,158.271957790677
"fubl-3",47.8997542882795,53.3648249140716,43.4083067282398,65.748495469543,66.1672103304685,72.2744778350491
"C36E6.2",31.6319132092412,29.4051076057129,17.9985662043921,34.8080270132875,36.7595612947047,28.3608710491965
"C37A2.7",377.775420613223,372.46469633903,489.137505084068,330.676256626231,331.886324832191,404.371129153059
"C37A2.8",22.5942237208866,20.6924831299461,41.2908283512525,26.1060202599656,22.0557367768228,37.5095391295824
"C37C3.1",6.32638264184824,8.71262447576679,14.8223486389112,6.76822747480589,9.45245861863836,4.57433404019298
"C37C3.2",216.000778771676,231.973626667291,208.57162013325,302.636457087749,325.584685753099,328.437184085856
"C37C3.7",36.1507579534185,43.563122378834,28.5859580893287,65.748495469543,57.7650248916789,42.0838731697754
"memo-1",33.4394511069121,33.7614198435963,33.8796540317969,33.8411373740295,31.5081953954612,33.850071897428
"C37C3.12",47.8997542882795,43.563122378834,59.2893945556446,72.5167229443488,55.6644785319814,74.1042114511263
"ttr-33",69.5902090603306,71.8791519250761,73.0530040060621,168.238797230889,124.982508401996,126.251619509326
"abhd-5.1",37.9582958510894,32.6723417841255,28.5859580893287,38.6755855703194,40.9606540140996,45.7433404019298
"abhd-5.2",90.3768948835463,79.502698341372,73.0530040060621,110.22541887541,98.7256789057784,108.869150156593
"C37H5.5",328.971897376108,274.447670986654,278.448406573831,202.079934604919,190.099445552616,204.015298192607
"adss-1",207.866858232156,185.143270110044,239.275056599566,180.808362541243,173.295074675037,193.036896496144
"C37H5.13",85.858050139369,103.462415649731,114.343832357315,89.9207364509926,110.278683884114,104.2948161164
"C38C3.4",54.2261369301278,40.2958882004214,38.1146107857715,77.3511711406388,78.770488488653,48.4879408260456
"C39B5.6",19.8829168743802,23.9597173083587,16.9398270158985,18.3709031459017,24.1562831365203,16.4676025446947
"pcyt-2.2",30.7281442604057,44.6522004383048,29.6446972778223,25.1391306207076,27.3071026760664,18.2973361607719
"C39D10.6",23.497992669722,19.6034050704753,25.4097405238477,31.9073580955135,21.0054635969741,32.9352050893894
"C39D10.8",44.2846784929377,60.9883713303676,62.4656121211256,96.6889639257985,103.977044805022,115.273217812863
"madd-2",40.6696026975958,55.5429810330133,42.3495675397462,39.6424752095774,50.4131126327379,45.7433404019298
"C39F7.5",9.03768948835463,10.8907805947085,19.0573053928858,21.2715720636757,22.0557367768228,11.8932685045017
"C39H7.4",185.27263451127,190.588660407399,184.220618797896,166.305017952373,152.289611078062,184.803095223796
"math-18",32.5356821580767,33.7614198435963,37.0558715972779,32.8742477347715,40.9606540140996,32.9352050893894
"math-20",49.7072921859505,35.939575962538,48.7020026707081,48.3444819628992,31.5081953954612,46.6582072099684
"pks-1",16.2678410790383,14.158014773121,12.7048702619238,13.5364549496118,19.9551904171254,14.6378689286175
"C41D11.3",149.121876557851,150.292772206977,136.577355315681,231.086623782658,179.596713754129,165.590892254986
"cmt-1",18.9791479255447,22.8706392488878,19.0573053928858,19.3377927851597,28.3573758559151,21.9568033929263
"gnrr-4",15.3640721302029,16.3361708920627,11.6461310734302,14.5033445888698,11.5530049783358,21.0419365848877
"lido-9",24.4017616185575,14.158014773121,19.0573053928858,29.0066891777395,22.0557367768228,20.1270697768491
"vps-8",30.7281442604057,16.3361708920627,27.527218900835,24.1722409814496,33.6087417551586,30.1906046652737
"tag-335",79.5316674975207,82.7699325197845,94.2277877759352,102.490301761346,73.5191225894094,85.0826131475894
"oac-59",19.8829168743802,29.4051076057129,26.4684797123413,16.4371238673857,22.0557367768228,25.6162706250807
"hpo-12",29.8243753115703,34.8504979030672,30.703436466316,20.3046824244177,17.854644057428,24.7014038170421
"ltah-1.1",103.933429116078,99.1061034118473,97.4040053414162,97.6558535650564,78.770488488653,105.209682924439
"C42C1.12",17.1716100278738,28.3160295462421,23.2922621468604,35.7749166525454,24.1562831365203,34.7649387054666
"erl-1",24.4017616185575,29.4051076057129,38.1146107857715,42.5431441273513,31.5081953954612,37.5095391295824
"C42D4.1",1037.52675326311,1139.17565020651,988.862402053073,2090.41540007576,1606.91796516852,1519.59376815211
"C42D4.2",16.2678410790383,23.9597173083587,33.8796540317969,9.66889639257985,5.25136589924353,18.2973361607719
"C42D4.3",14.4603031813674,15.2470928325919,5.29369594246827,34.8080270132875,38.8601076544021,30.1906046652737
"C42D8.1",53.3223679812923,55.5429810330133,73.0530040060621,76.3842815013808,64.0666639707711,68.6150106028947
"acin-1",119.297501246281,135.045679374385,146.106008012124,100.55652248283,115.530049783358,126.251619509326
"mus-81",25.305530567393,16.3361708920627,15.8810878274048,12.5695653103538,15.7540976977306,10.9784016964632
"met-1",166.293486585725,128.51121101756,156.693399897061,139.23210805315,145.98797199897,122.592152277172
"exoc-7",80.4354364463562,74.0573080440178,65.6418296866065,93.7882950080245,87.1726739274426,75.0190782591649
"C43E11.9",218.712085618182,189.499582347928,188.45557555187,123.761873825022,134.434967020634,128.996219933442
"cogc-5",25.305530567393,43.563122378834,34.9383932202906,47.3775923236412,31.5081953954612,36.5946723215438
"paqr-1",327.164359478438,331.079730079138,305.975625474666,344.212711575843,294.076490357638,285.438444108042
"bicd-1",184.368865562434,180.786957872161,157.752139085554,213.682610276015,213.205455509287,219.568033929263
"best-9",35.246989004583,38.1177320814797,43.4083067282398,49.3113716021572,46.2120199133431,40.2541395536982
"trpp-12",9.94145843719009,13.0689367136502,20.1160445813794,15.4702342281278,14.7038245178819,10.0635348884246
"C43H6.3",14.4603031813674,25.0487953678295,22.2335229583667,11.6026756710958,16.8043708775793,21.0419365848877
"C43H6.4",36.1507579534185,30.4941856651838,40.2320891627588,35.7749166525454,30.4579222156125,22.8716702009649
"mafr-1",43.3809095441022,57.721137151955,62.4656121211256,47.3775923236412,59.8655712513763,51.2325412501614
"psmd-9",21.6904547720511,25.0487953678295,24.351001335354,28.0397995384816,24.1562831365203,19.2122029688105
"hrpl-1",40.6696026975958,31.5832637246546,41.2908283512525,23.2053513421916,34.6590149350073,36.5946723215438
"slc-36.5",56.0336748277987,53.3648249140716,51.878220236189,108.291639596894,69.3180298700146,62.2109429466245
"C44B7.7",43.3809095441022,28.3160295462421,40.2320891627588,32.8742477347715,39.9103808342508,28.3608710491965
"acer-1",2502.5362193254,2057.26845434043,1720.45118130219,3588.12745128638,3485.85668391786,2869.93717681707
"C44B7.11",264.804302008791,302.763700532896,291.153276835755,273.62976791001,266.769387681571,314.714181965277
"C44B7.12",19.8829168743802,26.1378734273004,25.4097405238477,27.0729098992236,22.0557367768228,28.3608710491965
"C44B11.4",16.2678410790383,19.6034050704753,25.4097405238477,19.3377927851597,39.9103808342508,18.2973361607719
"chil-10",56.0336748277987,65.344683568251,53.9956986131763,40.6093648488354,44.1114735536457,44.8284735938912
"vps-45",23.497992669722,19.6034050704753,34.9383932202906,29.9735788169975,32.5584685753099,28.3608710491965
"abhd-3.2",57.8412127254696,52.2757468546008,33.8796540317969,32.8742477347715,27.3071026760664,42.998739977814
"C44C1.6",24.4017616185575,25.0487953678295,23.2922621468604,27.0729098992236,24.1562831365203,25.6162706250807
"ubr-4",622.696805747634,500.975907356591,537.839507754776,528.888632674118,592.35407343467,548.920084823157
"ssb-1",709.458624835838,596.814776590025,610.892511760838,507.617060610442,467.371565032674,519.644346965922
"C44E4.5",57.8412127254696,51.1866687951299,64.5830904981129,43.5100337666093,37.8098344745534,46.6582072099684
"acbp-1",255.766612520436,289.694763819246,330.32662681002,316.172912037361,255.216382703236,322.033116429586
"C44E12.1",18.0753789767093,17.4252489515336,27.527218900835,40.6093648488354,29.4076490357638,41.1690063617368
"C45B2.2",87.6655880370399,78.4136202819012,58.230655367151,42.5431441273513,34.6590149350073,36.5946723215438
"C45B2.6",56.0336748277987,68.6119177466635,58.230655367151,43.5100337666093,74.5693957692582,48.4879408260456
"C45E1.4",22.5942237208866,23.9597173083587,30.703436466316,18.3709031459017,19.9551904171254,15.5527357366561
"C45E5.1",56.9374437766342,39.2068101409506,47.6432634822144,56.0795990769631,52.5136589924353,59.4663425225087
"C45E5.4",50.6110611347859,51.1866687951299,65.6418296866065,6.76822747480589,30.4579222156125,27.4460042411579
"C45G7.4",10.8452273860256,9.80170253523765,15.8810878274048,8.70200675332186,10.5027317984871,10.0635348884246
"C45G9.5",153.640721302029,144.847381909623,135.518616127188,147.934114806472,143.887425639273,142.719222054021
"C45G9.6",84.9542811905335,80.5917764008429,69.8767864405811,81.2187296976707,90.3234934669888,67.7001437948561
"nlp-43",19.8829168743802,34.8504979030672,27.527218900835,13.5364549496118,12.6032781581845,20.1270697768491
"rdl-1",33.4394511069121,30.4941856651838,16.9398270158985,41.5762544880933,28.3573758559151,26.5311374331193
"hosl-1",35.246989004583,19.6034050704753,22.2335229583667,29.9735788169975,43.061200373797,29.2757378572351
"C46C11.2",57.8412127254696,51.1866687951299,62.4656121211256,63.814716191027,48.3125662730405,46.6582072099684
"C46C11.3",39.7658337487604,65.344683568251,69.8767864405811,73.4836125836068,68.2677566901659,64.9555433707403
"fbxc-52",89.4731259347108,82.7699325197845,91.0515702104542,47.3775923236412,40.9606540140996,42.0838731697754
"C46F2.1",45.1884474417731,31.5832637246546,42.3495675397462,38.6755855703194,29.4076490357638,51.2325412501614
"acs-17",431.097788594516,350.683135149614,344.090236260437,525.987963756344,507.281945866925,402.541395536982
"math-24",21.6904547720511,9.80170253523765,16.9398270158985,22.2384617029336,24.1562831365203,19.2122029688105
"C46G7.1",56.9374437766342,49.0085126761882,67.7593080635938,41.5762544880933,42.0109271939483,52.1474080582
"C46G7.2",196.117861897295,174.252489515336,147.164747200618,150.834783724246,133.384693840786,150.03815651833
"C46H3.2",20.7866858232156,18.5143270110044,22.2335229583667,14.5033445888698,31.5081953954612,22.8716702009649
"C46H11.2",36.1507579534185,18.5143270110044,32.8209148433033,25.1391306207076,34.6590149350073,32.0203382813509
"C46H11.10",27.1130684650639,23.9597173083587,26.4684797123413,28.0397995384816,32.5584685753099,32.9352050893894
"fhod-1",79.5316674975207,71.8791519250761,83.6403958909986,87.9869571724766,90.3234934669888,100.635348884246
"pitr-1",191.599017153118,175.341567574807,190.573053928858,198.212376047887,221.607640948077,169.25035948714
"C48B6.2",210.578165078663,190.588660407399,195.866749871326,58.0133783554791,47.2622930931918,50.3176744421228
"C48B6.3",57.8412127254696,63.1665274493093,58.230655367151,38.6755855703194,44.1114735536457,42.0838731697754
"C48B6.10",64.1675953673179,63.1665274493093,56.1131769901637,86.0531778939606,58.8152980715276,75.9339450672035
"C48E7.1",163.582179739219,147.025538028565,130.224920184719,248.490637289302,243.6633777249,223.227501161417
"let-611",74.109053804508,76.2354641629595,67.7593080635938,43.5100337666093,54.6142053521327,53.9771416742772
"C48E7.6",35.246989004583,29.4051076057129,40.2320891627588,29.0066891777395,49.3628394528892,33.850071897428
"cebp-2",20.7866858232156,18.5143270110044,29.6446972778223,22.2384617029336,33.6087417551586,21.9568033929263
"C49A9.3",82.2429743440271,66.4337616277218,66.7005688751002,83.1525089761867,63.0163907909224,68.6150106028947
"C49A9.4",25.305530567393,38.1177320814797,38.1146107857715,33.8411373740295,40.9606540140996,35.6798055135052
"C49A9.5",43.3809095441022,38.1177320814797,39.1733499742652,29.0066891777395,35.709288114856,42.998739977814
"C49A9.6",50.6110611347859,66.4337616277218,33.8796540317969,72.5167229443488,57.7650248916789,60.3812093305473
"C49A9.9",44.2846784929377,29.4051076057129,25.4097405238477,34.8080270132875,25.206556316369,29.2757378572351
"C49A9.10",18.9791479255447,15.2470928325919,8.46991350794923,29.0066891777395,19.9551904171254,22.8716702009649
"cyp-33E1",59.6487506231405,59.8992932708967,53.9956986131763,85.0862882547027,61.9661176110737,54.8920084823158
"C49C8.5",337.105817915628,343.059588733318,327.150409244539,323.908029151425,282.523485379302,303.735780268814
"C49G7.3",126.527652836965,139.401991612269,177.868183666934,96.6889639257985,119.731142502753,144.548955670098
"phat-3",15.3640721302029,15.2470928325919,15.8810878274048,7.73511711406388,4.20109271939483,13.7230021205789
"cyp-35A4",46.0922163906086,37.0286540220089,31.7621756548096,5.80133783554791,16.8043708775793,10.0635348884246
"C49H3.3",213.289471925169,200.390362942636,188.45557555187,199.179265687145,184.848079653372,204.015298192607
"C49H3.6",41.5733716464313,40.2958882004214,30.703436466316,53.1789301591892,63.0163907909224,44.8284735938912
"arp-11",48.803523237115,62.0774493898384,61.4068729326319,53.1789301591892,53.563932172284,60.3812093305473
"C49H3.9",45.1884474417731,65.344683568251,56.1131769901637,72.5167229443488,75.6196689491069,72.2744778350491
"cec-2",23.497992669722,15.2470928325919,17.9985662043921,21.2715720636757,16.8043708775793,26.5311374331193
"C50C3.5",67.7826711626597,69.7009958061344,73.0530040060621,66.7153851088009,82.9715812080478,63.1258097546631
"bath-42",112.971118604433,120.887664601264,114.343832357315,103.457191400604,93.4743130065349,82.3380127234736
"C50D2.1",2.71130684650639,6.5344683568251,3.17621756548096,27.0729098992236,32.5584685753099,16.4676025446947
"C50D2.2",28.0168374138993,23.9597173083587,29.6446972778223,28.0397995384816,22.0557367768228,26.5311374331193
"C50D2.5",131.950266529978,145.936459969094,154.575921520073,144.06655624944,120.781415682601,152.782756942446
"C50D2.6",15.3640721302029,14.158014773121,22.2335229583667,16.4371238673857,16.8043708775793,11.8932685045017
"C50D2.7",170.812331329902,135.045679374385,130.224920184719,163.404349034599,164.892889236247,139.974621629905
"C50D2.8",53.3223679812923,55.5429810330133,45.5257851052271,50.2782612414152,52.5136589924353,63.1258097546631
"C50D2.9",59.6487506231405,69.7009958061344,52.9369594246827,55.1127094377051,66.1672103304685,54.8920084823158
"C50E3.5",19.8829168743802,22.8706392488878,23.2922621468604,24.1722409814496,18.9049172372767,26.5311374331193
"C50E3.6",9.03768948835463,15.2470928325919,14.8223486389112,19.3377927851597,9.45245861863836,10.0635348884246
"C50F2.2",30.7281442604057,38.1177320814797,37.0558715972779,14.5033445888698,32.5584685753099,32.0203382813509
"syf-1",153.640721302029,162.272630861157,167.280791781997,132.463880578344,157.540976977306,151.867890134407
"C50F2.4",96.7032775253945,118.709508482323,96.3452661529225,71.5498333050909,88.2229471072913,85.0826131475894
"C50F2.7",17.1716100278738,18.5143270110044,9.52865269644288,18.3709031459017,25.206556316369,21.9568033929263
"magu-3",43.3809095441022,31.5832637246546,29.6446972778223,47.3775923236412,40.9606540140996,32.9352050893894
"sucg-1",242.210078287904,208.013909358932,203.277924190782,215.616389554531,207.954089610044,219.568033929263
"C50F7.5",140.084187069497,120.887664601264,147.164747200618,323.908029151425,289.875397638243,285.438444108042
"C50F7.6",27.1130684650639,29.4051076057129,15.8810878274048,41.5762544880933,24.1562831365203,28.3608710491965
"klo-1",128.335190734636,101.284259530789,93.1690485874415,99.5896328435724,122.881962042299,99.7204820762069
"acs-21",18.9791479255447,26.1378734273004,24.351001335354,18.3709031459017,24.1562831365203,20.1270697768491
"cyp-33C9",94.8957396277236,128.51121101756,106.932658037859,75.4173918621228,94.5245861863836,84.1677463395508
"C52A10.1",88.5693569858754,77.3245422224303,87.8753526449733,73.4836125836068,80.8710348483504,90.571813995821
"ets-9",46.9959853394441,47.9194346167174,33.8796540317969,37.7086959310614,29.4076490357638,28.3608710491965
"coel-1",22.5942237208866,17.4252489515336,19.0573053928858,52.2120405199312,47.2622930931918,31.1054714733123
"C52B9.4",70.4939780091661,80.5917764008429,89.9928310219606,68.6491643873169,84.0218543878965,106.124549732477
"inso-1",33.4394511069121,37.0286540220089,37.0558715972779,49.3113716021572,31.5081953954612,45.7433404019298
"C52D10.3",37.9582958510894,31.5832637246546,32.8209148433033,25.1391306207076,23.1060099566715,49.4028076340842
"cnnm-1",138.276649171826,169.896177277452,131.283659373213,228.185954864884,190.099445552616,190.292296072028
"C52E2.4",22.5942237208866,17.4252489515336,17.9985662043921,11.6026756710958,9.45245861863836,18.2973361607719
"C52E12.1",199.732937692637,200.390362942636,203.277924190782,175.973914344953,171.194528315339,181.143627991642
"lst-6",116.586194399775,90.3934789360805,91.0515702104542,113.126087793184,126.032781581845,132.655687165596
"C53B7.3",551.299058789632,657.803147920393,622.538642834268,573.365556079985,548.242599881025,547.09035120708
"clik-2",311.800287348235,331.079730079138,303.858147097679,315.206022398103,329.785778472494,347.649387054666
"C53D5.1",39.7658337487604,58.8102152114259,49.7607418592017,54.1458197984471,51.4633858125866,51.2325412501614
"ztf-3",10.8452273860256,18.5143270110044,16.9398270158985,23.2053513421916,23.1060099566715,5.48920084823158
"C53D5.5",93.9919706788881,99.1061034118473,92.1103093989479,87.9869571724766,95.5748593662323,107.039416540516
"C53H9.2",180.753789767093,194.944972645282,217.041533641199,80.2518400584127,94.5245861863836,128.996219933442
"drn-1",25.305530567393,32.6723417841255,25.4097405238477,31.9073580955135,33.6087417551586,31.1054714733123
"lam-2",803.450595514726,899.578477122922,891.458396711657,715.498333050909,707.884123218028,744.701581743417
"C54D1.7",20.7866858232156,26.1378734273004,29.6446972778223,14.5033445888698,13.6535513380332,16.4676025446947
"C54D2.2",19.8829168743802,18.5143270110044,9.52865269644288,14.5033445888698,7.35191225894095,19.2122029688105
"test-1",325.356821580767,376.821008576914,365.265020030311,321.974249872909,345.539876170224,333.011518126049
"C54E4.4",33.4394511069121,49.0085126761882,42.3495675397462,44.4769234058673,31.5081953954612,35.6798055135052
"C54E4.5",65.9751332649888,65.344683568251,73.0530040060621,71.5498333050909,69.3180298700146,68.6150106028947
"mboa-3",241.306309339069,272.269514867712,282.683363327806,296.835119252201,242.613104545051,294.587112188428
"ifta-1",20.7866858232156,20.6924831299461,20.1160445813794,24.1722409814496,23.1060099566715,15.5527357366561
"tag-294",25.305530567393,22.8706392488878,27.527218900835,19.3377927851597,18.9049172372767,16.4676025446947
"C55B6.1",22.5942237208866,19.6034050704753,16.9398270158985,35.7749166525454,32.5584685753099,26.5311374331193
"acdh-1",1895.20348570797,1673.9129774067,1732.09731237562,1895.10369294565,1700.39227817506,2080.40712147977
"uri-1",69.5902090603306,55.5429810330133,41.2908283512525,66.7153851088009,54.6142053521327,54.8920084823158
"sulp-1",19.8829168743802,29.4051076057129,19.0573053928858,18.3709031459017,17.854644057428,20.1270697768491
"perm-5",21.6904547720511,23.9597173083587,21.1747837698731,10.6357860318378,23.1060099566715,28.3608710491965
"atic-1",82.2429743440271,78.4136202819012,81.5229175140113,96.6889639257985,82.9715812080478,98.8056152681684
"ilys-4",23.497992669722,18.5143270110044,25.4097405238477,44.4769234058673,42.0109271939483,41.1690063617368
"vps-33.2",14.4603031813674,18.5143270110044,9.52865269644288,6.76822747480589,15.7540976977306,12.8081353125403
"vps-32.1",383.198034306236,386.622711112152,374.793672726753,566.597328605179,499.930033607984,425.413065737947
"C56C10.7",38.8620647999249,35.939575962538,61.4068729326319,58.0133783554791,50.4131126327379,42.0838731697754
"C56C10.9",18.9791479255447,26.1378734273004,29.6446972778223,17.4040135066437,10.5027317984871,21.9568033929263
"aipr-1",34.3432200557476,26.1378734273004,30.703436466316,33.8411373740295,17.854644057428,22.8716702009649
"C56C10.11",57.8412127254696,52.2757468546008,57.1719161786573,50.2782612414152,57.7650248916789,51.2325412501614
"epg-5",118.393732297446,116.531352363381,81.5229175140113,97.6558535650564,126.032781581845,94.2312812279754
"C56E6.2",43.3809095441022,32.6723417841255,34.9383932202906,27.0729098992236,21.0054635969741,21.9568033929263
"toe-2",44.2846784929377,51.1866687951299,31.7621756548096,62.847826551769,45.1617467334944,39.3392727456596
"lron-15",24.4017616185575,32.6723417841255,29.6446972778223,29.0066891777395,31.5081953954612,27.4460042411579
"nhr-173",68.6864401114952,80.5917764008429,69.8767864405811,79.2849504191547,67.2174835103172,71.3596110270105
"akap-1",1014.02876059339,1024.82245396207,1078.85523307503,1146.73111215997,1054.4742725681,1046.60762839615
"C56G2.3",68.6864401114952,53.3648249140716,51.878220236189,71.5498333050909,59.8655712513763,75.0190782591649
"C56G2.4",43.3809095441022,38.1177320814797,37.0558715972779,38.6755855703194,31.5081953954612,42.998739977814
"rpn-13",186.176403460105,209.102987418403,200.101706625301,157.603011199052,156.490703797457,182.058494799681
"npr-8",22.5942237208866,22.8706392488878,26.4684797123413,10.6357860318378,22.0557367768228,19.2122029688105
"CC8.2",162.678410790383,131.778445195973,116.461310734302,132.463880578344,202.7027237108,139.974621629905
"CD4.1",41.5733716464313,43.563122378834,33.8796540317969,40.6093648488354,37.8098344745534,40.2541395536982
"mrpl-48",88.5693569858754,103.462415649731,89.9928310219606,95.7220742865405,78.770488488653,95.146148036014
"vps-37",48.803523237115,62.0774493898384,56.1131769901637,51.2451508806732,54.6142053521327,61.2960761385859
"acly-1",290.109832576184,304.941856651838,328.209148433033,302.636457087749,327.685232112796,324.777716853702
"D1005.2",30.7281442604057,29.4051076057129,31.7621756548096,39.6424752095774,46.2120199133431,48.4879408260456
"cebp-1",326.260590529602,344.148666792788,280.565884950818,468.941475040123,435.863369637213,386.073792992287
"D1007.5",27.1130684650639,44.6522004383048,46.5845242937208,41.5762544880933,47.2622930931918,43.9136067858526
"nrd-1",81.3392053951917,117.620430422852,102.697701283884,86.0531778939606,90.3234934669888,96.9758816520912
"D1007.10",20.7866858232156,19.6034050704753,15.8810878274048,12.5695653103538,13.6535513380332,19.2122029688105
"D1007.15",23.497992669722,19.6034050704753,26.4684797123413,17.4040135066437,14.7038245178819,15.5527357366561
"eaf-1",19.8829168743802,16.3361708920627,25.4097405238477,30.9404684562555,21.0054635969741,25.6162706250807
"acs-22",212.385702976334,188.410504288457,204.336663379275,245.589968371528,193.250265092162,195.78149692026
"ensh-1",23.497992669722,15.2470928325919,17.9985662043921,14.5033445888698,19.9551904171254,14.6378689286175
"snap-1",205.15555138565,182.965113991103,183.161879609402,215.616389554531,199.551904171254,182.058494799681
"D1014.4",21.6904547720511,29.4051076057129,26.4684797123413,46.4107026843833,26.2568294962177,28.3608710491965
"D1014.5",0,0,0,44.4769234058673,28.3573758559151,23.7865370090035
"D1022.4",67.7826711626597,56.6320590924842,73.0530040060621,67.6822747480589,74.5693957692582,100.635348884246
"D1037.1",20.7866858232156,25.0487953678295,31.7621756548096,19.3377927851597,31.5081953954612,32.0203382813509
"D1044.1",61.4562885208115,89.3044008766096,76.2292215715431,65.748495469543,49.3628394528892,76.848811875242
"dex-1",18.0753789767093,20.6924831299461,14.8223486389112,27.0729098992236,26.2568294962177,27.4460042411579
"D1044.6",15.3640721302029,16.3361708920627,20.1160445813794,21.2715720636757,19.9551904171254,10.9784016964632
"D1069.3",29.8243753115703,54.4539029735425,50.8194810476954,57.0464887162211,55.6644785319814,45.7433404019298
"trk-1",33.4394511069121,32.6723417841255,33.8796540317969,38.6755855703194,39.9103808342508,25.6162706250807
"D2007.1",24.4017616185575,37.0286540220089,40.2320891627588,20.3046824244177,25.206556316369,29.2757378572351
"D2007.2",15.3640721302029,20.6924831299461,5.29369594246827,17.4040135066437,23.1060099566715,17.3824693527333
"mrpl-18",89.4731259347108,93.660713114493,93.1690485874415,83.1525089761867,70.3683030498633,78.6785454913192
"atg-13",87.6655880370399,92.5716350550222,84.6991350794923,152.768563002762,143.887425639273,139.059754821867
"utx-1",50.6110611347859,69.7009958061344,62.4656121211256,51.2451508806732,45.1617467334944,56.7217420983929
"D2021.4",44.2846784929377,35.939575962538,33.8796540317969,34.8080270132875,23.1060099566715,32.9352050893894
"D2024.5",37.054526902254,31.5832637246546,35.9971324087842,27.0729098992236,29.4076490357638,41.1690063617368
"gstk-2",64.1675953673179,90.3934789360805,51.878220236189,84.1193986154447,68.2677566901659,54.8920084823158
"D2063.1",46.0922163906086,54.4539029735425,42.3495675397462,44.4769234058673,39.9103808342508,34.7649387054666
"glrx-3",134.661573376484,155.738162504331,175.750705289947,147.934114806472,192.199991912313,161.016558214793
"mctp-1",25.305530567393,15.2470928325919,12.7048702619238,11.6026756710958,21.0054635969741,18.2973361607719
"ppfr-2",75.9165917021789,70.7900738656052,70.9355256290748,84.1193986154447,66.1672103304685,74.1042114511263
"D2092.4",491.650308166492,561.964278686958,481.726330764612,535.656860148923,477.874296831161,467.496938907722
"maco-1",145.506800762509,143.758303850152,154.575921520073,152.768563002762,159.641523337003,142.719222054021
"praf-3",112.067349655597,111.085962066027,107.991397226353,110.22541887541,78.770488488653,98.8056152681684
"aagr-1",293.724908371525,283.160295462421,277.389667385337,314.239132758845,285.674304918848,329.352050893894
"nap-1",1147.78656502104,1053.13848350831,1114.85236548382,758.04147717826,673.225108283021,847.16666424374
"D2096.9",27.1130684650639,29.4051076057129,26.4684797123413,34.8080270132875,26.2568294962177,19.2122029688105
"D2096.12",16.2678410790383,26.1378734273004,14.8223486389112,12.5695653103538,16.8043708775793,11.8932685045017
"lec-12",72.301515906837,80.5917764008429,75.1704823830494,79.2849504191547,81.9213080281991,62.2109429466245
"DC2.5",70.4939780091661,80.5917764008429,75.1704823830494,56.0795990769631,49.3628394528892,50.3176744421228
"E01A2.1",137.37288022299,138.312913552798,128.107441807732,81.2187296976707,75.6196689491069,79.5934122993578
"E01A2.2",239.498771441398,242.864407261999,232.922621468604,232.053513421916,213.205455509287,217.738300313186
"E01A2.5",30.7281442604057,41.3849662598923,29.6446972778223,16.4371238673857,18.9049172372767,22.8716702009649
"akir-1",99.4145843719009,141.58014773121,139.753572881162,100.55652248283,98.7256789057784,98.8056152681684
"poml-2",15.3640721302029,19.6034050704753,14.8223486389112,26.1060202599656,19.9551904171254,10.9784016964632
"E02H9.3",25.305530567393,17.4252489515336,24.351001335354,26.1060202599656,14.7038245178819,27.4460042411579
"cyp-43A1",75.9165917021789,78.4136202819012,73.0530040060621,77.3511711406388,59.8655712513763,62.2109429466245
"timm-17B.1",162.678410790383,173.163411455865,172.574487724466,175.973914344953,147.038245178819,175.65442714341
"cyc-2.1",439.231709134035,438.898457966752,541.015725320257,436.067227305351,411.707086500693,470.241539331838
"maoc-1",255.766612520436,210.192065477874,205.395402567769,226.252175586368,166.993435595944,182.058494799681
"E04F6.4",186.176403460105,189.499582347928,200.101706625301,149.867894084988,155.440430617609,161.016558214793
"acdh-12",274.745760445981,216.726533834699,204.336663379275,331.643146265489,246.814197264446,244.269437746305
"E04F6.6",170.812331329902,192.76681652634,195.866749871326,204.013713883435,227.909280027169,191.207162880067
"E04F6.8",66.8789022138242,66.4337616277218,46.5845242937208,53.1789301591892,57.7650248916789,41.1690063617368
"E04F6.9",41.5733716464313,52.2757468546008,44.4670459167335,53.1789301591892,49.3628394528892,47.573074018007
"tofu-6",47.8997542882795,44.6522004383048,46.5845242937208,47.3775923236412,64.0666639707711,56.7217420983929
"pink-1",65.0713643161533,71.8791519250761,81.5229175140113,68.6491643873169,68.2677566901659,79.5934122993578
"EEED8.10",92.1844327812172,67.5228396871927,65.6418296866065,62.847826551769,89.27322028714,67.7001437948561
"brap-2",66.8789022138242,69.7009958061344,66.7005688751002,63.814716191027,57.7650248916789,71.3596110270105
"EGAP2.1",18.9791479255447,13.0689367136502,17.9985662043921,23.2053513421916,16.8043708775793,14.6378689286175
"EGAP4.1",253.959074622765,252.666109797237,232.922621468604,183.709031459017,176.445894214583,172.909826719295
"ugt-57",43.3809095441022,42.4740443193631,42.3495675397462,112.159198153926,89.27322028714,101.550215692284
"tyra-2",14.4603031813674,16.3361708920627,16.9398270158985,13.5364549496118,10.5027317984871,15.5527357366561
"hpo-10",42.4771405952668,39.2068101409506,42.3495675397462,41.5762544880933,38.8601076544021,41.1690063617368
"F01F1.2",76.8203606510143,79.502698341372,69.8767864405811,115.0598670717,73.5191225894094,81.423145915435
"F01F1.3",60.552519571976,56.6320590924842,25.4097405238477,72.5167229443488,61.9661176110737,49.4028076340842
"rabn-5",84.9542811905335,83.8590105792554,68.8180472520875,89.9207364509926,74.5693957692582,79.5934122993578
"ddx-23",174.427407125244,161.183552801686,169.398270158985,149.867894084988,155.440430617609,165.590892254986
"dnpp-1",554.010365636139,486.81789258347,506.077332099966,508.5839502497,498.879760428136,578.195822680393
"eng-1",15.3640721302029,22.8706392488878,24.351001335354,13.5364549496118,17.854644057428,19.2122029688105
"F01F1.11",9.03768948835463,15.2470928325919,21.1747837698731,20.3046824244177,13.6535513380332,21.0419365848877
"aldo-2",1232.74084621157,1138.08657214704,1164.61310734302,1448.40067960846,1379.00868514135,1511.35996687976
"F01F1.15",61.4562885208115,54.4539029735425,76.2292215715431,87.9869571724766,65.1169371506198,61.2960761385859
"atg-16.1",28.9206063627348,28.3160295462421,22.2335229583667,40.6093648488354,34.6590149350073,45.7433404019298
"ncam-1",367.833962176033,426.918599312573,416.084501078006,351.947828689906,397.003261982811,345.819653438589
"F07C3.2",133.757804427648,126.333054898619,141.87105125815,117.960535989474,141.786879279575,99.7204820762069
"F07C3.3",9.03768948835463,15.2470928325919,19.0573053928858,17.4040135066437,19.9551904171254,18.2973361607719
"glo-4",71.3977469580016,63.1665274493093,56.1131769901637,77.3511711406388,61.9661176110737,75.0190782591649
"nhr-36",24.4017616185575,18.5143270110044,19.0573053928858,7.73511711406388,18.9049172372767,13.7230021205789
"grsp-4",169.908562381067,246.131641440412,258.332361992452,358.716056164712,255.216382703236,348.564253862705
"F07E5.5",168.101024483396,139.401991612269,141.87105125815,120.861204907248,96.625132546081,87.8272135717052
"F07F6.4",153.640721302029,176.430645634278,164.104574216516,179.841472901985,204.803270070498,185.717962031835
"F07F6.8",190.695248204283,169.896177277452,137.636094504175,245.589968371528,278.322392659907,225.972101585533
"pole-2",47.8997542882795,44.6522004383048,71.9942648175684,60.914047273253,63.0163907909224,52.1474080582
"F08B4.7",40.6696026975958,51.1866687951299,73.0530040060621,74.4505022228648,61.9661176110737,58.5514757144701
"F08B6.1",13.5565342325319,17.4252489515336,21.1747837698731,14.5033445888698,21.0054635969741,22.8716702009649
"calu-2",46.9959853394441,51.1866687951299,58.230655367151,52.2120405199312,52.5136589924353,54.8920084823158
"pcyt-1",222.327161413524,303.852778592367,271.037232254375,124.72876346428,171.194528315339,191.207162880067
"apy-1",578.412127254696,587.013074054788,642.654687415648,569.497997522953,517.784677665412,572.706621832161
"srpa-72",217.808316669347,233.062704726762,210.689098510237,200.146155326403,259.417475422631,250.673505402575
"F08D12.2",32.5356821580767,21.781561189417,28.5859580893287,32.8742477347715,16.8043708775793,23.7865370090035
"F08D12.3",91.2806638323817,95.8388692334347,112.226353980327,89.9207364509926,90.3234934669888,94.2312812279754
"F08D12.7",42.4771405952668,46.8303565572465,37.0558715972779,60.914047273253,32.5584685753099,33.850071897428
"acl-6",49.7072921859505,51.1866687951299,58.230655367151,39.6424752095774,45.1617467334944,50.3176744421228
"F08F3.4",56.9374437766342,77.3245422224303,99.5214837184035,24.1722409814496,45.1617467334944,57.6366089064315
"hmgr-1",85.858050139369,102.37333759026,91.0515702104542,105.39097067912,75.6196689491069,85.0826131475894
"F08F8.7",95.7995085765591,84.9480886387262,98.4627445299098,90.8876260902505,79.8207616685017,101.550215692284
"gos-28",44.2846784929377,53.3648249140716,43.4083067282398,44.4769234058673,39.9103808342508,46.6582072099684
"F08F8.9",90.3768948835463,114.353196244439,93.1690485874415,106.357860318378,98.7256789057784,102.465082500323
"F08F8.10",66.8789022138242,72.9682299845469,63.5243513096192,92.8214053687665,93.4743130065349,86.9123467636666
"usp-39",91.2806638323817,101.284259530789,101.638962095391,71.5498333050909,92.4240398266862,81.423145915435
"algn-2",37.054526902254,31.5832637246546,32.8209148433033,43.5100337666093,27.3071026760664,31.1054714733123
"F09E5.3",362.411348483021,357.217603506439,411.849544324031,385.788966063936,348.690695709771,404.371129153059
"sec-6",85.858050139369,75.1463861034886,74.1117431945558,74.4505022228648,78.770488488653,64.9555433707403
"F09E5.7",104.837198064914,120.887664601264,103.756440472378,105.39097067912,114.479776603509,104.2948161164
"F09E5.8",98.5108154230655,74.0573080440178,75.1704823830494,93.7882950080245,77.7202153088043,85.997479955628
"F09E5.10",10.8452273860256,3.26723417841255,7.41117431945558,10.6357860318378,17.854644057428,11.8932685045017
"F09E5.11",157.255797097371,119.798586541793,106.932658037859,174.040135066437,185.898352833221,184.803095223796
"bmy-1",37.9582958510894,37.0286540220089,45.5257851052271,46.4107026843833,33.6087417551586,37.5095391295824
"F09E10.7",39.7658337487604,55.5429810330133,68.8180472520875,34.8080270132875,44.1114735536457,41.1690063617368
"toca-1",93.9919706788881,92.5716350550222,105.873918849365,93.7882950080245,97.6754057259297,124.421885893249
"molo-1",23.497992669722,21.781561189417,27.527218900835,29.9735788169975,23.1060099566715,23.7865370090035
"rpc-2",403.080951180616,374.642852457972,353.61888895688,286.199333220363,285.674304918848,306.48038069293
"hach-1",445.558091775883,381.177320814797,385.38106461169,442.835454780157,331.886324832191,415.349530849523
"F09F7.5",59.6487506231405,78.4136202819012,83.6403958909986,40.6093648488354,54.6142053521327,65.8704101787789
"F09F7.6",166.293486585725,128.51121101756,104.815179660872,237.854851257464,212.155182329439,136.315154397751
"nmad-1",37.054526902254,33.7614198435963,31.7621756548096,31.9073580955135,25.206556316369,25.6162706250807
"F09F9.1",37.9582958510894,43.563122378834,42.3495675397462,43.5100337666093,50.4131126327379,54.8920084823158
"F09G2.1",75.9165917021789,54.4539029735425,59.2893945556446,74.4505022228648,67.2174835103172,77.7636786832806
"F09G2.2",150.929414455522,132.867523255444,143.988529635137,199.179265687145,166.993435595944,190.292296072028
"pitr-5",19.8829168743802,13.0689367136502,11.6461310734302,49.3113716021572,36.7595612947047,26.5311374331193
"cpsf-2",56.9374437766342,51.1866687951299,40.2320891627588,36.7418062918034,43.061200373797,44.8284735938912
"lgc-39",44.2846784929377,41.3849662598923,37.0558715972779,29.0066891777395,30.4579222156125,39.3392727456596
"F09G2.8",22.5942237208866,27.2269514867712,23.2922621468604,29.9735788169975,25.206556316369,16.4676025446947
"attf-2",463.633470752592,496.619595118707,485.961287518587,538.557529066697,465.271018672977,564.472820559814
"mrps-9",216.000778771676,215.637455775228,203.277924190782,217.550168833047,216.356275048834,214.99369988907
"F09G8.7",68.6864401114952,79.502698341372,57.1719161786573,78.3180607798968,63.0163907909224,63.1258097546631
"clec-160",111.163580706762,103.462415649731,112.226353980327,91.8545157295085,103.977044805022,119.847551853056
"F10C1.8",6.32638264184824,15.2470928325919,14.8223486389112,24.1722409814496,21.0054635969741,11.8932685045017
"nemp-1",84.9542811905335,98.0170253523765,96.3452661529225,74.4505022228648,54.6142053521327,62.2109429466245
"ugt-39",194.310323999625,177.519723693748,155.634660708567,43.5100337666093,47.2622930931918,34.7649387054666
"ugt-40",35.246989004583,41.3849662598923,47.6432634822144,41.5762544880933,43.061200373797,33.850071897428
"F10D2.8",34.3432200557476,53.3648249140716,29.6446972778223,0.966889639257985,2.10054635969741,3.65946723215438
"F10D2.10",21.6904547720511,14.158014773121,27.527218900835,39.6424752095774,19.9551904171254,33.850071897428
"ugt-41",231.364850901878,194.944972645282,202.219185002288,186.609700376791,135.485240200483,120.762418661095
"F10D7.1",15.3640721302029,17.4252489515336,11.6461310734302,13.5364549496118,19.9551904171254,13.7230021205789
"F10D7.2",36.1507579534185,40.2958882004214,46.5845242937208,30.9404684562555,39.9103808342508,44.8284735938912
"F10D7.3",22.5942237208866,31.5832637246546,24.351001335354,36.7418062918034,37.8098344745534,45.7433404019298
"F10D7.5",42.4771405952668,37.0286540220089,46.5845242937208,34.8080270132875,34.6590149350073,39.3392727456596
"F10E7.5",313.607825245906,276.625827105596,284.800841704793,259.12642332114,230.009826386867,236.950503281996
"F10E7.6",45.1884474417731,58.8102152114259,51.878220236189,39.6424752095774,40.9606540140996,47.573074018007
"farl-11",165.38971763689,157.916318623273,152.458443143086,167.271907591631,155.440430617609,156.4422241746
"F10E7.9",84.050512241698,74.0573080440178,69.8767864405811,74.4505022228648,79.8207616685017,72.2744778350491
"F10E9.1",43.3809095441022,33.7614198435963,29.6446972778223,38.6755855703194,32.5584685753099,33.850071897428
"F10E9.3",42.4771405952668,55.5429810330133,45.5257851052271,49.3113716021572,56.7147517118302,50.3176744421228
"F10E9.4",195.21409294846,196.034050704753,197.984228248313,128.596322021312,123.932235222147,132.655687165596
"F10E9.5",9.03768948835463,17.4252489515336,21.1747837698731,19.3377927851597,10.5027317984871,13.7230021205789
"F10E9.11",46.0922163906086,70.7900738656052,43.4083067282398,36.7418062918034,32.5584685753099,56.7217420983929
"F10E9.12",13.5565342325319,17.4252489515336,19.0573053928858,20.3046824244177,13.6535513380332,17.3824693527333
"F10G2.1",82.2429743440271,76.2354641629595,95.2865269644288,82.1856193369287,96.625132546081,98.8056152681684
"clec-7",38.8620647999249,42.4740443193631,42.3495675397462,77.3511711406388,72.4688494095607,69.5298774109333
"F10G7.5",107.54850491142,96.9279472929056,100.580222906897,101.523412122088,88.2229471072913,117.10295142894
"F10G7.9",56.9374437766342,37.0286540220089,44.4670459167335,52.2120405199312,70.3683030498633,60.3812093305473
"F10G7.10",142.795493916003,132.867523255444,135.518616127188,131.496990939086,137.585786560181,146.378689286175
"ttr-41",216.904547720511,226.528236369937,206.454141756262,263.96087151743,225.808733667472,199.440964152414
"pbo-6",10.8452273860256,20.6924831299461,16.9398270158985,10.6357860318378,18.9049172372767,5.48920084823158
"F11C7.2",43.3809095441022,50.0975907356591,51.878220236189,96.6889639257985,86.1224007475939,96.9758816520912
"F11C7.7",51.5148300836214,45.7412784977757,60.3481337441383,14.5033445888698,27.3071026760664,27.4460042411579
"F11D5.1",67.7826711626597,72.9682299845469,71.9942648175684,51.2451508806732,91.3737666468375,59.4663425225087
"ddr-2",32.5356821580767,29.4051076057129,28.5859580893287,44.4769234058673,39.9103808342508,46.6582072099684
"F11G11.5",97.60704647423,105.640571768672,97.4040053414162,105.39097067912,112.379230243812,92.4015476118982
"lgc-38",16.2678410790383,18.5143270110044,10.5873918849365,18.3709031459017,16.8043708775793,15.5527357366561
"F12A10.1",54.2261369301278,39.2068101409506,40.2320891627588,58.0133783554791,52.5136589924353,49.4028076340842
"cal-8",28.9206063627348,45.7412784977757,34.9383932202906,37.7086959310614,38.8601076544021,31.1054714733123
"slc-17.6",89.4731259347108,82.7699325197845,88.9340918334669,128.596322021312,103.977044805022,118.017818236979
"stg-2",18.0753789767093,23.9597173083587,23.2922621468604,8.70200675332186,7.35191225894095,7.31893446430877
"F13B6.2",20.7866858232156,14.158014773121,15.8810878274048,17.4040135066437,17.854644057428,17.3824693527333
"F13B6.3",72.301515906837,104.551493709202,96.3452661529225,66.7153851088009,76.6699421289556,82.3380127234736
"F13B9.1",161.774641841548,181.876035931632,154.575921520073,179.841472901985,204.803270070498,210.419365848877
"cutl-29",9.03768948835463,21.781561189417,16.9398270158985,10.6357860318378,22.0557367768228,11.8932685045017
"F13C5.2",174.427407125244,224.350080250995,232.922621468604,183.709031459017,205.853543250346,194.866630112221
"F13C5.5",169.908562381067,166.62894309904,173.633226912959,164.371238673857,164.892889236247,148.208422902253
"acp-5",137.37288022299,148.114616088036,138.694833692669,108.291639596894,133.384693840786,141.804355245982
"F13D11.3",67.7826711626597,83.8590105792554,60.3481337441383,129.56321166057,87.1726739274426,90.571813995821
"F13D11.4",32.5356821580767,21.781561189417,34.9383932202906,24.1722409814496,29.4076490357638,31.1054714733123
"bcl-11",185.27263451127,205.835753239991,168.339530970491,194.344817490855,254.166109523387,204.930165000645
"F13H6.3",228.653544055372,243.95348532147,301.740668720691,134.39765985686,147.038245178819,135.400287589712
"F13H8.1",124.720114939294,89.3044008766096,78.3466999485304,129.56321166057,115.530049783358,130.825953549519
"F13H8.2",261.189226213449,287.516607700304,240.333795788059,154.702342281278,150.189064718365,157.357090982638
"F13H8.5",0.903768948835463,0,0,38.6755855703194,25.206556316369,19.2122029688105
"upb-1",523.282221375733,450.878316620932,423.495675397462,593.670238504403,511.48303858632,452.859069979105
"F13H8.11",45.1884474417731,35.939575962538,51.878220236189,30.9404684562555,25.206556316369,21.9568033929263
"sid-5",16.2678410790383,11.9798586541793,13.7636094504175,28.0397995384816,19.9551904171254,10.0635348884246
"F14B8.5",202.444244539144,226.528236369937,222.335229583667,211.748830997499,183.797806473524,218.653167121224
"F14B8.6",103.933429116078,79.502698341372,80.4641783255177,87.0200675332186,97.6754057259297,82.3380127234736
"otpl-3",34.3432200557476,39.2068101409506,44.4670459167335,41.5762544880933,48.3125662730405,55.8068752903543
"F14D12.1",12.6527652836965,16.3361708920627,17.9985662043921,7.73511711406388,13.6535513380332,20.1270697768491
"sulp-2",27.1130684650639,17.4252489515336,21.1747837698731,18.3709031459017,26.2568294962177,26.5311374331193
"F14F9.4",25.305530567393,31.5832637246546,26.4684797123413,11.6026756710958,21.0054635969741,13.7230021205789
"cst-1",14.4603031813674,25.0487953678295,17.9985662043921,28.0397995384816,28.3573758559151,19.2122029688105
"F15A8.6",32.5356821580767,51.1866687951299,35.9971324087842,41.5762544880933,39.9103808342508,33.850071897428
"nstp-2",332.58697317145,410.58242842051,429.848110528423,233.987292700432,198.501630991406,239.695103706112
"lgc-22",0,5.44539029735425,3.17621756548096,34.8080270132875,28.3573758559151,25.6162706250807
"F15E6.6",73.2052848556725,72.9682299845469,63.5243513096192,65.748495469543,49.3628394528892,63.1258097546631
"pud-3",53.3223679812923,42.4740443193631,26.4684797123413,3.86755855703194,4.20109271939483,1.82973361607719
"nhr-177",18.0753789767093,16.3361708920627,21.1747837698731,16.4371238673857,18.9049172372767,21.9568033929263
"F16B4.4",25.305530567393,54.4539029735425,42.3495675397462,150.834783724246,113.42950342366,99.7204820762069
"F16F9.1",18.9791479255447,27.2269514867712,23.2922621468604,21.2715720636757,11.5530049783358,19.2122029688105
"F16F9.3",40.6696026975958,31.5832637246546,45.5257851052271,45.4438130451253,35.709288114856,22.8716702009649
"F16F9.4",75.9165917021789,66.4337616277218,53.9956986131763,60.914047273253,54.6142053521327,55.8068752903543
"F17A9.2",56.0336748277987,44.6522004383048,55.05443780167,49.3113716021572,48.3125662730405,45.7433404019298
"F17A9.4",140.987956018332,140.49106967174,124.931224242251,93.7882950080245,122.881962042299,180.228761183603
"F17A9.5",46.9959853394441,33.7614198435963,34.9383932202906,38.6755855703194,49.3628394528892,41.1690063617368
"F17E9.3",34.3432200557476,39.2068101409506,41.2908283512525,37.7086959310614,33.6087417551586,48.4879408260456
"rpa-1",293.724908371525,264.645968451416,273.154710631363,296.835119252201,309.830588055368,286.35331091608
"alfa-1",31.6319132092412,28.3160295462421,31.7621756548096,39.6424752095774,38.8601076544021,44.8284735938912
"nep-8",7.2301515906837,18.5143270110044,11.6461310734302,7.73511711406388,7.35191225894095,23.7865370090035
"nep-11",179.850020818257,175.341567574807,151.399703954592,173.073245427179,186.94862601307,147.293556094214
"F18C5.10",82.2429743440271,67.5228396871927,46.5845242937208,154.702342281278,132.334420660937,124.421885893249
"ddo-2",77.7241295998498,119.798586541793,97.4040053414162,110.22541887541,129.183601121391,124.421885893249
"F18E3.11",25.305530567393,40.2958882004214,56.1131769901637,53.1789301591892,58.8152980715276,78.6785454913192
"F18E9.1",14.4603031813674,21.781561189417,14.8223486389112,22.2384617029336,13.6535513380332,12.8081353125403
"F18E9.3",74.109053804508,82.7699325197845,80.4641783255177,141.165887331666,101.876498445325,128.081353125403
"jmjd-3.1",67.7826711626597,57.721137151955,59.2893945556446,44.4769234058673,67.2174835103172,67.7001437948561
"F18F11.1",56.9374437766342,41.3849662598923,60.3481337441383,42.5431441273513,30.4579222156125,37.5095391295824
"drl-1",33.4394511069121,39.2068101409506,33.8796540317969,45.4438130451253,26.2568294962177,34.7649387054666
"lgc-4",10.8452273860256,9.80170253523765,16.9398270158985,7.73511711406388,15.7540976977306,8.23380127234736
"F18G5.6",35.246989004583,16.3361708920627,21.1747837698731,27.0729098992236,27.3071026760664,35.6798055135052
"F19B10.1",10.8452273860256,23.9597173083587,26.4684797123413,20.3046824244177,10.5027317984871,24.7014038170421
"F19C7.1",822.429743440271,894.133086825567,929.573007497428,817.021745172997,821.313626641689,866.37886721255
"F19C7.2",2.71130684650639,2.1781561189417,7.41117431945558,1.93377927851597,3.15081953954612,6.40406765627017
"F19C7.4",9.94145843719009,9.80170253523765,10.5873918849365,16.4371238673857,8.40218543878965,13.7230021205789
"F19C7.8",9.03768948835463,16.3361708920627,16.9398270158985,17.4040135066437,13.6535513380332,17.3824693527333
"ttr-10",26.2092995162284,31.5832637246546,35.9971324087842,30.9404684562555,26.2568294962177,21.0419365848877
"F19F10.9",168.101024483396,180.786957872161,179.985662043921,141.165887331666,151.239337898214,146.378689286175
"ets-6",18.9791479255447,19.6034050704753,22.2335229583667,15.4702342281278,13.6535513380332,20.1270697768491
"F19F10.11",14.4603031813674,9.80170253523765,10.5873918849365,8.70200675332186,8.40218543878965,11.8932685045017
"F19F10.12",34.3432200557476,46.8303565572465,44.4670459167335,22.2384617029336,25.206556316369,34.7649387054666
"F20A1.1",286.494756780842,277.714905165067,307.03436466316,257.192644042624,257.316929062933,274.460042411579
"F20A1.6",24.4017616185575,21.781561189417,23.2922621468604,18.3709031459017,22.0557367768228,24.7014038170421
"F20A1.10",84.050512241698,98.0170253523765,104.815179660872,58.9802679947371,70.3683030498633,65.8704101787789
"F20D6.5",28.9206063627348,32.6723417841255,22.2335229583667,15.4702342281278,19.9551904171254,23.7865370090035
"F20D6.8",27.1130684650639,37.0286540220089,32.8209148433033,33.8411373740295,31.5081953954612,33.850071897428
"F20D6.10",23.497992669722,25.0487953678295,29.6446972778223,31.9073580955135,27.3071026760664,20.1270697768491
"F20D6.11",157.255797097371,125.243976839148,136.577355315681,146.000335527956,116.580322963206,110.69888377267
"csr-1",62.3600574696469,70.7900738656052,69.8767864405811,63.814716191027,71.418576229712,66.7852769868175
"F20D12.2",176.234945022915,135.045679374385,176.80944447844,109.258529236152,116.580322963206,107.039416540516
"czw-1",124.720114939294,108.907805947085,117.520049922796,145.033445888698,144.937698819121,141.804355245982
"exc-9",35.246989004583,38.1177320814797,38.1146107857715,40.6093648488354,32.5584685753099,43.9136067858526
"F20H11.1",32.5356821580767,30.4941856651838,38.1146107857715,34.8080270132875,34.6590149350073,33.850071897428
"F21C10.7",349.758583199324,359.39575962538,381.146107857715,360.649835443228,416.958452399937,383.329192568172
"F21C10.9",149.121876557851,186.232348169515,191.631793117351,103.457191400604,103.977044805022,122.592152277172
"F21C10.10",305.473904706386,316.921715306017,190.573053928858,535.656860148923,457.919106414036,418.094131273638
"F21D12.3",206.963089283321,223.261002191524,203.277924190782,205.947493161951,215.306001868985,166.505759063024
"ttr-37",35.246989004583,28.3160295462421,22.2335229583667,57.0464887162211,45.1617467334944,33.850071897428
"pgal-1",488.03523237115,528.202858843362,524.075898304359,586.902011029597,476.824023651313,487.624008684572
"F21F3.6",434.712864389858,378.999164695856,383.263586234703,448.636792615705,390.701622903719,403.456262345021
"F21F3.7",29.8243753115703,25.0487953678295,25.4097405238477,24.1722409814496,39.9103808342508,24.7014038170421
"asp-12",68.6864401114952,51.1866687951299,31.7621756548096,784.147497438226,385.450257004475,270.800575179424
"slc-17.5",57.8412127254696,68.6119177466635,64.5830904981129,42.5431441273513,52.5136589924353,51.2325412501614
"rbbp-5",35.246989004583,40.2958882004214,26.4684797123413,35.7749166525454,33.6087417551586,32.9352050893894
"tpp-2",276.553298343652,252.666109797237,239.275056599566,200.146155326403,209.004362789893,238.780236898074
"ets-4",42.4771405952668,35.939575962538,29.6446972778223,18.3709031459017,31.5081953954612,19.2122029688105
"ttr-35",69.5902090603306,63.1665274493093,63.5243513096192,81.2187296976707,66.1672103304685,73.1893446430877
"ilys-5",138.276649171826,124.154898779677,95.2865269644288,319.073580955135,236.311465465959,304.650647076852
"F22B7.1",18.0753789767093,25.0487953678295,21.1747837698731,52.2120405199312,37.8098344745534,28.3608710491965
"polk-1",19.8829168743802,10.8907805947085,17.9985662043921,11.6026756710958,24.1562831365203,16.4676025446947
"F22B7.9",240.402540390233,212.370221596816,200.101706625301,171.139466148663,227.909280027169,234.205902857881
"flcn-1",109.356042809091,84.9480886387262,88.9340918334669,103.457191400604,100.826225265476,81.423145915435
"malt-1",16.2678410790383,21.781561189417,21.1747837698731,9.66889639257985,21.0054635969741,14.6378689286175
"F22F1.3",18.0753789767093,22.8706392488878,12.7048702619238,8.70200675332186,5.25136589924353,11.8932685045017
"sups-1",0,0,0,54.1458197984471,48.3125662730405,31.1054714733123
"ldp-1",1384.57402961593,1366.79296463592,1330.83515993652,1093.55218200078,1047.12236030916,1236.89992446818
"F22F7.7",21.6904547720511,21.781561189417,10.5873918849365,23.2053513421916,22.0557367768228,32.9352050893894
"F22H10.2",32.5356821580767,23.9597173083587,31.7621756548096,25.1391306207076,26.2568294962177,16.4676025446947
"F22H10.3",427.482712799174,526.02470272442,477.491374010638,458.305689008285,421.159545119331,482.13480783634
"F23C8.3",12.6527652836965,17.4252489515336,13.7636094504175,13.5364549496118,12.6032781581845,7.31893446430877
"ubxn-1",66.8789022138242,101.284259530789,74.1117431945558,69.6160540265749,71.418576229712,63.1258097546631
"F23C8.5",578.412127254696,605.527401065792,613.009990137826,739.670574032358,614.409810211493,700.787974957564
"did-2",174.427407125244,226.528236369937,223.393968772161,264.927761156688,192.199991912313,212.249099464954
"tipn-1",28.9206063627348,28.3160295462421,33.8796540317969,44.4769234058673,34.6590149350073,36.5946723215438
"F23C8.13",5.42261369301278,4.3563122378834,3.17621756548096,13.5364549496118,5.25136589924353,8.23380127234736
"nfyc-1",21.6904547720511,13.0689367136502,21.1747837698731,13.5364549496118,23.1060099566715,15.5527357366561
"F23F1.4",158.159566046206,166.62894309904,181.044401232415,172.106355787921,143.887425639273,139.059754821867
"F23F1.5",56.0336748277987,53.3648249140716,50.8194810476954,51.2451508806732,47.2622930931918,59.4663425225087
"F23F1.6",18.9791479255447,6.5344683568251,14.8223486389112,18.3709031459017,17.854644057428,17.3824693527333
"F23F1.7",18.9791479255447,21.781561189417,19.0573053928858,30.9404684562555,31.5081953954612,32.0203382813509
"rpoa-49",142.795493916003,131.778445195973,121.75500667677,116.993646350216,113.42950342366,98.8056152681684
"F23F12.12",98.5108154230655,86.0371666981971,73.0530040060621,182.742141819759,106.077591164719,106.124549732477
"bra-2",39.7658337487604,35.939575962538,31.7621756548096,36.7418062918034,34.6590149350073,33.850071897428
"F23H11.2",18.0753789767093,23.9597173083587,15.8810878274048,11.6026756710958,21.0054635969741,17.3824693527333
"sucl-2",106.644735962585,96.9279472929056,106.932658037859,86.0531778939606,73.5191225894094,82.3380127234736
"F23H11.4",134.661573376484,90.3934789360805,111.167614791834,114.092977432442,112.379230243812,110.69888377267
"F23H11.7",53.3223679812923,35.939575962538,43.4083067282398,33.8411373740295,40.9606540140996,33.850071897428
"crls-1",49.7072921859505,52.2757468546008,55.05443780167,59.947157633995,53.563932172284,44.8284735938912
"gcst-1",572.085744612848,474.83803392929,455.257851052271,448.636792615705,468.421838212523,503.176744421228
"peli-1",48.803523237115,42.4740443193631,45.5257851052271,55.1127094377051,51.4633858125866,36.5946723215438
"F25B4.4",21.6904547720511,30.4941856651838,21.1747837698731,24.1722409814496,14.7038245178819,32.9352050893894
"F25B4.5",151.833183404358,96.9279472929056,114.343832357315,116.026756710958,155.440430617609,131.740820357558
"hmgs-1",99.4145843719009,86.0371666981971,95.2865269644288,107.324749957636,87.1726739274426,73.1893446430877
"F25B4.7",99.4145843719009,107.818727887614,98.4627445299098,112.159198153926,110.278683884114,130.825953549519
"F25B4.8",45.1884474417731,45.7412784977757,32.8209148433033,43.5100337666093,29.4076490357638,38.424405937621
"clec-1",113.874887553268,95.8388692334347,83.6403958909986,186.609700376791,152.289611078062,152.782756942446
"dct-6",57.8412127254696,47.9194346167174,57.1719161786573,45.4438130451253,58.8152980715276,59.4663425225087
"F25B5.3",300.051291013374,277.714905165067,276.330928196844,302.636457087749,369.696159306745,287.268177724119
"F25B5.5",93.0882017300527,75.1463861034886,79.405439137024,56.0795990769631,82.9715812080478,67.7001437948561
"F25B5.6",119.297501246281,116.531352363381,118.578789111289,158.569900838309,163.842616056398,164.676025446947
"nono-1",69.5902090603306,68.6119177466635,84.6991350794923,69.6160540265749,90.3234934669888,72.2744778350491
"gtr-1",18.9791479255447,19.6034050704753,17.9985662043921,19.3377927851597,30.4579222156125,28.3608710491965
"F25E2.3",65.0713643161533,72.9682299845469,63.5243513096192,88.9538468117346,75.6196689491069,53.0622748662386
"F25E5.1",39.7658337487604,46.8303565572465,46.5845242937208,35.7749166525454,36.7595612947047,42.0838731697754
"F25E5.5",33.4394511069121,25.0487953678295,17.9985662043921,26.1060202599656,32.5584685753099,28.3608710491965
"F25E5.8",187.080172408941,253.755187856708,241.392534976553,174.040135066437,206.903816430195,216.823433505147
"F25F8.1",19.8829168743802,14.158014773121,16.9398270158985,13.5364549496118,19.9551904171254,20.1270697768491
"F25G6.1",3.61507579534185,2.1781561189417,2.11747837698731,0.966889639257985,7.35191225894095,2.74460042411579
"symk-1",103.933429116078,139.401991612269,141.87105125815,85.0862882547027,119.731142502753,115.273217812863
"F25G6.8",90.3768948835463,81.6808544603137,92.1103093989479,86.0531778939606,65.1169371506198,66.7852769868175
"F25G6.9",47.8997542882795,33.7614198435963,41.2908283512525,42.5431441273513,46.2120199133431,54.8920084823158
"F26A1.1",26.2092995162284,15.2470928325919,23.2922621468604,26.1060202599656,15.7540976977306,28.3608710491965
"F26A1.13",110.259811757926,84.9480886387262,65.6418296866065,96.6889639257985,101.876498445325,100.635348884246
"hrpk-1",135.565342325319,128.51121101756,132.342398561707,114.092977432442,138.636059740029,128.081353125403
"cee-1",76.8203606510143,82.7699325197845,78.3466999485304,78.3180607798968,81.9213080281991,82.3380127234736
"tag-340",31.6319132092412,32.6723417841255,27.527218900835,32.8742477347715,43.061200373797,42.998739977814
"F26F4.5",11.748996334861,20.6924831299461,14.8223486389112,7.73511711406388,15.7540976977306,12.8081353125403
"F26F4.6",7.2301515906837,7.62354641629595,11.6461310734302,10.6357860318378,16.8043708775793,12.8081353125403
"F26F4.9",38.8620647999249,40.2958882004214,37.0558715972779,47.3775923236412,31.5081953954612,27.4460042411579
"rpb-8",150.025645506687,153.56000638539,121.75500667677,146.967225167214,130.23387430124,141.804355245982
"F26F4.12",29.8243753115703,27.2269514867712,33.8796540317969,38.6755855703194,36.7595612947047,33.850071897428
"kbp-2",30.7281442604057,27.2269514867712,21.1747837698731,33.8411373740295,34.6590149350073,37.5095391295824
"F26F12.3",263.900533059955,203.657597121049,178.926922855427,308.437794923297,332.93659801204,227.80183520161
"F26G1.1",37.054526902254,34.8504979030672,32.8209148433033,32.8742477347715,37.8098344745534,39.3392727456596
"F26G1.2",45.1884474417731,38.1177320814797,41.2908283512525,41.5762544880933,44.1114735536457,37.5095391295824
"ttm-2",18.9791479255447,19.6034050704753,15.8810878274048,22.2384617029336,24.1562831365203,22.8716702009649
"F26G1.5",10.8452273860256,4.3563122378834,4.23495675397461,19.3377927851597,28.3573758559151,17.3824693527333
"nep-12",22.5942237208866,13.0689367136502,25.4097405238477,17.4040135066437,23.1060099566715,11.8932685045017
"F27C1.2",103.029660167243,92.5716350550222,100.580222906897,103.457191400604,86.1224007475939,93.3164144199368
"F27C1.6",263.900533059955,252.666109797237,261.508579557932,162.437459395341,166.993435595944,199.440964152414
"F27C1.11",19.8829168743802,14.158014773121,14.8223486389112,16.4371238673857,19.9551904171254,10.0635348884246
"F27D9.2",70.4939780091661,69.7009958061344,94.2277877759352,67.6822747480589,59.8655712513763,64.9555433707403
"pcca-1",803.450595514726,784.136202819012,781.349521108316,742.571242950132,802.408709404412,829.784194891006
"F27D9.7",12.6527652836965,13.0689367136502,12.7048702619238,13.5364549496118,19.9551904171254,25.6162706250807
"stn-2",51.5148300836214,56.6320590924842,53.9956986131763,37.7086959310614,56.7147517118302,41.1690063617368
"acdh-9",370.54526902254,390.979023350035,385.38106461169,336.477594461779,343.439329810527,376.925124911901
"F28A12.3",26.2092995162284,35.939575962538,42.3495675397462,23.2053513421916,30.4579222156125,29.2757378572351
"asp-13",58.7449816743051,68.6119177466635,70.9355256290748,82.1856193369287,68.2677566901659,67.7001437948561
"dip-2",126.527652836965,127.422132958089,150.340964766099,98.6227432043144,124.982508401996,118.017818236979
"F28B3.5",12.6527652836965,11.9798586541793,8.46991350794923,24.1722409814496,12.6032781581845,17.3824693527333
"F28B3.6",20.7866858232156,20.6924831299461,12.7048702619238,10.6357860318378,9.45245861863836,22.8716702009649
"acl-11",65.9751332649888,45.7412784977757,62.4656121211256,63.814716191027,48.3125662730405,39.3392727456596
"F28B3.10",93.0882017300527,123.065820720206,102.697701283884,96.6889639257985,89.27322028714,111.613750580709
"rgl-1",31.6319132092412,42.4740443193631,47.6432634822144,36.7418062918034,32.5584685753099,36.5946723215438
"F28B4.3",2900.194556813,3144.16835769234,3093.63590877846,3088.24550779,3228.53975485492,3529.5561454129
"vrk-1",114.778656502104,120.887664601264,110.10887560334,55.1127094377051,64.0666639707711,56.7217420983929
"F28E10.1",77.7241295998498,93.660713114493,100.580222906897,68.6491643873169,108.178137524417,81.423145915435
"igeg-1",86.7618190882044,94.7497911739639,75.1704823830494,86.0531778939606,96.625132546081,85.997479955628
"lim-8",47.8997542882795,40.2958882004214,44.4670459167335,32.8742477347715,57.7650248916789,50.3176744421228
"F28F5.6",62.3600574696469,45.7412784977757,48.7020026707081,57.0464887162211,56.7147517118302,70.4447442189719
"F28F9.3",14.4603031813674,17.4252489515336,12.7048702619238,11.6026756710958,23.1060099566715,11.8932685045017
"F28H1.1",17.1716100278738,13.0689367136502,10.5873918849365,7.73511711406388,4.20109271939483,13.7230021205789
"F28H1.4",30.7281442604057,37.0286540220089,27.527218900835,27.0729098992236,34.6590149350073,29.2757378572351
"F29A7.4",19.8829168743802,21.781561189417,24.351001335354,13.5364549496118,16.8043708775793,13.7230021205789
"F29A7.6",23.497992669722,27.2269514867712,28.5859580893287,25.1391306207076,30.4579222156125,19.2122029688105
"F29B9.1",24.4017616185575,27.2269514867712,29.6446972778223,21.2715720636757,15.7540976977306,16.4676025446947
"jmjd-1.2",116.586194399775,129.600289077031,110.10887560334,151.801673363504,150.189064718365,141.804355245982
"F29B9.8",83.1467432928626,74.0573080440178,80.4641783255177,89.9207364509926,81.9213080281991,81.423145915435
"mrps-21",46.0922163906086,40.2958882004214,40.2320891627588,49.3113716021572,47.2622930931918,48.4879408260456
"F29B9.11",295.532446269196,369.197462160618,377.969890292234,351.947828689906,304.579222156125,400.711661920905
"cox-6C",353.373658994666,404.047960063685,418.201979454993,392.557193538742,325.584685753099,406.200862769137
"tut-1",75.9165917021789,69.7009958061344,67.7593080635938,46.4107026843833,44.1114735536457,44.8284735938912
"grld-1",81.3392053951917,74.0573080440178,82.581656702505,87.0200675332186,80.8710348483504,85.0826131475894
"picc-1",29.8243753115703,25.0487953678295,31.7621756548096,38.6755855703194,46.2120199133431,37.5095391295824
"F30B5.4",67.7826711626597,71.8791519250761,63.5243513096192,60.914047273253,74.5693957692582,76.848811875242
"zipt-2.2",46.9959853394441,21.781561189417,23.2922621468604,27.0729098992236,33.6087417551586,32.0203382813509
"F30H5.3",1.80753789767093,1.08907805947085,0,74.4505022228648,74.5693957692582,48.4879408260456
"F31D5.2",19.8829168743802,26.1378734273004,25.4097405238477,13.5364549496118,13.6535513380332,15.5527357366561
"mth-2",28.9206063627348,16.3361708920627,26.4684797123413,28.0397995384816,19.9551904171254,35.6798055135052
"mth-1",84.9542811905335,109.996884006556,130.224920184719,74.4505022228648,89.27322028714,63.1258097546631
"F31E3.2",38.8620647999249,26.1378734273004,40.2320891627588,46.4107026843833,47.2622930931918,37.5095391295824
"panl-2",61.4562885208115,67.5228396871927,78.3466999485304,86.0531778939606,67.2174835103172,79.5934122993578
"F31E8.4",39.7658337487604,35.939575962538,31.7621756548096,47.3775923236412,35.709288114856,44.8284735938912
"nhr-180",18.9791479255447,11.9798586541793,24.351001335354,29.9735788169975,30.4579222156125,26.5311374331193
"fbxa-72",7.2301515906837,8.71262447576679,10.5873918849365,47.3775923236412,25.206556316369,46.6582072099684
"F31F7.1",133.757804427648,112.175040125497,104.815179660872,91.8545157295085,118.680869322904,91.4866808038596
"ada-2",76.8203606510143,65.344683568251,79.405439137024,97.6558535650564,72.4688494095607,96.9758816520912
"skpo-3",403.080951180616,378.999164695856,391.733499742652,227.219065225626,287.774851278546,226.886968393572
"F32A5.3",663.36640844523,620.774493898384,611.951250949332,483.444819628992,449.516920975246,522.388947390038
"F32A5.4",641.675953673179,800.472373711074,745.352388699532,827.657531204835,777.202153088043,787.700321721231
"F32A5.8",79.5316674975207,102.37333759026,96.3452661529225,88.9538468117346,70.3683030498633,72.2744778350491
"ift-81",26.2092995162284,21.781561189417,14.8223486389112,18.3709031459017,16.8043708775793,19.2122029688105
"vps-41",45.1884474417731,44.6522004383048,27.527218900835,27.0729098992236,36.7595612947047,42.0838731697754
"F32B5.6",178.042482920586,172.074333396394,134.459876938694,306.504015644781,298.277583077033,233.291036049842
"F32B5.7",112.971118604433,114.353196244439,103.756440472378,87.0200675332186,111.328957063963,93.3164144199368
"figl-1",17.1716100278738,15.2470928325919,25.4097405238477,14.5033445888698,12.6032781581845,28.3608710491965
"hpo-18",147.31433866018,124.154898779677,135.518616127188,154.702342281278,151.239337898214,142.719222054021
"F32D1.3",9.03768948835463,10.8907805947085,8.46991350794923,11.6026756710958,11.5530049783358,10.0635348884246
"F32D1.5",95.7995085765591,88.2153228171388,96.3452661529225,80.2518400584127,97.6754057259297,89.6569471877824
"fipp-1",84.050512241698,89.3044008766096,74.1117431945558,81.2187296976707,74.5693957692582,96.0610148440526
"nol-10",169.908562381067,166.62894309904,131.283659373213,87.0200675332186,101.876498445325,85.997479955628
"cec-4",31.6319132092412,34.8504979030672,46.5845242937208,49.3113716021572,49.3628394528892,46.6582072099684
"clec-180",3.61507579534185,3.26723417841255,6.35243513096192,99.5896328435724,71.418576229712,68.6150106028947
"F32E10.5",17.1716100278738,14.158014773121,13.7636094504175,15.4702342281278,16.8043708775793,10.9784016964632
"cec-5",335.298280017957,308.20909083025,339.855279506463,329.709366986973,339.238237091132,353.138587902898
"F33D4.4",54.2261369301278,50.0975907356591,50.8194810476954,63.814716191027,58.8152980715276,52.1474080582
"mrpl-1",172.619869227573,174.252489515336,185.279357986389,182.742141819759,160.691796516852,182.973361607719
"F33D4.6",6.32638264184824,4.3563122378834,2.11747837698731,132.463880578344,119.731142502753,80.5082791073964
"emc-6",52.4185990324568,54.4539029735425,55.05443780167,61.880936912511,59.8655712513763,73.1893446430877
"hpo-3",101.222122269572,79.502698341372,91.0515702104542,82.1856193369287,95.5748593662323,73.1893446430877
"F33D11.10",105.740967013749,138.312913552798,135.518616127188,118.927425628732,122.881962042299,126.251619509326
"vpr-1",243.11384723674,248.309797559354,243.51001335354,319.073580955135,261.518021782328,297.331712612544
"dhhc-3",18.0753789767093,17.4252489515336,25.4097405238477,20.3046824244177,17.854644057428,24.7014038170421
"F33E11.3",15.3640721302029,13.0689367136502,6.35243513096192,8.70200675332186,16.8043708775793,19.2122029688105
"phf-10",50.6110611347859,34.8504979030672,46.5845242937208,37.7086959310614,40.9606540140996,30.1906046652737
"F33G12.3",32.5356821580767,46.8303565572465,42.3495675397462,34.8080270132875,21.0054635969741,28.3608710491965
"golg-2",130.142728632307,106.729649828143,98.4627445299098,116.993646350216,138.636059740029,118.017818236979
"F33G12.6",106.644735962585,86.0371666981971,71.9942648175684,87.9869571724766,120.781415682601,86.9123467636666
"F35A5.1",265.708070957626,240.686251143058,254.097405238477,234.95418233969,305.629495335974,255.247839442768
"F35A5.2",17.1716100278738,19.6034050704753,20.1160445813794,20.3046824244177,10.5027317984871,25.6162706250807
"F35B3.7",35.246989004583,31.5832637246546,20.1160445813794,50.2782612414152,39.9103808342508,43.9136067858526
"sek-4",25.305530567393,23.9597173083587,24.351001335354,26.1060202599656,19.9551904171254,24.7014038170421
"F35C8.5",69.5902090603306,79.502698341372,82.581656702505,87.9869571724766,65.1169371506198,70.4447442189719
"chtl-1",36.1507579534185,27.2269514867712,28.5859580893287,41.5762544880933,42.0109271939483,31.1054714733123
"F35D2.3",9.94145843719009,16.3361708920627,13.7636094504175,16.4371238673857,14.7038245178819,18.2973361607719
"F35D11.3",21.6904547720511,17.4252489515336,23.2922621468604,5.80133783554791,7.35191225894095,10.9784016964632
"F35D11.4",180.753789767093,219.993768013112,200.101706625301,176.940803984211,122.881962042299,184.803095223796
"coa-3",125.623883888129,124.154898779677,98.4627445299098,123.761873825022,99.7759520856271,120.762418661095
"che-10",69.5902090603306,55.5429810330133,70.9355256290748,59.947157633995,58.8152980715276,58.5514757144701
"F35F10.1",0.903768948835463,3.26723417841255,1.05873918849365,33.8411373740295,27.3071026760664,24.7014038170421
"arrd-18",32.5356821580767,34.8504979030672,39.1733499742652,26.1060202599656,36.7595612947047,35.6798055135052
"arrd-19",11.748996334861,17.4252489515336,24.351001335354,12.5695653103538,17.854644057428,20.1270697768491
"cdc-73",58.7449816743051,64.2556055087801,50.8194810476954,55.1127094377051,56.7147517118302,59.4663425225087
"F35H10.2",29.8243753115703,31.5832637246546,29.6446972778223,39.6424752095774,29.4076490357638,31.1054714733123
"F35H10.6",27.1130684650639,41.3849662598923,23.2922621468604,27.0729098992236,31.5081953954612,32.0203382813509
"nprl-3",39.7658337487604,30.4941856651838,39.1733499742652,23.2053513421916,27.3071026760664,31.1054714733123
"F35H10.10",100.318353320736,77.3245422224303,97.4040053414162,143.099666610182,161.742069696701,93.3164144199368
"F35H12.1",28.0168374138993,40.2958882004214,37.0558715972779,18.3709031459017,21.0054635969741,19.2122029688105
"tbc-11",36.1507579534185,49.0085126761882,50.8194810476954,36.7418062918034,48.3125662730405,52.1474080582
"pifk-1",18.0753789767093,29.4051076057129,27.527218900835,32.8742477347715,27.3071026760664,32.9352050893894
"F35H12.5",30.7281442604057,14.158014773121,30.703436466316,21.2715720636757,19.9551904171254,19.2122029688105
"ttr-20",32.5356821580767,40.2958882004214,29.6446972778223,35.7749166525454,33.6087417551586,40.2541395536982
"trpp-4",35.246989004583,37.0286540220089,41.2908283512525,33.8411373740295,35.709288114856,38.424405937621
"F36D4.5",119.297501246281,121.976742660735,110.10887560334,116.993646350216,111.328957063963,114.358351004824
"math-26",36.1507579534185,14.158014773121,23.2922621468604,20.3046824244177,22.0557367768228,28.3608710491965
"F36H9.4",19.8829168743802,15.2470928325919,20.1160445813794,29.0066891777395,9.45245861863836,17.3824693527333
"F36H9.7",17.1716100278738,17.4252489515336,25.4097405238477,16.4371238673857,17.854644057428,14.6378689286175
"nlp-47",46.0922163906086,83.8590105792554,67.7593080635938,65.748495469543,52.5136589924353,58.5514757144701
"F37A4.1",169.908562381067,162.272630861157,166.222052593504,136.331439135376,150.189064718365,148.208422902253
"F37A4.2",40.6696026975958,35.939575962538,38.1146107857715,69.6160540265749,24.1562831365203,38.424405937621
"bath-41",9.03768948835463,9.80170253523765,10.5873918849365,14.5033445888698,11.5530049783358,7.31893446430877
"folt-2",788.990292333359,781.95804670007,884.047222392201,404.159869209838,491.527848169195,635.832431586824
"F37C4.4",41.5733716464313,49.0085126761882,32.8209148433033,52.2120405199312,55.6644785319814,48.4879408260456
"F37C4.5",455.499550213073,451.967394680402,514.547245607916,379.02073858913,378.098344745534,395.222461072673
"F37C4.6",98.5108154230655,94.7497911739639,118.578789111289,115.0598670717,95.5748593662323,101.550215692284
"F37C12.1",84.050512241698,92.5716350550222,95.2865269644288,88.9538468117346,60.915844431225,69.5298774109333
"epg-4",48.803523237115,53.3648249140716,60.3481337441383,73.4836125836068,60.915844431225,34.7649387054666
"F37C12.3",122.912577041623,139.401991612269,152.458443143086,125.695653103538,140.736606099727,139.974621629905
"acs-4",415.733716464313,497.708673178178,551.603117205194,371.285621475066,385.450257004475,416.264397657561
"exos-9",133.757804427648,123.065820720206,101.638962095391,143.099666610182,114.479776603509,132.655687165596
"ncbp-1",203.348013487979,197.123128764224,213.865316075718,157.603011199052,174.345347854885,189.377429263989
"F37F2.2",93.0882017300527,82.7699325197845,85.757874267986,92.8214053687665,74.5693957692582,85.997479955628
"odr-8",114.778656502104,119.798586541793,109.050136414846,83.1525089761867,111.328957063963,109.784016964632
"F38A5.2",117.48996334861,93.660713114493,107.991397226353,101.523412122088,95.5748593662323,120.762418661095
"sup-36",77.7241295998498,94.7497911739639,88.9340918334669,86.0531778939606,68.2677566901659,85.0826131475894
"F38B6.4",61.4562885208115,64.2556055087801,63.5243513096192,59.947157633995,57.7650248916789,72.2744778350491
"mpdu-1",150.025645506687,152.470928325919,151.399703954592,157.603011199052,153.339884257911,161.931425022831
"F38E9.1",22.5942237208866,8.71262447576679,19.0573053928858,11.6026756710958,12.6032781581845,12.8081353125403
"twf-2",131.950266529978,165.539865039569,160.928356651035,145.033445888698,139.686332919878,150.953023326368
"F39C12.1",256.670381469271,206.924831299461,193.749271494339,189.510369294565,267.81966086142,227.80183520161
"ugt-61",87.6655880370399,108.907805947085,102.697701283884,84.1193986154447,98.7256789057784,97.8907484601298
"F39G3.3",55.1299058789632,54.4539029735425,55.05443780167,53.1789301591892,66.1672103304685,77.7636786832806
"F39G3.5",65.0713643161533,57.721137151955,77.2879607600367,82.1856193369287,61.9661176110737,69.5298774109333
"F39H12.1",14.4603031813674,15.2470928325919,21.1747837698731,19.3377927851597,27.3071026760664,27.4460042411579
"F39H12.3",99.4145843719009,89.3044008766096,110.10887560334,89.9207364509926,95.5748593662323,87.8272135717052
"igcm-1",10.8452273860256,14.158014773121,20.1160445813794,39.6424752095774,37.8098344745534,25.6162706250807
"F40A3.1",40.6696026975958,58.8102152114259,47.6432634822144,34.8080270132875,38.8601076544021,28.3608710491965
"F40A3.2",64.1675953673179,66.4337616277218,66.7005688751002,96.6889639257985,91.3737666468375,99.7204820762069
"F40A3.3",100.318353320736,113.264118184968,123.872485053757,142.132776970924,99.7759520856271,136.315154397751
"F40A3.6",287.398525729677,274.447670986654,266.802275500401,330.676256626231,315.081953954612,269.885708371386
"F40A3.7",17.1716100278738,15.2470928325919,21.1747837698731,7.73511711406388,10.5027317984871,12.8081353125403
"F40B5.2",37.9582958510894,38.1177320814797,56.1131769901637,45.4438130451253,39.9103808342508,47.573074018007
"mage-1",31.6319132092412,41.3849662598923,47.6432634822144,36.7418062918034,29.4076490357638,26.5311374331193
"irg-7",3121.61794927769,3175.751621417,3310.67744241966,3500.1404941139,3174.97582268264,3480.15333777882
"F40F4.7",87.6655880370399,102.37333759026,100.580222906897,49.3113716021572,58.8152980715276,61.2960761385859
"sec-20",28.0168374138993,28.3160295462421,35.9971324087842,26.1060202599656,32.5584685753099,30.1906046652737
"cox-17",30.7281442604057,26.1378734273004,32.8209148433033,32.8742477347715,22.0557367768228,42.0838731697754
"F40G9.5",26.2092995162284,13.0689367136502,14.8223486389112,27.0729098992236,21.0054635969741,19.2122029688105
"F40H3.1",113.874887553268,115.44227430391,84.6991350794923,145.033445888698,135.485240200483,100.635348884246
"F40H3.2",21.6904547720511,23.9597173083587,26.4684797123413,17.4040135066437,22.0557367768228,25.6162706250807
"F41B4.1",167.197255534561,168.807099217982,170.457009347478,103.457191400604,135.485240200483,116.188084620902
"F41B4.2",22.5942237208866,27.2269514867712,24.351001335354,24.1722409814496,23.1060099566715,26.5311374331193
"F41B4.3",18.9791479255447,16.3361708920627,29.6446972778223,29.0066891777395,17.854644057428,21.0419365848877
"cyp-33C7",57.8412127254696,51.1866687951299,44.4670459167335,57.0464887162211,47.2622930931918,54.8920084823158
"nhr-182",62.3600574696469,60.9883713303676,56.1131769901637,54.1458197984471,71.418576229712,64.9555433707403
"F41C3.2",187.983941357776,325.634339781784,310.210582228641,145.033445888698,256.266655883084,202.18556457653
"acs-11",201.540475590308,187.321426228986,196.92548905982,259.12642332114,335.037144371737,259.822173482961
"eas-1",23.497992669722,25.0487953678295,22.2335229583667,29.0066891777395,26.2568294962177,30.1906046652737
"F41C3.5",3094.50488081262,2850.11728163521,2782.36658736132,3060.20570825152,2577.37038334873,2647.6245424637
"F41C3.8",44.2846784929377,50.0975907356591,37.0558715972779,55.1127094377051,45.1617467334944,43.9136067858526
"F41C6.7",30.7281442604057,33.7614198435963,29.6446972778223,31.9073580955135,31.5081953954612,32.9352050893894
"tbc-18",24.4017616185575,28.3160295462421,32.8209148433033,15.4702342281278,23.1060099566715,20.1270697768491
"F41D9.2",17.1716100278738,19.6034050704753,23.2922621468604,15.4702342281278,13.6535513380332,21.9568033929263
"smk-1",413.926178566642,384.44455499321,366.323759218804,571.431776801469,549.292873060873,484.879408260456
"F41E6.5",23.497992669722,21.781561189417,22.2335229583667,14.5033445888698,30.4579222156125,20.1270697768491
"F41E6.7",14.4603031813674,14.158014773121,12.7048702619238,27.0729098992236,26.2568294962177,21.9568033929263
"vps-60",206.059320334486,157.916318623273,165.16331340501,216.583279193789,235.26119228611,229.631568817688
"F41E6.12",45.1884474417731,66.4337616277218,50.8194810476954,74.4505022228648,70.3683030498633,79.5934122993578
"atg-18",217.808316669347,194.944972645282,150.340964766099,295.868229612943,245.763924084597,258.907306674923
"F41F3.3",2.71130684650639,3.26723417841255,1.05873918849365,344.212711575843,296.177036717335,214.99369988907
"nlp-50",33.4394511069121,53.3648249140716,44.4670459167335,18.3709031459017,29.4076490357638,41.1690063617368
"F41G3.6",14.4603031813674,22.8706392488878,33.8796540317969,27.0729098992236,22.0557367768228,31.1054714733123
"F41G3.10",224.134699311195,169.896177277452,167.280791781997,197.245486408629,181.697260113826,186.632828839874
"agr-1",99.4145843719009,91.4825569955513,94.2277877759352,68.6491643873169,90.3234934669888,78.6785454913192
"exos-8",61.4562885208115,52.2757468546008,61.4068729326319,43.5100337666093,45.1617467334944,49.4028076340842
"F41G4.8",17.1716100278738,32.6723417841255,26.4684797123413,35.7749166525454,25.206556316369,31.1054714733123
"F41H10.3",100.318353320736,133.956601314914,139.753572881162,87.9869571724766,112.379230243812,83.2528795315122
"F41H10.4",45.1884474417731,52.2757468546008,45.5257851052271,52.2120405199312,59.8655712513763,57.6366089064315
"hda-6",53.3223679812923,39.2068101409506,57.1719161786573,47.3775923236412,40.9606540140996,50.3176744421228
"sand-1",24.4017616185575,17.4252489515336,22.2335229583667,27.0729098992236,25.206556316369,31.1054714733123
"F42A6.6",27.1130684650639,22.8706392488878,15.8810878274048,28.0397995384816,30.4579222156125,21.0419365848877
"elks-1",57.8412127254696,53.3648249140716,53.9956986131763,30.9404684562555,33.6087417551586,38.424405937621
"cyp-33E2",122.912577041623,113.264118184968,135.518616127188,82.1856193369287,86.1224007475939,109.784016964632
"abcf-3",213.289471925169,221.082846072582,202.219185002288,178.874583262727,202.7027237108,197.611230536337
"anmt-2",46.0922163906086,37.0286540220089,47.6432634822144,65.748495469543,54.6142053521327,52.1474080582
"F42A10.5",237.691233543727,265.735046510887,268.919753877388,222.384617029336,191.149718732465,235.120769665919
"F42A10.6",182.561327664763,138.312913552798,167.280791781997,203.046824244177,163.842616056398,169.25035948714
"F42A10.7",62.3600574696469,28.3160295462421,23.2922621468604,78.3180607798968,54.6142053521327,44.8284735938912
"npr-27",13.5565342325319,8.71262447576679,22.2335229583667,18.3709031459017,15.7540976977306,12.8081353125403
"F42C5.4",55.1299058789632,29.4051076057129,26.4684797123413,62.847826551769,37.8098344745534,27.4460042411579
"F42C5.9",152.736952353193,142.669225790681,143.988529635137,148.90100444573,161.742069696701,149.123289710291
"ifo-1",242.210078287904,169.896177277452,183.161879609402,155.669231920536,243.6633777249,221.39776754534
"F42G2.2",59.6487506231405,72.9682299845469,42.3495675397462,71.5498333050909,63.0163907909224,48.4879408260456
"islo-1",23.497992669722,23.9597173083587,15.8810878274048,22.2384617029336,24.1562831365203,25.6162706250807
"moc-3",52.4185990324568,44.6522004383048,40.2320891627588,40.6093648488354,38.8601076544021,43.9136067858526
"F42G8.10",188.887710306612,216.726533834699,209.630359321743,175.007024705695,178.54644057428,185.717962031835
"ppm-1.G",291.917370473854,336.525120376492,312.328060605628,293.934450334427,244.713650904749,310.139847925084
"dagl-2",36.1507579534185,19.6034050704753,34.9383932202906,29.9735788169975,32.5584685753099,30.1906046652737
"F42H10.2",20.7866858232156,17.4252489515336,21.1747837698731,18.3709031459017,15.7540976977306,23.7865370090035
"F42H10.3",79.5316674975207,102.37333759026,70.9355256290748,86.0531778939606,99.7759520856271,87.8272135717052
"mig-39",51.5148300836214,51.1866687951299,48.7020026707081,87.0200675332186,64.0666639707711,62.2109429466245
"F42H10.6",41.5733716464313,40.2958882004214,44.4670459167335,36.7418062918034,42.0109271939483,36.5946723215438
"ess-2",23.497992669722,25.0487953678295,26.4684797123413,31.9073580955135,29.4076490357638,26.5311374331193
"F43B10.1",95.7995085765591,102.37333759026,98.4627445299098,74.4505022228648,93.4743130065349,90.571813995821
"tag-343",93.0882017300527,92.5716350550222,94.2277877759352,91.8545157295085,114.479776603509,102.465082500323
"F43C9.1",29.8243753115703,28.3160295462421,21.1747837698731,18.3709031459017,29.4076490357638,28.3608710491965
"F43C9.2",68.6864401114952,84.9480886387262,71.9942648175684,79.2849504191547,69.3180298700146,59.4663425225087
"F43C11.9",12.6527652836965,14.158014773121,19.0573053928858,20.3046824244177,17.854644057428,12.8081353125403
"F43E2.1",52.4185990324568,62.0774493898384,49.7607418592017,42.5431441273513,54.6142053521327,43.9136067858526
"rpb-4",71.3977469580016,57.721137151955,64.5830904981129,73.4836125836068,57.7650248916789,64.9555433707403
"insc-1",20.7866858232156,19.6034050704753,16.9398270158985,20.3046824244177,24.1562831365203,21.0419365848877
"msra-1",183.465096613599,189.499582347928,185.279357986389,291.033781416653,237.361738645808,318.373649197431
"mtch-1",375.064113766717,381.177320814797,393.850978119639,363.550504361002,360.243700688106,400.711661920905
"sptl-2",441.039247031706,426.918599312573,438.318024036373,336.477594461779,366.545339767199,332.09665131801
"F43H9.4",93.9919706788881,123.065820720206,113.285093168821,37.7086959310614,80.8710348483504,91.4866808038596
"kvs-3",26.2092995162284,32.6723417841255,28.5859580893287,21.2715720636757,26.2568294962177,16.4676025446947
"F44A2.3",27.1130684650639,30.4941856651838,45.5257851052271,6.76822747480589,24.1562831365203,11.8932685045017
"F44A2.5",38.8620647999249,34.8504979030672,59.2893945556446,36.7418062918034,32.5584685753099,48.4879408260456
"F44B9.2",144.603031813674,150.292772206977,145.047268823631,138.265218413892,154.39015743776,130.825953549519
"F44B9.5",84.050512241698,75.1463861034886,76.2292215715431,80.2518400584127,70.3683030498633,74.1042114511263
"F44B9.8",55.1299058789632,59.8992932708967,70.9355256290748,72.5167229443488,87.1726739274426,83.2528795315122
"F44E2.3",40.6696026975958,51.1866687951299,44.4670459167335,27.0729098992236,46.2120199133431,37.5095391295824
"F44E2.4",15.3640721302029,14.158014773121,14.8223486389112,179.841472901985,219.50709458838,153.697623750484
"F44E2.6",45.1884474417731,66.4337616277218,50.8194810476954,46.4107026843833,39.9103808342508,42.0838731697754
"F44E2.7",36.1507579534185,35.939575962538,46.5845242937208,37.7086959310614,33.6087417551586,39.3392727456596
"F44E2.8",81.3392053951917,80.5917764008429,78.3466999485304,102.490301761346,73.5191225894094,74.1042114511263
"F44E2.9",51.5148300836214,70.7900738656052,55.05443780167,77.3511711406388,56.7147517118302,64.0406765627017
"F44E7.4",723.918928017206,671.961162693514,679.710559012926,566.597328605179,595.504892974217,599.23775926528
"F44E7.7",25.305530567393,15.2470928325919,16.9398270158985,10.6357860318378,10.5027317984871,14.6378689286175
"F44E7.9",34.3432200557476,39.2068101409506,47.6432634822144,58.0133783554791,46.2120199133431,47.573074018007
"F45E1.4",98.5108154230655,78.4136202819012,77.2879607600367,90.8876260902505,82.9715812080478,90.571813995821
"F45E1.5",18.0753789767093,18.5143270110044,10.5873918849365,12.5695653103538,16.8043708775793,10.0635348884246
"sdpn-1",66.8789022138242,70.7900738656052,59.2893945556446,87.0200675332186,77.7202153088043,69.5298774109333
"cla-1",284.687218883171,191.677738466869,211.747837698731,150.834783724246,327.685232112796,243.354570938267
"cima-1",10.8452273860256,14.158014773121,17.9985662043921,19.3377927851597,16.8043708775793,17.3824693527333
"cnep-1",46.9959853394441,37.0286540220089,35.9971324087842,55.1127094377051,45.1617467334944,45.7433404019298
"mrpl-14",75.9165917021789,98.0170253523765,84.6991350794923,73.4836125836068,70.3683030498633,88.7420803797438
"F45F2.9",55.1299058789632,56.6320590924842,45.5257851052271,55.1127094377051,45.1617467334944,43.9136067858526
"F45F2.10",132.854035478813,107.818727887614,94.2277877759352,125.695653103538,148.088518358668,130.825953549519
"F46C8.3",56.9374437766342,50.0975907356591,45.5257851052271,52.2120405199312,52.5136589924353,36.5946723215438
"F46C8.8",8.13392053951917,8.71262447576679,7.41117431945558,29.0066891777395,27.3071026760664,24.7014038170421
"acs-1",417.541254361984,439.987536026223,481.726330764612,313.272243119587,306.679768515822,411.690063617368
"mdh-1",1119.76972760714,1187.09508482323,1264.13459106142,1355.57927423969,1347.50048974589,1333.87580612027
"hpo-26",37.9582958510894,49.0085126761882,40.2320891627588,37.7086959310614,63.0163907909224,41.1690063617368
"F46F11.1",191.599017153118,198.212206823695,178.926922855427,163.404349034599,218.456821408531,165.590892254986
"xrep-4",122.008808092787,111.085962066027,112.226353980327,146.000335527956,144.937698819121,139.059754821867
"trpp-8",104.837198064914,90.3934789360805,121.75500667677,94.7551846472825,126.032781581845,118.017818236979
"F46F11.10",16.2678410790383,21.781561189417,16.9398270158985,10.6357860318378,8.40218543878965,8.23380127234736
"twnk-1",38.8620647999249,33.7614198435963,31.7621756548096,39.6424752095774,42.0109271939483,32.0203382813509
"gakh-1",32.5356821580767,19.6034050704753,24.351001335354,19.3377927851597,19.9551904171254,23.7865370090035
"F46H5.2",54.2261369301278,52.2757468546008,59.2893945556446,32.8742477347715,35.709288114856,48.4879408260456
"F46H5.3",3446.07100190962,3550.39447387497,3919.45247580351,2951.91406865463,2989.07746984942,2975.14685974151
"F46H5.4",86.7618190882044,79.502698341372,84.6991350794923,67.6822747480589,99.7759520856271,75.9339450672035
"F46H5.7",182.561327664763,165.539865039569,167.280791781997,209.815051718983,219.50709458838,180.228761183603
"lact-1",35.246989004583,32.6723417841255,30.703436466316,34.8080270132875,46.2120199133431,36.5946723215438
"F47B7.1",149.121876557851,174.252489515336,164.104574216516,213.682610276015,182.747533293675,186.632828839874
"F47B7.2",51.5148300836214,68.6119177466635,59.2893945556446,81.2187296976707,110.278683884114,77.7636786832806
"marg-1",103.933429116078,142.669225790681,140.812312069656,96.6889639257985,131.284147481088,99.7204820762069
"F47D12.9",186.176403460105,159.005396682744,130.224920184719,277.497326467042,244.713650904749,214.078833081031
"F47E1.2",26.2092995162284,11.9798586541793,25.4097405238477,27.0729098992236,34.6590149350073,42.998739977814
"F47F2.1",30.7281442604057,32.6723417841255,22.2335229583667,26.1060202599656,28.3573758559151,23.7865370090035
"lin-42",0,1.08907805947085,2.11747837698731,8.70200675332186,29.4076490357638,20.1270697768491
"F47G3.1",53.3223679812923,37.0286540220089,47.6432634822144,33.8411373740295,45.1617467334944,46.6582072099684
"F47G3.3",29.8243753115703,14.158014773121,16.9398270158985,13.5364549496118,13.6535513380332,20.1270697768491
"acs-16",50.6110611347859,47.9194346167174,55.05443780167,64.781605830285,53.563932172284,53.9771416742772
"F48A9.2",42.4771405952668,51.1866687951299,38.1146107857715,47.3775923236412,54.6142053521327,43.9136067858526
"F48A11.4",18.0753789767093,16.3361708920627,11.6461310734302,23.2053513421916,21.0054635969741,22.8716702009649
"ubxn-3",126.527652836965,126.333054898619,128.107441807732,114.092977432442,124.982508401996,128.996219933442
"nlp-37",62.3600574696469,54.4539029735425,68.8180472520875,69.6160540265749,70.3683030498633,61.2960761385859
"F48B9.8",30.7281442604057,33.7614198435963,33.8796540317969,27.0729098992236,36.7595612947047,26.5311374331193
"aman-3",44.2846784929377,40.2958882004214,37.0558715972779,57.0464887162211,58.8152980715276,60.3812093305473
"F48C1.6",79.5316674975207,74.0573080440178,76.2292215715431,91.8545157295085,81.9213080281991,89.6569471877824
"F48D6.4",175.33117607408,206.924831299461,171.515748535972,367.418062918034,294.076490357638,210.419365848877
"uggt-1",247.632691980917,221.082846072582,221.276490395174,289.100002138137,263.618568142025,306.48038069293
"F48E3.8",65.9751332649888,60.9883713303676,48.7020026707081,62.847826551769,89.27322028714,45.7433404019298
"F48E8.2",70.4939780091661,76.2354641629595,64.5830904981129,56.0795990769631,46.2120199133431,50.3176744421228
"F48E8.3",104.837198064914,92.5716350550222,119.637528299783,69.6160540265749,97.6754057259297,84.1677463395508
"F48E8.4",95.7995085765591,96.9279472929056,110.10887560334,85.0862882547027,91.3737666468375,105.209682924439
"disl-2",105.740967013749,118.709508482323,110.10887560334,93.7882950080245,97.6754057259297,80.5082791073964
"F48G7.4",19.8829168743802,25.0487953678295,25.4097405238477,19.3377927851597,35.709288114856,28.3608710491965
"nhr-190",10.8452273860256,14.158014773121,10.5873918849365,15.4702342281278,11.5530049783358,8.23380127234736
"prp-17",122.008808092787,140.49106967174,145.047268823631,115.0598670717,108.178137524417,110.69888377267
"tag-296",23.497992669722,22.8706392488878,21.1747837698731,33.8411373740295,37.8098344745534,20.1270697768491
"nprl-2",40.6696026975958,26.1378734273004,34.9383932202906,39.6424752095774,31.5081953954612,34.7649387054666
"F49E8.6",8.13392053951917,4.3563122378834,4.23495675397461,4.83444819628992,7.35191225894095,1.82973361607719
"F49E8.7",66.8789022138242,42.4740443193631,43.4083067282398,58.9802679947371,45.1617467334944,57.6366089064315
"tbc-16",59.6487506231405,64.2556055087801,58.230655367151,36.7418062918034,52.5136589924353,36.5946723215438
"F49E10.2",0,2.1781561189417,0,28.0397995384816,14.7038245178819,8.23380127234736
"mul-1",17.1716100278738,22.8706392488878,15.8810878274048,8.70200675332186,12.6032781581845,7.31893446430877
"txdc-12.2",103.029660167243,177.519723693748,147.164747200618,338.411373740295,302.478675796427,298.246579420582
"acl-4",153.640721302029,191.677738466869,161.987095839529,239.78863053598,204.803270070498,181.143627991642
"sorf-2",34.3432200557476,30.4941856651838,26.4684797123413,36.7418062918034,37.8098344745534,22.8716702009649
"F52C9.3",134.661573376484,137.223835493327,135.518616127188,139.23210805315,111.328957063963,124.421885893249
"F52C12.1",25.305530567393,13.0689367136502,12.7048702619238,14.5033445888698,19.9551904171254,22.8716702009649
"F52C12.2",62.3600574696469,58.8102152114259,61.4068729326319,41.5762544880933,44.1114735536457,37.5095391295824
"denn-4",127.4314217858,108.907805947085,104.815179660872,128.596322021312,150.189064718365,136.315154397751
"aagr-4",30.7281442604057,33.7614198435963,26.4684797123413,133.430770217602,130.23387430124,92.4015476118982
"F52E1.2",46.0922163906086,29.4051076057129,55.05443780167,43.5100337666093,39.9103808342508,26.5311374331193
"pho-6",27.1130684650639,33.7614198435963,19.0573053928858,43.5100337666093,28.3573758559151,35.6798055135052
"F52E1.9",18.0753789767093,13.0689367136502,26.4684797123413,29.9735788169975,22.0557367768228,15.5527357366561
"lmd-3",229.557313004208,219.993768013112,218.100272829693,233.020403061174,247.864470444295,220.482900737302
"pccb-1",596.487506231405,666.51577239616,725.236344118153,741.604353310874,745.693957692582,744.701581743417
"F52E4.5",51.5148300836214,29.4051076057129,20.1160445813794,43.5100337666093,36.7595612947047,42.998739977814
"sec-3",58.7449816743051,63.1665274493093,60.3481337441383,56.0795990769631,64.0666639707711,51.2325412501614
"oac-32",19.8829168743802,25.0487953678295,33.8796540317969,16.4371238673857,23.1060099566715,23.7865370090035
"F52G3.1",111.163580706762,104.551493709202,104.815179660872,109.258529236152,105.027317984871,101.550215692284
"F52H2.1",18.9791479255447,23.9597173083587,15.8810878274048,14.5033445888698,14.7038245178819,17.3824693527333
"F52H2.3",18.9791479255447,16.3361708920627,25.4097405238477,21.2715720636757,19.9551904171254,14.6378689286175
"F52H2.6",206.963089283321,210.192065477874,247.744970107515,227.219065225626,212.155182329439,226.886968393572
"F52H2.7",12.6527652836965,14.158014773121,29.6446972778223,13.5364549496118,13.6535513380332,10.0635348884246
"F53A3.7",27.1130684650639,28.3160295462421,25.4097405238477,17.4040135066437,19.9551904171254,23.7865370090035
"F53A9.6",107.54850491142,175.341567574807,160.928356651035,187.576590016049,128.133327941542,154.612490558523
"F53A9.7",23.497992669722,35.939575962538,33.8796540317969,42.5431441273513,39.9103808342508,36.5946723215438
"F53A9.8",92.1844327812172,102.37333759026,111.167614791834,98.6227432043144,105.027317984871,99.7204820762069
"F53A9.9",41.5733716464313,55.5429810330133,46.5845242937208,50.2782612414152,46.2120199133431,52.1474080582
"F53A10.2",86.7618190882044,108.907805947085,85.757874267986,78.3180607798968,106.077591164719,92.4015476118982
"F53B1.2",19.8829168743802,22.8706392488878,9.52865269644288,12.5695653103538,15.7540976977306,12.8081353125403
"F53B1.4",0,1.08907805947085,0,84.1193986154447,56.7147517118302,47.573074018007
"F53B1.8",49.7072921859505,57.721137151955,58.230655367151,36.7418062918034,58.8152980715276,39.3392727456596
"tra-4",56.9374437766342,62.0774493898384,51.878220236189,71.5498333050909,76.6699421289556,77.7636786832806
"F53B3.5",45.1884474417731,49.0085126761882,46.5845242937208,87.9869571724766,96.625132546081,113.443484196786
"F53B3.6",122.008808092787,120.887664601264,123.872485053757,162.437459395341,174.345347854885,196.696363728298
"F53C3.4",10.8452273860256,17.4252489515336,11.6461310734302,17.4040135066437,15.7540976977306,17.3824693527333
"F53C3.6",12.6527652836965,6.5344683568251,4.23495675397461,29.0066891777395,31.5081953954612,10.9784016964632
"bcmo-2",81.3392053951917,89.3044008766096,84.6991350794923,69.6160540265749,74.5693957692582,96.0610148440526
"plpp-1.1",124.720114939294,115.44227430391,116.461310734302,116.993646350216,111.328957063963,101.550215692284
"tag-304",63.2638264184824,79.502698341372,75.1704823830494,77.3511711406388,75.6196689491069,79.5934122993578
"F53E10.1",96.7032775253945,84.9480886387262,97.4040053414162,156.636121559794,126.032781581845,99.7204820762069
"irg-3",67.7826711626597,56.6320590924842,59.2893945556446,54.1458197984471,46.2120199133431,35.6798055135052
"F53E10.6",94.8957396277236,125.243976839148,150.340964766099,96.6889639257985,66.1672103304685,79.5934122993578
"F53F10.1",22.5942237208866,11.9798586541793,12.7048702619238,31.9073580955135,18.9049172372767,23.7865370090035
"F53F10.2",364.218886380692,300.585544413954,294.329494401236,350.980939050648,435.863369637213,388.818393416403
"mpc-2",101.222122269572,98.0170253523765,92.1103093989479,113.126087793184,99.7759520856271,126.251619509326
"mnat-1",77.7241295998498,80.5917764008429,75.1704823830494,72.5167229443488,82.9715812080478,78.6785454913192
"F53H1.1",176.234945022915,154.649084444861,179.985662043921,131.496990939086,164.892889236247,137.230021205789
"F53H1.3",29.8243753115703,27.2269514867712,27.527218900835,28.0397995384816,28.3573758559151,29.2757378572351
"F53H1.4",235.883695646056,216.726533834699,255.156144426971,284.265553941847,278.322392659907,234.205902857881
"F53H8.3",79.5316674975207,80.5917764008429,78.3466999485304,52.2120405199312,76.6699421289556,59.4663425225087
"F54A3.2",37.9582958510894,45.7412784977757,38.1146107857715,57.0464887162211,67.2174835103172,64.0406765627017
"cct-3",653.42495000804,519.490234367595,507.13607128846,783.180607798968,769.850240829102,775.807053216729
"F54A3.5",102.125891218407,89.3044008766096,92.1103093989479,116.993646350216,95.5748593662323,94.2312812279754
"F54A3.6",25.305530567393,23.9597173083587,25.4097405238477,11.6026756710958,18.9049172372767,31.1054714733123
"cutl-20",20.7866858232156,18.5143270110044,25.4097405238477,15.4702342281278,22.0557367768228,14.6378689286175
"shc-1",28.9206063627348,22.8706392488878,40.2320891627588,27.0729098992236,32.5584685753099,43.9136067858526
"F54C1.1",6.32638264184824,14.158014773121,15.8810878274048,36.7418062918034,33.6087417551586,34.7649387054666
"mrpl-40",49.7072921859505,56.6320590924842,74.1117431945558,50.2782612414152,48.3125662730405,55.8068752903543
"attf-3",51.5148300836214,40.2958882004214,56.1131769901637,50.2782612414152,72.4688494095607,64.0406765627017
"ept-1",166.293486585725,142.669225790681,142.929790446643,166.305017952373,175.395621034734,160.101691406754
"F54D8.6",112.067349655597,117.620430422852,125.989963430745,106.357860318378,107.127864344568,121.677285469133
"lido-15",36.1507579534185,22.8706392488878,21.1747837698731,44.4769234058673,32.5584685753099,35.6798055135052
"pmt-2",789.894061282194,791.759749235307,840.638915663961,891.472247395862,874.877558813973,1021.90622457911
"sumv-2",207.866858232156,160.094474742215,175.750705289947,96.6889639257985,134.434967020634,120.762418661095
"F54D11.4",46.9959853394441,38.1177320814797,50.8194810476954,30.9404684562555,27.3071026760664,31.1054714733123
"rog-1",63.2638264184824,50.0975907356591,34.9383932202906,62.847826551769,61.9661176110737,40.2541395536982
"F54E2.1",604.621426770925,743.84031461859,773.938346788861,538.557529066697,554.544238960117,711.766376654028
"pst-2",14.4603031813674,21.781561189417,19.0573053928858,20.3046824244177,18.9049172372767,16.4676025446947
"ska-3",15.3640721302029,13.0689367136502,20.1160445813794,24.1722409814496,11.5530049783358,18.2973361607719
"F54E7.9",20.7866858232156,19.6034050704753,8.46991350794923,16.4371238673857,7.35191225894095,16.4676025446947
"F54F2.7",28.0168374138993,19.6034050704753,24.351001335354,7.73511711406388,9.45245861863836,16.4676025446947
"F54F2.9",15.3640721302029,29.4051076057129,27.527218900835,28.0397995384816,19.9551904171254,20.1270697768491
"F54G2.1",121.105039143952,154.649084444861,117.520049922796,109.258529236152,119.731142502753,101.550215692284
"eef-1B.1",304.570135757551,255.93334397565,352.560149768387,263.96087151743,285.674304918848,277.204642835695
"6-Mar",179.850020818257,145.936459969094,172.574487724466,128.596322021312,144.937698819121,110.69888377267
"F55A3.2",6.32638264184824,4.3563122378834,6.35243513096192,3.86755855703194,7.35191225894095,7.31893446430877
"spt-16",364.218886380692,336.525120376492,328.209148433033,444.769234058673,413.80763286039,403.456262345021
"sec-22",69.5902090603306,71.8791519250761,79.405439137024,65.748495469543,54.6142053521327,73.1893446430877
"nlf-1",24.4017616185575,28.3160295462421,23.2922621468604,24.1722409814496,32.5584685753099,33.850071897428
"stau-1",25.305530567393,17.4252489515336,34.9383932202906,23.2053513421916,36.7595612947047,24.7014038170421
"vpat-1",63.2638264184824,49.0085126761882,39.1733499742652,38.6755855703194,37.8098344745534,42.998739977814
"F55A12.2",45.1884474417731,40.2958882004214,39.1733499742652,23.2053513421916,28.3573758559151,29.2757378572351
"F55A12.5",107.54850491142,107.818727887614,107.991397226353,80.2518400584127,100.826225265476,80.5082791073964
"nath-10",369.641500073704,398.602569766331,358.912584899349,268.79531971372,301.428402616579,266.226241139231
"rfip-1",204.251782436815,216.726533834699,208.57162013325,227.219065225626,225.808733667472,209.504499040838
"F55C12.4",18.9791479255447,23.9597173083587,14.8223486389112,11.6026756710958,15.7540976977306,11.8932685045017
"F55C12.5",75.9165917021789,72.9682299845469,59.2893945556446,98.6227432043144,100.826225265476,76.848811875242
"tag-234",37.9582958510894,47.9194346167174,38.1146107857715,33.8411373740295,43.061200373797,32.0203382813509
"aman-1",33.4394511069121,30.4941856651838,34.9383932202906,50.2782612414152,56.7147517118302,42.998739977814
"glit-1",17.1716100278738,19.6034050704753,21.1747837698731,14.5033445888698,16.8043708775793,16.4676025446947
"F55D10.4",18.9791479255447,22.8706392488878,23.2922621468604,13.5364549496118,16.8043708775793,19.2122029688105
"drd-5",56.0336748277987,65.344683568251,53.9956986131763,54.1458197984471,42.0109271939483,53.9771416742772
"npr-28",28.0168374138993,39.2068101409506,34.9383932202906,23.2053513421916,26.2568294962177,29.2757378572351
"F55F8.2",206.963089283321,209.102987418403,164.104574216516,163.404349034599,137.585786560181,121.677285469133
"F55F8.3",312.70405629707,306.030934711309,275.27218900835,238.821740896722,221.607640948077,224.142367969456
"cir-1",79.5316674975207,93.660713114493,110.10887560334,51.2451508806732,64.0666639707711,64.0406765627017
"wdr-12",300.051291013374,312.565403068134,266.802275500401,150.834783724246,150.189064718365,153.697623750484
"mff-2",27.1130684650639,50.0975907356591,41.2908283512525,31.9073580955135,19.9551904171254,33.850071897428
"zipt-2.4",65.9751332649888,89.3044008766096,102.697701283884,64.781605830285,50.4131126327379,74.1042114511263
"F55F10.1",1023.06645008174,881.064150111917,945.454095324833,462.173247565317,656.420737405442,580.02555629647
"rod-1",155.4482591997,144.847381909623,142.929790446643,191.444148573081,213.205455509287,210.419365848877
"F55G1.9",40.6696026975958,32.6723417841255,38.1146107857715,32.8742477347715,33.6087417551586,23.7865370090035
"F55G1.15",52.4185990324568,56.6320590924842,40.2320891627588,58.0133783554791,48.3125662730405,54.8920084823158
"fncm-1",10.8452273860256,11.9798586541793,7.41117431945558,15.4702342281278,22.0557367768228,7.31893446430877
"slx-1",24.4017616185575,16.3361708920627,9.52865269644288,11.6026756710958,14.7038245178819,11.8932685045017
"F56A11.5",66.8789022138242,53.3648249140716,71.9942648175684,75.4173918621228,70.3683030498633,69.5298774109333
"ugt-52",15.3640721302029,19.6034050704753,15.8810878274048,28.0397995384816,16.8043708775793,13.7230021205789
"mrpl-2",118.393732297446,118.709508482323,133.4011377502,140.198997692408,121.83168886245,131.740820357558
"F56B3.11",40.6696026975958,55.5429810330133,62.4656121211256,38.6755855703194,30.4579222156125,46.6582072099684
"skr-18",24.4017616185575,41.3849662598923,33.8796540317969,27.0729098992236,24.1562831365203,31.1054714733123
"F56B6.6",0.903768948835463,0,2.11747837698731,1.93377927851597,2.10054635969741,3.65946723215438
"fbxa-190",21.6904547720511,29.4051076057129,27.527218900835,26.1060202599656,19.9551904171254,25.6162706250807
"F56C9.7",824.237281337942,917.003726074455,972.981314225668,777.37926996342,796.10707032532,902.058672726056
"F56C9.8",55.1299058789632,49.0085126761882,61.4068729326319,95.7220742865405,87.1726739274426,60.3812093305473
"F56C9.10",349.758583199324,340.881432614376,292.212016024248,503.74950205341,529.337682643748,431.817133394217
"F56C11.5",19.8829168743802,11.9798586541793,12.7048702619238,18.3709031459017,15.7540976977306,30.1906046652737
"F56C11.6",47.8997542882795,50.0975907356591,43.4083067282398,38.6755855703194,44.1114735536457,36.5946723215438
"F56D1.1",15.3640721302029,20.6924831299461,17.9985662043921,12.5695653103538,11.5530049783358,14.6378689286175
"ilcr-2",18.9791479255447,9.80170253523765,7.41117431945558,6.76822747480589,8.40218543878965,9.14866808038596
"mrps-16",59.6487506231405,56.6320590924842,51.878220236189,66.7153851088009,69.3180298700146,57.6366089064315
"ucr-1",917.325483067995,935.51805308546,1015.33088176541,878.902682085508,878.028378353519,1063.99009774889
"F56D2.3",0.903768948835463,0,1.05873918849365,28.0397995384816,25.206556316369,20.1270697768491
"ddx-15",153.640721302029,180.786957872161,158.810878274048,116.026756710958,129.183601121391,134.485420781674
"F56D3.1",63.2638264184824,76.2354641629595,93.1690485874415,158.569900838309,166.993435595944,123.50701908521
"clec-67",626.311881542976,708.989816715523,794.05439137024,515.352177724506,537.739868082538,663.278435827982
"fcho-1",80.4354364463562,93.660713114493,97.4040053414162,82.1856193369287,78.770488488653,89.6569471877824
"F56E10.1",68.6864401114952,50.0975907356591,68.8180472520875,63.814716191027,67.2174835103172,43.9136067858526
"daam-1",21.6904547720511,22.8706392488878,21.1747837698731,20.3046824244177,21.0054635969741,20.1270697768491
"F56F10.1",678.730480575433,636.021586730976,723.118865741166,596.570907422177,530.387955823597,623.939163082322
"cdo-1",124.720114939294,125.243976839148,95.2865269644288,128.596322021312,137.585786560181,121.677285469133
"lgl-1",18.9791479255447,19.6034050704753,27.527218900835,18.3709031459017,18.9049172372767,21.0419365848877
"F56F11.2",30.7281442604057,31.5832637246546,32.8209148433033,37.7086959310614,33.6087417551586,19.2122029688105
"klf-1",32.5356821580767,40.2958882004214,42.3495675397462,45.4438130451253,35.709288114856,33.850071897428
"ccpp-1",28.9206063627348,21.781561189417,34.9383932202906,28.0397995384816,43.061200373797,22.8716702009649
"F57B9.1",25.305530567393,29.4051076057129,34.9383932202906,55.1127094377051,46.2120199133431,42.0838731697754
"flap-1",62.3600574696469,58.8102152114259,37.0558715972779,53.1789301591892,57.7650248916789,51.2325412501614
"ipgm-1",530.512372966417,602.26016688738,640.537209038661,554.994652934083,528.287409463899,561.728220135698
"F57B10.5",156.352028148535,124.154898779677,104.815179660872,159.536790477567,141.786879279575,150.953023326368
"xpg-1",41.5733716464313,35.939575962538,22.2335229583667,28.0397995384816,29.4076490357638,16.4676025446947
"F57B10.8",116.586194399775,107.818727887614,109.050136414846,100.55652248283,87.1726739274426,96.0610148440526
"spg-20",27.1130684650639,30.4941856651838,43.4083067282398,38.6755855703194,38.8601076544021,19.2122029688105
"ucr-11",186.176403460105,205.835753239991,159.869617462542,198.212376047887,157.540976977306,183.888228415758
"pdxk-1",97.60704647423,76.2354641629595,93.1690485874415,81.2187296976707,78.770488488653,66.7852769868175
"clec-90",8.13392053951917,8.71262447576679,14.8223486389112,11.6026756710958,15.7540976977306,10.9784016964632
"F57C9.4",34.3432200557476,44.6522004383048,38.1146107857715,34.8080270132875,45.1617467334944,17.3824693527333
"F57C12.2",20.7866858232156,13.0689367136502,17.9985662043921,29.9735788169975,29.4076490357638,34.7649387054666
"F57F4.4",526.897297171075,518.401156308124,577.012857729041,566.597328605179,495.728940888589,576.366089064315
"abts-3",95.7995085765591,108.907805947085,79.405439137024,71.5498333050909,105.027317984871,96.9758816520912
"F57H12.6",35.246989004583,21.781561189417,9.52865269644288,17.4040135066437,29.4076490357638,29.2757378572351
"F58A6.1",42.4771405952668,57.721137151955,49.7607418592017,44.4769234058673,34.6590149350073,41.1690063617368
"F58F9.3",131.950266529978,101.284259530789,93.1690485874415,185.642810737533,105.027317984871,137.230021205789
"F58F9.4",29.8243753115703,27.2269514867712,26.4684797123413,34.8080270132875,33.6087417551586,29.2757378572351
"acox-3",100.318353320736,90.3934789360805,111.167614791834,98.6227432043144,102.926771625173,59.4663425225087
"F58F12.1",327.164359478438,285.338451581363,336.679061940982,277.497326467042,288.825124458394,343.075053014473
"myo-5",388.620647999249,323.456183662842,370.558715972779,306.504015644781,383.349710644778,382.414325760133
"faah-3",37.9582958510894,45.7412784977757,23.2922621468604,29.0066891777395,28.3573758559151,28.3608710491965
"lgc-30",38.8620647999249,31.5832637246546,33.8796540317969,34.8080270132875,46.2120199133431,37.5095391295824
"cpd-1",87.6655880370399,74.0573080440178,88.9340918334669,115.0598670717,91.3737666468375,88.7420803797438
"F59A3.2",18.0753789767093,18.5143270110044,24.351001335354,21.2715720636757,11.5530049783358,16.4676025446947
"mrpl-24",144.603031813674,157.916318623273,153.51718233158,152.768563002762,150.189064718365,139.059754821867
"zipt-11",40.6696026975958,29.4051076057129,44.4670459167335,47.3775923236412,47.2622930931918,33.850071897428
"rpa-4",9.03768948835463,2.1781561189417,10.5873918849365,7.73511711406388,10.5027317984871,19.2122029688105
"F59A6.5",51.5148300836214,51.1866687951299,50.8194810476954,76.3842815013808,68.2677566901659,61.2960761385859
"F59A7.2",131.046497581142,105.640571768672,121.75500667677,43.5100337666093,37.8098344745534,40.2541395536982
"F59A7.5",67.7826711626597,82.7699325197845,68.8180472520875,90.8876260902505,70.3683030498633,85.997479955628
"F59B1.2",574.797051459354,670.872084634043,602.422598252889,616.875589846594,511.48303858632,499.517277189073
"F59B1.8",53.3223679812923,62.0774493898384,44.4670459167335,31.9073580955135,28.3573758559151,38.424405937621
"F59C12.3",27.1130684650639,18.5143270110044,39.1733499742652,27.0729098992236,49.3628394528892,29.2757378572351
"asp-8",134.661573376484,149.203694147506,149.282225577605,152.768563002762,120.781415682601,135.400287589712
"chpf-2",37.9582958510894,46.8303565572465,34.9383932202906,46.4107026843833,33.6087417551586,47.573074018007
"F59E11.2",21.6904547720511,19.6034050704753,17.9985662043921,12.5695653103538,12.6032781581845,9.14866808038596
"F59E11.5",60.552519571976,65.344683568251,69.8767864405811,88.9538468117346,74.5693957692582,70.4447442189719
"F59E11.7",21.6904547720511,18.5143270110044,19.0573053928858,25.1391306207076,32.5584685753099,31.1054714733123
"nhr-143",47.8997542882795,45.7412784977757,39.1733499742652,42.5431441273513,43.061200373797,42.0838731697754
"F59E12.1",78.6278985486853,83.8590105792554,77.2879607600367,55.1127094377051,93.4743130065349,87.8272135717052
"F59E12.9",108.452273860256,113.264118184968,110.10887560334,102.490301761346,113.42950342366,92.4015476118982
"sam-4",1.80753789767093,5.44539029735425,2.11747837698731,2.90066891777395,2.10054635969741,1.82973361607719
"cgt-3",172.619869227573,213.459299656286,205.395402567769,140.198997692408,164.892889236247,171.080093103217
"F59G1.4",15.3640721302029,13.0689367136502,15.8810878274048,13.5364549496118,15.7540976977306,10.9784016964632
"gbas-1",15.3640721302029,18.5143270110044,22.2335229583667,11.6026756710958,21.0054635969741,18.2973361607719
"H01M10.1",52.4185990324568,51.1866687951299,29.6446972778223,57.0464887162211,43.061200373797,36.5946723215438
"H02F09.3",34.3432200557476,23.9597173083587,24.351001335354,30.9404684562555,28.3573758559151,32.9352050893894
"H03E18.1",1.80753789767093,5.44539029735425,1.05873918849365,140.198997692408,130.23387430124,74.1042114511263
"glf-1",0,2.1781561189417,1.05873918849365,125.695653103538,95.5748593662323,60.3812093305473
"H04M03.12",22.5942237208866,26.1378734273004,27.527218900835,20.3046824244177,23.1060099566715,27.4460042411579
"H05C05.1",213.289471925169,202.568519061578,229.746403903123,190.477258933823,199.551904171254,174.739560335372
"H05C05.2",101.222122269572,107.818727887614,105.873918849365,88.9538468117346,81.9213080281991,94.2312812279754
"nlp-49",197.021630846131,188.410504288457,192.690532305845,223.351506668594,232.110372746564,183.888228415758
"eif-1.A",694.094552705635,723.147831488644,697.709125217318,674.888968202073,607.057897952552,679.746038372677
"ubxn-6",48.803523237115,53.3648249140716,53.9956986131763,59.947157633995,46.2120199133431,48.4879408260456
"H06H21.8",138.276649171826,138.312913552798,121.75500667677,108.291639596894,105.027317984871,111.613750580709
"tat-2",82.2429743440271,78.4136202819012,64.5830904981129,83.1525089761867,92.4240398266862,76.848811875242
"H06I04.1",23.497992669722,19.6034050704753,10.5873918849365,15.4702342281278,16.8043708775793,12.8081353125403
"H06I04.3",605.52519571976,575.033215400608,546.309421262725,437.034116944609,400.154081522357,444.625268706758
"H06I04.6",90.3768948835463,99.1061034118473,74.1117431945558,100.55652248283,82.9715812080478,85.997479955628
"H10D18.5",37.9582958510894,31.5832637246546,35.9971324087842,37.7086959310614,33.6087417551586,42.998739977814
"H10E21.1",18.0753789767093,35.939575962538,19.0573053928858,12.5695653103538,22.0557367768228,17.3824693527333
"H10E21.4",0,1.08907805947085,0,46.4107026843833,34.6590149350073,27.4460042411579
"H10E21.5",66.8789022138242,56.6320590924842,70.9355256290748,75.4173918621228,63.0163907909224,64.9555433707403
"H11E01.3",91.2806638323817,104.551493709202,99.5214837184035,91.8545157295085,110.278683884114,91.4866808038596
"H14A12.3",54.2261369301278,46.8303565572465,46.5845242937208,67.6822747480589,54.6142053521327,51.2325412501614
"strm-1",41.5733716464313,39.2068101409506,38.1146107857715,64.781605830285,77.7202153088043,46.6582072099684
"H14E04.2",72.301515906837,68.6119177466635,56.1131769901637,66.7153851088009,89.27322028714,66.7852769868175
"H14E04.3",20.7866858232156,18.5143270110044,11.6461310734302,11.6026756710958,28.3573758559151,15.5527357366561
"ttr-47",169.908562381067,184.054192050574,156.693399897061,190.477258933823,205.853543250346,185.717962031835
"H14N18.4",118.393732297446,137.223835493327,129.166180996226,105.39097067912,94.5245861863836,120.762418661095
"kcc-2",466.344777599099,416.027818717864,406.555848381563,450.570571894221,472.622930931918,436.39146743441
"fgt-1",395.850799589933,435.63122378834,471.138938879676,404.159869209838,413.80763286039,369.606190447593
"emc-1",527.80106611991,497.708673178178,469.021460502689,540.491308345213,544.04150716163,521.474080582
"H18N23.2",43.3809095441022,41.3849662598923,38.1146107857715,37.7086959310614,55.6644785319814,41.1690063617368
"zmp-2",1.80753789767093,1.08907805947085,3.17621756548096,4.83444819628992,11.5530049783358,2.74460042411579
"H20E11.1",50.6110611347859,42.4740443193631,59.2893945556446,27.0729098992236,21.0054635969741,36.5946723215438
"athp-2",106.644735962585,77.3245422224303,71.9942648175684,94.7551846472825,93.4743130065349,96.9758816520912
"madf-3",63.2638264184824,56.6320590924842,55.05443780167,48.3444819628992,35.709288114856,53.0622748662386
"H20J04.4",59.6487506231405,58.8102152114259,56.1131769901637,43.5100337666093,38.8601076544021,53.9771416742772
"pfd-2",170.812331329902,131.778445195973,148.223486389112,172.106355787921,144.937698819121,161.016558214793
"H20J04.6",42.4771405952668,45.7412784977757,55.05443780167,74.4505022228648,44.1114735536457,75.0190782591649
"gnrr-5",7.2301515906837,16.3361708920627,7.41117431945558,12.5695653103538,14.7038245178819,12.8081353125403
"bgal-2",100.318353320736,107.818727887614,91.0515702104542,92.8214053687665,103.977044805022,95.146148036014
"sgca-1",43.3809095441022,51.1866687951299,49.7607418592017,57.0464887162211,57.7650248916789,55.8068752903543
"ugt-13",216.000778771676,267.913202629829,218.100272829693,371.285621475066,326.634958932948,296.416845804505
"ugt-8",53.3223679812923,71.8791519250761,58.230655367151,94.7551846472825,87.1726739274426,83.2528795315122
"H24G06.1",171.716100278738,159.005396682744,155.634660708567,185.642810737533,216.356275048834,197.611230536337
"H24K24.3",198.829168743802,186.232348169515,185.279357986389,164.371238673857,168.043708775793,180.228761183603
"trm-2A",167.197255534561,135.045679374385,138.694833692669,127.629432382054,139.686332919878,110.69888377267
"H25P19.1",12.6527652836965,16.3361708920627,21.1747837698731,21.2715720636757,14.7038245178819,19.2122029688105
"sacy-1",62.3600574696469,75.1463861034886,66.7005688751002,51.2451508806732,65.1169371506198,68.6150106028947
"rpb-5",198.829168743802,191.677738466869,174.691966101453,163.404349034599,141.786879279575,132.655687165596
"H28G03.1",385.909341152743,431.274911550456,381.146107857715,341.312042658069,367.595612947047,305.565513884891
"H28G03.2",48.803523237115,51.1866687951299,48.7020026707081,54.1458197984471,61.9661176110737,70.4447442189719
"H34C03.2",226.846006157701,224.350080250995,188.45557555187,217.550168833047,260.467748602479,195.78149692026
"H34I24.2",549.491520891961,510.777609891828,526.193376681346,515.352177724506,531.438229003445,631.258097546631
"H35B03.1",93.0882017300527,83.8590105792554,82.581656702505,94.7551846472825,81.9213080281991,55.8068752903543
"H35B03.2",50.6110611347859,32.6723417841255,43.4083067282398,32.8742477347715,25.206556316369,42.998739977814
"H41C03.1",2.71130684650639,7.62354641629595,4.23495675397461,24.1722409814496,23.1060099566715,17.3824693527333
"H41C03.3",28.0168374138993,32.6723417841255,34.9383932202906,33.8411373740295,31.5081953954612,28.3608710491965
"H42K12.3",0.903768948835463,1.08907805947085,2.11747837698731,91.8545157295085,109.228410704265,45.7433404019298
"H43E16.1",118.393732297446,144.847381909623,140.812312069656,95.7220742865405,93.4743130065349,122.592152277172
"H43I07.1",55.1299058789632,45.7412784977757,37.0558715972779,27.0729098992236,35.709288114856,40.2541395536982
"rpac-40",234.076157748385,180.786957872161,212.806576887224,144.06655624944,97.6754057259297,130.825953549519
"algn-5",77.7241295998498,67.5228396871927,75.1704823830494,74.4505022228648,91.3737666468375,76.848811875242
"sgcb-1",28.9206063627348,23.9597173083587,35.9971324087842,32.8742477347715,45.1617467334944,32.9352050893894
"K01A2.4",28.9206063627348,22.8706392488878,29.6446972778223,39.6424752095774,45.1617467334944,55.8068752903543
"K01A2.5",50.6110611347859,51.1866687951299,55.05443780167,106.357860318378,84.0218543878965,77.7636786832806
"mps-2",11.748996334861,9.80170253523765,17.9985662043921,16.4371238673857,9.45245861863836,19.2122029688105
"K01A2.10",37.054526902254,37.0286540220089,40.2320891627588,59.947157633995,57.7650248916789,49.4028076340842
"cbn-1",23.497992669722,28.3160295462421,40.2320891627588,62.847826551769,60.915844431225,42.0838731697754
"kcc-3",66.8789022138242,76.2354641629595,66.7005688751002,54.1458197984471,51.4633858125866,41.1690063617368
"K02A6.3",82.2429743440271,86.0371666981971,61.4068729326319,93.7882950080245,100.826225265476,116.188084620902
"pfkb-1.2",110.259811757926,106.729649828143,111.167614791834,140.198997692408,102.926771625173,102.465082500323
"mcu-1",36.1507579534185,35.939575962538,29.6446972778223,41.5762544880933,35.709288114856,26.5311374331193
"K02D7.1",702.228473245155,682.851943288223,696.650386028824,834.425758679641,779.30269944774,695.298774109333
"swt-1",83.1467432928626,83.8590105792554,65.6418296866065,35.7749166525454,77.7202153088043,75.0190782591649
"K02D10.1",237.691233543727,209.102987418403,239.275056599566,217.550168833047,197.451357811557,234.205902857881
"K02D10.4",20.7866858232156,19.6034050704753,23.2922621468604,38.6755855703194,36.7595612947047,30.1906046652737
"snap-29",169.004793432232,148.114616088036,182.103140420908,140.198997692408,123.932235222147,142.719222054021
"K02E10.4",3.61507579534185,1.08907805947085,1.05873918849365,32.8742477347715,32.5584685753099,25.6162706250807
"K02E10.7",18.9791479255447,13.0689367136502,10.5873918849365,17.4040135066437,18.9049172372767,14.6378689286175
"ahcy-1",3230.07022313794,3041.79502010208,3144.45538982615,3091.14617670778,2879.84905914515,3378.60312208653
"teg-4",291.013601525019,282.07121740295,263.62605793492,230.1197341434,287.774851278546,279.034376451772
"K02F2.5",139.180418120661,178.608801753219,146.106008012124,170.172576509405,107.127864344568,120.762418661095
"K02F3.2",319.934207887754,294.051076057129,330.32662681002,361.616725082486,316.132227134461,308.310114309007
"zip-2",389.524416948084,357.217603506439,399.144674062107,431.232779109061,418.008725579785,434.561733818333
"clec-149",99.4145843719009,114.353196244439,116.461310734302,99.5896328435724,110.278683884114,106.124549732477
"ceeh-1",45.1884474417731,42.4740443193631,62.4656121211256,58.9802679947371,47.2622930931918,52.1474080582
"K02F3.9",131.950266529978,166.62894309904,129.166180996226,130.530101299828,140.736606099727,118.932685045017
"moma-1",255.766612520436,222.171924132053,232.922621468604,211.748830997499,177.496167394431,223.227501161417
"K02F3.12",18.0753789767093,14.158014773121,28.5859580893287,10.6357860318378,12.6032781581845,17.3824693527333
"dhhc-10",18.0753789767093,30.4941856651838,24.351001335354,25.1391306207076,23.1060099566715,23.7865370090035
"tmem-135",50.6110611347859,57.721137151955,64.5830904981129,28.0397995384816,42.0109271939483,41.1690063617368
"K02G10.5",13.5565342325319,21.781561189417,12.7048702619238,15.4702342281278,17.854644057428,19.2122029688105
"mbl-1",50.6110611347859,62.0774493898384,79.405439137024,44.4769234058673,52.5136589924353,48.4879408260456
"lron-7",167.197255534561,179.69787981269,187.396836363377,245.589968371528,210.054635969741,204.015298192607
"K03A1.4",18.0753789767093,20.6924831299461,13.7636094504175,23.2053513421916,13.6535513380332,13.7230021205789
"K03B4.1",62.3600574696469,76.2354641629595,62.4656121211256,81.2187296976707,64.0666639707711,69.5298774109333
"K03B4.2",59.6487506231405,72.9682299845469,81.5229175140113,91.8545157295085,79.8207616685017,66.7852769868175
"K03B4.4",16.2678410790383,26.1378734273004,28.5859580893287,15.4702342281278,17.854644057428,10.9784016964632
"cpg-8",28.0168374138993,40.2958882004214,44.4670459167335,87.0200675332186,88.2229471072913,64.0406765627017
"clik-3",118.393732297446,113.264118184968,127.048702619238,121.828094546506,111.328957063963,149.123289710291
"rei-2",101.222122269572,104.551493709202,99.5214837184035,117.960535989474,122.881962042299,108.869150156593
"K03H6.2",33.4394511069121,30.4941856651838,33.8796540317969,22.2384617029336,21.0054635969741,22.8716702009649
"K03H6.5",8.13392053951917,20.6924831299461,15.8810878274048,8.70200675332186,4.20109271939483,12.8081353125403
"K04A8.1",145.506800762509,113.264118184968,101.638962095391,172.106355787921,157.540976977306,163.761158638909
"K04C2.2",471.767391292112,413.849662598923,400.203413250601,290.066891777395,293.026217177789,282.693843683926
"K04C2.3",82.2429743440271,69.7009958061344,56.1131769901637,114.092977432442,97.6754057259297,78.6785454913192
"K04F1.9",15.3640721302029,18.5143270110044,20.1160445813794,16.4371238673857,18.9049172372767,14.6378689286175
"K04F10.7",93.9919706788881,91.4825569955513,92.1103093989479,123.761873825022,110.278683884114,102.465082500323
"K04G7.1",55.1299058789632,42.4740443193631,39.1733499742652,82.1856193369287,78.770488488653,72.2744778350491
"nuo-4",683.24932531961,670.872084634043,668.064427939496,628.47826551769,656.420737405442,685.235239220908
"syf-2",70.4939780091661,105.640571768672,87.8753526449733,78.3180607798968,67.2174835103172,100.635348884246
"K05B2.2",22.5942237208866,19.6034050704753,24.351001335354,26.1060202599656,17.854644057428,22.8716702009649
"lect-2",38.8620647999249,62.0774493898384,47.6432634822144,58.0133783554791,54.6142053521327,57.6366089064315
"K05F1.6",65.9751332649888,58.8102152114259,57.1719161786573,46.4107026843833,57.7650248916789,45.7433404019298
"K05F1.10",42.4771405952668,42.4740443193631,32.8209148433033,40.6093648488354,53.563932172284,39.3392727456596
"atg-16.2",38.8620647999249,35.939575962538,26.4684797123413,43.5100337666093,40.9606540140996,42.998739977814
"dgk-5",35.246989004583,45.7412784977757,37.0558715972779,27.0729098992236,46.2120199133431,44.8284735938912
"K06A5.1",9.03768948835463,17.4252489515336,12.7048702619238,3.86755855703194,8.40218543878965,10.9784016964632
"knl-2",84.050512241698,50.0975907356591,96.3452661529225,112.159198153926,108.178137524417,112.528617388747
"acdh-3",312.70405629707,294.051076057129,339.855279506463,352.914718329164,352.891788429165,325.69258366174
"nmtn-1",17.1716100278738,15.2470928325919,26.4684797123413,13.5364549496118,29.4076490357638,18.2973361607719
"K06A9.1",153.640721302029,136.134757433856,164.104574216516,188.543479655307,182.747533293675,195.78149692026
"K06A9.2",18.0753789767093,16.3361708920627,21.1747837698731,37.7086959310614,31.5081953954612,20.1270697768491
"K06H7.2",43.3809095441022,34.8504979030672,28.5859580893287,38.6755855703194,33.6087417551586,31.1054714733123
"vms-1",82.2429743440271,94.7497911739639,105.873918849365,80.2518400584127,76.6699421289556,96.0610148440526
"idi-1",48.803523237115,80.5917764008429,82.581656702505,53.1789301591892,52.5136589924353,46.6582072099684
"K07B1.4",32.5356821580767,32.6723417841255,32.8209148433033,33.8411373740295,29.4076490357638,26.5311374331193
"acl-14",217.808316669347,262.467812332475,261.508579557932,278.4642161063,240.512558185354,242.439704130228
"tos-1",107.54850491142,96.9279472929056,104.815179660872,71.5498333050909,101.876498445325,73.1893446430877
"K07B1.7",18.9791479255447,11.9798586541793,9.52865269644288,12.5695653103538,15.7540976977306,16.4676025446947
"cyp-35A5",23.497992669722,14.158014773121,20.1160445813794,5.80133783554791,10.5027317984871,6.40406765627017
"timp-1",47.8997542882795,43.563122378834,42.3495675397462,44.4769234058673,37.8098344745534,42.0838731697754
"K07C11.4",55.1299058789632,58.8102152114259,67.7593080635938,88.9538468117346,57.7650248916789,53.0622748662386
"cri-2",74.109053804508,65.344683568251,71.9942648175684,95.7220742865405,78.770488488653,85.0826131475894
"K07C11.7",265.708070957626,323.456183662842,286.91832008178,302.636457087749,269.920207221118,250.673505402575
"K07C11.8",28.9206063627348,35.939575962538,32.8209148433033,33.8411373740295,28.3573758559151,31.1054714733123
"cogc-6",65.0713643161533,63.1665274493093,66.7005688751002,76.3842815013808,59.8655712513763,50.3176744421228
"ephx-1",18.0753789767093,15.2470928325919,13.7636094504175,18.3709031459017,17.854644057428,20.1270697768491
"K07D4.9",23.497992669722,18.5143270110044,17.9985662043921,28.0397995384816,19.9551904171254,20.1270697768491
"K07E1.1",118.393732297446,117.620430422852,85.757874267986,129.56321166057,140.736606099727,143.63408886206
"K07E3.1",53.3223679812923,42.4740443193631,41.2908283512525,60.914047273253,73.5191225894094,79.5934122993578
"K07E3.2",21.6904547720511,20.6924831299461,21.1747837698731,33.8411373740295,28.3573758559151,24.7014038170421
"K07E3.4",412.118640668971,405.137038123156,403.379630816082,427.365220552029,430.61200373797,462.007738059491
"catp-5",180.753789767093,152.470928325919,131.283659373213,179.841472901985,189.049172372767,172.909826719295
"sdz-24",236.787464594891,186.232348169515,195.866749871326,204.980603522693,232.110372746564,226.886968393572
"K07E8.6",14.4603031813674,14.158014773121,12.7048702619238,14.5033445888698,10.5027317984871,17.3824693527333
"K07E8.7",37.054526902254,30.4941856651838,33.8796540317969,28.0397995384816,22.0557367768228,21.0419365848877
"tbce-1",27.1130684650639,39.2068101409506,29.6446972778223,33.8411373740295,27.3071026760664,31.1054714733123
"K07H8.2",148.218107609016,160.094474742215,140.812312069656,204.980603522693,181.697260113826,171.994959911256
"K07H8.10",2433.8497792139,2517.9484734966,2552.6201834582,1343.9765985686,1382.1595046809,1525.99783580838
"lido-8",25.305530567393,17.4252489515336,19.0573053928858,29.9735788169975,30.4579222156125,32.9352050893894
"lido-7",24.4017616185575,16.3361708920627,23.2922621468604,30.9404684562555,28.3573758559151,32.9352050893894
"ugt-19",133.757804427648,157.916318623273,122.813745865264,64.781605830285,73.5191225894094,75.9339450672035
"ugt-20",23.497992669722,31.5832637246546,33.8796540317969,22.2384617029336,21.0054635969741,15.5527357366561
"K08B5.2",18.0753789767093,17.4252489515336,13.7636094504175,18.3709031459017,24.1562831365203,10.9784016964632
"K08B12.1",0,0,0,29.9735788169975,29.4076490357638,20.1270697768491
"dmd-7",116.586194399775,123.065820720206,139.753572881162,93.7882950080245,88.2229471072913,101.550215692284
"K08B12.3",11.748996334861,20.6924831299461,14.8223486389112,4.83444819628992,10.5027317984871,13.7230021205789
"K08D9.4",45.1884474417731,26.1378734273004,19.0573053928858,66.7153851088009,50.4131126327379,27.4460042411579
"rpi-2",20.7866858232156,17.4252489515336,12.7048702619238,18.3709031459017,16.8043708775793,20.1270697768491
"K08D12.3",496.169152910669,455.234628858815,501.842375345992,458.305689008285,474.723477291615,437.306334242449
"K08D12.6",186.176403460105,163.361708920627,181.044401232415,253.325085485592,262.568294962177,261.651907099038
"cif-1",559.432979329152,575.033215400608,534.663290189295,531.789301591892,490.477574989346,533.367349086501
"miro-1",89.4731259347108,70.7900738656052,97.4040053414162,83.1525089761867,88.2229471072913,94.2312812279754
"K09C4.1",18.0753789767093,9.80170253523765,27.527218900835,16.4371238673857,23.1060099566715,24.7014038170421
"K09C4.10",45.1884474417731,44.6522004383048,46.5845242937208,32.8742477347715,36.7595612947047,34.7649387054666
"K09C6.9",5.42261369301278,6.5344683568251,13.7636094504175,27.0729098992236,19.9551904171254,23.7865370090035
"cyp-35A3",142.795493916003,137.223835493327,140.812312069656,16.4371238673857,43.061200373797,39.3392727456596
"K09E2.3",65.0713643161533,76.2354641629595,67.7593080635938,78.3180607798968,81.9213080281991,76.848811875242
"K09H9.5",56.0336748277987,40.2958882004214,45.5257851052271,42.5431441273513,39.9103808342508,47.573074018007
"acds-10",144.603031813674,152.470928325919,137.636094504175,169.205686870147,163.842616056398,150.03815651833
"ctsa-1",677.826711626597,749.285704915944,779.232042731329,695.193650626491,700.532210959087,795.934122993578
"K10B2.4",77.7241295998498,68.6119177466635,84.6991350794923,83.1525089761867,79.8207616685017,96.9758816520912
"ani-2",26.2092995162284,20.6924831299461,13.7636094504175,21.2715720636757,8.40218543878965,16.4676025446947
"K10B3.1",14.4603031813674,14.158014773121,16.9398270158985,33.8411373740295,29.4076490357638,29.2757378572351
"K10B3.5",18.0753789767093,18.5143270110044,24.351001335354,27.0729098992236,24.1562831365203,19.2122029688105
"gpcp-1",69.5902090603306,80.5917764008429,85.757874267986,89.9207364509926,72.4688494095607,67.7001437948561
"K10B4.3",46.9959853394441,59.8992932708967,60.3481337441383,53.1789301591892,50.4131126327379,56.7217420983929
"K10C2.1",1853.63011406153,1975.58759988012,2157.71046615007,1860.29566593236,1876.83817238964,2199.33980652478
"asp-14",730.245310659054,680.673787169281,613.009990137826,622.676927682142,508.332219046774,540.68628355081
"fah-1",400.36964433411,404.047960063685,384.322325423196,367.418062918034,356.042607968711,363.202122791323
"rnst-2",73.2052848556725,57.721137151955,66.7005688751002,69.6160540265749,105.027317984871,75.0190782591649
"hira-1",46.0922163906086,31.5832637246546,40.2320891627588,47.3775923236412,51.4633858125866,53.0622748662386
"pup-2",36.1507579534185,31.5832637246546,30.703436466316,31.9073580955135,21.0054635969741,33.850071897428
"cid-1",129.238959683471,108.907805947085,113.285093168821,84.1193986154447,120.781415682601,86.9123467636666
"gsto-3",9.94145843719009,13.0689367136502,16.9398270158985,14.5033445888698,25.206556316369,21.9568033929263
"K11C4.2",28.0168374138993,47.9194346167174,35.9971324087842,41.5762544880933,33.6087417551586,35.6798055135052
"cpt-4",119.297501246281,99.1061034118473,68.8180472520875,237.854851257464,171.194528315339,149.123289710291
"swt-7",142.795493916003,153.56000638539,160.928356651035,87.9869571724766,94.5245861863836,104.2948161164
"K11D12.7",30.7281442604057,40.2958882004214,47.6432634822144,30.9404684562555,43.061200373797,43.9136067858526
"K11D12.9",16.2678410790383,17.4252489515336,14.8223486389112,14.5033445888698,13.6535513380332,13.7230021205789
"K11G9.1",26.2092995162284,21.781561189417,16.9398270158985,25.1391306207076,17.854644057428,26.5311374331193
"slc-25A10",207.866858232156,216.726533834699,237.157578222578,213.682610276015,210.054635969741,207.674765424761
"K11G12.6",46.9959853394441,34.8504979030672,38.1146107857715,46.4107026843833,43.061200373797,42.998739977814
"K11H12.1",28.9206063627348,28.3160295462421,32.8209148433033,28.0397995384816,28.3573758559151,30.1906046652737
"K11H12.4",90.3768948835463,109.996884006556,121.75500667677,40.6093648488354,59.8655712513763,70.4447442189719
"K11H12.7",120.201270195117,139.401991612269,138.694833692669,170.172576509405,126.032781581845,148.208422902253
"K11H12.8",208.770627180992,204.74667518052,157.752139085554,267.828430074462,205.853543250346,224.142367969456
"K11H12.9",42.4771405952668,35.939575962538,38.1146107857715,36.7418062918034,35.709288114856,27.4460042411579
"sago-1",25.305530567393,34.8504979030672,29.6446972778223,38.6755855703194,34.6590149350073,36.5946723215438
"K12C11.1",395.850799589933,394.246257528447,374.793672726753,418.663213798707,331.886324832191,419.008998081677
"K12H4.2",28.0168374138993,23.9597173083587,17.9985662043921,21.2715720636757,16.8043708775793,19.2122029688105
"K12H4.3",274.745760445981,352.861291268555,358.912584899349,225.28528594711,216.356275048834,213.163966272993
"spcs-3",190.695248204283,157.916318623273,170.457009347478,204.980603522693,156.490703797457,200.355830960452
"K12H4.5",186.176403460105,197.123128764224,215.982794452705,174.040135066437,158.591250157155,185.717962031835
"K12H4.7",1830.13212139181,1754.50475380754,1826.32510015155,1711.39466148663,1553.35403299624,1788.56460971545
"K12H6.6",101.222122269572,118.709508482323,89.9928310219606,149.867894084988,113.42950342366,103.379949308361
"ostd-1",256.670381469271,214.548377715757,264.684797123413,300.702677809233,245.763924084597,283.608710491965
"M01B12.4",104.837198064914,82.7699325197845,76.2292215715431,80.2518400584127,69.3180298700146,86.9123467636666
"riok-1",142.795493916003,118.709508482323,145.047268823631,104.424081039862,97.6754057259297,117.10295142894
"M01E11.1",22.5942237208866,17.4252489515336,25.4097405238477,24.1722409814496,15.7540976977306,25.6162706250807
"M01E11.2",74.109053804508,74.0573080440178,84.6991350794923,64.781605830285,75.6196689491069,72.2744778350491
"pqn-52",143.699262864839,170.985255336923,190.573053928858,221.417727390078,174.345347854885,194.866630112221
"M01G5.1",53.3223679812923,60.9883713303676,74.1117431945558,40.6093648488354,47.2622930931918,47.573074018007
"M01G5.3",151.833183404358,164.450786980098,176.80944447844,175.007024705695,192.199991912313,199.440964152414
"trx-3",46.0922163906086,39.2068101409506,34.9383932202906,69.6160540265749,61.9661176110737,56.7217420983929
"M01H9.2",6.32638264184824,2.1781561189417,1.05873918849365,1.93377927851597,6.30163907909224,10.0635348884246
"M01H9.3",366.026424278362,323.456183662842,218.100272829693,518.25284664228,463.17047231328,456.518537211259
"M01H9.4",16.2678410790383,31.5832637246546,23.2922621468604,18.3709031459017,28.3573758559151,32.9352050893894
"algn-14",21.6904547720511,38.1177320814797,33.8796540317969,31.9073580955135,32.5584685753099,22.8716702009649
"bris-1",89.4731259347108,98.0170253523765,86.8166134564796,72.5167229443488,80.8710348483504,79.5934122993578
"zig-12",495.265383961834,531.470093021774,474.315156445157,595.604017782919,551.393419420571,505.006478037305
"M02D8.3",18.9791479255447,18.5143270110044,22.2335229583667,28.0397995384816,27.3071026760664,29.2757378572351
"asns-2",466.344777599099,453.056472739873,377.969890292234,670.054520005783,547.192326701176,590.089091184894
"M02E1.1",83.1467432928626,75.1463861034886,76.2292215715431,66.7153851088009,71.418576229712,67.7001437948561
"nlp-64",18.0753789767093,32.6723417841255,37.0558715972779,27.0729098992236,16.8043708775793,21.9568033929263
"clec-265",565.759361971,671.961162693514,703.002821159786,519.219736281538,623.862268830132,665.108169444059
"nhr-201",34.3432200557476,32.6723417841255,40.2320891627588,43.5100337666093,31.5081953954612,23.7865370090035
"nhr-202",18.9791479255447,21.781561189417,20.1160445813794,20.3046824244177,22.0557367768228,13.7230021205789
"nhr-203",32.5356821580767,37.0286540220089,28.5859580893287,16.4371238673857,19.9551904171254,19.2122029688105
"M02H5.8",38.8620647999249,20.6924831299461,45.5257851052271,50.2782612414152,42.0109271939483,36.5946723215438
"ipla-1",202.444244539144,148.114616088036,178.926922855427,154.702342281278,151.239337898214,128.081353125403
"atg-2",303.666366808716,242.864407261999,189.514314740364,428.332110191287,394.902715623114,329.352050893894
"M03A8.3",18.0753789767093,20.6924831299461,16.9398270158985,12.5695653103538,22.0557367768228,14.6378689286175
"M03D4.3",13.5565342325319,10.8907805947085,10.5873918849365,10.6357860318378,9.45245861863836,9.14866808038596
"M03D4.4",28.9206063627348,49.0085126761882,71.9942648175684,48.3444819628992,46.2120199133431,63.1258097546631
"memb-2",12.6527652836965,14.158014773121,8.46991350794923,18.3709031459017,15.7540976977306,19.2122029688105
"calu-1",426.578943850338,412.760584539452,475.373895633651,712.597664133135,634.365000628619,643.151366051133
"M03F8.3",244.017616185575,283.160295462421,258.332361992452,215.616389554531,214.255728689136,239.695103706112
"M4.1",33.4394511069121,43.563122378834,41.2908283512525,36.7418062918034,46.2120199133431,41.1690063617368
"rpa-2",223.230930362359,191.677738466869,179.985662043921,248.490637289302,264.668841321874,218.653167121224
"M04F3.4",93.0882017300527,82.7699325197845,97.4040053414162,125.695653103538,86.1224007475939,104.2948161164
"M04F3.5",43.3809095441022,38.1177320814797,39.1733499742652,52.2120405199312,48.3125662730405,47.573074018007
"M04G7.1",73.2052848556725,69.7009958061344,85.757874267986,87.9869571724766,84.0218543878965,81.423145915435
"M04G7.3",17.1716100278738,21.781561189417,33.8796540317969,27.0729098992236,22.0557367768228,25.6162706250807
"M57.2",66.8789022138242,99.1061034118473,85.757874267986,67.6822747480589,93.4743130065349,86.9123467636666
"endu-2",437.424171236364,349.594057090143,348.325193014412,348.080270132874,346.590149350073,376.010258103863
"M60.4",419.348792259655,496.619595118707,492.313722649549,495.047495300088,497.829487248287,484.879408260456
"M60.6",26.2092995162284,27.2269514867712,26.4684797123413,19.3377927851597,42.0109271939483,26.5311374331193
"M70.4",77.7241295998498,68.6119177466635,73.0530040060621,68.6491643873169,74.5693957692582,77.7636786832806
"M70.5",12.6527652836965,19.6034050704753,20.1160445813794,17.4040135066437,8.40218543878965,14.6378689286175
"mtss-1",138.276649171826,156.827240563802,153.51718233158,142.132776970924,134.434967020634,142.719222054021
"aak-1",57.8412127254696,42.4740443193631,43.4083067282398,16.4371238673857,26.2568294962177,11.8932685045017
"PDB1.1",55.1299058789632,62.0774493898384,74.1117431945558,61.880936912511,64.0666639707711,68.6150106028947
"R01B10.3",31.6319132092412,19.6034050704753,22.2335229583667,21.2715720636757,17.854644057428,19.2122029688105
"jamp-1",14.4603031813674,4.3563122378834,17.9985662043921,12.5695653103538,12.6032781581845,14.6378689286175
"R01B10.6",16.2678410790383,19.6034050704753,11.6461310734302,20.3046824244177,18.9049172372767,18.2973361607719
"ger-1",137.37288022299,136.134757433856,128.107441807732,124.72876346428,117.630596143055,117.10295142894
"nhr-204",28.9206063627348,31.5832637246546,21.1747837698731,28.0397995384816,33.6087417551586,29.2757378572351
"R02C2.7",36.1507579534185,62.0774493898384,50.8194810476954,23.2053513421916,34.6590149350073,23.7865370090035
"aass-1",676.019173728926,747.107548797003,682.886776578407,918.545157295085,1022.96607717264,929.504676967213
"cogc-8",34.3432200557476,52.2757468546008,39.1733499742652,39.6424752095774,52.5136589924353,43.9136067858526
"gtf-2H1",43.3809095441022,51.1866687951299,51.878220236189,29.0066891777395,46.2120199133431,26.5311374331193
"R02D3.4",58.7449816743051,52.2757468546008,42.3495675397462,43.5100337666093,39.9103808342508,45.7433404019298
"fnta-1",83.1467432928626,67.5228396871927,67.7593080635938,59.947157633995,89.27322028714,92.4015476118982
"R02D3.7",34.3432200557476,41.3849662598923,40.2320891627588,59.947157633995,40.9606540140996,38.424405937621
"R02D3.8",19.8829168743802,21.781561189417,20.1160445813794,13.5364549496118,15.7540976977306,10.0635348884246
"mop-25.1",133.757804427648,149.203694147506,130.224920184719,196.278596769371,173.295074675037,186.632828839874
"hrg-1",190.695248204283,206.924831299461,192.690532305845,233.987292700432,220.557367768228,201.270697768491
"R02F2.1",80.4354364463562,58.8102152114259,60.3481337441383,76.3842815013808,79.8207616685017,85.997479955628
"osg-1",12.6527652836965,11.9798586541793,6.35243513096192,7.73511711406388,17.854644057428,5.48920084823158
"R02F2.7",160.870872892712,123.065820720206,132.342398561707,79.2849504191547,106.077591164719,97.8907484601298
"R02F2.8",26.2092995162284,17.4252489515336,25.4097405238477,25.1391306207076,16.8043708775793,28.3608710491965
"R02F2.9",75.0128227533434,83.8590105792554,89.9928310219606,87.0200675332186,68.2677566901659,97.8907484601298
"R02F11.1",0,0,0,31.9073580955135,22.0557367768228,17.3824693527333
"R02F11.2",41.5733716464313,43.563122378834,49.7607418592017,56.0795990769631,50.4131126327379,43.9136067858526
"R02F11.3",43.3809095441022,55.5429810330133,66.7005688751002,48.3444819628992,58.8152980715276,57.6366089064315
"R02F11.4",39.7658337487604,28.3160295462421,41.2908283512525,40.6093648488354,43.061200373797,46.6582072099684
"R03E9.2",18.0753789767093,20.6924831299461,17.9985662043921,29.9735788169975,19.9551904171254,28.3608710491965
"abts-4",72.301515906837,75.1463861034886,82.581656702505,99.5896328435724,110.278683884114,93.3164144199368
"gpx-7",45.1884474417731,40.2958882004214,50.8194810476954,51.2451508806732,32.5584685753099,42.0838731697754
"R03H10.2",131.950266529978,182.965113991103,157.752139085554,151.801673363504,152.289611078062,171.080093103217
"R03H10.6",38.8620647999249,30.4941856651838,35.9971324087842,8.70200675332186,13.6535513380332,7.31893446430877
"R03H10.7",22.5942237208866,14.158014773121,24.351001335354,28.0397995384816,23.1060099566715,21.9568033929263
"nrde-3",47.8997542882795,52.2757468546008,68.8180472520875,54.1458197984471,53.563932172284,69.5298774109333
"R04A9.3",26.2092995162284,27.2269514867712,35.9971324087842,20.3046824244177,16.8043708775793,27.4460042411579
"ceh-93",17.1716100278738,25.0487953678295,12.7048702619238,27.0729098992236,22.0557367768228,31.1054714733123
"R04B3.2",24.4017616185575,16.3361708920627,15.8810878274048,24.1722409814496,35.709288114856,29.2757378572351
"cnnm-2",68.6864401114952,70.7900738656052,77.2879607600367,72.5167229443488,69.3180298700146,53.0622748662386
"R04E5.8",60.552519571976,58.8102152114259,76.2292215715431,48.3444819628992,66.1672103304685,81.423145915435
"arrd-26",9.03768948835463,7.62354641629595,9.52865269644288,6.76822747480589,8.40218543878965,3.65946723215438
"mca-2",424.771405952668,425.829521253102,436.200545659385,476.676592154186,455.818560054339,475.73074018007
"R05D3.2",84.9542811905335,90.3934789360805,83.6403958909986,150.834783724246,109.228410704265,102.465082500323
"R05D3.8",15.3640721302029,19.6034050704753,12.7048702619238,26.1060202599656,27.3071026760664,14.6378689286175
"R05D3.9",144.603031813674,135.045679374385,125.989963430745,196.278596769371,163.842616056398,176.569293951449
"met-2",104.837198064914,102.37333759026,102.697701283884,120.861204907248,112.379230243812,93.3164144199368
"R05D3.12",13.5565342325319,13.0689367136502,14.8223486389112,8.70200675332186,19.9551904171254,11.8932685045017
"btbd-10",53.3223679812923,51.1866687951299,57.1719161786573,56.0795990769631,71.418576229712,70.4447442189719
"R05F9.6",882.078494063412,867.995213398267,735.823736003089,918.545157295085,805.559528943958,875.527535292936
"R05F9.9",64.1675953673179,49.0085126761882,43.4083067282398,70.5829436658329,52.5136589924353,59.4663425225087
"sgt-1",899.250104091285,789.581593116366,733.706257626102,1009.43278338534,769.850240829102,913.037074422519
"aagr-2",545.87644509662,543.449951675954,556.896813147662,439.934785862383,409.606540140996,487.624008684572
"R05G6.4",41.5733716464313,34.8504979030672,46.5845242937208,58.0133783554791,44.1114735536457,53.0622748662386
"vdac-1",1906.04871309399,1864.50163781409,1833.73627447101,2098.15051718983,2028.07751028785,2033.7489142698
"R05G6.10",80.4354364463562,70.7900738656052,79.405439137024,85.0862882547027,67.2174835103172,50.3176744421228
"twk-49",147.31433866018,167.718021158511,157.752139085554,131.496990939086,138.636059740029,113.443484196786
"R05H11.1",22.5942237208866,16.3361708920627,12.7048702619238,18.3709031459017,15.7540976977306,21.0419365848877
"R05H11.2",10.8452273860256,18.5143270110044,14.8223486389112,15.4702342281278,14.7038245178819,22.8716702009649
"R06A10.4",16.2678410790383,21.781561189417,21.1747837698731,22.2384617029336,28.3573758559151,15.5527357366561
"clec-150",167.197255534561,142.669225790681,141.87105125815,176.940803984211,157.540976977306,197.611230536337
"tbc-10",39.7658337487604,67.5228396871927,48.7020026707081,54.1458197984471,43.061200373797,43.9136067858526
"fbxc-36",15.3640721302029,10.8907805947085,12.7048702619238,9.66889639257985,17.854644057428,10.9784016964632
"R07E4.1",27.1130684650639,32.6723417841255,24.351001335354,27.0729098992236,44.1114735536457,27.4460042411579
"R07E4.3",125.623883888129,115.44227430391,130.224920184719,145.033445888698,117.630596143055,125.336752701288
"R07E4.5",21.6904547720511,27.2269514867712,27.527218900835,20.3046824244177,28.3573758559151,21.9568033929263
"npp-21",631.734495235988,554.340732270662,619.362425268787,359.68294580397,423.260091479029,385.158926184249
"pgam-5",70.4939780091661,64.2556055087801,73.0530040060621,67.6822747480589,72.4688494095607,79.5934122993578
"R07G3.7",22.5942237208866,21.781561189417,25.4097405238477,31.9073580955135,28.3573758559151,31.1054714733123
"R07G3.8",94.8957396277236,88.2153228171388,80.4641783255177,106.357860318378,105.027317984871,115.273217812863
"chat-1",96.7032775253945,107.818727887614,119.637528299783,137.298328774634,140.736606099727,125.336752701288
"htz-1",176.234945022915,156.827240563802,203.277924190782,184.675921098275,228.959553207018,236.035636473958
"wapl-1",80.4354364463562,84.9480886387262,98.4627445299098,93.7882950080245,81.9213080281991,74.1042114511263
"R08C7.12",26.2092995162284,27.2269514867712,27.527218900835,16.4371238673857,17.854644057428,18.2973361607719
"R08E3.1",967.936544202781,927.894506669164,837.46269809848,1112.88997478594,1011.4130721943,1075.88336625339
"R08E3.3",22.5942237208866,19.6034050704753,17.9985662043921,10.6357860318378,8.40218543878965,17.3824693527333
"ztf-16",61.4562885208115,60.9883713303676,45.5257851052271,87.0200675332186,87.1726739274426,87.8272135717052
"cysl-3",90.3768948835463,77.3245422224303,96.3452661529225,60.914047273253,56.7147517118302,79.5934122993578
"R08E5.3",18.9791479255447,25.0487953678295,19.0573053928858,17.4040135066437,29.4076490357638,31.1054714733123
"R08F11.1",74.109053804508,88.2153228171388,89.9928310219606,70.5829436658329,68.2677566901659,75.9339450672035
"cyp-33C8",119.297501246281,127.422132958089,122.813745865264,73.4836125836068,94.5245861863836,90.571813995821
"R08F11.4",40.6696026975958,42.4740443193631,40.2320891627588,45.4438130451253,45.1617467334944,47.573074018007
"R08F11.7",1.80753789767093,4.3563122378834,7.41117431945558,26.1060202599656,28.3573758559151,16.4676025446947
"ergo-1",150.929414455522,129.600289077031,121.75500667677,133.430770217602,157.540976977306,149.123289710291
"R09A1.3",22.5942237208866,13.0689367136502,20.1160445813794,27.0729098992236,13.6535513380332,20.1270697768491
"hacd-1",53.3223679812923,54.4539029735425,64.5830904981129,26.1060202599656,27.3071026760664,52.1474080582
"R09B5.11",13.5565342325319,20.6924831299461,17.9985662043921,9.66889639257985,9.45245861863836,6.40406765627017
"sti-1",578.412127254696,641.46697702833,528.310855058333,1072.28060993711,850.721275677452,893.824871453708
"R09F10.1",188.887710306612,188.410504288457,177.868183666934,187.576590016049,169.093981955642,160.101691406754
"R09F10.3",10.8452273860256,11.9798586541793,16.9398270158985,2.90066891777395,9.45245861863836,16.4676025446947
"R09F10.5",24.4017616185575,20.6924831299461,12.7048702619238,18.3709031459017,27.3071026760664,22.8716702009649
"cdh-1",75.9165917021789,60.9883713303676,79.405439137024,68.6491643873169,101.876498445325,96.0610148440526
"R11F4.1",529.608604017581,497.708673178178,407.614587570057,512.451508806732,572.398883017545,499.517277189073
"R11F4.3",3.61507579534185,5.44539029735425,7.41117431945558,7.73511711406388,5.25136589924353,6.40406765627017
"R11G1.6",106.644735962585,100.195181471318,116.461310734302,106.357860318378,129.183601121391,119.847551853056
"gldc-1",771.818682305485,763.443719689065,795.113130558734,540.491308345213,588.152980715276,640.406765627017
"frpr-16",16.2678410790383,18.5143270110044,8.46991350794923,28.0397995384816,24.1562831365203,19.2122029688105
"R12C12.5",147.31433866018,201.479441002107,183.161879609402,189.510369294565,162.792342876549,163.761158638909
"R12C12.6",64.1675953673179,58.8102152114259,56.1131769901637,76.3842815013808,63.0163907909224,57.6366089064315
"R12C12.7",71.3977469580016,57.721137151955,62.4656121211256,43.5100337666093,39.9103808342508,47.573074018007
"R12C12.9",209.674396129827,215.637455775228,187.396836363377,214.649499915273,195.350811451859,192.122029688105
"kel-20",35.246989004583,18.5143270110044,20.1160445813794,38.6755855703194,36.7595612947047,29.2757378572351
"suco-1",182.561327664763,132.867523255444,114.343832357315,337.444484101037,247.864470444295,255.247839442768
"R12E2.11",316.319132092412,291.872919938188,261.508579557932,436.067227305351,393.852442443265,364.116989599361
"mrps-6",62.3600574696469,64.2556055087801,53.9956986131763,63.814716191027,67.2174835103172,65.8704101787789
"R12E2.13",82.2429743440271,86.0371666981971,102.697701283884,108.291639596894,81.9213080281991,92.4015476118982
"R13A1.5",18.9791479255447,14.158014773121,10.5873918849365,24.1722409814496,17.854644057428,19.2122029688105
"ttr-32",22.5942237208866,31.5832637246546,28.5859580893287,75.4173918621228,44.1114735536457,53.0622748662386
"ttr-8",64.1675953673179,60.9883713303676,49.7607418592017,161.470569756083,156.490703797457,141.804355245982
"mfsd-6",173.523638176409,157.916318623273,182.103140420908,165.338128313115,159.641523337003,139.059754821867
"R13A5.10",45.1884474417731,55.5429810330133,43.4083067282398,65.748495469543,44.1114735536457,72.2744778350491
"R13D7.2",159.967103943877,141.58014773121,122.813745865264,210.781941358241,201.652450530952,210.419365848877
"R13D11.4",43.3809095441022,45.7412784977757,62.4656121211256,45.4438130451253,51.4633858125866,37.5095391295824
"cra-1",274.745760445981,298.407388295013,246.686230919021,220.45083775082,261.518021782328,235.120769665919
"R13H7.2",55.1299058789632,30.4941856651838,43.4083067282398,57.0464887162211,42.0109271939483,34.7649387054666
"gcp-2.1",550.395289840797,522.757468546008,539.956986131763,496.981274578604,485.226209090102,509.580812077498
"R119.2",44.2846784929377,29.4051076057129,40.2320891627588,38.6755855703194,42.0109271939483,33.850071897428
"R119.3",53.3223679812923,41.3849662598923,52.9369594246827,35.7749166525454,40.9606540140996,40.2541395536982
"pcf-11",104.837198064914,108.907805947085,106.932658037859,78.3180607798968,101.876498445325,93.3164144199368
"R144.3",12.6527652836965,22.8706392488878,20.1160445813794,20.3046824244177,14.7038245178819,19.2122029688105
"wip-1",32.5356821580767,25.0487953678295,28.5859580893287,52.2120405199312,33.6087417551586,40.2541395536982
"smcr-8",34.3432200557476,17.4252489515336,29.6446972778223,29.0066891777395,32.5584685753099,30.1906046652737
"R144.6",33.4394511069121,58.8102152114259,39.1733499742652,51.2451508806732,50.4131126327379,50.3176744421228
"larp-1",1264.37275942081,1208.87664601264,1155.08445464658,1081.94950632968,1144.79776603509,1066.734698173
"R144.11",40.6696026975958,37.0286540220089,31.7621756548096,39.6424752095774,30.4579222156125,24.7014038170421
"lmtr-5",53.3223679812923,45.7412784977757,34.9383932202906,45.4438130451253,42.0109271939483,41.1690063617368
"R148.3",197.021630846131,243.95348532147,221.276490395174,250.424416567818,223.708187307774,249.758638594537
"R148.5",30.7281442604057,42.4740443193631,32.8209148433033,65.748495469543,57.7650248916789,53.0622748662386
"R151.1",75.9165917021789,86.0371666981971,82.581656702505,84.1193986154447,90.3234934669888,88.7420803797438
"R151.2",350.66235214816,287.516607700304,290.094537647261,277.497326467042,291.97594399794,291.842511764312
"R151.6",74.109053804508,69.7009958061344,69.8767864405811,68.6491643873169,72.4688494095607,65.8704101787789
"hsp-75",318.126669990083,292.961997997659,317.621756548096,295.868229612943,311.931134415066,300.076313036659
"R151.8",38.8620647999249,30.4941856651838,45.5257851052271,36.7418062918034,29.4076490357638,36.5946723215438
"pfd-5",142.795493916003,124.154898779677,131.283659373213,188.543479655307,170.14425513549,164.676025446947
"R151.10",46.0922163906086,51.1866687951299,35.9971324087842,43.5100337666093,44.1114735536457,32.0203382813509
"pde-4",159.063334995041,174.252489515336,164.104574216516,175.973914344953,178.54644057428,172.909826719295
"mboa-6",209.674396129827,235.240860845703,238.216317411072,235.921071978948,219.50709458838,252.503239018652
"R173.3",27.1130684650639,28.3160295462421,25.4097405238477,22.2384617029336,17.854644057428,14.6378689286175
"flp-26",18.9791479255447,15.2470928325919,14.8223486389112,33.8411373740295,16.8043708775793,24.7014038170421
"R193.2",1366.49865063922,1672.82389934722,1751.1546177685,1518.98362327429,1512.39337898214,1291.7919329505
"gcy-28",271.130684650639,234.151782786233,264.684797123413,230.1197341434,299.327856256881,263.481640715116
"T01B6.1",16.2678410790383,21.781561189417,8.46991350794923,21.2715720636757,21.0054635969741,24.7014038170421
"aakg-4",32.5356821580767,35.939575962538,53.9956986131763,50.2782612414152,42.0109271939483,34.7649387054666
"eppl-1",258.477919366942,282.07121740295,304.916886286172,140.198997692408,180.646986933978,225.972101585533
"lmd-5",118.393732297446,113.264118184968,106.932658037859,222.384617029336,222.657914127926,185.717962031835
"aak-2",280.168374138993,259.200578154062,238.216317411072,352.914718329164,318.232773494158,273.54517560354
"T01C8.2",106.644735962585,108.907805947085,102.697701283884,132.463880578344,131.284147481088,168.335492679102
"got-1.2",487.131463422314,477.016190048232,560.073030713143,562.729770048147,513.583584946017,536.111949510617
"T01D1.3",14.4603031813674,20.6924831299461,25.4097405238477,31.9073580955135,29.4076490357638,26.5311374331193
"T01D1.4",12.6527652836965,15.2470928325919,8.46991350794923,23.2053513421916,19.9551904171254,19.2122029688105
"nhr-212",24.4017616185575,25.0487953678295,10.5873918849365,19.3377927851597,26.2568294962177,23.7865370090035
"T02B11.3",357.892503738843,417.116896777335,349.383932202906,496.981274578604,395.952988802962,526.048414622193
"T02B11.4",112.971118604433,101.284259530789,92.1103093989479,31.9073580955135,50.4131126327379,24.7014038170421
"T02C5.1",570.278206715177,581.567683757434,569.601683409586,710.663884854619,550.343146240722,647.725700091326
"igcm-3",57.8412127254696,59.8992932708967,75.1704823830494,81.2187296976707,105.027317984871,105.209682924439
"T02G5.7",421.156330157326,461.76909721564,479.608852387625,311.338463841071,358.143154328409,353.138587902898
"mmaa-1",77.7241295998498,72.9682299845469,82.581656702505,88.9538468117346,79.8207616685017,119.847551853056
"T02H6.1",181.657558715928,176.430645634278,167.280791781997,129.56321166057,124.982508401996,142.719222054021
"thoc-1",37.9582958510894,26.1378734273004,34.9383932202906,25.1391306207076,33.6087417551586,34.7649387054666
"T02H6.11",494.361615012998,504.243141535003,563.249248278624,573.365556079985,506.231672687077,555.324152479428
"T03D3.5",9.03768948835463,6.5344683568251,17.9985662043921,10.6357860318378,12.6032781581845,6.40406765627017
"uba-5",73.2052848556725,89.3044008766096,80.4641783255177,97.6558535650564,85.0721275677452,81.423145915435
"pgk-1",547.68398299429,540.182717497541,536.780768566282,563.696659687405,586.052434355578,518.729480157884
"tfbm-1",36.1507579534185,31.5832637246546,35.9971324087842,21.2715720636757,18.9049172372767,19.2122029688105
"guk-1",169.004793432232,187.321426228986,157.752139085554,174.040135066437,174.345347854885,171.080093103217
"clec-53",25.305530567393,38.1177320814797,32.8209148433033,41.5762544880933,42.0109271939483,41.1690063617368
"T03F1.11",209.674396129827,166.62894309904,176.80944447844,208.848162079725,153.339884257911,184.803095223796
"T03G6.1",0.903768948835463,0,0,49.3113716021572,51.4633858125866,29.2757378572351
"T03G6.3",254.862843571601,260.289656213533,230.805143091617,243.656189093012,236.311465465959,193.036896496144
"mans-3",45.1884474417731,56.6320590924842,26.4684797123413,36.7418062918034,42.0109271939483,41.1690063617368
"T03G11.6",18.0753789767093,17.4252489515336,14.8223486389112,24.1722409814496,21.0054635969741,22.8716702009649
"T04A6.1",29.8243753115703,40.2958882004214,21.1747837698731,60.914047273253,54.6142053521327,33.850071897428
"T04B8.5",93.0882017300527,100.195181471318,106.932658037859,125.695653103538,118.680869322904,130.825953549519
"T04C4.1",71.3977469580016,51.1866687951299,53.9956986131763,103.457191400604,140.736606099727,97.8907484601298
"T04C9.1",191.599017153118,181.876035931632,179.985662043921,242.689299453754,223.708187307774,218.653167121224
"attf-5",37.9582958510894,33.7614198435963,26.4684797123413,34.8080270132875,37.8098344745534,32.9352050893894
"T04G9.4",28.0168374138993,37.0286540220089,26.4684797123413,51.2451508806732,42.0109271939483,45.7433404019298
"trap-2",321.741745785425,395.335335587918,401.262152439095,470.875254318638,377.048071565686,451.029336363028
"T05A7.1",45.1884474417731,40.2958882004214,38.1146107857715,38.6755855703194,44.1114735536457,39.3392727456596
"fut-6",28.0168374138993,35.939575962538,24.351001335354,37.7086959310614,25.206556316369,32.9352050893894
"T05A8.3",37.9582958510894,51.1866687951299,55.05443780167,58.0133783554791,46.2120199133431,56.7217420983929
"nep-2",177.138713971751,184.054192050574,197.984228248313,186.609700376791,168.043708775793,166.505759063024
"T05A12.3",76.8203606510143,89.3044008766096,75.1704823830494,94.7551846472825,96.625132546081,95.146148036014
"T05A12.4",68.6864401114952,70.7900738656052,73.0530040060621,54.1458197984471,63.0163907909224,61.2960761385859
"phat-4",37.9582958510894,27.2269514867712,30.703436466316,58.0133783554791,50.4131126327379,66.7852769868175
"phat-5",24.4017616185575,37.0286540220089,28.5859580893287,20.3046824244177,28.3573758559151,18.2973361607719
"T05B11.1",6.32638264184824,10.8907805947085,11.6461310734302,20.3046824244177,14.7038245178819,9.14866808038596
"clic-1",173.523638176409,148.114616088036,158.810878274048,228.185954864884,180.646986933978,177.484160759488
"T05C1.1",18.9791479255447,23.9597173083587,16.9398270158985,26.1060202599656,13.6535513380332,32.0203382813509
"camt-1",111.163580706762,92.5716350550222,95.2865269644288,131.496990939086,122.881962042299,116.188084620902
"T05C3.6",113.874887553268,121.976742660735,89.9928310219606,88.9538468117346,75.6196689491069,89.6569471877824
"T05E7.1",68.6864401114952,55.5429810330133,49.7607418592017,71.5498333050909,57.7650248916789,46.6582072099684
"T05E7.3",64.1675953673179,43.563122378834,45.5257851052271,55.1127094377051,53.563932172284,55.8068752903543
"T05E7.4",26.2092995162284,34.8504979030672,45.5257851052271,34.8080270132875,36.7595612947047,25.6162706250807
"let-355",118.393732297446,117.620430422852,92.1103093989479,64.781605830285,91.3737666468375,91.4866808038596
"acl-8",38.8620647999249,57.721137151955,35.9971324087842,37.7086959310614,38.8601076544021,29.2757378572351
"hpo-19",370.54526902254,383.355476933739,366.323759218804,391.590303899484,409.606540140996,364.116989599361
"erfa-1",333.490742120286,261.378734273004,320.797974113577,362.583614721744,327.685232112796,328.437184085856
"T05H4.10",95.7995085765591,93.660713114493,84.6991350794923,63.814716191027,73.5191225894094,63.1258097546631
"atp-4",276.553298343652,336.525120376492,323.974191679058,257.192644042624,308.78031487552,315.629048773316
"T05H4.15",14.4603031813674,15.2470928325919,14.8223486389112,16.4371238673857,24.1562831365203,22.8716702009649
"glb-25",37.9582958510894,26.1378734273004,22.2335229583667,29.9735788169975,23.1060099566715,24.7014038170421
"T06A1.5",39.7658337487604,37.0286540220089,34.9383932202906,48.3444819628992,29.4076490357638,43.9136067858526
"mel-46",75.0128227533434,71.8791519250761,75.1704823830494,44.4769234058673,69.3180298700146,57.6366089064315
"gtsf-1",15.3640721302029,14.158014773121,17.9985662043921,14.5033445888698,10.5027317984871,14.6378689286175
"lsy-13",74.109053804508,72.9682299845469,77.2879607600367,60.914047273253,42.0109271939483,54.8920084823158
"T06F4.1",42.4771405952668,40.2958882004214,50.8194810476954,51.2451508806732,42.0109271939483,39.3392727456596
"rrp-8",140.987956018332,124.154898779677,124.931224242251,65.748495469543,67.2174835103172,74.1042114511263
"nog-1",499.784228706011,416.027818717864,454.199111863777,167.271907591631,265.719114501723,224.142367969456
"T07A9.10",59.6487506231405,90.3934789360805,59.2893945556446,54.1458197984471,68.2677566901659,56.7217420983929
"tag-261",8.13392053951917,10.8907805947085,12.7048702619238,6.76822747480589,8.40218543878965,9.14866808038596
"T07D1.2",23.497992669722,18.5143270110044,12.7048702619238,10.6357860318378,18.9049172372767,21.0419365848877
"T07D3.4",24.4017616185575,22.8706392488878,19.0573053928858,9.66889639257985,14.7038245178819,21.9568033929263
"T07D3.9",82.2429743440271,67.5228396871927,83.6403958909986,71.5498333050909,78.770488488653,85.0826131475894
"T07E3.3",32.5356821580767,35.939575962538,49.7607418592017,38.6755855703194,44.1114735536457,38.424405937621
"T07E3.4",114.778656502104,81.6808544603137,70.9355256290748,142.132776970924,157.540976977306,139.974621629905
"brc-2",21.6904547720511,19.6034050704753,24.351001335354,27.0729098992236,18.9049172372767,25.6162706250807
"pdf-1",203.348013487979,213.459299656286,192.690532305845,252.358195846334,232.110372746564,187.547695647912
"T07F8.4",21.6904547720511,10.8907805947085,13.7636094504175,13.5364549496118,13.6535513380332,18.2973361607719
"T07F12.1",20.7866858232156,19.6034050704753,28.5859580893287,21.2715720636757,23.1060099566715,14.6378689286175
"T07F12.2",8.13392053951917,3.26723417841255,4.23495675397461,7.73511711406388,9.45245861863836,11.8932685045017
"T07F12.4",98.5108154230655,99.1061034118473,73.0530040060621,136.331439135376,119.731142502753,131.740820357558
"bath-46",12.6527652836965,20.6924831299461,19.0573053928858,4.83444819628992,17.854644057428,14.6378689286175
"bath-26",31.6319132092412,23.9597173083587,25.4097405238477,27.0729098992236,16.8043708775793,35.6798055135052
"T07H6.1",39.7658337487604,43.563122378834,44.4670459167335,40.6093648488354,71.418576229712,61.2960761385859
"epg-7",125.623883888129,127.422132958089,96.3452661529225,184.675921098275,187.998899192918,128.081353125403
"ttr-30",40.6696026975958,33.7614198435963,30.703436466316,68.6491643873169,56.7147517118302,42.0838731697754
"ttr-59",28.9206063627348,38.1177320814797,34.9383932202906,49.3113716021572,44.1114735536457,39.3392727456596
"T08B1.1",226.846006157701,201.479441002107,203.277924190782,185.642810737533,170.14425513549,224.142367969456
"T08B1.4",18.9791479255447,13.0689367136502,17.9985662043921,11.6026756710958,14.7038245178819,14.6378689286175
"rbm-5",86.7618190882044,83.8590105792554,70.9355256290748,73.4836125836068,98.7256789057784,78.6785454913192
"ech-1.2",623.600574696469,507.510375713416,552.661856393687,734.836125836068,741.492864973187,673.341970716407
"mrpl-23",116.586194399775,109.996884006556,104.815179660872,100.55652248283,88.2229471072913,124.421885893249
"math-39",19.8829168743802,17.4252489515336,12.7048702619238,15.4702342281278,16.8043708775793,15.5527357366561
"math-41",31.6319132092412,16.3361708920627,25.4097405238477,18.3709031459017,35.709288114856,26.5311374331193
"acdh-10",241.306309339069,230.88454860782,227.628925526136,450.570571894221,360.243700688106,325.69258366174
"ast-1",29.8243753115703,26.1378734273004,19.0573053928858,22.2384617029336,17.854644057428,20.1270697768491
"T08H10.1",522.378452426898,597.903854649496,658.535775243053,642.014720467302,562.946424398907,710.851509845989
"T09A12.5",45.1884474417731,45.7412784977757,37.0558715972779,50.2782612414152,57.7650248916789,47.573074018007
"pigv-1",29.8243753115703,25.0487953678295,25.4097405238477,22.2384617029336,17.854644057428,21.0419365848877
"T09B4.2",24.4017616185575,18.5143270110044,22.2335229583667,26.1060202599656,22.0557367768228,31.1054714733123
"T09B4.4",12.6527652836965,19.6034050704753,12.7048702619238,16.4371238673857,17.854644057428,22.8716702009649
"T09B4.5",45.1884474417731,69.7009958061344,58.230655367151,82.1856193369287,98.7256789057784,100.635348884246
"T09B4.8",879.367187216905,816.808544603137,717.825169798697,898.240474870668,828.665538900629,726.404245582645
"tin-44",285.590987832006,280.982139343479,291.153276835755,186.609700376791,184.848079653372,200.355830960452
"T10B5.3",131.046497581142,111.085962066027,141.87105125815,104.424081039862,116.580322963206,128.996219933442
"T10B5.4",28.0168374138993,37.0286540220089,22.2335229583667,29.0066891777395,32.5584685753099,23.7865370090035
"cct-7",823.333512389107,643.645133147272,685.004254955394,973.657866732791,895.883022410947,923.100609310943
"knl-3",28.0168374138993,30.4941856651838,22.2335229583667,33.8411373740295,25.206556316369,34.7649387054666
"T10B5.7",48.803523237115,42.4740443193631,51.878220236189,67.6822747480589,53.563932172284,55.8068752903543
"pcbd-1",52.4185990324568,67.5228396871927,69.8767864405811,86.0531778939606,75.6196689491069,93.3164144199368
"cerk-1",143.699262864839,160.094474742215,179.985662043921,106.357860318378,126.032781581845,112.528617388747
"ztf-4",76.8203606510143,63.1665274493093,75.1704823830494,86.0531778939606,71.418576229712,71.3596110270105
"T10B11.5",13.5565342325319,13.0689367136502,13.7636094504175,17.4040135066437,9.45245861863836,9.14866808038596
"T10B11.6",167.197255534561,132.867523255444,114.343832357315,202.079934604919,168.043708775793,171.080093103217
"hrde-4",39.7658337487604,20.6924831299461,28.5859580893287,14.5033445888698,31.5081953954612,24.7014038170421
"T10D4.6",15.3640721302029,11.9798586541793,15.8810878274048,15.4702342281278,24.1562831365203,21.0419365848877
"T10E9.1",10.8452273860256,17.4252489515336,16.9398270158985,12.5695653103538,19.9551904171254,18.2973361607719
"T10E9.2",18.0753789767093,3.26723417841255,23.2922621468604,19.3377927851597,15.7540976977306,26.5311374331193
"T10E9.3",27.1130684650639,33.7614198435963,38.1146107857715,27.0729098992236,22.0557367768228,32.0203382813509
"nuo-2",265.708070957626,212.370221596816,244.568752542034,222.384617029336,202.7027237108,231.461302433765
"T10E10.4",4.51884474417731,3.26723417841255,1.05873918849365,7.73511711406388,4.20109271939483,0
"T10F2.2",107.54850491142,107.818727887614,103.756440472378,126.662542742796,89.27322028714,117.10295142894
"prp-19",225.03846826003,235.240860845703,250.921187672996,235.921071978948,206.903816430195,250.673505402575
"syx-18",37.9582958510894,39.2068101409506,33.8796540317969,37.7086959310614,49.3628394528892,45.7433404019298
"T10H10.2",59.6487506231405,64.2556055087801,67.7593080635938,51.2451508806732,60.915844431225,55.8068752903543
"sav-1",37.054526902254,32.6723417841255,27.527218900835,28.0397995384816,28.3573758559151,25.6162706250807
"stt-3",398.562106436439,435.63122378834,436.200545659385,413.828765602417,388.601076544021,495.857809956919
"bcas-2",72.301515906837,84.9480886387262,91.0515702104542,64.781605830285,54.6142053521327,78.6785454913192
"gen-1",58.7449816743051,54.4539029735425,50.8194810476954,56.0795990769631,36.7595612947047,42.998739977814
"esyt-2",80.4354364463562,98.0170253523765,107.991397226353,82.1856193369287,97.6754057259297,80.5082791073964
"T12B3.2",72.301515906837,83.8590105792554,86.8166134564796,110.22541887541,116.580322963206,113.443484196786
"mob-3",35.246989004583,35.939575962538,37.0558715972779,37.7086959310614,30.4579222156125,40.2541395536982
"ari-2",60.552519571976,45.7412784977757,50.8194810476954,61.880936912511,54.6142053521327,36.5946723215438
"cec-6",16.2678410790383,17.4252489515336,21.1747837698731,14.5033445888698,16.8043708775793,15.5527357366561
"T12E12.3",34.3432200557476,34.8504979030672,39.1733499742652,23.2053513421916,17.854644057428,30.1906046652737
"pho-14",66.8789022138242,69.7009958061344,81.5229175140113,69.6160540265749,73.5191225894094,80.5082791073964
"lips-11",43.3809095441022,58.8102152114259,30.703436466316,23.2053513421916,22.0557367768228,21.0419365848877
"sut-1",38.8620647999249,35.939575962538,40.2320891627588,30.9404684562555,29.4076490357638,30.1906046652737
"T13C2.3",75.0128227533434,68.6119177466635,79.405439137024,47.3775923236412,63.0163907909224,72.2744778350491
"ssup-72",21.6904547720511,25.0487953678295,22.2335229583667,28.0397995384816,31.5081953954612,21.0419365848877
"T13C2.6",756.454610175282,761.265563570124,759.11599814995,785.114387077484,722.58794773591,771.232719176536
"T13C5.6",10.8452273860256,17.4252489515336,12.7048702619238,17.4040135066437,23.1060099566715,9.14866808038596
"tmc-1",44.2846784929377,45.7412784977757,44.4670459167335,33.8411373740295,44.1114735536457,38.424405937621
"spat-3",116.586194399775,89.3044008766096,82.581656702505,100.55652248283,106.077591164719,95.146148036014
"T14A8.2",80.4354364463562,103.462415649731,110.10887560334,118.927425628732,89.27322028714,147.293556094214
"T14B4.1",193.406555050789,177.519723693748,189.514314740364,137.298328774634,162.792342876549,130.825953549519
"mrps-18.C",48.803523237115,38.1177320814797,64.5830904981129,44.4769234058673,48.3125662730405,42.0838731697754
"T14B4.3",24.4017616185575,34.8504979030672,32.8209148433033,18.3709031459017,27.3071026760664,32.0203382813509
"T14B4.8",16.2678410790383,20.6924831299461,43.4083067282398,11.6026756710958,21.0054635969741,27.4460042411579
"svh-2",74.109053804508,54.4539029735425,75.1704823830494,43.5100337666093,64.0666639707711,63.1258097546631
"dop-3",17.1716100278738,16.3361708920627,15.8810878274048,16.4371238673857,19.9551904171254,26.5311374331193
"vha-15",939.919706788881,883.242306230859,920.044354800985,904.041812706216,802.408709404412,977.07775098522
"T14F9.2",40.6696026975958,31.5832637246546,23.2922621468604,26.1060202599656,28.3573758559151,33.850071897428
"hex-1",105.740967013749,107.818727887614,106.932658037859,107.324749957636,98.7256789057784,103.379949308361
"T14G11.1",54.2261369301278,65.344683568251,62.4656121211256,63.814716191027,66.1672103304685,65.8704101787789
"immt-1",498.880459757175,492.263282880824,469.021460502689,488.279267825282,449.516920975246,490.368609108687
"T15B7.1",105.740967013749,115.44227430391,95.2865269644288,107.324749957636,73.5191225894094,80.5082791073964
"hpo-8",75.0128227533434,53.3648249140716,67.7593080635938,58.9802679947371,63.0163907909224,69.5298774109333
"T15B12.1",96.7032775253945,83.8590105792554,103.756440472378,89.9207364509926,96.625132546081,100.635348884246
"pals-25",4.51884474417731,8.71262447576679,10.5873918849365,6.76822747480589,8.40218543878965,6.40406765627017
"nmt-1",159.967103943877,163.361708920627,147.164747200618,129.56321166057,95.5748593662323,152.782756942446
"T17H7.7",28.9206063627348,35.939575962538,28.5859580893287,38.6755855703194,19.9551904171254,20.1270697768491
"ttc-17",133.757804427648,125.243976839148,131.283659373213,149.867894084988,145.98797199897,130.825953549519
"T19A5.3",3.61507579534185,1.08907805947085,1.05873918849365,71.5498333050909,63.0163907909224,29.2757378572351
"pamn-1",47.8997542882795,53.3648249140716,52.9369594246827,71.5498333050909,76.6699421289556,68.6150106028947
"T19B4.3",183.465096613599,218.904689953641,191.631793117351,207.881272440467,181.697260113826,204.015298192607
"T19B4.5",63.2638264184824,59.8992932708967,63.5243513096192,74.4505022228648,63.0163907909224,80.5082791073964
"best-17",38.8620647999249,37.0286540220089,33.8796540317969,33.8411373740295,27.3071026760664,25.6162706250807
"T19C3.3",23.497992669722,37.0286540220089,28.5859580893287,60.914047273253,50.4131126327379,43.9136067858526
"T19C3.4",103.933429116078,90.3934789360805,94.2277877759352,100.55652248283,99.7759520856271,90.571813995821
"T19C3.5",33.4394511069121,41.3849662598923,40.2320891627588,32.8742477347715,34.6590149350073,29.2757378572351
"ttr-7",37.9582958510894,37.0286540220089,46.5845242937208,49.3113716021572,31.5081953954612,33.850071897428
"lgc-32",22.5942237208866,32.6723417841255,42.3495675397462,35.7749166525454,59.8655712513763,43.9136067858526
"rund-1",27.1130684650639,31.5832637246546,24.351001335354,35.7749166525454,23.1060099566715,21.9568033929263
"T19D7.7",18.9791479255447,30.4941856651838,20.1160445813794,18.3709031459017,18.9049172372767,21.0419365848877
"T19D12.1",431.097788594516,443.254770204636,405.497109193069,394.490972817258,380.198891105232,415.349530849523
"T19D12.2",4.51884474417731,7.62354641629595,10.5873918849365,6.76822747480589,11.5530049783358,10.0635348884246
"T19D12.4",1855.43765195921,2116.07866955186,2209.58868638626,1627.27526287119,1791.76604482189,1945.92170069809
"T19D12.6",147.31433866018,174.252489515336,159.869617462542,148.90100444573,144.937698819121,124.421885893249
"oig-8",49.7072921859505,41.3849662598923,30.703436466316,46.4107026843833,39.9103808342508,37.5095391295824
"T19D12.9",48.803523237115,51.1866687951299,46.5845242937208,22.2384617029336,29.4076490357638,30.1906046652737
"clec-178",30.7281442604057,14.158014773121,19.0573053928858,15.4702342281278,22.0557367768228,13.7230021205789
"frpr-18",22.5942237208866,19.6034050704753,30.703436466316,26.1060202599656,27.3071026760664,14.6378689286175
"ugt-9",156.352028148535,200.390362942636,184.220618797896,195.311707130113,154.39015743776,149.123289710291
"T19H12.2",21.6904547720511,17.4252489515336,30.703436466316,29.0066891777395,26.2568294962177,29.2757378572351
"T19H12.3",66.8789022138242,82.7699325197845,62.4656121211256,100.55652248283,72.4688494095607,86.9123467636666
"ugt-12",365.122655329527,349.594057090143,298.56445115521,691.326092069459,642.767186067408,607.471560537628
"ugt-11",57.8412127254696,55.5429810330133,55.05443780167,84.1193986154447,73.5191225894094,63.1258097546631
"T20B5.2",30.7281442604057,23.9597173083587,25.4097405238477,14.5033445888698,28.3573758559151,35.6798055135052
"oga-1",176.234945022915,168.807099217982,97.4040053414162,273.62976791001,238.412011825656,218.653167121224
"trd-1",250.343998827423,252.666109797237,230.805143091617,162.437459395341,161.742069696701,140.889488437944
"T20B12.3",235.883695646056,219.993768013112,199.042967436807,105.39097067912,115.530049783358,118.017818236979
"T20B12.7",103.933429116078,104.551493709202,122.813745865264,88.9538468117346,88.2229471072913,96.9758816520912
"lgc-50",35.246989004583,31.5832637246546,44.4670459167335,38.6755855703194,43.061200373797,23.7865370090035
"arrd-22",14.4603031813674,17.4252489515336,16.9398270158985,14.5033445888698,16.8043708775793,9.14866808038596
"mrrf-1",42.4771405952668,33.7614198435963,42.3495675397462,35.7749166525454,55.6644785319814,34.7649387054666
"T20F5.6",84.050512241698,98.0170253523765,109.050136414846,64.781605830285,81.9213080281991,72.2744778350491
"T20F5.7",22.5942237208866,16.3361708920627,28.5859580893287,27.0729098992236,19.9551904171254,23.7865370090035
"T20F7.1",51.5148300836214,34.8504979030672,62.4656121211256,44.4769234058673,49.3628394528892,45.7433404019298
"aakg-2",92.1844327812172,108.907805947085,96.3452661529225,135.364549496118,137.585786560181,125.336752701288
"T20H4.5",344.335969506311,310.387246949192,287.977059270274,289.100002138137,289.875397638243,301.906046652737
"pqbp-1.1",47.8997542882795,56.6320590924842,53.9956986131763,55.1127094377051,45.1617467334944,47.573074018007
"sma-10",25.305530567393,19.6034050704753,21.1747837698731,26.1060202599656,35.709288114856,33.850071897428
"T21D12.12",49.7072921859505,51.1866687951299,56.1131769901637,73.4836125836068,67.2174835103172,73.1893446430877
"T21F4.1",145.506800762509,141.58014773121,128.107441807732,125.695653103538,178.54644057428,164.676025446947
"T21H3.1",1127.90364814666,1128.2848696118,1205.90393569427,1103.22107839336,1033.46880897113,1211.2836538431
"T22B7.3",50.6110611347859,45.7412784977757,46.5845242937208,109.258529236152,73.5191225894094,71.3596110270105
"T22B11.4",267.515608855297,279.893061284008,303.858147097679,245.589968371528,245.763924084597,271.715441987463
"ogdh-1",1248.10491834177,1221.94558272629,1325.54146399405,1163.16823602736,1221.46770816405,1210.36878703506
"T22D1.3",339.817124762134,356.128525446968,320.797974113577,312.305353480329,286.724578098697,336.670985358203
"ribo-1",565.759361971,549.984420032779,525.134637492852,516.319067363764,540.890687622084,600.152626073319
"ruvb-2",254.862843571601,265.735046510887,273.154710631363,198.212376047887,157.540976977306,192.122029688105
"npr-12",34.3432200557476,39.2068101409506,28.5859580893287,28.0397995384816,33.6087417551586,25.6162706250807
"T22E5.6",10.8452273860256,17.4252489515336,23.2922621468604,14.5033445888698,15.7540976977306,18.2973361607719
"lron-8",56.0336748277987,49.0085126761882,50.8194810476954,61.880936912511,55.6644785319814,64.9555433707403
"T22F3.2",39.7658337487604,49.0085126761882,84.6991350794923,56.0795990769631,49.3628394528892,56.7217420983929
"pygl-1",1078.19635596071,1186.00600676376,1275.78072213485,1365.24817063227,1339.0983043071,1295.45140018265
"T22F7.1",29.8243753115703,32.6723417841255,26.4684797123413,26.1060202599656,30.4579222156125,39.3392727456596
"T22F7.4",106.644735962585,115.44227430391,92.1103093989479,112.159198153926,82.9715812080478,79.5934122993578
"T22H9.1",96.7032775253945,98.0170253523765,88.9340918334669,77.3511711406388,78.770488488653,85.997479955628
"atg-9",140.084187069497,119.798586541793,149.282225577605,201.113044965661,218.456821408531,179.313894375565
"dmd-8",21.6904547720511,13.0689367136502,16.9398270158985,28.0397995384816,25.206556316369,14.6378689286175
"T23B3.1",89.4731259347108,80.5917764008429,94.2277877759352,85.0862882547027,74.5693957692582,95.146148036014
"T23B3.2",65.9751332649888,67.5228396871927,64.5830904981129,62.847826551769,49.3628394528892,65.8704101787789
"ckr-1",19.8829168743802,15.2470928325919,17.9985662043921,19.3377927851597,22.0557367768228,21.9568033929263
"T23B3.6",41.5733716464313,40.2958882004214,29.6446972778223,28.0397995384816,27.3071026760664,31.1054714733123
"phf-30",15.3640721302029,23.9597173083587,28.5859580893287,16.4371238673857,18.9049172372767,21.0419365848877
"mrpl-4",159.063334995041,196.034050704753,135.518616127188,137.298328774634,143.887425639273,153.697623750484
"mrps-2",90.3768948835463,86.0371666981971,100.580222906897,71.5498333050909,70.3683030498633,79.5934122993578
"natc-1",95.7995085765591,100.195181471318,98.4627445299098,78.3180607798968,76.6699421289556,99.7204820762069
"T23B12.6",14.4603031813674,16.3361708920627,15.8810878274048,26.1060202599656,25.206556316369,16.4676025446947
"T23B12.8",24.4017616185575,31.5832637246546,20.1160445813794,28.0397995384816,27.3071026760664,22.8716702009649
"cnp-3",146.410569711345,153.56000638539,125.989963430745,97.6558535650564,141.786879279575,115.273217812863
"T23C6.4",26.2092995162284,38.1177320814797,26.4684797123413,20.3046824244177,21.0054635969741,23.7865370090035
"T23E7.2",510.629456092036,519.490234367595,633.126034719205,614.941810568078,555.594512139966,608.386427345666
"T23F2.2",74.109053804508,55.5429810330133,67.7593080635938,57.0464887162211,82.9715812080478,75.9339450672035
"T23F2.3",21.6904547720511,27.2269514867712,26.4684797123413,19.3377927851597,26.2568294962177,20.1270697768491
"T23F2.5",9.94145843719009,11.9798586541793,16.9398270158985,21.2715720636757,12.6032781581845,21.9568033929263
"T23F4.2",46.0922163906086,53.3648249140716,47.6432634822144,55.1127094377051,48.3125662730405,49.4028076340842
"T23H2.3",71.3977469580016,66.4337616277218,82.581656702505,85.0862882547027,70.3683030498633,65.8704101787789
"T24A6.20",46.9959853394441,45.7412784977757,30.703436466316,35.7749166525454,46.2120199133431,28.3608710491965
"ucr-2.3",13.5565342325319,13.0689367136502,9.52865269644288,16.4371238673857,16.8043708775793,20.1270697768491
"T24C4.4",21.6904547720511,26.1378734273004,28.5859580893287,20.3046824244177,15.7540976977306,34.7649387054666
"zer-1",214.193240874005,182.965113991103,218.100272829693,258.159533681882,259.417475422631,219.568033929263
"ztf-18",41.5733716464313,38.1177320814797,30.703436466316,30.9404684562555,32.5584685753099,29.2757378572351
"T24C12.3",44.2846784929377,31.5832637246546,37.0558715972779,52.2120405199312,42.0109271939483,49.4028076340842
"lgc-40",30.7281442604057,33.7614198435963,31.7621756548096,23.2053513421916,31.5081953954612,27.4460042411579
"eat-17",112.971118604433,116.531352363381,124.931224242251,132.463880578344,160.691796516852,127.166486317365
"T24E12.5",19.8829168743802,30.4941856651838,16.9398270158985,21.2715720636757,15.7540976977306,21.0419365848877
"T24E12.10",9.94145843719009,10.8907805947085,11.6461310734302,2.90066891777395,6.30163907909224,9.14866808038596
"T24G10.2",69.5902090603306,81.6808544603137,75.1704823830494,78.3180607798968,87.1726739274426,89.6569471877824
"T24H7.2",164.485948688054,177.519723693748,149.282225577605,144.06655624944,177.496167394431,161.931425022831
"T24H7.3",43.3809095441022,47.9194346167174,43.4083067282398,43.5100337666093,46.2120199133431,42.0838731697754
"tat-4",122.008808092787,124.154898779677,111.167614791834,115.0598670717,115.530049783358,121.677285469133
"nep-22",887.501107756425,900.667555182392,958.158965586757,799.617731666353,797.157343505168,900.228939109978
"mrpl-28",152.736952353193,162.272630861157,140.812312069656,146.000335527956,149.138791538516,131.740820357558
"T25D3.4",46.0922163906086,60.9883713303676,59.2893945556446,61.880936912511,69.3180298700146,63.1258097546631
"T25D10.1",51.5148300836214,45.7412784977757,27.527218900835,36.7418062918034,37.8098344745534,30.1906046652737
"zig-10",13.5565342325319,26.1378734273004,21.1747837698731,17.4040135066437,15.7540976977306,9.14866808038596
"T25D10.4",26.2092995162284,30.4941856651838,26.4684797123413,19.3377927851597,23.1060099566715,21.0419365848877
"T25F10.3",32.5356821580767,25.0487953678295,14.8223486389112,29.0066891777395,25.206556316369,19.2122029688105
"clik-1",1951.23716053576,1937.46986779864,1745.86092182604,2207.40904642598,2070.0884374818,2062.10978531899
"T25G12.3",21.6904547720511,18.5143270110044,24.351001335354,16.4371238673857,19.9551904171254,24.7014038170421
"acdh-7",250.343998827423,180.786957872161,164.104574216516,411.894986323901,330.836051652343,279.034376451772
"T25G12.6",39.7658337487604,33.7614198435963,34.9383932202906,47.3775923236412,44.1114735536457,68.6150106028947
"algn-1",38.8620647999249,35.939575962538,45.5257851052271,44.4769234058673,40.9606540140996,38.424405937621
"jhdm-1",137.37288022299,121.976742660735,127.048702619238,99.5896328435724,128.133327941542,117.10295142894
"T26A5.6",45.1884474417731,54.4539029735425,45.5257851052271,60.914047273253,55.6644785319814,32.0203382813509
"T26A5.8",33.4394511069121,42.4740443193631,34.9383932202906,46.4107026843833,45.1617467334944,36.5946723215438
"T26A8.1",42.4771405952668,59.8992932708967,59.2893945556446,52.2120405199312,58.8152980715276,51.2325412501614
"T26A8.4",67.7826711626597,67.5228396871927,73.0530040060621,68.6491643873169,85.0721275677452,62.2109429466245
"T26C12.1",197.021630846131,245.042563380941,217.041533641199,206.914382801209,215.306001868985,218.653167121224
"lgc-34",229.557313004208,251.577031737766,244.568752542034,218.517058472305,258.367202242782,204.930165000645
"slc-36.2",401.273413282946,411.671506479981,354.677628145374,396.424752095774,349.740968889619,388.818393416403
"trak-1",198.829168743802,206.924831299461,204.336663379275,177.907693623469,163.842616056398,187.547695647912
"usp-5",207.866858232156,283.160295462421,246.686230919021,212.715720636757,234.210919106262,213.163966272993
"nmrk-1",77.7241295998498,76.2354641629595,78.3466999485304,72.5167229443488,87.1726739274426,56.7217420983929
"T27A3.7",17.1716100278738,14.158014773121,22.2335229583667,27.0729098992236,21.0054635969741,21.0419365848877
"T27A10.6",14.4603031813674,16.3361708920627,16.9398270158985,91.8545157295085,69.3180298700146,50.3176744421228
"cgr-1",112.971118604433,77.3245422224303,96.3452661529225,90.8876260902505,103.977044805022,96.0610148440526
"nhr-228",37.054526902254,52.2757468546008,33.8796540317969,33.8411373740295,35.709288114856,29.2757378572351
"T27C4.1",124.720114939294,120.887664601264,124.931224242251,162.437459395341,172.244801495188,131.740820357558
"hpo-36",4.51884474417731,7.62354641629595,11.6461310734302,21.2715720636757,13.6535513380332,14.6378689286175
"fip-2",40.6696026975958,51.1866687951299,51.878220236189,64.781605830285,47.2622930931918,54.8920084823158
"T27E4.7",52.4185990324568,35.939575962538,40.2320891627588,60.914047273253,54.6142053521327,34.7649387054666
"vps-24",92.1844327812172,86.0371666981971,91.0515702104542,113.126087793184,84.0218543878965,90.571813995821
"shc-2",24.4017616185575,31.5832637246546,38.1146107857715,28.0397995384816,31.5081953954612,27.4460042411579
"eif-1",319.934207887754,290.783841878717,338.796540317969,328.742477347715,260.467748602479,290.012778148235
"T28A11.2",46.0922163906086,78.4136202819012,56.1131769901637,82.1856193369287,78.770488488653,79.5934122993578
"fbxa-64",14.4603031813674,21.781561189417,31.7621756548096,26.1060202599656,34.6590149350073,33.850071897428
"T28B4.1",96.7032775253945,94.7497911739639,94.2277877759352,77.3511711406388,95.5748593662323,82.3380127234736
"ttr-6",120.201270195117,126.333054898619,125.989963430745,125.695653103538,138.636059740029,110.69888377267
"hic-1",70.4939780091661,111.085962066027,82.581656702505,112.159198153926,91.3737666468375,106.124549732477
"T28C12.2",32.5356821580767,33.7614198435963,39.1733499742652,21.2715720636757,31.5081953954612,29.2757378572351
"T28C12.4",386.813110101578,406.226116182627,381.146107857715,321.007360233651,472.622930931918,439.136067858526
"T28D9.1",273.841991497145,332.168808138609,361.030063276336,358.716056164712,324.53441257325,365.0318564074
"plpp-1.2",60.552519571976,69.7009958061344,74.1117431945558,59.947157633995,52.5136589924353,48.4879408260456
"del-10",56.0336748277987,66.4337616277218,57.1719161786573,52.2120405199312,63.0163907909224,46.6582072099684
"T28F2.2",20.7866858232156,17.4252489515336,19.0573053928858,29.0066891777395,26.2568294962177,23.7865370090035
"jmjc-1",215.09700982284,197.123128764224,225.511447149148,178.874583262727,192.199991912313,172.909826719295
"acd-5",8.13392053951917,21.781561189417,15.8810878274048,17.4040135066437,13.6535513380332,17.3824693527333
"T28H11.8",56.0336748277987,63.1665274493093,48.7020026707081,34.8080270132875,50.4131126327379,43.9136067858526
"VC5.2",63.2638264184824,63.1665274493093,58.230655367151,73.4836125836068,78.770488488653,51.2325412501614
"W01A11.1",84.050512241698,79.502698341372,68.8180472520875,58.0133783554791,42.0109271939483,48.4879408260456
"cpt-6",27.1130684650639,34.8504979030672,26.4684797123413,50.2782612414152,40.9606540140996,50.3176744421228
"W01A11.7",120.201270195117,153.56000638539,115.402571545808,149.867894084988,145.98797199897,149.123289710291
"nol-58",1306.84990001608,1439.76119462046,1471.64747200618,1072.28060993711,1024.01635035249,1170.11464748136
"W01B11.6",289.206063627348,286.427529640833,264.684797123413,437.034116944609,436.913642817062,385.158926184249
"set-19",27.1130684650639,28.3160295462421,26.4684797123413,21.2715720636757,24.1562831365203,24.7014038170421
"W01C8.5",65.9751332649888,67.5228396871927,43.4083067282398,119.89431526799,112.379230243812,101.550215692284
"W02C12.2",43.3809095441022,59.8992932708967,62.4656121211256,38.6755855703194,43.061200373797,32.9352050893894
"hlh-30",485.323925524644,629.487118374151,577.012857729041,420.596993077223,536.689594902689,552.579552055312
"cytb-5.2",93.0882017300527,77.3245422224303,71.9942648175684,54.1458197984471,76.6699421289556,81.423145915435
"dhod-1",109.356042809091,80.5917764008429,87.8753526449733,105.39097067912,90.3234934669888,125.336752701288
"W02D3.4",84.9542811905335,79.502698341372,45.5257851052271,83.1525089761867,79.8207616685017,50.3176744421228
"fnci-1",133.757804427648,102.37333759026,91.0515702104542,120.861204907248,114.479776603509,107.039416540516
"hrpf-1",77.7241295998498,69.7009958061344,63.5243513096192,93.7882950080245,86.1224007475939,91.4866808038596
"W02D3.12",41.5733716464313,25.0487953678295,28.5859580893287,34.8080270132875,24.1562831365203,47.573074018007
"W02D7.6",26.2092995162284,31.5832637246546,26.4684797123413,23.2053513421916,30.4579222156125,37.5095391295824
"W02F12.2",53.3223679812923,42.4740443193631,35.9971324087842,38.6755855703194,72.4688494095607,42.998739977814
"W02F12.4",32.5356821580767,46.8303565572465,37.0558715972779,36.7418062918034,34.6590149350073,51.2325412501614
"dlst-1",478.09377393396,431.274911550456,453.140372675284,441.868565140899,444.265555076003,434.561733818333
"sna-1",32.5356821580767,19.6034050704753,19.0573053928858,34.8080270132875,29.4076490357638,28.3608710491965
"kel-8",28.9206063627348,30.4941856651838,35.9971324087842,30.9404684562555,33.6087417551586,42.998739977814
"W02G9.3",37.054526902254,38.1177320814797,35.9971324087842,29.9735788169975,28.3573758559151,32.0203382813509
"W02G9.4",44.2846784929377,69.7009958061344,63.5243513096192,44.4769234058673,56.7147517118302,56.7217420983929
"angl-1",40.6696026975958,38.1177320814797,32.8209148433033,37.7086959310614,28.3573758559151,34.7649387054666
"W02H5.2",7.2301515906837,9.80170253523765,13.7636094504175,5.80133783554791,8.40218543878965,10.9784016964632
"W02H5.8",17.1716100278738,19.6034050704753,20.1160445813794,27.0729098992236,18.9049172372767,29.2757378572351
"polq-1",14.4603031813674,6.5344683568251,7.41117431945558,12.5695653103538,10.5027317984871,11.8932685045017
"W03A5.2",26.2092995162284,23.9597173083587,23.2922621468604,12.5695653103538,24.1562831365203,13.7230021205789
"W03A5.6",66.8789022138242,64.2556055087801,49.7607418592017,67.6822747480589,71.418576229712,66.7852769868175
"trpl-2",16.2678410790383,18.5143270110044,33.8796540317969,22.2384617029336,30.4579222156125,23.7865370090035
"W03D8.8",59.6487506231405,59.8992932708967,61.4068729326319,111.192308514668,89.27322028714,107.954283348554
"W03F8.3",56.9374437766342,47.9194346167174,62.4656121211256,42.5431441273513,42.0109271939483,59.4663425225087
"W03F8.4",93.9919706788881,111.085962066027,103.756440472378,105.39097067912,112.379230243812,87.8272135717052
"gpa-18",8.13392053951917,15.2470928325919,6.35243513096192,17.4040135066437,22.0557367768228,14.6378689286175
"W03F9.1",351.566121096995,396.424413647389,314.445538982615,315.206022398103,254.166109523387,354.968321518975
"W03F9.4",54.2261369301278,50.0975907356591,40.2320891627588,54.1458197984471,48.3125662730405,38.424405937621
"sftb-2",197.021630846131,192.76681652634,205.395402567769,170.172576509405,184.848079653372,192.122029688105
"afd-1",197.925399794966,208.013909358932,233.981360657097,172.106355787921,220.557367768228,231.461302433765
"W03G1.5",18.0753789767093,21.781561189417,19.0573053928858,17.4040135066437,16.8043708775793,7.31893446430877
"pig-1",40.6696026975958,30.4941856651838,26.4684797123413,33.8411373740295,31.5081953954612,38.424405937621
"W04B5.3",93.0882017300527,98.0170253523765,92.1103093989479,90.8876260902505,76.6699421289556,95.146148036014
"mrpl-30",108.452273860256,98.0170253523765,83.6403958909986,76.3842815013808,71.418576229712,89.6569471877824
"W04B5.5",31.6319132092412,45.7412784977757,26.4684797123413,35.7749166525454,39.9103808342508,37.5095391295824
"W04C9.2",76.8203606510143,75.1463861034886,59.2893945556446,58.9802679947371,80.8710348483504,64.9555433707403
"W04C9.4",194.310323999625,212.370221596816,196.92548905982,162.437459395341,168.043708775793,176.569293951449
"W05F2.4",112.971118604433,90.3934789360805,118.578789111289,87.0200675332186,133.384693840786,119.847551853056
"W05F2.7",33.4394511069121,35.939575962538,46.5845242937208,70.5829436658329,59.8655712513763,56.7217420983929
"pck-1",1386.3815675136,1767.57369052119,1789.26922855427,1266.62542742796,1506.09173990305,1376.87454609809
"W05H7.1",24.4017616185575,19.6034050704753,33.8796540317969,37.7086959310614,40.9606540140996,35.6798055135052
"zfp-3",46.9959853394441,66.4337616277218,48.7020026707081,36.7418062918034,34.6590149350073,59.4663425225087
"W05H9.1",734.764155403231,784.136202819012,745.352388699532,766.743483931582,619.661176110737,505.921344845344
"W05H9.2",45.1884474417731,43.563122378834,37.0558715972779,25.1391306207076,33.6087417551586,42.0838731697754
"W05H9.4",26.2092995162284,21.781561189417,25.4097405238477,23.2053513421916,32.5584685753099,16.4676025446947
"W06B4.2",25.305530567393,20.6924831299461,28.5859580893287,16.4371238673857,22.0557367768228,18.2973361607719
"vps-18",63.2638264184824,72.9682299845469,92.1103093989479,53.1789301591892,64.0666639707711,84.1677463395508
"atat-2",27.1130684650639,26.1378734273004,26.4684797123413,27.0729098992236,30.4579222156125,31.1054714733123
"dct-11",53.3223679812923,56.6320590924842,58.230655367151,49.3113716021572,52.5136589924353,57.6366089064315
"W06E11.1",73.2052848556725,71.8791519250761,60.3481337441383,41.5762544880933,48.3125662730405,53.9771416742772
"sbds-1",122.008808092787,115.44227430391,118.578789111289,63.814716191027,94.5245861863836,87.8272135717052
"W06H8.2",12.6527652836965,13.0689367136502,10.5873918849365,9.66889639257985,17.854644057428,17.3824693527333
"W06H8.6",305.473904706386,282.07121740295,281.624624139312,383.85518678542,366.545339767199,342.160186206435
"cpr-8",158.159566046206,175.341567574807,199.042967436807,185.642810737533,164.892889236247,163.761158638909
"nol-2",779.048833896169,695.920880001873,737.941214380077,488.279267825282,466.321291852826,518.729480157884
"W07E6.2",228.653544055372,179.69787981269,207.512880944756,94.7551846472825,101.876498445325,85.0826131475894
"unc-132",97.60704647423,81.6808544603137,88.9340918334669,80.2518400584127,98.7256789057784,78.6785454913192
"zip-11",7.2301515906837,7.62354641629595,3.17621756548096,1.93377927851597,3.15081953954612,5.48920084823158
"W08E12.7",1176.70717138377,1199.07494347741,1108.49993035286,1306.26790263754,1090.18356068296,1261.60132828522
"W08F4.3",55.1299058789632,45.7412784977757,50.8194810476954,44.4769234058673,53.563932172284,50.3176744421228
"mlt-8",0,2.1781561189417,0,83.1525089761867,65.1169371506198,45.7433404019298
"cdc-37",226.846006157701,228.706392488878,233.981360657097,310.371574201813,269.920207221118,298.246579420582
"eri-3",7.2301515906837,3.26723417841255,7.41117431945558,1.93377927851597,9.45245861863836,10.9784016964632
"W09B6.4",62.3600574696469,42.4740443193631,32.8209148433033,21.2715720636757,35.709288114856,34.7649387054666
"W09C3.4",43.3809095441022,52.2757468546008,53.9956986131763,67.6822747480589,51.4633858125866,51.2325412501614
"ncs-6",21.6904547720511,31.5832637246546,25.4097405238477,24.1722409814496,31.5081953954612,22.8716702009649
"W09G12.7",18.9791479255447,17.4252489515336,11.6461310734302,29.0066891777395,26.2568294962177,19.2122029688105
"W10C8.4",38.8620647999249,43.563122378834,32.8209148433033,46.4107026843833,53.563932172284,46.6582072099684
"W10C8.5",113.874887553268,130.689367136502,146.106008012124,128.596322021312,133.384693840786,163.761158638909
"nfyb-1",34.3432200557476,47.9194346167174,57.1719161786573,32.8742477347715,30.4579222156125,44.8284735938912
"tomm-22",178.946251869422,178.608801753219,173.633226912959,166.305017952373,151.239337898214,168.335492679102
"lgc-45",28.9206063627348,25.0487953678295,23.2922621468604,31.9073580955135,30.4579222156125,31.1054714733123
"W10G11.19",127.4314217858,111.085962066027,132.342398561707,129.56321166057,118.680869322904,103.379949308361
"dnc-3",41.5733716464313,53.3648249140716,29.6446972778223,37.7086959310614,34.6590149350073,41.1690063617368
"mgl-3",17.1716100278738,16.3361708920627,15.8810878274048,9.66889639257985,27.3071026760664,18.2973361607719
"Y4C6B.1",13.5565342325319,10.8907805947085,10.5873918849365,20.3046824244177,14.7038245178819,19.2122029688105
"Y4C6B.2",36.1507579534185,17.4252489515336,10.5873918849365,91.8545157295085,66.1672103304685,46.6582072099684
"Y4C6B.3",14.4603031813674,27.2269514867712,24.351001335354,44.4769234058673,48.3125662730405,15.5527357366561
"Y4C6B.5",42.4771405952668,43.563122378834,38.1146107857715,33.8411373740295,30.4579222156125,30.1906046652737
"gba-4",325.356821580767,263.556890391946,280.565884950818,264.927761156688,274.121299940512,250.673505402575
"Y4C6B.7",75.9165917021789,80.5917764008429,67.7593080635938,72.5167229443488,68.2677566901659,63.1258097546631
"arx-4",180.753789767093,221.082846072582,207.512880944756,170.172576509405,191.149718732465,193.951763304182
"Y8A9A.2",18.0753789767093,11.9798586541793,11.6461310734302,2.90066891777395,24.1562831365203,16.4676025446947
"Y9C9A.8",36.1507579534185,56.6320590924842,45.5257851052271,29.0066891777395,28.3573758559151,35.6798055135052
"Y9C12A.1",14.4603031813674,23.9597173083587,14.8223486389112,23.2053513421916,21.0054635969741,14.6378689286175
"Y14H12A.1",25.305530567393,18.5143270110044,16.9398270158985,21.2715720636757,15.7540976977306,18.2973361607719
"Y14H12B.1",26.2092995162284,30.4941856651838,22.2335229583667,24.1722409814496,25.206556316369,23.7865370090035
"Y17G9B.5",31.6319132092412,41.3849662598923,26.4684797123413,33.8411373740295,32.5584685753099,34.7649387054666
"Y18H1A.2",36.1507579534185,37.0286540220089,27.527218900835,31.9073580955135,22.0557367768228,18.2973361607719
"hgap-1",113.874887553268,118.709508482323,109.050136414846,93.7882950080245,128.133327941542,113.443484196786
"Y18H1A.4",51.5148300836214,43.563122378834,46.5845242937208,29.0066891777395,44.1114735536457,35.6798055135052
"crtc-1",74.109053804508,66.4337616277218,58.230655367151,62.847826551769,84.0218543878965,85.997479955628
"gap-3",25.305530567393,34.8504979030672,25.4097405238477,26.1060202599656,42.0109271939483,40.2541395536982
"Y20F4.4",16.2678410790383,11.9798586541793,16.9398270158985,26.1060202599656,23.1060099566715,22.8716702009649
"Y22D7AL.9",16.2678410790383,10.8907805947085,22.2335229583667,20.3046824244177,26.2568294962177,26.5311374331193
"Y22D7AL.10",690.479476910294,654.53591374198,756.998519772962,810.253517698191,683.727840081508,742.87184812734
"Y22D7AL.15",33.4394511069121,28.3160295462421,62.4656121211256,38.6755855703194,32.5584685753099,38.424405937621
"Y22D7AR.6",25.305530567393,26.1378734273004,35.9971324087842,14.5033445888698,31.5081953954612,22.8716702009649
"pid-3",63.2638264184824,80.5917764008429,61.4068729326319,78.3180607798968,86.1224007475939,107.954283348554
"Y23H5B.5",233.172388799549,217.81561189417,221.276490395174,177.907693623469,181.697260113826,161.931425022831
"Y23H5B.6",125.623883888129,142.669225790681,160.928356651035,68.6491643873169,101.876498445325,100.635348884246
"ell-1",140.084187069497,150.292772206977,137.636094504175,134.39765985686,165.943162416096,142.719222054021
"tald-1",538.646293505936,526.02470272442,565.366726655611,397.391641735032,388.601076544021,428.157666162063
"copb-1",481.708849729302,475.927111988761,461.610286183233,508.5839502497,546.142053521327,513.240279309652
"Y25C1A.7",69.5902090603306,95.8388692334347,106.932658037859,99.5896328435724,93.4743130065349,96.9758816520912
"Y25C1A.8",44.2846784929377,33.7614198435963,30.703436466316,36.7418062918034,38.8601076544021,49.4028076340842
"Y25C1A.13",64.1675953673179,62.0774493898384,80.4641783255177,99.5896328435724,60.915844431225,86.9123467636666
"nphp-2",19.8829168743802,14.158014773121,23.2922621468604,18.3709031459017,17.854644057428,15.5527357366561
"zig-11",350.66235214816,335.436042317022,381.146107857715,264.927761156688,281.473212199453,282.693843683926
"thoc-5",58.7449816743051,65.344683568251,91.0515702104542,58.0133783554791,49.3628394528892,50.3176744421228
"szy-2",156.352028148535,118.709508482323,129.166180996226,198.212376047887,150.189064718365,141.804355245982
"paqr-2",93.0882017300527,104.551493709202,99.5214837184035,147.934114806472,139.686332919878,137.230021205789
"Y32H12A.6",24.4017616185575,18.5143270110044,23.2922621468604,24.1722409814496,22.0557367768228,19.2122029688105
"Y32H12A.7",52.4185990324568,54.4539029735425,49.7607418592017,40.6093648488354,46.2120199133431,36.5946723215438
"Y32H12A.8",168.101024483396,157.916318623273,148.223486389112,133.430770217602,198.501630991406,168.335492679102
"Y34B4A.2",14.4603031813674,19.6034050704753,20.1160445813794,11.6026756710958,17.854644057428,14.6378689286175
"Y34B4A.4",50.6110611347859,46.8303565572465,37.0558715972779,35.7749166525454,35.709288114856,30.1906046652737
"Y34B4A.5",14.4603031813674,14.158014773121,9.52865269644288,24.1722409814496,8.40218543878965,21.0419365848877
"Y34B4A.6",542.261369301278,585.923995995317,587.600249613978,537.590639427439,514.633858125866,569.962021408045
"Y34B4A.7",27.1130684650639,28.3160295462421,32.8209148433033,23.2053513421916,30.4579222156125,23.7865370090035
"rga-8",23.497992669722,37.0286540220089,43.4083067282398,26.1060202599656,25.206556316369,28.3608710491965
"Y34B4A.9",259.381688315778,307.12001277078,326.091670056045,237.854851257464,209.004362789893,278.119509643733
"Y34B4A.10",6.32638264184824,6.5344683568251,3.17621756548096,22.2384617029336,19.9551904171254,13.7230021205789
"mrpl-38",226.846006157701,206.924831299461,233.981360657097,226.252175586368,224.758460487623,241.524837322189
"npr-23",10.8452273860256,21.781561189417,17.9985662043921,17.4040135066437,11.5530049783358,12.8081353125403
"Y34D9A.3",18.9791479255447,18.5143270110044,27.527218900835,10.6357860318378,14.7038245178819,10.0635348884246
"glrx-10",122.008808092787,145.936459969094,151.399703954592,147.934114806472,118.680869322904,164.676025446947
"Y34D9A.7",43.3809095441022,47.9194346167174,35.9971324087842,38.6755855703194,45.1617467334944,45.7433404019298
"vps-4",192.502786101954,199.301284883165,211.747837698731,160.503680116825,159.641523337003,184.803095223796
"spp-23",84.050512241698,86.0371666981971,103.756440472378,138.265218413892,89.27322028714,132.655687165596
"Y34F4.5",32.5356821580767,39.2068101409506,32.8209148433033,27.0729098992236,31.5081953954612,40.2541395536982
"rev-3",8.13392053951917,13.0689367136502,14.8223486389112,12.5695653103538,10.5027317984871,4.57433404019298
"Y37E3.1",30.7281442604057,38.1177320814797,38.1146107857715,18.3709031459017,21.0054635969741,29.2757378572351
"rpb-10",51.5148300836214,49.0085126761882,51.878220236189,45.4438130451253,40.9606540140996,50.3176744421228
"moag-4",77.7241295998498,75.1463861034886,58.230655367151,105.39097067912,86.1224007475939,96.0610148440526
"Y37E3.8",708.554855887003,617.507259719972,798.289348124215,685.524754233911,595.504892974217,752.020516207726
"eif-2alpha",497.072921859505,538.0045613786,583.365292860003,508.5839502497,461.069925953582,537.941683126694
"pcyt-2.1",201.540475590308,234.151782786233,247.744970107515,249.45752692856,183.797806473524,167.420625871063
"iglr-3",18.0753789767093,19.6034050704753,15.8810878274048,18.3709031459017,14.7038245178819,13.7230021205789
"fpn-1.1",25.305530567393,20.6924831299461,24.351001335354,17.4040135066437,14.7038245178819,18.2973361607719
"Y37E3.17",733.860386454396,787.403436997424,798.289348124215,777.37926996342,734.140952714246,775.807053216729
"Y37E11AL.3",45.1884474417731,46.8303565572465,39.1733499742652,35.7749166525454,39.9103808342508,46.6582072099684
"fmil-1",41.5733716464313,57.721137151955,53.9956986131763,26.1060202599656,37.8098344745534,36.5946723215438
"taf-6.2",44.2846784929377,54.4539029735425,43.4083067282398,43.5100337666093,45.1617467334944,46.6582072099684
"smgl-2",43.3809095441022,33.7614198435963,35.9971324087842,18.3709031459017,28.3573758559151,27.4460042411579
"Y37E11AM.2",17.1716100278738,13.0689367136502,20.1160445813794,23.2053513421916,22.0557367768228,27.4460042411579
"Y37E11AM.3",75.9165917021789,83.8590105792554,101.638962095391,91.8545157295085,100.826225265476,80.5082791073964
"siah-1",70.4939780091661,56.6320590924842,42.3495675397462,93.7882950080245,84.0218543878965,79.5934122993578
"nape-2",26.2092995162284,32.6723417841255,32.8209148433033,23.2053513421916,25.206556316369,26.5311374331193
"nape-1",11.748996334861,9.80170253523765,7.41117431945558,7.73511711406388,13.6535513380332,10.0635348884246
"ugt-45",124.720114939294,138.312913552798,133.4011377502,59.947157633995,43.061200373797,54.8920084823158
"Y37E11B.5",66.8789022138242,82.7699325197845,88.9340918334669,65.748495469543,48.3125662730405,70.4447442189719
"Y37E11B.7",9.94145843719009,15.2470928325919,10.5873918849365,21.2715720636757,6.30163907909224,9.14866808038596
"Y37F4.7",23.497992669722,21.781561189417,21.1747837698731,14.5033445888698,13.6535513380332,21.9568033929263
"smut-1",19.8829168743802,28.3160295462421,26.4684797123413,19.3377927851597,21.0054635969741,15.5527357366561
"Y38A10A.7",37.054526902254,50.0975907356591,29.6446972778223,57.0464887162211,37.8098344745534,42.998739977814
"Y38C1AA.1",51.5148300836214,57.721137151955,66.7005688751002,59.947157633995,60.915844431225,63.1258097546631
"pnc-1",66.8789022138242,59.8992932708967,61.4068729326319,68.6491643873169,54.6142053521327,64.9555433707403
"Y38C1AA.6",40.6696026975958,35.939575962538,28.5859580893287,34.8080270132875,31.5081953954612,29.2757378572351
"Y38C1AA.9",39.7658337487604,42.4740443193631,56.1131769901637,35.7749166525454,33.6087417551586,27.4460042411579
"prdx-6",84.9542811905335,72.9682299845469,62.4656121211256,48.3444819628992,47.2622930931918,48.4879408260456
"Y38C1AA.12",16.2678410790383,9.80170253523765,11.6461310734302,18.3709031459017,14.7038245178819,16.4676025446947
"cyp-29A3",13.5565342325319,27.2269514867712,16.9398270158985,9.66889639257985,4.20109271939483,9.14866808038596
"nsy-4",122.008808092787,119.798586541793,110.10887560334,153.73545264202,138.636059740029,176.569293951449
"trap-3",262.99676411112,322.367105603371,289.035798458767,367.418062918034,337.137690731435,379.669725336017
"Y38F2AR.3",46.0922163906086,40.2958882004214,38.1146107857715,41.5762544880933,48.3125662730405,54.8920084823158
"tftc-1",140.987956018332,127.422132958089,107.991397226353,98.6227432043144,138.636059740029,134.485420781674
"ppgn-1",95.7995085765591,91.4825569955513,107.991397226353,75.4173918621228,78.770488488653,84.1677463395508
"Y38F2AR.9",129.238959683471,160.094474742215,155.634660708567,160.503680116825,162.792342876549,196.696363728298
"Y38F2AR.12",100.318353320736,130.689367136502,111.167614791834,98.6227432043144,127.083054761693,108.869150156593
"ckr-2",47.8997542882795,57.721137151955,38.1146107857715,61.880936912511,54.6142053521327,47.573074018007
"Y39A3CL.1",71.3977469580016,56.6320590924842,58.230655367151,35.7749166525454,28.3573758559151,34.7649387054666
"Y39A3CL.3",69.5902090603306,101.284259530789,91.0515702104542,95.7220742865405,72.4688494095607,83.2528795315122
"Y39A3CL.4",45.1884474417731,52.2757468546008,63.5243513096192,45.4438130451253,45.1617467334944,52.1474080582
"Y39A3CL.7",79.5316674975207,54.4539029735425,51.878220236189,58.0133783554791,59.8655712513763,55.8068752903543
"ttc-7",52.4185990324568,52.2757468546008,59.2893945556446,55.1127094377051,46.2120199133431,46.6582072099684
"hlh-33",69.5902090603306,65.344683568251,53.9956986131763,65.748495469543,65.1169371506198,54.8920084823158
"rfip-2",73.2052848556725,95.8388692334347,107.991397226353,84.1193986154447,88.2229471072913,75.9339450672035
"zwl-1",67.7826711626597,38.1177320814797,47.6432634822144,78.3180607798968,75.6196689491069,95.146148036014
"ugt-31",39.7658337487604,37.0286540220089,39.1733499742652,22.2384617029336,25.206556316369,31.1054714733123
"eif-2gamma",395.850799589933,378.999164695856,363.147541653323,342.278932297327,341.33878345083,357.712921943091
"Y39G10AR.9",14.4603031813674,11.9798586541793,12.7048702619238,7.73511711406388,11.5530049783358,14.6378689286175
"epg-2",93.9919706788881,99.1061034118473,70.9355256290748,84.1193986154447,75.6196689491069,82.3380127234736
"Y39G10AR.11",347.951045301653,318.010793365488,290.094537647261,506.650170971184,469.472111392372,405.285995961098
"tpxl-1",84.050512241698,59.8992932708967,82.581656702505,80.2518400584127,68.2677566901659,74.1042114511263
"sydn-1",10.8452273860256,14.158014773121,15.8810878274048,3.86755855703194,14.7038245178819,15.5527357366561
"dot-1.1",149.121876557851,103.462415649731,131.283659373213,115.0598670717,135.485240200483,132.655687165596
"tbca-1",56.0336748277987,63.1665274493093,73.0530040060621,63.814716191027,39.9103808342508,65.8704101787789
"nsun-4",77.7241295998498,70.7900738656052,67.7593080635938,52.2120405199312,47.2622930931918,66.7852769868175
"Y39H10A.6",25.305530567393,23.9597173083587,21.1747837698731,31.9073580955135,31.5081953954612,32.0203382813509
"lbp-9",355.181196892337,297.318310235542,275.27218900835,400.292310652806,418.008725579785,442.79553509068
"comt-3",115.682425450939,111.085962066027,129.166180996226,50.2782612414152,69.3180298700146,74.1042114511263
"comt-5",30.7281442604057,38.1177320814797,22.2335229583667,21.2715720636757,21.0054635969741,12.8081353125403
"Y40B10B.1",28.0168374138993,38.1177320814797,21.1747837698731,18.3709031459017,21.0054635969741,17.3824693527333
"sqst-2",90.3768948835463,77.3245422224303,65.6418296866065,104.424081039862,67.2174835103172,94.2312812279754
"Y40D12A.1",20.7866858232156,22.8706392488878,12.7048702619238,17.4040135066437,13.6535513380332,21.0419365848877
"ctsa-2",586.546047794215,621.863571957855,635.243513096192,590.769569586629,635.415273808467,610.216160961743
"Y41D4A.4",261.189226213449,261.378734273004,268.919753877388,251.391306207076,297.227309897184,292.757378572351
"Y41D4A.5",137.37288022299,137.223835493327,122.813745865264,117.960535989474,155.440430617609,130.825953549519
"Y41D4A.6",18.9791479255447,17.4252489515336,26.4684797123413,29.0066891777395,26.2568294962177,33.850071897428
"Y41D4A.7",60.552519571976,90.3934789360805,57.1719161786573,108.291639596894,100.826225265476,93.3164144199368
"frpr-19",24.4017616185575,22.8706392488878,23.2922621468604,16.4371238673857,23.1060099566715,17.3824693527333
"Y41D4B.4",28.9206063627348,28.3160295462421,23.2922621468604,19.3377927851597,25.206556316369,21.9568033929263
"Y41D4B.11",208.770627180992,215.637455775228,222.335229583667,145.033445888698,133.384693840786,134.485420781674
"hpo-6",87.6655880370399,124.154898779677,132.342398561707,93.7882950080245,91.3737666468375,132.655687165596
"Y41D4B.17",33.4394511069121,28.3160295462421,33.8796540317969,48.3444819628992,43.061200373797,52.1474080582
"nhr-274",62.3600574696469,42.4740443193631,58.230655367151,58.9802679947371,59.8655712513763,51.2325412501614
"aakg-3",11.748996334861,16.3361708920627,14.8223486389112,4.83444819628992,9.45245861863836,13.7230021205789
"gbb-1",32.5356821580767,31.5832637246546,31.7621756548096,38.6755855703194,47.2622930931918,39.3392727456596
"Y41G9A.5",27.1130684650639,30.4941856651838,27.527218900835,44.4769234058673,34.6590149350073,40.2541395536982
"Y42G9A.1",32.5356821580767,26.1378734273004,23.2922621468604,39.6424752095774,32.5584685753099,50.3176744421228
"Y42G9A.2",65.9751332649888,70.7900738656052,68.8180472520875,91.8545157295085,72.4688494095607,68.6150106028947
"Y42G9A.3",184.368865562434,239.597173083587,278.448406573831,145.033445888698,184.848079653372,155.527357366561
"mvk-1",365.122655329527,418.205974836806,381.146107857715,402.226089931322,384.399983824627,396.137327880712
"wht-7",35.246989004583,33.7614198435963,29.6446972778223,56.0795990769631,38.8601076544021,40.2541395536982
"Y42H9AR.1",86.7618190882044,91.4825569955513,101.638962095391,95.7220742865405,87.1726739274426,102.465082500323
"rabs-5",23.497992669722,28.3160295462421,26.4684797123413,22.2384617029336,19.9551904171254,24.7014038170421
"Y42H9AR.4",48.803523237115,56.6320590924842,46.5845242937208,66.7153851088009,68.2677566901659,54.8920084823158
"Y43B11AR.1",65.0713643161533,78.4136202819012,83.6403958909986,51.2451508806732,66.1672103304685,48.4879408260456
"Y43B11AR.3",28.0168374138993,20.6924831299461,13.7636094504175,10.6357860318378,14.7038245178819,12.8081353125403
"Y43H11AL.1",49.7072921859505,40.2958882004214,35.9971324087842,28.0397995384816,44.1114735536457,38.424405937621
"laat-1",138.276649171826,160.094474742215,122.813745865264,114.092977432442,98.7256789057784,112.528617388747
"trx-4",81.3392053951917,95.8388692334347,81.5229175140113,93.7882950080245,59.8655712513763,102.465082500323
"cdap-2",93.9919706788881,100.195181471318,100.580222906897,88.9538468117346,95.5748593662323,83.2528795315122
"edc-4",118.393732297446,95.8388692334347,92.1103093989479,114.092977432442,106.077591164719,125.336752701288
"zip-4",93.9919706788881,113.264118184968,79.405439137024,89.9207364509926,110.278683884114,85.0826131475894
"Y45G5AL.1",73.2052848556725,80.5917764008429,74.1117431945558,72.5167229443488,70.3683030498633,75.0190782591649
"Y45G5AM.3",62.3600574696469,60.9883713303676,73.0530040060621,27.0729098992236,29.4076490357638,33.850071897428
"Y45G5AM.6",15.3640721302029,18.5143270110044,14.8223486389112,8.70200675332186,14.7038245178819,10.9784016964632
"Y45G5AM.7",28.9206063627348,20.6924831299461,21.1747837698731,18.3709031459017,26.2568294962177,24.7014038170421
"Y45G5AM.9",39.7658337487604,31.5832637246546,27.527218900835,35.7749166525454,32.5584685753099,37.5095391295824
"nuo-5",653.42495000804,670.872084634043,664.888210374015,598.504686700692,650.119098326349,633.087831162708
"Y45G12B.2",37.9582958510894,57.721137151955,41.2908283512525,42.5431441273513,38.8601076544021,38.424405937621
"Y45G12B.3",78.6278985486853,91.4825569955513,76.2292215715431,61.880936912511,69.3180298700146,71.3596110270105
"Y45G12C.1",18.0753789767093,15.2470928325919,24.351001335354,16.4371238673857,22.0557367768228,17.3824693527333
"clec-72",276.553298343652,253.755187856708,243.51001335354,351.947828689906,287.774851278546,325.69258366174
"clec-76",28.0168374138993,35.939575962538,41.2908283512525,19.3377927851597,15.7540976977306,21.0419365848877
"Y46D2A.2",38.8620647999249,51.1866687951299,40.2320891627588,14.5033445888698,22.0557367768228,20.1270697768491
"Y46E12BL.2",318.126669990083,253.755187856708,309.151843040147,262.027092238914,275.171573120361,285.438444108042
"spsb-1",142.795493916003,136.134757433856,120.696267488277,196.278596769371,190.099445552616,146.378689286175
"clec-205",18.9791479255447,18.5143270110044,16.9398270158985,12.5695653103538,12.6032781581845,18.2973361607719
"ttc-37",46.9959853394441,56.6320590924842,50.8194810476954,48.3444819628992,48.3125662730405,57.6366089064315
"Y47A7.2",241.306309339069,430.185833490985,446.787937544322,324.874918790683,310.880861235217,314.714181965277
"Y47D7A.13",1.80753789767093,0,3.17621756548096,177.907693623469,191.149718732465,148.208422902253
"rft-2",46.0922163906086,45.7412784977757,28.5859580893287,45.4438130451253,45.1617467334944,43.9136067858526
"Y47D9A.1",105.740967013749,117.620430422852,117.520049922796,107.324749957636,78.770488488653,85.997479955628
"scpl-3",33.4394511069121,30.4941856651838,20.1160445813794,29.9735788169975,25.206556316369,29.2757378572351
"rde-10",47.8997542882795,38.1177320814797,30.703436466316,23.2053513421916,44.1114735536457,36.5946723215438
"Y47G6A.5",94.8957396277236,91.4825569955513,92.1103093989479,115.0598670717,95.5748593662323,109.784016964632
"pcaf-1",38.8620647999249,44.6522004383048,51.878220236189,39.6424752095774,50.4131126327379,50.3176744421228
"Y47G6A.7",28.9206063627348,25.0487953678295,30.703436466316,40.6093648488354,30.4579222156125,26.5311374331193
"Y47G6A.9",88.5693569858754,86.0371666981971,85.757874267986,65.748495469543,77.7202153088043,91.4866808038596
"ccep-290",7.2301515906837,11.9798586541793,6.35243513096192,7.73511711406388,9.45245861863836,7.31893446430877
"Y47G6A.18",159.967103943877,169.896177277452,155.634660708567,183.709031459017,162.792342876549,197.611230536337
"Y47G6A.19",98.5108154230655,92.5716350550222,114.343832357315,55.1127094377051,69.3180298700146,53.9771416742772
"Y47G6A.21",65.0713643161533,69.7009958061344,93.1690485874415,57.0464887162211,61.9661176110737,70.4447442189719
"Y47G6A.22",80.4354364463562,89.3044008766096,86.8166134564796,69.6160540265749,59.8655712513763,74.1042114511263
"mis-12",13.5565342325319,20.6924831299461,11.6461310734302,17.4040135066437,19.9551904171254,24.7014038170421
"Y48A5A.1",59.6487506231405,76.2354641629595,64.5830904981129,57.0464887162211,51.4633858125866,52.1474080582
"Y48G1A.1",28.9206063627348,34.8504979030672,40.2320891627588,11.6026756710958,14.7038245178819,24.7014038170421
"nol-14",249.440229878588,204.74667518052,247.744970107515,141.165887331666,155.440430617609,177.484160759488
"Y48G1BR.1",18.9791479255447,9.80170253523765,10.5873918849365,38.6755855703194,39.9103808342508,33.850071897428
"pid-2",6.32638264184824,7.62354641629595,7.41117431945558,3.86755855703194,3.15081953954612,1.82973361607719
"pgs-1",32.5356821580767,25.0487953678295,23.2922621468604,25.1391306207076,21.0054635969741,16.4676025446947
"Y48G1C.8",83.1467432928626,50.0975907356591,49.7607418592017,65.748495469543,73.5191225894094,66.7852769868175
"Y48G1C.9",46.0922163906086,35.939575962538,38.1146107857715,55.1127094377051,31.5081953954612,38.424405937621
"Y48G1C.10",31.6319132092412,31.5832637246546,44.4670459167335,36.7418062918034,44.1114735536457,30.1906046652737
"herc-1",104.837198064914,92.5716350550222,94.2277877759352,99.5896328435724,110.278683884114,98.8056152681684
"Y48G8AL.5",414.829947515477,369.197462160618,388.557282177171,349.047159772132,319.283046674007,299.161446228621
"Y48G8AL.10",26.2092995162284,18.5143270110044,30.703436466316,22.2384617029336,19.9551904171254,21.0419365848877
"Y48G8AL.12",0,0,0,3.86755855703194,2.10054635969741,0.914866808038596
"Y48G8AL.13",114.778656502104,107.818727887614,79.405439137024,137.298328774634,135.485240200483,126.251619509326
"Y48G8AR.2",25.305530567393,19.6034050704753,14.8223486389112,12.5695653103538,22.0557367768228,14.6378689286175
"gcn-1",400.36964433411,364.841149922735,452.08163348679,389.656524620968,414.857906040239,419.923864889716
"frl-1",112.067349655597,95.8388692334347,85.757874267986,75.4173918621228,118.680869322904,92.4015476118982
"Y48G9A.9",103.029660167243,114.353196244439,99.5214837184035,98.6227432043144,90.3234934669888,120.762418661095
"ugt-29",31.6319132092412,41.3849662598923,42.3495675397462,9.66889639257985,11.5530049783358,10.0635348884246
"cyh-1",56.9374437766342,41.3849662598923,39.1733499742652,29.0066891777395,18.9049172372767,22.8716702009649
"Y49F6B.2",321.741745785425,212.370221596816,238.216317411072,68.6491643873169,66.1672103304685,66.7852769868175
"Y49G5B.1",25.305530567393,40.2958882004214,42.3495675397462,46.4107026843833,46.2120199133431,35.6798055135052
"otub-2",70.4939780091661,65.344683568251,70.9355256290748,77.3511711406388,101.876498445325,67.7001437948561
"Y50D4A.1",33.4394511069121,35.939575962538,49.7607418592017,32.8742477347715,37.8098344745534,51.2325412501614
"wrb-1",18.0753789767093,30.4941856651838,27.527218900835,31.9073580955135,24.1562831365203,34.7649387054666
"Y50D4A.4",22.5942237208866,26.1378734273004,23.2922621468604,14.5033445888698,25.206556316369,21.0419365848877
"Y50D4B.1",65.9751332649888,68.6119177466635,62.4656121211256,78.3180607798968,81.9213080281991,57.6366089064315
"Y50D4B.4",123.816345990458,154.649084444861,143.988529635137,314.239132758845,277.272119480059,343.075053014473
"Y50D4B.6",14.4603031813674,16.3361708920627,13.7636094504175,16.4371238673857,13.6535513380332,18.2973361607719
"Y50D4C.3",60.552519571976,66.4337616277218,50.8194810476954,55.1127094377051,59.8655712513763,46.6582072099684
"Y50D4C.5",36.1507579534185,23.9597173083587,34.9383932202906,33.8411373740295,30.4579222156125,34.7649387054666
"Y50D7A.1",22.5942237208866,15.2470928325919,11.6461310734302,15.4702342281278,27.3071026760664,19.2122029688105
"xpd-1",36.1507579534185,56.6320590924842,57.1719161786573,51.2451508806732,53.563932172284,50.3176744421228
"Y50D7A.3",78.6278985486853,62.0774493898384,68.8180472520875,83.1525089761867,79.8207616685017,91.4866808038596
"hpo-29",447.365629673554,370.286540220089,391.733499742652,397.391641735032,400.154081522357,402.541395536982
"Y50D7A.8",34.3432200557476,31.5832637246546,37.0558715972779,45.4438130451253,57.7650248916789,42.0838731697754
"taco-1",113.874887553268,120.887664601264,132.342398561707,130.530101299828,118.680869322904,127.166486317365
"Y50D7A.10",31.6319132092412,40.2958882004214,23.2922621468604,39.6424752095774,32.5584685753099,34.7649387054666
"Y51F10.3",42.4771405952668,35.939575962538,31.7621756548096,31.9073580955135,34.6590149350073,26.5311374331193
"Y51F10.4",18.9791479255447,17.4252489515336,35.9971324087842,16.4371238673857,35.709288114856,24.7014038170421
"hex-4",17.1716100278738,15.2470928325919,10.5873918849365,19.3377927851597,18.9049172372767,15.5527357366561
"Y51F10.7",649.809874212698,881.064150111917,907.339484539061,557.895321851857,580.801068456335,692.554173685217
"spe-48",55.1299058789632,68.6119177466635,58.230655367151,33.8411373740295,38.8601076544021,53.0622748662386
"alkb-1",72.301515906837,71.8791519250761,59.2893945556446,62.847826551769,55.6644785319814,62.2109429466245
"cogc-4",59.6487506231405,65.344683568251,45.5257851052271,50.2782612414152,73.5191225894094,57.6366089064315
"Y51H7C.7",35.246989004583,33.7614198435963,37.0558715972779,32.8742477347715,30.4579222156125,32.0203382813509
"nol-6",311.800287348235,252.666109797237,240.333795788059,182.742141819759,165.943162416096,171.080093103217
"Y52E8A.3",25.305530567393,28.3160295462421,26.4684797123413,33.8411373740295,24.1562831365203,32.9352050893894
"Y53G8AL.2",648.002336315027,594.636620471084,643.713426604141,585.935121390339,571.348609837696,634.917564778786
"Y53G8AM.8",99.4145843719009,72.9682299845469,65.6418296866065,137.298328774634,107.127864344568,107.954283348554
"phf-15",59.6487506231405,54.4539029735425,58.230655367151,55.1127094377051,42.0109271939483,48.4879408260456
"ral-1",107.54850491142,100.195181471318,94.2277877759352,118.927425628732,132.334420660937,96.0610148440526
"Y53G8AR.5",28.0168374138993,18.5143270110044,14.8223486389112,24.1722409814496,18.9049172372767,19.2122029688105
"Y53G8AR.6",100.318353320736,74.0573080440178,106.932658037859,95.7220742865405,88.2229471072913,108.869150156593
"Y53G8AR.7",90.3768948835463,77.3245422224303,92.1103093989479,96.6889639257985,80.8710348483504,92.4015476118982
"Y53G8AR.8",71.3977469580016,64.2556055087801,64.5830904981129,55.1127094377051,66.1672103304685,64.9555433707403
"Y53G8AR.9",114.778656502104,107.818727887614,131.283659373213,108.291639596894,117.630596143055,102.465082500323
"Y53G8B.2",35.246989004583,42.4740443193631,51.878220236189,82.1856193369287,75.6196689491069,45.7433404019298
"nipa-1",84.050512241698,80.5917764008429,83.6403958909986,112.159198153926,115.530049783358,95.146148036014
"txl-1",201.540475590308,177.519723693748,186.338097174883,163.404349034599,184.848079653372,180.228761183603
"dnc-6",27.1130684650639,37.0286540220089,26.4684797123413,37.7086959310614,19.9551904171254,39.3392727456596
"Y54E10A.6",75.9165917021789,86.0371666981971,79.405439137024,58.0133783554791,63.0163907909224,61.2960761385859
"mrpl-17",104.837198064914,94.7497911739639,102.697701283884,82.1856193369287,86.1224007475939,85.997479955628
"Y54E10A.10",330.779435273779,383.355476933739,417.1432402665,294.901339973685,251.015289983841,281.778976875888
"Y54E10A.11",194.310323999625,175.341567574807,190.573053928858,151.801673363504,176.445894214583,156.4422241746
"mab-31",59.6487506231405,75.1463861034886,68.8180472520875,38.6755855703194,66.1672103304685,69.5298774109333
"Y54E10A.17",22.5942237208866,26.1378734273004,25.4097405238477,42.5431441273513,42.0109271939483,37.5095391295824
"Y54E10BL.3",5.42261369301278,18.5143270110044,14.8223486389112,6.76822747480589,8.40218543878965,10.9784016964632
"nduf-5",156.352028148535,111.085962066027,106.932658037859,147.934114806472,108.178137524417,118.932685045017
"pign-1",20.7866858232156,28.3160295462421,29.6446972778223,29.9735788169975,18.9049172372767,15.5527357366561
"Y54E10BR.3",93.9919706788881,90.3934789360805,79.405439137024,109.258529236152,89.27322028714,84.1677463395508
"Y54E10BR.4",202.444244539144,202.568519061578,182.103140420908,192.411038212339,161.742069696701,180.228761183603
"sec-11",174.427407125244,184.054192050574,213.865316075718,183.709031459017,168.043708775793,184.803095223796
"rpb-7",60.552519571976,86.0371666981971,81.5229175140113,84.1193986154447,67.2174835103172,86.9123467636666
"ztf-23",17.1716100278738,21.781561189417,14.8223486389112,21.2715720636757,12.6032781581845,14.6378689286175
"Y54F10AL.1",66.8789022138242,69.7009958061344,68.8180472520875,63.814716191027,51.4633858125866,62.2109429466245
"Y54F10AM.5",166.293486585725,153.56000638539,152.458443143086,166.305017952373,119.731142502753,139.974621629905
"Y54F10AM.8",447.365629673554,338.703276495434,371.617455161272,310.371574201813,322.433866213553,411.690063617368
"Y54F10AR.1",178.946251869422,206.924831299461,187.396836363377,185.642810737533,169.093981955642,150.953023326368
"Y54F10AR.2",27.1130684650639,31.5832637246546,24.351001335354,23.2053513421916,23.1060099566715,18.2973361607719
"ppm-1.D",76.8203606510143,90.3934789360805,76.2292215715431,54.1458197984471,59.8655712513763,72.2744778350491
"iffb-1",689.575707961458,698.099036120815,685.004254955394,626.544486239174,666.923469203929,678.831171564638
"Y54F10BM.9",17.1716100278738,19.6034050704753,21.1747837698731,20.3046824244177,11.5530049783358,19.2122029688105
"atln-1",297.339984166867,290.783841878717,305.975625474666,314.239132758845,309.830588055368,265.311374331193
"samt-1",41.5733716464313,38.1177320814797,39.1733499742652,58.0133783554791,54.6142053521327,39.3392727456596
"clec-85",221.423392464688,247.220719499883,254.097405238477,146.000335527956,165.943162416096,190.292296072028
"Y54G2A.10",15.3640721302029,21.781561189417,21.1747837698731,95.7220742865405,85.0721275677452,92.4015476118982
"Y54G2A.11",131.950266529978,120.887664601264,94.2277877759352,251.391306207076,216.356275048834,171.080093103217
"clec-83",69.5902090603306,75.1463861034886,73.0530040060621,81.2187296976707,85.0721275677452,86.9123467636666
"nprt-1",157.255797097371,147.025538028565,128.107441807732,127.629432382054,168.043708775793,127.166486317365
"Y54G2A.18",202.444244539144,266.824124570358,257.273622803958,233.020403061174,209.004362789893,236.950503281996
"manf-1",219.615854567017,219.993768013112,202.219185002288,278.4642161063,231.060099566715,248.843771786498
"Y54G2A.26",237.691233543727,236.329938905174,233.981360657097,281.364885024074,321.383593033704,275.374909219617
"ndnf-1",121.105039143952,127.422132958089,101.638962095391,132.463880578344,119.731142502753,111.613750580709
"Y54G2A.32",85.858050139369,121.976742660735,130.224920184719,155.669231920536,130.23387430124,139.974621629905
"clec-84",50.6110611347859,33.7614198435963,55.05443780167,47.3775923236412,49.3628394528892,46.6582072099684
"ser-6",14.4603031813674,3.26723417841255,5.29369594246827,14.5033445888698,13.6535513380332,13.7230021205789
"Y54H5A.1",300.955059962209,353.950369328026,303.858147097679,263.96087151743,226.859006847321,282.693843683926
"Y54H5A.2",170.812331329902,197.123128764224,159.869617462542,126.662542742796,94.5245861863836,108.869150156593
"rbm-42",65.9751332649888,43.563122378834,44.4670459167335,64.781605830285,34.6590149350073,42.0838731697754
"oxy-4",27.1130684650639,37.0286540220089,39.1733499742652,17.4040135066437,33.6087417551586,26.5311374331193
"gtf-2H5",31.6319132092412,27.2269514867712,26.4684797123413,33.8411373740295,32.5584685753099,34.7649387054666
"helq-1",30.7281442604057,22.8706392488878,32.8209148433033,29.0066891777395,25.206556316369,17.3824693527333
"Y55B1AR.2",74.109053804508,56.6320590924842,69.8767864405811,58.9802679947371,63.0163907909224,60.3812093305473
"Y55B1BL.1",3.61507579534185,6.5344683568251,5.29369594246827,2.90066891777395,11.5530049783358,7.31893446430877
"stim-1",131.950266529978,139.401991612269,159.869617462542,115.0598670717,117.630596143055,130.825953549519
"Y55B1BR.2",7.2301515906837,10.8907805947085,15.8810878274048,11.6026756710958,13.6535513380332,12.8081353125403
"magu-1",22.5942237208866,17.4252489515336,20.1160445813794,15.4702342281278,24.1562831365203,24.7014038170421
"Y55D5A.1",13.5565342325319,11.9798586541793,14.8223486389112,23.2053513421916,17.854644057428,18.2973361607719
"Y55D5A.4",21.6904547720511,30.4941856651838,19.0573053928858,45.4438130451253,39.9103808342508,40.2541395536982
"mrps-25",83.1467432928626,69.7009958061344,75.1704823830494,78.3180607798968,66.1672103304685,72.2744778350491
"rbm-39",120.201270195117,120.887664601264,96.3452661529225,123.761873825022,114.479776603509,118.932685045017
"atg-3",93.9919706788881,87.1262447576679,74.1117431945558,138.265218413892,116.580322963206,118.932685045017
"Y55F3AM.5",32.5356821580767,17.4252489515336,26.4684797123413,10.6357860318378,13.6535513380332,19.2122029688105
"immp-2",18.9791479255447,18.5143270110044,14.8223486389112,26.1060202599656,26.2568294962177,22.8716702009649
"Y55F3AM.9",65.0713643161533,101.284259530789,93.1690485874415,132.463880578344,96.625132546081,111.613750580709
"Y55F3AM.11",13.5565342325319,23.9597173083587,25.4097405238477,18.3709031459017,32.5584685753099,12.8081353125403
"dcap-1",95.7995085765591,107.818727887614,92.1103093989479,87.0200675332186,100.826225265476,97.8907484601298
"Y55F3AM.13",162.678410790383,140.49106967174,141.87105125815,139.23210805315,135.485240200483,161.016558214793
"cox-18",80.4354364463562,69.7009958061344,73.0530040060621,70.5829436658329,58.8152980715276,75.9339450672035
"Y55F3AR.2",93.0882017300527,81.6808544603137,85.757874267986,107.324749957636,99.7759520856271,101.550215692284
"cct-8",852.254118751841,724.236909548115,744.293649511039,1097.41974055781,955.748593662323,961.525015248564
"mrpl-46",112.971118604433,121.976742660735,111.167614791834,116.026756710958,108.178137524417,96.9758816520912
"zipt-15",156.352028148535,168.807099217982,165.16331340501,170.172576509405,153.339884257911,143.63408886206
"Y55F3BR.1",93.0882017300527,88.2153228171388,83.6403958909986,63.814716191027,57.7650248916789,89.6569471877824
"Y55F3BR.2",8.13392053951917,8.71262447576679,3.17621756548096,19.3377927851597,21.0054635969741,22.8716702009649
"Y55F3BR.6",72.301515906837,67.5228396871927,69.8767864405811,75.4173918621228,76.6699421289556,53.0622748662386
"lem-4",42.4771405952668,47.9194346167174,22.2335229583667,45.4438130451253,31.5081953954612,32.0203382813509
"kvs-5",184.368865562434,241.775329202529,269.978493065882,206.914382801209,219.50709458838,225.057234777495
"cutl-26",15.3640721302029,21.781561189417,23.2922621468604,23.2053513421916,17.854644057428,18.2973361607719
"vha-19",1274.314217858,1003.04089277265,1011.09592501144,977.525425289822,989.357335417482,1006.35348884246
"Y57E12AL.1",228.653544055372,234.151782786233,195.866749871326,278.4642161063,236.311465465959,211.334232656916
"Y57E12AL.6",119.297501246281,126.333054898619,149.282225577605,124.72876346428,128.133327941542,122.592152277172
"Y57E12AM.1",83.1467432928626,80.5917764008429,74.1117431945558,87.0200675332186,69.3180298700146,96.9758816520912
"emc-2",106.644735962585,103.462415649731,71.9942648175684,82.1856193369287,82.9715812080478,125.336752701288
"Y58A7A.3",18.0753789767093,29.4051076057129,21.1747837698731,4.83444819628992,29.4076490357638,17.3824693527333
"glb-32",21.6904547720511,16.3361708920627,23.2922621468604,14.5033445888698,15.7540976977306,18.2973361607719
"lgc-26",44.2846784929377,31.5832637246546,20.1160445813794,36.7418062918034,31.5081953954612,41.1690063617368
"npr-5",30.7281442604057,41.3849662598923,24.351001335354,28.0397995384816,36.7595612947047,32.9352050893894
"Y59C2A.1",34.3432200557476,34.8504979030672,37.0558715972779,34.8080270132875,18.9049172372767,26.5311374331193
"Y59C2A.2",56.0336748277987,57.721137151955,71.9942648175684,62.847826551769,59.8655712513763,48.4879408260456
"Y59C2A.3",32.5356821580767,25.0487953678295,40.2320891627588,40.6093648488354,46.2120199133431,42.998739977814
"npr-22",25.305530567393,32.6723417841255,25.4097405238477,14.5033445888698,14.7038245178819,27.4460042411579
"catp-7",285.590987832006,237.419016964645,187.396836363377,591.736459225887,404.355174241752,381.499458952094
"Y61A9LA.1",34.3432200557476,29.4051076057129,39.1733499742652,20.3046824244177,35.709288114856,32.0203382813509
"Y61A9LA.3",87.6655880370399,98.0170253523765,98.4627445299098,94.7551846472825,123.932235222147,97.8907484601298
"sut-2",231.364850901878,254.844265916179,240.333795788059,152.768563002762,152.289611078062,143.63408886206
"Y61A9LA.10",593.776199384899,622.952650017326,613.009990137826,247.523747650044,263.618568142025,293.672245380389
"Y61A9LA.11",49.7072921859505,59.8992932708967,58.230655367151,55.1127094377051,34.6590149350073,48.4879408260456
"cus-2",76.8203606510143,82.7699325197845,79.405439137024,71.5498333050909,53.563932172284,57.6366089064315
"Y65B4A.2",66.8789022138242,87.1262447576679,74.1117431945558,60.914047273253,74.5693957692582,68.6150106028947
"vps-20",68.6864401114952,71.8791519250761,67.7593080635938,55.1127094377051,47.2622930931918,50.3176744421228
"Y65B4A.6",360.60381058535,326.723417841255,336.679061940982,192.411038212339,231.060099566715,211.334232656916
"Y65B4A.8",30.7281442604057,37.0286540220089,38.1146107857715,42.5431441273513,34.6590149350073,40.2541395536982
"Y65B4BL.1",27.1130684650639,38.1177320814797,34.9383932202906,40.6093648488354,55.6644785319814,40.2541395536982
"deps-1",25.305530567393,29.4051076057129,34.9383932202906,26.1060202599656,21.0054635969741,27.4460042411579
"acs-13",289.206063627348,303.852778592367,353.61888895688,251.391306207076,307.730041695671,305.565513884891
"icd-2",737.475462249738,692.65364582346,737.941214380077,805.419069501901,690.0294791606,813.316592346312
"dpm-1",102.125891218407,109.996884006556,116.461310734302,116.026756710958,107.127864344568,113.443484196786
"mrpl-55",44.2846784929377,57.721137151955,52.9369594246827,46.4107026843833,47.2622930931918,41.1690063617368
"Y66H1A.4",651.617412110369,612.061869422617,593.95268474494,551.127094377051,494.678667708741,548.920084823157
"Y66H1A.5",130.142728632307,125.243976839148,125.989963430745,114.092977432442,119.731142502753,105.209682924439
"fln-1",1275.21798680684,1305.80459330555,1242.95980729155,1471.60603095065,1480.88518358668,1279.898664446
"rep-1",52.4185990324568,59.8992932708967,47.6432634822144,49.3113716021572,68.2677566901659,64.9555433707403
"Y67D2.2",38.8620647999249,38.1177320814797,53.9956986131763,33.8411373740295,45.1617467334944,32.0203382813509
"cisd-3.2",217.808316669347,192.76681652634,213.865316075718,212.715720636757,185.898352833221,196.696363728298
"Y67D2.4",15.3640721302029,17.4252489515336,19.0573053928858,17.4040135066437,10.5027317984871,9.14866808038596
"ddx-35",26.2092995162284,23.9597173083587,26.4684797123413,7.73511711406388,28.3573758559151,21.0419365848877
"Y67D2.7",38.8620647999249,55.5429810330133,53.9956986131763,49.3113716021572,38.8601076544021,36.5946723215438
"Y67D8A.2",116.586194399775,114.353196244439,120.696267488277,126.662542742796,133.384693840786,118.017818236979
"dmd-9",21.6904547720511,16.3361708920627,19.0573053928858,31.9073580955135,7.35191225894095,17.3824693527333
"Y67D8C.3",46.0922163906086,34.8504979030672,39.1733499742652,25.1391306207076,33.6087417551586,23.7865370090035
"eel-1",975.166695793464,847.302730268321,935.92544262839,628.47826551769,918.989032367618,845.336930627663
"cpg-9",50.6110611347859,47.9194346167174,50.8194810476954,52.2120405199312,35.709288114856,35.6798055135052
"Y67D8C.9",44.2846784929377,42.4740443193631,47.6432634822144,26.1060202599656,47.2622930931918,35.6798055135052
"Y69A2AR.1",39.7658337487604,74.0573080440178,57.1719161786573,40.6093648488354,60.915844431225,43.9136067858526
"Y69A2AR.3",112.067349655597,86.0371666981971,104.815179660872,91.8545157295085,90.3234934669888,88.7420803797438
"daao-1",20.7866858232156,28.3160295462421,20.1160445813794,23.2053513421916,22.0557367768228,30.1906046652737
"vamp-7",75.9165917021789,54.4539029735425,35.9971324087842,65.748495469543,61.9661176110737,73.1893446430877
"epg-9",68.6864401114952,66.4337616277218,50.8194810476954,136.331439135376,122.881962042299,104.2948161164
"Y69A2AR.16",81.3392053951917,59.8992932708967,71.9942648175684,65.748495469543,81.9213080281991,82.3380127234736
"Y69A2AR.18",952.572472072578,833.1447154952,894.634614277137,870.200675332186,821.313626641689,973.418283753066
"Y69A2AR.21",41.5733716464313,39.2068101409506,57.1719161786573,49.3113716021572,46.2120199133431,42.998739977814
"Y69A2AR.22",105.740967013749,96.9279472929056,109.050136414846,113.126087793184,93.4743130065349,124.421885893249
"Y69A2AR.28",56.0336748277987,55.5429810330133,67.7593080635938,62.847826551769,68.2677566901659,65.8704101787789
"Y69A2AR.31",74.109053804508,77.3245422224303,79.405439137024,71.5498333050909,73.5191225894094,54.8920084823158
"cdh-12",5.42261369301278,5.44539029735425,1.05873918849365,123.761873825022,150.189064718365,87.8272135717052
"acsd-1",18.0753789767093,18.5143270110044,32.8209148433033,26.1060202599656,19.9551904171254,30.1906046652737
"lgc-46",22.5942237208866,29.4051076057129,34.9383932202906,21.2715720636757,17.854644057428,19.2122029688105
"Y71F9AL.1",31.6319132092412,33.7614198435963,30.703436466316,22.2384617029336,28.3573758559151,24.7014038170421
"Y71F9AL.9",379.582958510894,444.343848264107,422.436936208968,449.603682254963,444.265555076003,502.261877613189
"Y71F9AL.10",53.3223679812923,33.7614198435963,24.351001335354,47.3775923236412,58.8152980715276,45.7433404019298
"Y71F9AL.12",47.8997542882795,55.5429810330133,42.3495675397462,48.3444819628992,45.1617467334944,43.9136067858526
"dnc-5",34.3432200557476,55.5429810330133,47.6432634822144,45.4438130451253,49.3628394528892,55.8068752903543
"copa-1",552.202827738468,569.587825103254,559.014291524649,550.160204737793,610.208717492098,668.767636676214
"cogc-3",87.6655880370399,77.3245422224303,77.2879607600367,55.1127094377051,47.2622930931918,52.1474080582
"trap-1",336.202048966792,374.642852457972,420.319457831981,423.497661994997,422.20981829918,451.029336363028
"supr-1",14.4603031813674,22.8706392488878,22.2335229583667,19.3377927851597,18.9049172372767,21.0419365848877
"Y71F9B.1",28.9206063627348,43.563122378834,41.2908283512525,25.1391306207076,23.1060099566715,56.7217420983929
"Y71F9B.2",47.8997542882795,46.8303565572465,35.9971324087842,38.6755855703194,32.5584685753099,34.7649387054666
"yop-1",273.841991497145,323.456183662842,277.389667385337,225.28528594711,252.06556316369,261.651907099038
"Y71F9B.6",18.9791479255447,18.5143270110044,17.9985662043921,18.3709031459017,27.3071026760664,23.7865370090035
"lron-11",36.1507579534185,39.2068101409506,35.9971324087842,30.9404684562555,32.5584685753099,35.6798055135052
"Y71F9B.13",53.3223679812923,59.8992932708967,71.9942648175684,66.7153851088009,74.5693957692582,79.5934122993578
"hrpu-2",279.264605190158,276.625827105596,257.273622803958,336.477594461779,293.026217177789,311.054714733123
"trpp-10",47.8997542882795,49.0085126761882,41.2908283512525,39.6424752095774,42.0109271939483,50.3176744421228
"tub-2",78.6278985486853,65.344683568251,60.3481337441383,72.5167229443488,93.4743130065349,71.3596110270105
"chaf-2",38.8620647999249,39.2068101409506,41.2908283512525,53.1789301591892,53.563932172284,62.2109429466245
"pghm-1",323.549283683096,369.197462160618,348.325193014412,338.411373740295,341.33878345083,307.395247500968
"Y71G12B.6",30.7281442604057,14.158014773121,22.2335229583667,42.5431441273513,67.2174835103172,45.7433404019298
"ddx-27",415.733716464313,383.355476933739,399.144674062107,317.139801676619,302.478675796427,295.501978996466
"lin-65",91.2806638323817,92.5716350550222,84.6991350794923,71.5498333050909,67.2174835103172,79.5934122993578
"Y71G12B.10",117.48996334861,111.085962066027,118.578789111289,83.1525089761867,112.379230243812,98.8056152681684
"atg-5",76.8203606510143,74.0573080440178,77.2879607600367,74.4505022228648,59.8655712513763,79.5934122993578
"Y71G12B.13",56.0336748277987,44.6522004383048,62.4656121211256,53.1789301591892,44.1114735536457,54.8920084823158
"Y71G12B.17",20.7866858232156,14.158014773121,31.7621756548096,25.1391306207076,22.0557367768228,13.7230021205789
"mppa-1",244.92138513441,236.329938905174,256.214883615464,299.735788169975,235.26119228611,255.247839442768
"Y71G12B.25",5.42261369301278,8.71262447576679,13.7636094504175,51.2451508806732,56.7147517118302,41.1690063617368
"Y71G12B.26",9.94145843719009,11.9798586541793,8.46991350794923,18.3709031459017,9.45245861863836,17.3824693527333
"Y71H2AM.1",70.4939780091661,58.8102152114259,58.230655367151,45.4438130451253,40.9606540140996,49.4028076340842
"Y71H2AM.2",53.3223679812923,74.0573080440178,58.230655367151,58.0133783554791,61.9661176110737,55.8068752903543
"Y71H2AM.3",115.682425450939,112.175040125497,91.0515702104542,147.934114806472,134.434967020634,107.039416540516
"Y71H2AM.4",193.406555050789,205.835753239991,189.514314740364,233.020403061174,186.94862601307,221.39776754534
"cox-6B",482.612618678137,516.223000189183,512.429767230928,508.5839502497,495.728940888589,539.771416742772
"Y71H2AM.6",33.4394511069121,32.6723417841255,26.4684797123413,26.1060202599656,19.9551904171254,29.2757378572351
"set-27",143.699262864839,138.312913552798,143.988529635137,199.179265687145,170.14425513549,158.271957790677
"Y71H2AM.9",71.3977469580016,96.9279472929056,66.7005688751002,59.947157633995,66.1672103304685,61.2960761385859
"Y71H2AM.10",31.6319132092412,28.3160295462421,38.1146107857715,22.2384617029336,26.2568294962177,23.7865370090035
"Y71H2AM.11",219.615854567017,205.835753239991,262.567318746426,241.722409814496,244.713650904749,255.247839442768
"Y71H2AM.13",208.770627180992,234.151782786233,241.392534976553,183.709031459017,156.490703797457,223.227501161417
"Y71H2AM.15",126.527652836965,99.1061034118473,115.402571545808,105.39097067912,132.334420660937,118.932685045017
"pho-9",134.661573376484,115.44227430391,125.989963430745,175.007024705695,148.088518358668,171.080093103217
"swsn-3",124.720114939294,119.798586541793,115.402571545808,137.298328774634,126.032781581845,130.825953549519
"Y71H2AM.20",59.6487506231405,58.8102152114259,61.4068729326319,60.914047273253,57.7650248916789,68.6150106028947
"Y71H2AR.1",74.109053804508,67.5228396871927,71.9942648175684,85.0862882547027,75.6196689491069,83.2528795315122
"Y71H2B.2",79.5316674975207,87.1262447576679,98.4627445299098,90.8876260902505,72.4688494095607,77.7636786832806
"ppfr-4",64.1675953673179,43.563122378834,52.9369594246827,58.0133783554791,49.3628394528892,67.7001437948561
"Y71H2B.4",69.5902090603306,91.4825569955513,93.1690485874415,81.2187296976707,94.5245861863836,82.3380127234736
"Y71H2B.5",61.4562885208115,62.0774493898384,66.7005688751002,52.2120405199312,48.3125662730405,45.7433404019298
"gpa-17",101.222122269572,89.3044008766096,91.0515702104542,102.490301761346,102.926771625173,87.8272135717052
"Y71H2B.8",14.4603031813674,25.0487953678295,10.5873918849365,23.2053513421916,12.6032781581845,19.2122029688105
"pfk-1.1",663.36640844523,666.51577239616,657.477036054559,672.955188923557,771.950787188799,703.53257538168
"fard-1",128.335190734636,129.600289077031,124.931224242251,83.1525089761867,107.127864344568,126.251619509326
"Y71H10B.1",407.599795924794,348.504979030672,398.085934873614,322.941139512167,338.187963911283,377.83999171994
"Y72A10A.1",51.5148300836214,62.0774493898384,46.5845242937208,54.1458197984471,46.2120199133431,59.4663425225087
"Y73B3A.1",5.42261369301278,5.44539029735425,3.17621756548096,0.966889639257985,3.15081953954612,3.65946723215438
"Y73B6A.3",82.2429743440271,88.2153228171388,95.2865269644288,107.324749957636,94.5245861863836,111.613750580709
"tyr-6",64.1675953673179,92.5716350550222,91.0515702104542,74.4505022228648,90.3234934669888,71.3596110270105
"exos-2",46.9959853394441,49.0085126761882,37.0558715972779,30.9404684562555,43.061200373797,33.850071897428
"ipla-6",209.674396129827,184.054192050574,152.458443143086,271.695988631494,276.22184630021,206.759898616723
"sqd-1",221.423392464688,201.479441002107,254.097405238477,174.040135066437,206.903816430195,244.269437746305
"shl-1",53.3223679812923,47.9194346167174,40.2320891627588,51.2451508806732,58.8152980715276,44.8284735938912
"sfrp-1",63.2638264184824,77.3245422224303,66.7005688751002,54.1458197984471,80.8710348483504,47.573074018007
"acp-6",309.088980501728,409.493350361039,455.257851052271,453.471240811995,430.61200373797,488.53887549261
"acp-7",25.305530567393,23.9597173083587,37.0558715972779,22.2384617029336,12.6032781581845,18.2973361607719
"lgc-10",29.8243753115703,20.6924831299461,21.1747837698731,21.2715720636757,14.7038245178819,18.2973361607719
"Y73B6BL.27",42.4771405952668,46.8303565572465,50.8194810476954,77.3511711406388,67.2174835103172,59.4663425225087
"blos-2",33.4394511069121,41.3849662598923,42.3495675397462,38.6755855703194,37.8098344745534,24.7014038170421
"Y73B6BL.31",74.109053804508,58.8102152114259,84.6991350794923,36.7418062918034,36.7595612947047,39.3392727456596
"hrpf-2",110.259811757926,100.195181471318,82.581656702505,137.298328774634,124.982508401996,117.10295142894
"nlp-71",25.305530567393,37.0286540220089,31.7621756548096,23.2053513421916,25.206556316369,28.3608710491965
"Y73C8B.1",31.6319132092412,41.3849662598923,25.4097405238477,46.4107026843833,54.6142053521327,32.9352050893894
"Y73C8B.2",22.5942237208866,34.8504979030672,29.6446972778223,36.7418062918034,24.1562831365203,32.0203382813509
"Y73C8B.3",64.1675953673179,68.6119177466635,64.5830904981129,43.5100337666093,29.4076490357638,45.7433404019298
"Y73E7A.1",61.4562885208115,80.5917764008429,58.230655367151,63.814716191027,58.8152980715276,73.1893446430877
"Y73E7A.2",107.54850491142,92.5716350550222,97.4040053414162,59.947157633995,58.8152980715276,85.0826131475894
"Y73E7A.3",19.8829168743802,27.2269514867712,38.1146107857715,18.3709031459017,21.0054635969741,30.1906046652737
"cpx-1",159.063334995041,201.479441002107,163.045835028023,162.437459395341,140.736606099727,156.4422241746
"Y73E7A.8",2.71130684650639,0,0,41.5762544880933,31.5081953954612,23.7865370090035
"nlp-40",352.46989004583,437.809379907281,471.138938879676,442.835454780157,346.590149350073,414.434664041484
"homt-1",50.6110611347859,57.721137151955,60.3481337441383,48.3444819628992,36.7595612947047,51.2325412501614
"rcor-1",32.5356821580767,34.8504979030672,38.1146107857715,16.4371238673857,27.3071026760664,26.5311374331193
"sesn-1",77.7241295998498,66.4337616277218,79.405439137024,44.4769234058673,45.1617467334944,54.8920084823158
"Y74C10AL.2",40.6696026975958,74.0573080440178,61.4068729326319,58.9802679947371,53.563932172284,60.3812093305473
"abtm-1",258.477919366942,270.091358748771,267.861014688894,201.113044965661,213.205455509287,204.930165000645
"lgc-27",7.2301515906837,6.5344683568251,6.35243513096192,40.6093648488354,34.6590149350073,19.2122029688105
"glb-33",77.7241295998498,67.5228396871927,73.0530040060621,76.3842815013808,96.625132546081,79.5934122993578
"rga-4",75.9165917021789,80.5917764008429,62.4656121211256,68.6491643873169,96.625132546081,85.0826131475894
"Y75B7AR.1",0,0,0,21.2715720636757,26.2568294962177,18.2973361607719
"xpc-1",88.5693569858754,81.6808544603137,89.9928310219606,80.2518400584127,86.1224007475939,75.9339450672035
"Y76B12C.3",64.1675953673179,45.7412784977757,47.6432634822144,59.947157633995,56.7147517118302,56.7217420983929
"Y76B12C.6",28.0168374138993,23.9597173083587,28.5859580893287,24.1722409814496,34.6590149350073,30.1906046652737
"cpsf-1",163.582179739219,164.450786980098,155.634660708567,141.165887331666,155.440430617609,155.527357366561
"Y76B12C.8",19.8829168743802,21.781561189417,27.527218900835,19.3377927851597,23.1060099566715,18.2973361607719
"hxk-3",250.343998827423,257.02242203512,244.568752542034,278.4642161063,257.316929062933,247.014038170421
"Y77E11A.2",34.3432200557476,59.8992932708967,40.2320891627588,41.5762544880933,38.8601076544021,45.7433404019298
"Y77E11A.7",128.335190734636,130.689367136502,140.812312069656,164.371238673857,130.23387430124,126.251619509326
"Y77E11A.12",10.8452273860256,16.3361708920627,15.8810878274048,17.4040135066437,8.40218543878965,17.3824693527333
"fbxa-79",33.4394511069121,31.5832637246546,31.7621756548096,23.2053513421916,23.1060099566715,26.5311374331193
"fbxa-19",18.0753789767093,9.80170253523765,22.2335229583667,25.1391306207076,16.8043708775793,20.1270697768491
"Y82E9BR.3",1015.83629849106,1156.60089915804,1356.24490046037,1081.94950632968,954.698320482474,1232.32559042799
"pals-17",31.6319132092412,22.8706392488878,30.703436466316,36.7418062918034,28.3573758559151,45.7433404019298
"Y82E9BR.14",163.582179739219,156.827240563802,172.574487724466,147.934114806472,136.535513380332,166.505759063024
"Y82E9BR.16",233.172388799549,240.686251143058,258.332361992452,223.351506668594,193.250265092162,240.609970514151
"Y82E9BR.18",123.816345990458,131.778445195973,98.4627445299098,95.7220742865405,102.926771625173,110.69888377267
"Y82E9BR.19",20.7866858232156,13.0689367136502,19.0573053928858,25.1391306207076,22.0557367768228,22.8716702009649
"kbp-4",11.748996334861,14.158014773121,6.35243513096192,25.1391306207076,18.9049172372767,18.2973361607719
"Y92H12A.2",41.5733716464313,54.4539029735425,51.878220236189,56.0795990769631,54.6142053521327,72.2744778350491
"Y92H12A.4",90.3768948835463,101.284259530789,94.2277877759352,79.2849504191547,106.077591164719,108.869150156593
"Y92H12A.5",67.7826711626597,37.0286540220089,53.9956986131763,33.8411373740295,58.8152980715276,67.7001437948561
"Y92H12BL.1",122.912577041623,138.312913552798,145.047268823631,90.8876260902505,109.228410704265,80.5082791073964
"Y92H12BL.4",46.0922163906086,39.2068101409506,47.6432634822144,23.2053513421916,31.5081953954612,32.9352050893894
"Y92H12BL.5",21.6904547720511,27.2269514867712,26.4684797123413,52.2120405199312,21.0054635969741,41.1690063617368
"Y92H12BR.2",36.1507579534185,44.6522004383048,29.6446972778223,32.8742477347715,32.5584685753099,44.8284735938912
"Y92H12BR.3",247.632691980917,230.88454860782,245.627491730528,257.192644042624,261.518021782328,235.120769665919
"set-29",68.6864401114952,63.1665274493093,73.0530040060621,50.2782612414152,54.6142053521327,53.9771416742772
"Y92H12BR.7",10.8452273860256,7.62354641629595,7.41117431945558,12.5695653103538,17.854644057428,14.6378689286175
"mrpl-15",214.193240874005,221.082846072582,220.21775120668,216.583279193789,225.808733667472,223.227501161417
"nhr-277",22.5942237208866,26.1378734273004,21.1747837698731,30.9404684562555,24.1562831365203,23.7865370090035
"Y94H6A.3",15.3640721302029,16.3361708920627,17.9985662043921,22.2384617029336,16.8043708775793,14.6378689286175
"Y94H6A.5",234.076157748385,142.669225790681,158.810878274048,146.967225167214,162.792342876549,144.548955670098
"Y94H6A.7",19.8829168743802,29.4051076057129,30.703436466316,22.2384617029336,23.1060099566715,25.6162706250807
"Y94H6A.8",199.732937692637,204.74667518052,158.810878274048,190.477258933823,184.848079653372,193.036896496144
"ubxn-2",68.6864401114952,84.9480886387262,84.6991350794923,83.1525089761867,88.2229471072913,84.1677463395508
"Y94H6A.10",2340.76157748385,2301.2219396619,2034.8967202848,2844.58931869699,2338.95837152307,2541.49999273122
"Y95B8A.6",15.3640721302029,20.6924831299461,23.2922621468604,16.4371238673857,28.3573758559151,16.4676025446947
"Y95B8A.8",98.5108154230655,98.0170253523765,86.8166134564796,72.5167229443488,93.4743130065349,91.4866808038596
"pde-6",95.7995085765591,90.3934789360805,81.5229175140113,87.0200675332186,100.826225265476,79.5934122993578
"prhg-1",48.803523237115,58.8102152114259,65.6418296866065,43.5100337666093,49.3628394528892,42.0838731697754
"abhd-12",42.4771405952668,33.7614198435963,23.2922621468604,34.8080270132875,42.0109271939483,53.0622748662386
"natb-1",50.6110611347859,57.721137151955,43.4083067282398,59.947157633995,64.0666639707711,58.5514757144701
"Y97E10AR.1",109.356042809091,89.3044008766096,79.405439137024,87.9869571724766,86.1224007475939,82.3380127234736
"Y97E10AR.2",34.3432200557476,27.2269514867712,26.4684797123413,12.5695653103538,16.8043708775793,14.6378689286175
"rpb-9",69.5902090603306,75.1463861034886,67.7593080635938,87.0200675332186,52.5136589924353,78.6785454913192
"Y97E10AR.6",205.15555138565,198.212206823695,197.984228248313,292.967560695169,262.568294962177,251.588372210614
"lmtr-2",53.3223679812923,52.2757468546008,64.5830904981129,74.4505022228648,56.7147517118302,53.0622748662386
"Y97E10C.1",7.2301515906837,4.3563122378834,3.17621756548096,2.90066891777395,3.15081953954612,3.65946723215438
"Y102A11A.2",17.1716100278738,19.6034050704753,26.4684797123413,27.0729098992236,30.4579222156125,32.9352050893894
"Y102A11A.3",65.9751332649888,68.6119177466635,73.0530040060621,47.3775923236412,76.6699421289556,66.7852769868175
"igcm-4",37.9582958510894,27.2269514867712,46.5845242937208,39.6424752095774,38.8601076544021,41.1690063617368
"wdr-4",113.874887553268,115.44227430391,115.402571545808,97.6558535650564,105.027317984871,91.4866808038596
"nhr-41",81.3392053951917,53.3648249140716,64.5830904981129,105.39097067912,85.0721275677452,80.5082791073964
"plst-1",293.724908371525,285.338451581363,225.511447149148,250.424416567818,228.959553207018,249.758638594537
"Y104H12D.2",20.7866858232156,23.9597173083587,22.2335229583667,20.3046824244177,24.1562831365203,10.9784016964632
"spl-3",126.527652836965,147.025538028565,133.4011377502,137.298328774634,143.887425639273,133.570553973635
"Y108G3AL.2",60.552519571976,57.721137151955,58.230655367151,34.8080270132875,32.5584685753099,42.0838731697754
"cfap-36",30.7281442604057,40.2958882004214,25.4097405238477,26.1060202599656,24.1562831365203,25.6162706250807
"Y110A2AL.4",0.903768948835463,0,1.05873918849365,0.966889639257985,1.05027317984871,0
"hpo-20",18.9791479255447,13.0689367136502,21.1747837698731,21.2715720636757,19.9551904171254,20.1270697768491
"pinn-1",71.3977469580016,96.9279472929056,76.2292215715431,80.2518400584127,71.418576229712,77.7636786832806
"ubc-26",33.4394511069121,30.4941856651838,28.5859580893287,34.8080270132875,31.5081953954612,35.6798055135052
"ncap-1",68.6864401114952,50.0975907356591,41.2908283512525,61.880936912511,61.9661176110737,52.1474080582
"tyms-1",74.109053804508,98.0170253523765,98.4627445299098,93.7882950080245,72.4688494095607,108.869150156593
"pfkb-1.1",178.042482920586,154.649084444861,148.223486389112,194.344817490855,239.462285005505,201.270697768491
"Y110A7A.7",9.03768948835463,20.6924831299461,11.6461310734302,15.4702342281278,12.6032781581845,9.14866808038596
"prp-31",122.008808092787,119.798586541793,124.931224242251,76.3842815013808,95.5748593662323,105.209682924439
"Y110A7A.9",59.6487506231405,58.8102152114259,50.8194810476954,46.4107026843833,55.6644785319814,64.9555433707403
"use-1",22.5942237208866,28.3160295462421,17.9985662043921,34.8080270132875,23.1060099566715,22.8716702009649
"elpc-1",200.636706641473,173.163411455865,185.279357986389,135.364549496118,171.194528315339,168.335492679102
"Y119C1A.1",40.6696026975958,29.4051076057129,37.0558715972779,30.9404684562555,27.3071026760664,35.6798055135052
"Y119C1B.3",22.5942237208866,22.8706392488878,11.6461310734302,16.4371238673857,17.854644057428,15.5527357366561
"mrpl-19",186.176403460105,193.855894585811,200.101706625301,181.775252180501,180.646986933978,192.122029688105
"rnf-145",67.7826711626597,66.4337616277218,69.8767864405811,106.357860318378,59.8655712513763,82.3380127234736
"Y119C1B.6",27.1130684650639,37.0286540220089,27.527218900835,33.8411373740295,25.206556316369,24.7014038170421
"bet-1",221.423392464688,221.082846072582,199.042967436807,228.185954864884,222.657914127926,178.399027567526
"zig-9",79.5316674975207,94.7497911739639,88.9340918334669,94.7551846472825,75.6196689491069,80.5082791073964
"Y119C1B.10",39.7658337487604,30.4941856651838,38.1146107857715,44.4769234058673,43.061200373797,31.1054714733123
"orc-3",21.6904547720511,23.9597173083587,27.527218900835,32.8742477347715,37.8098344745534,37.5095391295824
"Y119D3B.12",123.816345990458,116.531352363381,99.5214837184035,113.126087793184,93.4743130065349,106.124549732477
"Y119D3B.13",21.6904547720511,25.0487953678295,24.351001335354,30.9404684562555,29.4076490357638,20.1270697768491
"Y119D3B.14",35.246989004583,37.0286540220089,35.9971324087842,25.1391306207076,31.5081953954612,27.4460042411579
"dss-1",146.410569711345,175.341567574807,147.164747200618,164.371238673857,127.083054761693,153.697623750484
"mrpl-45",245.825154083246,187.321426228986,200.101706625301,215.616389554531,171.194528315339,195.78149692026
"fbxa-92",18.9791479255447,23.9597173083587,17.9985662043921,31.9073580955135,16.8043708775793,15.5527357366561
"Y119D3B.21",303.666366808716,340.881432614376,422.436936208968,301.669567448491,241.562831365202,412.604930425407
"set-30",72.301515906837,62.0774493898384,68.8180472520875,98.6227432043144,65.1169371506198,64.0406765627017
"lfi-1",1017.64383638873,876.707837874034,971.922575037174,795.750173109321,1070.22837026583,810.571991922196
"ZC8.6",50.6110611347859,52.2757468546008,62.4656121211256,38.6755855703194,48.3125662730405,59.4663425225087
"ZC13.1",15.3640721302029,27.2269514867712,22.2335229583667,20.3046824244177,25.206556316369,19.2122029688105
"ZC21.3",107.54850491142,135.045679374385,91.0515702104542,106.357860318378,123.932235222147,125.336752701288
"ttr-48",115.682425450939,100.195181471318,120.696267488277,153.73545264202,110.278683884114,130.825953549519
"mtx-2",75.9165917021789,83.8590105792554,99.5214837184035,70.5829436658329,75.6196689491069,83.2528795315122
"ZC123.1",3.61507579534185,7.62354641629595,5.29369594246827,49.3113716021572,50.4131126327379,20.1270697768491
"zfh-2",132.854035478813,119.798586541793,117.520049922796,128.596322021312,141.786879279575,119.847551853056
"ZC123.4",36.1507579534185,40.2958882004214,32.8209148433033,34.8080270132875,36.7595612947047,35.6798055135052
"morc-1",60.552519571976,75.1463861034886,61.4068729326319,55.1127094377051,66.1672103304685,65.8704101787789
"syx-16",29.8243753115703,20.6924831299461,25.4097405238477,23.2053513421916,30.4579222156125,21.0419365848877
"ZC190.4",148.218107609016,165.539865039569,178.926922855427,183.709031459017,210.054635969741,156.4422241746
"ZC196.5",28.9206063627348,23.9597173083587,17.9985662043921,21.2715720636757,21.0054635969741,27.4460042411579
"duxl-1",9.03768948835463,10.8907805947085,14.8223486389112,21.2715720636757,14.7038245178819,10.9784016964632
"ZC204.12",56.0336748277987,51.1866687951299,48.7020026707081,48.3444819628992,64.0666639707711,66.7852769868175
"ZC239.6",34.3432200557476,34.8504979030672,23.2922621468604,33.8411373740295,53.563932172284,37.5095391295824
"ZC250.2",9.94145843719009,18.5143270110044,16.9398270158985,17.4040135066437,23.1060099566715,14.6378689286175
"ZC262.2",59.6487506231405,72.9682299845469,67.7593080635938,60.914047273253,63.0163907909224,60.3812093305473
"iglr-2",212.385702976334,212.370221596816,238.216317411072,181.775252180501,213.205455509287,207.674765424761
"mrps-18A",94.8957396277236,86.0371666981971,88.9340918334669,125.695653103538,99.7759520856271,91.4866808038596
"cuti-1",3.61507579534185,1.08907805947085,3.17621756548096,38.6755855703194,52.5136589924353,32.9352050893894
"klu-2",25.305530567393,41.3849662598923,23.2922621468604,25.1391306207076,19.9551904171254,32.0203382813509
"ZC328.3",53.3223679812923,38.1177320814797,76.2292215715431,39.6424752095774,58.8152980715276,46.6582072099684
"ZC395.5",84.9542811905335,72.9682299845469,60.3481337441383,152.768563002762,112.379230243812,96.9758816520912
"ztf-8",88.5693569858754,81.6808544603137,87.8753526449733,109.258529236152,90.3234934669888,93.3164144199368
"daf-41",651.617412110369,655.624991801451,673.358123881964,1014.26723158163,796.10707032532,945.05741270387
"gck-2",39.7658337487604,28.3160295462421,32.8209148433033,40.6093648488354,38.8601076544021,31.1054714733123
"madf-9",28.0168374138993,33.7614198435963,43.4083067282398,14.5033445888698,26.2568294962177,25.6162706250807
"ltah-1.2",171.716100278738,231.973626667291,177.868183666934,160.503680116825,176.445894214583,177.484160759488
"sek-3",93.0882017300527,68.6119177466635,61.4068729326319,50.2782612414152,51.4633858125866,44.8284735938912
"ZC449.4",19.8829168743802,15.2470928325919,8.46991350794923,16.4371238673857,13.6535513380332,13.7230021205789
"ZC449.5",234.076157748385,250.487953678295,271.037232254375,238.821740896722,249.965016803992,235.120769665919
"ZC477.3",94.8957396277236,101.284259530789,78.3466999485304,65.748495469543,82.9715812080478,87.8272135717052
"rde-8",20.7866858232156,18.5143270110044,17.9985662043921,20.3046824244177,16.8043708775793,11.8932685045017
"ZC487.1",13.5565342325319,7.62354641629595,7.41117431945558,16.4371238673857,12.6032781581845,15.5527357366561
"algn-12",24.4017616185575,41.3849662598923,38.1146107857715,25.1391306207076,54.6142053521327,30.1906046652737
"nekl-2",21.6904547720511,18.5143270110044,11.6461310734302,29.0066891777395,29.4076490357638,22.8716702009649
"ZC581.3",27.1130684650639,23.9597173083587,30.703436466316,34.8080270132875,27.3071026760664,26.5311374331193
"ZC581.9",53.3223679812923,53.3648249140716,45.5257851052271,57.0464887162211,60.915844431225,32.0203382813509
"ZK6.6",41.5733716464313,35.939575962538,30.703436466316,35.7749166525454,29.4076490357638,33.850071897428
"lipl-5",428.386481748009,468.303565572465,517.723463173397,328.742477347715,330.836051652343,349.479120670744
"dod-19",788.086523384524,950.765145918052,1106.38245197587,821.856193369287,893.782476051249,1062.16036413281
"ZK6.11",462.729701803757,520.579312427066,554.779334770675,727.101008722004,642.767186067408,877.357268909013
"acl-9",92.1844327812172,126.333054898619,122.813745865264,146.000335527956,118.680869322904,99.7204820762069
"slc-17.1",37.9582958510894,35.939575962538,46.5845242937208,34.8080270132875,40.9606540140996,36.5946723215438
"ZK84.1",28.0168374138993,34.8504979030672,34.9383932202906,6.76822747480589,7.35191225894095,13.7230021205789
"ZK105.6",9.94145843719009,20.6924831299461,9.52865269644288,48.3444819628992,42.0109271939483,37.5095391295824
"glrx-21",49.7072921859505,53.3648249140716,45.5257851052271,42.5431441273513,40.9606540140996,43.9136067858526
"ZK121.2",119.297501246281,121.976742660735,104.815179660872,107.324749957636,119.731142502753,108.869150156593
"ZK154.1",262.092995162284,280.982139343479,281.624624139312,211.748830997499,185.898352833221,170.165226295179
"ZK154.4",58.7449816743051,66.4337616277218,60.3481337441383,66.7153851088009,56.7147517118302,73.1893446430877
"ZK154.5",56.9374437766342,46.8303565572465,48.7020026707081,51.2451508806732,54.6142053521327,44.8284735938912
"ZK154.6",23.497992669722,15.2470928325919,17.9985662043921,28.0397995384816,30.4579222156125,17.3824693527333
"npp-24",119.297501246281,103.462415649731,88.9340918334669,77.3511711406388,86.1224007475939,64.9555433707403
"ZK177.8",165.38971763689,166.62894309904,174.691966101453,169.205686870147,135.485240200483,128.996219933442
"gbb-2",57.8412127254696,62.0774493898384,47.6432634822144,41.5762544880933,74.5693957692582,50.3176744421228
"rfth-1",56.0336748277987,27.2269514867712,44.4670459167335,46.4107026843833,53.563932172284,39.3392727456596
"sar-1",197.021630846131,208.013909358932,190.573053928858,228.185954864884,202.7027237108,209.504499040838
"ZK180.5",2.71130684650639,0,1.05873918849365,268.79531971372,246.814197264446,146.378689286175
"ZK180.6",0,1.08907805947085,1.05873918849365,59.947157633995,45.1617467334944,34.7649387054666
"ZK185.3",120.201270195117,93.660713114493,132.342398561707,82.1856193369287,65.1169371506198,77.7636786832806
"gcna-1",26.2092995162284,21.781561189417,24.351001335354,20.3046824244177,17.854644057428,17.3824693527333
"ZK328.6",30.7281442604057,21.781561189417,26.4684797123413,33.8411373740295,30.4579222156125,38.424405937621
"ift-139",16.2678410790383,8.71262447576679,16.9398270158985,3.86755855703194,16.8043708775793,7.31893446430877
"cyy-1",41.5733716464313,33.7614198435963,34.9383932202906,38.6755855703194,42.0109271939483,38.424405937621
"cutc-1",38.8620647999249,45.7412784977757,27.527218900835,28.0397995384816,46.2120199133431,25.6162706250807
"ubxn-4",66.8789022138242,67.5228396871927,68.8180472520875,71.5498333050909,67.2174835103172,73.1893446430877
"ZK353.9",47.8997542882795,39.2068101409506,41.2908283512525,46.4107026843833,30.4579222156125,35.6798055135052
"ZK355.2",49.7072921859505,60.9883713303676,59.2893945556446,47.3775923236412,47.2622930931918,64.0406765627017
"hipr-1",221.423392464688,198.212206823695,220.21775120668,208.848162079725,222.657914127926,209.504499040838
"ZK370.4",289.206063627348,238.508095024116,194.808010682832,422.530772355739,364.444793407501,297.331712612544
"pdhk-2",149.121876557851,137.223835493327,138.694833692669,190.477258933823,191.149718732465,186.632828839874
"ugtp-1",21.6904547720511,25.0487953678295,30.703436466316,23.2053513421916,29.4076490357638,28.3608710491965
"tomm-70",455.499550213073,441.076614085694,467.962721314195,388.68963498171,379.148617925383,400.711661920905
"prkl-1",39.7658337487604,22.8706392488878,20.1160445813794,22.2384617029336,24.1562831365203,21.9568033929263
"ZK418.5",50.6110611347859,54.4539029735425,52.9369594246827,48.3444819628992,48.3125662730405,63.1258097546631
"ZK418.6",19.8829168743802,17.4252489515336,20.1160445813794,25.1391306207076,23.1060099566715,18.2973361607719
"fubl-2",151.833183404358,165.539865039569,173.633226912959,153.73545264202,151.239337898214,185.717962031835
"toe-1",318.126669990083,273.358592927183,277.389667385337,222.384617029336,223.708187307774,215.908566697109
"ZK430.7",149.121876557851,149.203694147506,140.812312069656,107.324749957636,112.379230243812,109.784016964632
"mlt-7",202.444244539144,210.192065477874,197.984228248313,241.722409814496,266.769387681571,221.39776754534
"ZK470.2",128.335190734636,139.401991612269,140.812312069656,140.198997692408,112.379230243812,128.081353125403
"oaz-1",216.904547720511,182.965113991103,157.752139085554,226.252175586368,239.462285005505,193.036896496144
"ZK484.3",103.933429116078,108.907805947085,103.756440472378,151.801673363504,131.284147481088,125.336752701288
"ZK484.4",63.2638264184824,66.4337616277218,69.8767864405811,86.0531778939606,85.0721275677452,73.1893446430877
"ZK546.2",134.661573376484,121.976742660735,111.167614791834,127.629432382054,143.887425639273,138.144888013828
"ZK546.5",18.0753789767093,27.2269514867712,32.8209148433033,27.0729098992236,31.5081953954612,14.6378689286175
"ZK546.14",350.66235214816,378.999164695856,408.67332675855,260.093312960398,270.970480400966,279.034376451772
"cblc-1",59.6487506231405,50.0975907356591,43.4083067282398,53.1789301591892,59.8655712513763,77.7636786832806
"acp-1",40.6696026975958,51.1866687951299,46.5845242937208,31.9073580955135,38.8601076544021,31.1054714733123
"ZK616.3",25.305530567393,18.5143270110044,22.2335229583667,18.3709031459017,14.7038245178819,21.9568033929263
"swsn-6",82.2429743440271,94.7497911739639,77.2879607600367,105.39097067912,108.178137524417,107.954283348554
"perm-3",77.7241295998498,77.3245422224303,80.4641783255177,89.9207364509926,75.6196689491069,77.7636786832806
"pmt-1",779.048833896169,690.475489704519,730.530040060621,774.478601045646,804.509255764109,911.207340806441
"ZK622.4",68.6864401114952,49.0085126761882,63.5243513096192,54.1458197984471,64.0666639707711,49.4028076340842
"tomm-7",88.5693569858754,74.0573080440178,86.8166134564796,85.0862882547027,74.5693957692582,106.124549732477
"ZK652.6",54.2261369301278,56.6320590924842,66.7005688751002,64.781605830285,61.9661176110737,53.9771416742772
"ZK652.8",19.8829168743802,22.8706392488878,20.1160445813794,34.8080270132875,18.9049172372767,31.1054714733123
"tag-307",72.301515906837,71.8791519250761,69.8767864405811,81.2187296976707,55.6644785319814,68.6150106028947
"slc-17.7",37.054526902254,71.8791519250761,67.7593080635938,26.1060202599656,38.8601076544021,32.0203382813509
"lron-2",1.80753789767093,2.1781561189417,2.11747837698731,35.7749166525454,31.5081953954612,7.31893446430877
"ZK686.1",4.51884474417731,3.26723417841255,1.05873918849365,1.93377927851597,1.05027317984871,6.40406765627017
"ZK686.2",158.159566046206,159.005396682744,140.812312069656,113.126087793184,95.5748593662323,102.465082500323
"ZK686.3",376.871651664388,362.662993803793,366.323759218804,440.901675501641,406.455720601449,469.3266725238
"snu-23",70.4939780091661,69.7009958061344,68.8180472520875,78.3180607798968,65.1169371506198,61.2960761385859
"best-24",220.519623515853,191.677738466869,200.101706625301,241.722409814496,295.126763537487,238.780236898074
"fahd-1",85.858050139369,90.3934789360805,78.3466999485304,69.6160540265749,84.0218543878965,79.5934122993578
"ZK688.5",111.163580706762,102.37333759026,109.050136414846,90.8876260902505,91.3737666468375,105.209682924439
"pcp-5",230.461081953043,231.973626667291,188.45557555187,261.060202599656,236.311465465959,218.653167121224
"ZK688.7",11.748996334861,9.80170253523765,8.46991350794923,24.1722409814496,19.9551904171254,24.7014038170421
"ZK688.9",41.5733716464313,53.3648249140716,45.5257851052271,15.4702342281278,29.4076490357638,21.0419365848877
"nhr-256",24.4017616185575,15.2470928325919,25.4097405238477,18.3709031459017,22.0557367768228,25.6162706250807
"uvs-1",19.8829168743802,15.2470928325919,13.7636094504175,17.4040135066437,19.9551904171254,12.8081353125403
"ZK742.3",57.8412127254696,67.5228396871927,91.0515702104542,30.9404684562555,35.709288114856,42.998739977814
"ZK742.4",124.720114939294,150.292772206977,135.518616127188,39.6424752095774,60.915844431225,51.2325412501614
"fbn-1",19.8829168743802,15.2470928325919,8.46991350794923,218.517058472305,261.518021782328,149.123289710291
"upp-1",411.214871720136,372.46469633903,380.087368669222,339.378263379553,329.785778472494,364.116989599361
"ZK813.4",30.7281442604057,32.6723417841255,28.5859580893287,33.8411373740295,31.5081953954612,42.998739977814
"ZK973.1",30.7281442604057,39.2068101409506,41.2908283512525,37.7086959310614,38.8601076544021,32.0203382813509
"cec-10",56.9374437766342,58.8102152114259,49.7607418592017,58.9802679947371,65.1169371506198,56.7217420983929
"pdp-1",41.5733716464313,42.4740443193631,59.2893945556446,52.2120405199312,48.3125662730405,48.4879408260456
"ZK973.9",11.748996334861,19.6034050704753,25.4097405238477,22.2384617029336,22.0557367768228,22.8716702009649
"ZK973.11",85.858050139369,103.462415649731,100.580222906897,81.2187296976707,92.4240398266862,84.1677463395508
"ZK1055.6",42.4771405952668,49.0085126761882,55.05443780167,19.3377927851597,28.3573758559151,32.0203382813509
"ZK1055.7",267.515608855297,254.844265916179,251.97992686149,61.880936912511,93.4743130065349,96.9758816520912
"ZK1127.3",37.9582958510894,42.4740443193631,32.8209148433033,30.9404684562555,29.4076490357638,34.7649387054666
"ZK1127.4",161.774641841548,187.321426228986,178.926922855427,135.364549496118,109.228410704265,120.762418661095
"ZK1127.5",100.318353320736,78.4136202819012,94.2277877759352,48.3444819628992,58.8152980715276,54.8920084823158
"tcer-1",229.557313004208,211.281143537345,213.865316075718,146.000335527956,182.747533293675,137.230021205789
"cth-2",568.470668817506,608.794635244205,616.186207703307,251.391306207076,286.724578098697,282.693843683926
"ZK1193.2",94.8957396277236,104.551493709202,92.1103093989479,127.629432382054,131.284147481088,137.230021205789
"dve-1",70.4939780091661,60.9883713303676,71.9942648175684,90.8876260902505,103.977044805022,78.6785454913192
"ZK1236.1",42.4771405952668,21.781561189417,41.2908283512525,33.8411373740295,38.8601076544021,32.9352050893894
"ZK1236.5",84.050512241698,79.502698341372,82.581656702505,99.5896328435724,61.9661176110737,73.1893446430877
"ufbp-1",133.757804427648,161.183552801686,129.166180996226,168.238797230889,141.786879279575,147.293556094214
"ZK1240.2",22.5942237208866,22.8706392488878,29.6446972778223,27.0729098992236,21.0054635969741,27.4460042411579
"tbc-2",71.3977469580016,53.3648249140716,76.2292215715431,41.5762544880933,47.2622930931918,45.7433404019298
"ZK1248.11",44.2846784929377,51.1866687951299,46.5845242937208,41.5762544880933,50.4131126327379,42.0838731697754
"ZK1248.13",21.6904547720511,16.3361708920627,24.351001335354,20.3046824244177,18.9049172372767,20.1270697768491
"ZK1248.19",18.0753789767093,15.2470928325919,22.2335229583667,23.2053513421916,11.5530049783358,20.1270697768491
"ZK1290.5",189.791479255447,168.807099217982,137.636094504175,146.967225167214,113.42950342366,144.548955670098
"ZK1290.13",25.305530567393,29.4051076057129,24.351001335354,44.4769234058673,34.6590149350073,36.5946723215438
"rpl-41.1",27.1130684650639,14.158014773121,13.7636094504175,21.2715720636757,17.854644057428,24.7014038170421
"rpl-41.2",197.925399794966,137.223835493327,106.932658037859,223.351506668594,192.199991912313,222.312634353379
"plr-1",20.7866858232156,19.6034050704753,22.2335229583667,11.6026756710958,19.9551904171254,17.3824693527333
"sor-1",155.4482591997,128.51121101756,128.107441807732,172.106355787921,163.842616056398,124.421885893249
"cex-1",60.552519571976,55.5429810330133,41.2908283512525,45.4438130451253,42.0109271939483,49.4028076340842
"cex-2",91.2806638323817,84.9480886387262,81.5229175140113,125.695653103538,107.127864344568,91.4866808038596
"mbd-2",28.0168374138993,28.3160295462421,21.1747837698731,32.8742477347715,36.7595612947047,35.6798055135052
"F16C3.3",7.2301515906837,9.80170253523765,3.17621756548096,6.76822747480589,15.7540976977306,6.40406765627017
"R06F6.12",31.6319132092412,38.1177320814797,16.9398270158985,44.4769234058673,31.5081953954612,31.1054714733123
"F53F4.16",19.8829168743802,13.0689367136502,16.9398270158985,27.0729098992236,25.206556316369,16.4676025446947
"rde-11",29.8243753115703,30.4941856651838,29.6446972778223,24.1722409814496,40.9606540140996,42.0838731697754
"mrpl-21",137.37288022299,114.353196244439,140.812312069656,114.092977432442,105.027317984871,121.677285469133
"K12B6.9",53.3223679812923,69.7009958061344,66.7005688751002,86.0531778939606,68.2677566901659,53.9771416742772
"ttr-49",39.7658337487604,22.8706392488878,30.703436466316,67.6822747480589,36.7595612947047,41.1690063617368
"mrps-24",68.6864401114952,88.2153228171388,82.581656702505,82.1856193369287,95.5748593662323,65.8704101787789
"F42A10.9",37.054526902254,34.8504979030672,37.0558715972779,28.0397995384816,26.2568294962177,43.9136067858526
"tsp-21",6.32638264184824,11.9798586541793,14.8223486389112,12.5695653103538,21.0054635969741,15.5527357366561
"lin-15B",88.5693569858754,69.7009958061344,84.6991350794923,88.9538468117346,93.4743130065349,71.3596110270105
"lin-15A",18.0753789767093,25.0487953678295,32.8209148433033,26.1060202599656,26.2568294962177,12.8081353125403
"C11H1.9",71.3977469580016,64.2556055087801,69.8767864405811,79.2849504191547,99.7759520856271,90.571813995821
"F26F2.8",18.9791479255447,16.3361708920627,25.4097405238477,26.1060202599656,27.3071026760664,15.5527357366561
"oig-4",31.6319132092412,38.1177320814797,32.8209148433033,24.1722409814496,30.4579222156125,21.9568033929263
"M142.8",28.0168374138993,27.2269514867712,23.2922621468604,26.1060202599656,23.1060099566715,24.7014038170421
"R144.12",50.6110611347859,39.2068101409506,48.7020026707081,35.7749166525454,40.9606540140996,27.4460042411579
"clec-80",26.2092995162284,31.5832637246546,26.4684797123413,37.7086959310614,27.3071026760664,38.424405937621
"nbet-1",28.9206063627348,25.0487953678295,33.8796540317969,29.9735788169975,36.7595612947047,32.9352050893894
"C02D5.4",225.03846826003,271.180436808241,255.156144426971,228.185954864884,189.049172372767,215.908566697109
"C27F2.9",56.9374437766342,54.4539029735425,64.5830904981129,74.4505022228648,66.1672103304685,64.0406765627017
"C39D10.11",13.5565342325319,15.2470928325919,21.1747837698731,15.4702342281278,5.25136589924353,16.4676025446947
"C44C10.11",18.9791479255447,23.9597173083587,16.9398270158985,12.5695653103538,19.9551904171254,21.0419365848877
"C07A9.12",24.4017616185575,29.4051076057129,26.4684797123413,17.4040135066437,16.8043708775793,17.3824693527333
"ZK1320.13",31.6319132092412,50.0975907356591,45.5257851052271,44.4769234058673,33.6087417551586,41.1690063617368
"gip-2",52.4185990324568,45.7412784977757,56.1131769901637,66.7153851088009,67.2174835103172,56.7217420983929
"ZK822.6",32.5356821580767,31.5832637246546,34.9383932202906,32.8742477347715,29.4076490357638,21.0419365848877
"C55A6.12",50.6110611347859,77.3245422224303,58.230655367151,74.4505022228648,72.4688494095607,83.2528795315122
"T01G1.4",43.3809095441022,40.2958882004214,41.2908283512525,34.8080270132875,43.061200373797,36.5946723215438
"cisd-1",171.716100278738,190.588660407399,207.512880944756,206.914382801209,179.596713754129,234.205902857881
"C05D12.7",18.9791479255447,15.2470928325919,10.5873918849365,18.3709031459017,26.2568294962177,21.9568033929263
"sfxn-5",71.3977469580016,77.3245422224303,65.6418296866065,70.5829436658329,71.418576229712,78.6785454913192
"tbc-12",35.246989004583,25.0487953678295,28.5859580893287,24.1722409814496,30.4579222156125,28.3608710491965
"bpnt-1",70.4939780091661,93.660713114493,81.5229175140113,87.9869571724766,79.8207616685017,90.571813995821
"tag-229",21.6904547720511,23.9597173083587,31.7621756548096,25.1391306207076,25.206556316369,22.8716702009649
"syd-9",125.623883888129,98.0170253523765,98.4627445299098,132.463880578344,117.630596143055,98.8056152681684
"hat-1",70.4939780091661,68.6119177466635,74.1117431945558,69.6160540265749,54.6142053521327,64.0406765627017
"set-18",195.21409294846,167.718021158511,170.457009347478,280.397995384816,236.311465465959,189.377429263989
"dhhc-14",20.7866858232156,19.6034050704753,25.4097405238477,23.2053513421916,34.6590149350073,32.9352050893894
"ham-3",52.4185990324568,46.8303565572465,65.6418296866065,80.2518400584127,81.9213080281991,61.2960761385859
"tag-244",56.0336748277987,46.8303565572465,62.4656121211256,27.0729098992236,36.7595612947047,49.4028076340842
"tag-232",78.6278985486853,89.3044008766096,94.2277877759352,87.9869571724766,96.625132546081,96.0610148440526
"tag-243",62.3600574696469,60.9883713303676,49.7607418592017,80.2518400584127,77.7202153088043,53.9771416742772
"tag-241",77.7241295998498,78.4136202819012,79.405439137024,84.1193986154447,98.7256789057784,79.5934122993578
"D1086.12",23.497992669722,29.4051076057129,22.2335229583667,15.4702342281278,22.0557367768228,13.7230021205789
"tin-9.2",25.305530567393,27.2269514867712,26.4684797123413,15.4702342281278,17.854644057428,13.7230021205789
"fitm-2",143.699262864839,145.936459969094,143.988529635137,160.503680116825,165.943162416096,171.080093103217
"F58G6.9",225.03846826003,237.419016964645,254.097405238477,235.921071978948,212.155182329439,281.778976875888
"K02E11.10",0,0,0,49.3113716021572,45.1617467334944,21.9568033929263
"C23H4.8",46.0922163906086,44.6522004383048,58.230655367151,13.5364549496118,17.854644057428,21.0419365848877
"D1025.10",25.305530567393,25.0487953678295,34.9383932202906,23.2053513421916,25.206556316369,17.3824693527333
"K09E9.4",14.4603031813674,17.4252489515336,19.0573053928858,29.0066891777395,27.3071026760664,18.2973361607719
"C30G7.2",25.305530567393,20.6924831299461,33.8796540317969,35.7749166525454,42.0109271939483,26.5311374331193
"F43D2.6",46.0922163906086,62.0774493898384,64.5830904981129,82.1856193369287,61.9661176110737,49.4028076340842
"suds-3",15.3640721302029,14.158014773121,16.9398270158985,23.2053513421916,19.9551904171254,25.6162706250807
"Y51A2D.21",32.5356821580767,49.0085126761882,33.8796540317969,25.1391306207076,18.9049172372767,30.1906046652737
"F41G3.18",17.1716100278738,16.3361708920627,17.9985662043921,22.2384617029336,27.3071026760664,12.8081353125403
"C17E4.11",36.1507579534185,40.2958882004214,23.2922621468604,16.4371238673857,16.8043708775793,6.40406765627017
"Y87G2A.19",51.5148300836214,57.721137151955,42.3495675397462,55.1127094377051,51.4633858125866,47.573074018007
"W02A2.9",18.0753789767093,19.6034050704753,22.2335229583667,29.9735788169975,26.2568294962177,28.3608710491965
"C25F9.10",15.3640721302029,19.6034050704753,9.52865269644288,13.5364549496118,18.9049172372767,27.4460042411579
"C01B10.11",272.93822254831,279.893061284008,250.921187672996,315.206022398103,263.618568142025,316.543915581354
"F10C1.9",222.327161413524,174.252489515336,188.45557555187,177.907693623469,139.686332919878,169.25035948714
"rad-8",74.109053804508,77.3245422224303,93.1690485874415,85.0862882547027,91.3737666468375,83.2528795315122
"H20J04.9",46.9959853394441,37.0286540220089,31.7621756548096,43.5100337666093,31.5081953954612,24.7014038170421
"F41G3.21",22.5942237208866,30.4941856651838,27.527218900835,19.3377927851597,21.0054635969741,20.1270697768491
"tag-267",30.7281442604057,29.4051076057129,38.1146107857715,44.4769234058673,23.1060099566715,42.0838731697754
"tag-266",14.4603031813674,15.2470928325919,17.9985662043921,20.3046824244177,11.5530049783358,17.3824693527333
"mrps-30",210.578165078663,214.548377715757,213.865316075718,197.245486408629,185.898352833221,223.227501161417
"tag-280",32.5356821580767,22.8706392488878,26.4684797123413,25.1391306207076,15.7540976977306,29.2757378572351
"tag-281",10.8452273860256,10.8907805947085,23.2922621468604,15.4702342281278,17.854644057428,23.7865370090035
"ufm-1",33.4394511069121,46.8303565572465,34.9383932202906,54.1458197984471,38.8601076544021,45.7433404019298
"tag-321",29.8243753115703,19.6034050704753,19.0573053928858,32.8742477347715,25.206556316369,20.1270697768491
"tag-322",52.4185990324568,46.8303565572465,41.2908283512525,71.5498333050909,59.8655712513763,44.8284735938912
"cpsf-4",34.3432200557476,41.3849662598923,32.8209148433033,43.5100337666093,23.1060099566715,29.2757378572351
"alr-1",48.803523237115,25.0487953678295,42.3495675397462,23.2053513421916,43.061200373797,31.1054714733123
"mrpl-39",133.757804427648,151.381850266448,121.75500667677,116.026756710958,108.178137524417,144.548955670098
"Y48G1C.12",22.5942237208866,21.781561189417,25.4097405238477,22.2384617029336,27.3071026760664,24.7014038170421
"Y73B6BL.44",41.5733716464313,49.0085126761882,50.8194810476954,29.9735788169975,24.1562831365203,29.2757378572351
"C27D6.12",37.9582958510894,51.1866687951299,48.7020026707081,84.1193986154447,57.7650248916789,58.5514757144701
"ZK1290.14",85.858050139369,68.6119177466635,63.5243513096192,70.5829436658329,89.27322028714,93.3164144199368
"Y55B1BR.6",39.7658337487604,39.2068101409506,42.3495675397462,45.4438130451253,45.1617467334944,34.7649387054666
"fbxa-219",16.2678410790383,11.9798586541793,9.52865269644288,21.2715720636757,19.9551904171254,23.7865370090035
"C08G5.7",26.2092995162284,28.3160295462421,24.351001335354,23.2053513421916,44.1114735536457,25.6162706250807
"W10C8.6",24.4017616185575,25.0487953678295,24.351001335354,29.0066891777395,18.9049172372767,20.1270697768491
"Y51F10.11",28.0168374138993,33.7614198435963,15.8810878274048,27.0729098992236,26.2568294962177,19.2122029688105
"adpr-1",26.2092995162284,19.6034050704753,22.2335229583667,28.0397995384816,26.2568294962177,23.7865370090035
"Y102E9.5",18.9791479255447,20.6924831299461,24.351001335354,23.2053513421916,19.9551904171254,15.5527357366561
"F23F12.13",38.8620647999249,34.8504979030672,27.527218900835,20.3046824244177,24.1562831365203,29.2757378572351
"Y48A5A.3",17.1716100278738,30.4941856651838,10.5873918849365,18.3709031459017,22.0557367768228,13.7230021205789
"R05C11.4",56.9374437766342,69.7009958061344,46.5845242937208,46.4107026843833,46.2120199133431,48.4879408260456
"Y69A2AL.2",31.6319132092412,30.4941856651838,27.527218900835,27.0729098992236,29.4076490357638,33.850071897428
"clec-173",121.105039143952,139.401991612269,136.577355315681,125.695653103538,127.083054761693,101.550215692284
"ZK185.5",36.1507579534185,40.2958882004214,37.0558715972779,15.4702342281278,16.8043708775793,21.0419365848877
"F29B9.12",14.4603031813674,18.5143270110044,12.7048702619238,6.76822747480589,10.5027317984871,12.8081353125403
"H06H21.11",29.8243753115703,31.5832637246546,33.8796540317969,16.4371238673857,19.9551904171254,18.2973361607719
"Y54G2A.41",21.6904547720511,33.7614198435963,24.351001335354,29.0066891777395,26.2568294962177,25.6162706250807
"Y54G2A.45",229.557313004208,253.755187856708,293.270755212742,204.013713883435,221.607640948077,214.99369988907
"T19E7.6",38.8620647999249,55.5429810330133,44.4670459167335,45.4438130451253,31.5081953954612,50.3176744421228
"nsy-7",41.5733716464313,40.2958882004214,33.8796540317969,47.3775923236412,35.709288114856,32.0203382813509
"nlp-70",1.80753789767093,16.3361708920627,3.17621756548096,11.6026756710958,12.6032781581845,10.9784016964632
"R09E12.9",22.5942237208866,20.6924831299461,12.7048702619238,5.80133783554791,29.4076490357638,10.0635348884246
"T23B12.11",18.0753789767093,18.5143270110044,15.8810878274048,8.70200675332186,14.7038245178819,13.7230021205789
"ntc-1",7.2301515906837,15.2470928325919,20.1160445813794,15.4702342281278,17.854644057428,17.3824693527333
"T10F2.5",22.5942237208866,25.0487953678295,25.4097405238477,21.2715720636757,16.8043708775793,16.4676025446947
"ttr-36",62.3600574696469,57.721137151955,51.878220236189,58.0133783554791,56.7147517118302,54.8920084823158
"K02A11.4",44.2846784929377,31.5832637246546,27.527218900835,35.7749166525454,22.0557367768228,25.6162706250807
"glrx-22",44.2846784929377,53.3648249140716,64.5830904981129,57.0464887162211,57.7650248916789,51.2325412501614
"tbcc-1",19.8829168743802,19.6034050704753,21.1747837698731,12.5695653103538,18.9049172372767,14.6378689286175
"bus-8",2.71130684650639,2.1781561189417,3.17621756548096,29.9735788169975,38.8601076544021,20.1270697768491
"B0393.9",17.1716100278738,20.6924831299461,13.7636094504175,26.1060202599656,19.9551904171254,8.23380127234736
"rft-1",36.1507579534185,32.6723417841255,41.2908283512525,23.2053513421916,34.6590149350073,34.7649387054666
"F23A7.8",0,0,1.05873918849365,0,0,0
"B0432.14",14.4603031813674,19.6034050704753,15.8810878274048,23.2053513421916,18.9049172372767,14.6378689286175
"B0205.13",32.5356821580767,47.9194346167174,38.1146107857715,14.5033445888698,18.9049172372767,23.7865370090035
"Y71G10AR.4",214.193240874005,205.835753239991,184.220618797896,194.344817490855,212.155182329439,216.823433505147
"egrh-3",51.5148300836214,27.2269514867712,35.9971324087842,49.3113716021572,47.2622930931918,60.3812093305473
"F33G12.7",28.9206063627348,26.1378734273004,20.1160445813794,25.1391306207076,25.206556316369,27.4460042411579
"ZK353.10",28.0168374138993,20.6924831299461,27.527218900835,34.8080270132875,18.9049172372767,19.2122029688105
"flp-28",10.8452273860256,11.9798586541793,16.9398270158985,8.70200675332186,14.7038245178819,13.7230021205789
"arid-1",67.7826711626597,67.5228396871927,68.8180472520875,57.0464887162211,75.6196689491069,62.2109429466245
"F52E1.14",257.574150418107,266.824124570358,275.27218900835,325.841808429941,343.439329810527,354.053454710937
"K09F5.6",101.222122269572,105.640571768672,113.285093168821,97.6558535650564,100.826225265476,84.1677463395508
"AH9.6",13.5565342325319,23.9597173083587,12.7048702619238,22.2384617029336,11.5530049783358,22.8716702009649
"metl-2",28.0168374138993,30.4941856651838,26.4684797123413,38.6755855703194,28.3573758559151,32.0203382813509
"R02E4.3",0.903768948835463,1.08907805947085,1.05873918849365,52.2120405199312,30.4579222156125,17.3824693527333
"T03G11.10",5.42261369301278,4.3563122378834,5.29369594246827,5.80133783554791,3.15081953954612,4.57433404019298
"ttr-45",147.31433866018,194.944972645282,170.457009347478,159.536790477567,126.032781581845,138.144888013828
"crb-3",13.5565342325319,20.6924831299461,27.527218900835,25.1391306207076,22.0557367768228,21.0419365848877
"Y62E10A.20",28.0168374138993,31.5832637246546,21.1747837698731,22.2384617029336,21.0054635969741,23.7865370090035
"C53H9.3",47.8997542882795,65.344683568251,46.5845242937208,44.4769234058673,38.8601076544021,38.424405937621
"pals-19",29.8243753115703,40.2958882004214,21.1747837698731,13.5364549496118,26.2568294962177,38.424405937621
"ZK688.11",21.6904547720511,21.781561189417,16.9398270158985,9.66889639257985,27.3071026760664,11.8932685045017
"C53C11.5",20.7866858232156,17.4252489515336,21.1747837698731,32.8742477347715,25.206556316369,21.0419365848877
"F16B3.3",17.1716100278738,17.4252489515336,13.7636094504175,19.3377927851597,11.5530049783358,14.6378689286175
"T10H9.8",22.5942237208866,15.2470928325919,14.8223486389112,40.6093648488354,28.3573758559151,23.7865370090035
"F13H10.8",77.7241295998498,82.7699325197845,86.8166134564796,82.1856193369287,73.5191225894094,98.8056152681684
"T07A9.14",17.1716100278738,21.781561189417,27.527218900835,11.6026756710958,16.8043708775793,14.6378689286175
"F59C6.14",17.1716100278738,23.9597173083587,13.7636094504175,25.1391306207076,27.3071026760664,23.7865370090035
"F13E9.13",16.2678410790383,18.5143270110044,15.8810878274048,25.1391306207076,24.1562831365203,14.6378689286175
"F12E12.11",28.9206063627348,23.9597173083587,23.2922621468604,6.76822747480589,7.35191225894095,2.74460042411579
"T07C4.12",16.2678410790383,15.2470928325919,28.5859580893287,19.3377927851597,12.6032781581845,19.2122029688105
"Y41G9A.10",10.8452273860256,6.5344683568251,10.5873918849365,17.4040135066437,19.9551904171254,27.4460042411579
"F40F8.11",75.9165917021789,66.4337616277218,62.4656121211256,54.1458197984471,61.9661176110737,67.7001437948561
"F53C11.9",35.246989004583,39.2068101409506,37.0558715972779,27.0729098992236,30.4579222156125,28.3608710491965
"M106.7",39.7658337487604,52.2757468546008,42.3495675397462,46.4107026843833,29.4076490357638,37.5095391295824
"Y49A10A.2",18.0753789767093,41.3849662598923,27.527218900835,21.2715720636757,22.0557367768228,27.4460042411579
"W01A8.8",26.2092995162284,23.9597173083587,25.4097405238477,36.7418062918034,26.2568294962177,32.0203382813509
"Y37A1B.17",183.465096613599,159.005396682744,148.223486389112,149.867894084988,157.540976977306,142.719222054021
"K12C11.6",30.7281442604057,10.8907805947085,9.52865269644288,29.0066891777395,18.9049172372767,19.2122029688105
"Y37A1A.4",28.9206063627348,30.4941856651838,34.9383932202906,21.2715720636757,31.5081953954612,24.7014038170421
"aho-3",46.9959853394441,51.1866687951299,52.9369594246827,46.4107026843833,46.2120199133431,43.9136067858526
"F13E9.15",34.3432200557476,49.0085126761882,29.6446972778223,49.3113716021572,61.9661176110737,42.0838731697754
"Y110A7A.21",30.7281442604057,21.781561189417,16.9398270158985,26.1060202599656,28.3573758559151,16.4676025446947
"C29E4.15",3.61507579534185,5.44539029735425,7.41117431945558,29.0066891777395,22.0557367768228,26.5311374331193
"T07A9.15",16.2678410790383,22.8706392488878,27.527218900835,16.4371238673857,23.1060099566715,22.8716702009649
"F18E3.12",16.2678410790383,43.563122378834,23.2922621468604,44.4769234058673,52.5136589924353,68.6150106028947
"F18E3.13",47.8997542882795,99.1061034118473,86.8166134564796,88.9538468117346,95.5748593662323,165.590892254986
"C45B11.6",26.2092995162284,16.3361708920627,21.1747837698731,37.7086959310614,23.1060099566715,27.4460042411579
"sup-46",150.025645506687,121.976742660735,107.991397226353,141.165887331666,144.937698819121,121.677285469133
"nlp-76",9.03768948835463,17.4252489515336,23.2922621468604,13.5364549496118,18.9049172372767,15.5527357366561
"K09H9.8",46.9959853394441,47.9194346167174,45.5257851052271,67.6822747480589,79.8207616685017,66.7852769868175
"C38C3.10",15.3640721302029,21.781561189417,12.7048702619238,29.0066891777395,17.854644057428,15.5527357366561
"Y54G2A.52",24.4017616185575,16.3361708920627,14.8223486389112,39.6424752095774,25.206556316369,22.8716702009649
"C25F9.11",106.644735962585,84.9480886387262,67.7593080635938,86.0531778939606,106.077591164719,90.571813995821
"C25F9.12",15.3640721302029,15.2470928325919,13.7636094504175,29.9735788169975,27.3071026760664,25.6162706250807
"F15B9.10",196.117861897295,251.577031737766,268.919753877388,209.815051718983,191.149718732465,219.568033929263
"lsy-12",71.3977469580016,70.7900738656052,68.8180472520875,67.6822747480589,100.826225265476,79.5934122993578
"F49D11.10",301.858828911045,295.1401541166,274.213449819856,184.675921098275,163.842616056398,187.547695647912
"F26G1.11",22.5942237208866,20.6924831299461,25.4097405238477,41.5762544880933,15.7540976977306,28.3608710491965
"C25F9.14",26.2092995162284,32.6723417841255,38.1146107857715,29.9735788169975,36.7595612947047,26.5311374331193
"oxy-5",82.2429743440271,79.502698341372,71.9942648175684,90.8876260902505,73.5191225894094,87.8272135717052
"F10A3.17",91.2806638323817,103.462415649731,96.3452661529225,88.9538468117346,90.3234934669888,107.954283348554
"Y69H2.15",27.1130684650639,18.5143270110044,21.1747837698731,18.3709031459017,21.0054635969741,26.5311374331193
"T10C6.15",32.5356821580767,25.0487953678295,14.8223486389112,22.2384617029336,17.854644057428,13.7230021205789
"Y70C5A.3",35.246989004583,22.8706392488878,15.8810878274048,31.9073580955135,29.4076490357638,29.2757378572351
"R02D5.8",9.03768948835463,17.4252489515336,22.2335229583667,12.5695653103538,22.0557367768228,13.7230021205789
"C33F10.14",67.7826711626597,56.6320590924842,55.05443780167,52.2120405199312,56.7147517118302,60.3812093305473
"C14A11.9",42.4771405952668,49.0085126761882,41.2908283512525,34.8080270132875,31.5081953954612,35.6798055135052
"M03A1.8",49.7072921859505,30.4941856651838,29.6446972778223,21.2715720636757,19.9551904171254,32.0203382813509
"maf-1",11.748996334861,11.9798586541793,8.46991350794923,20.3046824244177,21.0054635969741,23.7865370090035
"C41G7.8",31.6319132092412,15.2470928325919,27.527218900835,33.8411373740295,24.1562831365203,23.7865370090035
"C25A1.16",16.2678410790383,19.6034050704753,9.52865269644288,10.6357860318378,11.5530049783358,7.31893446430877
"trpp-1",25.305530567393,23.9597173083587,27.527218900835,17.4040135066437,21.0054635969741,22.8716702009649
"M106.8",22.5942237208866,13.0689367136502,23.2922621468604,25.1391306207076,23.1060099566715,20.1270697768491
"mtp-18",34.3432200557476,38.1177320814797,31.7621756548096,39.6424752095774,31.5081953954612,39.3392727456596
"T04C12.11",94.8957396277236,91.4825569955513,99.5214837184035,152.768563002762,130.23387430124,128.996219933442
"poml-3",26.2092995162284,31.5832637246546,30.703436466316,44.4769234058673,29.4076490357638,45.7433404019298
"E02H4.7",23.497992669722,14.158014773121,16.9398270158985,29.9735788169975,23.1060099566715,16.4676025446947
"zip-9",3.61507579534185,3.26723417841255,9.52865269644288,5.80133783554791,6.30163907909224,16.4676025446947
"F59C6.16",26.2092995162284,26.1378734273004,28.5859580893287,54.1458197984471,66.1672103304685,46.6582072099684
"M04D5.3",36.1507579534185,43.563122378834,33.8796540317969,39.6424752095774,33.6087417551586,35.6798055135052
"C41G7.9",253.959074622765,287.516607700304,279.507145762325,293.934450334427,279.372665839756,303.735780268814
"cil-1",38.8620647999249,39.2068101409506,45.5257851052271,32.8742477347715,37.8098344745534,37.5095391295824
"C08H9.16",12.6527652836965,14.158014773121,23.2922621468604,24.1722409814496,16.8043708775793,13.7230021205789
"F38A6.5",31.6319132092412,33.7614198435963,28.5859580893287,29.9735788169975,27.3071026760664,18.2973361607719
"T04A8.18",16.2678410790383,14.158014773121,19.0573053928858,22.2384617029336,22.0557367768228,10.9784016964632
"F52C12.6",31.6319132092412,42.4740443193631,51.878220236189,22.2384617029336,36.7595612947047,33.850071897428
"F58H1.8",16.2678410790383,16.3361708920627,26.4684797123413,18.3709031459017,10.5027317984871,16.4676025446947
"Y53C12A.10",18.9791479255447,26.1378734273004,23.2922621468604,22.2384617029336,27.3071026760664,24.7014038170421
"F56A8.9",20.7866858232156,13.0689367136502,23.2922621468604,23.2053513421916,24.1562831365203,28.3608710491965
"F17C8.9",71.3977469580016,70.7900738656052,64.5830904981129,79.2849504191547,91.3737666468375,87.8272135717052
"Y54G11A.17",99.4145843719009,101.284259530789,103.756440472378,101.523412122088,84.0218543878965,96.9758816520912
"F40G9.17",46.0922163906086,53.3648249140716,38.1146107857715,35.7749166525454,33.6087417551586,48.4879408260456
"W10D9.6",57.8412127254696,56.6320590924842,60.3481337441383,47.3775923236412,37.8098344745534,54.8920084823158
"F45H11.8",29.8243753115703,23.9597173083587,28.5859580893287,24.1722409814496,13.6535513380332,21.0419365848877
"F47G3.4",44.2846784929377,44.6522004383048,58.230655367151,50.2782612414152,52.5136589924353,35.6798055135052
"C25H3.17",28.0168374138993,25.0487953678295,27.527218900835,23.2053513421916,15.7540976977306,25.6162706250807
"C33D9.13",36.1507579534185,37.0286540220089,41.2908283512525,17.4040135066437,16.8043708775793,14.6378689286175
"R09E10.13",30.7281442604057,34.8504979030672,26.4684797123413,75.4173918621228,60.915844431225,46.6582072099684
"T02C12.5",18.0753789767093,37.0286540220089,26.4684797123413,23.2053513421916,36.7595612947047,31.1054714733123
"C53A5.16",16.2678410790383,22.8706392488878,20.1160445813794,15.4702342281278,13.6535513380332,14.6378689286175
"C53A5.17",31.6319132092412,29.4051076057129,31.7621756548096,27.0729098992236,27.3071026760664,24.7014038170421
"F19B10.13",19.8829168743802,14.158014773121,17.9985662043921,0,0,2.74460042411579
"ZC513.14",10.8452273860256,7.62354641629595,16.9398270158985,28.0397995384816,27.3071026760664,21.9568033929263
"T27F7.4",7.2301515906837,9.80170253523765,9.52865269644288,18.3709031459017,12.6032781581845,12.8081353125403
"coa-1",22.5942237208866,22.8706392488878,27.527218900835,18.3709031459017,16.8043708775793,26.5311374331193
"Y59E9AL.36",28.0168374138993,18.5143270110044,31.7621756548096,21.2715720636757,21.0054635969741,28.3608710491965
"Y43F8B.24",28.0168374138993,22.8706392488878,23.2922621468604,12.5695653103538,22.0557367768228,21.0419365848877
"C07B5.8",10.8452273860256,13.0689367136502,11.6461310734302,34.8080270132875,22.0557367768228,23.7865370090035
"ZK1127.13",17.1716100278738,17.4252489515336,16.9398270158985,11.6026756710958,13.6535513380332,15.5527357366561
"emc-5",25.305530567393,18.5143270110044,22.2335229583667,22.2384617029336,29.4076490357638,21.9568033929263
"F27E5.9",26.2092995162284,20.6924831299461,26.4684797123413,18.3709031459017,18.9049172372767,25.6162706250807
"best-19",37.054526902254,35.939575962538,38.1146107857715,46.4107026843833,33.6087417551586,32.9352050893894
"F14D2.19",13.5565342325319,14.158014773121,23.2922621468604,8.70200675332186,13.6535513380332,10.9784016964632
"R74.10",23.497992669722,26.1378734273004,27.527218900835,29.0066891777395,28.3573758559151,29.2757378572351
"Y39G10AR.32",18.0753789767093,29.4051076057129,25.4097405238477,38.6755855703194,23.1060099566715,23.7865370090035
"C17E4.20",30.7281442604057,21.781561189417,25.4097405238477,44.4769234058673,32.5584685753099,29.2757378572351
"C02B8.12",13.5565342325319,16.3361708920627,20.1160445813794,19.3377927851597,25.206556316369,22.8716702009649
"Y54G2A.75",65.9751332649888,44.6522004383048,66.7005688751002,74.4505022228648,55.6644785319814,73.1893446430877
"C01G5.25",9.03768948835463,10.8907805947085,7.41117431945558,17.4040135066437,16.8043708775793,18.2973361607719
"F54H5.14",20.7866858232156,23.9597173083587,27.527218900835,22.2384617029336,17.854644057428,25.6162706250807
"R06F6.14",38.8620647999249,49.0085126761882,56.1131769901637,59.947157633995,42.0109271939483,51.2325412501614
"sqst-5",18.0753789767093,17.4252489515336,13.7636094504175,26.1060202599656,29.4076490357638,28.3608710491965
"Y62E10A.23",17.1716100278738,11.9798586541793,14.8223486389112,15.4702342281278,18.9049172372767,11.8932685045017
"Y65B4BM.3",3.61507579534185,0,1.05873918849365,42.5431441273513,44.1114735536457,31.1054714733123
"F49E8.8",3.61507579534185,7.62354641629595,12.7048702619238,6.76822747480589,12.6032781581845,3.65946723215438
"C42C1.19",29.8243753115703,25.0487953678295,21.1747837698731,27.0729098992236,35.709288114856,33.850071897428
"F53E2.2",189.791479255447,153.56000638539,203.277924190782,129.56321166057,185.898352833221,171.080093103217
"Y37E11AM.4",9.94145843719009,34.8504979030672,21.1747837698731,24.1722409814496,11.5530049783358,21.0419365848877
"C24G6.13",34.3432200557476,25.0487953678295,23.2922621468604,21.2715720636757,23.1060099566715,29.2757378572351
"H06H21.37",21.6904547720511,30.4941856651838,29.6446972778223,23.2053513421916,26.2568294962177,25.6162706250807
"F53G2.12",46.0922163906086,54.4539029735425,43.4083067282398,48.3444819628992,40.9606540140996,31.1054714733123
"C37C3.18",167.197255534561,167.718021158511,165.16331340501,207.881272440467,179.596713754129,185.717962031835
"Y48E1B.17",9.03768948835463,6.5344683568251,9.52865269644288,7.73511711406388,6.30163907909224,6.40406765627017
"mrpl-42",56.0336748277987,45.7412784977757,46.5845242937208,36.7418062918034,36.7595612947047,50.3176744421228
"F17C11.26",58.7449816743051,76.2354641629595,83.6403958909986,118.927425628732,114.479776603509,94.2312812279754
"F20C5.11",18.9791479255447,16.3361708920627,16.9398270158985,16.4371238673857,17.854644057428,34.7649387054666
"F02A9.10",327.164359478438,294.051076057129,291.153276835755,328.742477347715,293.026217177789,323.862850045663
"K07F5.22",18.9791479255447,37.0286540220089,27.527218900835,26.1060202599656,17.854644057428,22.8716702009649
"T20D3.14",51.5148300836214,59.8992932708967,57.1719161786573,62.847826551769,46.2120199133431,45.7433404019298
"C25A1.20",23.497992669722,27.2269514867712,21.1747837698731,18.3709031459017,13.6535513380332,16.4676025446947
"C07G2.5",4.51884474417731,22.8706392488878,13.7636094504175,27.0729098992236,14.7038245178819,29.2757378572351
"R07E5.19",30.7281442604057,22.8706392488878,32.8209148433033,34.8080270132875,37.8098344745534,35.6798055135052
