"","Aux_rep1_RNA","Aux_rep2_RNA","Aux_rep3_RNA","noAux_rep1_RNA","noAux_rep2_RNA","noAux_rep3_RNA"
"aap-1",11.3025757264929,6.27420568530621,4.8297939812639,12.4707804161498,0.929475838212023,15.8637626706912
"aat-1",0,5.37789058740532,1.60993132708797,2.07846340269163,2.78842751463607,1.3219802225576
"aat-2",15.0701009686572,11.6520962727115,9.6595879625278,8.31385361076654,4.64737919106011,6.60990111278798
"aat-3",19.7795075213626,40.3341794055399,31.3936608782153,22.863097429608,24.1663717935126,25.1176242285943
"aat-5",33.9077271794787,38.5415492097381,40.2482831771991,33.2554144430661,30.6727026609968,38.3374264541703
"aat-6",3.7675252421643,20.6152472517204,16.9042789344236,6.2353902080749,3.71790335284809,14.5417824481336
"aat-9",11.3025757264929,3.58526039160355,4.02482831771991,3.11769510403745,7.43580670569618,18.5077231158063
"abf-5",7.53505048432861,10.7557811748106,16.9042789344236,11.431548714804,18.5895167642405,17.1857428932487
"abf-6",6.59316917378753,6.27420568530621,9.6595879625278,11.431548714804,11.1537100585443,6.60990111278798
"abl-1",16.9538635897394,20.6152472517204,20.9291072521436,17.6669389228789,28.8137509845727,14.5417824481336
"abt-2",64.9898104273342,106.661496650206,74.8618067095904,67.5500605874781,71.5696395423257,122.944160697856
"abt-4",61.2222851851699,82.4609890068816,71.6419440554145,34.294646144412,55.7685502927214,56.8451495699766
"abu-8",2.82564393162323,0.896315097900887,0.804965663543983,9.35308531211235,14.8716134113924,6.60990111278798
"ace-1",8.47693179486968,11.6520962727115,4.8297939812639,2.07846340269163,9.29475838212023,2.64396044511519
"ace-2",20.7213888319037,24.2005076433239,19.3191759250556,25.9807925336454,13.9421375731803,30.4055451188247
"ace-3",9.41881310541076,16.133671762216,24.1489699063195,11.431548714804,14.8716134113924,7.93188133534558
"ace-4",2.82564393162323,0,4.02482831771991,4.15692680538327,0.929475838212023,1.3219802225576
"acn-1",8.47693179486968,8.96315097900887,9.6595879625278,15.5884755201873,33.4611301756328,23.7956440060367
"aco-1",296.692612820439,482.217522670677,368.674273903144,330.47568102797,319.739688344936,479.878820788407
"aco-2",421.962827122402,391.689697782688,391.213312482376,455.183485189468,414.546223842562,378.086343651472
"acr-8",8.47693179486968,7.1705207832071,13.6844162802477,1.03923170134582,0,7.93188133534558
"acr-12",0.941881310541076,7.1705207832071,0.804965663543983,0,2.78842751463607,2.64396044511519
"acr-19",3.7675252421643,5.37789058740532,10.4645536260718,5.19615850672908,8.3652825439082,3.96594066767279
"lgc-11",4.70940655270538,2.68894529370266,0.804965663543983,1.03923170134582,2.78842751463607,5.28792089023038
"acr-23",5.65128786324646,2.68894529370266,2.41489699063195,0,0,3.96594066767279
"act-1",104.548825470059,155.062511936853,121.549815195141,116.393950550732,118.972907291139,194.331092715967
"act-2",77.2342674643682,59.1567964614585,92.571051307558,146.53166988976,139.421375731803,132.19802225576
"act-3",75.3505048432861,75.2904682236745,79.6916006908543,91.4523897184319,75.2875428951738,84.6067342436861
"act-4",1714.22398518476,2174.46042750755,1937.55235215037,1770.85081909327,1816.19578786629,2239.43449701257
"act-5",991.801019999753,958.160839656048,1091.53343976564,888.543104650674,1060.53193139992,861.931105107553
"acy-1",39.5590150427252,43.0231246992426,57.9575277751668,41.5692680538327,20.4484684406645,40.9813868992855
"acy-2",0,2.68894529370266,11.2695192896158,0,0,3.96594066767279
"acy-3",12.244457037034,12.5484113706124,23.3440042427755,30.1377193390287,26.9547993081487,25.1176242285943
"acy-4",17.8957449002804,5.37789058740532,8.04965663543983,14.5492438188414,8.3652825439082,3.96594066767279
"add-1",5.65128786324646,5.37789058740532,12.0744849531597,7.27462190942072,8.3652825439082,6.60990111278798
"add-2",5.65128786324646,3.58526039160355,6.43972530835186,13.5100121174956,7.43580670569618,7.93188133534558
"adm-2",29.1983206267734,33.1636586223328,32.1986265417593,29.0984876376829,28.8137509845727,42.3033671218431
"adm-4",8.47693179486968,13.4447264685133,11.2695192896158,13.5100121174956,6.50633086748416,7.93188133534558
"adr-1",55.5709973219235,79.7720437131789,52.3227681303589,60.2754386780574,57.6275019691454,81.962773798571
"adr-2",2.82564393162323,1.79263019580177,16.9042789344236,7.27462190942072,11.1537100585443,7.93188133534558
"ads-1",89.4787245014022,60.9494266572603,57.1525621116228,86.2562312117028,94.8065354976263,80.6407935760134
"adt-1",0.941881310541076,6.27420568530621,4.02482831771991,10.3923170134582,10.2242342203322,2.64396044511519
"adt-2",37.675252421643,59.1567964614585,65.2022187470626,83.1385361076654,65.0633086748416,81.962773798571
"aex-1",1.88376262108215,3.58526039160355,0,3.11769510403745,3.71790335284809,3.96594066767279
"aex-3",27.3145580056912,26.8894529370266,24.9539355698635,18.7061706242247,24.1663717935126,23.7956440060367
"aex-5",19.7795075213626,8.96315097900887,12.0744849531597,12.4707804161498,19.5189926024525,15.8637626706912
"aex-6",3.7675252421643,8.96315097900887,5.63475964480788,11.431548714804,7.43580670569618,1.3219802225576
"age-1",19.7795075213626,43.9194397971435,15.2943476073357,13.5100121174956,13.0126617349683,22.4736637834791
"ags-3",18.8376262108215,8.96315097900887,15.2943476073357,22.863097429608,26.0253234699366,22.4736637834791
"agt-1",2.82564393162323,0,1.60993132708797,2.07846340269163,1.85895167642405,2.64396044511519
"agt-2",1.88376262108215,1.79263019580177,0.804965663543983,2.07846340269163,0,3.96594066767279
"aha-1",5.65128786324646,2.68894529370266,19.3191759250556,12.4707804161498,9.29475838212023,10.5758417804608
"aip-1",77.2342674643682,52.8825907761523,61.9823560928867,45.726194859216,72.4991153805378,46.2693077895159
"air-1",4.70940655270538,9.85946607690976,4.02482831771991,7.27462190942072,3.71790335284809,2.64396044511519
"air-2",2.82564393162323,3.58526039160355,3.21986265417593,3.11769510403745,4.64737919106011,2.64396044511519
"ajm-1",207.213888319037,161.33671762216,174.677548989044,192.257864748976,193.330974348101,228.702578502464
"aka-1",36.733371111102,44.8157548950443,42.6631801678311,45.726194859216,37.1790335284809,39.6594066767279
"akt-1",25.4307953846091,13.4447264685133,18.5142102615116,21.8238657282622,20.4484684406645,22.4736637834791
"akt-2",33.9077271794787,21.5115623496213,16.0993132708797,37.4123412484494,34.3906060138448,22.4736637834791
"alg-1",92.3043684330254,81.5646739089807,90.9611199804701,71.7069873928614,90.1591563065662,121.622180475299
"alg-2",40.5008963532663,69.9125776362692,43.4681458313751,34.294646144412,55.7685502927214,75.352872685783
"alh-1",177.073686381722,181.055649775979,198.02155323182,102.883938433236,158.940368334256,185.077231158063
"alh-3",32.9658458689377,34.0599737202337,41.0532488407431,54.0400484699825,49.2622194252372,34.3714857864975
"alh-4",50.8615907692181,49.2973303845488,44.2731114949191,60.2754386780574,69.7106878659017,77.9968331308982
"alh-5",15.0701009686572,16.133671762216,19.3191759250556,14.5492438188414,14.8716134113924,2.64396044511519
"alh-6",101.723181538436,105.765181552305,100.620707942998,60.2754386780574,74.3580670569618,54.2011891248614
"alh-7",32.9658458689377,44.8157548950443,30.5886952146714,32.2161827417203,26.9547993081487,42.3033671218431
"alh-8",593.385225640878,528.825907761523,635.922874199747,590.283606364424,604.159294837815,582.9932781479
"alh-9",53.6872347008413,38.5415492097381,53.1277337939029,87.2954629130486,98.5244388504744,44.9473275669583
"alh-10",5.65128786324646,3.58526039160355,3.21986265417593,6.2353902080749,13.0126617349683,5.28792089023038
"alh-11",9.41881310541076,12.5484113706124,8.04965663543983,15.5884755201873,8.3652825439082,6.60990111278798
"alh-12",160.119822791983,198.085636636096,173.067617661956,106.001633537273,131.056093187895,191.687132270851
"aly-1",26.3726766951501,14.3410415664142,16.9042789344236,11.431548714804,18.5895167642405,10.5758417804608
"aly-2",23.5470327635269,17.9263019580177,14.4893819437917,30.1377193390287,29.7432268227847,9.25386155790317
"aly-3",18.8376262108215,33.1636586223328,20.1241415885996,27.0200242349912,25.0958476317246,30.4055451188247
"ama-1",300.460138062603,312.81396916741,278.518119586218,165.237840513985,165.44669920174,245.888321395713
"amt-1",6.59316917378753,3.58526039160355,2.41489699063195,0,0.929475838212023,0
"amt-4",27.3145580056912,22.4078774475222,33.8085578688473,24.9415608322996,19.5189926024525,11.8978220030184
"amx-1",9.41881310541076,6.27420568530621,6.43972530835186,10.3923170134582,13.0126617349683,10.5758417804608
"amx-2",5.65128786324646,3.58526039160355,11.2695192896158,13.5100121174956,12.0831858967563,5.28792089023038
"anc-1",389.938862564005,297.576612503094,309.911780464433,287.867181272791,276.054323948971,479.878820788407
"aos-1",11.3025757264929,6.27420568530621,5.63475964480788,4.15692680538327,8.3652825439082,2.64396044511519
"apc-2",9.41881310541076,1.79263019580177,2.41489699063195,2.07846340269163,6.50633086748416,6.60990111278798
"ape-1",18.8376262108215,7.1705207832071,19.3191759250556,17.6669389228789,13.0126617349683,13.219802225576
"aph-1",7.53505048432861,5.37789058740532,5.63475964480788,0,7.43580670569618,7.93188133534558
"aph-2",6.59316917378753,8.06683588110798,13.6844162802477,4.15692680538327,13.0126617349683,9.25386155790317
"apl-1",256.191716467173,299.369242698896,316.351505772785,366.848790575073,367.142956093749,290.835648962671
"apm-1",30.1402019373144,33.1636586223328,30.5886952146714,44.6869631578701,41.826412719541,31.7275253413823
"apn-1",3.7675252421643,8.06683588110798,3.21986265417593,2.07846340269163,10.2242342203322,11.8978220030184
"app-1",25.4307953846091,19.7189321538195,15.2943476073357,15.5884755201873,16.7305650878164,26.4396044511519
"1-Apr",15.0701009686572,15.2373566643151,18.5142102615116,10.3923170134582,16.7305650878164,9.25386155790317
"aps-2",0,2.68894529370266,3.21986265417593,2.07846340269163,3.71790335284809,1.3219802225576
"apg-1",87.5949618803201,104.868866454404,98.2058109523659,80.0208410036279,93.8770596594143,125.588121142972
"aps-1",6.59316917378753,5.37789058740532,9.6595879625278,7.27462190942072,2.78842751463607,9.25386155790317
"apb-1",71.5829796011218,94.1130852795931,94.98594829819,72.7462190942072,90.1591563065662,99.1485166918197
"apa-2",38.6171337321841,42.1268096013417,29.7837295511274,28.0592559363371,45.5443160723891,29.0835648962671
"apd-3",11.3025757264929,11.6520962727115,24.1489699063195,18.7061706242247,5.57685502927214,19.8297033383639
"apb-3",36.733371111102,36.7489190139364,28.1737982240394,32.2161827417203,28.8137509845727,30.4055451188247
"apm-3",3.7675252421643,3.58526039160355,1.60993132708797,10.3923170134582,2.78842751463607,5.28792089023038
"aps-3",1.88376262108215,8.96315097900887,7.24469097189585,4.15692680538327,4.64737919106011,11.8978220030184
"apt-9",2.82564393162323,1.79263019580177,4.02482831771991,6.2353902080749,5.57685502927214,3.96594066767279
"aqp-1",12.244457037034,27.7857680349275,31.3936608782153,19.7454023255705,30.6727026609968,21.1516835609215
"aqp-2",150.701009686572,143.410415664142,173.067617661956,144.453206487069,133.844520702531,158.637626706912
"aqp-4",4.70940655270538,18.8226170559186,5.63475964480788,7.27462190942072,5.57685502927214,11.8978220030184
"aqp-7",310.820832478555,394.37864307639,378.333861865672,369.966485679111,346.694487653084,296.123569852901
"aqp-8",19.7795075213626,26.8894529370266,16.9042789344236,22.863097429608,19.5189926024525,19.8297033383639
"aqp-9",4.70940655270538,12.5484113706124,8.85462229898381,9.35308531211235,9.29475838212023,3.96594066767279
"aqp-10",14.1282196581161,23.3041925454231,18.5142102615116,13.5100121174956,14.8716134113924,18.5077231158063
"aqp-11",24.488914074068,28.6820831328284,28.1737982240394,18.7061706242247,14.8716134113924,14.5417824481336
"arc-1",16.9538635897394,11.6520962727115,8.04965663543983,17.6669389228789,18.5895167642405,10.5758417804608
"ard-1",54.6291160113824,89.6315097900887,86.9362916627502,81.0600727049737,71.5696395423257,74.0308924632254
"arf-1.2",52.7453533903003,51.0899605803506,55.5426307845348,70.6677556915156,71.5696395423257,46.2693077895159
"arf-3",61.2222851851699,69.9125776362692,55.5426307845348,68.5892922888239,83.6528254390821,59.4891100150918
"arf-6",6.59316917378753,12.5484113706124,12.0744849531597,13.5100121174956,12.0831858967563,9.25386155790317
"ark-1",59.3385225640878,40.3341794055399,56.3475964480788,40.5300363524869,49.2622194252372,54.2011891248614
"arl-1",3.7675252421643,0,0,2.07846340269163,0.929475838212023,3.96594066767279
"arl-3",7.53505048432861,0,0,1.03923170134582,3.71790335284809,6.60990111278798
"arl-5",0,6.27420568530621,0,1.03923170134582,0.929475838212023,0
"arl-8",12.244457037034,14.3410415664142,16.0993132708797,19.7454023255705,18.5895167642405,13.219802225576
"arr-1",4.70940655270538,5.37789058740532,6.43972530835186,10.3923170134582,13.0126617349683,10.5758417804608
"aars-1",9.41881310541076,10.7557811748106,7.24469097189585,16.6277072215331,13.9421375731803,3.96594066767279
"aars-2",173.306161139558,197.189321538195,170.652720671324,142.374743084377,159.869844172468,196.975053161082
"art-1",120.560807749258,194.500376244492,165.017961026517,127.825499265535,162.658271687104,121.622180475299
"arx-1",10.3606944159518,24.2005076433239,34.6135235323913,21.8238657282622,28.8137509845727,11.8978220030184
"arx-2",18.8376262108215,19.7189321538195,13.6844162802477,9.35308531211235,23.2368959553006,27.7615846737095
"arx-3",32.9658458689377,39.437864307639,28.9787638875834,42.6084997551785,33.4611301756328,29.0835648962671
"exos-4.2",6.59316917378753,11.6520962727115,8.85462229898381,3.11769510403745,8.3652825439082,9.25386155790317
"arx-5",11.3025757264929,13.4447264685133,7.24469097189585,8.31385361076654,17.6600409260284,17.1857428932487
"arx-6",11.3025757264929,24.2005076433239,14.4893819437917,25.9807925336454,18.5895167642405,22.4736637834791
"arx-7",8.47693179486968,15.2373566643151,15.2943476073357,13.5100121174956,12.0831858967563,23.7956440060367
"asb-1",5.65128786324646,6.27420568530621,0,7.27462190942072,9.29475838212023,9.25386155790317
"asb-2",216.632701424447,160.440402524259,226.195351455859,218.238657282622,232.368959553006,161.281587152027
"trip-4",15.0701009686572,5.37789058740532,17.7092445979676,16.6277072215331,14.8716134113924,13.219802225576
"asg-1",3.7675252421643,1.79263019580177,8.04965663543983,12.4707804161498,7.43580670569618,2.64396044511519
"asg-2",33.9077271794787,52.8825907761523,45.078077158463,37.4123412484494,47.4032677488132,23.7956440060367
"asm-1",4.70940655270538,8.96315097900887,3.21986265417593,8.31385361076654,7.43580670569618,3.96594066767279
"asm-2",13.1863383475751,2.68894529370266,4.8297939812639,5.19615850672908,2.78842751463607,10.5758417804608
"asm-3",0,2.68894529370266,0.804965663543983,0,0.929475838212023,6.60990111278798
"asp-1",1950.63619413057,1684.17606895577,2166.9675662604,2121.07190244681,2115.48700777056,2205.06301122607
"asp-2",297.63449413098,256.346117999654,301.05715816545,265.004083843183,275.124848110759,273.649906069422
"asp-3",662.142561310376,843.432507124735,825.894770796127,845.934604895495,869.059908728241,857.96516443988
"asp-4",25.4307953846091,34.9562888181346,28.9787638875834,40.5300363524869,47.4032677488132,46.2693077895159
"asp-5",318.355882962884,328.051325831725,320.376334090505,405.300363524869,426.629409739318,409.813868992855
"asp-6",606.571563988453,508.210660509803,686.635711003017,686.932154589585,711.049016232197,687.42971572995
"atf-5",19.7795075213626,16.133671762216,19.3191759250556,39.490804651141,27.8842751463607,30.4055451188247
"atf-6",9.41881310541076,8.96315097900887,8.04965663543983,8.31385361076654,13.9421375731803,15.8637626706912
"atf-7",189.318143418756,106.661496650206,127.184574839949,183.94401113821,199.837305215585,154.671686039239
"atgp-1",64.0479291167932,54.6752209719541,54.7376651209908,62.353902080749,43.6853643959651,37.0154462316127
"atgp-2",40.5008963532663,32.2673435244319,33.8085578688473,39.490804651141,25.0958476317246,25.1176242285943
"atl-1",52.7453533903003,17.9263019580177,41.0532488407431,12.4707804161498,19.5189926024525,17.1857428932487
"atm-1",36.733371111102,51.0899605803506,41.8582145042871,59.2362069767116,41.826412719541,25.1176242285943
"atn-1",135.630908717915,176.574074286475,122.354780858685,131.982426070919,128.267665673259,149.383765149008
"atp-2",1664.30427572608,2243.47669004592,1894.08420631899,1919.46095238572,1788.31151271993,2417.90182705784
"atp-3",406.892726153745,425.749671502921,387.188484164656,444.79116817601,469.385298297071,407.16990854774
"atx-2",121.502689059799,142.514100566241,132.014368821213,138.217816278994,134.773996540743,128.232081588087
"avr-14",5.65128786324646,7.1705207832071,4.02482831771991,15.5884755201873,5.57685502927214,7.93188133534558
"avr-15",18.8376262108215,6.27420568530621,9.6595879625278,11.431548714804,5.57685502927214,3.96594066767279
"baf-1",12.244457037034,13.4447264685133,8.85462229898381,8.31385361076654,13.0126617349683,3.96594066767279
"bag-1",7.53505048432861,18.8226170559186,8.85462229898381,17.6669389228789,29.7432268227847,22.4736637834791
"bam-2",39.5590150427252,46.6083850908461,29.7837295511274,29.0984876376829,25.0958476317246,35.6934660090551
"bar-1",9.41881310541076,7.1705207832071,8.04965663543983,11.431548714804,7.43580670569618,7.93188133534558
"bas-1",11.3025757264929,16.133671762216,8.04965663543983,10.3923170134582,24.1663717935126,23.7956440060367
"pah-1",40.5008963532663,51.9862756782514,34.6135235323913,32.2161827417203,26.9547993081487,40.9813868992855
"bca-1",32.9658458689377,41.2304945034408,16.0993132708797,43.6477314565243,46.4737919106011,42.3033671218431
"bcc-1",0,0.896315097900887,0,0,0.929475838212023,3.96594066767279
"bec-1",43.3265402848895,23.3041925454231,28.9787638875834,29.0984876376829,40.896936881329,21.1516835609215
"ben-1",23.5470327635269,32.2673435244319,28.1737982240394,30.1377193390287,14.8716134113924,15.8637626706912
"bir-1",2.82564393162323,2.68894529370266,0,4.15692680538327,0.929475838212023,3.96594066767279
"bli-3",10.3606944159518,12.5484113706124,16.9042789344236,17.6669389228789,12.0831858967563,11.8978220030184
"bli-4",42.3846589743484,35.8526039160355,32.1986265417593,50.922353365945,36.2495576902689,51.5572286797462
"bmk-1",5.65128786324646,12.5484113706124,16.9042789344236,29.0984876376829,34.3906060138448,15.8637626706912
"bpl-1",23.5470327635269,29.5783982307293,16.9042789344236,10.3923170134582,13.9421375731803,21.1516835609215
"bra-1",8.47693179486968,3.58526039160355,3.21986265417593,10.3923170134582,10.2242342203322,5.28792089023038
"F23H11.5",201.56260045579,291.302406817788,213.315900839155,186.022474540901,225.862628685522,265.718024734077
"brc-1",0,2.68894529370266,4.02482831771991,7.27462190942072,0.929475838212023,0
"brd-1",1.88376262108215,3.58526039160355,0.804965663543983,1.03923170134582,3.71790335284809,5.28792089023038
"bre-1",17.8957449002804,50.1936454824497,32.1986265417593,29.0984876376829,28.8137509845727,26.4396044511519
"bre-3",61.2222851851699,88.7351946921878,62.7873217564307,53.0008167686367,35.3200818520569,91.2166353564741
"bre-4",4.70940655270538,17.0299868601169,16.9042789344236,4.15692680538327,7.43580670569618,13.219802225576
"bre-5",4.70940655270538,3.58526039160355,6.43972530835186,2.07846340269163,3.71790335284809,7.93188133534558
"brf-1",13.1863383475751,23.3041925454231,16.0993132708797,16.6277072215331,22.3074201170885,27.7615846737095
"brp-1",168.596754586853,165.818293111664,131.209403157669,183.94401113821,171.023554231012,117.656239807626
"btf-1",28.2564393162323,34.0599737202337,37.8333861865672,25.9807925336454,15.8010892496044,19.8297033383639
"bub-1",18.8376262108215,19.7189321538195,18.5142102615116,13.5100121174956,21.3779442788765,25.1176242285943
"byn-1",168.596754586853,184.640910167583,140.064025456653,131.982426070919,123.620286482199,161.281587152027
"cab-1",171.422398518476,95.9057154753949,107.06043325135,129.903962668227,130.126617349683,109.72435847228
"cah-2",15.0701009686572,7.1705207832071,9.6595879625278,15.5884755201873,1.85895167642405,10.5758417804608
"cah-3",51.8034720797592,47.504700188747,37.0284205230232,30.1377193390287,44.6148402341771,31.7275253413823
"cah-4",33.9077271794787,44.8157548950443,44.2731114949191,45.726194859216,64.1338328366296,47.5912880120735
"cah-5",30.1402019373144,38.5415492097381,37.8333861865672,27.0200242349912,40.896936881329,27.7615846737095
"cah-6",32.0239645583966,43.0231246992426,57.1525621116228,38.4515729497952,32.5316543374208,47.5912880120735
"cal-1",2.82564393162323,0,4.02482831771991,3.11769510403745,2.78842751463607,0
"cal-2",7.53505048432861,5.37789058740532,21.7340729156875,4.15692680538327,12.0831858967563,1.3219802225576
"cal-3",0.941881310541076,0.896315097900887,0,0,0,0
"cal-4",10.3606944159518,13.4447264685133,7.24469097189585,5.19615850672908,13.9421375731803,0
"cam-1",22.6051514529858,22.4078774475222,30.5886952146714,42.6084997551785,20.4484684406645,7.93188133534558
"cap-1",26.3726766951501,14.3410415664142,41.8582145042871,23.9023291309538,26.0253234699366,26.4396044511519
"cap-2",66.8735730484164,45.7120699929452,53.1277337939029,92.4916214197777,68.7812120276897,92.5386155790317
"cas-1",23.5470327635269,57.3641662656568,33.0035922053033,29.0984876376829,35.3200818520569,34.3714857864975
"cat-1",2.82564393162323,5.37789058740532,4.02482831771991,7.27462190942072,2.78842751463607,9.25386155790317
"cat-4",5.65128786324646,6.27420568530621,4.8297939812639,3.11769510403745,9.29475838212023,1.3219802225576
"cav-1",3.7675252421643,7.1705207832071,5.63475964480788,1.03923170134582,1.85895167642405,5.28792089023038
"cav-2",5.65128786324646,8.96315097900887,0,1.03923170134582,3.71790335284809,6.60990111278798
"cbp-1",176.131805071181,112.935702335512,160.993132708797,141.335511383031,134.773996540743,169.213468487372
"cca-1",47.0940655270538,53.7789058740532,46.688008485551,43.6477314565243,19.5189926024525,35.6934660090551
"ccb-1",13.1863383475751,22.4078774475222,14.4893819437917,9.35308531211235,11.1537100585443,14.5417824481336
"ccf-1",16.9538635897394,30.4747133286302,23.3440042427755,24.9415608322996,37.1790335284809,35.6934660090551
"ccg-1",64.9898104273342,51.0899605803506,52.3227681303589,69.6285239901697,83.6528254390821,66.0990111278798
"cox-5B",64.0479291167932,69.9125776362692,70.8369783918705,82.0993044063195,61.3454053219935,76.6748529083406
"cyp-14A5",5.65128786324646,2.68894529370266,9.6595879625278,2.07846340269163,2.78842751463607,0
"cyp-44A1",5.65128786324646,8.06683588110798,8.04965663543983,11.431548714804,8.3652825439082,10.5758417804608
"ccr-4",19.7795075213626,23.3041925454231,21.7340729156875,25.9807925336454,9.29475838212023,33.0495055639399
"cct-1",216.632701424447,260.827693489158,213.315900839155,314.887205507783,273.265896434335,334.460996307072
"cct-2",129.037739544127,106.661496650206,114.305124223246,174.590925826097,163.587747525316,117.656239807626
"cct-4",182.724974244969,156.855142132655,169.042789344236,205.767876866472,225.862628685522,216.804756499446
"cct-5",288.215681025569,330.740271125427,350.160063641633,331.514912729316,323.457591697784,404.525948102624
"cct-6",204.388244387413,229.456665062627,189.97189659638,275.396400856641,296.502792389635,276.293866514538
"cdc-6",9.41881310541076,0.896315097900887,3.21986265417593,4.15692680538327,7.43580670569618,11.8978220030184
"cdc-14",33.9077271794787,19.7189321538195,25.7589012334075,33.2554144430661,39.037985204905,31.7275253413823
"cdc-25.1",3.7675252421643,6.27420568530621,8.85462229898381,7.27462190942072,5.57685502927214,5.28792089023038
"cdc-25.2",4.70940655270538,7.1705207832071,7.24469097189585,11.431548714804,8.3652825439082,5.28792089023038
"cdc-42",65.9316917378753,69.9125776362692,55.5426307845348,50.922353365945,57.6275019691454,75.352872685783
"cdd-1",19.7795075213626,18.8226170559186,16.9042789344236,15.5884755201873,21.3779442788765,9.25386155790317
"cdd-2",0,0,0,3.11769510403745,0,1.3219802225576
"cdf-1",23.5470327635269,13.4447264685133,23.3440042427755,19.7454023255705,15.8010892496044,9.25386155790317
"cdh-3",8.47693179486968,5.37789058740532,2.41489699063195,4.15692680538327,14.8716134113924,1.3219802225576
"cdh-4",142.224077891702,86.0462493984851,127.989540503493,116.393950550732,105.960245556171,159.959606929469
"cdh-7",0.941881310541076,0,0,10.3923170134582,13.0126617349683,3.96594066767279
"cdh-10",1.88376262108215,3.58526039160355,0,10.3923170134582,13.0126617349683,11.8978220030184
"casy-1",192.14378735038,209.737732908808,197.216587568276,220.317120685313,198.907829377373,195.653072938524
"cdk-1",19.7795075213626,32.2673435244319,21.7340729156875,18.7061706242247,14.8716134113924,22.4736637834791
"cdk-4",3.7675252421643,2.68894529370266,6.43972530835186,1.03923170134582,0.929475838212023,1.3219802225576
"cdk-5",0.941881310541076,16.133671762216,2.41489699063195,11.431548714804,4.64737919106011,13.219802225576
"cdk-7",8.47693179486968,4.48157548950443,6.43972530835186,1.03923170134582,2.78842751463607,2.64396044511519
"cdk-8",4.70940655270538,5.37789058740532,11.2695192896158,4.15692680538327,3.71790335284809,11.8978220030184
"cdk-9",14.1282196581161,21.5115623496213,19.3191759250556,18.7061706242247,12.0831858967563,10.5758417804608
"cdl-1",30.1402019373144,70.8088927341701,56.3475964480788,46.7654265605618,77.1464945715979,48.913268234631
"cdr-1",7.53505048432861,4.48157548950443,7.24469097189585,2.07846340269163,2.78842751463607,9.25386155790317
"cdt-1",15.0701009686572,8.96315097900887,6.43972530835186,9.35308531211235,8.3652825439082,9.25386155790317
"cec-1",25.4307953846091,12.5484113706124,20.1241415885996,32.2161827417203,17.6600409260284,18.5077231158063
"ced-1",33.9077271794787,34.0599737202337,25.7589012334075,34.294646144412,22.3074201170885,37.0154462316127
"ced-2",3.7675252421643,0,0.804965663543983,3.11769510403745,3.71790335284809,0
"ced-3",3.7675252421643,3.58526039160355,6.43972530835186,0,8.3652825439082,10.5758417804608
"ced-4",0.941881310541076,2.68894529370266,4.8297939812639,3.11769510403745,7.43580670569618,5.28792089023038
"ced-5",32.9658458689377,46.6083850908461,26.5638668969514,28.0592559363371,30.6727026609968,46.2693077895159
"ced-6",11.3025757264929,25.9931378391257,9.6595879625278,19.7454023255705,9.29475838212023,15.8637626706912
"ced-7",56.5128786324646,49.2973303845488,57.9575277751668,49.8831216645992,40.896936881329,44.9473275669583
"ced-9",8.47693179486968,3.58526039160355,13.6844162802477,22.863097429608,6.50633086748416,15.8637626706912
"ced-10",22.6051514529858,22.4078774475222,13.6844162802477,10.3923170134582,11.1537100585443,11.8978220030184
"ced-11",0,3.58526039160355,5.63475964480788,9.35308531211235,7.43580670569618,6.60990111278798
"ced-12",9.41881310541076,0,1.60993132708797,9.35308531211235,4.64737919106011,3.96594066767279
"ceh-13",5.65128786324646,0,1.60993132708797,3.11769510403745,1.85895167642405,6.60990111278798
"ceh-16",2.82564393162323,4.48157548950443,2.41489699063195,3.11769510403745,7.43580670569618,5.28792089023038
"ceh-18",16.0119822791983,10.7557811748106,21.7340729156875,14.5492438188414,14.8716134113924,14.5417824481336
"ceh-20",6.59316917378753,15.2373566643151,20.9291072521436,13.5100121174956,14.8716134113924,5.28792089023038
"ceh-23",9.41881310541076,3.58526039160355,8.85462229898381,7.27462190942072,6.50633086748416,14.5417824481336
"pros-1",30.1402019373144,20.6152472517204,14.4893819437917,11.431548714804,20.4484684406645,15.8637626706912
"ceh-27",3.7675252421643,8.06683588110798,5.63475964480788,2.07846340269163,10.2242342203322,13.219802225576
"ceh-32",17.8957449002804,18.8226170559186,12.0744849531597,11.431548714804,15.8010892496044,19.8297033383639
"ceh-34",2.82564393162323,0.896315097900887,2.41489699063195,3.11769510403745,5.57685502927214,1.3219802225576
"ceh-37",1.88376262108215,3.58526039160355,10.4645536260718,2.07846340269163,7.43580670569618,7.93188133534558
"ceh-38",66.8735730484164,69.9125776362692,53.1277337939029,70.6677556915156,67.8517361894777,58.1671297925342
"ceh-39",0.941881310541076,0,4.02482831771991,4.15692680538327,0.929475838212023,6.60990111278798
"ceh-43",6.59316917378753,1.79263019580177,2.41489699063195,3.11769510403745,6.50633086748416,0
"ceh-44",7.53505048432861,16.133671762216,28.1737982240394,30.1377193390287,34.3906060138448,33.0495055639399
"cel-1",9.41881310541076,13.4447264685133,12.0744849531597,13.5100121174956,7.43580670569618,19.8297033383639
"cey-1",106.432588091142,142.514100566241,98.2058109523659,92.4916214197777,76.2170187333859,121.622180475299
"cey-4",271.26181743583,225.871404671023,243.099630390283,252.533303427034,278.842751463607,211.516835609215
"cfi-1",40.5008963532663,75.2904682236745,47.492974149095,31.1769510403745,33.4611301756328,77.9968331308982
"cft-1",18.8376262108215,22.4078774475222,14.4893819437917,20.7846340269163,21.3779442788765,23.7956440060367
"cfz-2",14.1282196581161,21.5115623496213,19.3191759250556,12.4707804161498,20.4484684406645,26.4396044511519
"cgh-1",86.653080569779,103.972551356503,103.840570597174,93.5308531211235,102.242342203323,99.1485166918197
"cgp-1",39.5590150427252,15.2373566643151,19.3191759250556,35.3338778457578,14.8716134113924,25.1176242285943
"cha-1",10.3606944159518,19.7189321538195,8.04965663543983,12.4707804161498,7.43580670569618,5.28792089023038
"chd-3",100.781300227895,76.1867833215754,93.376016971102,68.5892922888239,95.7360113358383,87.2506946888013
"che-3",16.0119822791983,9.85946607690976,10.4645536260718,17.6669389228789,6.50633086748416,15.8637626706912
"che-11",2.82564393162323,0,8.04965663543983,7.27462190942072,3.71790335284809,1.3219802225576
"che-12",9.41881310541076,5.37789058740532,6.43972530835186,3.11769510403745,4.64737919106011,3.96594066767279
"chs-2",1.88376262108215,0.896315097900887,1.60993132708797,4.15692680538327,7.43580670569618,5.28792089023038
"chk-1",2.82564393162323,3.58526039160355,0.804965663543983,4.15692680538327,2.78842751463607,10.5758417804608
"chn-1",6.59316917378753,4.48157548950443,0.804965663543983,7.27462190942072,4.64737919106011,5.28792089023038
"cho-1",11.3025757264929,8.96315097900887,8.04965663543983,5.19615850672908,17.6600409260284,5.28792089023038
"chp-1",20.7213888319037,9.85946607690976,13.6844162802477,31.1769510403745,27.8842751463607,9.25386155790317
"cic-1",4.70940655270538,17.9263019580177,9.6595879625278,4.15692680538327,11.1537100585443,6.60990111278798
"cit-1.1",6.59316917378753,2.68894529370266,3.21986265417593,2.07846340269163,7.43580670569618,1.3219802225576
"cit-1.2",37.675252421643,47.504700188747,36.2234548594792,40.5300363524869,42.755888557753,43.6253473444007
"cka-1",11.3025757264929,8.06683588110798,10.4645536260718,10.3923170134582,24.1663717935126,10.5758417804608
"cka-2",8.47693179486968,4.48157548950443,7.24469097189585,7.27462190942072,6.50633086748416,2.64396044511519
"ckb-1",8.47693179486968,6.27420568530621,2.41489699063195,4.15692680538327,3.71790335284809,2.64396044511519
"ckb-2",0,2.68894529370266,1.60993132708797,11.431548714804,6.50633086748416,21.1516835609215
"ckb-4",7.53505048432861,2.68894529370266,8.85462229898381,2.07846340269163,2.78842751463607,9.25386155790317
"ckc-1",11.3025757264929,16.133671762216,8.85462229898381,11.431548714804,13.9421375731803,14.5417824481336
"cki-1",0.941881310541076,3.58526039160355,0.804965663543983,4.15692680538327,3.71790335284809,2.64396044511519
"ckk-1",8.47693179486968,5.37789058740532,13.6844162802477,13.5100121174956,12.0831858967563,13.219802225576
"cku-70",16.9538635897394,15.2373566643151,8.04965663543983,17.6669389228789,11.1537100585443,13.219802225576
"cku-80",8.47693179486968,8.96315097900887,10.4645536260718,10.3923170134582,6.50633086748416,10.5758417804608
"clc-1",2.82564393162323,15.2373566643151,8.04965663543983,5.19615850672908,20.4484684406645,7.93188133534558
"clc-2",1.88376262108215,4.48157548950443,4.8297939812639,0,0,3.96594066767279
"clc-5",4.70940655270538,9.85946607690976,1.60993132708797,3.11769510403745,7.43580670569618,3.96594066767279
"cle-1",10.3606944159518,10.7557811748106,13.6844162802477,25.9807925336454,13.0126617349683,18.5077231158063
"clh-1",41.4427776638073,56.4678511677559,41.8582145042871,55.0792801713283,28.8137509845727,47.5912880120735
"clh-2",4.70940655270538,5.37789058740532,13.6844162802477,10.3923170134582,8.3652825439082,9.25386155790317
"clh-3",11.3025757264929,9.85946607690976,4.02482831771991,7.27462190942072,11.1537100585443,6.60990111278798
"clh-4",5.65128786324646,3.58526039160355,4.02482831771991,0,2.78842751463607,5.28792089023038
"clh-5",36.733371111102,29.5783982307293,9.6595879625278,17.6669389228789,32.5316543374208,18.5077231158063
"clh-6",4.70940655270538,7.1705207832071,4.8297939812639,7.27462190942072,5.57685502927214,0
"cpi-2",12.244457037034,17.9263019580177,18.5142102615116,25.9807925336454,21.3779442788765,13.219802225576
"cpi-1",0.941881310541076,0,0,3.11769510403745,0,0
"clk-1",3.7675252421643,4.48157548950443,4.8297939812639,5.19615850672908,0.929475838212023,6.60990111278798
"clk-2",9.41881310541076,4.48157548950443,4.02482831771991,1.03923170134582,7.43580670569618,7.93188133534558
"cln-3.1",4.70940655270538,0,0.804965663543983,3.11769510403745,0,0
"cln-3.2",4.70940655270538,5.37789058740532,4.02482831771991,8.31385361076654,9.29475838212023,0
"cln-3.3",3.7675252421643,4.48157548950443,0.804965663543983,8.31385361076654,9.29475838212023,2.64396044511519
"clp-1",73.4667422222039,65.4310021467647,56.3475964480788,98.7270116278526,90.1591563065662,71.3869320181102
"clp-2",6.59316917378753,3.58526039160355,15.2943476073357,1.03923170134582,12.0831858967563,2.64396044511519
"clp-4",40.5008963532663,40.3341794055399,31.3936608782153,43.6477314565243,32.5316543374208,46.2693077895159
"clp-7",13.1863383475751,8.96315097900887,9.6595879625278,8.31385361076654,8.3652825439082,7.93188133534558
"clr-1",44.2684215954306,49.2973303845488,51.5178024668149,49.8831216645992,39.037985204905,60.8110902376494
"cls-2",83.8274366381558,132.654634489331,100.620707942998,66.5108288861323,85.5117771155061,128.232081588087
"clu-1",251.482309914467,216.908253692015,242.294664726739,204.728645165126,180.318312613132,249.854262063386
"cmd-1",150.701009686572,117.417277825016,140.064025456653,138.217816278994,142.209803246439,103.114457359492
"cmk-1",16.9538635897394,22.4078774475222,28.1737982240394,18.7061706242247,13.0126617349683,23.7956440060367
"cnb-1",13.1863383475751,9.85946607690976,11.2695192896158,15.5884755201873,13.0126617349683,11.8978220030184
"cnc-3",0,0,1.60993132708797,3.11769510403745,0.929475838212023,0
"cnc-4",3.7675252421643,2.68894529370266,0.804965663543983,0,0,6.60990111278798
"cnk-1",21.6632701424447,13.4447264685133,31.3936608782153,15.5884755201873,26.0253234699366,39.6594066767279
"cnt-1",23.5470327635269,25.9931378391257,22.5390385792315,19.7454023255705,22.3074201170885,35.6934660090551
"cnt-2",53.6872347008413,30.4747133286302,35.4184891959353,34.294646144412,33.4611301756328,81.962773798571
"cnx-1",73.4667422222039,77.0830984194763,70.8369783918705,83.1385361076654,101.31286636511,79.3188133534558
"cof-2",0.941881310541076,1.79263019580177,0.804965663543983,10.3923170134582,1.85895167642405,6.60990111278798
"cogc-2",6.59316917378753,8.96315097900887,8.04965663543983,7.27462190942072,3.71790335284809,5.28792089023038
"coh-1",16.9538635897394,8.06683588110798,19.3191759250556,5.19615850672908,9.29475838212023,11.8978220030184
"col-10",409.718370085368,571.849032460766,541.741891565101,579.891289350966,639.479376689872,776.002390641309
"col-14",0,0.896315097900887,2.41489699063195,11.431548714804,10.2242342203322,9.25386155790317
"col-17",0,0,0,112.237023745348,89.2296804683542,84.6067342436861
"col-34",4.70940655270538,0.896315097900887,2.41489699063195,4.15692680538327,7.43580670569618,3.96594066767279
"col-39",54.6291160113824,60.9494266572603,41.0532488407431,95.6093165238152,86.4412529537181,105.758417804608
"col-41",5.65128786324646,0,0,68.5892922888239,63.2043569984175,46.2693077895159
"col-48",3.7675252421643,3.58526039160355,2.41489699063195,15.5884755201873,18.5895167642405,10.5758417804608
"col-73",0.941881310541076,0.896315097900887,0.804965663543983,63.3931337820948,45.5443160723891,22.4736637834791
"col-76",10.3606944159518,0.896315097900887,10.4645536260718,6.2353902080749,7.43580670569618,7.93188133534558
"col-80",32.0239645583966,25.0968227412248,27.3688325604954,71.7069873928614,60.4159294837815,40.9813868992855
"col-90",0,0,0,45.726194859216,45.5443160723891,19.8297033383639
"col-91",8.47693179486968,5.37789058740532,10.4645536260718,6.2353902080749,6.50633086748416,10.5758417804608
"col-93",0,0,0.804965663543983,8.31385361076654,9.29475838212023,7.93188133534558
"col-94",16.9538635897394,6.27420568530621,7.24469097189585,13.5100121174956,5.57685502927214,10.5758417804608
"col-97",0,0.896315097900887,0,11.431548714804,6.50633086748416,2.64396044511519
"col-98",64.9898104273342,72.6015229299718,97.4008452888219,103.923170134582,93.8770596594143,74.0308924632254
"col-99",9.41881310541076,24.2005076433239,16.9042789344236,9.35308531211235,8.3652825439082,30.4055451188247
"col-103",115.851401196552,86.942564496386,123.159746522229,127.825499265535,136.632948217167,103.114457359492
"col-104",0,0,0,1.03923170134582,1.85895167642405,0
"col-107",59.3385225640878,36.7489190139364,97.4008452888219,99.7662433291984,93.8770596594143,81.962773798571
"col-109",0.941881310541076,0.896315097900887,0,3.11769510403745,6.50633086748416,0
"col-111",0,0,0,6.2353902080749,5.57685502927214,5.28792089023038
"col-118",5.65128786324646,3.58526039160355,4.02482831771991,4.15692680538327,0.929475838212023,0
"col-125",7.53505048432861,2.68894529370266,0.804965663543983,29.0984876376829,27.8842751463607,25.1176242285943
"col-142",3.7675252421643,0.896315097900887,7.24469097189585,5.19615850672908,9.29475838212023,9.25386155790317
"col-144",136.572790028456,242.005076433239,244.709561717371,249.415608322996,289.066985683939,327.851095194284
"col-147",38.6171337321841,17.0299868601169,33.0035922053033,41.5692680538327,40.896936881329,43.6253473444007
"col-149",0.941881310541076,2.68894529370266,0.804965663543983,5.19615850672908,6.50633086748416,3.96594066767279
"col-155",1.88376262108215,0.896315097900887,0.804965663543983,4.15692680538327,1.85895167642405,3.96594066767279
"col-160",148.81724706549,105.765181552305,150.528579082725,177.708620930135,166.376175039952,181.111290490391
"col-166",245.831022051221,259.035063293356,254.369149679899,261.886388739146,308.585978286392,359.578620535666
"col-167",22.6051514529858,16.133671762216,27.3688325604954,30.1377193390287,34.3906060138448,29.0835648962671
"col-168",11.3025757264929,10.7557811748106,12.8794506167037,17.6669389228789,10.2242342203322,11.8978220030184
"col-169",40.5008963532663,59.1567964614585,57.9575277751668,51.9615850672908,50.1916952634492,99.1485166918197
"col-170",6.59316917378753,4.48157548950443,4.02482831771991,18.7061706242247,10.2242342203322,19.8297033383639
"col-173",0,0,0,2.07846340269163,0,0
"col-176",3.7675252421643,2.68894529370266,4.8297939812639,2.07846340269163,12.0831858967563,30.4055451188247
"col-180",0,0,0,9.35308531211235,12.0831858967563,11.8978220030184
"coq-1",18.8376262108215,11.6520962727115,15.2943476073357,14.5492438188414,15.8010892496044,13.219802225576
"coq-2",1.88376262108215,2.68894529370266,7.24469097189585,6.2353902080749,4.64737919106011,0
"coq-3",5.65128786324646,10.7557811748106,5.63475964480788,9.35308531211235,7.43580670569618,6.60990111278798
"coq-4",9.41881310541076,0.896315097900887,4.8297939812639,0,1.85895167642405,0
"coq-5",12.244457037034,7.1705207832071,6.43972530835186,10.3923170134582,3.71790335284809,3.96594066767279
"coq-6",13.1863383475751,20.6152472517204,26.5638668969514,11.431548714804,22.3074201170885,30.4055451188247
"coq-8",36.733371111102,23.3041925454231,30.5886952146714,37.4123412484494,36.2495576902689,27.7615846737095
"cor-1",25.4307953846091,23.3041925454231,24.1489699063195,33.2554144430661,26.0253234699366,22.4736637834791
"cpf-1",6.59316917378753,12.5484113706124,6.43972530835186,4.15692680538327,8.3652825439082,6.60990111278798
"cpf-2",16.0119822791983,7.1705207832071,11.2695192896158,8.31385361076654,8.3652825439082,5.28792089023038
"cpin-1",1.88376262108215,4.48157548950443,4.8297939812639,2.07846340269163,6.50633086748416,0
"cpl-1",104.548825470059,80.6683588110798,86.1313259992062,160.041682007256,172.882505907436,99.1485166918197
"cpn-1",4.70940655270538,4.48157548950443,9.6595879625278,7.27462190942072,1.85895167642405,0
"cpn-3",64.0479291167932,48.4010152866479,71.6419440554145,62.353902080749,42.755888557753,46.2693077895159
"cpn-4",11.3025757264929,12.5484113706124,8.04965663543983,15.5884755201873,12.0831858967563,14.5417824481336
"cpr-1",278.796867920158,282.339255838779,256.784046670531,247.337144920304,346.694487653084,308.02139185592
"cpr-3",18.8376262108215,17.9263019580177,16.9042789344236,18.7061706242247,9.29475838212023,19.8297033383639
"cpr-4",239.237852877433,287.717146426185,218.950660483963,333.593376132007,402.463037945806,358.256640313109
"cpr-5",394.648269116711,525.24064736992,516.787955995237,514.419692166179,527.012800266217,564.485555032093
"cpr-6",130.92150216521,208.841417810907,145.698785101461,188.100937943593,199.837305215585,219.448716944561
"cps-6",30.1402019373144,8.06683588110798,24.9539355698635,29.0984876376829,21.3779442788765,27.7615846737095
"cpz-1",13.1863383475751,17.9263019580177,11.2695192896158,34.294646144412,51.1211711016613,14.5417824481336
"cpz-2",175.18992376064,171.196183699069,179.507342970308,167.316303916677,199.837305215585,181.111290490391
"crb-1",5.65128786324646,3.58526039160355,0.804965663543983,4.15692680538327,12.0831858967563,1.3219802225576
"crh-1",53.6872347008413,44.8157548950443,46.688008485551,47.8046582619076,62.2748811602055,54.2011891248614
"crn-1",11.3025757264929,17.9263019580177,3.21986265417593,8.31385361076654,13.9421375731803,10.5758417804608
"crn-2",3.7675252421643,13.4447264685133,8.04965663543983,6.2353902080749,12.0831858967563,17.1857428932487
"crn-3",47.0940655270538,40.3341794055399,37.8333861865672,39.490804651141,23.2368959553006,29.0835648962671
"crn-5",13.1863383475751,6.27420568530621,1.60993132708797,1.03923170134582,0.929475838212023,5.28792089023038
"crn-6",5.65128786324646,8.96315097900887,0.804965663543983,6.2353902080749,6.50633086748416,5.28792089023038
"cars-1",67.8154543589575,52.8825907761523,83.7164290085742,71.7069873928614,74.3580670569618,101.792477136935
"crt-1",499.19709458677,432.920192286128,506.323402369165,707.716788616501,571.627640500394,532.758029690711
"csb-1",7.53505048432861,8.06683588110798,7.24469097189585,7.27462190942072,0.929475838212023,2.64396044511519
"csc-1",0.941881310541076,6.27420568530621,9.6595879625278,9.35308531211235,2.78842751463607,1.3219802225576
"csk-1",20.7213888319037,34.0599737202337,16.9042789344236,12.4707804161498,26.0253234699366,22.4736637834791
"csn-1",25.4307953846091,15.2373566643151,5.63475964480788,17.6669389228789,21.3779442788765,11.8978220030184
"csn-2",13.1863383475751,4.48157548950443,8.04965663543983,8.31385361076654,3.71790335284809,7.93188133534558
"csn-3",27.3145580056912,20.6152472517204,17.7092445979676,11.431548714804,15.8010892496044,23.7956440060367
"csn-4",16.0119822791983,12.5484113706124,12.0744849531597,17.6669389228789,5.57685502927214,10.5758417804608
"csn-5",1.88376262108215,4.48157548950443,4.8297939812639,10.3923170134582,3.71790335284809,10.5758417804608
"csn-6",7.53505048432861,9.85946607690976,28.9787638875834,14.5492438188414,10.2242342203322,9.25386155790317
"csq-1",153.526653618195,85.1499343005843,120.744849531597,172.512462423406,104.101293879747,104.43643758205
"ctb-1",367.33371111102,250.071912314347,338.085578688473,294.102571480866,290.925937360363,289.513668740113
"ctl-2",24.488914074068,43.0231246992426,37.8333861865672,41.5692680538327,32.5316543374208,38.3374264541703
"ctn-1",38.6171337321841,35.8526039160355,24.9539355698635,25.9807925336454,32.5316543374208,31.7275253413823
"cts-1",388.996981253464,544.959579523739,453.195668575262,492.595826437917,489.833766737736,469.302979007947
"cua-1",37.675252421643,43.0231246992426,27.3688325604954,29.0984876376829,29.7432268227847,34.3714857864975
"cuc-1",0,0,0,2.07846340269163,0,0
"cul-1",41.4427776638073,62.7420568530621,33.0035922053033,39.490804651141,31.6021784992088,40.9813868992855
"cul-2",29.1983206267734,34.0599737202337,31.3936608782153,41.5692680538327,23.2368959553006,35.6934660090551
"cul-3",47.0940655270538,70.8088927341701,57.1525621116228,49.8831216645992,39.967461043117,76.6748529083406
"cul-4",27.3145580056912,37.6452341118373,25.7589012334075,30.1377193390287,38.1085093666929,30.4055451188247
"cul-5",24.488914074068,5.37789058740532,11.2695192896158,19.7454023255705,9.29475838212023,14.5417824481336
"cul-6",0.941881310541076,1.79263019580177,4.02482831771991,0,0,1.3219802225576
"cup-2",14.1282196581161,13.4447264685133,12.8794506167037,30.1377193390287,16.7305650878164,11.8978220030184
"cup-4",7.53505048432861,3.58526039160355,3.21986265417593,2.07846340269163,5.57685502927214,7.93188133534558
"cup-5",4.70940655270538,12.5484113706124,12.0744849531597,4.15692680538327,3.71790335284809,13.219802225576
"cux-7",16.9538635897394,15.2373566643151,10.4645536260718,8.31385361076654,18.5895167642405,22.4736637834791
"cwn-1",9.41881310541076,6.27420568530621,7.24469097189585,6.2353902080749,12.0831858967563,7.93188133534558
"cwn-2",8.47693179486968,5.37789058740532,2.41489699063195,2.07846340269163,4.64737919106011,7.93188133534558
"cya-1",3.7675252421643,0.896315097900887,7.24469097189585,1.03923170134582,12.0831858967563,10.5758417804608
"cyb-1",0.941881310541076,1.79263019580177,6.43972530835186,2.07846340269163,6.50633086748416,1.3219802225576
"cyb-3",12.244457037034,17.9263019580177,19.3191759250556,18.7061706242247,25.0958476317246,17.1857428932487
"cyc-1",129.037739544127,109.350441943908,96.595879625278,128.864730966881,88.3002046301422,72.7089122406678
"cyd-1",9.41881310541076,14.3410415664142,7.24469097189585,9.35308531211235,3.71790335284809,5.28792089023038
"cye-1",2.82564393162323,1.79263019580177,0.804965663543983,1.03923170134582,0.929475838212023,2.64396044511519
"cyk-1",25.4307953846091,12.5484113706124,16.9042789344236,23.9023291309538,13.0126617349683,17.1857428932487
"cyk-3",42.3846589743484,21.5115623496213,23.3440042427755,36.3731095471036,17.6600409260284,27.7615846737095
"cyk-4",13.1863383475751,3.58526039160355,10.4645536260718,11.431548714804,20.4484684406645,14.5417824481336
"cyl-1",25.4307953846091,21.5115623496213,15.2943476073357,22.863097429608,22.3074201170885,27.7615846737095
"cyn-1",75.3505048432861,53.7789058740532,75.6667723731344,78.9816093022821,77.1464945715979,70.0649517955526
"cyn-3",46.1521842165127,29.5783982307293,47.492974149095,51.9615850672908,58.5569778073574,56.8451495699766
"cyn-4",11.3025757264929,8.06683588110798,19.3191759250556,10.3923170134582,6.50633086748416,3.96594066767279
"cyn-5",59.3385225640878,35.8526039160355,63.5922874199747,93.5308531211235,83.6528254390821,43.6253473444007
"cyn-6",6.59316917378753,6.27420568530621,5.63475964480788,8.31385361076654,14.8716134113924,6.60990111278798
"cyn-7",141.282196581161,106.661496650206,128.794506167037,194.336328151668,178.459360936708,122.944160697856
"cyn-8",12.244457037034,7.1705207832071,8.85462229898381,16.6277072215331,4.64737919106011,6.60990111278798
"cyn-10",3.7675252421643,0,4.8297939812639,0,0,0
"cyn-11",6.59316917378753,0.896315097900887,0.804965663543983,1.03923170134582,3.71790335284809,0
"cyn-12",8.47693179486968,8.96315097900887,14.4893819437917,11.431548714804,4.64737919106011,7.93188133534558
"cyn-13",20.7213888319037,24.2005076433239,16.9042789344236,10.3923170134582,21.3779442788765,3.96594066767279
"sig-7",18.8376262108215,6.27420568530621,10.4645536260718,7.27462190942072,9.29475838212023,1.3219802225576
"cyn-15",12.244457037034,26.8894529370266,16.9042789344236,8.31385361076654,13.9421375731803,15.8637626706912
"cyn-16",16.0119822791983,5.37789058740532,8.04965663543983,13.5100121174956,5.57685502927214,7.93188133534558
"dab-1",19.7795075213626,31.371028426531,24.1489699063195,42.6084997551785,37.1790335284809,35.6934660090551
"dad-1",15.0701009686572,20.6152472517204,15.2943476073357,28.0592559363371,19.5189926024525,33.0495055639399
"daf-1",26.3726766951501,27.7857680349275,27.3688325604954,27.0200242349912,18.5895167642405,18.5077231158063
"daf-2",136.572790028456,129.069374097728,104.645536260718,82.0993044063195,104.101293879747,104.43643758205
"daf-3",35.7914898005609,68.1199474404674,63.5922874199747,48.8438899632534,58.5569778073574,64.7770309053222
"daf-4",39.5590150427252,24.2005076433239,24.1489699063195,16.6277072215331,20.4484684406645,40.9813868992855
"daf-5",185.550618176592,268.894529370266,240.684733399651,179.787084332826,239.804766258702,227.380598279907
"daf-7",26.3726766951501,25.9931378391257,26.5638668969514,37.4123412484494,26.0253234699366,27.7615846737095
"daf-8",11.3025757264929,10.7557811748106,8.85462229898381,6.2353902080749,7.43580670569618,5.28792089023038
"daf-12",14.1282196581161,15.2373566643151,25.7589012334075,12.4707804161498,28.8137509845727,22.4736637834791
"daf-14",18.8376262108215,7.1705207832071,16.0993132708797,17.6669389228789,6.50633086748416,18.5077231158063
"daf-15",93.2462497435665,88.7351946921878,96.595879625278,84.1777678090112,97.5949630122624,84.6067342436861
"daf-16",97.9556562962719,137.136209978836,96.595879625278,55.0792801713283,80.864397924446,66.0990111278798
"daf-18",18.8376262108215,12.5484113706124,20.1241415885996,16.6277072215331,23.2368959553006,29.0835648962671
"daf-19",36.733371111102,25.0968227412248,38.6383518501112,17.6669389228789,16.7305650878164,34.3714857864975
"hsp-90",1413.76384712216,1175.96540844596,1099.58309640108,1953.75559853014,1673.98598461985,1652.47527819699
"daf-25",6.59316917378753,2.68894529370266,5.63475964480788,7.27462190942072,3.71790335284809,1.3219802225576
"daf-28",3.7675252421643,8.06683588110798,4.02482831771991,3.11769510403745,8.3652825439082,2.64396044511519
"daf-31",13.1863383475751,23.3041925454231,15.2943476073357,16.6277072215331,24.1663717935126,14.5417824481336
"dao-2",0,1.79263019580177,0,19.7454023255705,23.2368959553006,11.8978220030184
"dao-3",3.7675252421643,0.896315097900887,4.8297939812639,3.11769510403745,2.78842751463607,6.60990111278798
"dao-5",225.109633219317,202.5672121256,167.432858017148,136.139352876302,155.222464981408,177.145349822718
"dap-3",24.488914074068,70.8088927341701,38.6383518501112,47.8046582619076,42.755888557753,51.5572286797462
"dat-1",7.53505048432861,7.1705207832071,10.4645536260718,9.35308531211235,4.64737919106011,2.64396044511519
"daz-1",2.82564393162323,3.58526039160355,2.41489699063195,0,7.43580670569618,6.60990111278798
"dbl-1",20.7213888319037,12.5484113706124,11.2695192896158,20.7846340269163,26.9547993081487,7.93188133534558
"dbr-1",9.41881310541076,8.96315097900887,9.6595879625278,9.35308531211235,8.3652825439082,5.28792089023038
"dcp-66",57.4547599430056,38.5415492097381,45.078077158463,53.0008167686367,37.1790335284809,23.7956440060367
"dcr-1",52.7453533903003,54.6752209719541,48.297939812639,44.6869631578701,53.9095986162973,74.0308924632254
"dcs-1",10.3606944159518,9.85946607690976,7.24469097189585,9.35308531211235,0,6.60990111278798
"ddp-1",20.7213888319037,53.7789058740532,29.7837295511274,48.8438899632534,30.6727026609968,27.7615846737095
"deb-1",327.774696068294,275.168735055572,309.911780464433,343.985693145465,335.54077759454,331.817035861957
"deg-3",1.88376262108215,0.896315097900887,2.41489699063195,5.19615850672908,1.85895167642405,2.64396044511519
"del-2",4.70940655270538,3.58526039160355,4.8297939812639,1.03923170134582,2.78842751463607,5.28792089023038
"des-2",0,2.68894529370266,9.6595879625278,5.19615850672908,3.71790335284809,0
"dgk-1",12.244457037034,19.7189321538195,33.0035922053033,21.8238657282622,16.7305650878164,35.6934660090551
"dgk-2",2.82564393162323,13.4447264685133,14.4893819437917,12.4707804161498,4.64737919106011,15.8637626706912
"dgk-3",3.7675252421643,4.48157548950443,1.60993132708797,1.03923170134582,3.71790335284809,1.3219802225576
"dgn-1",21.6632701424447,23.3041925454231,34.6135235323913,33.2554144430661,24.1663717935126,33.0495055639399
"dhc-1",726.19049042717,661.480542250855,615.798732611147,569.498972337508,504.705380149128,662.312091501356
"dhp-1",11.3025757264929,4.48157548950443,11.2695192896158,30.1377193390287,11.1537100585443,9.25386155790317
"dhp-2",20.7213888319037,26.8894529370266,22.5390385792315,18.7061706242247,26.9547993081487,13.219802225576
"dhs-1",10.3606944159518,4.48157548950443,4.02482831771991,2.07846340269163,1.85895167642405,1.3219802225576
"dhs-2",5.65128786324646,2.68894529370266,0.804965663543983,5.19615850672908,4.64737919106011,1.3219802225576
"dhs-3",9.41881310541076,14.3410415664142,16.0993132708797,15.5884755201873,22.3074201170885,21.1516835609215
"dhs-4",1.88376262108215,0,1.60993132708797,2.07846340269163,6.50633086748416,3.96594066767279
"dhs-5",3.7675252421643,11.6520962727115,8.85462229898381,8.31385361076654,3.71790335284809,7.93188133534558
"dhs-6",28.2564393162323,17.9263019580177,23.3440042427755,24.9415608322996,23.2368959553006,18.5077231158063
"dhs-9",27.3145580056912,28.6820831328284,45.883042822007,46.7654265605618,36.2495576902689,19.8297033383639
"dhs-12",12.244457037034,8.06683588110798,5.63475964480788,11.431548714804,13.9421375731803,18.5077231158063
"dhs-13",24.488914074068,29.5783982307293,32.1986265417593,27.0200242349912,28.8137509845727,18.5077231158063
"dhs-14",0,0,4.02482831771991,0,0.929475838212023,2.64396044511519
"dhs-15",1.88376262108215,0,2.41489699063195,2.07846340269163,0.929475838212023,5.28792089023038
"dhs-17",8.47693179486968,13.4447264685133,15.2943476073357,16.6277072215331,13.9421375731803,7.93188133534558
"dhs-18",9.41881310541076,32.2673435244319,24.9539355698635,28.0592559363371,14.8716134113924,25.1176242285943
"dhs-19",1.88376262108215,3.58526039160355,0.804965663543983,1.03923170134582,2.78842751463607,1.3219802225576
"dhs-20",0.941881310541076,5.37789058740532,1.60993132708797,8.31385361076654,2.78842751463607,3.96594066767279
"dhs-21",4.70940655270538,0.896315097900887,0,11.431548714804,2.78842751463607,5.28792089023038
"dhs-22",21.6632701424447,33.1636586223328,22.5390385792315,19.7454023255705,14.8716134113924,15.8637626706912
"dhs-23",5.65128786324646,5.37789058740532,0,1.03923170134582,4.64737919106011,1.3219802225576
"dhs-24",16.0119822791983,17.9263019580177,15.2943476073357,12.4707804161498,13.9421375731803,22.4736637834791
"dhs-25",27.3145580056912,21.5115623496213,17.7092445979676,21.8238657282622,20.4484684406645,19.8297033383639
"dhs-27",3.7675252421643,1.79263019580177,8.04965663543983,7.27462190942072,7.43580670569618,2.64396044511519
"dhs-28",58.3966412535467,93.2167701816922,70.0320127283265,59.2362069767116,75.2875428951738,56.8451495699766
"dhs-29",8.47693179486968,0.896315097900887,2.41489699063195,6.2353902080749,8.3652825439082,11.8978220030184
"dhs-30",9.41881310541076,2.68894529370266,7.24469097189585,8.31385361076654,4.64737919106011,3.96594066767279
"dic-1",7.53505048432861,6.27420568530621,11.2695192896158,2.07846340269163,13.9421375731803,2.64396044511519
"die-1",6.59316917378753,16.133671762216,4.8297939812639,11.431548714804,8.3652825439082,10.5758417804608
"dif-1",8.47693179486968,16.133671762216,12.0744849531597,11.431548714804,17.6600409260284,14.5417824481336
"dig-1",1227.27134763502,1165.20962727115,1110.8526156907,968.563945654302,962.936968387656,1262.4911125425
"dim-1",151.642890997113,262.62032368496,202.851347213084,188.100937943593,190.542546833465,224.736637834791
"dis-3",64.0479291167932,25.9931378391257,53.1277337939029,25.9807925336454,22.3074201170885,33.0495055639399
"div-1",6.59316917378753,24.2005076433239,12.8794506167037,6.2353902080749,21.3779442788765,13.219802225576
"dlc-1",24.488914074068,22.4078774475222,31.3936608782153,37.4123412484494,35.3200818520569,15.8637626706912
"dlg-1",92.3043684330254,95.009400377494,79.6916006908543,88.3346946143945,104.101293879747,118.978220030184
"dli-1",31.0820832478555,43.0231246992426,49.102905476183,37.4123412484494,40.896936881329,47.5912880120735
"dlk-1",44.2684215954306,78.875728615278,66.8121500741506,65.4715971847865,33.4611301756328,50.2352484571886
"dna-2",6.59316917378753,2.68894529370266,7.24469097189585,6.2353902080749,5.57685502927214,3.96594066767279
"dnc-1",50.8615907692181,42.1268096013417,49.102905476183,42.6084997551785,57.6275019691454,37.0154462316127
"dnc-2",5.65128786324646,8.06683588110798,10.4645536260718,7.27462190942072,8.3652825439082,15.8637626706912
"dnj-1",4.70940655270538,3.58526039160355,12.8794506167037,16.6277072215331,8.3652825439082,9.25386155790317
"dnj-2",0.941881310541076,5.37789058740532,3.21986265417593,2.07846340269163,7.43580670569618,5.28792089023038
"dnj-5",88.5368431908611,162.233032720061,132.819334484757,110.158560342657,118.972907291139,163.925547597142
"dnj-7",33.9077271794787,17.9263019580177,17.7092445979676,31.1769510403745,18.5895167642405,13.219802225576
"dnj-8",11.3025757264929,8.06683588110798,21.7340729156875,16.6277072215331,8.3652825439082,15.8637626706912
"dnj-9",22.6051514529858,26.8894529370266,29.7837295511274,34.294646144412,33.4611301756328,23.7956440060367
"dnj-10",59.3385225640878,53.7789058740532,67.6171157376946,56.1185118726741,56.6980261309334,34.3714857864975
"dnj-11",33.9077271794787,13.4447264685133,36.2234548594792,10.3923170134582,16.7305650878164,6.60990111278798
"dnj-12",147.875365754949,133.550949587232,160.188167045253,199.532486658397,155.222464981408,202.262974051312
"dnj-13",235.470327635269,253.657172705951,236.659905081931,221.356352386659,246.311097126186,232.668519170137
"dnj-14",7.53505048432861,20.6152472517204,15.2943476073357,21.8238657282622,12.0831858967563,9.25386155790317
"dnj-15",0,6.27420568530621,4.8297939812639,2.07846340269163,4.64737919106011,3.96594066767279
"dnj-16",11.3025757264929,6.27420568530621,7.24469097189585,12.4707804161498,11.1537100585443,7.93188133534558
"dnj-17",12.244457037034,2.68894529370266,12.0744849531597,8.31385361076654,18.5895167642405,10.5758417804608
"dnj-18",7.53505048432861,9.85946607690976,6.43972530835186,13.5100121174956,8.3652825439082,17.1857428932487
"dnj-19",100.781300227895,111.14307213971,107.865398914894,174.590925826097,149.645609952136,148.061784926451
"dnj-20",25.4307953846091,8.06683588110798,26.5638668969514,18.7061706242247,30.6727026609968,14.5417824481336
"dnj-21",1.88376262108215,2.68894529370266,3.21986265417593,1.03923170134582,1.85895167642405,3.96594066767279
"dnj-22",5.65128786324646,0,4.02482831771991,1.03923170134582,0,0
"dnj-23",5.65128786324646,5.37789058740532,8.85462229898381,17.6669389228789,21.3779442788765,2.64396044511519
"dnj-24",20.7213888319037,17.0299868601169,24.1489699063195,32.2161827417203,44.6148402341771,10.5758417804608
"dnj-25",22.6051514529858,21.5115623496213,28.9787638875834,10.3923170134582,10.2242342203322,18.5077231158063
"dnj-27",16.9538635897394,8.96315097900887,9.6595879625278,9.35308531211235,13.9421375731803,25.1176242285943
"dnj-28",4.70940655270538,0,0.804965663543983,1.03923170134582,2.78842751463607,2.64396044511519
"dnj-29",72.5248609116629,76.1867833215754,82.9114633450302,71.7069873928614,92.9475838212023,63.4550506827646
"dnj-30",10.3606944159518,16.133671762216,7.24469097189585,10.3923170134582,4.64737919106011,10.5758417804608
"dog-1",4.70940655270538,14.3410415664142,8.85462229898381,10.3923170134582,26.0253234699366,13.219802225576
"dom-3",0,0,0.804965663543983,1.03923170134582,5.57685502927214,0
"cks-1",0.941881310541076,0.896315097900887,5.63475964480788,3.11769510403745,2.78842751463607,0
"dop-1",10.3606944159518,23.3041925454231,8.85462229898381,5.19615850672908,10.2242342203322,10.5758417804608
"dop-2",3.7675252421643,12.5484113706124,4.8297939812639,2.07846340269163,7.43580670569618,5.28792089023038
"dpf-1",12.244457037034,3.58526039160355,11.2695192896158,12.4707804161498,6.50633086748416,17.1857428932487
"dpf-2",8.47693179486968,8.06683588110798,8.85462229898381,4.15692680538327,11.1537100585443,5.28792089023038
"dpf-3",47.0940655270538,55.571536069855,45.078077158463,32.2161827417203,53.9095986162973,40.9813868992855
"dpf-4",28.2564393162323,22.4078774475222,18.5142102615116,19.7454023255705,27.8842751463607,31.7275253413823
"dpf-5",27.3145580056912,57.3641662656568,33.0035922053033,36.3731095471036,39.037985204905,27.7615846737095
"dpf-6",1.88376262108215,0.896315097900887,4.02482831771991,6.2353902080749,2.78842751463607,11.8978220030184
"dpf-7",12.244457037034,5.37789058740532,21.7340729156875,8.31385361076654,9.29475838212023,14.5417824481336
"dpl-1",4.70940655270538,3.58526039160355,15.2943476073357,7.27462190942072,12.0831858967563,11.8978220030184
"dpy-2",0,0,0.804965663543983,3.11769510403745,8.3652825439082,2.64396044511519
"dpy-3",0,0,0,4.15692680538327,7.43580670569618,5.28792089023038
"dpy-4",0,0.896315097900887,0.804965663543983,48.8438899632534,31.6021784992088,27.7615846737095
"dpy-5",0,0,0,46.7654265605618,46.4737919106011,11.8978220030184
"dpy-6",37.675252421643,28.6820831328284,49.9078711397269,104.962401835928,100.383390526898,99.1485166918197
"dpy-7",0,0,0,15.5884755201873,10.2242342203322,11.8978220030184
"dpy-8",0.941881310541076,0,0,41.5692680538327,37.1790335284809,35.6934660090551
"dpy-9",0,0,0,4.15692680538327,6.50633086748416,1.3219802225576
"dpy-10",0,0,0,9.35308531211235,15.8010892496044,6.60990111278798
"dpy-11",6.59316917378753,22.4078774475222,16.0993132708797,13.5100121174956,28.8137509845727,33.0495055639399
"dpy-13",0,0,0.804965663543983,67.5500605874781,64.1338328366296,15.8637626706912
"dpy-18",27.3145580056912,38.5415492097381,16.0993132708797,36.3731095471036,37.1790335284809,27.7615846737095
"dpy-19",4.70940655270538,2.68894529370266,2.41489699063195,8.31385361076654,0.929475838212023,2.64396044511519
"dpy-21",193.085668660921,146.099360957845,153.748441736901,172.512462423406,172.882505907436,165.247527819699
"dpy-22",92.3043684330254,52.8825907761523,90.9611199804701,67.5500605874781,51.1211711016613,62.133070460207
"dpy-23",17.8957449002804,18.8226170559186,20.9291072521436,18.7061706242247,27.8842751463607,25.1176242285943
"dpy-26",60.2804038746289,55.571536069855,55.5426307845348,46.7654265605618,40.896936881329,39.6594066767279
"dpy-27",58.3966412535467,38.5415492097381,48.297939812639,69.6285239901697,52.9801227780853,67.4209913504374
"dpy-28",32.9658458689377,40.3341794055399,35.4184891959353,50.922353365945,47.4032677488132,40.9813868992855
"dpy-30",1.88376262108215,2.68894529370266,2.41489699063195,10.3923170134582,5.57685502927214,14.5417824481336
"dre-1",45.2103029059717,69.9125776362692,72.4469097189585,58.1969752753658,58.5569778073574,81.962773798571
"drh-1",6.59316917378753,13.4447264685133,7.24469097189585,21.8238657282622,10.2242342203322,18.5077231158063
"dro-1",1.88376262108215,0.896315097900887,3.21986265417593,2.07846340269163,1.85895167642405,0
"drp-1",27.3145580056912,19.7189321538195,32.1986265417593,23.9023291309538,18.5895167642405,29.0835648962671
"dars-1",75.3505048432861,44.8157548950443,64.3972530835186,58.1969752753658,67.8517361894777,71.3869320181102
"dars-2",11.3025757264929,4.48157548950443,6.43972530835186,5.19615850672908,0.929475838212023,5.28792089023038
"dsc-4",80.0599113959915,124.587798608223,103.03560493363,95.6093165238152,97.5949630122624,83.2847540211285
"dsh-1",24.488914074068,33.1636586223328,20.9291072521436,24.9415608322996,30.6727026609968,30.4055451188247
"dsh-2",3.7675252421643,13.4447264685133,7.24469097189585,6.2353902080749,4.64737919106011,6.60990111278798
"duo-3",6.59316917378753,6.27420568530621,7.24469097189585,11.431548714804,5.57685502927214,6.60990111278798
"dur-1",48.977828148136,24.2005076433239,59.5674591022547,45.726194859216,52.9801227780853,30.4055451188247
"dyb-1",10.3606944159518,14.3410415664142,9.6595879625278,8.31385361076654,19.5189926024525,18.5077231158063
"dyc-1",21.6632701424447,20.6152472517204,31.3936608782153,22.863097429608,21.3779442788765,17.1857428932487
"dyf-1",0,3.58526039160355,4.02482831771991,1.03923170134582,1.85895167642405,3.96594066767279
"dyf-2",9.41881310541076,8.96315097900887,4.8297939812639,2.07846340269163,9.29475838212023,10.5758417804608
"dyf-6",1.88376262108215,2.68894529370266,3.21986265417593,9.35308531211235,5.57685502927214,3.96594066767279
"dyn-1",83.8274366381558,65.4310021467647,72.4469097189585,66.5108288861323,77.1464945715979,48.913268234631
"dys-1",243.947259430139,260.827693489158,214.120866502699,270.200242349912,250.029000479034,301.411490743132
"alp-1",52.7453533903003,60.0531115593594,41.0532488407431,46.7654265605618,49.2622194252372,50.2352484571886
"eat-3",52.7453533903003,52.8825907761523,57.9575277751668,46.7654265605618,33.4611301756328,26.4396044511519
"eat-4",12.244457037034,5.37789058740532,5.63475964480788,11.431548714804,9.29475838212023,5.28792089023038
"eat-5",0.941881310541076,2.68894529370266,0,1.03923170134582,5.57685502927214,0
"eat-6",869.356449629413,968.916620830859,960.324036607972,903.092348469515,925.757934859175,1052.29625715585
"eat-16",16.9538635897394,10.7557811748106,5.63475964480788,17.6669389228789,17.6600409260284,14.5417824481336
"eat-20",19.7795075213626,4.48157548950443,6.43972530835186,22.863097429608,19.5189926024525,26.4396044511519
"bcat-1",157.29417886036,198.085636636096,171.457686334868,136.139352876302,150.575085790348,149.383765149008
"ech-2",3.7675252421643,3.58526039160355,8.85462229898381,6.2353902080749,4.64737919106011,3.96594066767279
"ech-3",10.3606944159518,4.48157548950443,0.804965663543983,4.15692680538327,1.85895167642405,7.93188133534558
"ech-4",14.1282196581161,15.2373566643151,22.5390385792315,14.5492438188414,26.9547993081487,18.5077231158063
"ech-5",16.9538635897394,18.8226170559186,11.2695192896158,17.6669389228789,21.3779442788765,26.4396044511519
"ech-6",82.8855553276147,54.6752209719541,90.1561543169261,89.3739263157403,90.1591563065662,44.9473275669583
"ech-7",15.0701009686572,23.3041925454231,22.5390385792315,12.4707804161498,8.3652825439082,14.5417824481336
"ech-8",4.70940655270538,8.96315097900887,3.21986265417593,5.19615850672908,6.50633086748416,3.96594066767279
"ech-9",4.70940655270538,0,4.02482831771991,3.11769510403745,1.85895167642405,0
"eff-1",0,4.48157548950443,0,2.07846340269163,5.57685502927214,0
"efk-1",64.9898104273342,28.6820831328284,27.3688325604954,57.1577435740199,50.1916952634492,64.7770309053222
"efl-1",4.70940655270538,0,6.43972530835186,2.07846340269163,4.64737919106011,6.60990111278798
"efl-2",2.82564393162323,7.1705207832071,7.24469097189585,5.19615850672908,1.85895167642405,9.25386155790317
"efn-2",0.941881310541076,0,4.02482831771991,2.07846340269163,0.929475838212023,3.96594066767279
"efn-4",3.7675252421643,2.68894529370266,0.804965663543983,7.27462190942072,0.929475838212023,5.28792089023038
"eftu-2",86.653080569779,66.3273172446656,70.0320127283265,69.6285239901697,60.4159294837815,60.8110902376494
"eef-2",3208.0477437029,3457.08733260372,3330.14295008146,3544.81933329058,3452.07326311945,4353.28087288216
"eef-1A.1",2416.8674428484,1884.05433578766,2248.26909827834,2549.23536340129,2380.38762166099,2658.50222756333
"eef-1A.2",1071.86093139574,857.773548691149,1035.99080898111,934.269299509889,881.143094624998,873.828927110571
"egl-2",14.1282196581161,1.79263019580177,2.41489699063195,10.3923170134582,3.71790335284809,3.96594066767279
"egl-3",271.26181743583,400.652848761696,276.103222595586,294.102571480866,288.137509845727,321.241194081496
"egl-4",164.829229344688,145.203045859944,141.673956783741,200.571718359743,163.587747525316,144.095844258778
"egl-8",121.502689059799,149.684621349448,185.142102615116,99.7662433291984,135.703472378955,198.297033383639
"egl-9",24.488914074068,28.6820831328284,29.7837295511274,25.9807925336454,32.5316543374208,37.0154462316127
"egl-10",22.6051514529858,10.7557811748106,25.7589012334075,10.3923170134582,18.5895167642405,11.8978220030184
"egl-13",14.1282196581161,13.4447264685133,8.85462229898381,14.5492438188414,20.4484684406645,18.5077231158063
"egl-15",24.488914074068,18.8226170559186,29.7837295511274,18.7061706242247,17.6600409260284,39.6594066767279
"egl-18",9.41881310541076,8.06683588110798,8.85462229898381,9.35308531211235,8.3652825439082,19.8297033383639
"egl-19",102.665062848977,126.380428804025,103.03560493363,69.6285239901697,100.383390526898,95.1825760241469
"egl-20",9.41881310541076,6.27420568530621,7.24469097189585,4.15692680538327,13.0126617349683,9.25386155790317
"egl-21",157.29417886036,162.233032720061,185.94706827866,135.100121174956,172.882505907436,134.841982700875
"egl-23",10.3606944159518,6.27420568530621,12.8794506167037,15.5884755201873,4.64737919106011,2.64396044511519
"egl-26",3.7675252421643,0,8.85462229898381,2.07846340269163,0.929475838212023,0
"egl-27",77.2342674643682,47.504700188747,43.4681458313751,68.5892922888239,71.5696395423257,56.8451495699766
"egl-30",151.642890997113,209.737732908808,156.163338727533,166.277072215331,158.940368334256,232.668519170137
"egl-43",13.1863383475751,8.96315097900887,5.63475964480788,8.31385361076654,5.57685502927214,6.60990111278798
"egl-44",16.9538635897394,19.7189321538195,16.0993132708797,19.7454023255705,32.5316543374208,37.0154462316127
"egl-45",202.504481766331,150.580936447349,158.578235718165,194.336328151668,196.119401862737,190.365152048294
"egl-46",1.88376262108215,8.96315097900887,3.21986265417593,5.19615850672908,3.71790335284809,7.93188133534558
"ego-1",3.7675252421643,0.896315097900887,3.21986265417593,3.11769510403745,1.85895167642405,5.28792089023038
"ego-2",42.3846589743484,51.9862756782514,34.6135235323913,18.7061706242247,39.967461043117,42.3033671218431
"ehs-1",28.2564393162323,28.6820831328284,25.7589012334075,31.1769510403745,26.0253234699366,23.7956440060367
"eif-3.B",117.735163817635,110.246757041809,114.305124223246,138.217816278994,147.786658275712,171.857428932487
"eif-3.C",202.504481766331,223.182459377321,218.950660483963,216.16019387993,210.061539435917,199.619013606197
"eif-3.D",113.025757264929,132.654634489331,120.744849531597,127.825499265535,137.562424055379,136.163962923432
"eif-3.E",35.7914898005609,42.1268096013417,51.5178024668149,54.0400484699825,33.4611301756328,54.2011891248614
"eif-3.F",34.8496084900198,30.4747133286302,27.3688325604954,32.2161827417203,29.7432268227847,23.7956440060367
"eif-3.G",57.4547599430056,44.8157548950443,55.5426307845348,60.2754386780574,85.5117771155061,46.2693077895159
"eif-3.H",40.5008963532663,40.3341794055399,24.9539355698635,40.5300363524869,26.0253234699366,34.3714857864975
"eif-3.I",112.083875954388,93.2167701816922,104.645536260718,137.178584577648,106.889721394383,85.9287144662437
"eif-3.K",16.0119822791983,19.7189321538195,20.1241415885996,17.6669389228789,12.0831858967563,14.5417824481336
"eif-6",62.164166495711,46.6083850908461,61.1773904293427,53.0008167686367,52.0506469398733,26.4396044511519
"elb-1",2.82564393162323,9.85946607690976,10.4645536260718,10.3923170134582,9.29475838212023,3.96594066767279
"elc-1",19.7795075213626,24.2005076433239,16.0993132708797,14.5492438188414,7.43580670569618,30.4055451188247
"elo-1",135.630908717915,151.47725154525,173.067617661956,109.119328641311,140.350851570015,244.566341173155
"elo-2",39.5590150427252,52.8825907761523,71.6419440554145,42.6084997551785,35.3200818520569,64.7770309053222
"elo-3",58.3966412535467,92.3204550837914,82.1064976814863,61.3146703794032,67.8517361894777,56.8451495699766
"elo-5",81.9436740170736,56.4678511677559,85.3263603356622,27.0200242349912,17.6600409260284,44.9473275669583
"elo-6",61.2222851851699,90.5278248879896,63.5922874199747,44.6869631578701,55.7685502927214,48.913268234631
"elo-9",6.59316917378753,8.06683588110798,8.04965663543983,5.19615850672908,7.43580670569618,0
"elp-1",3.7675252421643,4.48157548950443,3.21986265417593,4.15692680538327,3.71790335284809,0
"elt-1",12.244457037034,8.06683588110798,9.6595879625278,6.2353902080749,8.3652825439082,7.93188133534558
"elt-2",1.88376262108215,0.896315097900887,9.6595879625278,8.31385361076654,1.85895167642405,0
"elt-3",6.59316917378753,2.68894529370266,9.6595879625278,10.3923170134582,3.71790335284809,9.25386155790317
"elt-6",9.41881310541076,4.48157548950443,2.41489699063195,11.431548714804,9.29475838212023,7.93188133534558
"emb-4",73.4667422222039,70.8088927341701,84.5213946721182,94.5700848224694,67.8517361894777,111.046338694838
"emb-5",121.502689059799,110.246757041809,90.1561543169261,103.923170134582,75.2875428951738,77.9968331308982
"emb-8",97.0137749857308,81.5646739089807,79.6916006908543,102.883938433236,114.325528100079,113.690299139953
"emb-9",455.870554301881,298.472927600995,349.355097978089,364.770327172382,310.444929962816,322.563174304053
"emb-27",9.41881310541076,8.96315097900887,2.41489699063195,9.35308531211235,4.64737919106011,5.28792089023038
"emb-30",41.4427776638073,18.8226170559186,21.7340729156875,25.9807925336454,35.3200818520569,17.1857428932487
"emo-1",5.65128786324646,6.27420568530621,12.0744849531597,8.31385361076654,20.4484684406645,3.96594066767279
"emr-1",3.7675252421643,7.1705207832071,8.04965663543983,2.07846340269163,13.9421375731803,14.5417824481336
"ent-1",31.0820832478555,47.504700188747,45.078077158463,38.4515729497952,34.3906060138448,47.5912880120735
"eor-1",7.53505048432861,9.85946607690976,23.3440042427755,4.15692680538327,12.0831858967563,17.1857428932487
"eor-2",5.65128786324646,9.85946607690976,7.24469097189585,12.4707804161498,10.2242342203322,2.64396044511519
"epi-1",407.834607464286,272.47978976187,321.986265417593,343.985693145465,323.457591697784,338.426936974745
"epn-1",35.7914898005609,40.3341794055399,30.5886952146714,31.1769510403745,29.7432268227847,29.0835648962671
"eps-8",224.167751908776,273.376104859771,221.365557474595,225.513279192042,232.368959553006,241.92238072804
"erd-2.1",7.53505048432861,6.27420568530621,11.2695192896158,7.27462190942072,10.2242342203322,2.64396044511519
"eri-1",0.941881310541076,3.58526039160355,5.63475964480788,5.19615850672908,1.85895167642405,3.96594066767279
"erm-1",157.29417886036,128.173058999827,154.553407400445,159.00245030591,167.305650878164,137.48594314599
"ero-1",35.7914898005609,5.37789058740532,24.9539355698635,28.0592559363371,17.6600409260284,6.60990111278798
"F35A5.8",3.7675252421643,5.37789058740532,2.41489699063195,2.07846340269163,2.78842751463607,6.60990111278798
"qars-1",93.2462497435665,75.2904682236745,55.5426307845348,61.3146703794032,74.3580670569618,67.4209913504374
"ears-1",128.095858233586,80.6683588110798,107.06043325135,125.747035862844,118.043431452927,133.520002478317
"ears-2",4.70940655270538,5.37789058740532,8.04965663543983,6.2353902080749,4.64737919106011,3.96594066767279
"etr-1",21.6632701424447,26.8894529370266,27.3688325604954,10.3923170134582,15.8010892496044,17.1857428932487
"fos-1",75.3505048432861,86.0462493984851,58.7624934387108,95.6093165238152,73.4285912187498,104.43643758205
"evl-14",59.3385225640878,24.2005076433239,51.5178024668149,33.2554144430661,40.896936881329,34.3714857864975
"evl-20",1.88376262108215,0,2.41489699063195,0,0.929475838212023,0
"exc-1",3.7675252421643,2.68894529370266,17.7092445979676,9.35308531211235,10.2242342203322,1.3219802225576
"exc-4",17.8957449002804,13.4447264685133,18.5142102615116,12.4707804161498,11.1537100585443,6.60990111278798
"exc-5",24.488914074068,20.6152472517204,19.3191759250556,8.31385361076654,17.6600409260284,11.8978220030184
"exc-7",9.41881310541076,1.79263019580177,15.2943476073357,11.431548714804,3.71790335284809,5.28792089023038
"exl-1",3.7675252421643,8.96315097900887,5.63475964480788,2.07846340269163,7.43580670569618,5.28792089023038
"exo-3",6.59316917378753,2.68894529370266,1.60993132708797,6.2353902080749,11.1537100585443,3.96594066767279
"exp-2",3.7675252421643,8.06683588110798,15.2943476073357,11.431548714804,1.85895167642405,3.96594066767279
"far-1",319.297764273425,346.873942887643,350.965029305177,361.652632068344,405.251465460442,230.024558725022
"far-2",26.3726766951501,33.1636586223328,40.2482831771991,34.294646144412,32.5316543374208,27.7615846737095
"far-3",1.88376262108215,0.896315097900887,0,4.15692680538327,0,0
"far-5",0,0,0.804965663543983,4.15692680538327,3.71790335284809,1.3219802225576
"far-7",2.82564393162323,0,0,1.03923170134582,0,2.64396044511519
"far-8",21.6632701424447,16.133671762216,24.1489699063195,20.7846340269163,28.8137509845727,43.6253473444007
"fat-1",94.1881310541076,102.179921160701,132.819334484757,106.001633537273,118.972907291139,116.334259585068
"fat-2",162.945466723606,167.610923307466,167.432858017148,155.884755201873,179.38883677492,186.399211380621
"fat-3",53.6872347008413,34.0599737202337,30.5886952146714,53.0008167686367,35.3200818520569,54.2011891248614
"fat-4",88.5368431908611,83.3573041047825,86.9362916627502,74.8246824968988,88.3002046301422,91.2166353564741
"fat-5",0,1.79263019580177,0,2.07846340269163,1.85895167642405,3.96594066767279
"fat-6",196.853193903085,359.422354258256,284.95784489457,232.787901101463,302.079647418907,297.445550075459
"fbl-1",18.8376262108215,14.3410415664142,12.8794506167037,8.31385361076654,16.7305650878164,9.25386155790317
"fbp-1",36.733371111102,38.5415492097381,59.5674591022547,51.9615850672908,35.3200818520569,38.3374264541703
"fce-1",21.6632701424447,11.6520962727115,25.7589012334075,24.9415608322996,22.3074201170885,9.25386155790317
"fce-2",2.82564393162323,4.48157548950443,4.02482831771991,4.15692680538327,0.929475838212023,1.3219802225576
"feh-1",34.8496084900198,17.0299868601169,24.1489699063195,32.2161827417203,33.4611301756328,13.219802225576
"fem-1",16.9538635897394,18.8226170559186,19.3191759250556,10.3923170134582,5.57685502927214,26.4396044511519
"fem-2",21.6632701424447,12.5484113706124,15.2943476073357,20.7846340269163,20.4484684406645,10.5758417804608
"fib-1",401.241438290498,519.862756782514,382.358690183392,306.573351897016,358.777673549841,386.018224986818
"fis-2",4.70940655270538,0.896315097900887,0,8.31385361076654,2.78842751463607,5.28792089023038
"fkb-1",19.7795075213626,17.9263019580177,18.5142102615116,22.863097429608,16.7305650878164,14.5417824481336
"fkb-2",48.0359468375949,22.4078774475222,41.0532488407431,44.6869631578701,57.6275019691454,46.2693077895159
"fkb-3",1.88376262108215,0.896315097900887,0,9.35308531211235,5.57685502927214,13.219802225576
"fkb-4",2.82564393162323,0,3.21986265417593,0,2.78842751463607,0
"fkb-5",3.7675252421643,8.06683588110798,4.02482831771991,19.7454023255705,42.755888557753,26.4396044511519
"fkb-6",85.7111992592379,73.4978380278727,61.9823560928867,122.629340758806,124.549762320411,91.2166353564741
"fkh-7",44.2684215954306,32.2673435244319,37.0284205230232,53.0008167686367,52.9801227780853,26.4396044511519
"fkh-8",3.7675252421643,0.896315097900887,1.60993132708797,2.07846340269163,2.78842751463607,0
"fkh-9",34.8496084900198,16.133671762216,41.8582145042871,29.0984876376829,16.7305650878164,21.1516835609215
"fli-1",28.2564393162323,14.3410415664142,29.7837295511274,20.7846340269163,13.9421375731803,29.0835648962671
"flp-1",70.6410982905807,63.638371950963,49.102905476183,61.3146703794032,103.171818041535,56.8451495699766
"flp-2",1.88376262108215,1.79263019580177,8.04965663543983,5.19615850672908,0.929475838212023,3.96594066767279
"flp-3",21.6632701424447,11.6520962727115,16.9042789344236,12.4707804161498,19.5189926024525,9.25386155790317
"flp-4",5.65128786324646,2.68894529370266,1.60993132708797,6.2353902080749,3.71790335284809,1.3219802225576
"flp-5",2.82564393162323,17.0299868601169,11.2695192896158,10.3923170134582,2.78842751463607,7.93188133534558
"flp-6",64.0479291167932,69.0162625383683,34.6135235323913,66.5108288861323,59.4864536455695,64.7770309053222
"flp-7",1.88376262108215,0,2.41489699063195,0,0.929475838212023,3.96594066767279
"flp-8",6.59316917378753,1.79263019580177,3.21986265417593,3.11769510403745,2.78842751463607,1.3219802225576
"flp-9",18.8376262108215,10.7557811748106,23.3440042427755,15.5884755201873,10.2242342203322,17.1857428932487
"flp-11",0,6.27420568530621,0.804965663543983,6.2353902080749,4.64737919106011,5.28792089023038
"flp-12",5.65128786324646,1.79263019580177,1.60993132708797,6.2353902080749,2.78842751463607,0
"flp-13",21.6632701424447,20.6152472517204,16.9042789344236,10.3923170134582,7.43580670569618,13.219802225576
"flp-14",65.9316917378753,53.7789058740532,63.5922874199747,61.3146703794032,79.0054462480219,38.3374264541703
"flp-15",3.7675252421643,0.896315097900887,4.02482831771991,1.03923170134582,4.64737919106011,7.93188133534558
"flp-16",9.41881310541076,32.2673435244319,12.8794506167037,21.8238657282622,11.1537100585443,31.7275253413823
"flp-17",22.6051514529858,10.7557811748106,27.3688325604954,27.0200242349912,35.3200818520569,9.25386155790317
"flp-18",31.0820832478555,24.2005076433239,21.7340729156875,20.7846340269163,16.7305650878164,30.4055451188247
"flp-19",18.8376262108215,3.58526039160355,2.41489699063195,6.2353902080749,16.7305650878164,6.60990111278798
"flr-1",2.82564393162323,0,1.60993132708797,2.07846340269163,1.85895167642405,1.3219802225576
"flr-4",0.941881310541076,3.58526039160355,12.8794506167037,0,4.64737919106011,3.96594066767279
"baz-2",16.0119822791983,16.133671762216,11.2695192896158,20.7846340269163,26.0253234699366,37.0154462316127
"fmi-1",11.3025757264929,25.9931378391257,23.3440042427755,30.1377193390287,26.9547993081487,15.8637626706912
"fmo-1",9.41881310541076,7.1705207832071,8.85462229898381,15.5884755201873,12.0831858967563,7.93188133534558
"fmo-2",8.47693179486968,11.6520962727115,17.7092445979676,1.03923170134582,1.85895167642405,10.5758417804608
"fmo-3",1.88376262108215,3.58526039160355,1.60993132708797,10.3923170134582,9.29475838212023,5.28792089023038
"fmo-4",3.7675252421643,8.96315097900887,7.24469097189585,8.31385361076654,16.7305650878164,1.3219802225576
"fmo-5",7.53505048432861,9.85946607690976,19.3191759250556,14.5492438188414,11.1537100585443,14.5417824481336
"fox-1",5.65128786324646,8.96315097900887,4.8297939812639,4.15692680538327,5.57685502927214,2.64396044511519
"fre-1",3.7675252421643,3.58526039160355,4.02482831771991,5.19615850672908,0.929475838212023,2.64396044511519
"frh-1",0,0,0,3.11769510403745,0.929475838212023,0
"frm-1",334.367865242082,230.352980160528,291.397570202922,254.611766829725,233.298435391218,306.699411633362
"frm-2",9.41881310541076,0.896315097900887,4.02482831771991,5.19615850672908,14.8716134113924,10.5758417804608
"frm-3",16.9538635897394,15.2373566643151,15.2943476073357,6.2353902080749,12.0831858967563,18.5077231158063
"frm-4",34.8496084900198,34.9562888181346,40.2482831771991,27.0200242349912,28.8137509845727,17.1857428932487
"frm-5.1",19.7795075213626,2.68894529370266,6.43972530835186,10.3923170134582,4.64737919106011,23.7956440060367
"frm-7",97.9556562962719,54.6752209719541,62.7873217564307,82.0993044063195,73.4285912187498,79.3188133534558
"frm-8",12.244457037034,16.133671762216,13.6844162802477,11.431548714804,12.0831858967563,9.25386155790317
"frm-9",13.1863383475751,4.48157548950443,14.4893819437917,15.5884755201873,8.3652825439082,14.5417824481336
"frm-10",21.6632701424447,26.8894529370266,20.9291072521436,24.9415608322996,51.1211711016613,35.6934660090551
"fars-1",35.7914898005609,41.2304945034408,50.7128368032709,34.294646144412,45.5443160723891,51.5572286797462
"fars-3",44.2684215954306,54.6752209719541,45.078077158463,48.8438899632534,49.2622194252372,68.742971572995
"fsn-1",1.88376262108215,1.79263019580177,8.04965663543983,5.19615850672908,5.57685502927214,7.93188133534558
"ftn-1",2.82564393162323,1.79263019580177,3.21986265417593,6.2353902080749,10.2242342203322,1.3219802225576
"ftn-2",253.366072535549,305.643448384202,255.979081006987,302.416425091633,329.034446727056,293.479609407786
"ftt-2",260.901123019878,306.539763482103,288.98267321229,232.787901101463,297.432268227847,261.752084066404
"fum-1",115.851401196552,148.788306251547,136.844162802477,153.806291799181,142.209803246439,118.978220030184
"fut-1",6.59316917378753,3.58526039160355,3.21986265417593,12.4707804161498,1.85895167642405,6.60990111278798
"fut-8",8.47693179486968,8.96315097900887,6.43972530835186,5.19615850672908,9.29475838212023,3.96594066767279
"fzo-1",29.1983206267734,22.4078774475222,32.1986265417593,16.6277072215331,18.5895167642405,43.6253473444007
"fzr-1",18.8376262108215,18.8226170559186,23.3440042427755,16.6277072215331,28.8137509845727,25.1176242285943
"fzy-1",6.59316917378753,4.48157548950443,2.41489699063195,6.2353902080749,6.50633086748416,5.28792089023038
"gab-1",2.82564393162323,1.79263019580177,2.41489699063195,4.15692680538327,0.929475838212023,6.60990111278798
"gad-1",32.0239645583966,8.96315097900887,21.7340729156875,11.431548714804,15.8010892496044,14.5417824481336
"gap-1",3.7675252421643,0.896315097900887,6.43972530835186,3.11769510403745,11.1537100585443,5.28792089023038
"gap-2",36.733371111102,32.2673435244319,27.3688325604954,24.9415608322996,23.2368959553006,29.0835648962671
"gar-1",7.53505048432861,9.85946607690976,2.41489699063195,7.27462190942072,10.2242342203322,0
"gar-2",33.9077271794787,60.0531115593594,56.3475964480788,50.922353365945,61.3454053219935,44.9473275669583
"gar-3",14.1282196581161,3.58526039160355,9.6595879625278,11.431548714804,11.1537100585443,6.60990111278798
"gas-1",157.29417886036,167.610923307466,182.727205624484,172.512462423406,160.79932001068,141.451883813663
"gbh-1",2.82564393162323,3.58526039160355,4.02482831771991,1.03923170134582,2.78842751463607,1.3219802225576
"gbh-2",0.941881310541076,0.896315097900887,0,3.11769510403745,6.50633086748416,10.5758417804608
"gck-1",18.8376262108215,23.3041925454231,24.9539355698635,16.6277072215331,14.8716134113924,23.7956440060367
"gcs-1",32.9658458689377,25.9931378391257,34.6135235323913,39.490804651141,29.7432268227847,14.5417824481336
"gcy-3",5.65128786324646,0,0.804965663543983,2.07846340269163,0,3.96594066767279
"gcy-8",6.59316917378753,5.37789058740532,4.8297939812639,8.31385361076654,2.78842751463607,5.28792089023038
"gcy-11",8.47693179486968,2.68894529370266,4.8297939812639,12.4707804161498,2.78842751463607,1.3219802225576
"gcy-12",80.0599113959915,59.1567964614585,63.5922874199747,54.0400484699825,56.6980261309334,50.2352484571886
"gcy-18",6.59316917378753,1.79263019580177,0.804965663543983,2.07846340269163,1.85895167642405,5.28792089023038
"gcy-19",4.70940655270538,3.58526039160355,3.21986265417593,5.19615850672908,4.64737919106011,1.3219802225576
"gcy-22",0.941881310541076,0,0.804965663543983,4.15692680538327,2.78842751463607,1.3219802225576
"gcy-23",7.53505048432861,8.96315097900887,4.02482831771991,6.2353902080749,3.71790335284809,1.3219802225576
"gcy-35",1.88376262108215,1.79263019580177,0.804965663543983,1.03923170134582,2.78842751463607,6.60990111278798
"gcy-37",0,0.896315097900887,4.8297939812639,0,1.85895167642405,0
"gdi-1",114.909519886011,112.935702335512,102.230639270086,101.84470673189,107.819197232595,109.72435847228
"gei-1",18.8376262108215,25.9931378391257,23.3440042427755,20.7846340269163,16.7305650878164,31.7275253413823
"gei-3",32.9658458689377,18.8226170559186,22.5390385792315,24.9415608322996,36.2495576902689,31.7275253413823
"gei-4",90.4206058119433,58.2604813635577,72.4469097189585,118.472413953423,105.960245556171,71.3869320181102
"lin-66",38.6171337321841,51.0899605803506,67.6171157376946,45.726194859216,77.1464945715979,76.6748529083406
"gei-6",18.8376262108215,34.0599737202337,20.9291072521436,17.6669389228789,24.1663717935126,31.7275253413823
"icl-1",793.064063475586,692.851570677386,538.522028910925,1415.433577233,1177.64588701463,1000.7390284761
"gei-8",62.164166495711,55.571536069855,56.3475964480788,48.8438899632534,62.2748811602055,88.5726749113589
"acdh-13",17.8957449002804,8.96315097900887,18.5142102615116,18.7061706242247,13.9421375731803,15.8637626706912
"snpc-4",25.4307953846091,33.1636586223328,28.9787638875834,16.6277072215331,23.2368959553006,27.7615846737095
"gei-13",9.41881310541076,7.1705207832071,14.4893819437917,3.11769510403745,12.0831858967563,10.5758417804608
"gei-15",28.2564393162323,31.371028426531,24.9539355698635,27.0200242349912,28.8137509845727,18.5077231158063
"gei-17",61.2222851851699,51.0899605803506,59.5674591022547,56.1185118726741,55.7685502927214,37.0154462316127
"gem-4",0,0,0,1.03923170134582,4.64737919106011,0
"ges-1",16.0119822791983,13.4447264685133,14.4893819437917,11.431548714804,17.6600409260284,5.28792089023038
"gex-2",17.8957449002804,30.4747133286302,22.5390385792315,28.0592559363371,21.3779442788765,15.8637626706912
"gex-3",21.6632701424447,23.3041925454231,19.3191759250556,34.294646144412,19.5189926024525,19.8297033383639
"gfi-1",417.253420569697,690.162625383683,586.819968723564,493.635058139263,487.974815061312,600.179021041149
"gfi-2",11.3025757264929,13.4447264685133,17.7092445979676,17.6669389228789,13.0126617349683,19.8297033383639
"gfi-3",9.41881310541076,0.896315097900887,8.04965663543983,3.11769510403745,3.71790335284809,6.60990111278798
"nrde-4",4.70940655270538,16.133671762216,9.6595879625278,4.15692680538327,5.57685502927214,11.8978220030184
"gfl-1",2.82564393162323,4.48157548950443,0.804965663543983,5.19615850672908,5.57685502927214,0
"ggr-1",0,3.58526039160355,10.4645536260718,1.03923170134582,5.57685502927214,2.64396044511519
"gip-1",34.8496084900198,24.2005076433239,24.9539355698635,22.863097429608,23.2368959553006,19.8297033383639
"C45G3.3",0.941881310541076,0.896315097900887,1.60993132708797,2.07846340269163,5.57685502927214,1.3219802225576
"glc-1",0.941881310541076,0,1.60993132708797,1.03923170134582,0,1.3219802225576
"glc-2",8.47693179486968,4.48157548950443,4.8297939812639,5.19615850672908,4.64737919106011,5.28792089023038
"glc-3",7.53505048432861,4.48157548950443,6.43972530835186,4.15692680538327,2.78842751463607,0
"glc-4",20.7213888319037,14.3410415664142,6.43972530835186,9.35308531211235,21.3779442788765,6.60990111278798
"gld-1",5.65128786324646,5.37789058740532,2.41489699063195,5.19615850672908,3.71790335284809,3.96594066767279
"gld-2",20.7213888319037,15.2373566643151,29.7837295511274,23.9023291309538,26.0253234699366,27.7615846737095
"glh-1",22.6051514529858,24.2005076433239,35.4184891959353,21.8238657282622,22.3074201170885,35.6934660090551
"glh-4",15.0701009686572,6.27420568530621,8.04965663543983,11.431548714804,6.50633086748416,10.5758417804608
"gln-1",16.0119822791983,12.5484113706124,14.4893819437917,6.2353902080749,14.8716134113924,13.219802225576
"gln-3",149.759128376031,114.728332531314,107.06043325135,266.043315544529,197.978353539161,170.53544870993
"glr-1",7.53505048432861,1.79263019580177,5.63475964480788,2.07846340269163,1.85895167642405,13.219802225576
"glr-2",3.7675252421643,8.96315097900887,4.8297939812639,1.03923170134582,0,3.96594066767279
"glr-4",19.7795075213626,8.06683588110798,12.8794506167037,11.431548714804,12.0831858967563,15.8637626706912
"glr-5",30.1402019373144,8.96315097900887,15.2943476073357,10.3923170134582,9.29475838212023,10.5758417804608
"glr-6",2.82564393162323,3.58526039160355,4.8297939812639,6.2353902080749,9.29475838212023,0
"glt-1",201.56260045579,226.767719768924,197.216587568276,190.179401346285,208.202587759493,216.804756499446
"glt-3",10.3606944159518,10.7557811748106,17.7092445979676,10.3923170134582,15.8010892496044,5.28792089023038
"glt-4",17.8957449002804,14.3410415664142,6.43972530835186,8.31385361076654,13.9421375731803,10.5758417804608
"glt-5",0.941881310541076,0,0,2.07846340269163,1.85895167642405,0
"glt-6",2.82564393162323,4.48157548950443,0,3.11769510403745,1.85895167642405,1.3219802225576
"glt-7",1.88376262108215,0.896315097900887,1.60993132708797,5.19615850672908,1.85895167642405,0
"gly-3",28.2564393162323,38.5415492097381,30.5886952146714,16.6277072215331,24.1663717935126,19.8297033383639
"gly-4",17.8957449002804,20.6152472517204,33.8085578688473,18.7061706242247,28.8137509845727,13.219802225576
"gly-5",35.7914898005609,29.5783982307293,52.3227681303589,38.4515729497952,58.5569778073574,50.2352484571886
"gly-6",29.1983206267734,38.5415492097381,32.1986265417593,27.0200242349912,37.1790335284809,63.4550506827646
"gly-7",25.4307953846091,31.371028426531,30.5886952146714,30.1377193390287,20.4484684406645,43.6253473444007
"gly-8",3.7675252421643,0.896315097900887,8.85462229898381,18.7061706242247,10.2242342203322,7.93188133534558
"gly-10",7.53505048432861,8.96315097900887,19.3191759250556,10.3923170134582,11.1537100585443,14.5417824481336
"gly-11",0,0.896315097900887,12.8794506167037,0,0.929475838212023,0
"gly-12",0.941881310541076,4.48157548950443,4.02482831771991,7.27462190942072,6.50633086748416,13.219802225576
"gly-13",6.59316917378753,6.27420568530621,7.24469097189585,2.07846340269163,8.3652825439082,10.5758417804608
"gly-19",0.941881310541076,1.79263019580177,0.804965663543983,0,4.64737919106011,6.60990111278798
"gly-20",19.7795075213626,20.6152472517204,20.9291072521436,18.7061706242247,15.8010892496044,34.3714857864975
"goa-1",83.8274366381558,47.504700188747,72.4469097189585,83.1385361076654,65.0633086748416,58.1671297925342
"gob-1",38.6171337321841,49.2973303845488,44.2731114949191,27.0200242349912,61.3454053219935,31.7275253413823
"gon-1",104.548825470059,113.832017433413,101.425673606542,77.9423776009363,104.101293879747,105.758417804608
"gon-2",64.9898104273342,54.6752209719541,54.7376651209908,54.0400484699825,42.755888557753,55.523169347419
"gon-4",19.7795075213626,8.06683588110798,14.4893819437917,8.31385361076654,9.29475838212023,10.5758417804608
"gop-1",14.1282196581161,16.133671762216,19.3191759250556,10.3923170134582,9.29475838212023,14.5417824481336
"gop-2",21.6632701424447,9.85946607690976,11.2695192896158,15.5884755201873,12.0831858967563,14.5417824481336
"gop-3",16.9538635897394,16.133671762216,20.1241415885996,23.9023291309538,26.0253234699366,27.7615846737095
"gpa-2",5.65128786324646,4.48157548950443,0.804965663543983,7.27462190942072,3.71790335284809,2.64396044511519
"gpa-3",1.88376262108215,2.68894529370266,0,4.15692680538327,2.78842751463607,2.64396044511519
"gpa-4",0.941881310541076,0.896315097900887,0,0,3.71790335284809,0
"gpa-7",1.88376262108215,6.27420568530621,5.63475964480788,8.31385361076654,16.7305650878164,3.96594066767279
"gpa-12",3.7675252421643,11.6520962727115,5.63475964480788,5.19615850672908,7.43580670569618,2.64396044511519
"gpa-16",5.65128786324646,3.58526039160355,0,4.15692680538327,0.929475838212023,6.60990111278798
"gpb-1",114.909519886011,85.1499343005843,79.6916006908543,59.2362069767116,78.0759704098099,59.4891100150918
"gpb-2",14.1282196581161,13.4447264685133,16.9042789344236,16.6277072215331,14.8716134113924,13.219802225576
"gpc-1",13.1863383475751,13.4447264685133,4.02482831771991,3.11769510403745,14.8716134113924,9.25386155790317
"gpc-2",6.59316917378753,4.48157548950443,6.43972530835186,7.27462190942072,10.2242342203322,6.60990111278798
"gpd-2",100.781300227895,94.1130852795931,72.4469097189585,107.040865238619,107.819197232595,52.8792089023038
"gpd-3",99.8394189173541,69.9125776362692,118.329952540965,125.747035862844,100.383390526898,76.6748529083406
"grd-3",8.47693179486968,2.68894529370266,4.8297939812639,20.7846340269163,17.6600409260284,15.8637626706912
"grd-5",0,0,0,0,1.85895167642405,1.3219802225576
"grd-10",33.9077271794787,42.1268096013417,38.6383518501112,29.0984876376829,43.6853643959651,52.8792089023038
"grd-13",10.3606944159518,19.7189321538195,14.4893819437917,10.3923170134582,22.3074201170885,18.5077231158063
"grd-14",0.941881310541076,0,0.804965663543983,8.31385361076654,1.85895167642405,5.28792089023038
"grh-1",4.70940655270538,2.68894529370266,4.02482831771991,4.15692680538327,14.8716134113924,9.25386155790317
"grk-1",18.8376262108215,23.3041925454231,18.5142102615116,15.5884755201873,13.9421375731803,33.0495055639399
"grk-2",18.8376262108215,30.4747133286302,16.9042789344236,15.5884755201873,9.29475838212023,6.60990111278798
"grl-4",34.8496084900198,68.1199474404674,42.6631801678311,46.7654265605618,42.755888557753,87.2506946888013
"grl-5",0,0,0,8.31385361076654,0.929475838212023,1.3219802225576
"grl-7",0,0,0,14.5492438188414,6.50633086748416,6.60990111278798
"grl-10",1.88376262108215,0,4.02482831771991,5.19615850672908,5.57685502927214,0
"grl-15",0,0,0,3.11769510403745,9.29475838212023,1.3219802225576
"grl-16",0,0,2.41489699063195,29.0984876376829,46.4737919106011,11.8978220030184
"grl-21",4.70940655270538,6.27420568530621,6.43972530835186,2.07846340269163,5.57685502927214,2.64396044511519
"gro-1",1.88376262108215,1.79263019580177,4.02482831771991,2.07846340269163,3.71790335284809,0
"grp-1",1.88376262108215,3.58526039160355,4.02482831771991,3.11769510403745,2.78842751463607,9.25386155790317
"gars-1",82.8855553276147,60.9494266572603,94.98594829819,89.3739263157403,68.7812120276897,44.9473275669583
"gsa-1",36.733371111102,31.371028426531,37.8333861865672,40.5300363524869,47.4032677488132,40.9813868992855
"gsk-3",34.8496084900198,23.3041925454231,31.3936608782153,20.7846340269163,16.7305650878164,17.1857428932487
"gsp-1",54.6291160113824,84.2536192026834,59.5674591022547,35.3338778457578,46.4737919106011,42.3033671218431
"gsp-2",163.887348034147,170.299868601169,145.698785101461,145.492438188414,171.953030069224,183.755250935506
"gst-1",80.0599113959915,77.9794135173772,111.890227232614,80.0208410036279,64.1338328366296,85.9287144662437
"gst-4",12.244457037034,7.1705207832071,10.4645536260718,10.3923170134582,9.29475838212023,14.5417824481336
"gst-5",44.2684215954306,43.0231246992426,38.6383518501112,18.7061706242247,9.29475838212023,25.1176242285943
"gst-6",19.7795075213626,6.27420568530621,17.7092445979676,16.6277072215331,17.6600409260284,10.5758417804608
"gst-7",34.8496084900198,68.1199474404674,38.6383518501112,20.7846340269163,23.2368959553006,17.1857428932487
"gst-10",18.8376262108215,13.4447264685133,12.0744849531597,13.5100121174956,14.8716134113924,2.64396044511519
"gst-11",2.82564393162323,2.68894529370266,8.85462229898381,6.2353902080749,2.78842751463607,0
"gst-12",0.941881310541076,8.06683588110798,0.804965663543983,0,3.71790335284809,2.64396044511519
"gst-13",18.8376262108215,37.6452341118373,37.0284205230232,22.863097429608,37.1790335284809,19.8297033383639
"gst-14",9.41881310541076,7.1705207832071,4.8297939812639,8.31385361076654,3.71790335284809,3.96594066767279
"gst-15",16.9538635897394,6.27420568530621,12.8794506167037,4.15692680538327,6.50633086748416,1.3219802225576
"gst-20",30.1402019373144,48.4010152866479,31.3936608782153,39.490804651141,27.8842751463607,42.3033671218431
"gst-21",0.941881310541076,13.4447264685133,4.8297939812639,0,0,6.60990111278798
"gst-22",0,6.27420568530621,3.21986265417593,1.03923170134582,7.43580670569618,5.28792089023038
"gst-24",173.306161139558,181.95196487388,220.560591811051,19.7454023255705,16.7305650878164,22.4736637834791
"gst-26",48.977828148136,79.7720437131789,60.3724247657987,38.4515729497952,65.0633086748416,50.2352484571886
"gst-27",33.9077271794787,30.4747133286302,35.4184891959353,46.7654265605618,44.6148402341771,21.1516835609215
"gst-28",6.59316917378753,13.4447264685133,8.04965663543983,8.31385361076654,5.57685502927214,3.96594066767279
"gst-31",6.59316917378753,4.48157548950443,8.04965663543983,1.03923170134582,0,1.3219802225576
"gst-35",5.65128786324646,11.6520962727115,7.24469097189585,7.27462190942072,6.50633086748416,10.5758417804608
"gst-36",122.44457037034,156.855142132655,129.599471830581,104.962401835928,181.247788451344,154.671686039239
"gst-38",0.941881310541076,6.27420568530621,1.60993132708797,0,2.78842751463607,0
"gst-39",9.41881310541076,8.96315097900887,15.2943476073357,4.15692680538327,0.929475838212023,2.64396044511519
"gst-40",2.82564393162323,3.58526039160355,0.804965663543983,0,10.2242342203322,2.64396044511519
"gst-41",0,0,0.804965663543983,5.19615850672908,0,0
"gst-42",12.244457037034,14.3410415664142,31.3936608782153,29.0984876376829,15.8010892496044,1.3219802225576
"gst-43",0,5.37789058740532,4.02482831771991,0,1.85895167642405,0
"gsy-1",49.919709458677,52.8825907761523,38.6383518501112,57.1577435740199,49.2622194252372,35.6934660090551
"gta-1",147.875365754949,144.306730762043,166.627892353604,151.727828396489,158.010892496044,167.891488264815
"gtl-1",120.560807749258,98.5946607690976,89.3511886533821,97.6877799265068,93.8770596594143,101.792477136935
"gtl-2",6.59316917378753,10.7557811748106,20.1241415885996,18.7061706242247,14.8716134113924,11.8978220030184
"lite-1",10.3606944159518,8.96315097900887,4.02482831771991,4.15692680538327,16.7305650878164,5.28792089023038
"gur-4",0.941881310541076,0.896315097900887,2.41489699063195,0,8.3652825439082,11.8978220030184
"gut-2",0,4.48157548950443,10.4645536260718,1.03923170134582,0.929475838212023,0
"haf-1",3.7675252421643,6.27420568530621,4.8297939812639,4.15692680538327,1.85895167642405,2.64396044511519
"haf-2",10.3606944159518,10.7557811748106,7.24469097189585,13.5100121174956,10.2242342203322,10.5758417804608
"haf-3",42.3846589743484,34.9562888181346,41.0532488407431,22.863097429608,19.5189926024525,30.4055451188247
"haf-4",252.424191225008,285.924516230383,267.248600296602,248.37637662165,222.144725332673,265.718024734077
"hmt-1",37.675252421643,52.8825907761523,37.0284205230232,44.6869631578701,44.6148402341771,51.5572286797462
"haf-6",22.6051514529858,29.5783982307293,24.1489699063195,12.4707804161498,15.8010892496044,11.8978220030184
"haf-7",11.3025757264929,1.79263019580177,5.63475964480788,9.35308531211235,4.64737919106011,10.5758417804608
"haf-9",158.236060170901,186.433540363384,148.113682092093,198.493254957051,156.15194081962,179.789310267833
"ham-1",7.53505048432861,7.1705207832071,3.21986265417593,6.2353902080749,6.50633086748416,1.3219802225576
"ham-2",0.941881310541076,3.58526039160355,1.60993132708797,0,4.64737919106011,11.8978220030184
"hap-1",0,0.896315097900887,0.804965663543983,3.11769510403745,0,1.3219802225576
"hbl-1",25.4307953846091,21.5115623496213,18.5142102615116,14.5492438188414,19.5189926024525,17.1857428932487
"hcf-1",24.488914074068,8.96315097900887,29.7837295511274,11.431548714804,26.0253234699366,23.7956440060367
"hcp-1",25.4307953846091,22.4078774475222,27.3688325604954,46.7654265605618,47.4032677488132,38.3374264541703
"hcp-2",13.1863383475751,15.2373566643151,6.43972530835186,20.7846340269163,9.29475838212023,9.25386155790317
"hcp-3",5.65128786324646,0.896315097900887,6.43972530835186,5.19615850672908,12.0831858967563,1.3219802225576
"hcp-4",12.244457037034,10.7557811748106,8.85462229898381,12.4707804161498,12.0831858967563,21.1516835609215
"hcp-6",43.3265402848895,29.5783982307293,26.5638668969514,29.0984876376829,20.4484684406645,39.6594066767279
"hda-1",34.8496084900198,22.4078774475222,16.0993132708797,22.863097429608,25.0958476317246,17.1857428932487
"hda-2",1.88376262108215,0.896315097900887,4.02482831771991,6.2353902080749,1.85895167642405,0
"hda-3",14.1282196581161,22.4078774475222,20.9291072521436,11.431548714804,18.5895167642405,9.25386155790317
"hda-4",29.1983206267734,35.8526039160355,41.8582145042871,41.5692680538327,34.3906060138448,34.3714857864975
"hda-10",8.47693179486968,0.896315097900887,10.4645536260718,5.19615850672908,8.3652825439082,3.96594066767279
"hel-1",117.735163817635,92.3204550837914,109.475330241982,108.080096939965,116.184479776503,95.1825760241469
"hgo-1",28.2564393162323,30.4747133286302,28.9787638875834,21.8238657282622,20.4484684406645,23.7956440060367
"hid-1",14.1282196581161,10.7557811748106,8.85462229898381,6.2353902080749,5.57685502927214,11.8978220030184
"hif-1",296.692612820439,277.857680349275,287.372741885202,279.553327662025,335.54077759454,264.396044511519
"hil-1",1.88376262108215,0.896315097900887,0,1.03923170134582,0,0
"hil-2",21.6632701424447,6.27420568530621,25.7589012334075,37.4123412484494,26.0253234699366,26.4396044511519
"hil-3",18.8376262108215,13.4447264685133,15.2943476073357,44.6869631578701,34.3906060138448,7.93188133534558
"hil-4",4.70940655270538,5.37789058740532,3.21986265417593,6.2353902080749,4.64737919106011,2.64396044511519
"hil-5",0.941881310541076,1.79263019580177,2.41489699063195,5.19615850672908,3.71790335284809,0
"him-1",47.0940655270538,21.5115623496213,13.6844162802477,30.1377193390287,28.8137509845727,31.7275253413823
"him-4",210.981413561201,194.500376244492,193.9967249141,176.669389228789,158.010892496044,190.365152048294
"him-6",1.88376262108215,1.79263019580177,5.63475964480788,10.3923170134582,5.57685502927214,6.60990111278798
"him-10",12.244457037034,14.3410415664142,12.0744849531597,17.6669389228789,17.6600409260284,18.5077231158063
"him-17",28.2564393162323,24.2005076433239,24.9539355698635,31.1769510403745,26.0253234699366,31.7275253413823
"his-1",27.3145580056912,17.0299868601169,16.0993132708797,27.0200242349912,20.4484684406645,37.0154462316127
"his-2",17.8957449002804,13.4447264685133,25.7589012334075,29.0984876376829,33.4611301756328,46.2693077895159
"his-3",13.1863383475751,15.2373566643151,19.3191759250556,30.1377193390287,32.5316543374208,27.7615846737095
"his-4",0.941881310541076,2.68894529370266,1.60993132708797,3.11769510403745,0.929475838212023,2.64396044511519
"his-5",5.65128786324646,1.79263019580177,3.21986265417593,6.2353902080749,5.57685502927214,5.28792089023038
"his-6",13.1863383475751,15.2373566643151,25.7589012334075,22.863097429608,12.0831858967563,25.1176242285943
"his-7",9.41881310541076,2.68894529370266,4.8297939812639,12.4707804161498,8.3652825439082,14.5417824481336
"his-8",6.59316917378753,3.58526039160355,10.4645536260718,10.3923170134582,3.71790335284809,10.5758417804608
"his-11",7.53505048432861,3.58526039160355,1.60993132708797,5.19615850672908,3.71790335284809,6.60990111278798
"his-17",7.53505048432861,14.3410415664142,11.2695192896158,17.6669389228789,8.3652825439082,11.8978220030184
"his-24",44.2684215954306,22.4078774475222,29.7837295511274,78.9816093022821,54.8390744545093,34.3714857864975
"his-25",15.0701009686572,14.3410415664142,12.8794506167037,6.2353902080749,9.29475838212023,6.60990111278798
"his-31",0.941881310541076,2.68894529370266,0.804965663543983,7.27462190942072,1.85895167642405,2.64396044511519
"his-32",19.7795075213626,35.8526039160355,38.6383518501112,28.0592559363371,38.1085093666929,42.3033671218431
"his-35",11.3025757264929,9.85946607690976,14.4893819437917,23.9023291309538,12.0831858967563,13.219802225576
"C50F4.6",0.941881310541076,2.68894529370266,0.804965663543983,0,1.85895167642405,0
"his-37",24.488914074068,22.4078774475222,28.1737982240394,18.7061706242247,17.6600409260284,15.8637626706912
"his-40",6.59316917378753,5.37789058740532,7.24469097189585,8.31385361076654,10.2242342203322,14.5417824481336
"his-41",28.2564393162323,73.4978380278727,45.078077158463,57.1577435740199,30.6727026609968,35.6934660090551
"his-48",0.941881310541076,0,0.804965663543983,1.03923170134582,0,0
"his-59",69.6992169800396,63.638371950963,74.8618067095904,99.7662433291984,92.0181079829903,101.792477136935
"his-60",33.9077271794787,22.4078774475222,24.1489699063195,38.4515729497952,42.755888557753,40.9813868992855
"his-61",16.0119822791983,12.5484113706124,11.2695192896158,16.6277072215331,19.5189926024525,14.5417824481336
"his-62",12.244457037034,10.7557811748106,10.4645536260718,13.5100121174956,27.8842751463607,19.8297033383639
"his-63",6.59316917378753,1.79263019580177,4.02482831771991,7.27462190942072,3.71790335284809,9.25386155790317
"his-64",12.244457037034,5.37789058740532,14.4893819437917,14.5492438188414,22.3074201170885,18.5077231158063
"his-67",29.1983206267734,18.8226170559186,17.7092445979676,14.5492438188414,30.6727026609968,17.1857428932487
"his-68",7.53505048432861,4.48157548950443,3.21986265417593,4.15692680538327,3.71790335284809,9.25386155790317
"his-71",12.244457037034,23.3041925454231,21.7340729156875,18.7061706242247,26.9547993081487,26.4396044511519
"his-72",29.1983206267734,32.2673435244319,33.0035922053033,51.9615850672908,43.6853643959651,31.7275253413823
"hlh-1",19.7795075213626,14.3410415664142,11.2695192896158,10.3923170134582,10.2242342203322,6.60990111278798
"hlh-2",1.88376262108215,2.68894529370266,13.6844162802477,8.31385361076654,2.78842751463607,14.5417824481336
"hlh-11",89.4787245014022,91.4241399858905,113.500158559702,86.2562312117028,82.72334960087,116.334259585068
"hmg-1.1",48.977828148136,43.9194397971435,49.102905476183,55.0792801713283,42.755888557753,47.5912880120735
"hmg-1.2",28.2564393162323,27.7857680349275,44.2731114949191,45.726194859216,37.1790335284809,43.6253473444007
"hmg-3",0.941881310541076,0.896315097900887,5.63475964480788,3.11769510403745,1.85895167642405,1.3219802225576
"hmg-4",39.5590150427252,39.437864307639,36.2234548594792,23.9023291309538,39.037985204905,31.7275253413823
"hmg-5",9.41881310541076,16.133671762216,10.4645536260718,8.31385361076654,14.8716134113924,0
"hmg-11",8.47693179486968,8.96315097900887,10.4645536260718,19.7454023255705,9.29475838212023,3.96594066767279
"hmg-12",7.53505048432861,8.06683588110798,12.0744849531597,6.2353902080749,4.64737919106011,7.93188133534558
"hmp-1",25.4307953846091,25.9931378391257,37.0284205230232,33.2554144430661,29.7432268227847,43.6253473444007
"hmp-2",26.3726766951501,19.7189321538195,23.3440042427755,19.7454023255705,25.0958476317246,31.7275253413823
"hmr-1",92.3043684330254,102.179921160701,107.865398914894,85.216999510357,97.5949630122624,99.1485166918197
"hoe-1",11.3025757264929,2.68894529370266,12.8794506167037,4.15692680538327,7.43580670569618,9.25386155790317
"hot-5",1.88376262108215,0.896315097900887,0.804965663543983,10.3923170134582,1.85895167642405,0
"hpd-1",101.723181538436,107.557811748106,78.0816693637664,101.84470673189,80.864397924446,72.7089122406678
"hpk-1",60.2804038746289,71.705207832071,58.7624934387108,78.9816093022821,72.4991153805378,88.5726749113589
"hpl-1",3.7675252421643,0.896315097900887,2.41489699063195,2.07846340269163,4.64737919106011,0
"hpl-2",0.941881310541076,2.68894529370266,9.6595879625278,6.2353902080749,1.85895167642405,1.3219802225576
"hrp-1",39.5590150427252,32.2673435244319,49.9078711397269,44.6869631578701,67.8517361894777,38.3374264541703
"hrp-2",89.4787245014022,95.009400377494,59.5674591022547,96.648548225161,83.6528254390821,87.2506946888013
"hars-1",47.0940655270538,50.1936454824497,54.7376651209908,31.1769510403745,49.2622194252372,51.5572286797462
"hsb-1",4.70940655270538,0,0,2.07846340269163,0.929475838212023,0
"hse-5",2.82564393162323,3.58526039160355,6.43972530835186,1.03923170134582,9.29475838212023,0
"hsf-1",13.1863383475751,8.96315097900887,20.1241415885996,12.4707804161498,16.7305650878164,19.8297033383639
"hsp-1",2471.49655885978,2429.9102304093,2124.30438609257,3054.30197025536,2693.62097913844,2979.74342164482
"hsp-3",549.116804045447,651.621076173945,656.047015788346,699.402935005735,732.426960511074,691.395656397623
"hsp-4",114.909519886011,83.3573041047825,86.9362916627502,153.806291799181,126.408713996835,89.8946551339165
"hsp-6",575.489480740597,519.862756782514,515.178024668149,680.69676438151,540.954937839397,526.148128577923
"hsp-12.2",41.4427776638073,51.9862756782514,49.9078711397269,43.6477314565243,47.4032677488132,54.2011891248614
"hsp-16.2",146.933484444408,117.417277825016,94.98594829819,198.493254957051,123.620286482199,108.402378249723
"hsp-16.41",125.270214301963,78.875728615278,83.7164290085742,115.354718849386,124.549762320411,100.470496914377
"hsp-17",53.6872347008413,46.6083850908461,49.102905476183,74.8246824968988,47.4032677488132,44.9473275669583
"hsp-25",34.8496084900198,33.1636586223328,35.4184891959353,49.8831216645992,53.9095986162973,30.4055451188247
"hsp-43",76.2923861538272,51.9862756782514,61.1773904293427,51.9615850672908,30.6727026609968,62.133070460207
"hsp-60",1163.22341851823,1313.9979335227,1110.04765002715,1360.35429706167,1202.74173464636,1406.58695680128
"hsp-70",43.3265402848895,38.5415492097381,36.2234548594792,28.0592559363371,32.5316543374208,33.0495055639399
"hsr-9",56.5128786324646,40.3341794055399,47.492974149095,50.922353365945,66.9222603512656,76.6748529083406
"hst-1",11.3025757264929,4.48157548950443,8.04965663543983,15.5884755201873,0.929475838212023,1.3219802225576
"hst-2",0.941881310541076,0,1.60993132708797,1.03923170134582,1.85895167642405,3.96594066767279
"hum-1",63.1060478062521,48.4010152866479,41.0532488407431,55.0792801713283,50.1916952634492,39.6594066767279
"hum-2",45.2103029059717,24.2005076433239,28.9787638875834,31.1769510403745,30.6727026609968,51.5572286797462
"hum-4",31.0820832478555,37.6452341118373,34.6135235323913,33.2554144430661,39.037985204905,33.0495055639399
"hum-5",69.6992169800396,65.4310021467647,68.4220814012386,67.5500605874781,52.9801227780853,63.4550506827646
"hum-6",40.5008963532663,37.6452341118373,34.6135235323913,37.4123412484494,54.8390744545093,68.742971572995
"hum-7",45.2103029059717,60.9494266572603,58.7624934387108,54.0400484699825,49.2622194252372,59.4891100150918
"hum-8",30.1402019373144,34.9562888181346,31.3936608782153,40.5300363524869,24.1663717935126,15.8637626706912
"hyl-1",6.59316917378753,7.1705207832071,8.85462229898381,8.31385361076654,1.85895167642405,1.3219802225576
"hyl-2",9.41881310541076,29.5783982307293,12.0744849531597,15.5884755201873,17.6600409260284,11.8978220030184
"icd-1",286.331918404487,149.684621349448,187.556999605748,242.140986413575,235.157387067642,222.092677389676
"icln-1",11.3025757264929,6.27420568530621,10.4645536260718,12.4707804161498,15.8010892496044,11.8978220030184
"icp-1",31.0820832478555,18.8226170559186,16.0993132708797,15.5884755201873,19.5189926024525,13.219802225576
"ida-1",124.328332991422,143.410415664142,115.11008988679,178.747852631481,153.363513304984,146.739804703893
"ifa-1",105.490706780601,79.7720437131789,57.1525621116228,94.5700848224694,85.5117771155061,83.2847540211285
"ifa-4",21.6632701424447,14.3410415664142,22.5390385792315,15.5884755201873,12.0831858967563,6.60990111278798
"ifb-1",145.049721823326,168.507238405367,144.893819437917,217.199425581276,197.048877700949,198.297033383639
"ifb-2",399.357675669416,584.397443831378,480.564501135758,520.655082374254,517.718041884097,474.590899898177
"ifc-1",71.5829796011218,71.705207832071,69.2270470647825,36.3731095471036,54.8390744545093,58.1671297925342
"ifc-2",177.073686381722,267.998214272365,221.365557474595,178.747852631481,179.38883677492,189.043171825736
"ifd-1",35.7914898005609,27.7857680349275,29.7837295511274,23.9023291309538,26.9547993081487,38.3374264541703
"ifd-2",20.7213888319037,6.27420568530621,11.2695192896158,8.31385361076654,26.0253234699366,3.96594066767279
"ife-1",34.8496084900198,34.0599737202337,41.0532488407431,18.7061706242247,35.3200818520569,14.5417824481336
"ife-2",18.8376262108215,15.2373566643151,23.3440042427755,15.5884755201873,25.0958476317246,14.5417824481336
"ife-3",11.3025757264929,8.96315097900887,8.85462229898381,3.11769510403745,4.64737919106011,6.60990111278798
"ife-4",2.82564393162323,1.79263019580177,4.8297939812639,5.19615850672908,0.929475838212023,3.96594066767279
"iff-1",9.41881310541076,6.27420568530621,6.43972530835186,6.2353902080749,5.57685502927214,5.28792089023038
"iff-2",162.003585413065,140.721470370439,184.337136951572,160.041682007256,161.728795848892,179.789310267833
"ifg-1",261.843004330419,235.730870747933,267.248600296602,244.219449816267,228.651056200158,264.396044511519
"ifp-1",81.0017927065325,71.705207832071,55.5426307845348,85.216999510357,50.1916952634492,62.133070460207
"ify-1",0.941881310541076,0,1.60993132708797,4.15692680538327,8.3652825439082,2.64396044511519
"ikb-1",5.65128786324646,5.37789058740532,8.04965663543983,16.6277072215331,4.64737919106011,6.60990111278798
"ile-1",25.4307953846091,10.7557811748106,20.9291072521436,27.0200242349912,5.57685502927214,17.1857428932487
"ile-2",20.7213888319037,13.4447264685133,17.7092445979676,24.9415608322996,22.3074201170885,30.4055451188247
"ima-1",19.7795075213626,26.8894529370266,19.3191759250556,11.431548714804,12.0831858967563,27.7615846737095
"ima-2",24.488914074068,35.8526039160355,33.0035922053033,16.6277072215331,30.6727026609968,22.4736637834791
"ima-3",103.606944159518,131.75831939143,90.1561543169261,86.2562312117028,105.030769717959,103.114457359492
"imb-1",36.733371111102,29.5783982307293,33.0035922053033,22.863097429608,43.6853643959651,33.0495055639399
"imb-2",25.4307953846091,37.6452341118373,29.7837295511274,28.0592559363371,21.3779442788765,47.5912880120735
"imb-3",521.802246039756,555.71536069855,516.787955995237,427.124229253131,376.437714475869,399.238027212394
"xpo-1",120.560807749258,109.350441943908,112.695192896158,109.119328641311,94.8065354976263,128.232081588087
"xpo-2",21.6632701424447,27.7857680349275,28.9787638875834,23.9023291309538,39.037985204905,27.7615846737095
"xpo-3",24.488914074068,7.1705207832071,26.5638668969514,14.5492438188414,18.5895167642405,30.4055451188247
"ina-1",29.1983206267734,26.8894529370266,24.1489699063195,23.9023291309538,26.0253234699366,17.1857428932487
"inf-1",290.099443646651,280.546625642978,310.716746127977,260.8471570378,237.016338744066,268.361985179192
"ins-1",0.941881310541076,2.68894529370266,6.43972530835186,4.15692680538327,5.57685502927214,3.96594066767279
"ins-3",0.941881310541076,0,0.804965663543983,0,4.64737919106011,0
"ins-5",5.65128786324646,12.5484113706124,4.8297939812639,4.15692680538327,5.57685502927214,7.93188133534558
"ins-17",14.1282196581161,4.48157548950443,9.6595879625278,3.11769510403745,3.71790335284809,2.64396044511519
"ins-18",1.88376262108215,3.58526039160355,5.63475964480788,6.2353902080749,8.3652825439082,7.93188133534558
"ins-26",10.3606944159518,4.48157548950443,4.8297939812639,7.27462190942072,0.929475838212023,7.93188133534558
"ins-30",13.1863383475751,15.2373566643151,10.4645536260718,3.11769510403745,9.29475838212023,13.219802225576
"ins-35",0.941881310541076,0.896315097900887,0.804965663543983,0,0,0
"inx-1",12.244457037034,10.7557811748106,5.63475964480788,6.2353902080749,13.0126617349683,3.96594066767279
"inx-3",30.1402019373144,20.6152472517204,10.4645536260718,10.3923170134582,26.9547993081487,15.8637626706912
"inx-5",50.8615907692181,75.2904682236745,52.3227681303589,67.5500605874781,54.8390744545093,72.7089122406678
"inx-6",20.7213888319037,13.4447264685133,20.9291072521436,9.35308531211235,9.29475838212023,6.60990111278798
"inx-7",2.82564393162323,4.48157548950443,4.8297939812639,3.11769510403745,0,1.3219802225576
"inx-10",4.70940655270538,2.68894529370266,17.7092445979676,14.5492438188414,3.71790335284809,6.60990111278798
"inx-11",3.7675252421643,2.68894529370266,0.804965663543983,0,1.85895167642405,1.3219802225576
"inx-12",83.8274366381558,93.2167701816922,82.9114633450302,77.9423776009363,79.934922086234,80.6407935760134
"inx-13",63.1060478062521,64.5346870488639,70.8369783918705,95.6093165238152,80.864397924446,52.8792089023038
"inx-15",24.488914074068,21.5115623496213,26.5638668969514,22.863097429608,20.4484684406645,33.0495055639399
"inx-16",38.6171337321841,30.4747133286302,24.1489699063195,45.726194859216,39.037985204905,35.6934660090551
"inx-17",16.9538635897394,25.9931378391257,20.1241415885996,20.7846340269163,18.5895167642405,18.5077231158063
"inx-18",10.3606944159518,0.896315097900887,3.21986265417593,0,0.929475838212023,0
"inx-20",2.82564393162323,0,3.21986265417593,3.11769510403745,3.71790335284809,1.3219802225576
"ipp-5",9.41881310541076,8.96315097900887,8.04965663543983,0,9.29475838212023,6.60990111278798
"ire-1",11.3025757264929,16.133671762216,22.5390385792315,15.5884755201873,5.57685502927214,10.5758417804608
"gon-14",12.244457037034,18.8226170559186,23.3440042427755,4.15692680538327,8.3652825439082,14.5417824481336
"irk-1",6.59316917378753,4.48157548950443,8.04965663543983,3.11769510403745,1.85895167642405,3.96594066767279
"irk-3",3.7675252421643,1.79263019580177,1.60993132708797,3.11769510403745,0.929475838212023,0
"iars-1",122.44457037034,113.832017433413,118.329952540965,138.217816278994,99.4539146886864,91.2166353564741
"iars-2",66.8735730484164,60.0531115593594,49.102905476183,40.5300363524869,45.5443160723891,72.7089122406678
"isp-1",263.726766951501,371.074450530967,309.911780464433,285.7887178701,286.278558169303,456.083176782371
"ist-1",36.733371111102,17.0299868601169,27.3688325604954,30.1377193390287,28.8137509845727,23.7956440060367
"isw-1",59.3385225640878,30.4747133286302,32.1986265417593,31.1769510403745,44.6148402341771,56.8451495699766
"itr-1",158.236060170901,177.470389384376,209.291072521436,140.296279681685,153.363513304984,166.569508042257
"itx-1",79.1180300854504,95.009400377494,82.1064976814863,80.0208410036279,76.2170187333859,87.2506946888013
"jac-1",48.977828148136,59.1567964614585,57.9575277751668,33.2554144430661,62.2748811602055,60.8110902376494
"jip-1",12.244457037034,22.4078774475222,19.3191759250556,16.6277072215331,20.4484684406645,6.60990111278798
"jkk-1",3.7675252421643,16.133671762216,10.4645536260718,6.2353902080749,3.71790335284809,5.28792089023038
"jnk-1",3.7675252421643,15.2373566643151,12.8794506167037,10.3923170134582,9.29475838212023,30.4055451188247
"jph-1",40.5008963532663,25.9931378391257,45.078077158463,40.5300363524869,25.0958476317246,23.7956440060367
"jtr-1",1.88376262108215,0,1.60993132708797,0,0.929475838212023,0
"kal-1",8.47693179486968,7.1705207832071,2.41489699063195,4.15692680538327,7.43580670569618,6.60990111278798
"kat-1",112.083875954388,132.654634489331,140.064025456653,86.2562312117028,126.408713996835,103.114457359492
"kel-1",4.70940655270538,4.48157548950443,3.21986265417593,2.07846340269163,1.85895167642405,5.28792089023038
"kel-3",8.47693179486968,12.5484113706124,8.85462229898381,13.5100121174956,3.71790335284809,0
"kgb-1",26.3726766951501,25.9931378391257,23.3440042427755,25.9807925336454,36.2495576902689,21.1516835609215
"kin-1",107.374469401683,104.868866454404,94.98594829819,75.8639141982446,105.030769717959,111.046338694838
"kin-2",134.689027407374,177.470389384376,160.188167045253,159.00245030591,133.844520702531,136.163962923432
"kin-3",51.8034720797592,82.4609890068816,71.6419440554145,67.5500605874781,77.1464945715979,56.8451495699766
"kin-4",52.7453533903003,52.8825907761523,66.0071844106066,38.4515729497952,38.1085093666929,75.352872685783
"kin-9",4.70940655270538,7.1705207832071,1.60993132708797,3.11769510403745,2.78842751463607,14.5417824481336
"kin-10",21.6632701424447,23.3041925454231,24.9539355698635,30.1377193390287,27.8842751463607,25.1176242285943
"kin-15",6.59316917378753,3.58526039160355,4.02482831771991,4.15692680538327,2.78842751463607,0
"kin-16",0.941881310541076,7.1705207832071,1.60993132708797,9.35308531211235,8.3652825439082,3.96594066767279
"kin-18",30.1402019373144,29.5783982307293,55.5426307845348,38.4515729497952,31.6021784992088,58.1671297925342
"kin-19",102.665062848977,133.550949587232,131.209403157669,113.276255446694,116.184479776503,125.588121142972
"kin-20",26.3726766951501,22.4078774475222,25.7589012334075,19.7454023255705,36.2495576902689,23.7956440060367
"sid-3",26.3726766951501,36.7489190139364,32.1986265417593,20.7846340269163,27.8842751463607,27.7615846737095
"kin-29",32.0239645583966,28.6820831328284,18.5142102615116,17.6669389228789,33.4611301756328,18.5077231158063
"kin-32",8.47693179486968,5.37789058740532,7.24469097189585,7.27462190942072,4.64737919106011,9.25386155790317
"klc-2",28.2564393162323,28.6820831328284,20.9291072521436,21.8238657282622,16.7305650878164,22.4736637834791
"klp-3",10.3606944159518,8.96315097900887,12.0744849531597,12.4707804161498,2.78842751463607,6.60990111278798
"klp-4",70.6410982905807,41.2304945034408,43.4681458313751,69.6285239901697,51.1211711016613,48.913268234631
"klp-7",23.5470327635269,13.4447264685133,27.3688325604954,23.9023291309538,19.5189926024525,19.8297033383639
"gcc-1",3.7675252421643,3.58526039160355,6.43972530835186,3.11769510403745,0,6.60990111278798
"klp-11",18.8376262108215,19.7189321538195,19.3191759250556,18.7061706242247,24.1663717935126,25.1176242285943
"klp-12",41.4427776638073,20.6152472517204,21.7340729156875,35.3338778457578,42.755888557753,43.6253473444007
"klp-16",1.88376262108215,4.48157548950443,8.04965663543983,4.15692680538327,4.64737919106011,2.64396044511519
"klp-18",8.47693179486968,9.85946607690976,6.43972530835186,5.19615850672908,2.78842751463607,13.219802225576
"klp-19",28.2564393162323,29.5783982307293,37.8333861865672,46.7654265605618,35.3200818520569,26.4396044511519
"klp-20",2.82564393162323,8.96315097900887,0.804965663543983,7.27462190942072,2.78842751463607,0
"knl-1",21.6632701424447,14.3410415664142,15.2943476073357,18.7061706242247,34.3906060138448,21.1516835609215
"kpc-1",47.0940655270538,43.9194397971435,45.078077158463,53.0008167686367,31.6021784992088,30.4055451188247
"kqt-1",2.82564393162323,8.06683588110798,10.4645536260718,2.07846340269163,0.929475838212023,2.64396044511519
"kqt-2",6.59316917378753,1.79263019580177,2.41489699063195,3.11769510403745,1.85895167642405,1.3219802225576
"kqt-3",3.7675252421643,7.1705207832071,4.02482831771991,1.03923170134582,4.64737919106011,0
"kars-1",85.7111992592379,69.0162625383683,72.4469097189585,59.2362069767116,79.934922086234,50.2352484571886
"ksr-1",11.3025757264929,3.58526039160355,7.24469097189585,11.431548714804,2.78842751463607,5.28792089023038
"ksr-2",8.47693179486968,7.1705207832071,3.21986265417593,3.11769510403745,4.64737919106011,1.3219802225576
"kup-1",16.0119822791983,5.37789058740532,8.85462229898381,20.7846340269163,11.1537100585443,6.60990111278798
"kvs-1",1.88376262108215,2.68894529370266,9.6595879625278,1.03923170134582,0.929475838212023,0
"lad-2",13.1863383475751,9.85946607690976,5.63475964480788,9.35308531211235,5.57685502927214,15.8637626706912
"laf-1",47.0940655270538,71.705207832071,70.8369783918705,65.4715971847865,30.6727026609968,64.7770309053222
"lag-1",8.47693179486968,6.27420568530621,5.63475964480788,6.2353902080749,6.50633086748416,0
"lam-1",226.051514529858,186.433540363384,198.826518895364,184.983242839555,198.907829377373,227.380598279907
"lap-1",61.2222851851699,50.1936454824497,60.3724247657987,74.8246824968988,34.3906060138448,51.5572286797462
"lap-2",76.2923861538272,106.661496650206,96.595879625278,71.7069873928614,75.2875428951738,101.792477136935
"lat-1",24.488914074068,24.2005076433239,33.0035922053033,9.35308531211235,19.5189926024525,34.3714857864975
"lat-2",7.53505048432861,4.48157548950443,5.63475964480788,10.3923170134582,9.29475838212023,14.5417824481336
"lbp-1",15.0701009686572,8.96315097900887,8.85462229898381,16.6277072215331,9.29475838212023,11.8978220030184
"lbp-2",32.0239645583966,34.0599737202337,31.3936608782153,24.9415608322996,44.6148402341771,27.7615846737095
"lbp-3",26.3726766951501,26.8894529370266,27.3688325604954,18.7061706242247,14.8716134113924,1.3219802225576
"lbp-4",11.3025757264929,0.896315097900887,0.804965663543983,8.31385361076654,2.78842751463607,3.96594066767279
"lbp-5",12.244457037034,3.58526039160355,6.43972530835186,10.3923170134582,5.57685502927214,0
"lbp-6",77.2342674643682,76.1867833215754,75.6667723731344,89.3739263157403,102.242342203323,80.6407935760134
"lbp-7",6.59316917378753,25.9931378391257,10.4645536260718,16.6277072215331,8.3652825439082,2.64396044511519
"ldb-1",16.9538635897394,17.0299868601169,13.6844162802477,13.5100121174956,13.0126617349683,13.219802225576
"ldh-1",104.548825470059,138.032525076737,123.159746522229,121.590109057461,131.056093187895,116.334259585068
"lea-1",135.630908717915,214.219308398312,189.97189659638,150.688596695143,112.466576423655,155.993666261796
"lec-1",416.311539259156,413.201260132309,429.046698668943,393.868814810065,446.148402341771,383.374264541703
"lec-2",121.502689059799,75.2904682236745,155.358373063989,137.178584577648,125.479238158623,72.7089122406678
"lec-3",110.200113333306,172.988813894871,151.333544746269,121.590109057461,148.716134113924,166.569508042257
"lec-4",38.6171337321841,6.27420568530621,21.7340729156875,14.5492438188414,26.0253234699366,7.93188133534558
"lec-5",97.9556562962719,70.8088927341701,89.3511886533821,62.353902080749,56.6980261309334,58.1671297925342
"lec-6",58.3966412535467,43.0231246992426,57.9575277751668,83.1385361076654,48.3327435870252,51.5572286797462
"lec-7",0,0,0.804965663543983,2.07846340269163,0,0
"lec-8",21.6632701424447,18.8226170559186,20.9291072521436,19.7454023255705,14.8716134113924,26.4396044511519
"lec-9",111.141994643847,264.412953880762,209.291072521436,155.884755201873,131.985569026107,158.637626706912
"lec-10",215.690820113906,311.021338971608,293.00750153001,188.100937943593,203.555208568433,255.142182953616
"lec-11",7.53505048432861,15.2373566643151,12.0744849531597,7.27462190942072,16.7305650878164,7.93188133534558
"lem-2",34.8496084900198,60.9494266572603,49.102905476183,33.2554144430661,37.1790335284809,21.1516835609215
"lem-3",10.3606944159518,6.27420568530621,6.43972530835186,3.11769510403745,9.29475838212023,11.8978220030184
"lep-2",14.1282196581161,14.3410415664142,17.7092445979676,4.15692680538327,9.29475838212023,14.5417824481336
"let-2",474.708180512702,360.318669356157,360.624617267704,458.301180293505,334.611301756328,413.779809660528
"let-4",0,0,0,1.03923170134582,2.78842751463607,1.3219802225576
"let-19",106.432588091142,90.5278248879896,132.014368821213,113.276255446694,97.5949630122624,121.622180475299
"ect-2",16.0119822791983,4.48157548950443,11.2695192896158,8.31385361076654,10.2242342203322,9.25386155790317
"let-23",11.3025757264929,6.27420568530621,4.8297939812639,15.5884755201873,13.9421375731803,9.25386155790317
"let-49",9.41881310541076,8.06683588110798,6.43972530835186,6.2353902080749,9.29475838212023,1.3219802225576
"let-60",8.47693179486968,11.6520962727115,23.3440042427755,9.35308531211235,13.9421375731803,6.60990111278798
"let-70",171.422398518476,255.449802901753,232.635076764211,189.140169644939,216.567870303401,244.566341173155
"myo-1",818.494858860195,701.814721656394,795.306075581455,680.69676438151,643.19728004272,643.804368385549
"let-92",48.977828148136,66.3273172446656,73.2518753825024,63.3931337820948,65.9927845130536,63.4550506827646
"let-268",5.65128786324646,11.6520962727115,13.6844162802477,6.2353902080749,13.9421375731803,10.5758417804608
"let-363",117.735163817635,108.454126846007,120.744849531597,111.197792044002,104.101293879747,111.046338694838
"let-413",27.3145580056912,16.133671762216,17.7092445979676,16.6277072215331,19.5189926024525,22.4736637834791
"let-418",174.248042450099,198.981951733997,148.113682092093,171.47323072206,157.081416657832,153.349705816681
"let-502",28.2564393162323,24.2005076433239,16.9042789344236,33.2554144430661,17.6600409260284,39.6594066767279
"let-504",19.7795075213626,19.7189321538195,30.5886952146714,16.6277072215331,12.0831858967563,19.8297033383639
"let-526",135.630908717915,64.5346870488639,122.354780858685,135.100121174956,101.31286636511,120.300200252741
"let-607",146.933484444408,112.935702335512,101.425673606542,117.433182252077,122.690810643987,153.349705816681
"let-630",31.0820832478555,25.9931378391257,25.7589012334075,38.4515729497952,29.7432268227847,22.4736637834791
"let-653",2.82564393162323,0.896315097900887,4.02482831771991,9.35308531211235,6.50633086748416,5.28792089023038
"let-711",180.841211623887,233.041925454231,187.556999605748,191.21863304763,155.222464981408,232.668519170137
"let-716",178.957449002804,204.359842321402,167.432858017148,119.511645654769,131.056093187895,169.213468487372
"let-721",39.5590150427252,18.8226170559186,33.8085578688473,41.5692680538327,49.2622194252372,19.8297033383639
"let-754",42.3846589743484,26.8894529370266,49.9078711397269,54.0400484699825,60.4159294837815,46.2693077895159
"let-756",34.8496084900198,22.4078774475222,20.9291072521436,31.1769510403745,34.3906060138448,51.5572286797462
"let-765",172.364279829017,123.691483510322,149.723613419181,113.276255446694,115.255003938291,115.012279362511
"let-767",315.53023903126,317.295544656914,318.766402763417,279.553327662025,260.253234699366,318.597233636381
"let-805",1330.87829179454,1618.745066809,1440.88853774373,1583.78911285103,1597.76896588647,2047.74736474172
"let-858",69.6992169800396,56.4678511677559,53.9326994574469,24.9415608322996,26.0253234699366,34.3714857864975
"lev-1",5.65128786324646,6.27420568530621,8.04965663543983,2.07846340269163,0,10.5758417804608
"lev-9",4.70940655270538,8.06683588110798,4.02482831771991,4.15692680538327,3.71790335284809,1.3219802225576
"lev-10",32.0239645583966,26.8894529370266,40.2482831771991,28.0592559363371,37.1790335284809,42.3033671218431
"lev-11",253.366072535549,195.396691342393,221.365557474595,234.866364504155,225.862628685522,174.501389377603
"lfe-2",22.6051514529858,10.7557811748106,26.5638668969514,10.3923170134582,15.8010892496044,9.25386155790317
"lgg-1",135.630908717915,195.396691342393,127.184574839949,205.767876866472,180.318312613132,173.179409155045
"lgg-2",14.1282196581161,13.4447264685133,5.63475964480788,16.6277072215331,24.1663717935126,9.25386155790317
"lgx-1",0,0,0,9.35308531211235,6.50633086748416,2.64396044511519
"lig-1",17.8957449002804,8.06683588110798,4.02482831771991,5.19615850672908,12.0831858967563,6.60990111278798
"lig-4",14.1282196581161,8.96315097900887,7.24469097189585,4.15692680538327,5.57685502927214,9.25386155790317
"lim-4",1.88376262108215,2.68894529370266,2.41489699063195,2.07846340269163,0.929475838212023,2.64396044511519
"lim-7",10.3606944159518,9.85946607690976,0.804965663543983,5.19615850672908,4.64737919106011,10.5758417804608
"lin-1",30.1402019373144,51.9862756782514,25.7589012334075,39.490804651141,44.6148402341771,55.523169347419
"lin-2",21.6632701424447,15.2373566643151,13.6844162802477,13.5100121174956,17.6600409260284,9.25386155790317
"lin-3",0.941881310541076,4.48157548950443,0.804965663543983,5.19615850672908,1.85895167642405,5.28792089023038
"lin-5",16.9538635897394,17.9263019580177,9.6595879625278,16.6277072215331,32.5316543374208,21.1516835609215
"lin-7",1.88376262108215,17.0299868601169,13.6844162802477,7.27462190942072,7.43580670569618,10.5758417804608
"lin-8",8.47693179486968,8.06683588110798,7.24469097189585,1.03923170134582,4.64737919106011,3.96594066767279
"lin-9",31.0820832478555,9.85946607690976,10.4645536260718,21.8238657282622,17.6600409260284,10.5758417804608
"lin-10",9.41881310541076,9.85946607690976,3.21986265417593,21.8238657282622,12.0831858967563,7.93188133534558
"lin-13",87.5949618803201,71.705207832071,68.4220814012386,83.1385361076654,48.3327435870252,66.0990111278798
"lin-14",81.0017927065325,71.705207832071,62.7873217564307,61.3146703794032,73.4285912187498,83.2847540211285
"lin-17",0.941881310541076,16.133671762216,12.0744849531597,8.31385361076654,5.57685502927214,13.219802225576
"lin-18",6.59316917378753,8.06683588110798,4.02482831771991,4.15692680538327,1.85895167642405,6.60990111278798
"lin-23",25.4307953846091,23.3041925454231,16.0993132708797,14.5492438188414,29.7432268227847,29.0835648962671
"lin-24",14.1282196581161,8.96315097900887,11.2695192896158,16.6277072215331,20.4484684406645,19.8297033383639
"lin-25",7.53505048432861,23.3041925454231,13.6844162802477,7.27462190942072,11.1537100585443,15.8637626706912
"lin-26",0.941881310541076,1.79263019580177,4.02482831771991,7.27462190942072,1.85895167642405,7.93188133534558
"lin-28",37.675252421643,34.9562888181346,41.0532488407431,25.9807925336454,39.967461043117,35.6934660090551
"lin-33",12.244457037034,11.6520962727115,12.8794506167037,11.431548714804,15.8010892496044,10.5758417804608
"lin-35",16.0119822791983,20.6152472517204,19.3191759250556,28.0592559363371,25.0958476317246,15.8637626706912
"lin-36",32.0239645583966,19.7189321538195,33.8085578688473,29.0984876376829,32.5316543374208,21.1516835609215
"lin-37",16.0119822791983,10.7557811748106,1.60993132708797,3.11769510403745,8.3652825439082,7.93188133534558
"lin-39",7.53505048432861,3.58526039160355,7.24469097189585,7.27462190942072,7.43580670569618,2.64396044511519
"lin-40",58.3966412535467,60.9494266572603,57.9575277751668,58.1969752753658,62.2748811602055,55.523169347419
"lin-41",123.386451680881,107.557811748106,80.4965663543983,77.9423776009363,79.934922086234,83.2847540211285
"lin-45",20.7213888319037,28.6820831328284,26.5638668969514,19.7454023255705,26.9547993081487,29.0835648962671
"lin-49",23.5470327635269,27.7857680349275,24.9539355698635,19.7454023255705,28.8137509845727,21.1516835609215
"lin-53",33.9077271794787,26.8894529370266,32.1986265417593,33.2554144430661,32.5316543374208,50.2352484571886
"lin-54",1.88376262108215,8.06683588110798,0.804965663543983,9.35308531211235,0.929475838212023,6.60990111278798
"lin-56",2.82564393162323,5.37789058740532,0,0,0,0
"lin-59",85.7111992592379,61.8457417551612,66.8121500741506,94.5700848224694,61.3454053219935,66.0990111278798
"lin-61",6.59316917378753,1.79263019580177,4.8297939812639,3.11769510403745,2.78842751463607,6.60990111278798
"lip-1",19.7795075213626,26.8894529370266,22.5390385792315,14.5492438188414,26.0253234699366,33.0495055639399
"lir-1",2.82564393162323,5.37789058740532,2.41489699063195,0,9.29475838212023,1.3219802225576
"lir-2",5.65128786324646,2.68894529370266,6.43972530835186,8.31385361076654,0.929475838212023,1.3219802225576
"lis-1",29.1983206267734,23.3041925454231,62.7873217564307,42.6084997551785,53.9095986162973,34.3714857864975
"lit-1",21.6632701424447,39.437864307639,29.7837295511274,37.4123412484494,48.3327435870252,44.9473275669583
"lmn-1",151.642890997113,70.8088927341701,92.571051307558,78.9816093022821,72.4991153805378,77.9968331308982
"lmp-1",89.4787245014022,105.765181552305,94.180982634646,90.4131580170861,77.1464945715979,75.352872685783
"lon-1",8.47693179486968,15.2373566643151,12.0744849531597,22.863097429608,14.8716134113924,38.3374264541703
"lon-2",3.7675252421643,3.58526039160355,0,3.11769510403745,6.50633086748416,2.64396044511519
"lon-3",0.941881310541076,0,1.60993132708797,6.2353902080749,6.50633086748416,0
"lpd-2",9.41881310541076,3.58526039160355,7.24469097189585,1.03923170134582,8.3652825439082,6.60990111278798
"lpd-3",135.630908717915,123.691483510322,141.673956783741,116.393950550732,113.396052261867,158.637626706912
"lpd-5",52.7453533903003,37.6452341118373,29.7837295511274,51.9615850672908,54.8390744545093,37.0154462316127
"lpd-6",105.490706780601,72.6015229299718,80.4965663543983,48.8438899632534,37.1790335284809,33.0495055639399
"lpd-7",215.690820113906,182.848279971781,207.681141194348,171.47323072206,153.363513304984,154.671686039239
"lpd-8",17.8957449002804,13.4447264685133,15.2943476073357,12.4707804161498,20.4484684406645,19.8297033383639
"lpd-9",24.488914074068,25.9931378391257,25.7589012334075,41.5692680538327,26.9547993081487,30.4055451188247
"lpl-1",15.0701009686572,17.0299868601169,6.43972530835186,18.7061706242247,11.1537100585443,5.28792089023038
"lrk-1",49.919709458677,47.504700188747,37.8333861865672,36.3731095471036,28.8137509845727,54.2011891248614
"lrp-1",218.51646404553,151.47725154525,188.361965269292,326.318754222587,261.182710537578,349.002778755205
"lrp-2",135.630908717915,80.6683588110798,85.3263603356622,141.335511383031,96.6654871740504,136.163962923432
"lars-1",193.085668660921,222.28614427942,212.510935175612,201.610950061089,153.363513304984,231.346538947579
"lars-2",44.2684215954306,28.6820831328284,24.1489699063195,40.5300363524869,27.8842751463607,21.1516835609215
"lsm-1",0,3.58526039160355,3.21986265417593,1.03923170134582,2.78842751463607,0
"lsm-3",8.47693179486968,8.06683588110798,5.63475964480788,10.3923170134582,4.64737919106011,9.25386155790317
"lsm-4",2.82564393162323,13.4447264685133,3.21986265417593,4.15692680538327,12.0831858967563,5.28792089023038
"lsm-5",15.0701009686572,9.85946607690976,3.21986265417593,6.2353902080749,11.1537100585443,5.28792089023038
"lsm-6",0,0.896315097900887,0,2.07846340269163,1.85895167642405,1.3219802225576
"lsm-7",10.3606944159518,7.1705207832071,8.85462229898381,9.35308531211235,10.2242342203322,9.25386155790317
"lsm-8",2.82564393162323,1.79263019580177,8.04965663543983,5.19615850672908,6.50633086748416,1.3219802225576
"lst-2",28.2564393162323,37.6452341118373,18.5142102615116,22.863097429608,39.967461043117,40.9813868992855
"ccar-1",125.270214301963,181.95196487388,113.500158559702,148.610133292452,160.79932001068,174.501389377603
"lst-4",32.0239645583966,26.8894529370266,28.1737982240394,30.1377193390287,34.3906060138448,18.5077231158063
"lsy-2",12.244457037034,4.48157548950443,7.24469097189585,4.15692680538327,3.71790335284809,14.5417824481336
"ltd-1",18.8376262108215,18.8226170559186,15.2943476073357,18.7061706242247,6.50633086748416,17.1857428932487
"lys-1",210.03953225066,207.945102713006,197.216587568276,156.923986903218,175.670933422072,171.857428932487
"lys-2",87.5949618803201,112.935702335512,115.915055550334,46.7654265605618,50.1916952634492,58.1671297925342
"lys-3",0,1.79263019580177,2.41489699063195,0,0,0
"lys-4",10.3606944159518,10.7557811748106,8.04965663543983,42.6084997551785,32.5316543374208,22.4736637834791
"lys-7",0,4.48157548950443,5.63475964480788,15.5884755201873,8.3652825439082,7.93188133534558
"lys-8",54.6291160113824,47.504700188747,43.4681458313751,47.8046582619076,48.3327435870252,27.7615846737095
"mab-5",0.941881310541076,0,0,1.03923170134582,2.78842751463607,0
"mab-20",27.3145580056912,16.133671762216,11.2695192896158,31.1769510403745,11.1537100585443,14.5417824481336
"mab-21",6.59316917378753,1.79263019580177,7.24469097189585,2.07846340269163,0.929475838212023,2.64396044511519
"mac-1",79.1180300854504,77.0830984194763,71.6419440554145,59.2362069767116,32.5316543374208,44.9473275669583
"mag-1",23.5470327635269,17.9263019580177,24.1489699063195,14.5492438188414,16.7305650878164,15.8637626706912
"map-1",7.53505048432861,14.3410415664142,18.5142102615116,12.4707804161498,7.43580670569618,15.8637626706912
"map-2",45.2103029059717,39.437864307639,41.8582145042871,27.0200242349912,28.8137509845727,29.0835648962671
"mat-1",18.8376262108215,31.371028426531,16.9042789344236,18.7061706242247,14.8716134113924,23.7956440060367
"mat-2",31.0820832478555,38.5415492097381,23.3440042427755,31.1769510403745,31.6021784992088,40.9813868992855
"mat-3",16.0119822791983,12.5484113706124,16.9042789344236,18.7061706242247,13.9421375731803,25.1176242285943
"mau-2",5.65128786324646,4.48157548950443,5.63475964480788,3.11769510403745,1.85895167642405,0
"mau-8",4.70940655270538,3.58526039160355,2.41489699063195,2.07846340269163,1.85895167642405,1.3219802225576
"max-1",9.41881310541076,17.9263019580177,18.5142102615116,16.6277072215331,12.0831858967563,17.1857428932487
"max-2",45.2103029059717,57.3641662656568,30.5886952146714,20.7846340269163,23.2368959553006,44.9473275669583
"mbf-1",24.488914074068,17.9263019580177,21.7340729156875,28.0592559363371,42.755888557753,13.219802225576
"mbk-1",32.0239645583966,59.1567964614585,33.8085578688473,45.726194859216,38.1085093666929,43.6253473444007
"mbk-2",52.7453533903003,48.4010152866479,29.7837295511274,43.6477314565243,26.0253234699366,17.1857428932487
"mca-1",161.061704102524,157.751457230556,132.819334484757,120.550877356115,177.529885098496,162.603567374584
"mca-3",535.930465697872,363.90392974776,478.95456980867,441.673473071972,367.142956093749,462.693077895159
"mcm-2",21.6632701424447,43.9194397971435,34.6135235323913,41.5692680538327,41.826412719541,71.3869320181102
"mcm-3",33.9077271794787,41.2304945034408,45.883042822007,36.3731095471036,50.1916952634492,52.8792089023038
"mcm-4",32.9658458689377,40.3341794055399,44.2731114949191,39.490804651141,32.5316543374208,37.0154462316127
"mcm-5",18.8376262108215,28.6820831328284,28.9787638875834,21.8238657282622,27.8842751463607,31.7275253413823
"mcm-6",31.0820832478555,42.1268096013417,27.3688325604954,37.4123412484494,31.6021784992088,37.0154462316127
"mcm-7",29.1983206267734,17.9263019580177,10.4645536260718,16.6277072215331,33.4611301756328,33.0495055639399
"mdf-1",17.8957449002804,13.4447264685133,15.2943476073357,2.07846340269163,5.57685502927214,7.93188133534558
"mdf-2",4.70940655270538,2.68894529370266,7.24469097189585,8.31385361076654,9.29475838212023,13.219802225576
"mdh-2",264.668648262042,425.749671502921,337.280613024929,320.083364014512,342.047108462024,388.662185431933
"mdl-1",172.364279829017,293.991352111491,252.759218352811,175.630157527443,231.439483714794,265.718024734077
"mdt-6",4.70940655270538,0.896315097900887,2.41489699063195,2.07846340269163,2.78842751463607,5.28792089023038
"mec-1",26.3726766951501,43.0231246992426,28.1737982240394,38.4515729497952,30.6727026609968,29.0835648962671
"mec-2",15.0701009686572,21.5115623496213,10.4645536260718,15.5884755201873,9.29475838212023,18.5077231158063
"mec-4",2.82564393162323,1.79263019580177,4.8297939812639,4.15692680538327,1.85895167642405,2.64396044511519
"mec-5",3.7675252421643,8.96315097900887,16.9042789344236,8.31385361076654,7.43580670569618,2.64396044511519
"mec-6",4.70940655270538,0,1.60993132708797,1.03923170134582,0,1.3219802225576
"mec-7",61.2222851851699,67.2236323425665,36.2234548594792,64.4323654834406,60.4159294837815,66.0990111278798
"mec-8",12.244457037034,23.3041925454231,19.3191759250556,11.431548714804,11.1537100585443,17.1857428932487
"mec-9",2.82564393162323,5.37789058740532,4.8297939812639,2.07846340269163,2.78842751463607,2.64396044511519
"mec-10",0,0.896315097900887,0,6.2353902080749,1.85895167642405,0
"mec-12",39.5590150427252,42.1268096013417,36.2234548594792,68.5892922888239,59.4864536455695,50.2352484571886
"mec-17",33.9077271794787,64.5346870488639,47.492974149095,42.6084997551785,44.6148402341771,42.3033671218431
"mec-18",11.3025757264929,9.85946607690976,0,16.6277072215331,6.50633086748416,3.96594066767279
"mef-2",79.1180300854504,93.2167701816922,89.3511886533821,83.1385361076654,103.171818041535,112.368318917396
"mei-1",10.3606944159518,20.6152472517204,10.4645536260718,8.31385361076654,9.29475838212023,3.96594066767279
"mek-1",12.244457037034,14.3410415664142,12.0744849531597,8.31385361076654,11.1537100585443,7.93188133534558
"mek-2",21.6632701424447,12.5484113706124,9.6595879625278,27.0200242349912,13.9421375731803,13.219802225576
"mel-11",62.164166495711,40.3341794055399,33.0035922053033,25.9807925336454,22.3074201170885,48.913268234631
"mel-26",11.3025757264929,8.06683588110798,11.2695192896158,14.5492438188414,5.57685502927214,0
"mel-28",81.0017927065325,64.5346870488639,49.9078711397269,37.4123412484494,58.5569778073574,42.3033671218431
"mel-32",72.5248609116629,90.5278248879896,94.180982634646,97.6877799265068,112.466576423655,137.48594314599
"mep-1",63.1060478062521,41.2304945034408,54.7376651209908,61.3146703794032,54.8390744545093,66.0990111278798
"mes-2",15.0701009686572,8.96315097900887,20.9291072521436,13.5100121174956,23.2368959553006,11.8978220030184
"mes-3",16.9538635897394,8.96315097900887,10.4645536260718,18.7061706242247,23.2368959553006,30.4055451188247
"mes-4",2.82564393162323,15.2373566643151,7.24469097189585,24.9415608322996,16.7305650878164,23.7956440060367
"mes-6",6.59316917378753,3.58526039160355,2.41489699063195,13.5100121174956,5.57685502927214,2.64396044511519
"mev-1",28.2564393162323,30.4747133286302,31.3936608782153,20.7846340269163,12.0831858967563,33.0495055639399
"mex-3",12.244457037034,7.1705207832071,8.85462229898381,10.3923170134582,1.85895167642405,11.8978220030184
"mgl-1",0.941881310541076,0.896315097900887,5.63475964480788,0,0,5.28792089023038
"mgl-2",21.6632701424447,5.37789058740532,13.6844162802477,18.7061706242247,9.29475838212023,6.60990111278798
"mif-1",0.941881310541076,5.37789058740532,0.804965663543983,1.03923170134582,3.71790335284809,2.64396044511519
"mif-2",20.7213888319037,22.4078774475222,12.8794506167037,17.6669389228789,20.4484684406645,6.60990111278798
"mif-3",0.941881310541076,6.27420568530621,4.02482831771991,3.11769510403745,1.85895167642405,5.28792089023038
"mif-4",0,0,0,0,0,1.3219802225576
"mig-1",15.0701009686572,17.9263019580177,24.9539355698635,14.5492438188414,18.5895167642405,21.1516835609215
"mig-2",0.941881310541076,0.896315097900887,0.804965663543983,2.07846340269163,2.78842751463607,3.96594066767279
"mig-5",7.53505048432861,9.85946607690976,7.24469097189585,17.6669389228789,13.9421375731803,7.93188133534558
"mig-6",612.222851851699,666.85843283826,585.210037396476,585.087447857695,552.108647897942,683.463775062277
"mig-10",43.3265402848895,40.3341794055399,52.3227681303589,25.9807925336454,38.1085093666929,52.8792089023038
"mig-14",4.70940655270538,16.133671762216,10.4645536260718,24.9415608322996,8.3652825439082,10.5758417804608
"mig-15",39.5590150427252,50.1936454824497,42.6631801678311,62.353902080749,48.3327435870252,70.0649517955526
"mig-18",0,0,0,5.19615850672908,0,0
"mig-22",22.6051514529858,10.7557811748106,15.2943476073357,37.4123412484494,17.6600409260284,22.4736637834791
"mig-23",7.53505048432861,0.896315097900887,8.04965663543983,5.19615850672908,4.64737919106011,2.64396044511519
"cogc-1",25.4307953846091,28.6820831328284,16.9042789344236,19.7454023255705,22.3074201170885,26.4396044511519
"mix-1",58.3966412535467,29.5783982307293,42.6631801678311,46.7654265605618,48.3327435870252,40.9813868992855
"mkk-4",7.53505048432861,4.48157548950443,1.60993132708797,9.35308531211235,4.64737919106011,10.5758417804608
"mlc-1",161.061704102524,121.898853314521,179.507342970308,168.355535618022,174.74145758386,141.451883813663
"mlc-2",293.866968888816,259.931378391257,274.493291268498,290.984876376829,276.983799787183,240.600400505482
"mlc-3",218.51646404553,251.864542510149,247.124458708003,240.062523010884,199.837305215585,198.297033383639
"mlc-4",13.1863383475751,9.85946607690976,11.2695192896158,6.2353902080749,16.7305650878164,9.25386155790317
"mlh-1",5.65128786324646,2.68894529370266,1.60993132708797,5.19615850672908,6.50633086748416,5.28792089023038
"mlk-1",30.1402019373144,23.3041925454231,20.1241415885996,27.0200242349912,25.0958476317246,23.7956440060367
"mlp-1",4.70940655270538,3.58526039160355,2.41489699063195,0,4.64737919106011,0
"mls-2",0.941881310541076,5.37789058740532,1.60993132708797,5.19615850672908,0,0
"mml-1",62.164166495711,73.4978380278727,53.9326994574469,54.0400484699825,61.3454053219935,84.6067342436861
"moc-1",1.88376262108215,2.68894529370266,0,1.03923170134582,0,1.3219802225576
"moc-2",1.88376262108215,0.896315097900887,0.804965663543983,4.15692680538327,1.85895167642405,0
"mod-1",0.941881310541076,0,3.21986265417593,3.11769510403745,0.929475838212023,1.3219802225576
"mod-5",0,1.79263019580177,1.60993132708797,5.19615850672908,1.85895167642405,2.64396044511519
"moe-3",5.65128786324646,5.37789058740532,5.63475964480788,20.7846340269163,15.8010892496044,23.7956440060367
"mog-1",54.6291160113824,40.3341794055399,44.2731114949191,76.9031458995905,56.6980261309334,52.8792089023038
"mog-2",17.8957449002804,3.58526039160355,32.1986265417593,21.8238657282622,13.9421375731803,17.1857428932487
"mog-3",13.1863383475751,8.96315097900887,12.0744849531597,15.5884755201873,21.3779442788765,15.8637626706912
"mog-4",26.3726766951501,20.6152472517204,25.7589012334075,19.7454023255705,17.6600409260284,15.8637626706912
"mog-5",60.2804038746289,103.972551356503,56.3475964480788,59.2362069767116,41.826412719541,33.0495055639399
"mom-4",5.65128786324646,7.1705207832071,4.8297939812639,9.35308531211235,8.3652825439082,1.3219802225576
"mom-5",5.65128786324646,31.371028426531,13.6844162802477,16.6277072215331,8.3652825439082,19.8297033383639
"dapk-1",42.3846589743484,78.875728615278,68.4220814012386,54.0400484699825,63.2043569984175,59.4891100150918
"mpk-1",16.9538635897394,17.0299868601169,22.5390385792315,9.35308531211235,8.3652825439082,18.5077231158063
"mpk-2",1.88376262108215,3.58526039160355,7.24469097189585,2.07846340269163,3.71790335284809,1.3219802225576
"mpz-1",112.083875954388,114.728332531314,113.500158559702,104.962401835928,96.6654871740504,126.910101365529
"mre-11",5.65128786324646,10.7557811748106,9.6595879625278,11.431548714804,3.71790335284809,10.5758417804608
"mrg-1",15.0701009686572,6.27420568530621,26.5638668969514,10.3923170134582,14.8716134113924,13.219802225576
"mrp-1",113.96763857547,91.4241399858905,103.03560493363,83.1385361076654,105.960245556171,138.807923368548
"mrp-2",142.224077891702,129.965689195629,111.890227232614,32.2161827417203,57.6275019691454,47.5912880120735
"mrp-3",31.0820832478555,34.0599737202337,20.9291072521436,14.5492438188414,24.1663717935126,10.5758417804608
"mrp-4",80.0599113959915,92.3204550837914,78.8866350273103,80.0208410036279,67.8517361894777,83.2847540211285
"mrp-5",109.258232022765,107.557811748106,133.624300148301,97.6877799265068,129.197141511471,124.266140920414
"mrp-6",16.0119822791983,18.8226170559186,20.1241415885996,6.2353902080749,9.29475838212023,1.3219802225576
"mrp-7",69.6992169800396,43.0231246992426,47.492974149095,30.1377193390287,28.8137509845727,43.6253473444007
"mrp-8",31.0820832478555,33.1636586223328,25.7589012334075,19.7454023255705,32.5316543374208,29.0835648962671
"mars-1",50.8615907692181,45.7120699929452,67.6171157376946,56.1185118726741,52.9801227780853,56.8451495699766
"mrt-2",4.70940655270538,7.1705207832071,4.02482831771991,2.07846340269163,7.43580670569618,3.96594066767279
"msh-2",10.3606944159518,11.6520962727115,3.21986265417593,5.19615850672908,17.6600409260284,5.28792089023038
"msh-6",24.488914074068,21.5115623496213,9.6595879625278,12.4707804161498,11.1537100585443,15.8637626706912
"msi-1",24.488914074068,34.0599737202337,29.7837295511274,19.7454023255705,14.8716134113924,14.5417824481336
"mtd-1",0,2.68894529370266,1.60993132708797,1.03923170134582,0.929475838212023,3.96594066767279
"mtk-1",58.3966412535467,36.7489190139364,45.078077158463,73.785450795553,55.7685502927214,74.0308924632254
"mtl-1",0,0,0,0,0,0
"mtl-2",3.7675252421643,5.37789058740532,4.8297939812639,0,0,0
"mtm-1",3.7675252421643,1.79263019580177,6.43972530835186,7.27462190942072,14.8716134113924,2.64396044511519
"mtm-3",122.44457037034,104.868866454404,99.0107766159099,134.06088947361,125.479238158623,145.417824481336
"mtm-5",18.8376262108215,12.5484113706124,12.8794506167037,28.0592559363371,26.9547993081487,35.6934660090551
"mtm-6",16.0119822791983,12.5484113706124,10.4645536260718,21.8238657282622,21.3779442788765,17.1857428932487
"mtm-9",8.47693179486968,25.9931378391257,10.4645536260718,6.2353902080749,11.1537100585443,6.60990111278798
"klf-3",1.88376262108215,4.48157548950443,7.24469097189585,1.03923170134582,3.71790335284809,10.5758417804608
"mua-3",32.9658458689377,33.1636586223328,16.9042789344236,63.3931337820948,70.6401637041137,71.3869320181102
"mua-6",77.2342674643682,69.0162625383683,57.9575277751668,134.06088947361,133.844520702531,149.383765149008
"mup-2",437.9748094016,337.910791908634,312.326677455065,361.652632068344,356.918721873417,321.241194081496
"mup-4",225.109633219317,255.449802901753,254.369149679899,278.514095960679,329.034446727056,352.968719422878
"mut-7",3.7675252421643,4.48157548950443,9.6595879625278,7.27462190942072,1.85895167642405,5.28792089023038
"mut-14",2.82564393162323,5.37789058740532,6.43972530835186,0,0.929475838212023,0
"mut-16",20.7213888319037,35.8526039160355,20.1241415885996,23.9023291309538,26.0253234699366,35.6934660090551
"mxl-1",0.941881310541076,2.68894529370266,1.60993132708797,1.03923170134582,4.64737919106011,0
"mxl-2",8.47693179486968,6.27420568530621,3.21986265417593,7.27462190942072,7.43580670569618,1.3219802225576
"mxl-3",59.3385225640878,87.8388795942869,73.2518753825024,45.726194859216,65.9927845130536,77.9968331308982
"myo-2",655.549392136589,632.798459118026,659.266878442522,576.773594246928,593.935060617483,667.600012391586
"myo-3",652.723748204966,707.1926122438,614.993766947603,631.852874418257,590.217157264634,616.04278371184
"nab-1",31.0820832478555,25.9931378391257,28.1737982240394,19.7454023255705,24.1663717935126,30.4055451188247
"nac-1",9.41881310541076,15.2373566643151,18.5142102615116,34.294646144412,48.3327435870252,25.1176242285943
"nac-2",3.7675252421643,5.37789058740532,4.02482831771991,10.3923170134582,13.0126617349683,17.1857428932487
"nac-3",23.5470327635269,42.1268096013417,41.0532488407431,32.2161827417203,21.3779442788765,22.4736637834791
"nas-9",4.70940655270538,0.896315097900887,5.63475964480788,12.4707804161498,7.43580670569618,0
"nas-11",7.53505048432861,7.1705207832071,13.6844162802477,14.5492438188414,10.2242342203322,6.60990111278798
"nas-25",1.88376262108215,6.27420568530621,0,2.07846340269163,0,2.64396044511519
"nas-31",6.59316917378753,2.68894529370266,6.43972530835186,5.19615850672908,6.50633086748416,0
"nas-32",1.88376262108215,5.37789058740532,4.02482831771991,7.27462190942072,1.85895167642405,6.60990111278798
"nas-37",0.941881310541076,0,0,3.11769510403745,3.71790335284809,1.3219802225576
"nas-39",5.65128786324646,11.6520962727115,6.43972530835186,2.07846340269163,7.43580670569618,3.96594066767279
"nca-2",11.3025757264929,9.85946607690976,13.6844162802477,4.15692680538327,9.29475838212023,10.5758417804608
"ncl-1",163.887348034147,129.965689195629,119.939883868053,152.767060097835,131.985569026107,166.569508042257
"ncr-1",46.1521842165127,31.371028426531,22.5390385792315,34.294646144412,16.7305650878164,27.7615846737095
"ncs-2",45.2103029059717,43.9194397971435,28.9787638875834,64.4323654834406,34.3906060138448,33.0495055639399
"ncs-3",0.941881310541076,0,2.41489699063195,4.15692680538327,0.929475838212023,0
"ncx-1",49.919709458677,43.9194397971435,53.1277337939029,65.4715971847865,61.3454053219935,55.523169347419
"ncx-2",407.834607464286,307.436078580004,401.677866108448,355.417241860269,373.649286961233,288.191688517556
"ncx-3",24.488914074068,17.9263019580177,31.3936608782153,37.4123412484494,28.8137509845727,59.4891100150918
"ncx-4",14.1282196581161,8.06683588110798,16.9042789344236,22.863097429608,5.57685502927214,7.93188133534558
"ncx-6",0,0.896315097900887,1.60993132708797,2.07846340269163,5.57685502927214,5.28792089023038
"ncx-7",2.82564393162323,8.06683588110798,1.60993132708797,7.27462190942072,3.71790335284809,2.64396044511519
"ncx-8",3.7675252421643,0.896315097900887,0,2.07846340269163,1.85895167642405,3.96594066767279
"ndc-80",12.244457037034,7.1705207832071,4.8297939812639,8.31385361076654,18.5895167642405,2.64396044511519
"ndg-4",5.65128786324646,11.6520962727115,4.8297939812639,8.31385361076654,7.43580670569618,13.219802225576
"ndx-1",2.82564393162323,1.79263019580177,6.43972530835186,2.07846340269163,3.71790335284809,0
"ndx-2",1.88376262108215,6.27420568530621,8.85462229898381,3.11769510403745,4.64737919106011,2.64396044511519
"ndx-3",3.7675252421643,6.27420568530621,4.02482831771991,3.11769510403745,0.929475838212023,6.60990111278798
"ndx-4",0.941881310541076,0,3.21986265417593,1.03923170134582,1.85895167642405,3.96594066767279
"dcap-2",14.1282196581161,22.4078774475222,26.5638668969514,18.7061706242247,17.6600409260284,19.8297033383639
"ndx-6",0,7.1705207832071,3.21986265417593,6.2353902080749,0.929475838212023,0
"ndx-7",6.59316917378753,1.79263019580177,10.4645536260718,5.19615850672908,4.64737919106011,6.60990111278798
"ndx-9",8.47693179486968,4.48157548950443,8.04965663543983,3.11769510403745,4.64737919106011,0
"ned-8",3.7675252421643,0.896315097900887,2.41489699063195,4.15692680538327,8.3652825439082,3.96594066767279
"nex-1",39.5590150427252,48.4010152866479,43.4681458313751,55.0792801713283,45.5443160723891,39.6594066767279
"nex-2",26.3726766951501,12.5484113706124,18.5142102615116,14.5492438188414,29.7432268227847,27.7615846737095
"nex-3",2.82564393162323,3.58526039160355,0.804965663543983,4.15692680538327,6.50633086748416,2.64396044511519
"nex-4",16.9538635897394,18.8226170559186,10.4645536260718,10.3923170134582,3.71790335284809,14.5417824481336
"nfi-1",10.3606944159518,6.27420568530621,20.1241415885996,20.7846340269163,24.1663717935126,18.5077231158063
"nfm-1",20.7213888319037,13.4447264685133,17.7092445979676,30.1377193390287,13.9421375731803,11.8978220030184
"nft-1",6.59316917378753,12.5484113706124,13.6844162802477,16.6277072215331,11.1537100585443,9.25386155790317
"ngp-1",182.724974244969,134.447264685133,113.500158559702,147.570901591106,118.043431452927,113.690299139953
"nhl-1",9.41881310541076,23.3041925454231,24.9539355698635,10.3923170134582,13.0126617349683,26.4396044511519
"nhl-2",57.4547599430056,57.3641662656568,33.0035922053033,84.1777678090112,46.4737919106011,95.1825760241469
"nhl-3",22.6051514529858,13.4447264685133,11.2695192896158,23.9023291309538,21.3779442788765,26.4396044511519
"nhr-1",55.5709973219235,60.0531115593594,42.6631801678311,43.6477314565243,44.6148402341771,13.219802225576
"nhr-3",16.0119822791983,33.1636586223328,30.5886952146714,28.0592559363371,16.7305650878164,34.3714857864975
"nhr-4",10.3606944159518,7.1705207832071,5.63475964480788,4.15692680538327,0.929475838212023,2.64396044511519
"nhr-5",6.59316917378753,3.58526039160355,3.21986265417593,4.15692680538327,1.85895167642405,3.96594066767279
"nhr-6",23.5470327635269,34.9562888181346,15.2943476073357,34.294646144412,38.1085093666929,25.1176242285943
"nhr-7",28.2564393162323,17.9263019580177,33.0035922053033,27.0200242349912,22.3074201170885,44.9473275669583
"nhr-8",12.244457037034,8.96315097900887,8.85462229898381,12.4707804161498,7.43580670569618,7.93188133534558
"nhr-10",12.244457037034,17.9263019580177,17.7092445979676,12.4707804161498,16.7305650878164,13.219802225576
"nhr-11",3.7675252421643,7.1705207832071,3.21986265417593,6.2353902080749,11.1537100585443,1.3219802225576
"nhr-13",0.941881310541076,0.896315097900887,3.21986265417593,6.2353902080749,0,7.93188133534558
"nhr-14",0.941881310541076,6.27420568530621,8.04965663543983,7.27462190942072,9.29475838212023,5.28792089023038
"nhr-17",35.7914898005609,52.8825907761523,31.3936608782153,38.4515729497952,43.6853643959651,17.1857428932487
"nhr-19",31.0820832478555,37.6452341118373,41.0532488407431,18.7061706242247,25.0958476317246,25.1176242285943
"nhr-20",4.70940655270538,10.7557811748106,8.85462229898381,1.03923170134582,6.50633086748416,1.3219802225576
"nhr-21",78.1761487749093,123.691483510322,74.8618067095904,64.4323654834406,48.3327435870252,96.5045562467045
"nhr-22",17.8957449002804,25.0968227412248,16.9042789344236,11.431548714804,9.29475838212023,14.5417824481336
"nhr-23",4.70940655270538,4.48157548950443,2.41489699063195,1.03923170134582,1.85895167642405,6.60990111278798
"nhr-25",26.3726766951501,67.2236323425665,60.3724247657987,28.0592559363371,32.5316543374208,75.352872685783
"nhr-28",10.3606944159518,17.9263019580177,12.0744849531597,8.31385361076654,13.9421375731803,5.28792089023038
"nhr-31",34.8496084900198,35.8526039160355,29.7837295511274,27.0200242349912,26.0253234699366,13.219802225576
"nhr-32",0.941881310541076,6.27420568530621,7.24469097189585,7.27462190942072,5.57685502927214,1.3219802225576
"nhr-34",32.9658458689377,25.0968227412248,47.492974149095,13.5100121174956,45.5443160723891,27.7615846737095
"nhr-35",14.1282196581161,25.9931378391257,23.3440042427755,9.35308531211235,25.0958476317246,25.1176242285943
"nhr-40",18.8376262108215,16.133671762216,9.6595879625278,23.9023291309538,16.7305650878164,27.7615846737095
"nhr-42",10.3606944159518,2.68894529370266,6.43972530835186,5.19615850672908,7.43580670569618,2.64396044511519
"nhr-43",6.59316917378753,6.27420568530621,2.41489699063195,11.431548714804,6.50633086748416,10.5758417804608
"nhr-44",9.41881310541076,5.37789058740532,5.63475964480788,6.2353902080749,9.29475838212023,14.5417824481336
"nhr-45",16.0119822791983,11.6520962727115,20.9291072521436,12.4707804161498,14.8716134113924,22.4736637834791
"nhr-46",42.3846589743484,56.4678511677559,33.0035922053033,37.4123412484494,41.826412719541,59.4891100150918
"nhr-47",6.59316917378753,8.96315097900887,12.8794506167037,8.31385361076654,1.85895167642405,9.25386155790317
"nhr-48",45.2103029059717,64.5346870488639,54.7376651209908,48.8438899632534,65.0633086748416,59.4891100150918
"nhr-49",32.0239645583966,37.6452341118373,43.4681458313751,48.8438899632534,39.037985204905,40.9813868992855
"nhr-50",4.70940655270538,1.79263019580177,2.41489699063195,2.07846340269163,0.929475838212023,5.28792089023038
"nhr-53",2.82564393162323,0.896315097900887,1.60993132708797,7.27462190942072,1.85895167642405,0
"nhr-55",3.7675252421643,0.896315097900887,2.41489699063195,2.07846340269163,3.71790335284809,2.64396044511519
"nhr-56",5.65128786324646,3.58526039160355,5.63475964480788,3.11769510403745,0,2.64396044511519
"nhr-57",0,13.4447264685133,6.43972530835186,0,2.78842751463607,6.60990111278798
"nhr-59",0.941881310541076,0.896315097900887,4.02482831771991,4.15692680538327,3.71790335284809,0
"nhr-60",14.1282196581161,7.1705207832071,4.02482831771991,0,2.78842751463607,10.5758417804608
"nhr-61",13.1863383475751,13.4447264685133,6.43972530835186,6.2353902080749,19.5189926024525,18.5077231158063
"nhr-62",5.65128786324646,1.79263019580177,4.8297939812639,0,2.78842751463607,2.64396044511519
"nhr-63",0.941881310541076,0,0.804965663543983,2.07846340269163,1.85895167642405,1.3219802225576
"nhr-64",5.65128786324646,8.96315097900887,6.43972530835186,12.4707804161498,3.71790335284809,9.25386155790317
"nhr-65",3.7675252421643,0.896315097900887,7.24469097189585,5.19615850672908,3.71790335284809,0
"nhr-66",21.6632701424447,10.7557811748106,17.7092445979676,8.31385361076654,21.3779442788765,13.219802225576
"nhr-68",10.3606944159518,23.3041925454231,20.1241415885996,17.6669389228789,13.9421375731803,11.8978220030184
"nhr-69",7.53505048432861,1.79263019580177,5.63475964480788,8.31385361076654,8.3652825439082,2.64396044511519
"nhr-70",7.53505048432861,23.3041925454231,21.7340729156875,21.8238657282622,26.9547993081487,15.8637626706912
"nhr-71",15.0701009686572,15.2373566643151,11.2695192896158,2.07846340269163,6.50633086748416,6.60990111278798
"nhr-79",5.65128786324646,6.27420568530621,5.63475964480788,4.15692680538327,2.78842751463607,3.96594066767279
"nhr-80",2.82564393162323,3.58526039160355,7.24469097189585,5.19615850672908,3.71790335284809,6.60990111278798
"nhr-84",17.8957449002804,12.5484113706124,7.24469097189585,14.5492438188414,16.7305650878164,19.8297033383639
"nhr-85",7.53505048432861,9.85946607690976,14.4893819437917,8.31385361076654,11.1537100585443,30.4055451188247
"nhr-86",10.3606944159518,1.79263019580177,13.6844162802477,4.15692680538327,6.50633086748416,11.8978220030184
"nhr-87",0,0.896315097900887,0.804965663543983,4.15692680538327,5.57685502927214,0
"nhr-88",81.0017927065325,89.6315097900887,102.230639270086,106.001633537273,91.0886321447782,113.690299139953
"nhr-90",7.53505048432861,6.27420568530621,3.21986265417593,7.27462190942072,1.85895167642405,5.28792089023038
"nhr-91",0.941881310541076,3.58526039160355,8.85462229898381,6.2353902080749,4.64737919106011,9.25386155790317
"nhr-95",2.82564393162323,2.68894529370266,4.02482831771991,0,3.71790335284809,1.3219802225576
"nhr-97",176.131805071181,143.410415664142,143.283888110829,161.080913708602,154.292989143196,224.736637834791
"nhr-98",7.53505048432861,1.79263019580177,0.804965663543983,0,1.85895167642405,1.3219802225576
"nhr-99",0.941881310541076,0.896315097900887,2.41489699063195,5.19615850672908,5.57685502927214,0
"nhr-100",9.41881310541076,8.96315097900887,8.85462229898381,9.35308531211235,12.0831858967563,3.96594066767279
"nhr-101",14.1282196581161,15.2373566643151,12.0744849531597,27.0200242349912,13.0126617349683,14.5417824481336
"nhr-102",2.82564393162323,0.896315097900887,8.04965663543983,7.27462190942072,2.78842751463607,1.3219802225576
"nhr-103",0,0,0,8.31385361076654,1.85895167642405,0
"nhr-104",3.7675252421643,1.79263019580177,0.804965663543983,1.03923170134582,3.71790335284809,9.25386155790317
"nhr-105",23.5470327635269,8.96315097900887,20.1241415885996,20.7846340269163,21.3779442788765,14.5417824481336
"nhr-107",2.82564393162323,5.37789058740532,4.8297939812639,3.11769510403745,1.85895167642405,5.28792089023038
"nhr-109",1.88376262108215,1.79263019580177,0,2.07846340269163,4.64737919106011,5.28792089023038
"nhr-112",2.82564393162323,5.37789058740532,1.60993132708797,0,2.78842751463607,0
"nhr-114",43.3265402848895,80.6683588110798,58.7624934387108,17.6669389228789,40.896936881329,72.7089122406678
"nhr-117",3.7675252421643,4.48157548950443,8.04965663543983,8.31385361076654,7.43580670569618,0
"nhr-119",25.4307953846091,35.8526039160355,31.3936608782153,29.0984876376829,37.1790335284809,26.4396044511519
"nhr-120",12.244457037034,18.8226170559186,19.3191759250556,8.31385361076654,18.5895167642405,11.8978220030184
"nhr-121",0.941881310541076,4.48157548950443,1.60993132708797,5.19615850672908,5.57685502927214,0
"nhr-122",0.941881310541076,7.1705207832071,6.43972530835186,7.27462190942072,5.57685502927214,5.28792089023038
"nhr-126",1.88376262108215,1.79263019580177,0,0,2.78842751463607,1.3219802225576
"nhr-130",6.59316917378753,4.48157548950443,9.6595879625278,6.2353902080749,4.64737919106011,6.60990111278798
"nhr-131",3.7675252421643,11.6520962727115,6.43972530835186,10.3923170134582,2.78842751463607,10.5758417804608
"nhr-132",6.59316917378753,4.48157548950443,0.804965663543983,1.03923170134582,5.57685502927214,0
"nhr-133",2.82564393162323,5.37789058740532,8.04965663543983,13.5100121174956,4.64737919106011,2.64396044511519
"nhr-134",5.65128786324646,9.85946607690976,12.8794506167037,9.35308531211235,7.43580670569618,9.25386155790317
"nhr-135",5.65128786324646,3.58526039160355,0.804965663543983,1.03923170134582,1.85895167642405,2.64396044511519
"nhr-136",3.7675252421643,0.896315097900887,2.41489699063195,2.07846340269163,0,2.64396044511519
"nhr-137",15.0701009686572,15.2373566643151,15.2943476073357,14.5492438188414,13.9421375731803,26.4396044511519
"nhr-138",14.1282196581161,0.896315097900887,12.0744849531597,5.19615850672908,9.29475838212023,7.93188133534558
"nhx-1",2.82564393162323,0.896315097900887,8.85462229898381,3.11769510403745,0.929475838212023,0
"nhx-2",26.3726766951501,19.7189321538195,25.7589012334075,42.6084997551785,23.2368959553006,11.8978220030184
"nhx-3",4.70940655270538,4.48157548950443,2.41489699063195,11.431548714804,8.3652825439082,11.8978220030184
"nhx-4",7.53505048432861,9.85946607690976,10.4645536260718,6.2353902080749,11.1537100585443,21.1516835609215
"nhx-5",14.1282196581161,10.7557811748106,8.04965663543983,7.27462190942072,5.57685502927214,10.5758417804608
"nhx-8",31.0820832478555,51.0899605803506,43.4681458313751,34.294646144412,29.7432268227847,50.2352484571886
"nhx-9",10.3606944159518,6.27420568530621,6.43972530835186,7.27462190942072,10.2242342203322,6.60990111278798
"nid-1",102.665062848977,60.0531115593594,80.4965663543983,71.7069873928614,73.4285912187498,96.5045562467045
"nlp-1",3.7675252421643,2.68894529370266,14.4893819437917,8.31385361076654,16.7305650878164,6.60990111278798
"nlp-3",7.53505048432861,6.27420568530621,9.6595879625278,12.4707804161498,13.9421375731803,3.96594066767279
"nlp-5",0.941881310541076,1.79263019580177,4.8297939812639,1.03923170134582,6.50633086748416,3.96594066767279
"nlp-6",8.47693179486968,3.58526039160355,5.63475964480788,3.11769510403745,2.78842751463607,2.64396044511519
"nlp-7",0.941881310541076,0,0,3.11769510403745,4.64737919106011,1.3219802225576
"nlp-8",6.59316917378753,21.5115623496213,20.9291072521436,14.5492438188414,18.5895167642405,11.8978220030184
"nlp-9",0.941881310541076,2.68894529370266,4.8297939812639,2.07846340269163,3.71790335284809,1.3219802225576
"nlp-10",13.1863383475751,7.1705207832071,12.0744849531597,3.11769510403745,14.8716134113924,14.5417824481336
"nlp-11",3.7675252421643,3.58526039160355,3.21986265417593,4.15692680538327,4.64737919106011,0
"nlp-12",8.47693179486968,7.1705207832071,17.7092445979676,5.19615850672908,10.2242342203322,10.5758417804608
"nlp-13",33.9077271794787,31.371028426531,29.7837295511274,14.5492438188414,26.9547993081487,37.0154462316127
"nlp-14",9.41881310541076,30.4747133286302,34.6135235323913,15.5884755201873,19.5189926024525,23.7956440060367
"nlp-15",13.1863383475751,7.1705207832071,16.0993132708797,14.5492438188414,16.7305650878164,6.60990111278798
"nlp-16",53.6872347008413,34.0599737202337,60.3724247657987,28.0592559363371,24.1663717935126,13.219802225576
"nlp-17",4.70940655270538,3.58526039160355,6.43972530835186,1.03923170134582,2.78842751463607,0
"nlp-18",6.59316917378753,17.9263019580177,7.24469097189585,20.7846340269163,5.57685502927214,3.96594066767279
"nlp-20",1.88376262108215,1.79263019580177,0.804965663543983,4.15692680538327,5.57685502927214,0
"nlp-21",17.8957449002804,31.371028426531,19.3191759250556,30.1377193390287,30.6727026609968,22.4736637834791
"nlp-24",13.1863383475751,24.2005076433239,11.2695192896158,62.353902080749,45.5443160723891,37.0154462316127
"nlp-25",0,0,0,0,0,0
"nlp-26",3.7675252421643,0,0.804965663543983,4.15692680538327,1.85895167642405,1.3219802225576
"nlp-27",0,0.896315097900887,0,1.03923170134582,0,0
"nlp-28",0.941881310541076,0,0,0,0.929475838212023,0
"nlp-29",0.941881310541076,2.68894529370266,4.02482831771991,2.07846340269163,0.929475838212023,0
"nlp-31",0.941881310541076,1.79263019580177,0.804965663543983,1.03923170134582,1.85895167642405,2.64396044511519
"nlp-33",0,1.79263019580177,0,7.27462190942072,1.85895167642405,0
"nlr-1",24.488914074068,7.1705207832071,12.8794506167037,19.7454023255705,13.9421375731803,3.96594066767279
"nlt-1",15.0701009686572,7.1705207832071,20.1241415885996,20.7846340269163,17.6600409260284,7.93188133534558
"nmr-2",0.941881310541076,0.896315097900887,0,2.07846340269163,5.57685502927214,0
"nmy-1",131.863383475751,80.6683588110798,90.1561543169261,114.31548714804,117.113955614715,140.129903591105
"nmy-2",155.410416239278,95.9057154753949,126.379609176405,121.590109057461,127.338189835047,115.012279362511
"nnt-1",5.65128786324646,4.48157548950443,0.804965663543983,0,7.43580670569618,5.28792089023038
"nob-1",0.941881310541076,0.896315097900887,4.02482831771991,6.2353902080749,0,2.64396044511519
"nos-3",30.1402019373144,25.0968227412248,29.7837295511274,30.1377193390287,29.7432268227847,34.3714857864975
"npa-1",615.990377093864,447.261233852543,527.252509621309,473.889655813693,491.69271841416,335.782976529629
"npp-1",16.0119822791983,0.896315097900887,1.60993132708797,11.431548714804,5.57685502927214,1.3219802225576
"npp-2",18.8376262108215,19.7189321538195,29.7837295511274,10.3923170134582,5.57685502927214,7.93188133534558
"npp-3",185.550618176592,208.841417810907,214.120866502699,101.84470673189,102.242342203323,144.095844258778
"npp-4",27.3145580056912,17.9263019580177,23.3440042427755,13.5100121174956,13.0126617349683,10.5758417804608
"npp-5",26.3726766951501,39.437864307639,30.5886952146714,37.4123412484494,17.6600409260284,37.0154462316127
"npp-6",58.3966412535467,38.5415492097381,66.0071844106066,46.7654265605618,38.1085093666929,44.9473275669583
"npp-7",92.3043684330254,121.00253821662,119.134918204509,69.6285239901697,78.0759704098099,126.910101365529
"npp-8",58.3966412535467,93.2167701816922,70.8369783918705,83.1385361076654,60.4159294837815,68.742971572995
"npp-9",126.212095612504,124.587798608223,119.939883868053,66.5108288861323,68.7812120276897,75.352872685783
"npp-10",125.270214301963,123.691483510322,133.624300148301,119.511645654769,76.2170187333859,132.19802225576
"npp-11",39.5590150427252,60.9494266572603,43.4681458313751,16.6277072215331,27.8842751463607,34.3714857864975
"npp-12",123.386451680881,143.410415664142,119.939883868053,104.962401835928,88.3002046301422,77.9968331308982
"npp-13",48.977828148136,49.2973303845488,33.0035922053033,32.2161827417203,25.0958476317246,37.0154462316127
"npp-14",48.977828148136,35.8526039160355,45.078077158463,42.6084997551785,18.5895167642405,21.1516835609215
"npp-15",21.6632701424447,42.1268096013417,32.1986265417593,25.9807925336454,21.3779442788765,34.3714857864975
"npp-16",20.7213888319037,21.5115623496213,12.8794506167037,8.31385361076654,6.50633086748416,0
"rae-1",14.1282196581161,17.9263019580177,15.2943476073357,14.5492438188414,11.1537100585443,6.60990111278798
"npp-18",20.7213888319037,19.7189321538195,18.5142102615116,15.5884755201873,10.2242342203322,21.1516835609215
"npp-19",4.70940655270538,16.133671762216,12.8794506167037,10.3923170134582,3.71790335284809,10.5758417804608
"npp-20",14.1282196581161,10.7557811748106,13.6844162802477,3.11769510403745,9.29475838212023,14.5417824481336
"npr-2",3.7675252421643,0.896315097900887,3.21986265417593,1.03923170134582,6.50633086748416,2.64396044511519
"nrf-5",33.9077271794787,16.133671762216,31.3936608782153,22.863097429608,25.0958476317246,14.5417824481336
"nrf-6",18.8376262108215,14.3410415664142,12.8794506167037,16.6277072215331,8.3652825439082,18.5077231158063
"nars-1",49.919709458677,21.5115623496213,42.6631801678311,39.490804651141,19.5189926024525,25.1176242285943
"asns-1",4.70940655270538,5.37789058740532,8.85462229898381,10.3923170134582,13.0126617349683,0
"nsf-1",62.164166495711,41.2304945034408,64.3972530835186,51.9615850672908,39.967461043117,35.6934660090551
"nst-1",113.025757264929,69.9125776362692,54.7376651209908,97.6877799265068,75.2875428951738,63.4550506827646
"nsy-1",50.8615907692181,41.2304945034408,50.7128368032709,58.1969752753658,55.7685502927214,50.2352484571886
"ntl-2",51.8034720797592,36.7489190139364,38.6383518501112,48.8438899632534,45.5443160723891,55.523169347419
"ntl-3",63.1060478062521,43.9194397971435,37.0284205230232,33.2554144430661,51.1211711016613,35.6934660090551
"ntl-4",73.4667422222039,54.6752209719541,80.4965663543983,83.1385361076654,73.4285912187498,87.2506946888013
"nuc-1",24.488914074068,16.133671762216,29.7837295511274,31.1769510403745,17.6600409260284,23.7956440060367
"nud-1",14.1282196581161,14.3410415664142,16.9042789344236,13.5100121174956,17.6600409260284,11.8978220030184
"num-1",15.0701009686572,18.8226170559186,23.3440042427755,10.3923170134582,13.0126617349683,7.93188133534558
"nuo-1",238.295971566892,246.486651922744,261.613840651794,249.415608322996,267.689041405063,215.482776276888
"nxf-1",53.6872347008413,43.9194397971435,36.2234548594792,66.5108288861323,53.9095986162973,38.3374264541703
"nxt-1",1.88376262108215,12.5484113706124,0.804965663543983,1.03923170134582,3.71790335284809,3.96594066767279
"oat-1",12.244457037034,11.6520962727115,9.6595879625278,16.6277072215331,14.8716134113924,1.3219802225576
"ocr-2",0,0,0.804965663543983,1.03923170134582,1.85895167642405,0
"2-Oct",7.53505048432861,1.79263019580177,2.41489699063195,12.4707804161498,6.50633086748416,5.28792089023038
"odc-1",53.6872347008413,48.4010152866479,57.9575277751668,60.2754386780574,62.2748811602055,47.5912880120735
"odd-2",1.88376262108215,9.85946607690976,5.63475964480788,1.03923170134582,4.64737919106011,2.64396044511519
"blmp-1",16.9538635897394,9.85946607690976,12.0744849531597,18.7061706242247,11.1537100585443,22.4736637834791
"odr-2",6.59316917378753,6.27420568530621,11.2695192896158,4.15692680538327,10.2242342203322,3.96594066767279
"odr-3",1.88376262108215,4.48157548950443,10.4645536260718,11.431548714804,6.50633086748416,1.3219802225576
"odr-4",4.70940655270538,8.06683588110798,12.0744849531597,13.5100121174956,20.4484684406645,5.28792089023038
"ogt-1",110.200113333306,69.9125776362692,65.2022187470626,92.4916214197777,101.31286636511,88.5726749113589
"oig-1",2.82564393162323,0,2.41489699063195,0,7.43580670569618,0
"oig-2",2.82564393162323,0.896315097900887,0,3.11769510403745,2.78842751463607,0
"oig-3",4.70940655270538,0.896315097900887,2.41489699063195,0,1.85895167642405,1.3219802225576
"ooc-3",7.53505048432861,6.27420568530621,12.0744849531597,3.11769510403745,7.43580670569618,6.60990111278798
"ooc-5",0.941881310541076,7.1705207832071,6.43972530835186,7.27462190942072,8.3652825439082,1.3219802225576
"pept-2",7.53505048432861,5.37789058740532,4.8297939812639,2.07846340269163,5.57685502927214,9.25386155790317
"pept-1",201.56260045579,261.724008587059,239.074802072563,199.532486658397,186.824643480617,230.024558725022
"pept-3",7.53505048432861,5.37789058740532,5.63475964480788,6.2353902080749,3.71790335284809,9.25386155790317
"orc-2",4.70940655270538,2.68894529370266,5.63475964480788,2.07846340269163,3.71790335284809,6.60990111278798
"osm-1",18.8376262108215,8.96315097900887,10.4645536260718,8.31385361076654,7.43580670569618,5.28792089023038
"osm-7",11.3025757264929,15.2373566643151,6.43972530835186,2.07846340269163,15.8010892496044,7.93188133534558
"osm-9",14.1282196581161,2.68894529370266,7.24469097189585,6.2353902080749,16.7305650878164,2.64396044511519
"osm-10",14.1282196581161,8.06683588110798,8.04965663543983,13.5100121174956,5.57685502927214,15.8637626706912
"osm-11",40.5008963532663,56.4678511677559,58.7624934387108,48.8438899632534,67.8517361894777,44.9473275669583
"ost-1",451.161147749175,475.943316985371,466.88008485551,457.26194859216,423.840982224682,346.35881831009
"oxi-1",21.6632701424447,12.5484113706124,18.5142102615116,3.11769510403745,4.64737919106011,17.1857428932487
"paa-1",110.200113333306,138.928840174637,144.893819437917,127.825499265535,112.466576423655,117.656239807626
"pab-1",916.450515156467,881.974056334473,932.955204047476,1015.32937221486,921.110555668115,1047.00833626562
"pab-2",78.1761487749093,99.4909758669985,102.230639270086,87.2954629130486,83.6528254390821,83.2847540211285
"pabp-2",25.4307953846091,33.1636586223328,29.7837295511274,15.5884755201873,28.8137509845727,15.8637626706912
"pad-1",139.398433960079,164.025662915862,121.549815195141,130.943194369573,98.5244388504744,136.163962923432
"paf-2",7.53505048432861,1.79263019580177,4.8297939812639,8.31385361076654,3.71790335284809,3.96594066767279
"pak-1",18.8376262108215,6.27420568530621,13.6844162802477,10.3923170134582,13.9421375731803,6.60990111278798
"pam-1",56.5128786324646,38.5415492097381,49.9078711397269,29.0984876376829,23.2368959553006,70.0649517955526
"pan-1",38.6171337321841,31.371028426531,23.3440042427755,35.3338778457578,30.6727026609968,31.7275253413823
"par-1",158.236060170901,188.226170559186,158.578235718165,179.787084332826,185.895167642405,150.705745371566
"par-2",3.7675252421643,0.896315097900887,2.41489699063195,4.15692680538327,2.78842751463607,3.96594066767279
"par-3",20.7213888319037,19.7189321538195,21.7340729156875,22.863097429608,28.8137509845727,47.5912880120735
"par-4",16.9538635897394,10.7557811748106,9.6595879625278,13.5100121174956,15.8010892496044,10.5758417804608
"par-5",199.678837834708,167.610923307466,210.09603818498,229.670205997426,239.804766258702,181.111290490391
"par-6",12.244457037034,2.68894529370266,10.4645536260718,6.2353902080749,5.57685502927214,10.5758417804608
"pas-1",27.3145580056912,42.1268096013417,34.6135235323913,21.8238657282622,31.6021784992088,21.1516835609215
"pas-2",54.6291160113824,43.9194397971435,34.6135235323913,39.490804651141,44.6148402341771,40.9813868992855
"pas-3",57.4547599430056,31.371028426531,31.3936608782153,44.6869631578701,31.6021784992088,15.8637626706912
"pas-4",16.9538635897394,22.4078774475222,25.7589012334075,34.294646144412,15.8010892496044,19.8297033383639
"pas-5",30.1402019373144,48.4010152866479,52.3227681303589,34.294646144412,38.1085093666929,46.2693077895159
"pas-6",44.2684215954306,57.3641662656568,61.1773904293427,54.0400484699825,48.3327435870252,77.9968331308982
"pas-7",74.408623532745,52.8825907761523,66.8121500741506,36.3731095471036,57.6275019691454,58.1671297925342
"pat-2",107.374469401683,77.9794135173772,83.7164290085742,67.5500605874781,100.383390526898,107.080398027165
"pat-3",126.212095612504,109.350441943908,132.014368821213,146.53166988976,130.126617349683,105.758417804608
"pat-4",36.733371111102,29.5783982307293,26.5638668969514,25.9807925336454,23.2368959553006,25.1176242285943
"pat-6",31.0820832478555,28.6820831328284,24.9539355698635,32.2161827417203,32.5316543374208,23.7956440060367
"pat-9",5.65128786324646,5.37789058740532,4.02482831771991,1.03923170134582,6.50633086748416,1.3219802225576
"pat-10",199.678837834708,181.95196487388,202.851347213084,201.610950061089,216.567870303401,155.993666261796
"pat-12",37.675252421643,38.5415492097381,20.9291072521436,35.3338778457578,33.4611301756328,27.7615846737095
"pbo-1",21.6632701424447,38.5415492097381,35.4184891959353,33.2554144430661,38.1085093666929,9.25386155790317
"pbo-4",25.4307953846091,14.3410415664142,13.6844162802477,12.4707804161498,10.2242342203322,17.1857428932487
"pbs-1",48.0359468375949,66.3273172446656,63.5922874199747,45.726194859216,55.7685502927214,33.0495055639399
"pbs-2",45.2103029059717,65.4310021467647,41.0532488407431,28.0592559363371,56.6980261309334,35.6934660090551
"pbs-3",31.0820832478555,32.2673435244319,31.3936608782153,28.0592559363371,23.2368959553006,22.4736637834791
"pbs-4",16.0119822791983,10.7557811748106,11.2695192896158,10.3923170134582,13.0126617349683,11.8978220030184
"pbs-5",34.8496084900198,40.3341794055399,28.9787638875834,35.3338778457578,29.7432268227847,30.4055451188247
"pbs-6",29.1983206267734,36.7489190139364,38.6383518501112,27.0200242349912,42.755888557753,27.7615846737095
"pbs-7",28.2564393162323,16.133671762216,20.9291072521436,27.0200242349912,17.6600409260284,13.219802225576
"pcm-1",6.59316917378753,0,1.60993132708797,3.11769510403745,6.50633086748416,2.64396044511519
"pcn-1",26.3726766951501,19.7189321538195,11.2695192896158,20.7846340269163,19.5189926024525,14.5417824481336
"pcp-1",38.6171337321841,29.5783982307293,37.8333861865672,46.7654265605618,34.3906060138448,31.7275253413823
"pcp-2",86.653080569779,96.8020305732958,100.620707942998,59.2362069767116,61.3454053219935,95.1825760241469
"pcp-3",63.1060478062521,66.3273172446656,74.8618067095904,89.3739263157403,63.2043569984175,72.7089122406678
"pcp-4",23.5470327635269,25.9931378391257,34.6135235323913,15.5884755201873,21.3779442788765,48.913268234631
"pcs-1",19.7795075213626,38.5415492097381,17.7092445979676,11.431548714804,15.8010892496044,22.4736637834791
"pct-1",27.3145580056912,28.6820831328284,18.5142102615116,35.3338778457578,34.3906060138448,34.3714857864975
"pdi-1",85.7111992592379,106.661496650206,117.524986877422,102.883938433236,118.972907291139,134.841982700875
"pdi-2",307.995188546932,325.362380538022,333.255784707209,375.16264418584,419.193603033622,334.460996307072
"pdi-3",205.330125697955,173.885128992772,199.631484558908,232.787901101463,197.048877700949,199.619013606197
"pdk-1",20.7213888319037,11.6520962727115,12.0744849531597,13.5100121174956,10.2242342203322,6.60990111278798
"pdl-1",0,0,3.21986265417593,0,6.50633086748416,2.64396044511519
"pdr-1",23.5470327635269,10.7557811748106,12.8794506167037,15.5884755201873,26.9547993081487,17.1857428932487
"pef-1",14.1282196581161,7.1705207832071,6.43972530835186,3.11769510403745,3.71790335284809,9.25386155790317
"pek-1",63.1060478062521,54.6752209719541,47.492974149095,88.3346946143945,79.0054462480219,64.7770309053222
"pes-4",17.8957449002804,17.0299868601169,20.9291072521436,18.7061706242247,22.3074201170885,19.8297033383639
"pes-5",7.53505048432861,3.58526039160355,4.8297939812639,3.11769510403745,10.2242342203322,7.93188133534558
"pes-7",59.3385225640878,89.6315097900887,71.6419440554145,58.1969752753658,75.2875428951738,96.5045562467045
"pes-9",118.677045128176,182.848279971781,165.82292669006,117.433182252077,134.773996540743,136.163962923432
"mct-4",33.9077271794787,43.9194397971435,39.4433175136552,29.0984876376829,44.6148402341771,29.0835648962671
"pfn-1",10.3606944159518,8.96315097900887,14.4893819437917,9.35308531211235,9.29475838212023,2.64396044511519
"pfn-2",9.41881310541076,9.85946607690976,7.24469097189585,11.431548714804,8.3652825439082,22.4736637834791
"pfn-3",4.70940655270538,3.58526039160355,4.8297939812639,1.03923170134582,7.43580670569618,2.64396044511519
"pgl-1",7.53505048432861,0.896315097900887,2.41489699063195,5.19615850672908,4.64737919106011,13.219802225576
"pgp-1",38.6171337321841,43.0231246992426,78.8866350273103,4.15692680538327,21.3779442788765,17.1857428932487
"pgp-2",53.6872347008413,59.1567964614585,43.4681458313751,41.5692680538327,40.896936881329,34.3714857864975
"pgp-3",43.3265402848895,39.437864307639,44.2731114949191,15.5884755201873,26.0253234699366,15.8637626706912
"pgp-4",11.3025757264929,11.6520962727115,7.24469097189585,5.19615850672908,1.85895167642405,3.96594066767279
"pgp-5",6.59316917378753,3.58526039160355,6.43972530835186,2.07846340269163,1.85895167642405,1.3219802225576
"pgp-6",1.88376262108215,8.06683588110798,11.2695192896158,3.11769510403745,1.85895167642405,2.64396044511519
"pgp-8",48.0359468375949,46.6083850908461,45.883042822007,0,0.929475838212023,1.3219802225576
"pgp-9",38.6171337321841,51.9862756782514,39.4433175136552,27.0200242349912,19.5189926024525,37.0154462316127
"pgp-10",20.7213888319037,17.9263019580177,13.6844162802477,16.6277072215331,16.7305650878164,22.4736637834791
"pgp-11",2.82564393162323,7.1705207832071,5.63475964480788,14.5492438188414,7.43580670569618,5.28792089023038
"pgp-12",15.0701009686572,16.133671762216,22.5390385792315,14.5492438188414,13.9421375731803,2.64396044511519
"pgp-14",117.735163817635,130.862004293529,147.308716428549,47.8046582619076,71.5696395423257,83.2847540211285
"pha-1",6.59316917378753,8.06683588110798,2.41489699063195,5.19615850672908,0.929475838212023,10.5758417804608
"pha-4",37.675252421643,26.8894529370266,24.9539355698635,16.6277072215331,22.3074201170885,33.0495055639399
"phb-1",124.328332991422,149.684621349448,132.014368821213,138.217816278994,109.678148909019,158.637626706912
"phb-2",122.44457037034,176.574074286475,172.262651998412,136.139352876302,144.998230761076,146.739804703893
"phf-5",2.82564393162323,1.79263019580177,8.04965663543983,3.11769510403745,2.78842751463607,14.5417824481336
"phg-1",0,2.68894529370266,0.804965663543983,7.27462190942072,4.64737919106011,2.64396044511519
"pho-1",33.9077271794787,17.9263019580177,13.6844162802477,22.863097429608,31.6021784992088,33.0495055639399
"pho-4",16.9538635897394,16.133671762216,6.43972530835186,5.19615850672908,13.9421375731803,13.219802225576
"php-3",2.82564393162323,2.68894529370266,0,1.03923170134582,0.929475838212023,2.64396044511519
"phy-2",20.7213888319037,15.2373566643151,20.9291072521436,27.0200242349912,20.4484684406645,23.7956440060367
"pik-1",2.82564393162323,2.68894529370266,4.8297939812639,5.19615850672908,3.71790335284809,2.64396044511519
"pin-2",0,6.27420568530621,2.41489699063195,1.03923170134582,1.85895167642405,2.64396044511519
"pis-1",32.9658458689377,30.4747133286302,15.2943476073357,20.7846340269163,22.3074201170885,11.8978220030184
"pkc-1",34.8496084900198,27.7857680349275,43.4681458313751,50.922353365945,20.4484684406645,22.4736637834791
"pkc-2",23.5470327635269,37.6452341118373,48.297939812639,45.726194859216,32.5316543374208,43.6253473444007
"pkc-3",21.6632701424447,8.96315097900887,8.85462229898381,27.0200242349912,7.43580670569618,14.5417824481336
"plc-1",38.6171337321841,63.638371950963,37.0284205230232,47.8046582619076,40.896936881329,63.4550506827646
"plc-2",12.244457037034,18.8226170559186,20.9291072521436,14.5492438188414,12.0831858967563,6.60990111278798
"plc-3",19.7795075213626,13.4447264685133,24.1489699063195,18.7061706242247,13.9421375731803,35.6934660090551
"plc-4",24.488914074068,3.58526039160355,17.7092445979676,14.5492438188414,13.0126617349683,14.5417824481336
"pld-1",64.9898104273342,40.3341794055399,45.883042822007,78.9816093022821,95.7360113358383,47.5912880120735
"plk-1",14.1282196581161,15.2373566643151,12.8794506167037,10.3923170134582,24.1663717935126,18.5077231158063
"pll-1",31.0820832478555,57.3641662656568,25.7589012334075,27.0200242349912,19.5189926024525,37.0154462316127
"plp-1",31.0820832478555,21.5115623496213,27.3688325604954,29.0984876376829,16.7305650878164,62.133070460207
"plx-1",60.2804038746289,93.2167701816922,86.9362916627502,53.0008167686367,57.6275019691454,68.742971572995
"plx-2",21.6632701424447,34.0599737202337,20.1241415885996,29.0984876376829,20.4484684406645,34.3714857864975
"parp-1",18.8376262108215,22.4078774475222,15.2943476073357,7.27462190942072,9.29475838212023,15.8637626706912
"parp-2",3.7675252421643,0.896315097900887,8.85462229898381,3.11769510403745,3.71790335284809,17.1857428932487
"parg-1",10.3606944159518,10.7557811748106,8.85462229898381,7.27462190942072,6.50633086748416,3.96594066767279
"tank-1",235.470327635269,285.028201132482,305.08198648317,191.21863304763,248.17004880261,248.532281840828
"pmk-1",14.1282196581161,17.0299868601169,9.6595879625278,24.9415608322996,29.7432268227847,25.1176242285943
"pmk-2",2.82564393162323,2.68894529370266,7.24469097189585,4.15692680538327,4.64737919106011,5.28792089023038
"pmk-3",10.3606944159518,11.6520962727115,3.21986265417593,5.19615850672908,9.29475838212023,10.5758417804608
"pmp-1",38.6171337321841,30.4747133286302,26.5638668969514,36.3731095471036,40.896936881329,26.4396044511519
"pmp-2",30.1402019373144,15.2373566643151,19.3191759250556,18.7061706242247,13.0126617349683,14.5417824481336
"pmp-3",37.675252421643,34.0599737202337,27.3688325604954,24.9415608322996,26.9547993081487,14.5417824481336
"pmp-4",10.3606944159518,24.2005076433239,11.2695192896158,12.4707804161498,11.1537100585443,11.8978220030184
"pmp-5",45.2103029059717,74.3941531257736,43.4681458313751,41.5692680538327,45.5443160723891,51.5572286797462
"pmr-1",42.3846589743484,57.3641662656568,50.7128368032709,35.3338778457578,28.8137509845727,50.2352484571886
"pms-2",6.59316917378753,21.5115623496213,8.85462229898381,9.35308531211235,13.0126617349683,10.5758417804608
"pnk-1",28.2564393162323,9.85946607690976,8.04965663543983,9.35308531211235,10.2242342203322,25.1176242285943
"pod-1",57.4547599430056,70.8088927341701,82.9114633450302,48.8438899632534,60.4159294837815,87.2506946888013
"pod-2",540.639872250578,658.791596957152,566.695827134964,570.538204038854,654.350990101264,683.463775062277
"pop-1",13.1863383475751,10.7557811748106,8.85462229898381,11.431548714804,22.3074201170885,17.1857428932487
"pph-1",11.3025757264929,12.5484113706124,3.21986265417593,14.5492438188414,5.57685502927214,13.219802225576
"pph-4.1",15.0701009686572,14.3410415664142,8.04965663543983,16.6277072215331,19.5189926024525,22.4736637834791
"ppk-1",20.7213888319037,34.0599737202337,24.1489699063195,20.7846340269163,23.2368959553006,22.4736637834791
"ppk-2",9.41881310541076,15.2373566643151,20.1241415885996,14.5492438188414,14.8716134113924,23.7956440060367
"ppk-3",18.8376262108215,23.3041925454231,20.1241415885996,14.5492438188414,13.0126617349683,37.0154462316127
"eif-2Bgamma",12.244457037034,7.1705207832071,12.0744849531597,18.7061706242247,13.9421375731803,7.93188133534558
"pps-1",10.3606944159518,10.7557811748106,4.8297939812639,4.15692680538327,13.9421375731803,13.219802225576
"ppw-2",20.7213888319037,28.6820831328284,22.5390385792315,17.6669389228789,16.7305650878164,21.1516835609215
"pqe-1",76.2923861538272,98.5946607690976,77.2767037002224,106.001633537273,94.8065354976263,72.7089122406678
"pqm-1",40.5008963532663,21.5115623496213,28.1737982240394,24.9415608322996,20.4484684406645,26.4396044511519
"pqn-8",0,1.79263019580177,4.8297939812639,5.19615850672908,0,3.96594066767279
"hgrs-1",21.6632701424447,35.8526039160355,25.7589012334075,27.0200242349912,17.6600409260284,23.7956440060367
"pqn-13",0.941881310541076,0,0,11.431548714804,11.1537100585443,7.93188133534558
"szy-20",11.3025757264929,17.0299868601169,7.24469097189585,10.3923170134582,8.3652825439082,7.93188133534558
"pqn-15",40.5008963532663,48.4010152866479,41.8582145042871,46.7654265605618,43.6853643959651,47.5912880120735
"pqn-18",21.6632701424447,29.5783982307293,34.6135235323913,23.9023291309538,21.3779442788765,30.4055451188247
"stam-1",12.244457037034,6.27420568530621,13.6844162802477,11.431548714804,11.1537100585443,25.1176242285943
"pqn-20",34.8496084900198,65.4310021467647,65.2022187470626,50.922353365945,42.755888557753,47.5912880120735
"pqn-21",14.1282196581161,9.85946607690976,8.04965663543983,5.19615850672908,11.1537100585443,7.93188133534558
"pqn-22",77.2342674643682,81.5646739089807,119.134918204509,80.0208410036279,74.3580670569618,85.9287144662437
"pqn-24",4.70940655270538,0.896315097900887,4.8297939812639,7.27462190942072,5.57685502927214,9.25386155790317
"pqn-25",41.4427776638073,68.1199474404674,41.8582145042871,34.294646144412,30.6727026609968,55.523169347419
"pqn-27",29.1983206267734,24.2005076433239,26.5638668969514,36.3731095471036,29.7432268227847,27.7615846737095
"sin-3",51.8034720797592,13.4447264685133,44.2731114949191,31.1769510403745,29.7432268227847,25.1176242285943
"pqn-31",16.9538635897394,24.2005076433239,22.5390385792315,19.7454023255705,6.50633086748416,11.8978220030184
"pqn-32",1.88376262108215,0.896315097900887,0,20.7846340269163,23.2368959553006,6.60990111278798
"ptrn-1",29.1983206267734,28.6820831328284,27.3688325604954,15.5884755201873,16.7305650878164,25.1176242285943
"pqn-35",28.2564393162323,6.27420568530621,7.24469097189585,12.4707804161498,13.0126617349683,19.8297033383639
"pqn-36",3.7675252421643,4.48157548950443,4.8297939812639,5.19615850672908,3.71790335284809,7.93188133534558
"pqn-37",13.1863383475751,21.5115623496213,12.8794506167037,6.2353902080749,6.50633086748416,21.1516835609215
"mdt-30",16.9538635897394,8.06683588110798,4.02482831771991,4.15692680538327,8.3652825439082,17.1857428932487
"pqn-39",9.41881310541076,12.5484113706124,5.63475964480788,11.431548714804,8.3652825439082,15.8637626706912
"pqn-41",77.2342674643682,75.2904682236745,78.8866350273103,51.9615850672908,89.2296804683542,62.133070460207
"pqn-42",3.7675252421643,2.68894529370266,1.60993132708797,6.2353902080749,1.85895167642405,5.28792089023038
"ketn-1",480.359468375949,410.512314838606,434.681458313751,406.339595226214,429.417837253955,452.117236114698
"pqn-44",246.772903361762,250.968227412248,184.337136951572,266.043315544529,227.721580361946,265.718024734077
"ifet-1",47.0940655270538,80.6683588110798,62.7873217564307,57.1577435740199,61.3454053219935,66.0990111278798
"abu-13",0,0.896315097900887,0.804965663543983,13.5100121174956,7.43580670569618,6.60990111278798
"myrf-1",48.977828148136,79.7720437131789,64.3972530835186,82.0993044063195,81.793873762658,80.6407935760134
"pqn-48",14.1282196581161,22.4078774475222,11.2695192896158,31.1769510403745,17.6600409260284,17.1857428932487
"pqn-51",7.53505048432861,13.4447264685133,6.43972530835186,12.4707804161498,6.50633086748416,14.5417824481336
"pqn-53",25.4307953846091,77.9794135173772,67.6171157376946,40.5300363524869,33.4611301756328,70.0649517955526
"ebax-1",18.8376262108215,24.2005076433239,12.8794506167037,27.0200242349912,29.7432268227847,18.5077231158063
"pqn-59",178.015567692263,120.106223118719,185.94706827866,173.551694124751,183.106740127768,169.213468487372
"pqn-60",7.53505048432861,10.7557811748106,11.2695192896158,7.27462190942072,9.29475838212023,3.96594066767279
"pqn-62",34.8496084900198,36.7489190139364,28.9787638875834,35.3338778457578,41.826412719541,47.5912880120735
"larp-5",41.4427776638073,64.5346870488639,57.9575277751668,49.8831216645992,43.6853643959651,79.3188133534558
"pqn-65",42.3846589743484,34.9562888181346,44.2731114949191,33.2554144430661,34.3906060138448,43.6253473444007
"pqn-70",15.0701009686572,9.85946607690976,12.8794506167037,29.0984876376829,11.1537100585443,17.1857428932487
"pqn-74",10.3606944159518,32.2673435244319,23.3440042427755,29.0984876376829,20.4484684406645,15.8637626706912
"pqn-75",17.8957449002804,15.2373566643151,16.0993132708797,14.5492438188414,17.6600409260284,19.8297033383639
"pqn-80",30.1402019373144,21.5115623496213,33.8085578688473,24.9415608322996,18.5895167642405,26.4396044511519
"pqn-83",36.733371111102,25.0968227412248,31.3936608782153,37.4123412484494,32.5316543374208,39.6594066767279
"pqn-85",73.4667422222039,81.5646739089807,78.0816693637664,68.5892922888239,52.9801227780853,70.0649517955526
"pqn-87",301.402019373144,222.28614427942,254.369149679899,234.866364504155,210.991015274129,179.789310267833
"pqn-88",4.70940655270538,3.58526039160355,0.804965663543983,1.03923170134582,0,0
"pqn-89",25.4307953846091,20.6152472517204,26.5638668969514,27.0200242349912,27.8842751463607,22.4736637834791
"pqn-92",11.3025757264929,7.1705207832071,6.43972530835186,12.4707804161498,6.50633086748416,6.60990111278798
"pqn-94",32.0239645583966,65.4310021467647,60.3724247657987,50.922353365945,25.0958476317246,50.2352484571886
"abu-14",0,0,0.804965663543983,24.9415608322996,39.037985204905,14.5417824481336
"pqn-96",22.6051514529858,21.5115623496213,20.9291072521436,23.9023291309538,21.3779442788765,30.4055451188247
"pqn-98",0,0,1.60993132708797,1.03923170134582,0,1.3219802225576
"prg-1",11.3025757264929,8.96315097900887,13.6844162802477,8.31385361076654,13.9421375731803,11.8978220030184
"pri-1",4.70940655270538,1.79263019580177,0.804965663543983,4.15692680538327,9.29475838212023,11.8978220030184
"pri-2",7.53505048432861,10.7557811748106,5.63475964480788,7.27462190942072,5.57685502927214,6.60990111278798
"prk-1",21.6632701424447,12.5484113706124,9.6595879625278,18.7061706242247,27.8842751463607,18.5077231158063
"prk-2",3.7675252421643,0.896315097900887,2.41489699063195,6.2353902080749,3.71790335284809,6.60990111278798
"T19D2.2",25.4307953846091,55.571536069855,35.4184891959353,19.7454023255705,19.5189926024525,60.8110902376494
"pro-1",12.244457037034,26.8894529370266,15.2943476073357,5.19615850672908,13.9421375731803,25.1176242285943
"prpf-4",32.9658458689377,27.7857680349275,23.3440042427755,19.7454023255705,28.8137509845727,26.4396044511519
"prp-8",312.704595099637,267.998214272365,272.88335994141,267.082547245875,262.11218637579,343.714857864975
"prp-21",28.2564393162323,24.2005076433239,41.8582145042871,31.1769510403745,21.3779442788765,51.5572286797462
"pars-1",43.3265402848895,58.2604813635577,46.688008485551,58.1969752753658,56.6980261309334,35.6934660090551
"pars-2",3.7675252421643,16.133671762216,7.24469097189585,4.15692680538327,2.78842751463607,1.3219802225576
"prx-1",6.59316917378753,1.79263019580177,4.8297939812639,4.15692680538327,9.29475838212023,9.25386155790317
"prx-3",0,8.96315097900887,0.804965663543983,0,1.85895167642405,1.3219802225576
"prx-5",9.41881310541076,6.27420568530621,8.85462229898381,5.19615850672908,13.0126617349683,1.3219802225576
"prx-6",5.65128786324646,8.06683588110798,6.43972530835186,2.07846340269163,4.64737919106011,7.93188133534558
"prx-11",0,0,0.804965663543983,2.07846340269163,0,0
"prx-12",1.88376262108215,0.896315097900887,6.43972530835186,6.2353902080749,0,2.64396044511519
"prx-13",2.82564393162323,0,4.02482831771991,4.15692680538327,0.929475838212023,0
"prx-14",6.59316917378753,4.48157548950443,10.4645536260718,12.4707804161498,16.7305650878164,3.96594066767279
"prx-19",21.6632701424447,7.1705207832071,11.2695192896158,8.31385361076654,16.7305650878164,9.25386155790317
"pry-1",19.7795075213626,18.8226170559186,26.5638668969514,18.7061706242247,21.3779442788765,22.4736637834791
"swsn-1",55.5709973219235,38.5415492097381,56.3475964480788,46.7654265605618,35.3200818520569,17.1857428932487
"swsn-4",122.44457037034,69.0162625383683,82.9114633450302,86.2562312117028,93.8770596594143,126.910101365529
"psr-1",12.244457037034,15.2373566643151,4.8297939812639,9.35308531211235,12.0831858967563,17.1857428932487
"pst-1",5.65128786324646,4.48157548950443,2.41489699063195,13.5100121174956,14.8716134113924,2.64396044511519
"ptb-1",4.70940655270538,1.79263019580177,16.0993132708797,3.11769510403745,12.0831858967563,1.3219802225576
"ptc-1",127.153976923045,94.1130852795931,111.08526156907,129.903962668227,146.8571824375,195.653072938524
"ptc-3",33.9077271794787,51.0899605803506,29.7837295511274,55.0792801713283,73.4285912187498,47.5912880120735
"ptl-1",46.1521842165127,59.1567964614585,54.7376651209908,70.6677556915156,57.6275019691454,80.6407935760134
"ptp-1",40.5008963532663,32.2673435244319,28.9787638875834,37.4123412484494,51.1211711016613,34.3714857864975
"ptp-2",19.7795075213626,19.7189321538195,20.1241415885996,23.9023291309538,26.9547993081487,18.5077231158063
"ptp-3",65.9316917378753,64.5346870488639,83.7164290085742,80.0208410036279,84.5823012772941,116.334259585068
"ptr-1",1.88376262108215,0.896315097900887,0,5.19615850672908,4.64737919106011,10.5758417804608
"ptr-2",0,0,0,12.4707804161498,2.78842751463607,0
"ptr-3",9.41881310541076,8.06683588110798,2.41489699063195,7.27462190942072,2.78842751463607,9.25386155790317
"ptr-4",2.82564393162323,0,0,30.1377193390287,18.5895167642405,30.4055451188247
"ptr-5",11.3025757264929,25.0968227412248,12.8794506167037,23.9023291309538,27.8842751463607,25.1176242285943
"ptr-6",12.244457037034,7.1705207832071,5.63475964480788,11.431548714804,3.71790335284809,3.96594066767279
"ptr-8",24.488914074068,26.8894529370266,28.1737982240394,54.0400484699825,25.0958476317246,54.2011891248614
"ptr-10",0.941881310541076,0,0.804965663543983,0,3.71790335284809,2.64396044511519
"ptr-11",8.47693179486968,6.27420568530621,7.24469097189585,14.5492438188414,5.57685502927214,23.7956440060367
"ptr-12",20.7213888319037,26.8894529370266,39.4433175136552,22.863097429608,33.4611301756328,40.9813868992855
"ptr-13",11.3025757264929,9.85946607690976,11.2695192896158,15.5884755201873,8.3652825439082,9.25386155790317
"ptr-14",11.3025757264929,9.85946607690976,4.8297939812639,14.5492438188414,6.50633086748416,5.28792089023038
"ptr-18",1.88376262108215,8.06683588110798,4.8297939812639,28.0592559363371,7.43580670569618,7.93188133534558
"ptr-21",48.0359468375949,35.8526039160355,53.9326994574469,33.2554144430661,47.4032677488132,44.9473275669583
"ptr-22",0,8.96315097900887,1.60993132708797,3.11769510403745,0,0
"ptr-23",27.3145580056912,17.0299868601169,22.5390385792315,20.7846340269163,24.1663717935126,21.1516835609215
"ptr-24",20.7213888319037,10.7557811748106,17.7092445979676,22.863097429608,11.1537100585443,7.93188133534558
"puf-9",53.6872347008413,65.4310021467647,60.3724247657987,58.1969752753658,59.4864536455695,60.8110902376494
"pus-1",9.41881310541076,12.5484113706124,16.0993132708797,19.7454023255705,14.8716134113924,18.5077231158063
"pvf-1",3.7675252421643,5.37789058740532,5.63475964480788,12.4707804161498,2.78842751463607,7.93188133534558
"pxf-1",16.0119822791983,27.7857680349275,35.4184891959353,12.4707804161498,13.0126617349683,17.1857428932487
"pxn-1",11.3025757264929,13.4447264685133,15.2943476073357,11.431548714804,14.8716134113924,37.0154462316127
"pxn-2",5.65128786324646,11.6520962727115,17.7092445979676,14.5492438188414,14.8716134113924,10.5758417804608
"pyc-1",258.075479088255,281.442940740878,202.851347213084,331.514912729316,299.291219904271,350.324758977763
"pyr-1",119.618926438717,110.246757041809,83.7164290085742,65.4715971847865,68.7812120276897,51.5572286797462
"qua-1",0,0,4.02482831771991,21.8238657282622,32.5316543374208,6.60990111278798
"qui-1",12.244457037034,25.9931378391257,26.5638668969514,25.9807925336454,22.3074201170885,13.219802225576
"rab-1",35.7914898005609,32.2673435244319,49.102905476183,69.6285239901697,41.826412719541,42.3033671218431
"rab-3",26.3726766951501,56.4678511677559,41.8582145042871,22.863097429608,19.5189926024525,26.4396044511519
"rab-5",17.8957449002804,24.2005076433239,25.7589012334075,54.0400484699825,29.7432268227847,23.7956440060367
"rab-6.1",2.82564393162323,7.1705207832071,2.41489699063195,7.27462190942072,2.78842751463607,5.28792089023038
"rab-6.2",6.59316917378753,13.4447264685133,8.04965663543983,2.07846340269163,7.43580670569618,13.219802225576
"rab-7",40.5008963532663,60.9494266572603,45.883042822007,57.1577435740199,56.6980261309334,62.133070460207
"rab-8",19.7795075213626,46.6083850908461,25.7589012334075,28.0592559363371,28.8137509845727,30.4055451188247
"rab-10",29.1983206267734,34.0599737202337,22.5390385792315,24.9415608322996,20.4484684406645,22.4736637834791
"rab-11.1",64.0479291167932,86.942564496386,80.4965663543983,60.2754386780574,85.5117771155061,115.012279362511
"rab-14",3.7675252421643,5.37789058740532,7.24469097189585,7.27462190942072,12.0831858967563,6.60990111278798
"rab-18",5.65128786324646,11.6520962727115,4.02482831771991,9.35308531211235,0,3.96594066767279
"rab-19",5.65128786324646,6.27420568530621,4.8297939812639,4.15692680538327,4.64737919106011,14.5417824481336
"rab-28",1.88376262108215,8.06683588110798,0.804965663543983,4.15692680538327,1.85895167642405,3.96594066767279
"rab-33",1.88376262108215,4.48157548950443,4.8297939812639,8.31385361076654,4.64737919106011,6.60990111278798
"rab-35",13.1863383475751,9.85946607690976,5.63475964480788,4.15692680538327,5.57685502927214,6.60990111278798
"rab-37",0.941881310541076,2.68894529370266,0.804965663543983,2.07846340269163,2.78842751463607,0
"rab-39",12.244457037034,19.7189321538195,6.43972530835186,4.15692680538327,7.43580670569618,9.25386155790317
"rad-50",39.5590150427252,35.8526039160355,33.8085578688473,17.6669389228789,19.5189926024525,21.1516835609215
"rad-51",1.88376262108215,5.37789058740532,0.804965663543983,0,5.57685502927214,0
"ram-2",93.2462497435665,59.1567964614585,83.7164290085742,76.9031458995905,98.5244388504744,84.6067342436861
"ran-1",103.606944159518,95.9057154753949,86.9362916627502,85.216999510357,95.7360113358383,46.2693077895159
"ran-2",58.3966412535467,28.6820831328284,41.0532488407431,35.3338778457578,25.0958476317246,26.4396044511519
"ran-3",47.0940655270538,22.4078774475222,41.0532488407431,39.490804651141,39.967461043117,30.4055451188247
"ran-4",8.47693179486968,18.8226170559186,13.6844162802477,10.3923170134582,13.0126617349683,10.5758417804608
"ran-5",11.3025757264929,32.2673435244319,12.8794506167037,27.0200242349912,19.5189926024525,17.1857428932487
"rap-1",6.59316917378753,10.7557811748106,16.9042789344236,22.863097429608,17.6600409260284,6.60990111278798
"rap-2",4.70940655270538,6.27420568530621,3.21986265417593,11.431548714804,6.50633086748416,13.219802225576
"ras-1",22.6051514529858,3.58526039160355,8.04965663543983,18.7061706242247,16.7305650878164,17.1857428932487
"ras-2",11.3025757264929,3.58526039160355,10.4645536260718,6.2353902080749,1.85895167642405,9.25386155790317
"rba-1",18.8376262108215,9.85946607690976,8.85462229898381,18.7061706242247,22.3074201170885,9.25386155790317
"rbc-1",220.400226666612,246.486651922744,226.195351455859,163.159377111293,201.696256892009,271.005945624307
"rbc-2",18.8376262108215,19.7189321538195,29.7837295511274,23.9023291309538,25.0958476317246,42.3033671218431
"rbd-1",46.1521842165127,46.6083850908461,40.2482831771991,28.0592559363371,39.037985204905,25.1176242285943
"rbf-1",29.1983206267734,28.6820831328284,22.5390385792315,22.863097429608,32.5316543374208,37.0154462316127
"rbg-1",14.1282196581161,6.27420568530621,23.3440042427755,17.6669389228789,12.0831858967563,30.4055451188247
"rbg-2",32.9658458689377,19.7189321538195,19.3191759250556,23.9023291309538,27.8842751463607,23.7956440060367
"rbr-2",43.3265402848895,25.0968227412248,41.8582145042871,39.490804651141,31.6021784992088,51.5572286797462
"rbx-1",10.3606944159518,2.68894529370266,5.63475964480788,3.11769510403745,2.78842751463607,10.5758417804608
"rcan-1",15.0701009686572,9.85946607690976,4.8297939812639,5.19615850672908,5.57685502927214,7.93188133534558
"rcq-5",23.5470327635269,15.2373566643151,24.1489699063195,15.5884755201873,15.8010892496044,26.4396044511519
"rde-1",15.0701009686572,11.6520962727115,13.6844162802477,7.27462190942072,24.1663717935126,17.1857428932487
"rde-2",31.0820832478555,23.3041925454231,8.85462229898381,15.5884755201873,12.0831858967563,14.5417824481336
"rde-4",8.47693179486968,13.4447264685133,12.8794506167037,13.5100121174956,7.43580670569618,13.219802225576
"ret-1",155.410416239278,145.203045859944,140.064025456653,124.707804161498,114.325528100079,140.129903591105
"rfc-1",11.3025757264929,21.5115623496213,10.4645536260718,14.5492438188414,16.7305650878164,17.1857428932487
"rfc-2",3.7675252421643,1.79263019580177,1.60993132708797,6.2353902080749,6.50633086748416,7.93188133534558
"rfc-3",9.41881310541076,5.37789058740532,4.02482831771991,9.35308531211235,13.9421375731803,2.64396044511519
"rfc-4",2.82564393162323,16.133671762216,8.85462229898381,13.5100121174956,10.2242342203322,10.5758417804608
"rfl-1",7.53505048432861,11.6520962727115,3.21986265417593,4.15692680538327,0,0
"rgr-1",24.488914074068,17.9263019580177,27.3688325604954,30.1377193390287,27.8842751463607,22.4736637834791
"rgs-1",2.82564393162323,9.85946607690976,6.43972530835186,9.35308531211235,3.71790335284809,2.64396044511519
"rgs-2",9.41881310541076,8.06683588110798,1.60993132708797,6.2353902080749,5.57685502927214,7.93188133534558
"rgs-3",4.70940655270538,17.0299868601169,6.43972530835186,5.19615850672908,0.929475838212023,3.96594066767279
"rgs-4",15.0701009686572,16.133671762216,17.7092445979676,15.5884755201873,14.8716134113924,33.0495055639399
"rgs-6",11.3025757264929,20.6152472517204,13.6844162802477,9.35308531211235,11.1537100585443,5.28792089023038
"rgs-7",13.1863383475751,9.85946607690976,10.4645536260718,20.7846340269163,6.50633086748416,11.8978220030184
"rha-1",38.6171337321841,21.5115623496213,44.2731114949191,38.4515729497952,26.0253234699366,30.4055451188247
"rhi-1",11.3025757264929,8.96315097900887,8.04965663543983,7.27462190942072,9.29475838212023,6.60990111278798
"rho-1",175.18992376064,166.714608209565,140.868991120197,152.767060097835,132.915044864319,158.637626706912
"rhr-1",61.2222851851699,92.3204550837914,71.6419440554145,77.9423776009363,102.242342203323,107.080398027165
"rhr-2",0.941881310541076,1.79263019580177,0.804965663543983,14.5492438188414,4.64737919106011,2.64396044511519
"rib-1",8.47693179486968,5.37789058740532,3.21986265417593,2.07846340269163,0,2.64396044511519
"rib-2",2.82564393162323,5.37789058740532,2.41489699063195,7.27462190942072,5.57685502927214,3.96594066767279
"ric-3",21.6632701424447,7.1705207832071,16.0993132708797,11.431548714804,9.29475838212023,10.5758417804608
"ric-4",27.3145580056912,21.5115623496213,22.5390385792315,17.6669389228789,20.4484684406645,11.8978220030184
"ric-8",16.0119822791983,30.4747133286302,16.0993132708797,8.31385361076654,10.2242342203322,17.1857428932487
"ric-19",0.941881310541076,7.1705207832071,6.43972530835186,1.03923170134582,4.64737919106011,1.3219802225576
"rig-1",5.65128786324646,11.6520962727115,4.8297939812639,5.19615850672908,11.1537100585443,6.60990111278798
"rig-3",28.2564393162323,55.571536069855,51.5178024668149,31.1769510403745,30.6727026609968,66.0990111278798
"rig-4",51.8034720797592,65.4310021467647,69.2270470647825,63.3931337820948,69.7106878659017,115.012279362511
"rig-5",5.65128786324646,0.896315097900887,0,3.11769510403745,0.929475838212023,0
"rme-1",41.4427776638073,35.8526039160355,52.3227681303589,43.6477314565243,59.4864536455695,60.8110902376494
"rme-4",11.3025757264929,6.27420568530621,12.0744849531597,4.15692680538327,8.3652825439082,7.93188133534558
"rme-6",9.41881310541076,16.133671762216,8.04965663543983,15.5884755201873,1.85895167642405,7.93188133534558
"rme-8",97.0137749857308,69.0162625383683,86.1313259992062,91.4523897184319,105.960245556171,79.3188133534558
"rnf-5",8.47693179486968,8.96315097900887,8.85462229898381,2.07846340269163,5.57685502927214,6.60990111278798
"rnh-1.0",6.59316917378753,1.79263019580177,3.21986265417593,1.03923170134582,4.64737919106011,2.64396044511519
"rnh-2",0.941881310541076,1.79263019580177,0.804965663543983,0,0,1.3219802225576
"rnp-1",9.41881310541076,9.85946607690976,9.6595879625278,11.431548714804,10.2242342203322,11.8978220030184
"rnp-2",11.3025757264929,6.27420568530621,8.04965663543983,8.31385361076654,7.43580670569618,5.28792089023038
"rnp-3",10.3606944159518,8.96315097900887,8.04965663543983,4.15692680538327,2.78842751463607,6.60990111278798
"rnp-4",13.1863383475751,16.133671762216,21.7340729156875,13.5100121174956,26.0253234699366,13.219802225576
"rnp-5",15.0701009686572,15.2373566643151,25.7589012334075,13.5100121174956,17.6600409260284,27.7615846737095
"rnp-6",32.0239645583966,13.4447264685133,22.5390385792315,13.5100121174956,25.0958476317246,19.8297033383639
"rnp-7",8.47693179486968,10.7557811748106,14.4893819437917,19.7454023255705,10.2242342203322,9.25386155790317
"rnr-1",29.1983206267734,37.6452341118373,35.4184891959353,44.6869631578701,46.4737919106011,54.2011891248614
"rnr-2",15.0701009686572,17.0299868601169,19.3191759250556,23.9023291309538,21.3779442788765,21.1516835609215
"rol-3",16.0119822791983,15.2373566643151,18.5142102615116,8.31385361076654,11.1537100585443,14.5417824481336
"rol-6",0,0,0,21.8238657282622,19.5189926024525,1.3219802225576
"rol-8",0.941881310541076,0,0,56.1185118726741,63.2043569984175,30.4055451188247
"rom-1",1.88376262108215,5.37789058740532,2.41489699063195,5.19615850672908,4.64737919106011,2.64396044511519
"rom-4",17.8957449002804,22.4078774475222,19.3191759250556,22.863097429608,17.6600409260284,25.1176242285943
"rom-5",1.88376262108215,3.58526039160355,1.60993132708797,4.15692680538327,7.43580670569618,0
"rop-1",98.897537606813,134.447264685133,111.08526156907,50.922353365945,63.2043569984175,48.913268234631
"rla-0",1154.74648672336,1165.20962727115,1090.7284741021,1162.90027380597,1184.15221788212,1554.64874172773
"rla-1",347.554203589657,267.998214272365,313.936608782153,353.338778457578,343.906060138448,325.207134749169
"rla-2",93.2462497435665,89.6315097900887,103.03560493363,104.962401835928,91.0886321447782,72.7089122406678
"rpc-1",42.3846589743484,25.9931378391257,46.688008485551,25.9807925336454,29.7432268227847,50.2352484571886
"rpl-1",264.668648262042,169.403553503268,210.09603818498,341.907229742774,299.291219904271,325.207134749169
"rpl-2",1417.53137236432,967.123990635057,1247.69677849317,1551.5729301093,1374.69476471558,1403.94299635617
"rpl-3",1013.4642901422,907.967194173599,1066.57950419578,1384.25662619263,1296.61879430577,1382.79131279525
"rpl-4",1571.99990729306,1710.16920679489,1577.73270054621,1657.57456364658,1684.21021884019,2234.14657612234
"rpl-5",739.376828774745,561.989566383856,745.398204441728,816.836117257812,825.374544332276,785.256252199212
"rpl-6",1154.74648672336,860.462493984851,1064.16460720515,1156.66488359789,1165.56270111788,1368.24953034711
"rpl-7",548.174922734906,533.307483251028,549.79154820054,615.225167196724,622.748811602055,630.584566159973
"rpl-7A",379.578168148054,429.334931894525,429.046698668943,477.00735091773,548.390744545093,670.243972836701
"rpl-9",405.950844843204,356.733408964553,393.628209473008,401.143436719485,466.596870782435,528.792089023038
"rpl-10",498.255213276229,428.438616796624,488.614157771198,480.125046021767,526.083324428005,501.030504349329
"rpl-11.1",35.7914898005609,43.0231246992426,24.1489699063195,29.0984876376829,31.6021784992088,22.4736637834791
"rpl-11.2",609.397207920076,407.823369544904,548.181616873452,701.481398408426,684.094216924049,639.838427717876
"rpl-12",372.043117663725,444.57228855884,400.872900444904,447.908863280047,485.186387546676,481.200801010965
"rpl-13",651.781866894425,526.136962467821,584.405071732932,737.85450795553,703.613209526501,663.634071723913
"rpl-14",226.051514529858,176.574074286475,180.312308633852,257.729461933763,231.439483714794,218.126736722003
"rpl-15",782.703369059634,762.764148313655,800.940835226263,857.366153610299,877.42519127215,1080.05784182956
"rpl-16",534.04670307679,417.682835621813,489.419123434742,549.753570011937,608.806674028875,608.110902376494
"rpl-17",690.399000626609,649.828445978143,692.270470647825,757.599910281101,663.645748483384,783.934271976654
"rpl-18",523.686008660838,478.632262279074,496.663814406637,589.244374663078,573.486592176818,571.095456144881
"rpl-19",543.465516182201,414.993890328111,526.447543957765,640.166728029023,578.133971367878,589.603179260688
"rpl-20",453.986791680799,472.358056593767,497.468780070181,558.067423622704,542.813889515821,703.293478400641
"rpl-21",384.287574700759,342.392367398139,338.890544352017,445.830399877355,437.783119797863,384.69624476426
"rpl-22",111.141994643847,59.1567964614585,123.159746522229,162.120145409947,131.985569026107,122.944160697856
"rpl-23",229.819039772023,238.419816041636,206.07120986726,265.004083843183,250.029000479034,293.479609407786
"rpl-24.1",299.518256752062,197.189321538195,253.564184016355,278.514095960679,273.265896434335,244.566341173155
"rpl-24.2",78.1761487749093,92.3204550837914,74.8618067095904,77.9423776009363,82.72334960087,101.792477136935
"rpl-25.1",298.576375441521,290.406091719887,307.496883473802,313.847973806437,332.752350079904,327.851095194284
"rpl-25.2",603.74592005683,397.963903467994,520.812784312957,590.283606364424,622.748811602055,582.9932781479
"rpl-26",816.611096239113,1033.45130787972,907.196302814069,1005.97628690275,1167.4216527943,1366.92755012455
"rpl-27",223.225870598235,130.862004293529,232.635076764211,280.592559363371,276.983799787183,189.043171825736
"rpl-28",206.272007008496,169.403553503268,184.337136951572,231.748669400117,205.414160244857,216.804756499446
"rpl-29",84.7693179486968,34.0599737202337,52.3227681303589,68.5892922888239,56.6980261309334,29.0835648962671
"rpl-30",252.424191225008,308.332393677905,291.397570202922,371.005717380457,341.117632623812,401.881987657509
"rpl-31",169.538635897394,185.537225265484,186.752033942204,209.924803671855,249.099524640822,198.297033383639
"rpl-32",551.942447977071,446.364918754642,519.202852985869,624.578252508836,567.909737147546,559.197634141863
"rpl-33",198.736956524167,157.751457230556,175.482514652588,217.199425581276,212.849966950553,206.228914718985
"rpl-34",165.771110655229,131.75831939143,151.333544746269,198.493254957051,171.953030069224,122.944160697856
"rpl-35",194.027549971462,120.106223118719,152.138510409813,171.47323072206,160.79932001068,185.077231158063
"rpl-36",173.306161139558,82.4609890068816,135.234231475389,176.669389228789,146.8571824375,130.876042033202
"rpl-38",77.2342674643682,34.9562888181346,61.1773904293427,71.7069873928614,69.7106878659017,39.6594066767279
"rpl-39",32.0239645583966,18.8226170559186,18.5142102615116,22.863097429608,32.5316543374208,17.1857428932487
"rpl-36.A",124.328332991422,60.0531115593594,93.376016971102,123.668572460152,96.6654871740504,55.523169347419
"rpl-43",205.330125697955,130.862004293529,151.333544746269,197.454023255705,120.831858967563,125.588121142972
"rpm-1",20.7213888319037,30.4747133286302,20.1241415885996,17.6669389228789,20.4484684406645,33.0495055639399
"rpn-1",89.4787245014022,71.705207832071,90.9611199804701,70.6677556915156,70.6401637041137,66.0990111278798
"rpn-2",104.548825470059,87.8388795942869,72.4469097189585,81.0600727049737,78.0759704098099,63.4550506827646
"rpn-3",74.408623532745,75.2904682236745,89.3511886533821,93.5308531211235,86.4412529537181,100.470496914377
"rpn-5",52.7453533903003,46.6083850908461,51.5178024668149,36.3731095471036,69.7106878659017,34.3714857864975
"rpn-6.1",101.723181538436,141.61778546834,122.354780858685,95.6093165238152,101.31286636511,91.2166353564741
"rpn-7",27.3145580056912,17.9263019580177,27.3688325604954,35.3338778457578,24.1663717935126,22.4736637834791
"rpn-8",30.1402019373144,30.4747133286302,41.0532488407431,36.3731095471036,27.8842751463607,31.7275253413823
"rpn-9",55.5709973219235,57.3641662656568,60.3724247657987,42.6084997551785,54.8390744545093,30.4055451188247
"rpn-10",32.9658458689377,41.2304945034408,46.688008485551,41.5692680538327,26.0253234699366,30.4055451188247
"rpn-11",42.3846589743484,24.2005076433239,28.9787638875834,56.1185118726741,36.2495576902689,25.1176242285943
"rpn-12",18.8376262108215,25.9931378391257,22.5390385792315,21.8238657282622,36.2495576902689,14.5417824481336
"rps-0",1020.99934062653,1159.83173668375,1114.87744400842,1169.13566401404,1156.26794273576,1583.732306624
"rps-1",724.306727806087,546.752209719541,630.288114554939,855.287690207607,775.182849068827,795.832093979673
"rps-2",934.346260056747,1053.17024003354,1021.50142703731,1082.87943280234,1109.79415082516,1139.54695184465
"rps-3",852.402586039674,580.812183439775,750.227998422992,849.052299999532,816.079785950156,879.116848000801
"rps-4",1217.85253452961,1495.94989839658,1389.37073527691,1484.02286952183,1526.19932634414,1989.58023494918
"rps-5",844.867535555345,702.711036754295,834.74939309511,894.778494858748,880.213618786786,957.113681131699
"rps-6",905.147939429974,714.363133027007,759.88758638552,1005.97628690275,915.533700638842,1058.90615826863
"rps-7",653.665629515507,507.314345411902,569.91568978914,653.676740146519,686.882644438685,690.073676175065
"rps-8",1149.09519886011,1155.35016119424,1148.68600187726,1231.48956609479,1313.34935939359,1495.15963171264
"rps-9",280.680630541241,168.507238405367,214.925832166243,255.650998531071,250.029000479034,233.990499392694
"rps-10",488.836400170818,496.558564237091,480.564501135758,601.715155079228,539.095986162973,516.89426702002
"rps-11",430.439758917272,318.191859754815,394.433175136552,445.830399877355,408.96936881329,368.832482093569
"rps-12",263.726766951501,174.781444090673,205.266244203716,280.592559363371,265.830089728638,231.346538947579
"rps-13",120.560807749258,59.1567964614585,96.595879625278,139.257047980339,127.338189835047,115.012279362511
"rps-14",682.86395014228,627.420568530621,685.830745339474,802.286873438971,711.978492070409,758.81664774806
"rps-15",371.101236353184,221.389829181519,347.745166651001,368.927253977765,356.918721873417,296.123569852901
"rps-16",185.550618176592,157.751457230556,203.656312876628,210.964035373201,221.215249494461,211.516835609215
"rps-17",203.446363076872,153.269881741052,181.92223996094,241.10175471223,228.651056200158,210.194855386658
"rps-18",414.427776638073,290.406091719887,350.160063641633,443.751936474664,448.936829856407,349.002778755205
"rps-19",199.678837834708,162.233032720061,202.851347213084,240.062523010884,216.567870303401,289.513668740113
"rps-20",149.759128376031,126.380428804025,149.723613419181,160.041682007256,149.645609952136,122.944160697856
"rps-21",405.008963532663,527.929592663622,415.362282388695,383.476497796607,475.891629164556,514.250306574905
"rps-22",307.995188546932,341.496052300238,352.574960632265,333.593376132007,388.520900372626,460.049117450043
"rps-23",387.113218632382,250.071912314347,370.284205230232,438.555777967935,385.732472857989,347.680798532648
"rps-24",345.670440968575,198.085636636096,285.762810558114,391.790351407373,332.752350079904,281.581787404768
"rps-25",265.610529572583,363.007614649859,299.447226838362,309.691047001053,291.855413198575,429.643572331219
"rps-26",687.573356694985,829.987780656221,735.7386164792,815.796885556466,772.394421554191,835.491500656401
"rps-27",88.5368431908611,54.6752209719541,68.4220814012386,94.5700848224694,80.864397924446,99.1485166918197
"rps-28",61.2222851851699,24.2005076433239,42.6631801678311,56.1185118726741,56.6980261309334,30.4055451188247
"rps-29",58.3966412535467,39.437864307639,42.6631801678311,60.2754386780574,29.7432268227847,30.4055451188247
"rps-30",277.854986609617,284.131886034581,305.08198648317,307.612583598362,315.092309153876,380.730304096588
"rpt-1",33.9077271794787,26.8894529370266,24.1489699063195,41.5692680538327,28.8137509845727,50.2352484571886
"rpt-2",128.095858233586,175.677759188574,123.964712185773,120.550877356115,93.8770596594143,144.095844258778
"rpt-3",44.2684215954306,66.3273172446656,57.9575277751668,39.490804651141,39.967461043117,75.352872685783
"rpt-4",29.1983206267734,35.8526039160355,33.0035922053033,35.3338778457578,33.4611301756328,13.219802225576
"rpt-5",48.0359468375949,86.0462493984851,92.571051307558,63.3931337820948,63.2043569984175,50.2352484571886
"rpt-6",50.8615907692181,60.9494266572603,63.5922874199747,58.1969752753658,56.6980261309334,66.0990111278798
"rpy-1",8.47693179486968,16.133671762216,20.9291072521436,11.431548714804,13.0126617349683,1.3219802225576
"rrf-1",24.488914074068,22.4078774475222,24.9539355698635,12.4707804161498,15.8010892496044,23.7956440060367
"rrf-2",29.1983206267734,17.0299868601169,12.8794506167037,14.5492438188414,19.5189926024525,3.96594066767279
"rrf-3",13.1863383475751,7.1705207832071,4.02482831771991,16.6277072215331,7.43580670569618,19.8297033383639
"rars-1",32.0239645583966,17.9263019580177,45.078077158463,39.490804651141,52.9801227780853,38.3374264541703
"rars-2",1.88376262108215,0.896315097900887,9.6595879625278,6.2353902080749,8.3652825439082,7.93188133534558
"rsd-2",24.488914074068,25.9931378391257,24.9539355698635,11.431548714804,6.50633086748416,9.25386155790317
"rsd-3",21.6632701424447,18.8226170559186,20.9291072521436,23.9023291309538,20.4484684406645,22.4736637834791
"rsd-6",32.9658458689377,29.5783982307293,28.9787638875834,18.7061706242247,27.8842751463607,40.9813868992855
"rsp-1",40.5008963532663,30.4747133286302,32.1986265417593,32.2161827417203,27.8842751463607,37.0154462316127
"rsp-2",37.675252421643,34.9562888181346,66.0071844106066,46.7654265605618,58.5569778073574,63.4550506827646
"rsp-3",55.5709973219235,38.5415492097381,49.9078711397269,45.726194859216,67.8517361894777,58.1671297925342
"rsp-4",16.0119822791983,8.06683588110798,10.4645536260718,14.5492438188414,5.57685502927214,6.60990111278798
"rsp-5",6.59316917378753,15.2373566643151,22.5390385792315,21.8238657282622,21.3779442788765,19.8297033383639
"rsp-6",35.7914898005609,34.0599737202337,45.883042822007,53.0008167686367,51.1211711016613,38.3374264541703
"rsp-7",31.0820832478555,20.6152472517204,17.7092445979676,20.7846340269163,33.4611301756328,23.7956440060367
"rsp-8",26.3726766951501,18.8226170559186,27.3688325604954,17.6669389228789,16.7305650878164,21.1516835609215
"rsr-1",46.1521842165127,36.7489190139364,42.6631801678311,30.1377193390287,38.1085093666929,34.3714857864975
"sad-1",20.7213888319037,30.4747133286302,27.3688325604954,24.9415608322996,17.6600409260284,9.25386155790317
"san-1",0,0,2.41489699063195,3.11769510403745,4.64737919106011,2.64396044511519
"sap-49",32.9658458689377,32.2673435244319,36.2234548594792,28.0592559363371,27.8842751463607,27.7615846737095
"sas-4",26.3726766951501,53.7789058740532,28.9787638875834,27.0200242349912,29.7432268227847,50.2352484571886
"sax-1",16.9538635897394,17.0299868601169,12.0744849531597,24.9415608322996,20.4484684406645,19.8297033383639
"sax-2",70.6410982905807,48.4010152866479,61.9823560928867,58.1969752753658,42.755888557753,59.4891100150918
"sax-3",40.5008963532663,29.5783982307293,24.1489699063195,35.3338778457578,26.0253234699366,35.6934660090551
"sax-7",102.665062848977,78.875728615278,100.620707942998,91.4523897184319,125.479238158623,108.402378249723
"sbp-1",41.4427776638073,50.1936454824497,47.492974149095,33.2554144430661,49.2622194252372,30.4055451188247
"sca-1",1665.24615703662,1867.92066402545,1820.83233093649,1772.92928249596,1688.85759803125,2018.66379984545
"scc-1",7.53505048432861,18.8226170559186,2.41489699063195,1.03923170134582,8.3652825439082,13.219802225576
"scc-3",32.9658458689377,55.571536069855,45.883042822007,39.490804651141,30.6727026609968,83.2847540211285
"scd-1",95.1300123646487,63.638371950963,76.4717380366784,86.2562312117028,113.396052261867,111.046338694838
"scd-2",14.1282196581161,21.5115623496213,14.4893819437917,10.3923170134582,13.9421375731803,11.8978220030184
"scm-1",19.7795075213626,11.6520962727115,20.1241415885996,29.0984876376829,17.6600409260284,5.28792089023038
"scp-1",71.5829796011218,60.9494266572603,39.4433175136552,49.8831216645992,51.1211711016613,60.8110902376494
"sdc-1",5.65128786324646,13.4447264685133,6.43972530835186,8.31385361076654,13.0126617349683,7.93188133534558
"sdc-2",26.3726766951501,22.4078774475222,25.7589012334075,27.0200242349912,28.8137509845727,30.4055451188247
"sdc-3",48.0359468375949,33.1636586223328,33.8085578688473,37.4123412484494,50.1916952634492,31.7275253413823
"sdn-1",13.1863383475751,8.06683588110798,12.0744849531597,11.431548714804,23.2368959553006,21.1516835609215
"sea-2",128.095858233586,108.454126846007,118.329952540965,138.217816278994,144.998230761076,118.978220030184
"sec-5",24.488914074068,43.9194397971435,28.1737982240394,14.5492438188414,20.4484684406645,30.4055451188247
"sec-8",12.244457037034,8.06683588110798,20.1241415885996,5.19615850672908,15.8010892496044,13.219802225576
"sec-23",78.1761487749093,112.935702335512,77.2767037002224,71.7069873928614,71.5696395423257,76.6748529083406
"sec-24.1",88.5368431908611,86.942564496386,82.9114633450302,84.1777678090112,59.4864536455695,71.3869320181102
"sec-24.2",59.3385225640878,127.276743901926,90.9611199804701,62.353902080749,69.7106878659017,89.8946551339165
"sek-1",7.53505048432861,3.58526039160355,15.2943476073357,11.431548714804,20.4484684406645,19.8297033383639
"sel-1",42.3846589743484,27.7857680349275,45.078077158463,28.0592559363371,26.9547993081487,7.93188133534558
"sel-2",146.933484444408,112.039387237611,133.624300148301,118.472413953423,118.043431452927,141.451883813663
"sel-5",20.7213888319037,20.6152472517204,20.1241415885996,21.8238657282622,19.5189926024525,31.7275253413823
"sel-8",20.7213888319037,13.4447264685133,16.0993132708797,16.6277072215331,26.0253234699366,9.25386155790317
"sel-9",11.3025757264929,17.9263019580177,10.4645536260718,18.7061706242247,22.3074201170885,13.219802225576
"sel-10",10.3606944159518,13.4447264685133,20.1241415885996,29.0984876376829,15.8010892496044,9.25386155790317
"sel-11",17.8957449002804,30.4747133286302,20.9291072521436,21.8238657282622,33.4611301756328,25.1176242285943
"sel-12",2.82564393162323,8.06683588110798,6.43972530835186,4.15692680538327,1.85895167642405,2.64396044511519
"sem-2",4.70940655270538,0.896315097900887,2.41489699063195,9.35308531211235,2.78842751463607,1.3219802225576
"sem-4",49.919709458677,51.0899605803506,34.6135235323913,51.9615850672908,28.8137509845727,54.2011891248614
"sem-5",4.70940655270538,4.48157548950443,3.21986265417593,6.2353902080749,3.71790335284809,6.60990111278798
"1-Sep",7.53505048432861,2.68894529370266,2.41489699063195,15.5884755201873,10.2242342203322,9.25386155790317
"ser-1",5.65128786324646,9.85946607690976,10.4645536260718,2.07846340269163,1.85895167642405,2.64396044511519
"ser-2",0,2.68894529370266,3.21986265417593,0,7.43580670569618,3.96594066767279
"ser-3",5.65128786324646,14.3410415664142,9.6595879625278,18.7061706242247,3.71790335284809,13.219802225576
"ser-4",5.65128786324646,19.7189321538195,18.5142102615116,6.2353902080749,13.9421375731803,21.1516835609215
"set-1",9.41881310541076,14.3410415664142,16.9042789344236,8.31385361076654,17.6600409260284,11.8978220030184
"set-2",55.5709973219235,81.5646739089807,47.492974149095,29.0984876376829,52.0506469398733,70.0649517955526
"seu-1",38.6171337321841,36.7489190139364,46.688008485551,34.294646144412,35.3200818520569,43.6253473444007
"sex-1",2.82564393162323,6.27420568530621,6.43972530835186,5.19615850672908,3.71790335284809,2.64396044511519
"sft-1",3.7675252421643,0.896315097900887,2.41489699063195,7.27462190942072,0.929475838212023,0
"sft-4",41.4427776638073,79.7720437131789,40.2482831771991,40.5300363524869,35.3200818520569,44.9473275669583
"sgk-1",26.3726766951501,64.5346870488639,39.4433175136552,34.294646144412,33.4611301756328,29.0835648962671
"sgn-1",1.88376262108215,0.896315097900887,8.85462229898381,3.11769510403745,1.85895167642405,5.28792089023038
"sid-1",0.941881310541076,2.68894529370266,1.60993132708797,4.15692680538327,7.43580670569618,2.64396044511519
"sid-2",5.65128786324646,4.48157548950443,4.02482831771991,11.431548714804,10.2242342203322,5.28792089023038
"sip-1",5.65128786324646,12.5484113706124,5.63475964480788,11.431548714804,8.3652825439082,10.5758417804608
"sir-2.1",16.9538635897394,20.6152472517204,39.4433175136552,10.3923170134582,23.2368959553006,26.4396044511519
"sir-2.2",6.59316917378753,14.3410415664142,5.63475964480788,16.6277072215331,10.2242342203322,7.93188133534558
"skn-1",92.3043684330254,81.5646739089807,75.6667723731344,62.353902080749,60.4159294837815,37.0154462316127
"skp-1",28.2564393162323,26.8894529370266,31.3936608782153,31.1769510403745,28.8137509845727,15.8637626706912
"skr-1",77.2342674643682,86.942564496386,65.2022187470626,87.2954629130486,74.3580670569618,58.1671297925342
"skr-2",0.941881310541076,0,0,2.07846340269163,0.929475838212023,0
"skr-3",7.53505048432861,17.9263019580177,12.0744849531597,11.431548714804,23.2368959553006,26.4396044511519
"skr-16",0,0,2.41489699063195,3.11769510403745,5.57685502927214,2.64396044511519
"F56B3.4",32.9658458689377,18.8226170559186,9.6595879625278,3.11769510403745,12.0831858967563,14.5417824481336
"skr-19",8.47693179486968,26.8894529370266,19.3191759250556,12.4707804161498,20.4484684406645,25.1176242285943
"skr-20",0.941881310541076,4.48157548950443,4.02482831771991,5.19615850672908,1.85895167642405,11.8978220030184
"skr-21",0,0,1.60993132708797,0,4.64737919106011,0
"sli-1",12.244457037034,7.1705207832071,7.24469097189585,17.6669389228789,9.29475838212023,10.5758417804608
"slo-1",38.6171337321841,30.4747133286302,37.8333861865672,35.3338778457578,44.6148402341771,47.5912880120735
"slo-2",17.8957449002804,38.5415492097381,16.0993132708797,33.2554144430661,26.0253234699366,55.523169347419
"slt-1",39.5590150427252,19.7189321538195,25.7589012334075,27.0200242349912,23.2368959553006,19.8297033383639
"sma-1",259.959241709337,129.965689195629,183.532171288028,167.316303916677,157.081416657832,259.108123621289
"sma-2",1.88376262108215,5.37789058740532,4.02482831771991,3.11769510403745,3.71790335284809,7.93188133534558
"sma-3",9.41881310541076,11.6520962727115,6.43972530835186,6.2353902080749,7.43580670569618,7.93188133534558
"sma-4",18.8376262108215,16.133671762216,22.5390385792315,17.6669389228789,19.5189926024525,11.8978220030184
"sma-5",15.0701009686572,15.2373566643151,9.6595879625278,15.5884755201873,16.7305650878164,14.5417824481336
"sma-6",8.47693179486968,26.8894529370266,12.0744849531597,11.431548714804,10.2242342203322,9.25386155790317
"sma-9",155.410416239278,156.855142132655,133.624300148301,206.807108567818,174.74145758386,191.687132270851
"smc-3",38.6171337321841,27.7857680349275,33.8085578688473,30.1377193390287,39.967461043117,25.1176242285943
"smc-4",53.6872347008413,43.9194397971435,46.688008485551,74.8246824968988,59.4864536455695,75.352872685783
"smd-1",92.3043684330254,111.14307213971,90.9611199804701,93.5308531211235,88.3002046301422,111.046338694838
"smf-1",0.941881310541076,0,2.41489699063195,2.07846340269163,5.57685502927214,5.28792089023038
"smf-3",0.941881310541076,4.48157548950443,1.60993132708797,0,0.929475838212023,7.93188133534558
"smg-1",57.4547599430056,51.0899605803506,57.9575277751668,46.7654265605618,57.6275019691454,35.6934660090551
"smg-2",51.8034720797592,74.3941531257736,67.6171157376946,45.726194859216,55.7685502927214,80.6407935760134
"smg-3",32.9658458689377,17.0299868601169,35.4184891959353,30.1377193390287,39.037985204905,51.5572286797462
"smg-4",16.9538635897394,10.7557811748106,11.2695192896158,12.4707804161498,5.57685502927214,14.5417824481336
"smg-5",6.59316917378753,8.06683588110798,10.4645536260718,4.15692680538327,5.57685502927214,1.3219802225576
"smg-6",73.4667422222039,62.7420568530621,70.8369783918705,57.1577435740199,50.1916952634492,59.4891100150918
"smg-7",0,1.79263019580177,0,5.19615850672908,3.71790335284809,1.3219802225576
"smi-1",0.941881310541076,2.68894529370266,0.804965663543983,1.03923170134582,4.64737919106011,1.3219802225576
"smn-1",0.941881310541076,1.79263019580177,2.41489699063195,5.19615850672908,7.43580670569618,0
"smo-1",23.5470327635269,33.1636586223328,23.3440042427755,38.4515729497952,31.6021784992088,38.3374264541703
"smp-1",12.244457037034,14.3410415664142,8.85462229898381,12.4707804161498,14.8716134113924,11.8978220030184
"smp-2",15.0701009686572,17.0299868601169,14.4893819437917,21.8238657282622,13.9421375731803,6.60990111278798
"smr-1",12.244457037034,18.8226170559186,4.02482831771991,11.431548714804,3.71790335284809,3.96594066767279
"sms-1",18.8376262108215,28.6820831328284,21.7340729156875,13.5100121174956,28.8137509845727,13.219802225576
"sms-2",16.0119822791983,18.8226170559186,16.0993132708797,12.4707804161498,8.3652825439082,22.4736637834791
"sms-3",6.59316917378753,6.27420568530621,3.21986265417593,9.35308531211235,11.1537100585443,17.1857428932487
"smu-1",17.8957449002804,7.1705207832071,16.9042789344236,12.4707804161498,6.50633086748416,5.28792089023038
"smu-2",31.0820832478555,25.0968227412248,18.5142102615116,32.2161827417203,18.5895167642405,18.5077231158063
"snb-1",21.6632701424447,23.3041925454231,16.0993132708797,28.0592559363371,15.8010892496044,31.7275253413823
"snb-2",0,4.48157548950443,1.60993132708797,2.07846340269163,1.85895167642405,0
"snf-1",22.6051514529858,13.4447264685133,20.1241415885996,23.9023291309538,13.0126617349683,9.25386155790317
"snf-3",60.2804038746289,75.2904682236745,59.5674591022547,46.7654265605618,47.4032677488132,56.8451495699766
"snf-6",11.3025757264929,7.1705207832071,10.4645536260718,5.19615850672908,3.71790335284809,2.64396044511519
"snf-11",24.488914074068,21.5115623496213,18.5142102615116,20.7846340269163,17.6600409260284,13.219802225576
"snf-12",12.244457037034,25.9931378391257,20.9291072521436,2.07846340269163,10.2242342203322,13.219802225576
"sng-1",23.5470327635269,42.1268096013417,31.3936608782153,30.1377193390287,22.3074201170885,27.7615846737095
"snn-1",5.65128786324646,7.1705207832071,10.4645536260718,11.431548714804,11.1537100585443,5.28792089023038
"snr-1",133.747146096833,70.8088927341701,104.645536260718,96.648548225161,126.408713996835,97.8265364692621
"snr-2",13.1863383475751,14.3410415664142,8.85462229898381,14.5492438188414,18.5895167642405,10.5758417804608
"snr-3",8.47693179486968,8.96315097900887,12.8794506167037,17.6669389228789,18.5895167642405,9.25386155790317
"snr-4",12.244457037034,9.85946607690976,28.9787638875834,17.6669389228789,5.57685502927214,6.60990111278798
"snr-5",1.88376262108215,1.79263019580177,0.804965663543983,8.31385361076654,2.78842751463607,2.64396044511519
"snr-6",32.9658458689377,24.2005076433239,35.4184891959353,31.1769510403745,13.0126617349683,13.219802225576
"snr-7",4.70940655270538,1.79263019580177,0,5.19615850672908,4.64737919106011,11.8978220030184
"snt-1",17.8957449002804,25.0968227412248,23.3440042427755,31.1769510403745,21.3779442788765,26.4396044511519
"snt-2",14.1282196581161,21.5115623496213,10.4645536260718,8.31385361076654,5.57685502927214,6.60990111278798
"snt-3",12.244457037034,8.06683588110798,9.6595879625278,9.35308531211235,8.3652825439082,6.60990111278798
"snt-4",68.7573356694985,71.705207832071,58.7624934387108,76.9031458995905,87.3707287919301,63.4550506827646
"snt-5",20.7213888319037,20.6152472517204,8.85462229898381,9.35308531211235,10.2242342203322,3.96594066767279
"snt-6",5.65128786324646,5.37789058740532,3.21986265417593,10.3923170134582,7.43580670569618,7.93188133534558
"snx-1",7.53505048432861,9.85946607690976,27.3688325604954,16.6277072215331,8.3652825439082,25.1176242285943
"soc-1",8.47693179486968,10.7557811748106,4.8297939812639,4.15692680538327,11.1537100585443,13.219802225576
"soc-2",24.488914074068,46.6083850908461,33.0035922053033,35.3338778457578,34.3906060138448,31.7275253413823
"sod-1",39.5590150427252,86.942564496386,50.7128368032709,45.726194859216,49.2622194252372,30.4055451188247
"sod-2",17.8957449002804,9.85946607690976,15.2943476073357,20.7846340269163,14.8716134113924,15.8637626706912
"sod-4",15.0701009686572,8.06683588110798,13.6844162802477,21.8238657282622,8.3652825439082,13.219802225576
"sol-1",9.41881310541076,1.79263019580177,2.41489699063195,12.4707804161498,10.2242342203322,13.219802225576
"sop-2",25.4307953846091,40.3341794055399,30.5886952146714,37.4123412484494,35.3200818520569,40.9813868992855
"sop-3",30.1402019373144,34.9562888181346,26.5638668969514,32.2161827417203,43.6853643959651,37.0154462316127
"sos-1",50.8615907692181,58.2604813635577,42.6631801678311,56.1185118726741,51.1211711016613,50.2352484571886
"sox-2",14.1282196581161,4.48157548950443,12.0744849531597,13.5100121174956,9.29475838212023,3.96594066767279
"sox-3",3.7675252421643,6.27420568530621,1.60993132708797,5.19615850672908,6.50633086748416,10.5758417804608
"spc-1",522.744127350297,449.053864048344,513.568093341061,459.340411994851,473.10320164992,571.095456144881
"spd-1",25.4307953846091,25.0968227412248,16.0993132708797,16.6277072215331,17.6600409260284,21.1516835609215
"spd-2",16.0119822791983,12.5484113706124,12.0744849531597,9.35308531211235,26.0253234699366,13.219802225576
"spd-5",38.6171337321841,25.0968227412248,21.7340729156875,33.2554144430661,48.3327435870252,31.7275253413823
"spe-15",0.941881310541076,1.79263019580177,7.24469097189585,4.15692680538327,0,6.60990111278798
"spe-39",13.1863383475751,11.6520962727115,16.0993132708797,9.35308531211235,0,17.1857428932487
"spg-7",134.689027407374,132.654634489331,139.259059793109,137.178584577648,131.985569026107,122.944160697856
"sph-1",9.41881310541076,8.06683588110798,14.4893819437917,16.6277072215331,23.2368959553006,19.8297033383639
"spk-1",93.2462497435665,99.4909758669985,111.08526156907,117.433182252077,89.2296804683542,107.080398027165
"spl-1",48.977828148136,31.371028426531,24.9539355698635,33.2554144430661,26.0253234699366,39.6594066767279
"spp-1",37.675252421643,34.0599737202337,23.3440042427755,43.6477314565243,61.3454053219935,44.9473275669583
"spp-2",15.0701009686572,15.2373566643151,14.4893819437917,19.7454023255705,8.3652825439082,9.25386155790317
"spp-3",68.7573356694985,70.8088927341701,72.4469097189585,78.9816093022821,93.8770596594143,56.8451495699766
"spp-4",1.88376262108215,0,1.60993132708797,1.03923170134582,0,0
"spp-5",83.8274366381558,77.9794135173772,101.425673606542,104.962401835928,93.8770596594143,75.352872685783
"spp-8",53.6872347008413,69.9125776362692,64.3972530835186,38.4515729497952,55.7685502927214,62.133070460207
"spp-10",59.3385225640878,67.2236323425665,62.7873217564307,62.353902080749,55.7685502927214,44.9473275669583
"spp-14",76.2923861538272,79.7720437131789,69.2270470647825,107.040865238619,109.678148909019,46.2693077895159
"spp-15",4.70940655270538,1.79263019580177,5.63475964480788,11.431548714804,10.2242342203322,0
"spp-16",14.1282196581161,22.4078774475222,20.1241415885996,16.6277072215331,19.5189926024525,10.5758417804608
"spp-17",147.875365754949,88.7351946921878,103.03560493363,121.590109057461,105.030769717959,111.046338694838
"spp-18",32.0239645583966,38.5415492097381,33.8085578688473,27.0200242349912,27.8842751463607,14.5417824481336
"spr-1",9.41881310541076,3.58526039160355,4.02482831771991,8.31385361076654,9.29475838212023,5.28792089023038
"spr-2",1.88376262108215,16.133671762216,18.5142102615116,9.35308531211235,13.0126617349683,17.1857428932487
"spr-4",48.0359468375949,32.2673435244319,45.883042822007,34.294646144412,46.4737919106011,52.8792089023038
"spr-5",30.1402019373144,47.504700188747,36.2234548594792,23.9023291309538,42.755888557753,54.2011891248614
"spt-4",3.7675252421643,2.68894529370266,4.8297939812639,7.27462190942072,2.78842751463607,1.3219802225576
"spt-5",85.7111992592379,67.2236323425665,70.8369783918705,70.6677556915156,75.2875428951738,55.523169347419
"sqt-1",0,0,0,66.5108288861323,51.1211711016613,18.5077231158063
"sqt-2",0,0,0,34.294646144412,14.8716134113924,9.25386155790317
"sqt-3",0,0.896315097900887,0,72.7462190942072,64.1338328366296,35.6934660090551
"sqv-1",4.70940655270538,6.27420568530621,24.9539355698635,23.9023291309538,8.3652825439082,7.93188133534558
"sqv-3",3.7675252421643,1.79263019580177,7.24469097189585,0,0.929475838212023,0
"sqv-4",2.82564393162323,4.48157548950443,8.85462229898381,6.2353902080749,6.50633086748416,7.93188133534558
"sqv-5",25.4307953846091,26.8894529370266,14.4893819437917,18.7061706242247,23.2368959553006,35.6934660090551
"sqv-6",8.47693179486968,13.4447264685133,11.2695192896158,6.2353902080749,13.9421375731803,13.219802225576
"sqv-7",11.3025757264929,21.5115623496213,23.3440042427755,18.7061706242247,18.5895167642405,30.4055451188247
"sqv-8",3.7675252421643,14.3410415664142,8.85462229898381,3.11769510403745,8.3652825439082,19.8297033383639
"src-1",12.244457037034,17.9263019580177,21.7340729156875,22.863097429608,15.8010892496044,25.1176242285943
"src-2",7.53505048432861,4.48157548950443,0.804965663543983,4.15692680538327,1.85895167642405,0
"srf-3",2.82564393162323,3.58526039160355,4.8297939812639,2.07846340269163,0.929475838212023,2.64396044511519
"srp-3",2.82564393162323,2.68894529370266,1.60993132708797,0,2.78842751463607,2.64396044511519
"srp-6",5.65128786324646,14.3410415664142,8.85462229898381,9.35308531211235,15.8010892496044,2.64396044511519
"srp-7",31.0820832478555,43.0231246992426,24.1489699063195,32.2161827417203,27.8842751463607,34.3714857864975
"srr-1",0,1.79263019580177,0,0,0.929475838212023,0
"srr-4",8.47693179486968,10.7557811748106,8.85462229898381,10.3923170134582,13.0126617349683,19.8297033383639
"sars-2",17.8957449002804,13.4447264685133,7.24469097189585,9.35308531211235,6.50633086748416,1.3219802225576
"sars-1",97.9556562962719,64.5346870488639,65.2022187470626,77.9423776009363,92.9475838212023,68.742971572995
"srv-1",0.941881310541076,1.79263019580177,5.63475964480788,7.27462190942072,4.64737919106011,0
"srw-85",0,4.48157548950443,5.63475964480788,10.3923170134582,1.85895167642405,6.60990111278798
"ssr-2",8.47693179486968,4.48157548950443,2.41489699063195,4.15692680538327,2.78842751463607,0
"stc-1",13.1863383475751,8.96315097900887,12.8794506167037,27.0200242349912,13.0126617349683,10.5758417804608
"stl-1",16.0119822791983,12.5484113706124,13.6844162802477,8.31385361076654,13.0126617349683,21.1516835609215
"stn-1",12.244457037034,33.1636586223328,24.1489699063195,11.431548714804,8.3652825439082,23.7956440060367
"sto-2",2.82564393162323,0.896315097900887,0,1.03923170134582,1.85895167642405,0
"sto-4",9.41881310541076,9.85946607690976,12.0744849531597,1.03923170134582,7.43580670569618,6.60990111278798
"sto-5",1.88376262108215,7.1705207832071,4.8297939812639,4.15692680538327,6.50633086748416,6.60990111278798
"sto-6",0,0,2.41489699063195,2.07846340269163,0,3.96594066767279
"str-176",2.82564393162323,0,2.41489699063195,4.15692680538327,0.929475838212023,2.64396044511519
"sue-1",13.1863383475751,24.2005076433239,25.7589012334075,46.7654265605618,31.6021784992088,14.5417824481336
"suf-1",14.1282196581161,20.6152472517204,23.3440042427755,14.5492438188414,11.1537100585443,13.219802225576
"sul-2",9.41881310541076,5.37789058740532,7.24469097189585,8.31385361076654,11.1537100585443,3.96594066767279
"sup-9",2.82564393162323,3.58526039160355,2.41489699063195,3.11769510403745,0,5.28792089023038
"sup-10",4.70940655270538,3.58526039160355,2.41489699063195,2.07846340269163,0,0
"sup-12",6.59316917378753,9.85946607690976,16.0993132708797,11.431548714804,7.43580670569618,14.5417824481336
"sup-17",30.1402019373144,32.2673435244319,20.1241415885996,43.6477314565243,27.8842751463607,39.6594066767279
"sup-26",48.0359468375949,67.2236323425665,66.0071844106066,82.0993044063195,83.6528254390821,63.4550506827646
"sup-37",49.919709458677,25.0968227412248,46.688008485551,42.6084997551785,42.755888557753,29.0835648962671
"sur-2",32.0239645583966,19.7189321538195,18.5142102615116,28.0592559363371,44.6148402341771,29.0835648962671
"sur-5",67.8154543589575,60.0531115593594,61.1773904293427,49.8831216645992,35.3200818520569,37.0154462316127
"sur-6",38.6171337321841,34.9562888181346,45.883042822007,38.4515729497952,29.7432268227847,62.133070460207
"sur-7",5.65128786324646,12.5484113706124,5.63475964480788,1.03923170134582,9.29475838212023,7.93188133534558
"swp-1",9.41881310541076,16.133671762216,16.0993132708797,7.27462190942072,13.9421375731803,19.8297033383639
"syd-1",27.3145580056912,23.3041925454231,38.6383518501112,12.4707804161498,18.5895167642405,25.1176242285943
"syd-2",16.0119822791983,19.7189321538195,21.7340729156875,11.431548714804,13.0126617349683,9.25386155790317
"syg-1",9.41881310541076,13.4447264685133,4.02482831771991,9.35308531211235,13.0126617349683,6.60990111278798
"sym-1",0.941881310541076,4.48157548950443,4.02482831771991,55.0792801713283,52.9801227780853,66.0990111278798
"sym-2",4.70940655270538,10.7557811748106,19.3191759250556,19.7454023255705,27.8842751463607,10.5758417804608
"sym-4",37.675252421643,39.437864307639,37.0284205230232,33.2554144430661,44.6148402341771,43.6253473444007
"syx-3",0.941881310541076,0.896315097900887,8.85462229898381,4.15692680538327,12.0831858967563,5.28792089023038
"syx-2",23.5470327635269,28.6820831328284,13.6844162802477,14.5492438188414,26.0253234699366,21.1516835609215
"syx-5",19.7795075213626,17.0299868601169,22.5390385792315,21.8238657282622,13.9421375731803,17.1857428932487
"sys-1",6.59316917378753,3.58526039160355,6.43972530835186,3.11769510403745,2.78842751463607,0
"tac-1",11.3025757264929,19.7189321538195,16.0993132708797,12.4707804161498,9.29475838212023,23.7956440060367
"taf-1",43.3265402848895,30.4747133286302,41.0532488407431,42.6084997551785,35.3200818520569,56.8451495699766
"taf-2",21.6632701424447,8.96315097900887,11.2695192896158,11.431548714804,20.4484684406645,10.5758417804608
"taf-3",16.9538635897394,14.3410415664142,15.2943476073357,16.6277072215331,10.2242342203322,21.1516835609215
"taf-4",1.88376262108215,1.79263019580177,6.43972530835186,6.2353902080749,4.64737919106011,11.8978220030184
"taf-5",3.7675252421643,3.58526039160355,6.43972530835186,5.19615850672908,5.57685502927214,13.219802225576
"taf-6.1",1.88376262108215,8.96315097900887,9.6595879625278,2.07846340269163,6.50633086748416,6.60990111278798
"taf-7.2",5.65128786324646,9.85946607690976,7.24469097189585,1.03923170134582,3.71790335284809,2.64396044511519
"taf-8",3.7675252421643,3.58526039160355,4.02482831771991,3.11769510403745,4.64737919106011,11.8978220030184
"taf-9",5.65128786324646,0,2.41489699063195,5.19615850672908,6.50633086748416,1.3219802225576
"taf-10",11.3025757264929,4.48157548950443,6.43972530835186,7.27462190942072,14.8716134113924,1.3219802225576
"taf-11.1",3.7675252421643,0.896315097900887,4.8297939812639,3.11769510403745,1.85895167642405,2.64396044511519
"taf-12",15.0701009686572,5.37789058740532,4.8297939812639,5.19615850672908,6.50633086748416,5.28792089023038
"taf-13",2.82564393162323,4.48157548950443,9.6595879625278,5.19615850672908,3.71790335284809,3.96594066767279
"fut-3",0.941881310541076,3.58526039160355,3.21986265417593,6.2353902080749,6.50633086748416,14.5417824481336
"tag-10",229.819039772023,381.830231705778,345.330269660369,241.10175471223,260.253234699366,302.733470965689
"itsn-1",91.3624871224844,140.721470370439,103.840570597174,104.962401835928,128.267665673259,87.2506946888013
"srgp-1",30.1402019373144,36.7489190139364,36.2234548594792,38.4515729497952,32.5316543374208,56.8451495699766
"lim-9",48.0359468375949,46.6083850908461,51.5178024668149,47.8046582619076,64.1338328366296,59.4891100150918
"tag-18",42.3846589743484,77.0830984194763,51.5178024668149,63.3931337820948,47.4032677488132,54.2011891248614
"nck-1",28.2564393162323,28.6820831328284,21.7340729156875,21.8238657282622,25.0958476317246,27.7615846737095
"nlg-1",30.1402019373144,28.6820831328284,14.4893819437917,36.3731095471036,15.8010892496044,25.1176242285943
"raga-1",5.65128786324646,11.6520962727115,5.63475964480788,8.31385361076654,11.1537100585443,9.25386155790317
"tag-30",15.0701009686572,20.6152472517204,19.3191759250556,13.5100121174956,20.4484684406645,33.0495055639399
"asd-2",33.9077271794787,23.3041925454231,23.3440042427755,30.1377193390287,28.8137509845727,18.5077231158063
"ctbp-1",10.3606944159518,17.0299868601169,12.0744849531597,10.3923170134582,14.8716134113924,18.5077231158063
"tag-51",7.53505048432861,1.79263019580177,4.02482831771991,4.15692680538327,2.78842751463607,1.3219802225576
"tag-52",17.8957449002804,38.5415492097381,28.1737982240394,36.3731095471036,46.4737919106011,39.6594066767279
"atrn-1",36.733371111102,37.6452341118373,45.883042822007,41.5692680538327,50.1916952634492,48.913268234631
"sdhb-1",95.1300123646487,112.039387237611,116.720021213878,57.1577435740199,78.0759704098099,115.012279362511
"prdx-2",637.653647236308,927.686126327418,796.916006908543,797.090714932242,799.34922086234,1006.02694936633
"ttn-1",416.311539259156,249.175597216447,321.181299754049,297.220266584904,283.490130654667,345.036838087533
"mrck-1",57.4547599430056,57.3641662656568,63.5922874199747,59.2362069767116,60.4159294837815,68.742971572995
"nrfl-1",75.3505048432861,59.1567964614585,78.0816693637664,80.0208410036279,72.4991153805378,55.523169347419
"ant-1.1",1767.9112198856,2240.78774475222,2038.97802575691,1984.93254957051,1977.92458371518,2633.38460333473
"tag-63",1.88376262108215,0.896315097900887,4.02482831771991,1.03923170134582,0.929475838212023,5.28792089023038
"cpna-4",0.941881310541076,2.68894529370266,1.60993132708797,0,3.71790335284809,1.3219802225576
"tag-65",10.3606944159518,8.96315097900887,15.2943476073357,7.27462190942072,10.2242342203322,10.5758417804608
"pak-2",6.59316917378753,6.27420568530621,9.6595879625278,7.27462190942072,3.71790335284809,9.25386155790317
"shn-1",32.9658458689377,32.2673435244319,21.7340729156875,34.294646144412,31.6021784992088,38.3374264541703
"tag-68",2.82564393162323,4.48157548950443,3.21986265417593,1.03923170134582,1.85895167642405,0
"atx-3",4.70940655270538,7.1705207832071,7.24469097189585,3.11769510403745,8.3652825439082,0
"tag-72",13.1863383475751,16.133671762216,13.6844162802477,13.5100121174956,11.1537100585443,11.8978220030184
"glod-4",16.9538635897394,7.1705207832071,8.85462229898381,8.31385361076654,8.3652825439082,10.5758417804608
"tag-77",26.3726766951501,16.133671762216,11.2695192896158,13.5100121174956,18.5895167642405,15.8637626706912
"heh-1",16.0119822791983,10.7557811748106,9.6595879625278,10.3923170134582,14.8716134113924,10.5758417804608
"tag-89",6.59316917378753,0,0,0,1.85895167642405,0
"ppm-1.A",32.0239645583966,18.8226170559186,47.492974149095,47.8046582619076,42.755888557753,39.6594066767279
"svh-5",11.3025757264929,7.1705207832071,15.2943476073357,9.35308531211235,1.85895167642405,18.5077231158063
"nduf-2.2",1.88376262108215,5.37789058740532,5.63475964480788,2.07846340269163,0.929475838212023,0
"bath-47",4.70940655270538,15.2373566643151,13.6844162802477,8.31385361076654,11.1537100585443,11.8978220030184
"fntb-1",17.8957449002804,14.3410415664142,5.63475964480788,12.4707804161498,10.2242342203322,7.93188133534558
"magu-2",25.4307953846091,20.6152472517204,16.9042789344236,13.5100121174956,13.9421375731803,26.4396044511519
"rhgf-1",6.59316917378753,6.27420568530621,15.2943476073357,20.7846340269163,13.0126617349683,10.5758417804608
"tag-120",3.7675252421643,0,0,4.15692680538327,4.64737919106011,5.28792089023038
"tag-123",31.0820832478555,20.6152472517204,40.2482831771991,37.4123412484494,29.7432268227847,46.2693077895159
"tag-124",4.70940655270538,1.79263019580177,12.0744849531597,3.11769510403745,0.929475838212023,1.3219802225576
"wdr-5.1",7.53505048432861,15.2373566643151,16.9042789344236,13.5100121174956,16.7305650878164,17.1857428932487
"tyra-3",1.88376262108215,4.48157548950443,7.24469097189585,4.15692680538327,3.71790335284809,2.64396044511519
"rhgf-2",19.7795075213626,13.4447264685133,8.85462229898381,8.31385361076654,28.8137509845727,13.219802225576
"chup-1",5.65128786324646,0.896315097900887,0,0,0,0
"tag-131",4.70940655270538,15.2373566643151,22.5390385792315,15.5884755201873,12.0831858967563,10.5758417804608
"tmbi-4",22.6051514529858,42.1268096013417,24.9539355698635,45.726194859216,26.0253234699366,64.7770309053222
"plrg-1",26.3726766951501,13.4447264685133,17.7092445979676,20.7846340269163,16.7305650878164,11.8978220030184
"dgk-4",48.0359468375949,69.9125776362692,67.6171157376946,53.0008167686367,62.2748811602055,95.1825760241469
"zhit-3",27.3145580056912,21.5115623496213,24.1489699063195,21.8238657282622,8.3652825439082,6.60990111278798
"kdin-1",64.9898104273342,67.2236323425665,68.4220814012386,69.6285239901697,26.0253234699366,63.4550506827646
"acl-3",5.65128786324646,20.6152472517204,8.85462229898381,1.03923170134582,8.3652825439082,2.64396044511519
"let-391",3.7675252421643,8.96315097900887,2.41489699063195,7.27462190942072,4.64737919106011,6.60990111278798
"ivns-1",21.6632701424447,11.6520962727115,28.9787638875834,50.922353365945,33.4611301756328,33.0495055639399
"zipt-7.2",31.0820832478555,31.371028426531,20.9291072521436,21.8238657282622,23.2368959553006,37.0154462316127
"cpna-1",99.8394189173541,137.136209978836,122.354780858685,107.040865238619,110.607624747231,148.061784926451
"cgef-1",9.41881310541076,25.9931378391257,12.0744849531597,5.19615850672908,13.0126617349683,15.8637626706912
"tag-151",216.632701424447,177.470389384376,189.97189659638,133.021657772265,117.113955614715,163.925547597142
"ten-1",74.408623532745,55.571536069855,47.492974149095,45.726194859216,55.7685502927214,64.7770309053222
"tag-153",8.47693179486968,7.1705207832071,4.02482831771991,6.2353902080749,1.85895167642405,5.28792089023038
"snx-3",27.3145580056912,42.1268096013417,24.9539355698635,34.294646144412,30.6727026609968,34.3714857864975
"kcc-1",171.422398518476,157.751457230556,119.939883868053,165.237840513985,131.985569026107,112.368318917396
"lagr-1",7.53505048432861,13.4447264685133,2.41489699063195,6.2353902080749,1.85895167642405,10.5758417804608
"tns-1",64.0479291167932,57.3641662656568,61.9823560928867,54.0400484699825,60.4159294837815,48.913268234631
"mtrr-1",29.1983206267734,15.2373566643151,20.1241415885996,24.9415608322996,27.8842751463607,35.6934660090551
"abcf-1",47.0940655270538,29.5783982307293,44.2731114949191,36.3731095471036,38.1085093666929,34.3714857864975
"rimb-1",35.7914898005609,35.8526039160355,45.078077158463,43.6477314565243,39.967461043117,29.0835648962671
"tdp-1",14.1282196581161,17.9263019580177,6.43972530835186,8.31385361076654,4.64737919106011,10.5758417804608
"txdc-9",9.41881310541076,7.1705207832071,8.85462229898381,14.5492438188414,5.57685502927214,13.219802225576
"vps-16",19.7795075213626,19.7189321538195,16.0993132708797,15.5884755201873,21.3779442788765,18.5077231158063
"madd-3",35.7914898005609,73.4978380278727,54.7376651209908,25.9807925336454,33.4611301756328,42.3033671218431
"bckd-1B",23.5470327635269,29.5783982307293,35.4184891959353,27.0200242349912,25.0958476317246,29.0835648962671
"cox-6A",31.0820832478555,19.7189321538195,25.7589012334075,37.4123412484494,39.037985204905,26.4396044511519
"tag-175",0.941881310541076,1.79263019580177,0.804965663543983,0,0.929475838212023,0
"tam-1",66.8735730484164,60.9494266572603,41.0532488407431,38.4515729497952,58.5569778073574,56.8451495699766
"tap-1",1.88376262108215,3.58526039160355,8.04965663543983,1.03923170134582,5.57685502927214,14.5417824481336
"tax-6",124.328332991422,182.848279971781,132.819334484757,134.06088947361,151.50456162856,177.145349822718
"tba-1",247.714784672303,301.161872894698,250.344321362179,299.298729987595,289.996461522151,264.396044511519
"tba-2",222.283989287694,215.115623496213,257.589012334075,313.847973806437,295.573316551423,293.479609407786
"tba-4",33.9077271794787,56.4678511677559,36.2234548594792,61.3146703794032,40.896936881329,55.523169347419
"tba-5",6.59316917378753,4.48157548950443,0,4.15692680538327,1.85895167642405,0
"tba-7",27.3145580056912,45.7120699929452,40.2482831771991,19.7454023255705,40.896936881329,44.9473275669583
"tba-8",1.88376262108215,4.48157548950443,6.43972530835186,8.31385361076654,16.7305650878164,7.93188133534558
"tba-9",11.3025757264929,5.37789058740532,10.4645536260718,11.431548714804,1.85895167642405,2.64396044511519
"tbb-1",139.398433960079,250.071912314347,189.97189659638,205.767876866472,197.978353539161,271.005945624307
"tbb-2",233.586565014187,292.198721915689,275.298256932042,286.827949571446,294.643840713211,383.374264541703
"tbb-4",4.70940655270538,4.48157548950443,2.41489699063195,12.4707804161498,4.64737919106011,7.93188133534558
"tbb-6",3.7675252421643,1.79263019580177,4.02482831771991,0,1.85895167642405,0
"tbg-1",7.53505048432861,3.58526039160355,3.21986265417593,7.27462190942072,5.57685502927214,6.60990111278798
"tbp-1",6.59316917378753,4.48157548950443,8.85462229898381,1.03923170134582,3.71790335284809,6.60990111278798
"tbx-2",9.41881310541076,15.2373566643151,9.6595879625278,11.431548714804,10.2242342203322,18.5077231158063
"tcl-2",5.65128786324646,22.4078774475222,12.0744849531597,3.11769510403745,7.43580670569618,7.93188133534558
"tdc-1",9.41881310541076,7.1705207832071,10.4645536260718,15.5884755201873,14.8716134113924,7.93188133534558
"teg-1",3.7675252421643,3.58526039160355,5.63475964480788,9.35308531211235,6.50633086748416,7.93188133534558
"tfg-1",27.3145580056912,91.4241399858905,85.3263603356622,68.5892922888239,90.1591563065662,77.9968331308982
"tgt-1",6.59316917378753,7.1705207832071,9.6595879625278,2.07846340269163,11.1537100585443,1.3219802225576
"tgt-2",6.59316917378753,8.96315097900887,11.2695192896158,3.11769510403745,8.3652825439082,6.60990111278798
"tig-2",9.41881310541076,9.85946607690976,4.02482831771991,8.31385361076654,13.9421375731803,17.1857428932487
"tim-1",28.2564393162323,11.6520962727115,9.6595879625278,23.9023291309538,21.3779442788765,30.4055451188247
"tin-9.1",20.7213888319037,35.8526039160355,31.3936608782153,32.2161827417203,28.8137509845727,48.913268234631
"tin-10",12.244457037034,5.37789058740532,10.4645536260718,2.07846340269163,5.57685502927214,1.3219802225576
"tin-13",12.244457037034,15.2373566643151,16.9042789344236,17.6669389228789,9.29475838212023,15.8637626706912
"tir-1",46.1521842165127,62.7420568530621,43.4681458313751,44.6869631578701,28.8137509845727,22.4736637834791
"tlf-1",16.9538635897394,18.8226170559186,9.6595879625278,6.2353902080749,6.50633086748416,2.64396044511519
"tli-1",1.88376262108215,1.79263019580177,4.02482831771991,2.07846340269163,3.71790335284809,2.64396044511519
"tlk-1",87.5949618803201,128.173058999827,91.7660856440141,91.4523897184319,99.4539146886864,97.8265364692621
"tlp-1",10.3606944159518,8.06683588110798,4.8297939812639,12.4707804161498,11.1537100585443,1.3219802225576
"tmd-2",16.9538635897394,14.3410415664142,25.7589012334075,13.5100121174956,14.8716134113924,18.5077231158063
"tnc-2",40.5008963532663,32.2673435244319,24.9539355698635,36.3731095471036,20.4484684406645,30.4055451188247
"tni-1",344.728559658034,353.148148572949,297.837295511274,313.847973806437,343.906060138448,280.25980718221
"tni-3",56.5128786324646,58.2604813635577,37.8333861865672,35.3338778457578,55.7685502927214,30.4055451188247
"tni-4",96.0718936751898,74.3941531257736,87.7412573262941,78.9816093022821,85.5117771155061,84.6067342436861
"tnt-2",386.171337321841,454.43175463575,349.355097978089,382.437266095261,362.495576902689,356.934660090551
"tnt-3",133.747146096833,155.958827034754,182.727205624484,122.629340758806,144.998230761076,145.417824481336
"tnt-4",161.061704102524,102.179921160701,108.670364578438,163.159377111293,151.50456162856,112.368318917396
"toc-1",15.0701009686572,5.37789058740532,10.4645536260718,29.0984876376829,13.0126617349683,10.5758417804608
"toh-1",5.65128786324646,8.06683588110798,10.4645536260718,17.6669389228789,12.0831858967563,14.5417824481336
"dpy-31",9.41881310541076,16.133671762216,4.02482831771991,6.2353902080749,9.29475838212023,3.96594066767279
"tol-1",41.4427776638073,51.0899605803506,41.8582145042871,34.294646144412,33.4611301756328,21.1516835609215
"tom-1",42.3846589743484,37.6452341118373,27.3688325604954,25.9807925336454,38.1085093666929,27.7615846737095
"top-1",42.3846589743484,49.2973303845488,40.2482831771991,53.0008167686367,65.0633086748416,47.5912880120735
"top-3",6.59316917378753,8.06683588110798,2.41489699063195,4.15692680538327,9.29475838212023,7.93188133534558
"tpa-1",51.8034720797592,67.2236323425665,47.492974149095,42.6084997551785,61.3454053219935,51.5572286797462
"tph-1",1.88376262108215,0.896315097900887,0,4.15692680538327,2.78842751463607,1.3219802225576
"tpi-1",92.3043684330254,66.3273172446656,76.4717380366784,98.7270116278526,88.3002046301422,71.3869320181102
"tps-1",59.3385225640878,44.8157548950443,63.5922874199747,86.2562312117028,44.6148402341771,87.2506946888013
"tps-2",89.4787245014022,65.4310021467647,69.2270470647825,107.040865238619,71.5696395423257,77.9968331308982
"tra-1",41.4427776638073,45.7120699929452,45.078077158463,29.0984876376829,43.6853643959651,37.0154462316127
"tra-2",28.2564393162323,34.0599737202337,24.1489699063195,27.0200242349912,26.9547993081487,37.0154462316127
"tra-3",13.1863383475751,4.48157548950443,8.85462229898381,2.07846340269163,13.9421375731803,3.96594066767279
"tre-1",22.6051514529858,14.3410415664142,17.7092445979676,20.7846340269163,18.5895167642405,11.8978220030184
"tre-2",13.1863383475751,16.133671762216,14.4893819437917,16.6277072215331,19.5189926024525,19.8297033383639
"tre-3",13.1863383475751,11.6520962727115,7.24469097189585,3.11769510403745,14.8716134113924,7.93188133534558
"tre-4",2.82564393162323,4.48157548950443,0.804965663543983,2.07846340269163,0,1.3219802225576
"tre-5",0,0,1.60993132708797,6.2353902080749,10.2242342203322,9.25386155790317
"trm-1",9.41881310541076,9.85946607690976,17.7092445979676,7.27462190942072,7.43580670569618,9.25386155790317
"trp-1",9.41881310541076,8.96315097900887,10.4645536260718,9.35308531211235,5.57685502927214,1.3219802225576
"trp-2",9.41881310541076,5.37789058740532,2.41489699063195,0,13.0126617349683,3.96594066767279
"trp-4",4.70940655270538,4.48157548950443,3.21986265417593,7.27462190942072,10.2242342203322,5.28792089023038
"tars-1",158.236060170901,169.403553503268,191.581827923468,165.237840513985,168.235126716376,161.281587152027
"tsn-1",226.051514529858,243.797706629041,211.705969512068,296.181034883558,296.502792389635,255.142182953616
"tsp-3",3.7675252421643,0.896315097900887,0.804965663543983,1.03923170134582,2.78842751463607,0
"tsp-6",1.88376262108215,0,0.804965663543983,5.19615850672908,10.2242342203322,3.96594066767279
"tsp-7",6.59316917378753,2.68894529370266,12.8794506167037,7.27462190942072,6.50633086748416,13.219802225576
"tsp-8",24.488914074068,26.8894529370266,24.1489699063195,19.7454023255705,19.5189926024525,37.0154462316127
"tsp-9",14.1282196581161,1.79263019580177,8.85462229898381,10.3923170134582,2.78842751463607,1.3219802225576
"tsp-10",2.82564393162323,10.7557811748106,4.02482831771991,5.19615850672908,3.71790335284809,10.5758417804608
"tsp-11",0,0,0,2.07846340269163,1.85895167642405,1.3219802225576
"tsp-12",3.7675252421643,10.7557811748106,4.02482831771991,2.07846340269163,10.2242342203322,21.1516835609215
"tsp-14",3.7675252421643,2.68894529370266,4.8297939812639,3.11769510403745,7.43580670569618,7.93188133534558
"tsp-15",1.88376262108215,3.58526039160355,4.8297939812639,1.03923170134582,6.50633086748416,1.3219802225576
"tsp-17",1.88376262108215,1.79263019580177,0.804965663543983,5.19615850672908,4.64737919106011,1.3219802225576
"tsp-20",0,2.68894529370266,0,1.03923170134582,4.64737919106011,0
"tsr-1",9.41881310541076,13.4447264685133,28.1737982240394,20.7846340269163,9.29475838212023,11.8978220030184
"ttb-1",8.47693179486968,12.5484113706124,7.24469097189585,0,4.64737919106011,9.25386155790317
"tth-1",3.7675252421643,7.1705207832071,5.63475964480788,11.431548714804,8.3652825439082,5.28792089023038
"ttx-1",8.47693179486968,6.27420568530621,10.4645536260718,2.07846340269163,5.57685502927214,2.64396044511519
"tub-1",5.65128786324646,0.896315097900887,1.60993132708797,5.19615850672908,5.57685502927214,6.60990111278798
"twk-1",5.65128786324646,8.06683588110798,4.02482831771991,1.03923170134582,0,13.219802225576
"twk-2",14.1282196581161,10.7557811748106,14.4893819437917,8.31385361076654,5.57685502927214,13.219802225576
"twk-5",0.941881310541076,0.896315097900887,3.21986265417593,0,2.78842751463607,0
"twk-7",4.70940655270538,13.4447264685133,5.63475964480788,7.27462190942072,7.43580670569618,3.96594066767279
"twk-8",20.7213888319037,23.3041925454231,21.7340729156875,20.7846340269163,38.1085093666929,19.8297033383639
"twk-9",8.47693179486968,2.68894529370266,2.41489699063195,1.03923170134582,3.71790335284809,9.25386155790317
"twk-12",14.1282196581161,8.96315097900887,8.85462229898381,5.19615850672908,4.64737919106011,0
"twk-13",3.7675252421643,3.58526039160355,14.4893819437917,5.19615850672908,4.64737919106011,2.64396044511519
"twk-14",0,0,0,4.15692680538327,4.64737919106011,2.64396044511519
"twk-17",7.53505048432861,3.58526039160355,0.804965663543983,4.15692680538327,0.929475838212023,9.25386155790317
"twk-18",47.0940655270538,10.7557811748106,28.9787638875834,20.7846340269163,19.5189926024525,30.4055451188247
"twk-22",0.941881310541076,2.68894529370266,4.02482831771991,1.03923170134582,0,5.28792089023038
"twk-24",4.70940655270538,0.896315097900887,3.21986265417593,1.03923170134582,3.71790335284809,2.64396044511519
"twk-29",2.82564393162323,2.68894529370266,4.8297939812639,6.2353902080749,4.64737919106011,2.64396044511519
"twk-30",1.88376262108215,4.48157548950443,4.02482831771991,1.03923170134582,0,2.64396044511519
"twk-31",10.3606944159518,12.5484113706124,9.6595879625278,13.5100121174956,19.5189926024525,2.64396044511519
"twk-33",2.82564393162323,1.79263019580177,4.02482831771991,1.03923170134582,2.78842751463607,0
"twk-34",5.65128786324646,3.58526039160355,4.8297939812639,0,0.929475838212023,10.5758417804608
"twk-39",11.3025757264929,0,1.60993132708797,3.11769510403745,8.3652825439082,0
"twk-40",1.88376262108215,4.48157548950443,4.8297939812639,1.03923170134582,0,6.60990111278798
"twk-42",0.941881310541076,0,5.63475964480788,1.03923170134582,4.64737919106011,1.3219802225576
"twk-43",8.47693179486968,7.1705207832071,14.4893819437917,5.19615850672908,6.50633086748416,5.28792089023038
"twk-46",2.82564393162323,6.27420568530621,7.24469097189585,4.15692680538327,4.64737919106011,3.96594066767279
"uaf-1",44.2684215954306,32.2673435244319,37.0284205230232,32.2161827417203,40.896936881329,42.3033671218431
"uaf-2",34.8496084900198,34.9562888181346,42.6631801678311,41.5692680538327,46.4737919106011,22.4736637834791
"uba-1",259.017360398796,246.486651922744,262.418806315338,184.983242839555,159.869844172468,200.940993828755
"uba-2",11.3025757264929,21.5115623496213,12.8794506167037,8.31385361076654,6.50633086748416,2.64396044511519
"ubc-1",12.244457037034,8.06683588110798,8.85462229898381,14.5492438188414,7.43580670569618,6.60990111278798
"ubc-3",32.0239645583966,25.9931378391257,36.2234548594792,41.5692680538327,47.4032677488132,56.8451495699766
"ubc-6",10.3606944159518,22.4078774475222,12.0744849531597,7.27462190942072,12.0831858967563,10.5758417804608
"ubc-7",24.488914074068,18.8226170559186,24.1489699063195,22.863097429608,32.5316543374208,14.5417824481336
"ubc-8",1.88376262108215,6.27420568530621,4.02482831771991,6.2353902080749,16.7305650878164,5.28792089023038
"ubc-9",11.3025757264929,20.6152472517204,20.1241415885996,30.1377193390287,25.0958476317246,15.8637626706912
"ubc-12",26.3726766951501,29.5783982307293,37.8333861865672,29.0984876376829,24.1663717935126,18.5077231158063
"ubc-13",8.47693179486968,8.96315097900887,8.04965663543983,6.2353902080749,12.0831858967563,17.1857428932487
"ubc-14",9.41881310541076,33.1636586223328,10.4645536260718,10.3923170134582,4.64737919106011,11.8978220030184
"ubc-15",1.88376262108215,8.96315097900887,0.804965663543983,2.07846340269163,5.57685502927214,15.8637626706912
"ubc-16",9.41881310541076,21.5115623496213,23.3440042427755,18.7061706242247,11.1537100585443,9.25386155790317
"ubc-17",5.65128786324646,1.79263019580177,2.41489699063195,5.19615850672908,2.78842751463607,3.96594066767279
"ubc-18",10.3606944159518,2.68894529370266,4.02482831771991,5.19615850672908,8.3652825439082,6.60990111278798
"ubc-19",4.70940655270538,4.48157548950443,4.02482831771991,1.03923170134582,7.43580670569618,3.96594066767279
"ubc-20",8.47693179486968,16.133671762216,23.3440042427755,11.431548714804,16.7305650878164,6.60990111278798
"ubc-25",35.7914898005609,51.9862756782514,45.883042822007,61.3146703794032,68.7812120276897,39.6594066767279
"ubh-2",0,0.896315097900887,3.21986265417593,2.07846340269163,0,0
"ubh-3",17.8957449002804,21.5115623496213,12.0744849531597,13.5100121174956,1.85895167642405,6.60990111278798
"ubh-4",18.8376262108215,15.2373566643151,12.8794506167037,23.9023291309538,16.7305650878164,11.8978220030184
"ubl-1",356.973016695068,253.657172705951,364.649445585424,404.261131823523,433.135740606803,376.764363428915
"ubl-5",4.70940655270538,0.896315097900887,1.60993132708797,2.07846340269163,0,5.28792089023038
"ubq-1",311.762713789096,224.975089573123,275.298256932042,331.514912729316,277.913275625395,237.956440060367
"ubq-2",367.33371111102,386.311807195282,426.631801678311,421.928070746402,484.256911708464,502.352484571886
"ucp-4",1.88376262108215,1.79263019580177,0,1.03923170134582,0,1.3219802225576
"uev-1",18.8376262108215,12.5484113706124,20.1241415885996,28.0592559363371,13.0126617349683,18.5077231158063
"uev-3",0.941881310541076,2.68894529370266,4.02482831771991,3.11769510403745,2.78842751463607,3.96594066767279
"ufd-1",7.53505048432861,18.8226170559186,15.2943476073357,18.7061706242247,9.29475838212023,10.5758417804608
"ufd-2",16.0119822791983,5.37789058740532,13.6844162802477,19.7454023255705,10.2242342203322,22.4736637834791
"ula-1",2.82564393162323,16.133671762216,6.43972530835186,1.03923170134582,3.71790335284809,10.5758417804608
"ulp-1",18.8376262108215,5.37789058740532,15.2943476073357,21.8238657282622,13.0126617349683,23.7956440060367
"ulp-2",3.7675252421643,8.96315097900887,5.63475964480788,10.3923170134582,12.0831858967563,7.93188133534558
"ulp-4",56.5128786324646,24.2005076433239,28.1737982240394,53.0008167686367,25.0958476317246,39.6594066767279
"unc-1",103.606944159518,177.470389384376,100.620707942998,86.2562312117028,106.889721394383,174.501389377603
"unc-2",59.3385225640878,53.7789058740532,77.2767037002224,47.8046582619076,38.1085093666929,85.9287144662437
"unc-5",18.8376262108215,25.0968227412248,12.8794506167037,14.5492438188414,13.9421375731803,17.1857428932487
"unc-6",5.65128786324646,17.9263019580177,10.4645536260718,9.35308531211235,4.64737919106011,10.5758417804608
"unc-7",12.244457037034,14.3410415664142,16.0993132708797,11.431548714804,8.3652825439082,15.8637626706912
"unc-8",3.7675252421643,4.48157548950443,3.21986265417593,2.07846340269163,0.929475838212023,0
"unc-9",12.244457037034,9.85946607690976,14.4893819437917,22.863097429608,17.6600409260284,17.1857428932487
"unc-10",33.9077271794787,27.7857680349275,36.2234548594792,24.9415608322996,13.0126617349683,13.219802225576
"unc-11",41.4427776638073,44.8157548950443,41.0532488407431,48.8438899632534,34.3906060138448,42.3033671218431
"unc-13",82.8855553276147,43.9194397971435,68.4220814012386,45.726194859216,68.7812120276897,74.0308924632254
"unc-14",42.3846589743484,65.4310021467647,57.1525621116228,48.8438899632534,68.7812120276897,43.6253473444007
"unc-15",1083.16350712224,1025.38447199861,985.277972177835,1031.9570794364,909.95684560957,1302.15051921923
"unc-16",81.0017927065325,47.504700188747,69.2270470647825,68.5892922888239,64.1338328366296,70.0649517955526
"unc-17",7.53505048432861,19.7189321538195,19.3191759250556,27.0200242349912,13.0126617349683,14.5417824481336
"unc-18",48.0359468375949,51.9862756782514,44.2731114949191,25.9807925336454,21.3779442788765,40.9813868992855
"unc-22",1359.13473111077,943.819798089634,1060.94474455097,1054.820176866,999.186526077924,1101.20952539048
"unc-23",186.492499487133,156.855142132655,192.386793587012,205.767876866472,225.862628685522,219.448716944561
"unc-24",2.82564393162323,1.79263019580177,1.60993132708797,4.15692680538327,0,0
"unc-25",29.1983206267734,34.9562888181346,32.1986265417593,35.3338778457578,34.3906060138448,27.7615846737095
"unc-26",41.4427776638073,48.4010152866479,25.7589012334075,24.9415608322996,20.4484684406645,47.5912880120735
"unc-27",112.083875954388,89.6315097900887,113.500158559702,118.472413953423,125.479238158623,92.5386155790317
"unc-29",0.941881310541076,3.58526039160355,2.41489699063195,6.2353902080749,0,2.64396044511519
"unc-31",30.1402019373144,20.6152472517204,34.6135235323913,14.5492438188414,29.7432268227847,19.8297033383639
"unc-32",100.781300227895,88.7351946921878,65.2022187470626,92.4916214197777,62.2748811602055,93.8605958015893
"unc-33",21.6632701424447,34.0599737202337,24.9539355698635,16.6277072215331,22.3074201170885,38.3374264541703
"unc-34",22.6051514529858,19.7189321538195,27.3688325604954,24.9415608322996,17.6600409260284,23.7956440060367
"tln-1",290.099443646651,293.991352111491,268.85853162369,283.710254467408,250.029000479034,362.222580980781
"unc-36",17.8957449002804,17.0299868601169,24.1489699063195,14.5492438188414,17.6600409260284,26.4396044511519
"unc-37",24.488914074068,17.9263019580177,13.6844162802477,9.35308531211235,16.7305650878164,19.8297033383639
"unc-38",3.7675252421643,8.06683588110798,8.85462229898381,1.03923170134582,6.50633086748416,7.93188133534558
"unc-40",44.2684215954306,47.504700188747,67.6171157376946,62.353902080749,35.3200818520569,55.523169347419
"unc-41",28.2564393162323,42.1268096013417,33.0035922053033,40.5300363524869,26.0253234699366,50.2352484571886
"unc-43",71.5829796011218,61.8457417551612,61.9823560928867,53.0008167686367,69.7106878659017,60.8110902376494
"unc-44",510.499670313263,467.876481104263,504.713471042077,429.202692655822,402.463037945806,490.454662568868
"unc-45",29.1983206267734,37.6452341118373,22.5390385792315,51.9615850672908,51.1211711016613,43.6253473444007
"unc-46",0,2.68894529370266,4.8297939812639,2.07846340269163,3.71790335284809,0
"unc-47",0.941881310541076,2.68894529370266,3.21986265417593,2.07846340269163,10.2242342203322,0
"unc-49",0.941881310541076,3.58526039160355,3.21986265417593,5.19615850672908,2.78842751463607,6.60990111278798
"unc-50",16.0119822791983,24.2005076433239,38.6383518501112,22.863097429608,24.1663717935126,17.1857428932487
"unc-51",116.793282507093,272.47978976187,145.698785101461,142.374743084377,171.023554231012,187.721191603179
"unc-52",469.998773959997,603.220060887297,571.525621116228,655.755203549211,687.812120276897,765.426548860848
"unc-53",71.5829796011218,80.6683588110798,61.1773904293427,56.1185118726741,53.9095986162973,58.1671297925342
"unc-54",2546.84706370307,2428.1176002135,2380.28346709956,2344.50671823616,2583.94283022942,2654.53628689565
"unc-57",16.0119822791983,9.85946607690976,18.5142102615116,20.7846340269163,27.8842751463607,17.1857428932487
"unc-58",13.1863383475751,4.48157548950443,4.02482831771991,1.03923170134582,6.50633086748416,10.5758417804608
"unc-59",6.59316917378753,7.1705207832071,8.04965663543983,9.35308531211235,15.8010892496044,11.8978220030184
"unc-60",24.488914074068,22.4078774475222,17.7092445979676,18.7061706242247,15.8010892496044,17.1857428932487
"unc-61",20.7213888319037,11.6520962727115,10.4645536260718,8.31385361076654,9.29475838212023,18.5077231158063
"unc-62",30.1402019373144,34.0599737202337,25.7589012334075,23.9023291309538,23.2368959553006,54.2011891248614
"unc-63",23.5470327635269,8.06683588110798,14.4893819437917,6.2353902080749,13.9421375731803,7.93188133534558
"unc-64",32.0239645583966,15.2373566643151,28.1737982240394,18.7061706242247,23.2368959553006,5.28792089023038
"unc-68",396.532031737793,314.606599363211,293.00750153001,289.945644675483,284.419606492879,370.154462316127
"unc-69",1.88376262108215,3.58526039160355,1.60993132708797,2.07846340269163,0.929475838212023,0
"unc-70",360.740541937232,409.615999740705,412.142419734519,420.888839045056,358.777673549841,432.287532776334
"unc-71",25.4307953846091,24.2005076433239,25.7589012334075,30.1377193390287,22.3074201170885,30.4055451188247
"unc-73",133.747146096833,117.417277825016,98.2058109523659,112.237023745348,118.972907291139,101.792477136935
"unc-75",15.0701009686572,1.79263019580177,8.85462229898381,11.431548714804,1.85895167642405,9.25386155790317
"unc-76",35.7914898005609,12.5484113706124,24.9539355698635,13.5100121174956,13.9421375731803,2.64396044511519
"unc-77",15.0701009686572,24.2005076433239,21.7340729156875,22.863097429608,11.1537100585443,19.8297033383639
"unc-78",19.7795075213626,17.0299868601169,23.3440042427755,17.6669389228789,18.5895167642405,23.7956440060367
"unc-79",51.8034720797592,40.3341794055399,37.0284205230232,29.0984876376829,37.1790335284809,71.3869320181102
"unc-80",95.1300123646487,67.2236323425665,86.9362916627502,77.9423776009363,85.5117771155061,95.1825760241469
"unc-82",68.7573356694985,84.2536192026834,57.1525621116228,68.5892922888239,56.6980261309334,60.8110902376494
"unc-83",107.374469401683,79.7720437131789,100.620707942998,66.5108288861323,121.761334805775,101.792477136935
"unc-84",45.2103029059717,34.9562888181346,52.3227681303589,25.9807925336454,38.1085093666929,51.5572286797462
"unc-85",20.7213888319037,20.6152472517204,8.85462229898381,27.0200242349912,14.8716134113924,2.64396044511519
"unc-86",11.3025757264929,19.7189321538195,27.3688325604954,12.4707804161498,7.43580670569618,23.7956440060367
"unc-87",317.414001652343,279.650310545077,284.152879231026,318.00490061182,276.983799787183,231.346538947579
"unc-89",864.647043076708,561.989566383856,666.511569414418,692.128313096314,610.665625705299,836.813480878958
"unc-93",3.7675252421643,6.27420568530621,5.63475964480788,1.03923170134582,8.3652825439082,9.25386155790317
"unc-94",64.0479291167932,64.5346870488639,43.4681458313751,64.4323654834406,51.1211711016613,55.523169347419
"unc-95",54.6291160113824,35.8526039160355,24.1489699063195,24.9415608322996,29.7432268227847,15.8637626706912
"unc-96",37.675252421643,40.3341794055399,35.4184891959353,48.8438899632534,42.755888557753,25.1176242285943
"unc-97",45.2103029059717,51.9862756782514,52.3227681303589,37.4123412484494,28.8137509845727,38.3374264541703
"unc-98",14.1282196581161,18.8226170559186,12.0744849531597,12.4707804161498,17.6600409260284,3.96594066767279
"unc-101",0.941881310541076,2.68894529370266,7.24469097189585,6.2353902080749,2.78842751463607,7.93188133534558
"unc-103",24.488914074068,20.6152472517204,37.0284205230232,35.3338778457578,32.5316543374208,17.1857428932487
"unc-104",70.6410982905807,57.3641662656568,47.492974149095,28.0592559363371,40.896936881329,51.5572286797462
"unc-105",15.0701009686572,6.27420568530621,7.24469097189585,2.07846340269163,11.1537100585443,6.60990111278798
"unc-108",63.1060478062521,89.6315097900887,84.5213946721182,99.7662433291984,127.338189835047,89.8946551339165
"unc-112",64.0479291167932,45.7120699929452,79.6916006908543,60.2754386780574,73.4285912187498,52.8792089023038
"unc-115",52.7453533903003,57.3641662656568,62.7873217564307,61.3146703794032,66.9222603512656,51.5572286797462
"unc-116",129.037739544127,112.935702335512,113.500158559702,135.100121174956,117.113955614715,99.1485166918197
"unc-119",3.7675252421643,0.896315097900887,6.43972530835186,7.27462190942072,9.29475838212023,17.1857428932487
"unc-120",2.82564393162323,0.896315097900887,12.0744849531597,2.07846340269163,5.57685502927214,1.3219802225576
"unc-122",12.244457037034,6.27420568530621,6.43972530835186,9.35308531211235,6.50633086748416,5.28792089023038
"unc-129",6.59316917378753,9.85946607690976,13.6844162802477,14.5492438188414,17.6600409260284,14.5417824481336
"unc-130",4.70940655270538,9.85946607690976,2.41489699063195,7.27462190942072,0.929475838212023,0
"usp-14",18.8376262108215,26.8894529370266,20.1241415885996,23.9023291309538,16.7305650878164,22.4736637834791
"cal-5",11.3025757264929,9.85946607690976,6.43972530835186,8.31385361076654,10.2242342203322,3.96594066767279
"pnk-4",10.3606944159518,8.06683588110798,5.63475964480788,18.7061706242247,21.3779442788765,5.28792089023038
"gyg-1",92.3043684330254,55.571536069855,70.8369783918705,65.4715971847865,77.1464945715979,67.4209913504374
"npr-16",3.7675252421643,9.85946607690976,4.02482831771991,5.19615850672908,3.71790335284809,15.8637626706912
"vab-1",20.7213888319037,25.9931378391257,22.5390385792315,19.7454023255705,31.6021784992088,14.5417824481336
"vab-2",0.941881310541076,5.37789058740532,2.41489699063195,2.07846340269163,0,0
"vab-3",7.53505048432861,12.5484113706124,9.6595879625278,8.31385361076654,7.43580670569618,6.60990111278798
"vab-8",40.5008963532663,40.3341794055399,51.5178024668149,9.35308531211235,16.7305650878164,31.7275253413823
"vab-9",0,4.48157548950443,2.41489699063195,11.431548714804,2.78842751463607,9.25386155790317
"vab-10",497.313331965688,530.618537957325,520.812784312957,585.087447857695,616.242480734571,865.897045775225
"vab-19",16.9538635897394,19.7189321538195,17.7092445979676,10.3923170134582,27.8842751463607,25.1176242285943
"vap-1",14.1282196581161,18.8226170559186,24.1489699063195,35.3338778457578,39.037985204905,23.7956440060367
"vav-1",18.8376262108215,17.0299868601169,11.2695192896158,21.8238657282622,27.8842751463607,11.8978220030184
"vbh-1",49.919709458677,49.2973303845488,45.078077158463,35.3338778457578,38.1085093666929,35.6934660090551
"pfd-3",25.4307953846091,21.5115623496213,19.3191759250556,29.0984876376829,15.8010892496044,29.0835648962671
"vem-1",24.488914074068,12.5484113706124,27.3688325604954,19.7454023255705,20.4484684406645,11.8978220030184
"spon-1",24.488914074068,27.7857680349275,8.04965663543983,12.4707804161498,7.43580670569618,21.1516835609215
"ver-3",17.8957449002804,5.37789058740532,22.5390385792315,13.5100121174956,6.50633086748416,22.4736637834791
"vha-1",95.1300123646487,132.654634489331,119.939883868053,111.197792044002,108.748673070807,122.944160697856
"vha-2",180.841211623887,158.647772328457,198.826518895364,206.807108567818,214.708918626977,206.228914718985
"vha-3",64.0479291167932,86.0462493984851,77.2767037002224,116.393950550732,96.6654871740504,95.1825760241469
"vha-4",81.0017927065325,110.246757041809,140.064025456653,111.197792044002,117.113955614715,134.841982700875
"vha-5",117.735163817635,81.5646739089807,99.0107766159099,127.825499265535,140.350851570015,95.1825760241469
"vha-6",383.345693390218,505.5217152161,458.83042822007,384.515729497952,421.052554710046,460.049117450043
"vha-7",19.7795075213626,25.9931378391257,17.7092445979676,20.7846340269163,9.29475838212023,11.8978220030184
"vha-8",129.037739544127,99.4909758669985,128.794506167037,138.217816278994,150.575085790348,118.978220030184
"vha-9",28.2564393162323,26.8894529370266,23.3440042427755,47.8046582619076,39.037985204905,10.5758417804608
"vha-10",103.606944159518,111.14307213971,102.230639270086,144.453206487069,92.0181079829903,104.43643758205
"vha-11",258.075479088255,224.975089573123,250.344321362179,245.258681517613,268.618517243275,253.820202731058
"vha-12",843.925654244804,1160.72805178165,970.788590234043,966.48548225161,1091.20463406091,1216.22180475299
"vhp-1",108.316350712224,134.447264685133,103.03560493363,130.943194369573,111.537100585443,183.755250935506
"vig-1",552.884329287612,487.595413258082,594.064659695459,641.205959730369,577.204495529666,671.565953059259
"vps-26",17.8957449002804,12.5484113706124,6.43972530835186,18.7061706242247,12.0831858967563,5.28792089023038
"vps-34",55.5709973219235,18.8226170559186,39.4433175136552,17.6669389228789,34.3906060138448,31.7275253413823
"vps-35",16.9538635897394,17.0299868601169,21.7340729156875,21.8238657282622,13.9421375731803,15.8637626706912
"vps-54",16.9538635897394,29.5783982307293,29.7837295511274,21.8238657282622,26.0253234699366,15.8637626706912
"vars-1",25.4307953846091,11.6520962727115,20.9291072521436,15.5884755201873,13.0126617349683,10.5758417804608
"glp-4",136.572790028456,182.848279971781,148.113682092093,163.159377111293,98.5244388504744,162.603567374584
"wah-1",115.851401196552,55.571536069855,95.790913961734,78.9816093022821,92.0181079829903,72.7089122406678
"wee-1.3",6.59316917378753,0.896315097900887,12.8794506167037,6.2353902080749,25.0958476317246,3.96594066767279
"wnk-1",139.398433960079,83.3573041047825,100.620707942998,186.022474540901,152.434037466772,220.770697167119
"wrk-1",26.3726766951501,18.8226170559186,12.8794506167037,29.0984876376829,32.5316543374208,22.4736637834791
"wrm-1",7.53505048432861,8.96315097900887,9.6595879625278,11.431548714804,11.1537100585443,5.28792089023038
"wrn-1",11.3025757264929,17.9263019580177,12.0744849531597,11.431548714804,14.8716134113924,17.1857428932487
"wars-1",58.3966412535467,86.0462493984851,71.6419440554145,53.0008167686367,78.0759704098099,76.6748529083406
"prx-10",9.41881310541076,2.68894529370266,7.24469097189585,3.11769510403745,0.929475838212023,3.96594066767279
"wrt-1",0,0,0,5.19615850672908,5.57685502927214,0
"wrt-2",0,0,0,14.5492438188414,13.9421375731803,21.1516835609215
"wrt-4",0,0.896315097900887,0,6.2353902080749,1.85895167642405,3.96594066767279
"wrt-5",1.88376262108215,0.896315097900887,2.41489699063195,11.431548714804,3.71790335284809,10.5758417804608
"wrt-9",0,0,1.60993132708797,6.2353902080749,0,0
"wrt-10",0,0,0,14.5492438188414,0.929475838212023,6.60990111278798
"wsp-1",17.8957449002804,16.133671762216,9.6595879625278,11.431548714804,15.8010892496044,7.93188133534558
"wve-1",10.3606944159518,7.1705207832071,8.04965663543983,10.3923170134582,11.1537100585443,10.5758417804608
"xbp-1",281.622511851782,362.111299551958,228.610248446491,374.123412484494,329.034446727056,399.238027212394
"xnp-1",76.2923861538272,68.1199474404674,33.8085578688473,55.0792801713283,56.6980261309334,76.6748529083406
"xpa-1",1.88376262108215,6.27420568530621,4.02482831771991,7.27462190942072,13.9421375731803,1.3219802225576
"xrn-2",39.5590150427252,51.9862756782514,43.4681458313751,27.0200242349912,39.967461043117,74.0308924632254
"xtr-1",0.941881310541076,1.79263019580177,1.60993132708797,2.07846340269163,0,1.3219802225576
"yars-2",6.59316917378753,6.27420568530621,5.63475964480788,14.5492438188414,13.0126617349683,3.96594066767279
"zag-1",12.244457037034,4.48157548950443,10.4645536260718,3.11769510403745,14.8716134113924,9.25386155790317
"zak-1",11.3025757264929,7.1705207832071,5.63475964480788,3.11769510403745,6.50633086748416,14.5417824481336
"zen-4",6.59316917378753,6.27420568530621,8.04965663543983,5.19615850672908,8.3652825439082,18.5077231158063
"zfp-1",63.1060478062521,40.3341794055399,55.5426307845348,47.8046582619076,47.4032677488132,62.133070460207
"zig-1",10.3606944159518,8.96315097900887,11.2695192896158,7.27462190942072,10.2242342203322,6.60990111278798
"zig-3",2.82564393162323,0,8.85462229898381,0,0,0
"zig-4",16.9538635897394,8.06683588110798,17.7092445979676,0,1.85895167642405,0
"zig-5",4.70940655270538,0.896315097900887,13.6844162802477,18.7061706242247,2.78842751463607,3.96594066767279
"zig-7",4.70940655270538,2.68894529370266,4.02482831771991,5.19615850672908,13.9421375731803,0
"zig-8",9.41881310541076,0.896315097900887,2.41489699063195,1.03923170134582,3.71790335284809,0
"zip-1",5.65128786324646,0.896315097900887,2.41489699063195,6.2353902080749,3.71790335284809,1.3219802225576
"zyg-1",1.88376262108215,6.27420568530621,3.21986265417593,4.15692680538327,0,0
"zyg-8",32.0239645583966,40.3341794055399,16.0993132708797,15.5884755201873,22.3074201170885,31.7275253413823
"zyg-9",64.0479291167932,79.7720437131789,63.5922874199747,67.5500605874781,70.6401637041137,103.114457359492
"zyg-11",66.8735730484164,96.8020305732958,94.98594829819,64.4323654834406,77.1464945715979,75.352872685783
"zyg-12",4.70940655270538,8.06683588110798,4.8297939812639,10.3923170134582,23.2368959553006,9.25386155790317
"zyx-1",162.003585413065,168.507238405367,136.039197138933,151.727828396489,158.940368334256,183.755250935506
"tufm-1",165.771110655229,129.965689195629,162.603064035885,168.355535618022,136.632948217167,126.910101365529
"tufm-2",11.3025757264929,17.0299868601169,20.1241415885996,18.7061706242247,20.4484684406645,11.8978220030184
"npr-3",1.88376262108215,5.37789058740532,4.8297939812639,5.19615850672908,4.64737919106011,0
"mak-2",37.675252421643,20.6152472517204,22.5390385792315,22.863097429608,9.29475838212023,23.7956440060367
"rfp-1",24.488914074068,38.5415492097381,23.3440042427755,13.5100121174956,25.0958476317246,47.5912880120735
"wwp-1",56.5128786324646,57.3641662656568,73.2518753825024,80.0208410036279,53.9095986162973,66.0990111278798
"alx-1",54.6291160113824,68.1199474404674,89.3511886533821,60.2754386780574,53.9095986162973,80.6407935760134
"mdt-1.2",1.88376262108215,0.896315097900887,1.60993132708797,3.11769510403745,0,1.3219802225576
"mdt-4",7.53505048432861,11.6520962727115,8.04965663543983,12.4707804161498,9.29475838212023,7.93188133534558
"mdt-8",17.8957449002804,40.3341794055399,13.6844162802477,15.5884755201873,17.6600409260284,34.3714857864975
"mdt-10",0,0,1.60993132708797,5.19615850672908,0.929475838212023,1.3219802225576
"mdt-11",4.70940655270538,0,2.41489699063195,9.35308531211235,0.929475838212023,1.3219802225576
"mdt-15",90.4206058119433,49.2973303845488,72.4469097189585,111.197792044002,104.101293879747,84.6067342436861
"mdt-17",16.0119822791983,16.133671762216,12.0744849531597,13.5100121174956,25.0958476317246,34.3714857864975
"mdt-18",8.47693179486968,8.06683588110798,6.43972530835186,10.3923170134582,1.85895167642405,2.64396044511519
"mdt-19",10.3606944159518,15.2373566643151,14.4893819437917,1.03923170134582,13.9421375731803,11.8978220030184
"mdt-20",0.941881310541076,3.58526039160355,0,0,0.929475838212023,2.64396044511519
"immp-1",0.941881310541076,0,0.804965663543983,2.07846340269163,0,1.3219802225576
"mdt-22",1.88376262108215,0.896315097900887,5.63475964480788,7.27462190942072,3.71790335284809,0
"mdt-27",6.59316917378753,2.68894529370266,7.24469097189585,8.31385361076654,6.50633086748416,11.8978220030184
"plin-1",34.8496084900198,44.8157548950443,49.102905476183,39.490804651141,34.3906060138448,31.7275253413823
"mdt-29",16.0119822791983,14.3410415664142,14.4893819437917,15.5884755201873,15.8010892496044,23.7956440060367
"mdt-31",1.88376262108215,0,1.60993132708797,2.07846340269163,0,0
"ssl-1",167.654873276312,164.025662915862,169.84775500778,194.336328151668,133.844520702531,177.145349822718
"trr-1",121.502689059799,90.5278248879896,92.571051307558,112.237023745348,94.8065354976263,138.807923368548
"mys-1",6.59316917378753,8.96315097900887,16.0993132708797,9.35308531211235,5.57685502927214,6.60990111278798
"epc-1",266.552410883125,201.6708970277,254.369149679899,201.610950061089,251.887952155458,281.581787404768
"tag-180",26.3726766951501,16.133671762216,13.6844162802477,14.5492438188414,23.2368959553006,25.1176242285943
"pbrm-1",95.1300123646487,85.1499343005843,98.2058109523659,140.296279681685,119.902383129351,132.19802225576
"algn-10",4.70940655270538,1.79263019580177,2.41489699063195,7.27462190942072,2.78842751463607,5.28792089023038
"cpna-5",17.8957449002804,42.1268096013417,33.0035922053033,35.3338778457578,26.0253234699366,27.7615846737095
"tag-189",1.88376262108215,1.79263019580177,0,2.07846340269163,2.78842751463607,0
"wts-1",7.53505048432861,9.85946607690976,16.0993132708797,13.5100121174956,4.64737919106011,3.96594066767279
"nfx-1",11.3025757264929,32.2673435244319,19.3191759250556,20.7846340269163,12.0831858967563,11.8978220030184
"utp-20",206.272007008496,171.196183699069,164.212995362973,154.845523500527,147.786658275712,181.111290490391
"chd-7",218.51646404553,136.239894880935,167.432858017148,150.688596695143,162.658271687104,174.501389377603
"scpl-1",23.5470327635269,33.1636586223328,21.7340729156875,16.6277072215331,16.7305650878164,22.4736637834791
"tag-196",37.675252421643,25.0968227412248,30.5886952146714,43.6477314565243,41.826412719541,14.5417824481336
"dmd-6",99.8394189173541,138.032525076737,139.259059793109,61.3146703794032,92.9475838212023,74.0308924632254
"vps-52",8.47693179486968,4.48157548950443,4.8297939812639,11.431548714804,0,1.3219802225576
"rga-9",11.3025757264929,10.7557811748106,7.24469097189585,10.3923170134582,3.71790335284809,11.8978220030184
"cTel55X.1",21.6632701424447,39.437864307639,27.3688325604954,31.1769510403745,32.5316543374208,23.7956440060367
"ugt-49",7.53505048432861,10.7557811748106,11.2695192896158,17.6669389228789,13.9421375731803,14.5417824481336
"AC3.5",60.2804038746289,41.2304945034408,46.688008485551,53.0008167686367,71.5696395423257,84.6067342436861
"ugt-1",11.3025757264929,9.85946607690976,6.43972530835186,9.35308531211235,10.2242342203322,5.28792089023038
"ugt-2",11.3025757264929,17.9263019580177,10.4645536260718,14.5492438188414,5.57685502927214,9.25386155790317
"B0001.3",16.0119822791983,7.1705207832071,3.21986265417593,18.7061706242247,26.0253234699366,7.93188133534558
"B0001.4",7.53505048432861,3.58526039160355,4.02482831771991,6.2353902080749,4.64737919106011,10.5758417804608
"B0001.5",15.0701009686572,8.06683588110798,12.0744849531597,5.19615850672908,13.9421375731803,14.5417824481336
"eri-12",81.0017927065325,56.4678511677559,55.5426307845348,53.0008167686367,52.9801227780853,51.5572286797462
"B0001.8",5.65128786324646,6.27420568530621,9.6595879625278,3.11769510403745,2.78842751463607,9.25386155790317
"B0019.2",3.7675252421643,4.48157548950443,1.60993132708797,0,2.78842751463607,6.60990111278798
"trx-2",19.7795075213626,5.37789058740532,17.7092445979676,12.4707804161498,12.0831858967563,15.8637626706912
"asps-1",9.41881310541076,7.1705207832071,4.8297939812639,7.27462190942072,1.85895167642405,9.25386155790317
"B0024.11",25.4307953846091,19.7189321538195,19.3191759250556,11.431548714804,13.9421375731803,18.5077231158063
"B0024.13",0.941881310541076,0.896315097900887,9.6595879625278,1.03923170134582,2.78842751463607,1.3219802225576
"crm-1",31.0820832478555,30.4747133286302,34.6135235323913,17.6669389228789,27.8842751463607,38.3374264541703
"znf-207",5.65128786324646,6.27420568530621,4.02482831771991,14.5492438188414,9.29475838212023,2.64396044511519
"B0035.3",0.941881310541076,3.58526039160355,0.804965663543983,0,2.78842751463607,0
"pfd-4",15.0701009686572,5.37789058740532,11.2695192896158,8.31385361076654,8.3652825439082,7.93188133534558
"gspd-1",63.1060478062521,79.7720437131789,71.6419440554145,31.1769510403745,48.3327435870252,52.8792089023038
"edg-1",1.88376262108215,3.58526039160355,2.41489699063195,2.07846340269163,5.57685502927214,0
"leo-1",29.1983206267734,74.3941531257736,33.8085578688473,33.2554144430661,26.9547993081487,31.7275253413823
"sart-3",43.3265402848895,25.0968227412248,41.8582145042871,28.0592559363371,32.5316543374208,14.5417824481336
"B0035.13",8.47693179486968,1.79263019580177,7.24469097189585,7.27462190942072,1.85895167642405,1.3219802225576
"B0035.15",1.88376262108215,8.96315097900887,8.85462229898381,1.03923170134582,7.43580670569618,6.60990111278798
"B0198.3",5.65128786324646,11.6520962727115,6.43972530835186,3.11769510403745,1.85895167642405,5.28792089023038
"npp-22",3.7675252421643,8.96315097900887,10.4645536260718,11.431548714804,12.0831858967563,21.1516835609215
"calf-1",3.7675252421643,1.79263019580177,0,4.15692680538327,0.929475838212023,1.3219802225576
"B0250.5",18.8376262108215,14.3410415664142,16.9042789344236,20.7846340269163,24.1663717935126,33.0495055639399
"dhcr-7",7.53505048432861,8.06683588110798,12.8794506167037,10.3923170134582,10.2242342203322,9.25386155790317
"memb-1",0,0.896315097900887,1.60993132708797,7.27462190942072,1.85895167642405,0
"B0272.3",26.3726766951501,16.133671762216,33.8085578688473,34.294646144412,47.4032677488132,30.4055451188247
"B0272.4",1.88376262108215,0,0,1.03923170134582,0.929475838212023,0
"cdk-12",25.4307953846091,23.3041925454231,26.5638668969514,24.9415608322996,27.8842751463607,18.5077231158063
"lcmt-1",2.82564393162323,3.58526039160355,4.8297939812639,5.19615850672908,9.29475838212023,0
"B0285.6",4.70940655270538,4.48157548950443,4.02482831771991,3.11769510403745,1.85895167642405,7.93188133534558
"mnp-1",32.9658458689377,37.6452341118373,33.8085578688473,17.6669389228789,36.2495576902689,18.5077231158063
"ttr-18",31.0820832478555,24.2005076433239,43.4681458313751,37.4123412484494,35.3200818520569,31.7275253413823
"B0334.3",135.630908717915,156.855142132655,125.574643512861,107.040865238619,138.491899893591,130.876042033202
"B0334.4",2.82564393162323,1.79263019580177,0.804965663543983,0,1.85895167642405,3.96594066767279
"B0334.5",32.9658458689377,27.7857680349275,24.1489699063195,10.3923170134582,16.7305650878164,37.0154462316127
"acly-2",19.7795075213626,23.3041925454231,23.3440042427755,28.0592559363371,37.1790335284809,46.2693077895159
"clec-41",40.5008963532663,25.9931378391257,53.1277337939029,47.8046582619076,69.7106878659017,40.9813868992855
"B0379.1",3.7675252421643,19.7189321538195,9.6595879625278,8.31385361076654,7.43580670569618,3.96594066767279
"fbxa-152",0.941881310541076,0.896315097900887,0,5.19615850672908,0,0
"rbg-3",11.3025757264929,12.5484113706124,11.2695192896158,9.35308531211235,6.50633086748416,14.5417824481336
"B0393.3",7.53505048432861,3.58526039160355,2.41489699063195,4.15692680538327,4.64737919106011,6.60990111278798
"B0393.5",0.941881310541076,0,0,3.11769510403745,0,0
"B0395.3",30.1402019373144,22.4078774475222,12.8794506167037,30.1377193390287,24.1663717935126,21.1516835609215
"kcnl-1",18.8376262108215,35.8526039160355,20.9291072521436,13.5100121174956,23.2368959553006,26.4396044511519
"B0457.2",0.941881310541076,0.896315097900887,5.63475964480788,5.19615850672908,3.71790335284809,3.96594066767279
"B0457.6",2.82564393162323,8.96315097900887,0,3.11769510403745,0.929475838212023,2.64396044511519
"ctr-9",44.2684215954306,25.0968227412248,37.0284205230232,23.9023291309538,30.6727026609968,31.7275253413823
"nlp-36",18.8376262108215,19.7189321538195,6.43972530835186,17.6669389228789,17.6600409260284,6.60990111278798
"B0464.6",44.2684215954306,43.9194397971435,34.6135235323913,12.4707804161498,15.8010892496044,40.9813868992855
"tag-342",1.88376262108215,0.896315097900887,4.02482831771991,1.03923170134582,3.71790335284809,1.3219802225576
"B0464.9",3.7675252421643,5.37789058740532,11.2695192896158,1.03923170134582,3.71790335284809,1.3219802225576
"B0491.1",11.3025757264929,8.96315097900887,1.60993132708797,1.03923170134582,9.29475838212023,13.219802225576
"lgc-20",0.941881310541076,2.68894529370266,0.804965663543983,1.03923170134582,7.43580670569618,1.3219802225576
"B0491.5",102.665062848977,102.179921160701,86.1313259992062,81.0600727049737,90.1591563065662,107.080398027165
"B0491.6",11.3025757264929,13.4447264685133,9.6595879625278,6.2353902080749,8.3652825439082,10.5758417804608
"B0491.7",16.0119822791983,17.9263019580177,11.2695192896158,14.5492438188414,17.6600409260284,6.60990111278798
"thoc-7",3.7675252421643,4.48157548950443,0,3.11769510403745,3.71790335284809,1.3219802225576
"prdh-1",58.3966412535467,34.9562888181346,43.4681458313751,33.2554144430661,26.9547993081487,35.6934660090551
"vamp-8",1.88376262108215,1.79263019580177,0,1.03923170134582,1.85895167642405,0
"exos-4.1",2.82564393162323,5.37789058740532,3.21986265417593,1.03923170134582,3.71790335284809,3.96594066767279
"best-1",8.47693179486968,0.896315097900887,4.8297939812639,8.31385361076654,7.43580670569618,5.28792089023038
"B0564.7",5.65128786324646,9.85946607690976,10.4645536260718,7.27462190942072,15.8010892496044,17.1857428932487
"C01A2.2",10.3606944159518,10.7557811748106,1.60993132708797,5.19615850672908,6.50633086748416,7.93188133534558
"oxa-1",12.244457037034,9.85946607690976,33.8085578688473,16.6277072215331,13.9421375731803,17.1857428932487
"C01A2.4",7.53505048432861,0.896315097900887,8.04965663543983,2.07846340269163,1.85895167642405,1.3219802225576
"tads-1",5.65128786324646,1.79263019580177,3.21986265417593,4.15692680538327,3.71790335284809,1.3219802225576
"nlp-38",0.941881310541076,0.896315097900887,0,0,3.71790335284809,0
"C01B9.1",6.59316917378753,8.96315097900887,9.6595879625278,3.11769510403745,0.929475838212023,5.28792089023038
"cpna-3",2.82564393162323,2.68894529370266,8.04965663543983,10.3923170134582,12.0831858967563,5.28792089023038
"C01F6.9",13.1863383475751,4.48157548950443,4.02482831771991,12.4707804161498,11.1537100585443,1.3219802225576
"C01G6.4",1.88376262108215,5.37789058740532,2.41489699063195,7.27462190942072,2.78842751463607,5.28792089023038
"C01G6.5",101.723181538436,61.8457417551612,83.7164290085742,97.6877799265068,81.793873762658,100.470496914377
"acs-7",16.0119822791983,12.5484113706124,13.6844162802477,22.863097429608,7.43580670569618,3.96594066767279
"C01G10.4",17.8957449002804,37.6452341118373,22.5390385792315,22.863097429608,26.0253234699366,19.8297033383639
"C01G10.5",2.82564393162323,10.7557811748106,2.41489699063195,3.11769510403745,0.929475838212023,0
"C01G10.6",5.65128786324646,4.48157548950443,15.2943476073357,9.35308531211235,2.78842751463607,6.60990111278798
"C01G10.7",5.65128786324646,2.68894529370266,1.60993132708797,2.07846340269163,0.929475838212023,5.28792089023038
"ahsa-1",81.0017927065325,72.6015229299718,76.4717380366784,147.570901591106,110.607624747231,111.046338694838
"C01G10.9",6.59316917378753,2.68894529370266,8.04965663543983,5.19615850672908,2.78842751463607,2.64396044511519
"C01G10.15",10.3606944159518,11.6520962727115,17.7092445979676,11.431548714804,10.2242342203322,11.8978220030184
"madf-5",12.244457037034,12.5484113706124,10.4645536260718,6.2353902080749,15.8010892496044,7.93188133534558
"C01G12.7",2.82564393162323,8.06683588110798,1.60993132708797,5.19615850672908,8.3652825439082,0
"C01H6.4",0,3.58526039160355,1.60993132708797,2.07846340269163,1.85895167642405,2.64396044511519
"swsn-9",16.9538635897394,12.5484113706124,13.6844162802477,8.31385361076654,13.9421375731803,9.25386155790317
"C01H6.8",0.941881310541076,0,4.02482831771991,3.11769510403745,0.929475838212023,0
"hasp-1",0.941881310541076,2.68894529370266,4.8297939812639,10.3923170134582,14.8716134113924,0
"olrn-1",32.9658458689377,35.8526039160355,23.3440042427755,34.294646144412,33.4611301756328,54.2011891248614
"lron-3",14.1282196581161,11.6520962727115,14.4893819437917,14.5492438188414,8.3652825439082,23.7956440060367
"C03A3.1",2.82564393162323,2.68894529370266,2.41489699063195,0,2.78842751463607,3.96594066767279
"C03A3.2",27.3145580056912,50.1936454824497,55.5426307845348,53.0008167686367,36.2495576902689,30.4055451188247
"rei-1",11.3025757264929,16.133671762216,8.04965663543983,16.6277072215331,21.3779442788765,2.64396044511519
"C03D6.1",2.82564393162323,1.79263019580177,2.41489699063195,6.2353902080749,2.78842751463607,3.96594066767279
"C03H12.1",5.65128786324646,3.58526039160355,7.24469097189585,6.2353902080749,2.78842751463607,6.60990111278798
"C04A11.1",4.70940655270538,5.37789058740532,2.41489699063195,1.03923170134582,0,11.8978220030184
"gck-4",28.2564393162323,16.133671762216,22.5390385792315,22.863097429608,29.7432268227847,19.8297033383639
"arrd-25",47.0940655270538,74.3941531257736,83.7164290085742,77.9423776009363,88.3002046301422,72.7089122406678
"C04F12.1",11.3025757264929,10.7557811748106,5.63475964480788,8.31385361076654,4.64737919106011,9.25386155790317
"C04F12.8",9.41881310541076,8.96315097900887,6.43972530835186,12.4707804161498,7.43580670569618,3.96594066767279
"ttr-39",0.941881310541076,3.58526039160355,4.02482831771991,2.07846340269163,2.78842751463607,0
"C04H5.1",7.53505048432861,11.6520962727115,3.21986265417593,5.19615850672908,0,3.96594066767279
"nlp-41",0.941881310541076,4.48157548950443,3.21986265417593,6.2353902080749,2.78842751463607,13.219802225576
"C05A9.2",2.82564393162323,0.896315097900887,4.02482831771991,1.03923170134582,2.78842751463607,3.96594066767279
"C05B5.4",1.88376262108215,9.85946607690976,1.60993132708797,5.19615850672908,2.78842751463607,6.60990111278798
"C05B5.8",4.70940655270538,1.79263019580177,1.60993132708797,7.27462190942072,2.78842751463607,0
"C05C10.2",48.0359468375949,34.9562888181346,41.0532488407431,19.7454023255705,18.5895167642405,23.7956440060367
"C05C10.3",246.772903361762,233.041925454231,251.149287025723,190.179401346285,188.683595157041,203.58495427387
"pho-11",31.0820832478555,30.4747133286302,29.7837295511274,35.3338778457578,29.7432268227847,17.1857428932487
"ufd-3",28.2564393162323,25.9931378391257,29.7837295511274,30.1377193390287,31.6021784992088,25.1176242285943
"C05C12.4",4.70940655270538,3.58526039160355,7.24469097189585,8.31385361076654,7.43580670569618,7.93188133534558
"C05D12.1",1.88376262108215,2.68894529370266,5.63475964480788,3.11769510403745,0,2.64396044511519
"C05D12.2",0.941881310541076,0.896315097900887,4.02482831771991,5.19615850672908,0.929475838212023,7.93188133534558
"C05G5.1",8.47693179486968,24.2005076433239,7.24469097189585,11.431548714804,9.29475838212023,14.5417824481336
"C05G5.2",5.65128786324646,2.68894529370266,8.04965663543983,10.3923170134582,4.64737919106011,6.60990111278798
"C05G5.3",0.941881310541076,0.896315097900887,1.60993132708797,1.03923170134582,5.57685502927214,0
"sucl-1",90.4206058119433,60.9494266572603,92.571051307558,98.7270116278526,83.6528254390821,91.2166353564741
"cdc-48.1",178.957449002804,249.175597216447,251.954252689267,188.100937943593,218.426821979825,227.380598279907
"C06A1.2",15.0701009686572,11.6520962727115,12.0744849531597,10.3923170134582,12.0831858967563,11.8978220030184
"rpb-6",40.5008963532663,68.1199474404674,43.4681458313751,37.4123412484494,44.6148402341771,46.2693077895159
"C06A12.3",4.70940655270538,0.896315097900887,0,1.03923170134582,0,1.3219802225576
"cyp-35C1",4.70940655270538,7.1705207832071,11.2695192896158,2.07846340269163,3.71790335284809,2.64396044511519
"stdh-1",15.0701009686572,7.1705207832071,16.9042789344236,9.35308531211235,13.9421375731803,9.25386155790317
"C06B3.6",33.9077271794787,17.0299868601169,24.1489699063195,47.8046582619076,28.8137509845727,38.3374264541703
"C06B8.7",10.3606944159518,27.7857680349275,18.5142102615116,21.8238657282622,18.5895167642405,9.25386155790317
"swt-3",14.1282196581161,5.37789058740532,6.43972530835186,15.5884755201873,17.6600409260284,10.5758417804608
"atp-5",123.386451680881,128.173058999827,113.500158559702,149.649364993798,144.998230761076,137.48594314599
"C06H2.2",3.7675252421643,7.1705207832071,6.43972530835186,5.19615850672908,14.8716134113924,6.60990111278798
"jmjd-5",13.1863383475751,9.85946607690976,8.85462229898381,8.31385361076654,2.78842751463607,1.3219802225576
"folt-1",3.7675252421643,0.896315097900887,4.8297939812639,2.07846340269163,6.50633086748416,2.64396044511519
"glb-3",0,1.79263019580177,1.60993132708797,0,1.85895167642405,0
"lmtr-3",6.59316917378753,3.58526039160355,2.41489699063195,2.07846340269163,3.71790335284809,2.64396044511519
"C06H5.6",21.6632701424447,29.5783982307293,27.3688325604954,13.5100121174956,31.6021784992088,23.7956440060367
"dcar-1",11.3025757264929,9.85946607690976,6.43972530835186,19.7454023255705,12.0831858967563,18.5077231158063
"tiar-3",1.88376262108215,6.27420568530621,9.6595879625278,1.03923170134582,0.929475838212023,5.28792089023038
"C07A4.2",0,4.48157548950443,0.804965663543983,6.2353902080749,0.929475838212023,1.3219802225576
"bud-31",4.70940655270538,6.27420568530621,6.43972530835186,5.19615850672908,9.29475838212023,5.28792089023038
"ugt-60",6.59316917378753,3.58526039160355,5.63475964480788,12.4707804161498,7.43580670569618,3.96594066767279
"set-3",6.59316917378753,2.68894529370266,5.63475964480788,1.03923170134582,2.78842751463607,0
"best-5",2.82564393162323,0.896315097900887,0.804965663543983,0,0.929475838212023,1.3219802225576
"C07A9.9",2.82564393162323,2.68894529370266,7.24469097189585,2.07846340269163,3.71790335284809,3.96594066767279
"C07B5.4",6.59316917378753,6.27420568530621,6.43972530835186,7.27462190942072,13.0126617349683,10.5758417804608
"stip-1",11.3025757264929,18.8226170559186,18.5142102615116,17.6669389228789,7.43580670569618,19.8297033383639
"pro-2",113.025757264929,85.1499343005843,103.840570597174,65.4715971847865,56.6980261309334,58.1671297925342
"C07E3.3",6.59316917378753,3.58526039160355,8.04965663543983,3.11769510403745,5.57685502927214,11.8978220030184
"ceh-58",2.82564393162323,0,0.804965663543983,3.11769510403745,2.78842751463607,1.3219802225576
"C07E3.9",0,0,0.804965663543983,4.15692680538327,0.929475838212023,1.3219802225576
"C07H4.1",0.941881310541076,0.896315097900887,0,1.03923170134582,0,2.64396044511519
"ugt-17",1.88376262108215,9.85946607690976,5.63475964480788,11.431548714804,10.2242342203322,3.96594066767279
"C08B6.3",0,0,0.804965663543983,0,0.929475838212023,0
"wdr-20",36.733371111102,33.1636586223328,37.0284205230232,29.0984876376829,35.3200818520569,37.0154462316127
"C08B6.8",6.59316917378753,4.48157548950443,5.63475964480788,6.2353902080749,3.71790335284809,6.60990111278798
"C08B6.11",2.82564393162323,2.68894529370266,0,1.03923170134582,2.78842751463607,0
"swsn-7",35.7914898005609,34.0599737202337,53.1277337939029,43.6477314565243,58.5569778073574,33.0495055639399
"arp-6",1.88376262108215,16.133671762216,5.63475964480788,6.2353902080749,3.71790335284809,5.28792089023038
"algn-6",3.7675252421643,2.68894529370266,0.804965663543983,8.31385361076654,4.64737919106011,1.3219802225576
"C08B11.9",4.70940655270538,1.79263019580177,15.2943476073357,7.27462190942072,5.57685502927214,1.3219802225576
"C08E8.4",2.82564393162323,13.4447264685133,4.8297939812639,2.07846340269163,2.78842751463607,2.64396044511519
"pfd-1",28.2564393162323,67.2236323425665,53.9326994574469,50.922353365945,42.755888557753,50.2352484571886
"C08F8.2",16.9538635897394,9.85946607690976,21.7340729156875,11.431548714804,19.5189926024525,17.1857428932487
"C08F8.9",0.941881310541076,0,0,1.03923170134582,0.929475838212023,0
"C08F11.1",0,0.896315097900887,0,1.03923170134582,0,0
"ugt-22",71.5829796011218,51.9862756782514,63.5922874199747,34.294646144412,36.2495576902689,25.1176242285943
"C08F11.13",23.5470327635269,14.3410415664142,11.2695192896158,14.5492438188414,17.6600409260284,13.219802225576
"vgln-1",609.397207920076,657.895281859251,673.756260386314,595.479764871153,638.54990085166,737.664964187138
"algn-8",8.47693179486968,8.06683588110798,1.60993132708797,2.07846340269163,2.78842751463607,1.3219802225576
"C09E9.1",1.88376262108215,0,4.02482831771991,0,0.929475838212023,0
"C09F9.2",5.65128786324646,0.896315097900887,11.2695192896158,50.922353365945,28.8137509845727,51.5572286797462
"glna-1",22.6051514529858,32.2673435244319,24.9539355698635,20.7846340269163,14.8716134113924,27.7615846737095
"C09F12.2",1.88376262108215,3.58526039160355,0.804965663543983,1.03923170134582,3.71790335284809,2.64396044511519
"C09G1.4",6.59316917378753,8.96315097900887,9.6595879625278,8.31385361076654,6.50633086748416,2.64396044511519
"C09G1.5",15.0701009686572,4.48157548950443,5.63475964480788,6.2353902080749,3.71790335284809,7.93188133534558
"dph-2",10.3606944159518,8.96315097900887,7.24469097189585,7.27462190942072,9.29475838212023,9.25386155790317
"mks-5",5.65128786324646,0,3.21986265417593,5.19615850672908,7.43580670569618,0
"C09G9.1",16.9538635897394,15.2373566643151,12.8794506167037,17.6669389228789,12.0831858967563,33.0495055639399
"npp-23",9.41881310541076,6.27420568530621,9.6595879625278,2.07846340269163,2.78842751463607,0
"C09G9.5",0.941881310541076,0,1.60993132708797,0,1.85895167642405,0
"nasp-1",8.47693179486968,9.85946607690976,16.9042789344236,14.5492438188414,18.5895167642405,7.93188133534558
"apc-17",3.7675252421643,1.79263019580177,4.8297939812639,2.07846340269163,7.43580670569618,14.5417824481336
"glb-4",7.53505048432861,8.96315097900887,8.85462229898381,8.31385361076654,5.57685502927214,6.60990111278798
"nbs-1",15.0701009686572,36.7489190139364,12.8794506167037,8.31385361076654,4.64737919106011,9.25386155790317
"pezo-1",106.432588091142,106.661496650206,82.9114633450302,70.6677556915156,100.383390526898,97.8265364692621
"wht-2",5.65128786324646,5.37789058740532,4.8297939812639,1.03923170134582,7.43580670569618,10.5758417804608
"catp-8",52.7453533903003,36.7489190139364,40.2482831771991,76.9031458995905,52.9801227780853,64.7770309053222
"gpx-5",2.82564393162323,0,2.41489699063195,10.3923170134582,1.85895167642405,6.60990111278798
"gpx-3",0,1.79263019580177,2.41489699063195,0,7.43580670569618,0
"C11E4.6",9.41881310541076,18.8226170559186,8.85462229898381,17.6669389228789,9.29475838212023,6.60990111278798
"C11H1.3",10.3606944159518,0.896315097900887,1.60993132708797,6.2353902080749,15.8010892496044,14.5417824481336
"cbl-1",7.53505048432861,2.68894529370266,4.02482831771991,4.15692680538327,0.929475838212023,3.96594066767279
"fubl-1",24.488914074068,9.85946607690976,20.1241415885996,34.294646144412,25.0958476317246,50.2352484571886
"daf-36",7.53505048432861,17.9263019580177,11.2695192896158,11.431548714804,12.0831858967563,19.8297033383639
"C13B4.1",12.244457037034,14.3410415664142,7.24469097189585,10.3923170134582,20.4484684406645,14.5417824481336
"nhr-153",1.88376262108215,0,0.804965663543983,2.07846340269163,0,2.64396044511519
"nhr-154",3.7675252421643,1.79263019580177,2.41489699063195,7.27462190942072,4.64737919106011,10.5758417804608
"spin-1",13.1863383475751,8.06683588110798,16.9042789344236,14.5492438188414,9.29475838212023,15.8637626706912
"C13C12.2",0,0,0,3.11769510403745,5.57685502927214,0
"C13G3.1",4.70940655270538,5.37789058740532,5.63475964480788,2.07846340269163,2.78842751463607,0
"pptr-2",25.4307953846091,25.0968227412248,9.6595879625278,21.8238657282622,15.8010892496044,6.60990111278798
"dohh-1",23.5470327635269,16.133671762216,17.7092445979676,11.431548714804,15.8010892496044,10.5758417804608
"algn-9",15.0701009686572,18.8226170559186,11.2695192896158,6.2353902080749,14.8716134113924,18.5077231158063
"C14A4.6",5.65128786324646,2.68894529370266,0.804965663543983,5.19615850672908,2.78842751463607,1.3219802225576
"C14A4.7",1.88376262108215,6.27420568530621,2.41489699063195,0,1.85895167642405,2.64396044511519
"ccm-3",8.47693179486968,8.06683588110798,4.8297939812639,11.431548714804,7.43580670569618,19.8297033383639
"C14A4.12",26.3726766951501,17.0299868601169,12.0744849531597,10.3923170134582,6.50633086748416,9.25386155790317
"mrps-22",41.4427776638073,29.5783982307293,35.4184891959353,42.6084997551785,21.3779442788765,44.9473275669583
"clec-48",12.244457037034,1.79263019580177,13.6844162802477,31.1769510403745,20.4484684406645,7.93188133534558
"C14B1.3",3.7675252421643,3.58526039160355,0,3.11769510403745,8.3652825439082,14.5417824481336
"dph-1",7.53505048432861,7.1705207832071,12.8794506167037,4.15692680538327,13.9421375731803,3.96594066767279
"nrde-1",8.47693179486968,5.37789058740532,7.24469097189585,19.7454023255705,5.57685502927214,3.96594066767279
"C14B1.8",1.88376262108215,9.85946607690976,3.21986265417593,4.15692680538327,4.64737919106011,1.3219802225576
"alkb-8",17.8957449002804,7.1705207832071,16.0993132708797,17.6669389228789,15.8010892496044,10.5758417804608
"C14B4.2",34.8496084900198,31.371028426531,37.0284205230232,23.9023291309538,23.2368959553006,30.4055451188247
"C14C10.2",8.47693179486968,1.79263019580177,2.41489699063195,0,6.50633086748416,1.3219802225576
"ril-2",76.2923861538272,70.8088927341701,68.4220814012386,69.6285239901697,51.1211711016613,70.0649517955526
"mma-1",83.8274366381558,66.3273172446656,64.3972530835186,80.0208410036279,61.3454053219935,68.742971572995
"C14C10.5",122.44457037034,129.965689195629,131.209403157669,81.0600727049737,84.5823012772941,84.6067342436861
"ttr-43",0,4.48157548950443,0,0,2.78842751463607,0
"zipt-13",9.41881310541076,10.7557811748106,11.2695192896158,4.15692680538327,8.3652825439082,14.5417824481336
"C14H10.2",25.4307953846091,8.06683588110798,23.3440042427755,24.9415608322996,4.64737919106011,3.96594066767279
"C14H10.3",32.9658458689377,34.0599737202337,20.9291072521436,30.1377193390287,29.7432268227847,33.0495055639399
"C15A11.7",10.3606944159518,6.27420568530621,12.0744849531597,6.2353902080749,6.50633086748416,19.8297033383639
"C15C6.3",35.7914898005609,51.0899605803506,32.1986265417593,21.8238657282622,26.0253234699366,34.3714857864975
"xbx-9",16.0119822791983,12.5484113706124,12.0744849531597,17.6669389228789,16.7305650878164,19.8297033383639
"hrg-7",198.736956524167,246.486651922744,307.496883473802,222.395584088005,267.689041405063,182.433270712948
"C15C8.4",0.941881310541076,4.48157548950443,1.60993132708797,0,1.85895167642405,5.28792089023038
"C15C8.7",1.88376262108215,0,0,0,0,0
"rpoa-12",13.1863383475751,5.37789058740532,4.8297939812639,6.2353902080749,12.0831858967563,7.93188133534558
"rrbs-1",93.2462497435665,84.2536192026834,74.8618067095904,76.9031458995905,59.4864536455695,72.7089122406678
"ocrl-1",12.244457037034,12.5484113706124,7.24469097189585,10.3923170134582,12.0831858967563,10.5758417804608
"C16C2.4",8.47693179486968,7.1705207832071,2.41489699063195,3.11769510403745,7.43580670569618,2.64396044511519
"C16C10.1",4.70940655270538,0,0.804965663543983,3.11769510403745,0.929475838212023,0
"C16C10.2",7.53505048432861,6.27420568530621,10.4645536260718,6.2353902080749,12.0831858967563,5.28792089023038
"hrde-1",5.65128786324646,17.9263019580177,10.4645536260718,14.5492438188414,16.7305650878164,23.7956440060367
"C16C10.4",15.0701009686572,9.85946607690976,15.2943476073357,14.5492438188414,6.50633086748416,6.60990111278798
"rnf-121",3.7675252421643,4.48157548950443,4.8297939812639,7.27462190942072,6.50633086748416,6.60990111278798
"ccdc-55",4.70940655270538,5.37789058740532,4.8297939812639,12.4707804161498,7.43580670569618,6.60990111278798
"C16C10.8",21.6632701424447,6.27420568530621,9.6595879625278,15.5884755201873,12.0831858967563,3.96594066767279
"har-1",61.2222851851699,57.3641662656568,62.7873217564307,78.9816093022821,67.8517361894777,48.913268234631
"npr-4",1.88376262108215,5.37789058740532,5.63475964480788,1.03923170134582,0,0
"dhhc-7",9.41881310541076,8.06683588110798,4.8297939812639,11.431548714804,6.50633086748416,7.93188133534558
"C17D12.7",4.70940655270538,0.896315097900887,1.60993132708797,1.03923170134582,5.57685502927214,0
"C17E4.6",11.3025757264929,18.8226170559186,23.3440042427755,5.19615850672908,8.3652825439082,14.5417824481336
"nkb-1",277.854986609617,376.452341118372,284.152879231026,353.338778457578,295.573316551423,397.916046989836
"C17E4.10",21.6632701424447,18.8226170559186,35.4184891959353,34.294646144412,30.6727026609968,42.3033671218431
"ugt-23",7.53505048432861,7.1705207832071,5.63475964480788,8.31385361076654,9.29475838212023,5.28792089023038
"nra-3",17.8957449002804,34.0599737202337,25.7589012334075,20.7846340269163,7.43580670569618,11.8978220030184
"C17G1.5",2.82564393162323,0.896315097900887,3.21986265417593,1.03923170134582,0,1.3219802225576
"cysl-1",11.3025757264929,6.27420568530621,16.9042789344236,14.5492438188414,11.1537100585443,9.25386155790317
"seb-3",4.70940655270538,5.37789058740532,1.60993132708797,3.11769510403745,0,2.64396044511519
"C18B12.4",21.6632701424447,19.7189321538195,19.3191759250556,37.4123412484494,29.7432268227847,23.7956440060367
"C18B12.6",9.41881310541076,11.6520962727115,8.85462229898381,9.35308531211235,12.0831858967563,9.25386155790317
"fbxa-136",0,1.79263019580177,5.63475964480788,6.2353902080749,0.929475838212023,6.60990111278798
"C18D4.6",2.82564393162323,0,4.02482831771991,2.07846340269163,4.64737919106011,7.93188133534558
"C18D11.1",24.488914074068,37.6452341118373,37.8333861865672,41.5692680538327,51.1211711016613,47.5912880120735
"C18D11.3",17.8957449002804,14.3410415664142,24.1489699063195,10.3923170134582,12.0831858967563,14.5417824481336
"C18E9.2",16.9538635897394,16.133671762216,8.85462229898381,17.6669389228789,10.2242342203322,15.8637626706912
"C18E9.4",5.65128786324646,7.1705207832071,8.85462229898381,5.19615850672908,10.2242342203322,3.96594066767279
"C18E9.5",10.3606944159518,7.1705207832071,11.2695192896158,13.5100121174956,6.50633086748416,10.5758417804608
"tomm-40",60.2804038746289,103.076236258602,68.4220814012386,68.5892922888239,92.0181079829903,68.742971572995
"C18E9.9",1.88376262108215,1.79263019580177,8.85462229898381,6.2353902080749,5.57685502927214,2.64396044511519
"sftd-3",1.88376262108215,7.1705207832071,4.02482831771991,1.03923170134582,2.78842751463607,3.96594066767279
"C23H4.3",5.65128786324646,7.1705207832071,0.804965663543983,5.19615850672908,7.43580670569618,5.28792089023038
"C23H4.7",8.47693179486968,10.7557811748106,9.6595879625278,5.19615850672908,4.64737919106011,5.28792089023038
"tram-1",12.244457037034,30.4747133286302,36.2234548594792,28.0592559363371,42.755888557753,47.5912880120735
"qns-1",15.0701009686572,19.7189321538195,18.5142102615116,12.4707804161498,27.8842751463607,7.93188133534558
"gbf-1",105.490706780601,121.00253821662,142.478922447285,130.943194369573,141.280327408227,166.569508042257
"C25A1.1",0.941881310541076,0.896315097900887,1.60993132708797,2.07846340269163,0,7.93188133534558
"fath-1",16.0119822791983,10.7557811748106,8.04965663543983,4.15692680538327,7.43580670569618,9.25386155790317
"rsa-1",0,0,0,1.03923170134582,0.929475838212023,0
"lid-1",3.7675252421643,0.896315097900887,0.804965663543983,7.27462190942072,3.71790335284809,3.96594066767279
"mrpl-34",11.3025757264929,6.27420568530621,22.5390385792315,20.7846340269163,6.50633086748416,5.28792089023038
"otub-1",17.8957449002804,43.9194397971435,33.0035922053033,18.7061706242247,20.4484684406645,22.4736637834791
"C25D7.10",22.6051514529858,56.4678511677559,49.102905476183,40.5300363524869,37.1790335284809,26.4396044511519
"C25F9.4",0,0.896315097900887,1.60993132708797,2.07846340269163,0,1.3219802225576
"C25G4.2",7.53505048432861,22.4078774475222,17.7092445979676,13.5100121174956,18.5895167642405,9.25386155790317
"C25G4.3",3.7675252421643,3.58526039160355,5.63475964480788,10.3923170134582,3.71790335284809,1.3219802225576
"igdb-2",13.1863383475751,8.96315097900887,23.3440042427755,24.9415608322996,15.8010892496044,18.5077231158063
"glb-8",3.7675252421643,0.896315097900887,3.21986265417593,1.03923170134582,2.78842751463607,3.96594066767279
"C26C6.9",0.941881310541076,4.48157548950443,1.60993132708797,3.11769510403745,15.8010892496044,0
"C26D10.4",0.941881310541076,0,1.60993132708797,1.03923170134582,0,2.64396044511519
"C26D10.6",11.3025757264929,6.27420568530621,27.3688325604954,5.19615850672908,8.3652825439082,7.93188133534558
"C26E1.2",3.7675252421643,0,6.43972530835186,1.03923170134582,5.57685502927214,0
"ceh-79",3.7675252421643,5.37789058740532,6.43972530835186,0,8.3652825439082,3.96594066767279
"syg-2",19.7795075213626,19.7189321538195,16.9042789344236,10.3923170134582,9.29475838212023,17.1857428932487
"wdfy-3",102.665062848977,87.8388795942869,115.915055550334,95.6093165238152,71.5696395423257,130.876042033202
"C27A7.1",7.53505048432861,5.37789058740532,4.02482831771991,7.27462190942072,12.0831858967563,2.64396044511519
"C27A7.5",7.53505048432861,8.06683588110798,4.02482831771991,6.2353902080749,6.50633086748416,15.8637626706912
"C27B7.2",1.88376262108215,6.27420568530621,5.63475964480788,1.03923170134582,3.71790335284809,0
"rad-26",58.3966412535467,17.9263019580177,20.9291072521436,63.3931337820948,38.1085093666929,50.2352484571886
"C27B7.5",0,0,4.02482831771991,8.31385361076654,3.71790335284809,0
"C27B7.7",12.244457037034,2.68894529370266,9.6595879625278,2.07846340269163,5.57685502927214,25.1176242285943
"egrh-1",3.7675252421643,1.79263019580177,11.2695192896158,22.863097429608,18.5895167642405,23.7956440060367
"C27C12.4",8.47693179486968,8.06683588110798,12.8794506167037,6.2353902080749,7.43580670569618,7.93188133534558
"acd-3",0.941881310541076,1.79263019580177,6.43972530835186,6.2353902080749,0.929475838212023,0
"C27D8.3",15.0701009686572,25.0968227412248,16.9042789344236,14.5492438188414,11.1537100585443,23.7956440060367
"ruvb-1",32.9658458689377,14.3410415664142,26.5638668969514,24.9415608322996,18.5895167642405,27.7615846737095
"rmd-2",47.0940655270538,77.9794135173772,59.5674591022547,48.8438899632534,43.6853643959651,71.3869320181102
"C27H6.8",10.3606944159518,3.58526039160355,8.85462229898381,12.4707804161498,18.5895167642405,5.28792089023038
"nrx-1",28.2564393162323,28.6820831328284,13.6844162802477,27.0200242349912,21.3779442788765,51.5572286797462
"trpa-1",12.244457037034,5.37789058740532,12.8794506167037,8.31385361076654,9.29475838212023,2.64396044511519
"C29F3.7",21.6632701424447,51.9862756782514,36.2234548594792,8.31385361076654,22.3074201170885,6.60990111278798
"best-7",4.70940655270538,2.68894529370266,3.21986265417593,5.19615850672908,8.3652825439082,1.3219802225576
"C29F7.1",4.70940655270538,1.79263019580177,4.8297939812639,0,0.929475838212023,9.25386155790317
"C29F7.2",58.3966412535467,81.5646739089807,82.9114633450302,21.8238657282622,22.3074201170885,15.8637626706912
"C29F7.3",24.488914074068,43.9194397971435,28.1737982240394,36.3731095471036,39.037985204905,23.7956440060367
"C30F2.3",6.59316917378753,20.6152472517204,23.3440042427755,3.11769510403745,19.5189926024525,17.1857428932487
"clec-199",5.65128786324646,6.27420568530621,8.04965663543983,12.4707804161498,7.43580670569618,11.8978220030184
"dlat-2",24.488914074068,23.3041925454231,22.5390385792315,23.9023291309538,27.8842751463607,18.5077231158063
"C30H6.8",4.70940655270538,2.68894529370266,4.02482831771991,2.07846340269163,4.64737919106011,3.96594066767279
"C30H6.9",11.3025757264929,45.7120699929452,29.7837295511274,16.6277072215331,18.5895167642405,23.7956440060367
"trh-1",1.88376262108215,0,0.804965663543983,1.03923170134582,1.85895167642405,0
"oac-6",4.70940655270538,8.96315097900887,3.21986265417593,3.11769510403745,0,0
"C31C9.2",22.6051514529858,22.4078774475222,20.1241415885996,35.3338778457578,66.9222603512656,37.0154462316127
"fbxa-167",2.82564393162323,0,3.21986265417593,8.31385361076654,4.64737919106011,0
"C31C9.6",1.88376262108215,4.48157548950443,6.43972530835186,1.03923170134582,3.71790335284809,0
"C31C9.7",4.70940655270538,7.1705207832071,2.41489699063195,6.2353902080749,10.2242342203322,3.96594066767279
"C31E10.5",9.41881310541076,4.48157548950443,9.6595879625278,12.4707804161498,13.0126617349683,15.8637626706912
"C31E10.6",2.82564393162323,0,3.21986265417593,4.15692680538327,3.71790335284809,2.64396044511519
"cytb-5.1",34.8496084900198,51.9862756782514,47.492974149095,40.5300363524869,26.9547993081487,26.4396044511519
"tbc-19",0.941881310541076,1.79263019580177,0,3.11769510403745,4.64737919106011,3.96594066767279
"C31H5.4",0.941881310541076,0.896315097900887,0,1.03923170134582,3.71790335284809,2.64396044511519
"C31H5.5",1.88376262108215,0,0,1.03923170134582,1.85895167642405,1.3219802225576
"C31H5.6",11.3025757264929,1.79263019580177,9.6595879625278,6.2353902080749,15.8010892496044,9.25386155790317
"mrps-31",34.8496084900198,5.37789058740532,16.9042789344236,18.7061706242247,26.9547993081487,22.4736637834791
"rilp-1",18.8376262108215,8.06683588110798,11.2695192896158,9.35308531211235,15.8010892496044,11.8978220030184
"C32C4.1",3.7675252421643,0,0,3.11769510403745,4.64737919106011,0
"irg-6",11.3025757264929,3.58526039160355,5.63475964480788,1.03923170134582,0.929475838212023,0
"C32H11.4",23.5470327635269,27.7857680349275,17.7092445979676,15.5884755201873,26.0253234699366,18.5077231158063
"dod-24",4.70940655270538,7.1705207832071,3.21986265417593,15.5884755201873,25.0958476317246,31.7275253413823
"nfki-1",68.7573356694985,76.1867833215754,55.5426307845348,51.9615850672908,54.8390744545093,101.792477136935
"C33A11.2",1.88376262108215,7.1705207832071,0.804965663543983,5.19615850672908,9.29475838212023,6.60990111278798
"C33A12.1",19.7795075213626,8.06683588110798,19.3191759250556,21.8238657282622,13.9421375731803,6.60990111278798
"nlp-35",13.1863383475751,17.0299868601169,12.8794506167037,10.3923170134582,13.0126617349683,3.96594066767279
"C33A12.3",8.47693179486968,8.06683588110798,12.8794506167037,10.3923170134582,6.50633086748416,7.93188133534558
"C33A12.4",8.47693179486968,0,0.804965663543983,1.03923170134582,3.71790335284809,7.93188133534558
"ugt-21",6.59316917378753,9.85946607690976,8.85462229898381,3.11769510403745,7.43580670569618,9.25386155790317
"ethe-1",7.53505048432861,0.896315097900887,0.804965663543983,2.07846340269163,2.78842751463607,0
"C33A12.19",0.941881310541076,0,1.60993132708797,0,1.85895167642405,1.3219802225576
"C33B4.4",0,0,4.02482831771991,1.03923170134582,4.64737919106011,1.3219802225576
"C33D9.6",9.41881310541076,8.06683588110798,7.24469097189585,5.19615850672908,1.85895167642405,5.28792089023038
"lgc-21",0.941881310541076,0.896315097900887,1.60993132708797,9.35308531211235,9.29475838212023,3.96594066767279
"C33G3.4",1.88376262108215,3.58526039160355,2.41489699063195,4.15692680538327,9.29475838212023,7.93188133534558
"C33G3.6",3.7675252421643,4.48157548950443,3.21986265417593,6.2353902080749,2.78842751463607,5.28792089023038
"C34B4.2",50.8615907692181,67.2236323425665,67.6171157376946,53.0008167686367,37.1790335284809,87.2506946888013
"C34B4.3",3.7675252421643,8.96315097900887,5.63475964480788,3.11769510403745,1.85895167642405,2.64396044511519
"C34B7.1",1.88376262108215,0,0,0,0.929475838212023,0
"C34B7.2",15.0701009686572,8.96315097900887,13.6844162802477,13.5100121174956,12.0831858967563,5.28792089023038
"cyp-36A1",11.3025757264929,22.4078774475222,20.1241415885996,21.8238657282622,23.2368959553006,19.8297033383639
"mys-4",8.47693179486968,1.79263019580177,4.8297939812639,7.27462190942072,1.85895167642405,3.96594066767279
"C34C6.3",1.88376262108215,1.79263019580177,7.24469097189585,3.11769510403745,6.50633086748416,3.96594066767279
"C34C6.4",11.3025757264929,4.48157548950443,7.24469097189585,10.3923170134582,10.2242342203322,11.8978220030184
"sphk-1",9.41881310541076,15.2373566643151,11.2695192896158,11.431548714804,10.2242342203322,6.60990111278798
"C34C12.2",9.41881310541076,7.1705207832071,8.85462229898381,10.3923170134582,6.50633086748416,7.93188133534558
"pph-6",7.53505048432861,9.85946607690976,12.0744849531597,17.6669389228789,4.64737919106011,3.96594066767279
"C34C12.4",0.941881310541076,8.06683588110798,1.60993132708797,6.2353902080749,7.43580670569618,5.28792089023038
"rsu-1",16.9538635897394,22.4078774475222,15.2943476073357,21.8238657282622,10.2242342203322,17.1857428932487
"C34C12.6",8.47693179486968,0.896315097900887,4.8297939812639,10.3923170134582,5.57685502927214,15.8637626706912
"C34C12.8",23.5470327635269,17.0299868601169,20.1241415885996,15.5884755201873,18.5895167642405,22.4736637834791
"C34D1.4",1.88376262108215,8.06683588110798,10.4645536260718,4.15692680538327,0.929475838212023,1.3219802225576
"zip-5",0,2.68894529370266,0.804965663543983,2.07846340269163,0,1.3219802225576
"C34E7.4",48.0359468375949,121.898853314521,74.8618067095904,111.197792044002,147.786658275712,159.959606929469
"C34F6.1",0,0,0,3.11769510403745,11.1537100585443,10.5758417804608
"C34F6.7",1.88376262108215,1.79263019580177,4.8297939812639,2.07846340269163,0,3.96594066767279
"idh-2",13.1863383475751,14.3410415664142,10.4645536260718,29.0984876376829,26.9547993081487,29.0835648962671
"C34F6.9",21.6632701424447,8.06683588110798,11.2695192896158,11.431548714804,6.50633086748416,10.5758417804608
"C34F6.10",16.9538635897394,19.7189321538195,11.2695192896158,33.2554144430661,13.9421375731803,25.1176242285943
"C35A5.3",7.53505048432861,1.79263019580177,4.02482831771991,6.2353902080749,12.0831858967563,3.96594066767279
"C35A5.6",0,1.79263019580177,2.41489699063195,0,0,1.3219802225576
"C35A5.8",81.9436740170736,100.387290964899,114.305124223246,58.1969752753658,54.8390744545093,83.2847540211285
"selt-1.1",9.41881310541076,5.37789058740532,7.24469097189585,23.9023291309538,12.0831858967563,9.25386155790317
"trpp-9",6.59316917378753,7.1705207832071,10.4645536260718,5.19615850672908,6.50633086748416,6.60990111278798
"C35C5.8",0,0,3.21986265417593,0,2.78842751463607,0
"C35C5.10",30.1402019373144,46.6083850908461,21.7340729156875,16.6277072215331,18.5895167642405,21.1516835609215
"cyp-25A2",6.59316917378753,15.2373566643151,12.0744849531597,9.35308531211235,13.9421375731803,9.25386155790317
"C36A4.4",7.53505048432861,12.5484113706124,6.43972530835186,8.31385361076654,12.0831858967563,6.60990111278798
"cyp-25A4",4.70940655270538,1.79263019580177,0,0,0,0
"acs-19",98.897537606813,117.417277825016,93.376016971102,91.4523897184319,98.5244388504744,48.913268234631
"rpb-3",17.8957449002804,25.0968227412248,13.6844162802477,14.5492438188414,16.7305650878164,17.1857428932487
"prp-4",10.3606944159518,3.58526039160355,11.2695192896158,2.07846340269163,1.85895167642405,9.25386155790317
"dhfr-1",0.941881310541076,0,4.8297939812639,0,1.85895167642405,2.64396044511519
"gls-1",41.4427776638073,34.0599737202337,28.9787638875834,35.3338778457578,25.0958476317246,21.1516835609215
"C36B1.9",8.47693179486968,8.96315097900887,12.8794506167037,14.5492438188414,13.0126617349683,26.4396044511519
"imp-1",12.244457037034,15.2373566643151,10.4645536260718,10.3923170134582,12.0831858967563,7.93188133534558
"C36E8.1",64.9898104273342,50.1936454824497,52.3227681303589,40.5300363524869,42.755888557753,64.7770309053222
"glb-11",15.0701009686572,3.58526039160355,4.8297939812639,9.35308531211235,13.9421375731803,17.1857428932487
"pxd-1",11.3025757264929,5.37789058740532,4.8297939812639,12.4707804161498,8.3652825439082,13.219802225576
"C36E8.4",10.3606944159518,2.68894529370266,4.02482831771991,4.15692680538327,1.85895167642405,2.64396044511519
"irx-1",10.3606944159518,8.06683588110798,8.85462229898381,8.31385361076654,2.78842751463607,6.60990111278798
"best-8",0,6.27420568530621,12.0744849531597,1.03923170134582,3.71790335284809,6.60990111278798
"fipr-22",2.82564393162323,1.79263019580177,3.21986265417593,8.31385361076654,8.3652825439082,2.64396044511519
"C37A5.7",0.941881310541076,2.68894529370266,12.8794506167037,4.15692680538327,4.64737919106011,6.60990111278798
"fipr-24",3.7675252421643,8.06683588110798,2.41489699063195,5.19615850672908,1.85895167642405,10.5758417804608
"idhb-1",47.0940655270538,28.6820831328284,49.102905476183,63.3931337820948,33.4611301756328,46.2693077895159
"tag-297",0,0,0,2.07846340269163,9.29475838212023,1.3219802225576
"slc-17.2",13.1863383475751,23.3041925454231,16.9042789344236,33.2554144430661,24.1663717935126,17.1857428932487
"tag-325",18.8376262108215,29.5783982307293,34.6135235323913,42.6084997551785,26.0253234699366,33.0495055639399
"C38D4.9",2.82564393162323,0.896315097900887,1.60993132708797,0,1.85895167642405,1.3219802225576
"tbc-8",11.3025757264929,11.6520962727115,5.63475964480788,12.4707804161498,2.78842751463607,9.25386155790317
"C38H2.2",9.41881310541076,28.6820831328284,24.1489699063195,11.431548714804,19.5189926024525,26.4396044511519
"lgc-41",1.88376262108215,1.79263019580177,0,0,0,0
"scl-5",3.7675252421643,9.85946607690976,12.8794506167037,5.19615850672908,9.29475838212023,7.93188133534558
"scl-6",2.82564393162323,1.79263019580177,3.21986265417593,3.11769510403745,3.71790335284809,0
"C39E9.7",2.82564393162323,14.3410415664142,12.0744849531597,13.5100121174956,8.3652825439082,10.5758417804608
"C39E9.8",29.1983206267734,36.7489190139364,29.7837295511274,36.3731095471036,26.9547993081487,34.3714857864975
"spin-2",0.941881310541076,0,4.02482831771991,2.07846340269163,5.57685502927214,6.60990111278798
"C39E9.11",6.59316917378753,0.896315097900887,5.63475964480788,6.2353902080749,3.71790335284809,9.25386155790317
"C39E9.12",22.6051514529858,15.2373566643151,18.5142102615116,13.5100121174956,17.6600409260284,7.93188133534558
"ttr-5",23.5470327635269,30.4747133286302,25.7589012334075,15.5884755201873,7.43580670569618,9.25386155790317
"ufc-1",9.41881310541076,2.68894529370266,16.9042789344236,9.35308531211235,10.2242342203322,6.60990111278798
"C40H1.7",0.941881310541076,0,4.02482831771991,0,1.85895167642405,7.93188133534558
"C40H1.8",7.53505048432861,10.7557811748106,9.6595879625278,4.15692680538327,0.929475838212023,2.64396044511519
"lron-4",0,2.68894529370266,2.41489699063195,4.15692680538327,1.85895167642405,0
"ctns-1",5.65128786324646,2.68894529370266,2.41489699063195,5.19615850672908,4.64737919106011,2.64396044511519
"cdc-48.2",91.3624871224844,125.484113706124,117.524986877422,92.4916214197777,132.915044864319,96.5045562467045
"vps-50",10.3606944159518,6.27420568530621,7.24469097189585,4.15692680538327,0.929475838212023,9.25386155790317
"athp-1",14.1282196581161,14.3410415664142,20.9291072521436,9.35308531211235,11.1537100585443,15.8637626706912
"com-1",5.65128786324646,3.58526039160355,2.41489699063195,5.19615850672908,4.64737919106011,1.3219802225576
"C44C10.9",16.0119822791983,32.2673435244319,16.0993132708797,19.7454023255705,24.1663717935126,37.0154462316127
"C44F1.1",3.7675252421643,7.1705207832071,4.02482831771991,7.27462190942072,1.85895167642405,1.3219802225576
"C44H4.4",10.3606944159518,8.96315097900887,9.6595879625278,9.35308531211235,8.3652825439082,14.5417824481336
"C44H9.5",10.3606944159518,8.06683588110798,7.24469097189585,13.5100121174956,13.0126617349683,2.64396044511519
"C44H9.6",5.65128786324646,6.27420568530621,11.2695192896158,6.2353902080749,5.57685502927214,13.219802225576
"aspm-1",13.1863383475751,10.7557811748106,18.5142102615116,32.2161827417203,17.6600409260284,22.4736637834791
"C46C2.2",81.9436740170736,101.2836060628,75.6667723731344,65.4715971847865,69.7106878659017,42.3033671218431
"gsr-1",87.5949618803201,94.1130852795931,125.574643512861,140.296279681685,146.8571824375,120.300200252741
"madf-8",3.7675252421643,3.58526039160355,1.60993132708797,3.11769510403745,0.929475838212023,0
"C46F11.4",17.8957449002804,13.4447264685133,28.1737982240394,11.431548714804,13.0126617349683,11.8978220030184
"C46F11.5",10.3606944159518,19.7189321538195,17.7092445979676,16.6277072215331,17.6600409260284,21.1516835609215
"C46F11.6",2.82564393162323,4.48157548950443,7.24469097189585,3.11769510403745,6.50633086748416,5.28792089023038
"ent-4",5.65128786324646,1.79263019580177,3.21986265417593,6.2353902080749,8.3652825439082,5.28792089023038
"ddo-1",1.88376262108215,0,0.804965663543983,2.07846340269163,4.64737919106011,3.96594066767279
"C47B2.2",3.7675252421643,0.896315097900887,4.8297939812639,2.07846340269163,5.57685502927214,1.3219802225576
"gale-1",19.7795075213626,24.2005076433239,46.688008485551,25.9807925336454,26.9547993081487,26.4396044511519
"C47B2.9",2.82564393162323,0.896315097900887,8.85462229898381,2.07846340269163,4.64737919106011,9.25386155790317
"C47D12.2",9.41881310541076,29.5783982307293,24.1489699063195,19.7454023255705,27.8842751463607,40.9813868992855
"xpf-1",3.7675252421643,13.4447264685133,12.8794506167037,15.5884755201873,2.78842751463607,6.60990111278798
"C47E8.3",8.47693179486968,2.68894529370266,4.02482831771991,7.27462190942072,1.85895167642405,0
"C47E8.4",19.7795075213626,16.133671762216,10.4645536260718,22.863097429608,29.7432268227847,10.5758417804608
"C47E12.2",4.70940655270538,8.06683588110798,3.21986265417593,1.03923170134582,1.85895167642405,3.96594066767279
"C47E12.3",13.1863383475751,2.68894529370266,12.0744849531597,3.11769510403745,3.71790335284809,6.60990111278798
"pyp-1",52.7453533903003,38.5415492097381,41.8582145042871,64.4323654834406,47.4032677488132,35.6934660090551
"rrp-1",18.8376262108215,19.7189321538195,23.3440042427755,25.9807925336454,25.0958476317246,10.5758417804608
"C47G2.3",9.41881310541076,6.27420568530621,7.24469097189585,7.27462190942072,8.3652825439082,6.60990111278798
"C47G2.4",5.65128786324646,9.85946607690976,12.0744849531597,8.31385361076654,9.29475838212023,2.64396044511519
"saps-1",19.7795075213626,37.6452341118373,28.1737982240394,27.0200242349912,22.3074201170885,46.2693077895159
"acox-1.5",31.0820832478555,51.9862756782514,37.8333861865672,27.0200242349912,30.6727026609968,35.6934660090551
"C48B4.9",7.53505048432861,5.37789058740532,3.21986265417593,0,0.929475838212023,6.60990111278798
"rin-1",22.6051514529858,19.7189321538195,25.7589012334075,20.7846340269163,13.9421375731803,26.4396044511519
"C49A1.10",22.6051514529858,27.7857680349275,28.1737982240394,17.6669389228789,17.6600409260284,14.5417824481336
"C49C3.4",95.1300123646487,99.4909758669985,92.571051307558,121.590109057461,124.549762320411,144.095844258778
"ceh-88",0,4.48157548950443,2.41489699063195,4.15692680538327,2.78842751463607,0
"C49C3.6",4.70940655270538,1.79263019580177,1.60993132708797,1.03923170134582,0,1.3219802225576
"C49C3.7",0.941881310541076,0,4.8297939812639,1.03923170134582,2.78842751463607,1.3219802225576
"C49C3.9",7.53505048432861,1.79263019580177,7.24469097189585,6.2353902080749,6.50633086748416,2.64396044511519
"C49C3.10",6.59316917378753,0,8.04965663543983,3.11769510403745,3.71790335284809,1.3219802225576
"clec-198",6.59316917378753,2.68894529370266,4.02482831771991,7.27462190942072,0.929475838212023,1.3219802225576
"sams-1",240.179734187974,246.486651922744,264.83370330597,367.888022276419,350.412391005933,362.222580980781
"set-6",16.0119822791983,8.06683588110798,8.04965663543983,5.19615850672908,10.2242342203322,5.28792089023038
"C49F5.7",0,0,0,1.03923170134582,0.929475838212023,1.3219802225576
"C49F8.1",0.941881310541076,4.48157548950443,1.60993132708797,7.27462190942072,0.929475838212023,5.28792089023038
"gem-1",11.3025757264929,5.37789058740532,6.43972530835186,11.431548714804,5.57685502927214,13.219802225576
"C49F8.3",2.82564393162323,3.58526039160355,4.02482831771991,4.15692680538327,5.57685502927214,10.5758417804608
"nasp-2",24.488914074068,13.4447264685133,11.2695192896158,18.7061706242247,11.1537100585443,13.219802225576
"C50B6.3",7.53505048432861,1.79263019580177,3.21986265417593,1.03923170134582,4.64737919106011,9.25386155790317
"C50B6.7",2.82564393162323,0.896315097900887,0,2.07846340269163,3.71790335284809,6.60990111278798
"nhr-168",2.82564393162323,0.896315097900887,0.804965663543983,3.11769510403745,5.57685502927214,3.96594066767279
"slrp-1",10.3606944159518,1.79263019580177,8.04965663543983,10.3923170134582,12.0831858967563,6.60990111278798
"nuaf-1",26.3726766951501,17.9263019580177,16.9042789344236,27.0200242349912,26.9547993081487,11.8978220030184
"C50B8.4",2.82564393162323,0,0,2.07846340269163,0,1.3219802225576
"C50B8.5",0.941881310541076,7.1705207832071,0,1.03923170134582,0,3.96594066767279
"C50B8.6",5.65128786324646,3.58526039160355,3.21986265417593,0,9.29475838212023,0
"C50F4.1",32.9658458689377,19.7189321538195,29.7837295511274,32.2161827417203,24.1663717935126,14.5417824481336
"C50F4.8",5.65128786324646,0.896315097900887,1.60993132708797,6.2353902080749,7.43580670569618,1.3219802225576
"C50F4.9",0.941881310541076,0,2.41489699063195,1.03923170134582,2.78842751463607,0
"C50F4.12",0,0.896315097900887,2.41489699063195,3.11769510403745,0,0
"nstp-10",4.70940655270538,8.06683588110798,12.0744849531597,8.31385361076654,8.3652825439082,1.3219802225576
"C50F4.16",14.1282196581161,6.27420568530621,5.63475964480788,10.3923170134582,7.43580670569618,9.25386155790317
"fshr-1",11.3025757264929,17.0299868601169,9.6595879625278,16.6277072215331,20.4484684406645,10.5758417804608
"C50H2.13",4.70940655270538,5.37789058740532,13.6844162802477,6.2353902080749,2.78842751463607,0
"C51E3.6",7.53505048432861,8.96315097900887,8.04965663543983,13.5100121174956,7.43580670569618,9.25386155790317
"C51E3.9",18.8376262108215,5.37789058740532,6.43972530835186,11.431548714804,14.8716134113924,9.25386155790317
"C51E3.10",10.3606944159518,1.79263019580177,3.21986265417593,6.2353902080749,6.50633086748416,10.5758417804608
"mans-2",6.59316917378753,19.7189321538195,30.5886952146714,16.6277072215331,15.8010892496044,35.6934660090551
"ril-1",137.514671338997,190.915115852889,190.776862259924,139.257047980339,173.811981745648,137.48594314599
"C53A5.6",28.2564393162323,13.4447264685133,11.2695192896158,25.9807925336454,18.5895167642405,11.8978220030184
"C53A5.13",2.82564393162323,5.37789058740532,4.8297939812639,3.11769510403745,6.50633086748416,9.25386155790317
"C53B4.3",6.59316917378753,32.2673435244319,24.9539355698635,7.27462190942072,26.0253234699366,3.96594066767279
"C53B4.4",86.653080569779,72.6015229299718,66.8121500741506,111.197792044002,57.6275019691454,115.012279362511
"C53D6.4",0.941881310541076,3.58526039160355,3.21986265417593,6.2353902080749,3.71790335284809,2.64396044511519
"C53D6.6",3.7675252421643,1.79263019580177,1.60993132708797,0,4.64737919106011,0
"C53D6.7",2.82564393162323,7.1705207832071,8.85462229898381,2.07846340269163,7.43580670569618,0
"C54C6.6",2.82564393162323,6.27420568530621,3.21986265417593,3.11769510403745,0.929475838212023,5.28792089023038
"cdr-2",7.53505048432861,5.37789058740532,7.24469097189585,2.07846340269163,8.3652825439082,7.93188133534558
"C54D10.3",35.7914898005609,51.0899605803506,49.102905476183,33.2554144430661,27.8842751463607,48.913268234631
"C54D10.5",0.941881310541076,2.68894529370266,6.43972530835186,0,0,3.96594066767279
"C54D10.10",6.59316917378753,6.27420568530621,4.8297939812639,4.15692680538327,3.71790335284809,0
"ncs-5",4.70940655270538,1.79263019580177,4.02482831771991,14.5492438188414,8.3652825439082,0
"C54E10.6",15.0701009686572,3.58526039160355,12.0744849531597,5.19615850672908,11.1537100585443,14.5417824481336
"rskn-2",48.0359468375949,51.0899605803506,36.2234548594792,40.5300363524869,40.896936881329,33.0495055639399
"dod-18",0.941881310541076,0.896315097900887,3.21986265417593,1.03923170134582,1.85895167642405,0
"C54G4.7",17.8957449002804,13.4447264685133,16.9042789344236,23.9023291309538,25.0958476317246,27.7615846737095
"C54G4.9",1.88376262108215,0,2.41489699063195,0,6.50633086748416,0
"C55A1.6",0,0.896315097900887,0,0,1.85895167642405,0
"C55A6.1",1.88376262108215,2.68894529370266,1.60993132708797,2.07846340269163,1.85895167642405,6.60990111278798
"ttll-5",35.7914898005609,45.7120699929452,41.8582145042871,31.1769510403745,22.3074201170885,17.1857428932487
"C55A6.3",3.7675252421643,4.48157548950443,0,0,0.929475838212023,0
"C55A6.4",1.88376262108215,2.68894529370266,1.60993132708797,10.3923170134582,3.71790335284809,7.93188133534558
"sdz-8",3.7675252421643,4.48157548950443,8.04965663543983,4.15692680538327,1.85895167642405,6.60990111278798
"C55A6.6",0.941881310541076,5.37789058740532,2.41489699063195,2.07846340269163,0,3.96594066767279
"C55A6.7",0.941881310541076,1.79263019580177,1.60993132708797,2.07846340269163,3.71790335284809,1.3219802225576
"pafo-1",10.3606944159518,11.6520962727115,9.6595879625278,10.3923170134582,13.0126617349683,10.5758417804608
"C55A6.10",8.47693179486968,8.06683588110798,4.02482831771991,14.5492438188414,9.29475838212023,1.3219802225576
"ttr-44",12.244457037034,14.3410415664142,8.85462229898381,18.7061706242247,8.3652825439082,2.64396044511519
"frpr-5",0.941881310541076,2.68894529370266,0,3.11769510403745,2.78842751463607,0
"C56A3.4",1.88376262108215,3.58526039160355,3.21986265417593,3.11769510403745,0.929475838212023,0
"C56A3.5",5.65128786324646,1.79263019580177,12.8794506167037,15.5884755201873,7.43580670569618,1.3219802225576
"C56A3.6",4.70940655270538,0.896315097900887,0.804965663543983,5.19615850672908,9.29475838212023,0
"C56G7.3",3.7675252421643,2.68894529370266,0.804965663543983,8.31385361076654,2.78842751463607,0
"fbxa-6",1.88376262108215,0.896315097900887,4.02482831771991,2.07846340269163,0,1.3219802225576
"D1025.1",5.65128786324646,10.7557811748106,7.24469097189585,0,0.929475838212023,3.96594066767279
"gcsh-1",5.65128786324646,2.68894529370266,11.2695192896158,11.431548714804,10.2242342203322,1.3219802225576
"nspc-20",1.88376262108215,0,5.63475964480788,1.03923170134582,0,10.5758417804608
"D1043.1",6.59316917378753,16.133671762216,11.2695192896158,3.11769510403745,7.43580670569618,7.93188133534558
"cfim-2",17.8957449002804,16.133671762216,18.5142102615116,19.7454023255705,19.5189926024525,13.219802225576
"D1046.2",0,1.79263019580177,0.804965663543983,1.03923170134582,4.64737919106011,0
"slc-25A26",0.941881310541076,0,0.804965663543983,1.03923170134582,3.71790335284809,1.3219802225576
"tpra-1",15.0701009686572,6.27420568530621,8.85462229898381,14.5492438188414,7.43580670569618,9.25386155790317
"D1053.3",2.82564393162323,6.27420568530621,5.63475964480788,3.11769510403745,2.78842751463607,1.3219802225576
"D1053.4",1.88376262108215,3.58526039160355,0.804965663543983,0,0.929475838212023,3.96594066767279
"D1054.1",3.7675252421643,8.96315097900887,8.04965663543983,2.07846340269163,5.57685502927214,2.64396044511519
"D1054.3",5.65128786324646,8.96315097900887,10.4645536260718,13.5100121174956,8.3652825439082,5.28792089023038
"D1054.5",16.9538635897394,17.9263019580177,10.4645536260718,6.2353902080749,12.0831858967563,6.60990111278798
"D1054.8",2.82564393162323,0,9.6595879625278,2.07846340269163,6.50633086748416,2.64396044511519
"D1054.9",0,0,0,3.11769510403745,4.64737919106011,2.64396044511519
"prp-38",7.53505048432861,3.58526039160355,8.04965663543983,3.11769510403745,11.1537100585443,9.25386155790317
"D1081.7",6.59316917378753,0,3.21986265417593,3.11769510403745,0,0
"cdc-5L",61.2222851851699,55.571536069855,65.2022187470626,48.8438899632534,44.6148402341771,35.6934660090551
"D1086.5",1.88376262108215,3.58526039160355,4.8297939812639,10.3923170134582,8.3652825439082,3.96594066767279
"D1086.8",1.88376262108215,3.58526039160355,3.21986265417593,4.15692680538327,5.57685502927214,6.60990111278798
"D2005.3",4.70940655270538,5.37789058740532,5.63475964480788,1.03923170134582,7.43580670569618,1.3219802225576
"drh-3",19.7795075213626,16.133671762216,6.43972530835186,20.7846340269163,14.8716134113924,17.1857428932487
"wdfy-2",12.244457037034,9.85946607690976,8.04965663543983,4.15692680538327,11.1537100585443,7.93188133534558
"D2013.6",16.9538635897394,17.9263019580177,6.43972530835186,18.7061706242247,6.50633086748416,7.93188133534558
"ttll-12",44.2684215954306,32.2673435244319,16.0993132708797,50.922353365945,30.6727026609968,34.3714857864975
"D2023.3",0.941881310541076,4.48157548950443,1.60993132708797,3.11769510403745,1.85895167642405,9.25386155790317
"D2023.4",11.3025757264929,8.96315097900887,5.63475964480788,11.431548714804,5.57685502927214,13.219802225576
"mpst-1",1.88376262108215,9.85946607690976,9.6595879625278,13.5100121174956,7.43580670569618,2.64396044511519
"D2023.6",24.488914074068,26.8894529370266,24.9539355698635,10.3923170134582,9.29475838212023,10.5758417804608
"mans-1",9.41881310541076,15.2373566643151,13.6844162802477,10.3923170134582,12.0831858967563,22.4736637834791
"D2030.2",48.0359468375949,51.9862756782514,45.078077158463,87.2954629130486,74.3580670569618,63.4550506827646
"D2030.3",16.0119822791983,10.7557811748106,12.0744849531597,4.15692680538327,10.2242342203322,2.64396044511519
"D2030.4",11.3025757264929,3.58526039160355,18.5142102615116,14.5492438188414,13.9421375731803,9.25386155790317
"mce-1",9.41881310541076,8.96315097900887,9.6595879625278,9.35308531211235,8.3652825439082,9.25386155790317
"D2030.8",0.941881310541076,1.79263019580177,1.60993132708797,1.03923170134582,3.71790335284809,0
"wdr-23",48.0359468375949,45.7120699929452,48.297939812639,38.4515729497952,27.8842751463607,52.8792089023038
"D2030.11",0.941881310541076,0,1.60993132708797,1.03923170134582,0,0
"D2045.2",76.2923861538272,75.2904682236745,85.3263603356622,46.7654265605618,73.4285912187498,71.3869320181102
"D2045.8",2.82564393162323,8.96315097900887,4.02482831771991,0,9.29475838212023,1.3219802225576
"D2045.9",2.82564393162323,2.68894529370266,0.804965663543983,6.2353902080749,4.64737919106011,2.64396044511519
"eif-2Bepsilon",23.5470327635269,10.7557811748106,10.4645536260718,12.4707804161498,19.5189926024525,13.219802225576
"etc-1",18.8376262108215,16.133671762216,12.8794506167037,10.3923170134582,16.7305650878164,21.1516835609215
"hgap-2",68.7573356694985,66.3273172446656,63.5922874199747,39.490804651141,47.4032677488132,75.352872685783
"D2085.7",0,0,0,1.03923170134582,0,0
"glna-2",7.53505048432861,17.0299868601169,10.4645536260718,10.3923170134582,13.9421375731803,1.3219802225576
"DH11.2",4.70940655270538,3.58526039160355,7.24469097189585,9.35308531211235,13.9421375731803,23.7956440060367
"DH11.5",43.3265402848895,60.0531115593594,49.102905476183,50.922353365945,44.6148402341771,52.8792089023038
"mfb-1",14.1282196581161,34.9562888181346,13.6844162802477,15.5884755201873,11.1537100585443,17.1857428932487
"usp-50",20.7213888319037,15.2373566643151,10.4645536260718,7.27462190942072,18.5895167642405,13.219802225576
"E01B7.2",0.941881310541076,1.79263019580177,1.60993132708797,0,0.929475838212023,2.64396044511519
"pde-3",19.7795075213626,33.1636586223328,13.6844162802477,29.0984876376829,22.3074201170885,26.4396044511519
"tbc-14",44.2684215954306,50.1936454824497,36.2234548594792,48.8438899632534,42.755888557753,50.2352484571886
"E01G4.3",18.8376262108215,16.133671762216,14.4893819437917,29.0984876376829,26.9547993081487,17.1857428932487
"E01G6.1",0,0,0,5.19615850672908,11.1537100585443,5.28792089023038
"E01G6.2",3.7675252421643,3.58526039160355,2.41489699063195,5.19615850672908,0.929475838212023,6.60990111278798
"E01G6.3",0,1.79263019580177,0.804965663543983,4.15692680538327,1.85895167642405,1.3219802225576
"mrps-5",70.6410982905807,72.6015229299718,40.2482831771991,39.490804651141,73.4285912187498,48.913268234631
"E02A10.3",1.88376262108215,0.896315097900887,2.41489699063195,0,1.85895167642405,1.3219802225576
"E02H1.1",5.65128786324646,5.37789058740532,5.63475964480788,3.11769510403745,5.57685502927214,6.60990111278798
"eral-1",11.3025757264929,9.85946607690976,4.8297939812639,8.31385361076654,7.43580670569618,2.64396044511519
"E02H1.5",5.65128786324646,2.68894529370266,2.41489699063195,1.03923170134582,0.929475838212023,1.3219802225576
"E02H1.6",7.53505048432861,2.68894529370266,0,5.19615850672908,2.78842751463607,5.28792089023038
"mrpl-53",17.8957449002804,11.6520962727115,17.7092445979676,18.7061706242247,12.0831858967563,5.28792089023038
"E02H4.4",5.65128786324646,4.48157548950443,4.8297939812639,1.03923170134582,1.85895167642405,1.3219802225576
"E03H4.8",0,0.896315097900887,2.41489699063195,4.15692680538327,3.71790335284809,1.3219802225576
"clec-17",7.53505048432861,11.6520962727115,12.0744849531597,8.31385361076654,13.9421375731803,11.8978220030184
"eif-2A",98.897537606813,107.557811748106,82.9114633450302,43.6477314565243,41.826412719541,62.133070460207
"E04D5.2",0.941881310541076,0.896315097900887,0,5.19615850672908,0,0
"ugt-44",17.8957449002804,13.4447264685133,22.5390385792315,14.5492438188414,23.2368959553006,30.4055451188247
"F01D4.8",1.88376262108215,8.06683588110798,6.43972530835186,2.07846340269163,0.929475838212023,10.5758417804608
"F01D5.1",6.59316917378753,10.7557811748106,4.02482831771991,7.27462190942072,8.3652825439082,6.60990111278798
"F01D5.2",0.941881310541076,10.7557811748106,5.63475964480788,4.15692680538327,7.43580670569618,2.64396044511519
"F01D5.3",0,0,2.41489699063195,0,0,0
"F01D5.5",4.70940655270538,9.85946607690976,4.02482831771991,3.11769510403745,3.71790335284809,10.5758417804608
"F01D5.8",4.70940655270538,10.7557811748106,10.4645536260718,8.31385361076654,6.50633086748416,10.5758417804608
"cyp-37A1",5.65128786324646,7.1705207832071,5.63475964480788,8.31385361076654,18.5895167642405,5.28792089023038
"skih-2",32.9658458689377,23.3041925454231,29.7837295511274,37.4123412484494,28.8137509845727,26.4396044511519
"F01G4.4",4.70940655270538,1.79263019580177,0.804965663543983,4.15692680538327,8.3652825439082,13.219802225576
"F01G4.5",5.65128786324646,15.2373566643151,4.8297939812639,5.19615850672908,13.0126617349683,21.1516835609215
"F01G4.6",338.135390484246,322.673435244319,350.965029305177,333.593376132007,328.104970888844,423.033671218431
"tkt-1",353.205491452904,306.539763482103,333.255784707209,326.318754222587,315.092309153876,338.426936974745
"F01G10.6",0,0,0,0,0.929475838212023,0
"lipl-7",5.65128786324646,3.58526039160355,1.60993132708797,6.2353902080749,0.929475838212023,5.28792089023038
"mrpl-44",58.3966412535467,90.5278248879896,53.9326994574469,60.2754386780574,65.0633086748416,64.7770309053222
"F02C12.1",13.1863383475751,3.58526039160355,5.63475964480788,6.2353902080749,6.50633086748416,7.93188133534558
"cyp-13B1",0,0,0.804965663543983,0,0.929475838212023,3.96594066767279
"F02D8.4",20.7213888319037,7.1705207832071,6.43972530835186,11.431548714804,13.9421375731803,9.25386155790317
"F02E9.1",3.7675252421643,2.68894529370266,6.43972530835186,1.03923170134582,10.2242342203322,10.5758417804608
"F02E9.5",9.41881310541076,4.48157548950443,5.63475964480788,17.6669389228789,10.2242342203322,19.8297033383639
"F02E9.7",5.65128786324646,1.79263019580177,1.60993132708797,9.35308531211235,0,1.3219802225576
"dpt-1",26.3726766951501,18.8226170559186,23.3440042427755,21.8238657282622,17.6600409260284,31.7275253413823
"F02E9.10",23.5470327635269,4.48157548950443,13.6844162802477,11.431548714804,12.0831858967563,18.5077231158063
"scav-6",6.59316917378753,7.1705207832071,12.8794506167037,8.31385361076654,3.71790335284809,3.96594066767279
"F07A5.4",0,0,0,0,0,0
"gfat-1",32.9658458689377,38.5415492097381,36.2234548594792,27.0200242349912,53.9095986162973,48.913268234631
"F07A11.4",45.2103029059717,31.371028426531,39.4433175136552,27.0200242349912,39.037985204905,13.219802225576
"F07A11.5",7.53505048432861,7.1705207832071,2.41489699063195,7.27462190942072,11.1537100585443,18.5077231158063
"din-1",166.71299196577,163.129347817961,163.408029699429,127.825499265535,129.197141511471,137.48594314599
"F07C6.3",3.7675252421643,8.96315097900887,2.41489699063195,11.431548714804,7.43580670569618,0
"F07C6.4",54.6291160113824,43.0231246992426,30.5886952146714,28.0592559363371,38.1085093666929,58.1671297925342
"pho-13",0.941881310541076,4.48157548950443,2.41489699063195,1.03923170134582,5.57685502927214,3.96594066767279
"acox-1.1",25.4307953846091,14.3410415664142,28.9787638875834,14.5492438188414,12.0831858967563,25.1176242285943
"acox-1.2",10.3606944159518,6.27420568530621,8.04965663543983,20.7846340269163,15.8010892496044,7.93188133534558
"acox-1.4",9.41881310541076,5.37789058740532,8.85462229898381,3.11769510403745,3.71790335284809,2.64396044511519
"kcnl-2",10.3606944159518,12.5484113706124,16.0993132708797,9.35308531211235,16.7305650878164,2.64396044511519
"prmn-1",3.7675252421643,0,6.43972530835186,3.11769510403745,3.71790335284809,6.60990111278798
"F08B12.4",8.47693179486968,27.7857680349275,8.85462229898381,28.0592559363371,26.9547993081487,26.4396044511519
"scl-24",2.82564393162323,2.68894529370266,4.02482831771991,1.03923170134582,0,0
"F08G2.4",4.70940655270538,5.37789058740532,3.21986265417593,8.31385361076654,1.85895167642405,5.28792089023038
"F08G2.5",2.82564393162323,9.85946607690976,4.8297939812639,0,2.78842751463607,0
"F08G2.7",7.53505048432861,8.96315097900887,4.8297939812639,8.31385361076654,1.85895167642405,1.3219802225576
"F08G2.8",9.41881310541076,25.9931378391257,16.0993132708797,6.2353902080749,10.2242342203322,9.25386155790317
"F08G5.3",10.3606944159518,4.48157548950443,2.41489699063195,4.15692680538327,0.929475838212023,1.3219802225576
"ugt-65",6.59316917378753,8.96315097900887,12.0744849531597,2.07846340269163,9.29475838212023,5.28792089023038
"irg-4",84.7693179486968,57.3641662656568,77.2767037002224,37.4123412484494,50.1916952634492,33.0495055639399
"F08G12.1",2.82564393162323,4.48157548950443,0,4.15692680538327,6.50633086748416,10.5758417804608
"snrp-40.1",4.70940655270538,9.85946607690976,4.8297939812639,8.31385361076654,7.43580670569618,2.64396044511519
"nlp-57",5.65128786324646,3.58526039160355,5.63475964480788,8.31385361076654,2.78842751463607,1.3219802225576
"F08H9.3",0.941881310541076,0,0,2.07846340269163,4.64737919106011,0
"clec-227",0,0,0,1.03923170134582,2.78842751463607,0
"clec-57",13.1863383475751,16.133671762216,14.4893819437917,18.7061706242247,6.50633086748416,6.60990111278798
"clec-56",6.59316917378753,13.4447264685133,23.3440042427755,15.5884755201873,16.7305650878164,13.219802225576
"clec-54",2.82564393162323,0,0.804965663543983,0,3.71790335284809,2.64396044511519
"F09A5.2",2.82564393162323,2.68894529370266,5.63475964480788,1.03923170134582,2.78842751463607,0
"mob-2",17.8957449002804,19.7189321538195,21.7340729156875,41.5692680538327,22.3074201170885,25.1176242285943
"oac-14",11.3025757264929,11.6520962727115,12.8794506167037,18.7061706242247,9.29475838212023,15.8637626706912
"F09B9.4",33.9077271794787,43.0231246992426,24.1489699063195,18.7061706242247,28.8137509845727,23.7956440060367
"mlt-9",2.82564393162323,3.58526039160355,1.60993132708797,4.15692680538327,9.29475838212023,0
"dhhc-1",11.3025757264929,9.85946607690976,11.2695192896158,1.03923170134582,5.57685502927214,1.3219802225576
"F09B12.3",329.658458689377,466.980166006362,397.653037790728,342.94646144412,337.399729270964,452.117236114698
"F09C3.2",18.8376262108215,12.5484113706124,8.85462229898381,24.9415608322996,20.4484684406645,7.93188133534558
"fbxa-44",0.941881310541076,2.68894529370266,8.04965663543983,7.27462190942072,0.929475838212023,0
"F09C8.1",10.3606944159518,8.06683588110798,12.0744849531597,5.19615850672908,13.9421375731803,7.93188133534558
"F09C8.2",32.9658458689377,40.3341794055399,13.6844162802477,16.6277072215331,17.6600409260284,27.7615846737095
"crld-1",1.88376262108215,3.58526039160355,5.63475964480788,7.27462190942072,4.64737919106011,7.93188133534558
"ttr-21",17.8957449002804,18.8226170559186,16.9042789344236,13.5100121174956,21.3779442788765,15.8637626706912
"cpt-5",2.82564393162323,0,4.02482831771991,4.15692680538327,5.57685502927214,1.3219802225576
"F10A3.4",4.70940655270538,5.37789058740532,6.43972530835186,12.4707804161498,20.4484684406645,13.219802225576
"F10B5.2",6.59316917378753,7.1705207832071,8.85462229898381,4.15692680538327,3.71790335284809,6.60990111278798
"pch-2",2.82564393162323,3.58526039160355,3.21986265417593,2.07846340269163,2.78842751463607,1.3219802225576
"F10B5.8",10.3606944159518,1.79263019580177,9.6595879625278,5.19615850672908,8.3652825439082,10.5758417804608
"F10C2.3",5.65128786324646,6.27420568530621,3.21986265417593,4.15692680538327,5.57685502927214,3.96594066767279
"F10C2.4",23.5470327635269,19.7189321538195,12.0744849531597,13.5100121174956,15.8010892496044,6.60990111278798
"F10C2.5",15.0701009686572,3.58526039160355,4.02482831771991,7.27462190942072,3.71790335284809,6.60990111278798
"F10D11.2",11.3025757264929,12.5484113706124,5.63475964480788,4.15692680538327,1.85895167642405,5.28792089023038
"F10D11.6",0.941881310541076,5.37789058740532,0,14.5492438188414,28.8137509845727,15.8637626706912
"pfas-1",22.6051514529858,11.6520962727115,23.3440042427755,11.431548714804,17.6600409260284,9.25386155790317
"lron-5",10.3606944159518,15.2373566643151,15.2943476073357,8.31385361076654,12.0831858967563,18.5077231158063
"nubp-1",12.244457037034,13.4447264685133,24.1489699063195,9.35308531211235,20.4484684406645,9.25386155790317
"ercc-1",3.7675252421643,4.48157548950443,4.02482831771991,4.15692680538327,10.2242342203322,0
"F10G8.8",26.3726766951501,11.6520962727115,23.3440042427755,25.9807925336454,35.3200818520569,22.4736637834791
"F10G8.9",5.65128786324646,1.79263019580177,1.60993132708797,1.03923170134582,7.43580670569618,5.28792089023038
"acs-14",36.733371111102,29.5783982307293,25.7589012334075,27.0200242349912,32.5316543374208,19.8297033383639
"eif-2Bdelta",11.3025757264929,5.37789058740532,4.8297939812639,8.31385361076654,7.43580670569618,9.25386155790317
"F11A5.9",3.7675252421643,13.4447264685133,0.804965663543983,5.19615850672908,9.29475838212023,17.1857428932487
"scrm-4",7.53505048432861,8.96315097900887,3.21986265417593,3.11769510403745,13.0126617349683,5.28792089023038
"lex-1",50.8615907692181,34.0599737202337,47.492974149095,37.4123412484494,41.826412719541,62.133070460207
"repo-1",1.88376262108215,0.896315097900887,2.41489699063195,4.15692680538327,3.71790335284809,0
"mig-32",8.47693179486968,3.58526039160355,0.804965663543983,7.27462190942072,8.3652825439082,7.93188133534558
"mon-2",31.0820832478555,47.504700188747,33.8085578688473,40.5300363524869,40.896936881329,58.1671297925342
"F11A10.5",5.65128786324646,17.0299868601169,11.2695192896158,11.431548714804,7.43580670569618,10.5758417804608
"F11A10.6",7.53505048432861,18.8226170559186,12.8794506167037,14.5492438188414,13.0126617349683,23.7956440060367
"rbm-34",34.8496084900198,28.6820831328284,37.0284205230232,18.7061706242247,42.755888557753,38.3374264541703
"F11C1.1",0,0,0,3.11769510403745,3.71790335284809,0
"mff-1",0.941881310541076,3.58526039160355,0,3.11769510403745,0.929475838212023,0
"scav-4",8.47693179486968,11.6520962727115,5.63475964480788,1.03923170134582,1.85895167642405,7.93188133534558
"vwa-8",128.095858233586,136.239894880935,137.649128466021,131.982426070919,112.466576423655,153.349705816681
"gba-3",22.6051514529858,9.85946607690976,4.8297939812639,15.5884755201873,25.0958476317246,13.219802225576
"F11E6.3",44.2684215954306,40.3341794055399,60.3724247657987,83.1385361076654,89.2296804683542,64.7770309053222
"F11E6.7",14.1282196581161,8.06683588110798,9.6595879625278,10.3923170134582,15.8010892496044,5.28792089023038
"F11E6.8",4.70940655270538,2.68894529370266,5.63475964480788,3.11769510403745,5.57685502927214,5.28792089023038
"F12F6.1",32.0239645583966,25.0968227412248,28.1737982240394,30.1377193390287,32.5316543374208,46.2693077895159
"F12F6.7",4.70940655270538,1.79263019580177,3.21986265417593,2.07846340269163,9.29475838212023,0
"F13A7.11",0,0,0.804965663543983,0,2.78842751463607,0
"F13B12.1",17.8957449002804,33.1636586223328,22.5390385792315,20.7846340269163,14.8716134113924,19.8297033383639
"F13B12.6",10.3606944159518,2.68894529370266,7.24469097189585,7.27462190942072,13.0126617349683,7.93188133534558
"F13D2.1",13.1863383475751,5.37789058740532,21.7340729156875,13.5100121174956,22.3074201170885,11.8978220030184
"F13D12.6",307.995188546932,394.37864307639,405.702694426167,310.730278702399,286.278558169303,298.767530298017
"F13D12.8",1.88376262108215,4.48157548950443,5.63475964480788,0,2.78842751463607,6.60990111278798
"F13D12.10",0,0.896315097900887,2.41489699063195,2.07846340269163,0,0
"F13E6.1",24.488914074068,26.8894529370266,16.0993132708797,36.3731095471036,30.6727026609968,31.7275253413823
"F13E6.2",6.59316917378753,6.27420568530621,2.41489699063195,3.11769510403745,5.57685502927214,3.96594066767279
"yap-1",31.0820832478555,20.6152472517204,24.9539355698635,21.8238657282622,17.6600409260284,10.5758417804608
"plpp-1.3",7.53505048432861,13.4447264685133,14.4893819437917,5.19615850672908,6.50633086748416,1.3219802225576
"F13E9.1",6.59316917378753,8.06683588110798,8.04965663543983,5.19615850672908,4.64737919106011,10.5758417804608
"F13E9.11",7.53505048432861,5.37789058740532,8.85462229898381,4.15692680538327,4.64737919106011,6.60990111278798
"ztf-2",3.7675252421643,0.896315097900887,0.804965663543983,13.5100121174956,5.57685502927214,3.96594066767279
"dylt-1",5.65128786324646,11.6520962727115,4.02482831771991,1.03923170134582,8.3652825439082,9.25386155790317
"ttx-7",16.0119822791983,8.06683588110798,6.43972530835186,15.5884755201873,7.43580670569618,6.60990111278798
"F13G3.6",4.70940655270538,7.1705207832071,2.41489699063195,9.35308531211235,6.50633086748416,6.60990111278798
"F13G3.7",4.70940655270538,4.48157548950443,12.0744849531597,3.11769510403745,11.1537100585443,2.64396044511519
"F13G3.10",10.3606944159518,2.68894529370266,1.60993132708797,3.11769510403745,4.64737919106011,1.3219802225576
"mrpl-13",8.47693179486968,2.68894529370266,12.0744849531597,16.6277072215331,12.0831858967563,3.96594066767279
"F13G3.12",0.941881310541076,0,0,0,0,1.3219802225576
"F13H10.3",4.70940655270538,17.0299868601169,14.4893819437917,1.03923170134582,8.3652825439082,11.8978220030184
"mogs-1",13.1863383475751,13.4447264685133,22.5390385792315,17.6669389228789,16.7305650878164,19.8297033383639
"F13H10.6",2.82564393162323,2.68894529370266,0,3.11769510403745,0,0
"hxk-1",24.488914074068,37.6452341118373,28.9787638875834,29.0984876376829,52.0506469398733,27.7615846737095
"rpoa-2",91.3624871224844,83.3573041047825,86.9362916627502,37.4123412484494,39.037985204905,51.5572286797462
"F14B6.2",22.6051514529858,24.2005076433239,20.1241415885996,12.4707804161498,19.5189926024525,15.8637626706912
"F14B6.6",1.88376262108215,1.79263019580177,0.804965663543983,5.19615850672908,2.78842751463607,0
"F14D7.6",8.47693179486968,6.27420568530621,6.43972530835186,3.11769510403745,0.929475838212023,3.96594066767279
"F14E5.2",75.3505048432861,103.076236258602,80.4965663543983,63.3931337820948,87.3707287919301,101.792477136935
"lips-10",10.3606944159518,22.4078774475222,13.6844162802477,18.7061706242247,22.3074201170885,17.1857428932487
"git-1",4.70940655270538,5.37789058740532,14.4893819437917,8.31385361076654,13.9421375731803,11.8978220030184
"mboa-7",5.65128786324646,2.68894529370266,4.02482831771991,7.27462190942072,7.43580670569618,5.28792089023038
"cyp-13A12",2.82564393162323,6.27420568530621,1.60993132708797,4.15692680538327,0,1.3219802225576
"shw-1",10.3606944159518,2.68894529370266,3.21986265417593,10.3923170134582,2.78842751463607,6.60990111278798
"nlp-55",13.1863383475751,10.7557811748106,8.85462229898381,12.4707804161498,12.0831858967563,25.1176242285943
"cyp-35D1",0.941881310541076,0,0,0,2.78842751463607,1.3219802225576
"obr-2",15.0701009686572,8.06683588110798,4.8297939812639,5.19615850672908,10.2242342203322,6.60990111278798
"F15A4.5",4.70940655270538,8.06683588110798,8.04965663543983,8.31385361076654,4.64737919106011,10.5758417804608
"F15A4.6",17.8957449002804,25.0968227412248,19.3191759250556,24.9415608322996,28.8137509845727,25.1176242285943
"inft-2",3.7675252421643,3.58526039160355,1.60993132708797,1.03923170134582,2.78842751463607,11.8978220030184
"F15B9.6",0.941881310541076,0.896315097900887,0,0,0.929475838212023,0
"F15B9.8",0,0.896315097900887,0,2.07846340269163,5.57685502927214,1.3219802225576
"ubql-1",37.675252421643,56.4678511677559,39.4433175136552,39.490804651141,28.8137509845727,42.3033671218431
"F15D3.6",15.0701009686572,7.1705207832071,8.04965663543983,17.6669389228789,4.64737919106011,13.219802225576
"timm-23",43.3265402848895,59.1567964614585,40.2482831771991,55.0792801713283,39.037985204905,44.9473275669583
"F15D4.2",15.0701009686572,5.37789058740532,4.8297939812639,2.07846340269163,2.78842751463607,0
"romo-1",16.0119822791983,7.1705207832071,16.9042789344236,12.4707804161498,12.0831858967563,9.25386155790317
"F15D4.4",2.82564393162323,7.1705207832071,5.63475964480788,1.03923170134582,7.43580670569618,2.64396044511519
"F15G9.1",2.82564393162323,0,10.4645536260718,4.15692680538327,4.64737919106011,5.28792089023038
"F16A11.1",24.488914074068,13.4447264685133,17.7092445979676,15.5884755201873,24.1663717935126,13.219802225576
"rtcb-1",1.88376262108215,3.58526039160355,4.8297939812639,4.15692680538327,2.78842751463607,15.8637626706912
"ppfr-1",57.4547599430056,62.7420568530621,49.9078711397269,42.6084997551785,42.755888557753,77.9968331308982
"F16B12.4",6.59316917378753,3.58526039160355,3.21986265417593,1.03923170134582,9.29475838212023,2.64396044511519
"F16B12.6",25.4307953846091,29.5783982307293,41.8582145042871,36.3731095471036,44.6148402341771,39.6594066767279
"F16C3.2",0,0,0,1.03923170134582,1.85895167642405,1.3219802225576
"tbcd-1",14.1282196581161,8.96315097900887,9.6595879625278,11.431548714804,11.1537100585443,21.1516835609215
"clec-42",6.59316917378753,15.2373566643151,12.8794506167037,32.2161827417203,18.5895167642405,26.4396044511519
"F16H6.10",10.3606944159518,8.06683588110798,10.4645536260718,5.19615850672908,1.85895167642405,9.25386155790317
"F17C8.3",9.41881310541076,3.58526039160355,4.8297939812639,9.35308531211235,18.5895167642405,5.28792089023038
"F17C11.2",21.6632701424447,7.1705207832071,4.8297939812639,9.35308531211235,9.29475838212023,5.28792089023038
"F17C11.4",26.3726766951501,13.4447264685133,6.43972530835186,14.5492438188414,18.5895167642405,19.8297033383639
"F17C11.6",0,0,0,0,0.929475838212023,2.64396044511519
"F17C11.7",8.47693179486968,9.85946607690976,6.43972530835186,3.11769510403745,6.50633086748416,13.219802225576
"vps-36",15.0701009686572,24.2005076433239,27.3688325604954,15.5884755201873,25.0958476317246,23.7956440060367
"eef-1G",732.783659600957,710.777872635403,658.461912778978,783.580702814746,721.27325045253,831.525559988728
"ctf-4",42.3846589743484,38.5415492097381,27.3688325604954,50.922353365945,47.4032677488132,59.4891100150918
"F17C11.11",8.47693179486968,13.4447264685133,8.04965663543983,18.7061706242247,13.9421375731803,13.219802225576
"F17C11.12",10.3606944159518,4.48157548950443,3.21986265417593,8.31385361076654,5.57685502927214,0
"F17E5.2",4.70940655270538,2.68894529370266,2.41489699063195,5.19615850672908,6.50633086748416,9.25386155790317
"F17H10.1",25.4307953846091,33.1636586223328,22.5390385792315,30.1377193390287,37.1790335284809,15.8637626706912
"F17H10.2",0,4.48157548950443,7.24469097189585,3.11769510403745,4.64737919106011,3.96594066767279
"snx-17",18.8376262108215,17.9263019580177,19.3191759250556,18.7061706242247,28.8137509845727,11.8978220030184
"F18A11.2",0,1.79263019580177,0.804965663543983,7.27462190942072,0.929475838212023,1.3219802225576
"F18A11.3",2.82564393162323,1.79263019580177,1.60993132708797,3.11769510403745,2.78842751463607,2.64396044511519
"F18A11.5",10.3606944159518,0.896315097900887,4.8297939812639,5.19615850672908,6.50633086748416,2.64396044511519
"F18C12.3",21.6632701424447,7.1705207832071,13.6844162802477,10.3923170134582,6.50633086748416,7.93188133534558
"papl-1",12.244457037034,17.0299868601169,22.5390385792315,12.4707804161498,22.3074201170885,11.8978220030184
"F18H3.1",6.59316917378753,3.58526039160355,4.02482831771991,1.03923170134582,1.85895167642405,1.3219802225576
"F18H3.4",22.6051514529858,22.4078774475222,13.6844162802477,7.27462190942072,19.5189926024525,22.4736637834791
"F19B2.5",60.2804038746289,52.8825907761523,45.078077158463,60.2754386780574,59.4864536455695,54.2011891248614
"F19B2.6",2.82564393162323,4.48157548950443,4.8297939812639,2.07846340269163,2.78842751463607,2.64396044511519
"F19B6.1",42.3846589743484,77.9794135173772,48.297939812639,23.9023291309538,39.037985204905,54.2011891248614
"F19C6.2",15.0701009686572,3.58526039160355,6.43972530835186,14.5492438188414,9.29475838212023,6.60990111278798
"F19C6.3",1.88376262108215,0,2.41489699063195,4.15692680538327,0.929475838212023,1.3219802225576
"F19C6.4",0.941881310541076,1.79263019580177,4.8297939812639,0,0,1.3219802225576
"nekl-3",0,8.06683588110798,4.8297939812639,7.27462190942072,2.78842751463607,6.60990111278798
"F19H8.2",4.70940655270538,7.1705207832071,6.43972530835186,7.27462190942072,5.57685502927214,13.219802225576
"mltn-9",0,0.896315097900887,0,7.27462190942072,0.929475838212023,3.96594066767279
"F20C5.4",5.65128786324646,6.27420568530621,4.8297939812639,4.15692680538327,2.78842751463607,10.5758417804608
"F20C5.6",12.244457037034,23.3041925454231,20.9291072521436,10.3923170134582,11.1537100585443,5.28792089023038
"F20D1.1",17.8957449002804,23.3041925454231,23.3440042427755,29.0984876376829,19.5189926024525,29.0835648962671
"tbc-1",6.59316917378753,1.79263019580177,8.04965663543983,9.35308531211235,8.3652825439082,2.64396044511519
"F20D1.3",51.8034720797592,46.6083850908461,32.1986265417593,51.9615850672908,59.4864536455695,59.4891100150918
"slc-25A18.1",45.2103029059717,78.875728615278,57.9575277751668,34.294646144412,49.2622194252372,64.7770309053222
"emre-1",5.65128786324646,0.896315097900887,0.804965663543983,2.07846340269163,3.71790335284809,1.3219802225576
"F20G2.2",11.3025757264929,10.7557811748106,8.04965663543983,6.2353902080749,1.85895167642405,1.3219802225576
"F20G2.3",0.941881310541076,2.68894529370266,1.60993132708797,1.03923170134582,0.929475838212023,2.64396044511519
"F20G2.5",2.82564393162323,1.79263019580177,0.804965663543983,0,0,0
"smgl-1",39.5590150427252,34.9562888181346,20.9291072521436,19.7454023255705,26.9547993081487,27.7615846737095
"glb-14",0,0,0.804965663543983,2.07846340269163,5.57685502927214,0
"lgc-31",9.41881310541076,11.6520962727115,5.63475964480788,3.11769510403745,1.85895167642405,9.25386155790317
"ncs-4",0,0,4.8297939812639,0,1.85895167642405,5.28792089023038
"myrf-2",82.8855553276147,90.5278248879896,67.6171157376946,72.7462190942072,90.1591563065662,72.7089122406678
"hint-1",2.82564393162323,1.79263019580177,1.60993132708797,3.11769510403745,0,1.3219802225576
"pfd-6",9.41881310541076,14.3410415664142,12.8794506167037,10.3923170134582,16.7305650878164,10.5758417804608
"F21D5.1",3.7675252421643,0,8.04965663543983,10.3923170134582,5.57685502927214,1.3219802225576
"otub-3",3.7675252421643,2.68894529370266,1.60993132708797,1.03923170134582,1.85895167642405,2.64396044511519
"F21D5.3",42.3846589743484,20.6152472517204,24.1489699063195,25.9807925336454,28.8137509845727,17.1857428932487
"F21D5.5",3.7675252421643,9.85946607690976,7.24469097189585,3.11769510403745,7.43580670569618,3.96594066767279
"F21D5.6",6.59316917378753,5.37789058740532,9.6595879625278,5.19615850672908,7.43580670569618,2.64396044511519
"F21D5.7",42.3846589743484,51.9862756782514,45.078077158463,69.6285239901697,58.5569778073574,46.2693077895159
"mrps-33",7.53505048432861,10.7557811748106,8.85462229898381,11.431548714804,13.0126617349683,10.5758417804608
"F21G4.1",6.59316917378753,9.85946607690976,14.4893819437917,6.2353902080749,12.0831858967563,10.5758417804608
"F21G4.6",6.59316917378753,11.6520962727115,12.0744849531597,8.31385361076654,24.1663717935126,10.5758417804608
"F22B5.10",7.53505048432861,14.3410415664142,10.4645536260718,13.5100121174956,8.3652825439082,15.8637626706912
"cth-1",6.59316917378753,3.58526039160355,4.02482831771991,5.19615850672908,3.71790335284809,5.28792089023038
"F22B8.7",18.8376262108215,13.4447264685133,10.4645536260718,13.5100121174956,8.3652825439082,2.64396044511519
"F22D6.2",56.5128786324646,57.3641662656568,53.9326994574469,89.3739263157403,106.889721394383,55.523169347419
"nduf-6",17.8957449002804,9.85946607690976,8.85462229898381,18.7061706242247,10.2242342203322,5.28792089023038
"ekl-1",11.3025757264929,9.85946607690976,12.0744849531597,11.431548714804,14.8716134113924,2.64396044511519
"F22D6.15",3.7675252421643,2.68894529370266,2.41489699063195,7.27462190942072,1.85895167642405,0
"cept-1",13.1863383475751,20.6152472517204,13.6844162802477,18.7061706242247,13.0126617349683,11.8978220030184
"F22E12.1",48.0359468375949,53.7789058740532,55.5426307845348,40.5300363524869,40.896936881329,34.3714857864975
"F22G12.4",23.5470327635269,18.8226170559186,23.3440042427755,11.431548714804,18.5895167642405,13.219802225576
"F22G12.5",48.0359468375949,37.6452341118373,24.9539355698635,31.1769510403745,31.6021784992088,43.6253473444007
"F23A7.3",1.88376262108215,4.48157548950443,1.60993132708797,5.19615850672908,0.929475838212023,2.64396044511519
"rpb-12",0,1.79263019580177,3.21986265417593,2.07846340269163,1.85895167642405,1.3219802225576
"F23B12.4",10.3606944159518,12.5484113706124,4.02482831771991,14.5492438188414,13.9421375731803,15.8637626706912
"dlat-1",145.991603133867,126.380428804025,141.673956783741,137.178584577648,116.184479776503,152.027725594124
"F23B12.7",100.781300227895,95.9057154753949,100.620707942998,69.6285239901697,91.0886321447782,83.2847540211285
"F23D12.7",1.88376262108215,7.1705207832071,3.21986265417593,0,1.85895167642405,0
"tomm-20",32.0239645583966,3.58526039160355,12.0744849531597,21.8238657282622,15.8010892496044,21.1516835609215
"F23H12.3",0,1.79263019580177,2.41489699063195,0,0,2.64396044511519
"F23H12.5",0.941881310541076,2.68894529370266,0,4.15692680538327,2.78842751463607,5.28792089023038
"fipr-1",7.53505048432861,13.4447264685133,8.85462229898381,9.35308531211235,4.64737919106011,7.93188133534558
"fipr-2",6.59316917378753,0.896315097900887,12.8794506167037,4.15692680538327,0.929475838212023,1.3219802225576
"ehbp-1",33.9077271794787,24.2005076433239,27.3688325604954,17.6669389228789,19.5189926024525,26.4396044511519
"rgef-1",4.70940655270538,0,6.43972530835186,4.15692680538327,0,6.60990111278798
"F25B3.5",3.7675252421643,3.58526039160355,5.63475964480788,9.35308531211235,7.43580670569618,2.64396044511519
"rtfo-1",30.1402019373144,43.0231246992426,28.9787638875834,23.9023291309538,36.2495576902689,22.4736637834791
"acs-12",13.1863383475751,7.1705207832071,2.41489699063195,5.19615850672908,10.2242342203322,1.3219802225576
"degt-1",3.7675252421643,4.48157548950443,0.804965663543983,4.15692680538327,1.85895167642405,3.96594066767279
"F25D1.5",2.82564393162323,0,2.41489699063195,4.15692680538327,0,0
"tag-353",6.59316917378753,19.7189321538195,4.02482831771991,24.9415608322996,18.5895167642405,15.8637626706912
"snx-27",10.3606944159518,7.1705207832071,15.2943476073357,5.19615850672908,11.1537100585443,6.60990111278798
"F25H2.4",9.41881310541076,17.0299868601169,16.0993132708797,10.3923170134582,22.3074201170885,23.7956440060367
"ndk-1",154.468534928736,175.677759188574,166.627892353604,236.944827906846,184.965691804193,167.891488264815
"F25H2.6",27.3145580056912,16.133671762216,41.0532488407431,34.294646144412,24.1663717935126,14.5417824481336
"tct-1",225.109633219317,254.553487803852,263.223771978882,279.553327662025,290.925937360363,308.02139185592
"rtel-1",6.59316917378753,0.896315097900887,4.02482831771991,5.19615850672908,0.929475838212023,3.96594066767279
"pyk-1",107.374469401683,87.8388795942869,79.6916006908543,59.2362069767116,93.8770596594143,72.7089122406678
"clsp-1",14.1282196581161,10.7557811748106,14.4893819437917,12.4707804161498,13.9421375731803,50.2352484571886
"mrpl-54",0.941881310541076,3.58526039160355,0.804965663543983,1.03923170134582,2.78842751463607,3.96594066767279
"F25H8.1",0,0,13.6844162802477,0,1.85895167642405,3.96594066767279
"F25H8.2",18.8376262108215,17.9263019580177,20.9291072521436,3.11769510403745,25.0958476317246,10.5758417804608
"bed-3",0.941881310541076,0,0,5.19615850672908,4.64737919106011,1.3219802225576
"F25H9.7",7.53505048432861,3.58526039160355,0.804965663543983,3.11769510403745,0.929475838212023,2.64396044511519
"F26A3.1",12.244457037034,11.6520962727115,13.6844162802477,21.8238657282622,14.8716134113924,6.60990111278798
"ncbp-2",13.1863383475751,12.5484113706124,11.2695192896158,10.3923170134582,11.1537100585443,6.60990111278798
"F26A3.4",80.0599113959915,96.8020305732958,86.9362916627502,58.1969752753658,97.5949630122624,80.6407935760134
"F26A3.7",5.65128786324646,1.79263019580177,4.02482831771991,2.07846340269163,0,0
"F26C11.1",2.82564393162323,9.85946607690976,8.04965663543983,8.31385361076654,8.3652825439082,2.64396044511519
"F26E4.2",0,0,0,0,0,0
"F26E4.3",30.1402019373144,36.7489190139364,25.7589012334075,37.4123412484494,33.4611301756328,23.7956440060367
"F26E4.4",0.941881310541076,9.85946607690976,3.21986265417593,4.15692680538327,2.78842751463607,6.60990111278798
"cox-7C",51.8034720797592,29.5783982307293,35.4184891959353,40.5300363524869,41.826412719541,33.0495055639399
"F26E4.7",0.941881310541076,0.896315097900887,6.43972530835186,4.15692680538327,3.71790335284809,2.64396044511519
"drsh-1",3.7675252421643,1.79263019580177,7.24469097189585,1.03923170134582,1.85895167642405,0
"hrdl-1",30.1402019373144,12.5484113706124,23.3440042427755,25.9807925336454,38.1085093666929,38.3374264541703
"gpx-1",1.88376262108215,6.27420568530621,6.43972530835186,7.27462190942072,4.64737919106011,2.64396044511519
"F26F2.7",9.41881310541076,9.85946607690976,4.8297939812639,5.19615850672908,4.64737919106011,7.93188133534558
"F26H9.2",10.3606944159518,10.7557811748106,27.3688325604954,10.3923170134582,7.43580670569618,2.64396044511519
"nmat-2",0,6.27420568530621,0,1.03923170134582,0,1.3219802225576
"F26H9.5",21.6632701424447,13.4447264685133,17.7092445979676,27.0200242349912,32.5316543374208,23.7956440060367
"kbp-3",3.7675252421643,0.896315097900887,5.63475964480788,0,0,1.3219802225576
"nurf-1",245.831022051221,172.09249879697,220.560591811051,195.375559853014,239.804766258702,227.380598279907
"F27D4.1",68.7573356694985,53.7789058740532,68.4220814012386,67.5500605874781,77.1464945715979,72.7089122406678
"lsy-22",8.47693179486968,2.68894529370266,7.24469097189585,12.4707804161498,3.71790335284809,1.3219802225576
"F27D4.4",49.919709458677,31.371028426531,40.2482831771991,46.7654265605618,50.1916952634492,27.7615846737095
"F27D4.6",5.65128786324646,5.37789058740532,3.21986265417593,1.03923170134582,10.2242342203322,13.219802225576
"F27D4.7",1.88376262108215,1.79263019580177,4.8297939812639,2.07846340269163,0,3.96594066767279
"asah-2",3.7675252421643,7.1705207832071,7.24469097189585,2.07846340269163,10.2242342203322,11.8978220030184
"F28C1.1",17.8957449002804,12.5484113706124,16.0993132708797,11.431548714804,12.0831858967563,7.93188133534558
"F28C1.3",40.5008963532663,42.1268096013417,46.688008485551,27.0200242349912,38.1085093666929,84.6067342436861
"F28C6.4",0,8.06683588110798,4.8297939812639,1.03923170134582,5.57685502927214,0
"F28C6.5",2.82564393162323,0.896315097900887,1.60993132708797,5.19615850672908,4.64737919106011,9.25386155790317
"F28C6.8",15.0701009686572,37.6452341118373,18.5142102615116,23.9023291309538,21.3779442788765,9.25386155790317
"wdr-46",47.0940655270538,18.8226170559186,15.2943476073357,28.0592559363371,16.7305650878164,31.7275253413823
"F28D1.6",2.82564393162323,0,0,0,0.929475838212023,0
"acs-20",2.82564393162323,1.79263019580177,5.63475964480788,8.31385361076654,16.7305650878164,6.60990111278798
"dpm-3",3.7675252421643,0.896315097900887,2.41489699063195,2.07846340269163,0.929475838212023,1.3219802225576
"F28D9.4",4.70940655270538,1.79263019580177,1.60993132708797,7.27462190942072,2.78842751463607,0
"acs-2",13.1863383475751,20.6152472517204,10.4645536260718,61.3146703794032,48.3327435870252,42.3033671218431
"fbxa-95",0.941881310541076,2.68894529370266,0,5.19615850672908,0,5.28792089023038
"mdt-28",4.70940655270538,0.896315097900887,1.60993132708797,3.11769510403745,9.29475838212023,5.28792089023038
"F28H6.4",14.1282196581161,12.5484113706124,12.0744849531597,9.35308531211235,5.57685502927214,5.28792089023038
"F28H6.6",6.59316917378753,7.1705207832071,9.6595879625278,3.11769510403745,12.0831858967563,6.60990111278798
"F28H7.3",30.1402019373144,41.2304945034408,38.6383518501112,37.4123412484494,37.1790335284809,47.5912880120735
"F28H7.8",4.70940655270538,6.27420568530621,7.24469097189585,5.19615850672908,15.8010892496044,3.96594066767279
"F29C6.1",3.7675252421643,8.96315097900887,11.2695192896158,3.11769510403745,1.85895167642405,3.96594066767279
"rict-1",18.8376262108215,28.6820831328284,35.4184891959353,25.9807925336454,19.5189926024525,18.5077231158063
"gfm-1",162.003585413065,150.580936447349,116.720021213878,135.100121174956,140.350851570015,185.077231158063
"capg-1",24.488914074068,29.5783982307293,20.9291072521436,19.7454023255705,37.1790335284809,38.3374264541703
"tut-2",3.7675252421643,4.48157548950443,7.24469097189585,1.03923170134582,6.50633086748416,7.93188133534558
"F29G6.1",0.941881310541076,3.58526039160355,0,5.19615850672908,2.78842751463607,5.28792089023038
"hpo-34",267.494292193666,379.141286412075,331.645853380121,227.591742594734,267.689041405063,375.442383206357
"calm-1",4.70940655270538,0.896315097900887,4.02482831771991,0,4.64737919106011,0
"F30A10.3",7.53505048432861,1.79263019580177,3.21986265417593,7.27462190942072,2.78842751463607,0
"sac-1",18.8376262108215,17.0299868601169,9.6595879625278,7.27462190942072,11.1537100585443,5.28792089023038
"F30A10.9",12.244457037034,25.0968227412248,12.0744849531597,24.9415608322996,14.8716134113924,22.4736637834791
"usp-48",26.3726766951501,60.0531115593594,38.6383518501112,35.3338778457578,31.6021784992088,48.913268234631
"gras-1",0.941881310541076,1.79263019580177,2.41489699063195,4.15692680538327,0.929475838212023,0
"F30F8.5",0.941881310541076,0,1.60993132708797,0,0.929475838212023,0
"F30F8.9",1.88376262108215,3.58526039160355,6.43972530835186,8.31385361076654,0,0
"F30F8.10",1.88376262108215,4.48157548950443,0.804965663543983,1.03923170134582,7.43580670569618,3.96594066767279
"F31C3.2",18.8376262108215,28.6820831328284,22.5390385792315,5.19615850672908,8.3652825439082,17.1857428932487
"F31C3.3",49.919709458677,45.7120699929452,36.2234548594792,37.4123412484494,23.2368959553006,63.4550506827646
"zipt-1",5.65128786324646,0,4.8297939812639,9.35308531211235,2.78842751463607,9.25386155790317
"F31C3.6",4.70940655270538,1.79263019580177,4.8297939812639,2.07846340269163,5.57685502927214,10.5758417804608
"exos-7",4.70940655270538,7.1705207832071,4.02482831771991,2.07846340269163,4.64737919106011,0
"F31D4.2",44.2684215954306,34.0599737202337,24.9539355698635,45.726194859216,33.4611301756328,64.7770309053222
"clec-264",0.941881310541076,0,0,2.07846340269163,1.85895167642405,3.96594066767279
"F31D4.8",6.59316917378753,5.37789058740532,3.21986265417593,0,4.64737919106011,9.25386155790317
"F31D4.9",8.47693179486968,0.896315097900887,5.63475964480788,5.19615850672908,4.64737919106011,2.64396044511519
"eva-1",1.88376262108215,4.48157548950443,8.04965663543983,9.35308531211235,10.2242342203322,2.64396044511519
"F32A7.4",13.1863383475751,6.27420568530621,8.85462229898381,8.31385361076654,6.50633086748416,2.64396044511519
"maph-1.1",41.4427776638073,69.0162625383683,39.4433175136552,43.6477314565243,54.8390744545093,59.4891100150918
"F32A11.1",50.8615907692181,51.0899605803506,58.7624934387108,41.5692680538327,54.8390744545093,54.2011891248614
"F32B4.4",39.5590150427252,48.4010152866479,35.4184891959353,55.0792801713283,42.755888557753,50.2352484571886
"F32B4.5",3.7675252421643,7.1705207832071,4.8297939812639,4.15692680538327,4.64737919106011,2.64396044511519
"mccc-1",60.2804038746289,54.6752209719541,49.102905476183,46.7654265605618,63.2043569984175,60.8110902376494
"F32B6.3",4.70940655270538,6.27420568530621,7.24469097189585,2.07846340269163,8.3652825439082,3.96594066767279
"tbc-3",13.1863383475751,6.27420568530621,13.6844162802477,17.6669389228789,16.7305650878164,1.3219802225576
"best-13",3.7675252421643,5.37789058740532,6.43972530835186,6.2353902080749,5.57685502927214,6.60990111278798
"F32D8.4",3.7675252421643,2.68894529370266,4.8297939812639,2.07846340269163,6.50633086748416,0
"F32D8.5",1.88376262108215,3.58526039160355,4.8297939812639,3.11769510403745,3.71790335284809,2.64396044511519
"F32D8.10",5.65128786324646,6.27420568530621,12.8794506167037,17.6669389228789,0.929475838212023,0
"F32D8.12",27.3145580056912,31.371028426531,52.3227681303589,39.490804651141,33.4611301756328,21.1516835609215
"F32D8.14",1.88376262108215,0.896315097900887,1.60993132708797,10.3923170134582,2.78842751463607,2.64396044511519
"uig-1",43.3265402848895,21.5115623496213,30.5886952146714,11.431548714804,31.6021784992088,19.8297033383639
"best-14",30.1402019373144,40.3341794055399,45.883042822007,24.9415608322996,32.5316543374208,29.0835648962671
"thoc-3",12.244457037034,9.85946607690976,4.8297939812639,6.2353902080749,0.929475838212023,6.60990111278798
"fasn-1",348.496084900198,421.268096013417,402.482831771991,541.439716401171,579.06344720609,737.664964187138
"F32H5.1",23.5470327635269,25.9931378391257,33.8085578688473,37.4123412484494,30.6727026609968,30.4055451188247
"F32H5.4",6.59316917378753,8.96315097900887,4.02482831771991,3.11769510403745,11.1537100585443,1.3219802225576
"F33A8.4",16.0119822791983,28.6820831328284,23.3440042427755,17.6669389228789,13.0126617349683,27.7615846737095
"sdhd-1",23.5470327635269,53.7789058740532,48.297939812639,30.1377193390287,28.8137509845727,46.2693077895159
"F33C8.4",0,2.68894529370266,2.41489699063195,0,2.78842751463607,0
"F33H1.3",13.1863383475751,15.2373566643151,31.3936608782153,23.9023291309538,13.9421375731803,5.28792089023038
"F33H1.4",26.3726766951501,25.0968227412248,26.5638668969514,10.3923170134582,17.6600409260284,19.8297033383639
"F33H2.2",17.8957449002804,25.0968227412248,33.0035922053033,8.31385361076654,10.2242342203322,13.219802225576
"F33H2.3",39.5590150427252,57.3641662656568,44.2731114949191,39.490804651141,41.826412719541,30.4055451188247
"pole-1",40.5008963532663,39.437864307639,25.7589012334075,57.1577435740199,26.0253234699366,58.1671297925342
"F33H2.6",10.3606944159518,2.68894529370266,8.04965663543983,7.27462190942072,5.57685502927214,0
"evl-18",2.82564393162323,14.3410415664142,2.41489699063195,10.3923170134582,8.3652825439082,10.5758417804608
"F34D10.4",15.0701009686572,16.133671762216,11.2695192896158,27.0200242349912,23.2368959553006,25.1176242285943
"F34D10.6",24.488914074068,21.5115623496213,15.2943476073357,20.7846340269163,25.0958476317246,15.8637626706912
"F34H10.3",2.82564393162323,4.48157548950443,5.63475964480788,5.19615850672908,3.71790335284809,2.64396044511519
"F35B12.3",25.4307953846091,24.2005076433239,27.3688325604954,34.294646144412,31.6021784992088,14.5417824481336
"sas-5",3.7675252421643,2.68894529370266,2.41489699063195,5.19615850672908,2.78842751463607,3.96594066767279
"tag-290",3.7675252421643,2.68894529370266,0,5.19615850672908,0,1.3219802225576
"F35B12.9",16.0119822791983,10.7557811748106,17.7092445979676,30.1377193390287,12.0831858967563,10.5758417804608
"F35B12.10",17.8957449002804,14.3410415664142,15.2943476073357,15.5884755201873,16.7305650878164,10.5758417804608
"clec-62",1.88376262108215,8.96315097900887,10.4645536260718,8.31385361076654,17.6600409260284,21.1516835609215
"clec-63",961.660818062439,1165.20962727115,1195.37401036281,1042.34939644985,1143.25528100079,1372.21547101478
"clec-64",0.941881310541076,6.27420568530621,8.04965663543983,4.15692680538327,6.50633086748416,1.3219802225576
"clec-65",44.2684215954306,63.638371950963,55.5426307845348,47.8046582619076,47.4032677488132,74.0308924632254
"clec-66",20.7213888319037,40.3341794055399,37.8333861865672,13.5100121174956,26.0253234699366,17.1857428932487
"ddn-2",0,0,0,0,2.78842751463607,1.3219802225576
"F35C11.4",0,3.58526039160355,5.63475964480788,0,2.78842751463607,5.28792089023038
"F35C11.6",1.88376262108215,0.896315097900887,1.60993132708797,3.11769510403745,4.64737919106011,3.96594066767279
"F35C11.7",0.941881310541076,1.79263019580177,0,0,0,2.64396044511519
"F35C12.3",1.88376262108215,1.79263019580177,6.43972530835186,1.03923170134582,1.85895167642405,1.3219802225576
"irg-5",8.47693179486968,2.68894529370266,7.24469097189585,3.11769510403745,5.57685502927214,3.96594066767279
"F35E12.6",15.0701009686572,11.6520962727115,14.4893819437917,7.27462190942072,7.43580670569618,3.96594066767279
"dct-17",8.47693179486968,8.96315097900887,8.85462229898381,8.31385361076654,8.3652825439082,2.64396044511519
"cld-9",5.65128786324646,4.48157548950443,8.85462229898381,2.07846340269163,3.71790335284809,5.28792089023038
"F35E12.9",9.41881310541076,0,2.41489699063195,1.03923170134582,1.85895167642405,5.28792089023038
"F35E12.10",9.41881310541076,8.96315097900887,20.9291072521436,8.31385361076654,4.64737919106011,2.64396044511519
"F35G2.1",37.675252421643,26.8894529370266,25.7589012334075,31.1769510403745,26.9547993081487,39.6594066767279
"marb-1",9.41881310541076,13.4447264685133,5.63475964480788,14.5492438188414,6.50633086748416,5.28792089023038
"mlcd-1",9.41881310541076,13.4447264685133,5.63475964480788,16.6277072215331,13.9421375731803,9.25386155790317
"idhg-1",52.7453533903003,49.2973303845488,58.7624934387108,48.8438899632534,68.7812120276897,64.7770309053222
"wdr-48",5.65128786324646,0.896315097900887,6.43972530835186,4.15692680538327,6.50633086748416,5.28792089023038
"erh-2",3.7675252421643,0.896315097900887,2.41489699063195,2.07846340269163,7.43580670569618,1.3219802225576
"F35G12.12",14.1282196581161,4.48157548950443,16.0993132708797,13.5100121174956,14.8716134113924,11.8978220030184
"F35H8.2",0,3.58526039160355,0.804965663543983,2.07846340269163,0.929475838212023,3.96594066767279
"zfp-2",5.65128786324646,13.4447264685133,12.8794506167037,2.07846340269163,5.57685502927214,5.28792089023038
"ugt-58",17.8957449002804,8.06683588110798,14.4893819437917,12.4707804161498,22.3074201170885,17.1857428932487
"cids-2",14.1282196581161,20.6152472517204,22.5390385792315,8.31385361076654,11.1537100585443,18.5077231158063
"F36A2.2",13.1863383475751,13.4447264685133,8.85462229898381,12.4707804161498,26.9547993081487,13.219802225576
"F36A2.3",48.0359468375949,16.133671762216,15.2943476073357,28.0592559363371,43.6853643959651,40.9813868992855
"F36A2.7",145.991603133867,178.366704482277,183.532171288028,181.865547735518,183.106740127768,204.906934496427
"phip-1",1.88376262108215,2.68894529370266,0,3.11769510403745,0.929475838212023,1.3219802225576
"F36A2.9",23.5470327635269,35.8526039160355,27.3688325604954,21.8238657282622,22.3074201170885,27.7615846737095
"ubr-5",137.514671338997,125.484113706124,139.259059793109,97.6877799265068,121.761334805775,140.129903591105
"madf-2",2.82564393162323,3.58526039160355,4.8297939812639,2.07846340269163,4.64737919106011,3.96594066767279
"F36D1.7",0.941881310541076,0,1.60993132708797,0,0,0
"F36D3.1",8.47693179486968,1.79263019580177,7.24469097189585,4.15692680538327,1.85895167642405,5.28792089023038
"F36F2.1",0.941881310541076,1.79263019580177,2.41489699063195,3.11769510403745,1.85895167642405,0
"rbpl-1",69.6992169800396,41.2304945034408,67.6171157376946,58.1969752753658,53.9095986162973,35.6934660090551
"syx-7",12.244457037034,11.6520962727115,4.8297939812639,9.35308531211235,7.43580670569618,2.64396044511519
"fcp-1",16.0119822791983,12.5484113706124,20.9291072521436,7.27462190942072,6.50633086748416,9.25386155790317
"F36G3.1",18.8376262108215,18.8226170559186,26.5638668969514,8.31385361076654,17.6600409260284,29.0835648962671
"F36G3.2",6.59316917378753,3.58526039160355,3.21986265417593,1.03923170134582,9.29475838212023,2.64396044511519
"hrg-4",0,1.79263019580177,3.21986265417593,2.07846340269163,5.57685502927214,0
"tat-5",26.3726766951501,31.371028426531,42.6631801678311,28.0592559363371,27.8842751463607,25.1176242285943
"ent-6",13.1863383475751,5.37789058740532,8.04965663543983,5.19615850672908,6.50633086748416,3.96594066767279
"F36H2.3",7.53505048432861,4.48157548950443,9.6595879625278,6.2353902080749,8.3652825439082,1.3219802225576
"F37A8.5",6.59316917378753,3.58526039160355,4.02482831771991,13.5100121174956,19.5189926024525,10.5758417804608
"F37B12.3",12.244457037034,9.85946607690976,6.43972530835186,12.4707804161498,9.29475838212023,2.64396044511519
"mus-101",10.3606944159518,20.6152472517204,11.2695192896158,13.5100121174956,22.3074201170885,14.5417824481336
"row-1",3.7675252421643,10.7557811748106,8.85462229898381,15.5884755201873,11.1537100585443,7.93188133534558
"bigr-1",3.7675252421643,4.48157548950443,6.43972530835186,5.19615850672908,1.85895167642405,5.28792089023038
"F37H8.5",46.1521842165127,99.4909758669985,78.0816693637664,48.8438899632534,71.5696395423257,66.0990111278798
"clec-170",0.941881310541076,0.896315097900887,6.43972530835186,10.3923170134582,2.78842751463607,1.3219802225576
"clec-166",0.941881310541076,0,0,2.07846340269163,0,0
"F38A1.8",16.9538635897394,27.7857680349275,29.7837295511274,33.2554144430661,54.8390744545093,33.0495055639399
"F38B2.2",0,1.79263019580177,1.60993132708797,5.19615850672908,5.57685502927214,0
"F38B2.4",16.0119822791983,19.7189321538195,16.0993132708797,11.431548714804,13.9421375731803,7.93188133534558
"ccch-1",37.675252421643,44.8157548950443,49.9078711397269,42.6084997551785,32.5316543374208,22.4736637834791
"F38B7.2",7.53505048432861,8.06683588110798,4.8297939812639,12.4707804161498,4.64737919106011,7.93188133534558
"F38B7.3",23.5470327635269,14.3410415664142,7.24469097189585,25.9807925336454,3.71790335284809,11.8978220030184
"copb-2",107.374469401683,103.076236258602,132.819334484757,85.216999510357,139.421375731803,124.266140920414
"F38E11.9",0,1.79263019580177,0,0,2.78842751463607,0
"F38H4.3",14.1282196581161,8.06683588110798,8.04965663543983,16.6277072215331,12.0831858967563,7.93188133534558
"piki-1",28.2564393162323,38.5415492097381,24.9539355698635,27.0200242349912,28.8137509845727,37.0154462316127
"hinf-1",14.1282196581161,11.6520962727115,10.4645536260718,16.6277072215331,8.3652825439082,14.5417824481336
"F39B2.3",4.70940655270538,14.3410415664142,0.804965663543983,1.03923170134582,2.78842751463607,1.3219802225576
"F39B2.5",3.7675252421643,0.896315097900887,2.41489699063195,8.31385361076654,0,1.3219802225576
"F39B2.8",7.53505048432861,5.37789058740532,16.0993132708797,12.4707804161498,17.6600409260284,11.8978220030184
"mtx-1",14.1282196581161,10.7557811748106,23.3440042427755,11.431548714804,22.3074201170885,6.60990111278798
"flp-22",10.3606944159518,6.27420568530621,11.2695192896158,12.4707804161498,11.1537100585443,14.5417824481336
"F39H2.3",4.70940655270538,3.58526039160355,7.24469097189585,3.11769510403745,4.64737919106011,2.64396044511519
"F39H11.1",8.47693179486968,0,0.804965663543983,4.15692680538327,10.2242342203322,2.64396044511519
"F40E10.6",44.2684215954306,95.9057154753949,62.7873217564307,55.0792801713283,70.6401637041137,68.742971572995
"F40F8.1",11.3025757264929,16.133671762216,8.04965663543983,11.431548714804,16.7305650878164,7.93188133534558
"F40F8.4",18.8376262108215,12.5484113706124,17.7092445979676,16.6277072215331,26.9547993081487,9.25386155790317
"F40F8.5",62.164166495711,78.875728615278,54.7376651209908,67.5500605874781,58.5569778073574,44.9473275669583
"arrd-6",8.47693179486968,27.7857680349275,5.63475964480788,12.4707804161498,13.0126617349683,11.8978220030184
"xbx-6",20.7213888319037,27.7857680349275,33.8085578688473,19.7454023255705,26.9547993081487,15.8637626706912
"F40F9.5",1.88376262108215,3.58526039160355,2.41489699063195,7.27462190942072,0,1.3219802225576
"aagr-3",201.56260045579,233.938240552132,185.94706827866,147.570901591106,169.164602554588,216.804756499446
"drap-1",25.4307953846091,23.3041925454231,22.5390385792315,42.6084997551785,32.5316543374208,25.1176242285943
"F40F9.10",14.1282196581161,5.37789058740532,8.85462229898381,1.03923170134582,0.929475838212023,1.3219802225576
"mig-38",98.897537606813,81.5646739089807,76.4717380366784,89.3739263157403,70.6401637041137,68.742971572995
"cyld-1",53.6872347008413,51.9862756782514,51.5178024668149,47.8046582619076,47.4032677488132,52.8792089023038
"cbp-3",2.82564393162323,4.48157548950443,1.60993132708797,7.27462190942072,4.64737919106011,2.64396044511519
"F41E7.1",14.1282196581161,13.4447264685133,5.63475964480788,4.15692680538327,9.29475838212023,9.25386155790317
"F41E7.2",11.3025757264929,4.48157548950443,3.21986265417593,3.11769510403745,4.64737919106011,3.96594066767279
"npr-6",4.70940655270538,0,0,5.19615850672908,0,1.3219802225576
"fip-5",19.7795075213626,28.6820831328284,16.9042789344236,31.1769510403745,42.755888557753,44.9473275669583
"fipr-21",13.1863383475751,7.1705207832071,8.04965663543983,18.7061706242247,15.8010892496044,7.93188133534558
"cnc-8",0.941881310541076,0,0,3.11769510403745,0,0
"F42A8.1",6.59316917378753,3.58526039160355,3.21986265417593,11.431548714804,7.43580670569618,1.3219802225576
"cup-15",2.82564393162323,0,0,2.07846340269163,3.71790335284809,1.3219802225576
"tatn-1",77.2342674643682,114.728332531314,104.645536260718,38.4515729497952,70.6401637041137,81.962773798571
"ttyh-1",14.1282196581161,13.4447264685133,24.9539355698635,13.5100121174956,13.9421375731803,17.1857428932487
"F42F12.3",5.65128786324646,3.58526039160355,6.43972530835186,1.03923170134582,0.929475838212023,10.5758417804608
"F42F12.4",6.59316917378753,0,2.41489699063195,2.07846340269163,0,1.3219802225576
"F42G4.5",6.59316917378753,10.7557811748106,7.24469097189585,2.07846340269163,7.43580670569618,1.3219802225576
"F42G10.1",1.88376262108215,0.896315097900887,8.04965663543983,2.07846340269163,1.85895167642405,14.5417824481336
"zhit-2",4.70940655270538,0.896315097900887,1.60993132708797,1.03923170134582,0.929475838212023,1.3219802225576
"ccnk-1",1.88376262108215,0.896315097900887,6.43972530835186,9.35308531211235,3.71790335284809,2.64396044511519
"F43D9.1",2.82564393162323,6.27420568530621,2.41489699063195,6.2353902080749,4.64737919106011,5.28792089023038
"sly-1",15.0701009686572,17.0299868601169,11.2695192896158,12.4707804161498,12.0831858967563,10.5758417804608
"F43G6.8",1.88376262108215,0.896315097900887,2.41489699063195,2.07846340269163,3.71790335284809,2.64396044511519
"patr-1",46.1521842165127,97.6983456711967,82.9114633450302,51.9615850672908,83.6528254390821,92.5386155790317
"idha-1",247.714784672303,328.051325831725,283.347913567482,298.259498286249,307.65650244818,318.597233636381
"lmd-1",1.88376262108215,5.37789058740532,5.63475964480788,5.19615850672908,10.2242342203322,1.3219802225576
"slc-25A42",45.2103029059717,70.8088927341701,38.6383518501112,48.8438899632534,51.1211711016613,54.2011891248614
"F43G9.4",3.7675252421643,4.48157548950443,8.85462229898381,4.15692680538327,7.43580670569618,3.96594066767279
"cfim-1",9.41881310541076,10.7557811748106,10.4645536260718,15.5884755201873,20.4484684406645,17.1857428932487
"mfap-1",36.733371111102,52.8825907761523,43.4681458313751,48.8438899632534,32.5316543374208,37.0154462316127
"F43G9.12",11.3025757264929,18.8226170559186,13.6844162802477,15.5884755201873,15.8010892496044,10.5758417804608
"nucb-1",49.919709458677,42.1268096013417,52.3227681303589,43.6477314565243,48.3327435870252,44.9473275669583
"F44A6.4",4.70940655270538,3.58526039160355,0.804965663543983,0,0,0
"F44A6.5",1.88376262108215,6.27420568530621,2.41489699063195,11.431548714804,1.85895167642405,1.3219802225576
"magu-4",13.1863383475751,12.5484113706124,12.0744849531597,12.4707804161498,11.1537100585443,19.8297033383639
"F44D12.2",8.47693179486968,8.06683588110798,5.63475964480788,2.07846340269163,7.43580670569618,5.28792089023038
"ent-7",5.65128786324646,2.68894529370266,2.41489699063195,1.03923170134582,2.78842751463607,1.3219802225576
"F44E5.1",60.2804038746289,37.6452341118373,72.4469097189585,73.785450795553,73.4285912187498,74.0308924632254
"lurp-1",0.941881310541076,1.79263019580177,1.60993132708797,1.03923170134582,0.929475838212023,3.96594066767279
"F44G3.10",2.82564393162323,7.1705207832071,5.63475964480788,2.07846340269163,4.64737919106011,2.64396044511519
"F44G4.1",37.675252421643,34.0599737202337,33.0035922053033,40.5300363524869,21.3779442788765,21.1516835609215
"F44G4.2",24.488914074068,34.0599737202337,47.492974149095,48.8438899632534,46.4737919106011,47.5912880120735
"F44G4.6",0,1.79263019580177,0.804965663543983,4.15692680538327,0,0
"F44G4.7",3.7675252421643,4.48157548950443,4.8297939812639,6.2353902080749,12.0831858967563,3.96594066767279
"dep-1",33.9077271794787,25.9931378391257,20.9291072521436,37.4123412484494,17.6600409260284,35.6934660090551
"F45D3.2",20.7213888319037,11.6520962727115,16.0993132708797,19.7454023255705,11.1537100585443,14.5417824481336
"F45D3.3",8.47693179486968,24.2005076433239,26.5638668969514,14.5492438188414,16.7305650878164,15.8637626706912
"F45D3.4",22.6051514529858,33.1636586223328,27.3688325604954,25.9807925336454,21.3779442788765,14.5417824481336
"tbc-13",2.82564393162323,24.2005076433239,10.4645536260718,11.431548714804,11.1537100585443,10.5758417804608
"F45E10.2",7.53505048432861,3.58526039160355,3.21986265417593,8.31385361076654,9.29475838212023,5.28792089023038
"myo-6",63.1060478062521,40.3341794055399,49.102905476183,53.0008167686367,40.896936881329,44.9473275669583
"exo-1",2.82564393162323,5.37789058740532,5.63475964480788,2.07846340269163,7.43580670569618,9.25386155790317
"cope-1",11.3025757264929,9.85946607690976,11.2695192896158,9.35308531211235,6.50633086748416,3.96594066767279
"F45G2.7",7.53505048432861,2.68894529370266,1.60993132708797,1.03923170134582,7.43580670569618,3.96594066767279
"F45G2.8",7.53505048432861,7.1705207832071,23.3440042427755,9.35308531211235,18.5895167642405,3.96594066767279
"F45G2.10",5.65128786324646,0.896315097900887,5.63475964480788,2.07846340269163,3.71790335284809,3.96594066767279
"hecw-1",6.59316917378753,3.58526039160355,5.63475964480788,0,3.71790335284809,6.60990111278798
"F45H10.2",22.6051514529858,33.1636586223328,24.9539355698635,17.6669389228789,18.5895167642405,14.5417824481336
"F45H10.3",60.2804038746289,69.0162625383683,81.3015320179423,64.4323654834406,53.9095986162973,55.523169347419
"drr-1",3.7675252421643,1.79263019580177,4.8297939812639,8.31385361076654,2.78842751463607,1.3219802225576
"hpo-35",4.70940655270538,15.2373566643151,11.2695192896158,11.431548714804,16.7305650878164,26.4396044511519
"cox-19",5.65128786324646,12.5484113706124,2.41489699063195,1.03923170134582,5.57685502927214,10.5758417804608
"F46B6.4",2.82564393162323,6.27420568530621,4.02482831771991,3.11769510403745,12.0831858967563,6.60990111278798
"F46B6.5",28.2564393162323,12.5484113706124,23.3440042427755,22.863097429608,34.3906060138448,25.1176242285943
"F46B6.6",29.1983206267734,45.7120699929452,41.0532488407431,36.3731095471036,44.6148402341771,60.8110902376494
"ztf-7",362.624304558314,341.496052300238,301.862123828994,389.711888004681,356.918721873417,358.256640313109
"lipl-2",2.82564393162323,11.6520962727115,2.41489699063195,1.03923170134582,0.929475838212023,0
"F46B6.9",1.88376262108215,6.27420568530621,0,2.07846340269163,6.50633086748416,7.93188133534558
"F46B6.12",7.53505048432861,2.68894529370266,6.43972530835186,10.3923170134582,5.57685502927214,3.96594066767279
"F46C5.6",7.53505048432861,8.96315097900887,8.04965663543983,8.31385361076654,4.64737919106011,0
"rer-1",10.3606944159518,6.27420568530621,13.6844162802477,13.5100121174956,18.5895167642405,13.219802225576
"F46C5.9",10.3606944159518,19.7189321538195,20.1241415885996,11.431548714804,13.0126617349683,10.5758417804608
"F46C5.10",3.7675252421643,8.96315097900887,0,4.15692680538327,0.929475838212023,7.93188133534558
"F46F2.3",350.37984752128,325.362380538022,362.234548594792,363.731095471036,334.611301756328,305.377431410805
"F46F2.5",0.941881310541076,3.58526039160355,3.21986265417593,8.31385361076654,5.57685502927214,6.60990111278798
"lgc-44",0,3.58526039160355,0,5.19615850672908,1.85895167642405,0
"pkn-1",32.9658458689377,50.1936454824497,32.1986265417593,22.863097429608,27.8842751463607,19.8297033383639
"F46G10.1",26.3726766951501,23.3041925454231,21.7340729156875,12.4707804161498,19.5189926024525,9.25386155790317
"F46G10.2",21.6632701424447,10.7557811748106,8.04965663543983,12.4707804161498,24.1663717935126,33.0495055639399
"F46G10.4",1.88376262108215,0.896315097900887,6.43972530835186,2.07846340269163,1.85895167642405,0
"lgc-47",0,4.48157548950443,4.8297939812639,3.11769510403745,2.78842751463607,6.60990111278798
"rrc-1",18.8376262108215,27.7857680349275,18.5142102615116,17.6669389228789,20.4484684406645,11.8978220030184
"ipla-2",17.8957449002804,14.3410415664142,17.7092445979676,25.9807925336454,13.0126617349683,11.8978220030184
"F47B8.2",3.7675252421643,17.0299868601169,8.85462229898381,1.03923170134582,13.0126617349683,6.60990111278798
"F47B8.3",13.1863383475751,3.58526039160355,1.60993132708797,7.27462190942072,14.8716134113924,1.3219802225576
"F47B8.8",0,0,0.804965663543983,0,0,3.96594066767279
"suca-1",91.3624871224844,104.868866454404,135.234231475389,126.78626756419,116.184479776503,83.2847540211285
"haly-1",56.5128786324646,38.5415492097381,32.1986265417593,45.726194859216,67.8517361894777,48.913268234631
"acbp-3",15.0701009686572,3.58526039160355,2.41489699063195,5.19615850672908,2.78842751463607,0
"F47B10.9",1.88376262108215,0.896315097900887,0,0,0.929475838212023,1.3219802225576
"gadr-6",23.5470327635269,11.6520962727115,14.4893819437917,0,0,1.3219802225576
"F47G4.4",12.244457037034,17.0299868601169,16.9042789344236,3.11769510403745,8.3652825439082,22.4736637834791
"F47G9.1",14.1282196581161,22.4078774475222,12.8794506167037,31.1769510403745,30.6727026609968,17.1857428932487
"F47G9.4",16.0119822791983,8.06683588110798,12.0744849531597,17.6669389228789,17.6600409260284,17.1857428932487
"F47H4.2",6.59316917378753,3.58526039160355,4.8297939812639,4.15692680538327,0,2.64396044511519
"igeg-2",2.82564393162323,4.48157548950443,3.21986265417593,0,0.929475838212023,3.96594066767279
"F48C5.2",0,0,0,3.11769510403745,2.78842751463607,0
"F48F5.6",8.47693179486968,8.96315097900887,12.0744849531597,9.35308531211235,5.57685502927214,15.8637626706912
"F48F7.5",2.82564393162323,0,2.41489699063195,10.3923170134582,3.71790335284809,3.96594066767279
"F48F7.6",11.3025757264929,6.27420568530621,2.41489699063195,10.3923170134582,13.0126617349683,2.64396044511519
"F49B2.6",25.4307953846091,40.3341794055399,32.1986265417593,37.4123412484494,40.896936881329,25.1176242285943
"F49C12.6",0.941881310541076,2.68894529370266,1.60993132708797,3.11769510403745,1.85895167642405,2.64396044511519
"F49C12.7",4.70940655270538,0.896315097900887,4.02482831771991,2.07846340269163,2.78842751463607,5.28792089023038
"F49C12.9",5.65128786324646,8.06683588110798,12.0744849531597,8.31385361076654,3.71790335284809,11.8978220030184
"F49C12.11",6.59316917378753,4.48157548950443,4.02482831771991,6.2353902080749,5.57685502927214,1.3219802225576
"F49C12.12",18.8376262108215,20.6152472517204,20.1241415885996,29.0984876376829,32.5316543374208,22.4736637834791
"vha-17",42.3846589743484,66.3273172446656,58.7624934387108,54.0400484699825,61.3454053219935,64.7770309053222
"F49C12.14",1.88376262108215,0,0,0,0,0
"F49E2.2",70.6410982905807,54.6752209719541,64.3972530835186,44.6869631578701,53.9095986162973,75.352872685783
"glb-17",1.88376262108215,0,1.60993132708797,4.15692680538327,1.85895167642405,2.64396044511519
"F49E2.5",255.249835156632,233.938240552132,213.315900839155,279.553327662025,274.195372272547,249.854262063386
"scl-2",10.3606944159518,15.2373566643151,7.24469097189585,16.6277072215331,22.3074201170885,6.60990111278798
"scl-3",10.3606944159518,7.1705207832071,18.5142102615116,16.6277072215331,9.29475838212023,0
"efl-3",16.0119822791983,17.0299868601169,14.4893819437917,20.7846340269163,15.8010892496044,37.0154462316127
"drd-1",0.941881310541076,0,0,0,5.57685502927214,2.64396044511519
"F49E12.12",2.82564393162323,6.27420568530621,6.43972530835186,5.19615850672908,5.57685502927214,13.219802225576
"F52A8.1",25.4307953846091,61.8457417551612,31.3936608782153,27.0200242349912,17.6600409260284,31.7275253413823
"glb-18",9.41881310541076,0.896315097900887,6.43972530835186,2.07846340269163,3.71790335284809,2.64396044511519
"gcsh-2",12.244457037034,18.8226170559186,31.3936608782153,23.9023291309538,28.8137509845727,14.5417824481336
"kbrl-1",21.6632701424447,6.27420568530621,18.5142102615116,2.07846340269163,18.5895167642405,11.8978220030184
"abts-1",169.538635897394,138.928840174637,185.142102615116,171.47323072206,165.44669920174,153.349705816681
"F52B5.2",2.82564393162323,0.896315097900887,4.8297939812639,0,0.929475838212023,0
"F52B5.3",15.0701009686572,7.1705207832071,2.41489699063195,9.35308531211235,3.71790335284809,2.64396044511519
"cfp-1",17.8957449002804,19.7189321538195,8.85462229898381,9.35308531211235,13.9421375731803,13.219802225576
"F52B11.2",10.3606944159518,0.896315097900887,6.43972530835186,3.11769510403745,7.43580670569618,7.93188133534558
"noah-2",4.70940655270538,12.5484113706124,4.8297939812639,80.0208410036279,75.2875428951738,89.8946551339165
"abts-2",7.53505048432861,14.3410415664142,4.02482831771991,1.03923170134582,14.8716134113924,9.25386155790317
"F52D10.2",6.59316917378753,10.7557811748106,4.8297939812639,7.27462190942072,11.1537100585443,5.28792089023038
"F52E10.4",0,0,0,3.11769510403745,0,0
"ztf-11",9.41881310541076,8.06683588110798,8.04965663543983,8.31385361076654,5.57685502927214,6.60990111278798
"strl-1",4.70940655270538,8.06683588110798,4.8297939812639,2.07846340269163,12.0831858967563,3.96594066767279
"F52G2.3",5.65128786324646,5.37789058740532,5.63475964480788,5.19615850672908,6.50633086748416,6.60990111278798
"mtcu-2",12.244457037034,4.48157548950443,13.6844162802477,12.4707804161498,6.50633086748416,9.25386155790317
"bath-38",5.65128786324646,2.68894529370266,4.02482831771991,9.35308531211235,9.29475838212023,6.60990111278798
"ttc-36",0,2.68894529370266,4.02482831771991,4.15692680538327,0.929475838212023,0
"F53A2.1",5.65128786324646,0.896315097900887,0,3.11769510403745,3.71790335284809,1.3219802225576
"acaa-2",80.0599113959915,81.5646739089807,74.8618067095904,70.6677556915156,102.242342203323,80.6407935760134
"F53A2.9",1.88376262108215,5.37789058740532,0,3.11769510403745,0.929475838212023,14.5417824481336
"F53B2.8",3.7675252421643,8.06683588110798,5.63475964480788,5.19615850672908,3.71790335284809,1.3219802225576
"madd-4",33.9077271794787,33.1636586223328,43.4681458313751,42.6084997551785,21.3779442788765,25.1176242285943
"isy-1",6.59316917378753,8.96315097900887,10.4645536260718,4.15692680538327,0.929475838212023,7.93188133534558
"fig-1",84.7693179486968,62.7420568530621,58.7624934387108,56.1185118726741,63.2043569984175,117.656239807626
"F53C11.1",0.941881310541076,2.68894529370266,1.60993132708797,12.4707804161498,1.85895167642405,6.60990111278798
"F53C11.3",38.6171337321841,21.5115623496213,20.9291072521436,13.5100121174956,32.5316543374208,1.3219802225576
"F53C11.4",86.653080569779,84.2536192026834,71.6419440554145,92.4916214197777,93.8770596594143,142.77386403622
"F53C11.5",58.3966412535467,79.7720437131789,68.4220814012386,84.1777678090112,65.9927845130536,66.0990111278798
"swan-2",14.1282196581161,29.5783982307293,21.7340729156875,3.11769510403745,17.6600409260284,25.1176242285943
"swan-1",9.41881310541076,7.1705207832071,3.21986265417593,5.19615850672908,8.3652825439082,3.96594066767279
"F53E4.1",14.1282196581161,12.5484113706124,7.24469097189585,21.8238657282622,12.0831858967563,11.8978220030184
"F53F1.2",8.47693179486968,8.06683588110798,9.6595879625278,13.5100121174956,10.2242342203322,11.8978220030184
"F53F1.3",8.47693179486968,15.2373566643151,21.7340729156875,10.3923170134582,13.9421375731803,5.28792089023038
"F53F1.4",42.3846589743484,37.6452341118373,55.5426307845348,42.6084997551785,65.0633086748416,39.6594066767279
"cut-2",0,1.79263019580177,2.41489699063195,119.511645654769,97.5949630122624,59.4891100150918
"F53F1.6",0,0.896315097900887,1.60993132708797,4.15692680538327,0.929475838212023,0
"tbcb-1",8.47693179486968,9.85946607690976,12.0744849531597,4.15692680538327,3.71790335284809,5.28792089023038
"F53F4.10",30.1402019373144,38.5415492097381,26.5638668969514,55.0792801713283,44.6148402341771,29.0835648962671
"F53F4.11",304.227663304768,475.04700188747,338.890544352017,267.082547245875,263.971138052214,349.002778755205
"F53F4.12",5.65128786324646,7.1705207832071,2.41489699063195,2.07846340269163,0.929475838212023,1.3219802225576
"F53F4.13",17.8957449002804,14.3410415664142,12.0744849531597,17.6669389228789,25.0958476317246,5.28792089023038
"F53F4.14",27.3145580056912,27.7857680349275,16.9042789344236,18.7061706242247,21.3779442788765,19.8297033383639
"F53F8.4",14.1282196581161,17.0299868601169,12.8794506167037,16.6277072215331,13.9421375731803,17.1857428932487
"F53F8.5",5.65128786324646,13.4447264685133,8.04965663543983,6.2353902080749,14.8716134113924,11.8978220030184
"F53H2.3",31.0820832478555,14.3410415664142,22.5390385792315,6.2353902080749,13.9421375731803,30.4055451188247
"gmeb-2",0.941881310541076,4.48157548950443,6.43972530835186,0,5.57685502927214,2.64396044511519
"saeg-1",77.2342674643682,55.571536069855,64.3972530835186,57.1577435740199,49.2622194252372,80.6407935760134
"F54B3.1",103.606944159518,77.9794135173772,129.599471830581,112.237023745348,79.0054462480219,83.2847540211285
"atad-3",145.049721823326,77.0830984194763,118.329952540965,93.5308531211235,97.5949630122624,83.2847540211285
"F54B8.4",0,0,0.804965663543983,0,0.929475838212023,0
"F54B11.5",7.53505048432861,0.896315097900887,0.804965663543983,3.11769510403745,0,7.93188133534558
"F54B11.9",5.65128786324646,4.48157548950443,1.60993132708797,1.03923170134582,0.929475838212023,0
"F54C8.4",16.9538635897394,14.3410415664142,12.8794506167037,25.9807925336454,13.0126617349683,9.25386155790317
"rheb-1",3.7675252421643,2.68894529370266,0.804965663543983,3.11769510403745,2.78842751463607,3.96594066767279
"F54C8.6",1.88376262108215,1.79263019580177,1.60993132708797,5.19615850672908,0,5.28792089023038
"F54C8.7",13.1863383475751,6.27420568530621,13.6844162802477,10.3923170134582,13.0126617349683,0
"F54C9.3",5.65128786324646,7.1705207832071,6.43972530835186,13.5100121174956,5.57685502927214,2.64396044511519
"bcs-1",13.1863383475751,18.8226170559186,20.9291072521436,9.35308531211235,12.0831858967563,22.4736637834791
"F54C9.7",1.88376262108215,3.58526039160355,0,3.11769510403745,1.85895167642405,3.96594066767279
"F54C9.9",21.6632701424447,17.9263019580177,35.4184891959353,25.9807925336454,25.0958476317246,10.5758417804608
"F54C9.11",6.59316917378753,7.1705207832071,6.43972530835186,8.31385361076654,2.78842751463607,5.28792089023038
"F54D1.6",137.514671338997,121.00253821662,139.259059793109,127.825499265535,113.396052261867,107.080398027165
"F54D5.3",63.1060478062521,101.2836060628,63.5922874199747,50.922353365945,82.72334960087,74.0308924632254
"F54D5.4",30.1402019373144,41.2304945034408,33.8085578688473,20.7846340269163,44.6148402341771,19.8297033383639
"F54D5.5",10.3606944159518,10.7557811748106,4.8297939812639,6.2353902080749,6.50633086748416,14.5417824481336
"F54D5.7",78.1761487749093,61.8457417551612,82.1064976814863,70.6677556915156,58.5569778073574,51.5572286797462
"gtf-2E2",1.88376262108215,2.68894529370266,6.43972530835186,1.03923170134582,13.0126617349683,3.96594066767279
"F54D5.12",63.1060478062521,60.9494266572603,60.3724247657987,72.7462190942072,58.5569778073574,70.0649517955526
"smc-6",13.1863383475751,19.7189321538195,14.4893819437917,9.35308531211235,16.7305650878164,19.8297033383639
"F54D5.15",11.3025757264929,1.79263019580177,4.02482831771991,11.431548714804,2.78842751463607,1.3219802225576
"F54E4.3",16.0119822791983,23.3041925454231,16.0993132708797,16.6277072215331,15.8010892496044,15.8637626706912
"F54E12.2",7.53505048432861,8.96315097900887,9.6595879625278,7.27462190942072,19.5189926024525,21.1516835609215
"lipl-1",8.47693179486968,8.96315097900887,8.85462229898381,3.11769510403745,5.57685502927214,9.25386155790317
"dhrs-4",0,2.68894529370266,1.60993132708797,2.07846340269163,6.50633086748416,2.64396044511519
"nep-17",929.636853504042,1056.75550042515,1057.72488189679,902.053116768169,1005.69285694541,1139.54695184465
"F55A11.1",3.7675252421643,5.37789058740532,0.804965663543983,10.3923170134582,6.50633086748416,14.5417824481336
"F55A11.6",3.7675252421643,3.58526039160355,3.21986265417593,10.3923170134582,8.3652825439082,2.64396044511519
"F55A11.7",3.7675252421643,15.2373566643151,13.6844162802477,5.19615850672908,8.3652825439082,10.5758417804608
"xdh-1",74.408623532745,81.5646739089807,67.6171157376946,94.5700848224694,75.2875428951738,75.352872685783
"F55B11.4",5.65128786324646,1.79263019580177,4.02482831771991,3.11769510403745,0,1.3219802225576
"hpo-31",16.0119822791983,3.58526039160355,7.24469097189585,8.31385361076654,10.2242342203322,5.28792089023038
"capg-2",19.7795075213626,8.06683588110798,17.7092445979676,17.6669389228789,24.1663717935126,14.5417824481336
"tsfm-1",27.3145580056912,25.0968227412248,30.5886952146714,23.9023291309538,15.8010892496044,25.1176242285943
"rskd-1",13.1863383475751,34.9562888181346,19.3191759250556,22.863097429608,20.4484684406645,19.8297033383639
"srpa-68",64.0479291167932,71.705207832071,94.98594829819,62.353902080749,54.8390744545093,68.742971572995
"F55C10.5",8.47693179486968,2.68894529370266,2.41489699063195,1.03923170134582,3.71790335284809,1.3219802225576
"F55D12.1",0.941881310541076,0,0,1.03923170134582,0.929475838212023,2.64396044511519
"F55D12.2",4.70940655270538,10.7557811748106,8.85462229898381,9.35308531211235,5.57685502927214,5.28792089023038
"F55D12.5",17.8957449002804,36.7489190139364,8.85462229898381,6.2353902080749,25.0958476317246,22.4736637834791
"aakb-1",5.65128786324646,14.3410415664142,20.1241415885996,10.3923170134582,17.6600409260284,6.60990111278798
"F55F3.2",14.1282196581161,21.5115623496213,16.0993132708797,24.9415608322996,18.5895167642405,17.1857428932487
"nkb-3",60.2804038746289,42.1268096013417,36.2234548594792,66.5108288861323,36.2495576902689,55.523169347419
"F55G11.2",2.82564393162323,4.48157548950443,4.8297939812639,1.03923170134582,0.929475838212023,3.96594066767279
"F55G11.4",3.7675252421643,5.37789058740532,6.43972530835186,6.2353902080749,9.29475838212023,5.28792089023038
"dod-22",1.88376262108215,0.896315097900887,2.41489699063195,10.3923170134582,8.3652825439082,3.96594066767279
"F55G11.8",16.9538635897394,17.0299868601169,10.4645536260718,11.431548714804,12.0831858967563,14.5417824481336
"vha-14",159.177941481442,105.765181552305,132.819334484757,148.610133292452,189.613070995253,122.944160697856
"F55H2.5",3.7675252421643,3.58526039160355,12.8794506167037,8.31385361076654,7.43580670569618,13.219802225576
"F55H2.7",6.59316917378753,5.37789058740532,3.21986265417593,2.07846340269163,5.57685502927214,6.60990111278798
"F55H12.2",2.82564393162323,2.68894529370266,1.60993132708797,12.4707804161498,0,0
"F55H12.3",26.3726766951501,27.7857680349275,24.9539355698635,22.863097429608,24.1663717935126,39.6594066767279
"F55H12.4",5.65128786324646,8.06683588110798,4.02482831771991,10.3923170134582,6.50633086748416,3.96594066767279
"ztf-26",1.88376262108215,0,6.43972530835186,5.19615850672908,0,5.28792089023038
"F56A8.3",50.8615907692181,17.0299868601169,28.9787638875834,59.2362069767116,36.2495576902689,40.9813868992855
"F56A8.5",3.7675252421643,4.48157548950443,7.24469097189585,6.2353902080749,1.85895167642405,0
"glb-19",0,0,3.21986265417593,1.03923170134582,0,0
"F56D5.3",16.9538635897394,1.79263019580177,1.60993132708797,12.4707804161498,9.29475838212023,3.96594066767279
"F56D5.6",32.9658458689377,25.9931378391257,33.8085578688473,39.490804651141,31.6021784992088,22.4736637834791
"F56G4.4",7.53505048432861,9.85946607690976,8.85462229898381,2.07846340269163,7.43580670569618,9.25386155790317
"png-1",7.53505048432861,8.96315097900887,6.43972530835186,8.31385361076654,5.57685502927214,7.93188133534558
"F56G4.6",10.3606944159518,10.7557811748106,3.21986265417593,12.4707804161498,11.1537100585443,3.96594066767279
"F56H9.2",1.88376262108215,0,2.41489699063195,1.03923170134582,2.78842751463607,2.64396044511519
"F56H11.2",19.7795075213626,51.0899605803506,31.3936608782153,19.7454023255705,28.8137509845727,26.4396044511519
"F57A8.1",20.7213888319037,8.96315097900887,10.4645536260718,16.6277072215331,22.3074201170885,10.5758417804608
"yif-1",8.47693179486968,3.58526039160355,5.63475964480788,8.31385361076654,2.78842751463607,5.28792089023038
"F57A8.4",0,0,5.63475964480788,0,0,1.3219802225576
"dmsr-1",15.0701009686572,21.5115623496213,18.5142102615116,22.863097429608,22.3074201170885,31.7275253413823
"F57B7.2",4.70940655270538,1.79263019580177,5.63475964480788,3.11769510403745,3.71790335284809,2.64396044511519
"F57C2.5",9.41881310541076,11.6520962727115,17.7092445979676,11.431548714804,9.29475838212023,6.60990111278798
"spat-1",10.3606944159518,3.58526039160355,2.41489699063195,3.11769510403745,4.64737919106011,0
"bet-2",65.9316917378753,59.1567964614585,49.102905476183,73.785450795553,61.3454053219935,83.2847540211285
"F57C7.4",9.41881310541076,1.79263019580177,10.4645536260718,4.15692680538327,1.85895167642405,0
"F57F5.1",203.446363076872,272.47978976187,284.152879231026,262.925620440492,263.971138052214,245.888321395713
"F57G8.5",9.41881310541076,8.96315097900887,0.804965663543983,1.03923170134582,5.57685502927214,0
"F57G12.1",16.9538635897394,14.3410415664142,18.5142102615116,27.0200242349912,16.7305650878164,29.0835648962671
"ttr-31",0.941881310541076,5.37789058740532,10.4645536260718,11.431548714804,11.1537100585443,10.5758417804608
"rpac-19",19.7795075213626,0.896315097900887,15.2943476073357,7.27462190942072,6.50633086748416,2.64396044511519
"F58B3.4",49.919709458677,33.1636586223328,29.7837295511274,28.0592559363371,31.6021784992088,39.6594066767279
"F58B3.6",43.3265402848895,56.4678511677559,46.688008485551,74.8246824968988,68.7812120276897,66.0990111278798
"rbm-17",8.47693179486968,4.48157548950443,2.41489699063195,4.15692680538327,1.85895167642405,3.96594066767279
"F58B4.3",15.0701009686572,8.06683588110798,8.04965663543983,9.35308531211235,6.50633086748416,11.8978220030184
"F58B4.5",10.3606944159518,11.6520962727115,12.0744849531597,8.31385361076654,8.3652825439082,10.5758417804608
"F58B4.6",3.7675252421643,6.27420568530621,7.24469097189585,9.35308531211235,3.71790335284809,1.3219802225576
"F58D5.2",4.70940655270538,3.58526039160355,4.8297939812639,2.07846340269163,4.64737919106011,1.3219802225576
"F58D5.5",72.5248609116629,169.403553503268,110.280295905526,109.119328641311,103.171818041535,215.482776276888
"sta-2",9.41881310541076,4.48157548950443,7.24469097189585,14.5492438188414,12.0831858967563,10.5758417804608
"hrg-3",0.941881310541076,0.896315097900887,0,2.07846340269163,0,0
"ric-7",60.2804038746289,51.0899605803506,62.7873217564307,44.6869631578701,58.5569778073574,79.3188133534558
"ddx-17",162.003585413065,133.550949587232,128.794506167037,149.649364993798,137.562424055379,116.334259585068
"droe-4",14.1282196581161,26.8894529370266,18.5142102615116,25.9807925336454,17.6600409260284,37.0154462316127
"F58G1.2",3.7675252421643,8.06683588110798,9.6595879625278,2.07846340269163,0,15.8637626706912
"dct-18",155.410416239278,177.470389384376,201.241415885996,137.178584577648,195.189926024525,191.687132270851
"arrd-10",2.82564393162323,2.68894529370266,4.8297939812639,2.07846340269163,9.29475838212023,5.28792089023038
"amph-1",15.0701009686572,16.133671762216,9.6595879625278,12.4707804161498,19.5189926024525,10.5758417804608
"F58G6.3",0.941881310541076,1.79263019580177,2.41489699063195,0,0.929475838212023,2.64396044511519
"acc-1",6.59316917378753,0,1.60993132708797,6.2353902080749,6.50633086748416,0
"F58G6.7",2.82564393162323,4.48157548950443,8.85462229898381,4.15692680538327,11.1537100585443,1.3219802225576
"letm-1",43.3265402848895,35.8526039160355,33.8085578688473,23.9023291309538,51.1211711016613,34.3714857864975
"rde-12",54.6291160113824,57.3641662656568,61.1773904293427,47.8046582619076,52.9801227780853,52.8792089023038
"ccz-1",4.70940655270538,8.06683588110798,3.21986265417593,11.431548714804,6.50633086748416,22.4736637834791
"aman-2",49.919709458677,26.8894529370266,60.3724247657987,48.8438899632534,54.8390744545093,37.0154462316127
"F58H1.3",2.82564393162323,0.896315097900887,0,7.27462190942072,1.85895167642405,0
"F58H1.7",2.82564393162323,1.79263019580177,4.8297939812639,9.35308531211235,5.57685502927214,0
"F58H10.1",0,0,0,1.03923170134582,0,0
"dgat-2",16.9538635897394,22.4078774475222,19.3191759250556,22.863097429608,24.1663717935126,21.1516835609215
"cri-3",170.480517207935,252.76085760805,232.635076764211,192.257864748976,173.811981745648,187.721191603179
"clpf-1",5.65128786324646,6.27420568530621,4.8297939812639,15.5884755201873,10.2242342203322,11.8978220030184
"F59A2.5",2.82564393162323,0,0,2.07846340269163,2.78842751463607,0
"golg-4",90.4206058119433,56.4678511677559,60.3724247657987,73.785450795553,63.2043569984175,63.4550506827646
"skat-1",17.8957449002804,28.6820831328284,5.63475964480788,20.7846340269163,8.3652825439082,10.5758417804608
"F59B2.3",0.941881310541076,7.1705207832071,5.63475964480788,4.15692680538327,2.78842751463607,3.96594066767279
"F59B2.13",9.41881310541076,0.896315097900887,0.804965663543983,9.35308531211235,1.85895167642405,9.25386155790317
"F59B8.1",0.941881310541076,2.68894529370266,7.24469097189585,1.03923170134582,3.71790335284809,0
"idh-1",203.446363076872,191.81143095079,193.9967249141,214.081730477238,224.003677009097,186.399211380621
"F59B10.4",4.70940655270538,4.48157548950443,8.04965663543983,4.15692680538327,5.57685502927214,5.28792089023038
"F59B10.5",8.47693179486968,8.06683588110798,7.24469097189585,3.11769510403745,6.50633086748416,9.25386155790317
"exos-3",0,3.58526039160355,5.63475964480788,3.11769510403745,2.78842751463607,2.64396044511519
"F59C6.5",70.6410982905807,39.437864307639,60.3724247657987,64.4323654834406,57.6275019691454,59.4891100150918
"F59C6.11",3.7675252421643,0,4.02482831771991,1.03923170134582,1.85895167642405,0
"copz-1",14.1282196581161,20.6152472517204,16.0993132708797,10.3923170134582,27.8842751463607,10.5758417804608
"del-5",3.7675252421643,8.96315097900887,4.8297939812639,8.31385361076654,7.43580670569618,2.64396044511519
"F59F3.6",2.82564393162323,0,0.804965663543983,2.07846340269163,0,1.3219802225576
"acox-1.6",10.3606944159518,11.6520962727115,8.85462229898381,8.31385361076654,7.43580670569618,7.93188133534558
"F59F4.2",17.8957449002804,8.06683588110798,12.0744849531597,13.5100121174956,15.8010892496044,11.8978220030184
"F59F4.3",14.1282196581161,8.96315097900887,7.24469097189585,3.11769510403745,13.0126617349683,9.25386155790317
"acl-1",16.9538635897394,23.3041925454231,21.7340729156875,15.5884755201873,17.6600409260284,37.0154462316127
"slcf-1",0.941881310541076,1.79263019580177,0,8.31385361076654,5.57685502927214,2.64396044511519
"glo-3",10.3606944159518,4.48157548950443,1.60993132708797,11.431548714804,5.57685502927214,1.3219802225576
"H01G02.1",0,0,1.60993132708797,1.03923170134582,1.85895167642405,0
"H01G02.3",12.244457037034,9.85946607690976,16.9042789344236,6.2353902080749,13.0126617349683,9.25386155790317
"famk-1",26.3726766951501,10.7557811748106,11.2695192896158,17.6669389228789,16.7305650878164,3.96594066767279
"H03A11.2",15.0701009686572,11.6520962727115,20.9291072521436,22.863097429608,17.6600409260284,22.4736637834791
"chd-1",22.6051514529858,34.0599737202337,28.1737982240394,30.1377193390287,13.9421375731803,18.5077231158063
"ctg-1",10.3606944159518,6.27420568530621,17.7092445979676,6.2353902080749,17.6600409260284,17.1857428932487
"rga-5",3.7675252421643,23.3041925454231,13.6844162802477,16.6277072215331,13.9421375731803,19.8297033383639
"mpst-3",7.53505048432861,6.27420568530621,4.8297939812639,3.11769510403745,5.57685502927214,3.96594066767279
"H13N06.2",2.82564393162323,3.58526039160355,0,3.11769510403745,9.29475838212023,0
"suox-1",15.0701009686572,14.3410415664142,13.6844162802477,19.7454023255705,10.2242342203322,13.219802225576
"erfa-3",37.675252421643,32.2673435244319,37.8333861865672,64.4323654834406,56.6980261309334,40.9813868992855
"math-33",107.374469401683,86.942564496386,71.6419440554145,69.6285239901697,78.0759704098099,84.6067342436861
"H19N07.3",0.941881310541076,0.896315097900887,0.804965663543983,4.15692680538327,3.71790335284809,0
"mboa-2",14.1282196581161,13.4447264685133,16.0993132708797,17.6669389228789,16.7305650878164,30.4055451188247
"H21P03.2",16.0119822791983,10.7557811748106,7.24469097189585,11.431548714804,6.50633086748416,5.28792089023038
"hxk-2",67.8154543589575,53.7789058740532,45.883042822007,38.4515729497952,43.6853643959651,39.6594066767279
"H27A22.1",2.82564393162323,3.58526039160355,6.43972530835186,12.4707804161498,4.64737919106011,13.219802225576
"atp-1",1168.87470638148,1227.05536902631,1304.04437494125,1401.92356511551,1364.47053049525,1477.97388881939
"mcrs-1",15.0701009686572,4.48157548950443,8.04965663543983,10.3923170134582,6.50633086748416,21.1516835609215
"slc-36.4",4.70940655270538,8.96315097900887,2.41489699063195,3.11769510403745,9.29475838212023,13.219802225576
"H32K16.2",0,0,0,0,1.85895167642405,0
"lpin-1",152.584772307654,213.322993300411,165.82292669006,153.806291799181,201.696256892009,186.399211380621
"hpo-11",17.8957449002804,6.27420568530621,13.6844162802477,28.0592559363371,20.4484684406645,22.4736637834791
"dcn-1",44.2684215954306,61.8457417551612,48.297939812639,45.726194859216,57.6275019691454,50.2352484571886
"H40L08.1",13.1863383475751,19.7189321538195,18.5142102615116,9.35308531211235,14.8716134113924,13.219802225576
"JC8.2",70.6410982905807,50.1936454824497,48.297939812639,20.7846340269163,38.1085093666929,26.4396044511519
"cox-11",3.7675252421643,4.48157548950443,7.24469097189585,2.07846340269163,0.929475838212023,2.64396044511519
"JC8.7",2.82564393162323,0.896315097900887,1.60993132708797,7.27462190942072,2.78842751463607,3.96594066767279
"ttr-51",9.41881310541076,12.5484113706124,6.43972530835186,6.2353902080749,5.57685502927214,2.64396044511519
"magi-1",41.4427776638073,50.1936454824497,31.3936608782153,33.2554144430661,22.3074201170885,35.6934660090551
"K01A11.1",2.82564393162323,5.37789058740532,6.43972530835186,16.6277072215331,6.50633086748416,6.60990111278798
"K01A11.2",16.0119822791983,24.2005076433239,7.24469097189585,7.27462190942072,9.29475838212023,6.60990111278798
"fozi-1",3.7675252421643,6.27420568530621,2.41489699063195,5.19615850672908,6.50633086748416,11.8978220030184
"K01C8.1",32.0239645583966,36.7489190139364,24.9539355698635,14.5492438188414,9.29475838212023,15.8637626706912
"mrpl-10",18.8376262108215,18.8226170559186,20.1241415885996,15.5884755201873,16.7305650878164,2.64396044511519
"slc-25A32",0.941881310541076,1.79263019580177,0.804965663543983,1.03923170134582,0,0
"K01D12.6",10.3606944159518,4.48157548950443,16.0993132708797,10.3923170134582,1.85895167642405,5.28792089023038
"cdr-4",32.0239645583966,13.4447264685133,22.5390385792315,7.27462190942072,12.0831858967563,11.8978220030184
"cdr-6",11.3025757264929,9.85946607690976,9.6595879625278,6.2353902080749,13.9421375731803,3.96594066767279
"cdr-7",3.7675252421643,1.79263019580177,16.9042789344236,6.2353902080749,14.8716134113924,5.28792089023038
"hrg-2",0.941881310541076,4.48157548950443,7.24469097189585,17.6669389228789,21.3779442788765,7.93188133534558
"K01F9.2",0,0,1.60993132708797,1.03923170134582,0,2.64396044511519
"rnf-113",9.41881310541076,15.2373566643151,9.6595879625278,8.31385361076654,9.29475838212023,11.8978220030184
"K01G5.5",231.702802393105,281.442940740878,208.486106857892,183.94401113821,153.363513304984,163.925547597142
"K01G5.8",0.941881310541076,0.896315097900887,0,2.07846340269163,0,0
"tasp-1",10.3606944159518,6.27420568530621,3.21986265417593,15.5884755201873,9.29475838212023,15.8637626706912
"K01G5.10",3.7675252421643,1.79263019580177,2.41489699063195,6.2353902080749,4.64737919106011,0
"endu-1",20.7213888319037,25.9931378391257,13.6844162802477,9.35308531211235,6.50633086748416,10.5758417804608
"sec-12",21.6632701424447,34.9562888181346,33.8085578688473,30.1377193390287,30.6727026609968,42.3033671218431
"K02B12.5",5.65128786324646,8.06683588110798,5.63475964480788,3.11769510403745,4.64737919106011,10.5758417804608
"K02B12.7",5.65128786324646,8.06683588110798,13.6844162802477,16.6277072215331,9.29475838212023,11.8978220030184
"K02C4.3",18.8376262108215,8.06683588110798,24.9539355698635,21.8238657282622,15.8010892496044,9.25386155790317
"K02C4.5",14.1282196581161,22.4078774475222,10.4645536260718,18.7061706242247,23.2368959553006,14.5417824481336
"K02D3.1",0.941881310541076,0.896315097900887,0.804965663543983,0,2.78842751463607,2.64396044511519
"K02E2.6",7.53505048432861,2.68894529370266,5.63475964480788,4.15692680538327,5.57685502927214,7.93188133534558
"K02E11.3",0,0,0.804965663543983,2.07846340269163,0,0
"K02E11.4",1.88376262108215,3.58526039160355,0,3.11769510403745,0,0
"K02E11.5",10.3606944159518,1.79263019580177,2.41489699063195,7.27462190942072,3.71790335284809,0
"K02E11.6",0.941881310541076,0,2.41489699063195,1.03923170134582,0,1.3219802225576
"K02E11.7",0,0,2.41489699063195,0,3.71790335284809,0
"K03A11.5",0,4.48157548950443,2.41489699063195,3.11769510403745,4.64737919106011,7.93188133534558
"K03B8.6",27.3145580056912,29.5783982307293,19.3191759250556,12.4707804161498,20.4484684406645,27.7615846737095
"mys-2",11.3025757264929,7.1705207832071,4.8297939812639,5.19615850672908,1.85895167642405,2.64396044511519
"ttr-3",0,0.896315097900887,0,2.07846340269163,1.85895167642405,0
"ttr-2",13.1863383475751,9.85946607690976,13.6844162802477,20.7846340269163,18.5895167642405,23.7956440060367
"K03H1.5",22.6051514529858,19.7189321538195,34.6135235323913,24.9415608322996,28.8137509845727,25.1176242285943
"cbp-2",0.941881310541076,1.79263019580177,0.804965663543983,4.15692680538327,1.85895167642405,0
"K03H1.11",4.70940655270538,8.06683588110798,0,5.19615850672908,0.929475838212023,2.64396044511519
"K04B12.2",20.7213888319037,14.3410415664142,15.2943476073357,17.6669389228789,27.8842751463607,19.8297033383639
"smg-8",7.53505048432861,6.27420568530621,8.85462229898381,6.2353902080749,5.57685502927214,2.64396044511519
"K04C1.2",2.82564393162323,6.27420568530621,8.04965663543983,7.27462190942072,6.50633086748416,6.60990111278798
"rack-1",682.86395014228,509.106975607704,646.387427825818,773.188385801288,606.947722352451,746.918825745042
"mspn-1",12.244457037034,7.1705207832071,3.21986265417593,9.35308531211235,7.43580670569618,7.93188133534558
"ptp-4",24.488914074068,7.1705207832071,10.4645536260718,6.2353902080749,12.0831858967563,11.8978220030184
"eif-2beta",42.3846589743484,33.1636586223328,20.1241415885996,30.1377193390287,38.1085093666929,33.0495055639399
"cdc-48.3",20.7213888319037,25.0968227412248,24.1489699063195,14.5492438188414,13.9421375731803,13.219802225576
"ath-1",7.53505048432861,14.3410415664142,21.7340729156875,8.31385361076654,9.29475838212023,26.4396044511519
"vacl-14",10.3606944159518,11.6520962727115,16.0993132708797,24.9415608322996,13.9421375731803,11.8978220030184
"K04G2.9",0.941881310541076,0,3.21986265417593,9.35308531211235,4.64737919106011,0
"wdr-5.2",3.7675252421643,3.58526039160355,1.60993132708797,9.35308531211235,2.78842751463607,5.28792089023038
"K04H4.2",0,1.79263019580177,0,15.5884755201873,5.57685502927214,14.5417824481336
"flp-25",7.53505048432861,14.3410415664142,16.0993132708797,11.431548714804,4.64737919106011,9.25386155790317
"K05C4.2",45.2103029059717,61.8457417551612,45.078077158463,42.6084997551785,40.896936881329,67.4209913504374
"K05C4.5",43.3265402848895,62.7420568530621,70.8369783918705,24.9415608322996,45.5443160723891,38.3374264541703
"K05C4.7",5.65128786324646,0.896315097900887,0,4.15692680538327,2.78842751463607,7.93188133534558
"gsnl-1",12.244457037034,11.6520962727115,11.2695192896158,25.9807925336454,18.5895167642405,18.5077231158063
"haao-1",2.82564393162323,6.27420568530621,2.41489699063195,7.27462190942072,4.64737919106011,1.3219802225576
"K06A4.7",0,2.68894529370266,0.804965663543983,0,0,5.28792089023038
"K06G5.1",126.212095612504,176.574074286475,160.188167045253,136.139352876302,163.587747525316,146.739804703893
"dut-1",25.4307953846091,18.8226170559186,22.5390385792315,30.1377193390287,29.7432268227847,21.1516835609215
"ate-1",10.3606944159518,10.7557811748106,17.7092445979676,13.5100121174956,3.71790335284809,18.5077231158063
"K07A1.10",22.6051514529858,7.1705207832071,17.7092445979676,10.3923170134582,13.0126617349683,9.25386155790317
"K07A12.1",18.8376262108215,13.4447264685133,29.7837295511274,20.7846340269163,16.7305650878164,17.1857428932487
"egg-6",2.82564393162323,4.48157548950443,6.43972530835186,3.11769510403745,3.71790335284809,7.93188133534558
"K07A12.4",10.3606944159518,40.3341794055399,17.7092445979676,22.863097429608,27.8842751463607,30.4055451188247
"mrps-15",20.7213888319037,3.58526039160355,10.4645536260718,20.7846340269163,12.0831858967563,14.5417824481336
"K07C5.2",8.47693179486968,8.06683588110798,4.8297939812639,5.19615850672908,5.57685502927214,11.8978220030184
"K07C5.3",16.9538635897394,15.2373566643151,8.04965663543983,11.431548714804,16.7305650878164,10.5758417804608
"nol-56",312.704595099637,326.258695635923,301.862123828994,284.749486168754,277.913275625395,356.934660090551
"ceeh-2",5.65128786324646,0,0,5.19615850672908,0.929475838212023,0
"K07C5.6",12.244457037034,8.96315097900887,12.8794506167037,15.5884755201873,6.50633086748416,7.93188133534558
"ttll-15",0,2.68894529370266,0.804965663543983,1.03923170134582,4.64737919106011,1.3219802225576
"cash-1",34.8496084900198,20.6152472517204,35.4184891959353,33.2554144430661,26.9547993081487,18.5077231158063
"K07F5.14",40.5008963532663,32.2673435244319,24.1489699063195,13.5100121174956,16.7305650878164,7.93188133534558
"K07F5.15",0.941881310541076,6.27420568530621,1.60993132708797,4.15692680538327,6.50633086748416,7.93188133534558
"crml-1",48.0359468375949,63.638371950963,50.7128368032709,24.9415608322996,52.9801227780853,50.2352484571886
"K07G5.5",3.7675252421643,1.79263019580177,4.02482831771991,6.2353902080749,3.71790335284809,3.96594066767279
"fecl-1",19.7795075213626,18.8226170559186,24.9539355698635,27.0200242349912,19.5189926024525,21.1516835609215
"K08C7.1",3.7675252421643,1.79263019580177,7.24469097189585,2.07846340269163,1.85895167642405,0
"K08C7.4",3.7675252421643,6.27420568530621,2.41489699063195,1.03923170134582,2.78842751463607,2.64396044511519
"K08C7.6",0.941881310541076,1.79263019580177,2.41489699063195,0,0,0
"K08C7.7",0,0,0,1.03923170134582,0,0
"K08D8.3",4.70940655270538,12.5484113706124,3.21986265417593,14.5492438188414,11.1537100585443,9.25386155790317
"K08D8.4",12.244457037034,10.7557811748106,14.4893819437917,15.5884755201873,26.0253234699366,13.219802225576
"K08D8.5",2.82564393162323,0,4.02482831771991,0,0.929475838212023,1.3219802225576
"K08D8.6",32.0239645583966,56.4678511677559,61.1773904293427,32.2161827417203,32.5316543374208,38.3374264541703
"tyr-2",5.65128786324646,13.4447264685133,11.2695192896158,9.35308531211235,5.57685502927214,17.1857428932487
"dbn-1",35.7914898005609,32.2673435244319,65.2022187470626,40.5300363524869,57.6275019691454,38.3374264541703
"K08E3.5",71.5829796011218,125.484113706124,83.7164290085742,103.923170134582,106.889721394383,101.792477136935
"K08E4.3",1.88376262108215,8.06683588110798,0.804965663543983,4.15692680538327,0.929475838212023,3.96594066767279
"K08E4.6",5.65128786324646,0.896315097900887,8.85462229898381,2.07846340269163,3.71790335284809,1.3219802225576
"eak-7",6.59316917378753,8.96315097900887,10.4645536260718,13.5100121174956,12.0831858967563,11.8978220030184
"K08E7.5",0.941881310541076,0,0,2.07846340269163,4.64737919106011,3.96594066767279
"K08E7.6",3.7675252421643,3.58526039160355,1.60993132708797,2.07846340269163,2.78842751463607,0
"ctf-18",17.8957449002804,17.9263019580177,33.0035922053033,12.4707804161498,16.7305650878164,15.8637626706912
"gtbp-1",48.977828148136,45.7120699929452,32.1986265417593,31.1769510403745,48.3327435870252,27.7615846737095
"mak-1",69.6992169800396,56.4678511677559,61.1773904293427,69.6285239901697,67.8517361894777,56.8451495699766
"aipl-1",13.1863383475751,11.6520962727115,5.63475964480788,17.6669389228789,7.43580670569618,26.4396044511519
"K08F9.4",6.59316917378753,0,8.04965663543983,7.27462190942072,4.64737919106011,0
"uda-1",13.1863383475751,27.7857680349275,30.5886952146714,33.2554144430661,35.3200818520569,27.7615846737095
"trpp-6",0.941881310541076,0,4.8297939812639,0,0.929475838212023,0
"nipi-3",43.3265402848895,53.7789058740532,42.6631801678311,64.4323654834406,59.4864536455695,58.1671297925342
"ent-2",16.9538635897394,36.7489190139364,16.9042789344236,28.0592559363371,13.9421375731803,19.8297033383639
"usp-33",5.65128786324646,8.06683588110798,1.60993132708797,2.07846340269163,5.57685502927214,9.25386155790317
"K09A9.6",42.3846589743484,23.3041925454231,27.3688325604954,45.726194859216,34.3906060138448,27.7615846737095
"K09A11.1",4.70940655270538,6.27420568530621,0.804965663543983,6.2353902080749,0.929475838212023,1.3219802225576
"nol-9",4.70940655270538,10.7557811748106,4.8297939812639,6.2353902080749,3.71790335284809,2.64396044511519
"uso-1",16.9538635897394,28.6820831328284,23.3440042427755,17.6669389228789,18.5895167642405,25.1176242285943
"algn-3",39.5590150427252,17.9263019580177,21.7340729156875,23.9023291309538,25.0958476317246,34.3714857864975
"K09E4.3",7.53505048432861,8.06683588110798,0.804965663543983,9.35308531211235,9.29475838212023,3.96594066767279
"K09E4.4",7.53505048432861,12.5484113706124,7.24469097189585,11.431548714804,7.43580670569618,2.64396044511519
"cpg-7",0,1.79263019580177,0,2.07846340269163,1.85895167642405,0
"K09E9.1",5.65128786324646,5.37789058740532,6.43972530835186,4.15692680538327,3.71790335284809,2.64396044511519
"erv-46",5.65128786324646,2.68894529370266,4.02482831771991,4.15692680538327,8.3652825439082,9.25386155790317
"K09E9.3",5.65128786324646,5.37789058740532,11.2695192896158,9.35308531211235,0.929475838212023,2.64396044511519
"K09G1.1",17.8957449002804,7.1705207832071,16.9042789344236,24.9415608322996,17.6600409260284,25.1176242285943
"ensa-1",15.0701009686572,41.2304945034408,20.1241415885996,32.2161827417203,33.4611301756328,7.93188133534558
"K10C3.4",30.1402019373144,23.3041925454231,29.7837295511274,31.1769510403745,22.3074201170885,19.8297033383639
"K10C3.5",56.5128786324646,43.0231246992426,49.102905476183,18.7061706242247,26.0253234699366,15.8637626706912
"istr-1",38.6171337321841,45.7120699929452,36.2234548594792,40.5300363524869,45.5443160723891,29.0835648962671
"K10D3.4",5.65128786324646,10.7557811748106,3.21986265417593,32.2161827417203,36.2495576902689,51.5572286797462
"K10D3.6",0,2.68894529370266,1.60993132708797,2.07846340269163,4.64737919106011,10.5758417804608
"K10D6.2",26.3726766951501,18.8226170559186,20.9291072521436,29.0984876376829,37.1790335284809,21.1516835609215
"K10D6.4",21.6632701424447,25.0968227412248,22.5390385792315,12.4707804161498,7.43580670569618,19.8297033383639
"dod-17",8.47693179486968,12.5484113706124,9.6595879625278,4.15692680538327,9.29475838212023,2.64396044511519
"K10D11.5",7.53505048432861,4.48157548950443,5.63475964480788,2.07846340269163,3.71790335284809,1.3219802225576
"K10D11.6",1.88376262108215,6.27420568530621,5.63475964480788,6.2353902080749,1.85895167642405,0
"K10G4.3",0,2.68894529370266,2.41489699063195,0,1.85895167642405,0
"vglu-2",8.47693179486968,8.96315097900887,0,8.31385361076654,12.0831858967563,9.25386155790317
"K10G9.2",10.3606944159518,4.48157548950443,6.43972530835186,3.11769510403745,14.8716134113924,6.60990111278798
"pad-2",4.70940655270538,0.896315097900887,1.60993132708797,4.15692680538327,1.85895167642405,2.64396044511519
"vnut-1",3.7675252421643,7.1705207832071,4.02482831771991,12.4707804161498,6.50633086748416,18.5077231158063
"cysl-2",11.3025757264929,15.2373566643151,12.0744849531597,12.4707804161498,14.8716134113924,15.8637626706912
"mrps-27",40.5008963532663,29.5783982307293,41.0532488407431,47.8046582619076,42.755888557753,22.4736637834791
"asah-1",48.977828148136,60.9494266572603,34.6135235323913,54.0400484699825,27.8842751463607,44.9473275669583
"K11D2.4",10.3606944159518,17.9263019580177,5.63475964480788,2.07846340269163,4.64737919106011,2.64396044511519
"K11D2.5",10.3606944159518,7.1705207832071,7.24469097189585,3.11769510403745,7.43580670569618,9.25386155790317
"K11D9.3",19.7795075213626,17.9263019580177,18.5142102615116,18.7061706242247,14.8716134113924,14.5417824481336
"K11E4.1",2.82564393162323,6.27420568530621,2.41489699063195,3.11769510403745,5.57685502927214,6.60990111278798
"K11E4.2",0,0,1.60993132708797,0,0,0
"pix-1",17.8957449002804,8.96315097900887,17.7092445979676,12.4707804161498,13.9421375731803,6.60990111278798
"gpdh-2",26.3726766951501,14.3410415664142,25.7589012334075,34.294646144412,26.0253234699366,23.7956440060367
"K11H3.3",32.9658458689377,21.5115623496213,37.0284205230232,40.5300363524869,21.3779442788765,37.0154462316127
"mrpl-36",0.941881310541076,2.68894529370266,0.804965663543983,0,4.64737919106011,1.3219802225576
"twk-48",0.941881310541076,0.896315097900887,0,3.11769510403745,2.78842751463607,1.3219802225576
"top-2",81.0017927065325,54.6752209719541,86.1313259992062,67.5500605874781,96.6654871740504,120.300200252741
"sulp-4",7.53505048432861,1.79263019580177,2.41489699063195,4.15692680538327,4.64737919106011,0
"sulp-5",1.88376262108215,3.58526039160355,0,2.07846340269163,0.929475838212023,0
"sodh-1",126.212095612504,159.544087426358,120.744849531597,193.297096450322,210.061539435917,142.77386403622
"LLC1.2",34.8496084900198,21.5115623496213,31.3936608782153,27.0200242349912,37.1790335284809,39.6594066767279
"dld-1",105.490706780601,121.898853314521,135.234231475389,108.080096939965,109.678148909019,115.012279362511
"clip-1",42.3846589743484,100.387290964899,68.4220814012386,49.8831216645992,52.0506469398733,50.2352484571886
"M01E5.2",9.41881310541076,16.133671762216,7.24469097189585,9.35308531211235,4.64737919106011,2.64396044511519
"M01E5.3",36.733371111102,47.504700188747,51.5178024668149,35.3338778457578,46.4737919106011,47.5912880120735
"M01E5.4",2.82564393162323,7.1705207832071,7.24469097189585,4.15692680538327,2.78842751463607,3.96594066767279
"M01F1.3",53.6872347008413,103.972551356503,60.3724247657987,39.490804651141,67.8517361894777,76.6748529083406
"M01F1.4",20.7213888319037,28.6820831328284,27.3688325604954,27.0200242349912,24.1663717935126,19.8297033383639
"hmit-1.3",18.8376262108215,32.2673435244319,37.0284205230232,19.7454023255705,26.0253234699366,21.1516835609215
"mrpl-35",2.82564393162323,9.85946607690976,2.41489699063195,10.3923170134582,6.50633086748416,7.93188133534558
"pitp-1",48.0359468375949,51.0899605803506,44.2731114949191,37.4123412484494,44.6148402341771,74.0308924632254
"M01F1.9",2.82564393162323,4.48157548950443,2.41489699063195,2.07846340269163,1.85895167642405,1.3219802225576
"M01G12.9",4.70940655270538,9.85946607690976,9.6595879625278,11.431548714804,7.43580670569618,7.93188133534558
"M02B1.2",0.941881310541076,0,0,4.15692680538327,0.929475838212023,0
"M02B1.3",8.47693179486968,7.1705207832071,8.85462229898381,13.5100121174956,3.71790335284809,9.25386155790317
"mct-3",55.5709973219235,59.1567964614585,53.9326994574469,71.7069873928614,79.0054462480219,58.1671297925342
"M03B6.3",0,0,0,2.07846340269163,4.64737919106011,2.64396044511519
"M03C11.1",11.3025757264929,3.58526039160355,17.7092445979676,12.4707804161498,6.50633086748416,3.96594066767279
"chl-1",0.941881310541076,3.58526039160355,2.41489699063195,5.19615850672908,4.64737919106011,5.28792089023038
"M03C11.3",34.8496084900198,26.8894529370266,28.9787638875834,31.1769510403745,41.826412719541,25.1176242285943
"ymel-1",34.8496084900198,16.133671762216,32.1986265417593,27.0200242349912,17.6600409260284,15.8637626706912
"prp-3",29.1983206267734,23.3041925454231,33.0035922053033,22.863097429608,37.1790335284809,37.0154462316127
"M03C11.8",29.1983206267734,27.7857680349275,19.3191759250556,19.7454023255705,26.9547993081487,23.7956440060367
"M04B2.2",2.82564393162323,9.85946607690976,1.60993132708797,6.2353902080749,3.71790335284809,10.5758417804608
"M04B2.4",11.3025757264929,16.133671762216,15.2943476073357,17.6669389228789,20.4484684406645,15.8637626706912
"M04B2.6",0,2.68894529370266,0.804965663543983,2.07846340269163,2.78842751463607,0
"M04C3.1",9.41881310541076,2.68894529370266,7.24469097189585,18.7061706242247,9.29475838212023,9.25386155790317
"M04C3.2",3.7675252421643,3.58526039160355,4.8297939812639,3.11769510403745,1.85895167642405,0
"M04C9.1",0.941881310541076,0,2.41489699063195,1.03923170134582,1.85895167642405,1.3219802225576
"M04C9.3",0,3.58526039160355,2.41489699063195,1.03923170134582,0.929475838212023,2.64396044511519
"xbx-3",0.941881310541076,0,3.21986265417593,0,3.71790335284809,1.3219802225576
"tag-260",16.9538635897394,25.0968227412248,27.3688325604954,14.5492438188414,26.9547993081487,27.7615846737095
"somi-1",69.6992169800396,77.9794135173772,75.6667723731344,64.4323654834406,64.1338328366296,59.4891100150918
"let-522",1.88376262108215,1.79263019580177,1.60993132708797,1.03923170134582,7.43580670569618,1.3219802225576
"M05B5.4",4.70940655270538,0,5.63475964480788,5.19615850672908,7.43580670569618,1.3219802225576
"trpa-2",0,0.896315097900887,3.21986265417593,0,3.71790335284809,0
"M05D6.2",12.244457037034,31.371028426531,28.1737982240394,13.5100121174956,21.3779442788765,26.4396044511519
"lact-4",14.1282196581161,7.1705207832071,12.8794506167037,21.8238657282622,13.0126617349683,13.219802225576
"M05D6.5",6.59316917378753,7.1705207832071,4.02482831771991,5.19615850672908,12.0831858967563,10.5758417804608
"M05D6.6",10.3606944159518,15.2373566643151,4.8297939812639,8.31385361076654,11.1537100585443,17.1857428932487
"atg-7",12.244457037034,18.8226170559186,8.85462229898381,13.5100121174956,14.8716134113924,29.0835648962671
"M7.8",0,2.68894529370266,2.41489699063195,1.03923170134582,0.929475838212023,1.3219802225576
"M7.12",8.47693179486968,0.896315097900887,3.21986265417593,12.4707804161498,6.50633086748416,10.5758417804608
"dlc-2",6.59316917378753,3.58526039160355,4.8297939812639,1.03923170134582,9.29475838212023,5.28792089023038
"M18.3",0.941881310541076,5.37789058740532,2.41489699063195,1.03923170134582,1.85895167642405,1.3219802225576
"ddb-1",80.0599113959915,60.0531115593594,74.0568410460464,41.5692680538327,43.6853643959651,42.3033671218431
"M18.6",0.941881310541076,1.79263019580177,0.804965663543983,4.15692680538327,1.85895167642405,2.64396044511519
"dhhc-6",1.88376262108215,1.79263019580177,4.8297939812639,2.07846340269163,7.43580670569618,1.3219802225576
"M28.5",125.270214301963,141.61778546834,137.649128466021,78.9816093022821,96.6654871740504,107.080398027165
"lact-3",14.1282196581161,29.5783982307293,14.4893819437917,11.431548714804,11.1537100585443,10.5758417804608
"M28.8",4.70940655270538,0.896315097900887,1.60993132708797,3.11769510403745,0,0
"M28.10",12.244457037034,42.1268096013417,22.5390385792315,27.0200242349912,26.0253234699366,37.0154462316127
"M79.2",3.7675252421643,2.68894529370266,4.02482831771991,21.8238657282622,3.71790335284809,5.28792089023038
"ugt-62",77.2342674643682,75.2904682236745,74.0568410460464,37.4123412484494,59.4864536455695,39.6594066767279
"mrps-34",7.53505048432861,10.7557811748106,20.9291072521436,15.5884755201873,9.29475838212023,5.28792089023038
"imph-1",47.0940655270538,68.1199474404674,58.7624934387108,37.4123412484494,42.755888557753,60.8110902376494
"cisd-3.1",5.65128786324646,2.68894529370266,10.4645536260718,7.27462190942072,4.64737919106011,3.96594066767279
"M106.2",6.59316917378753,10.7557811748106,6.43972530835186,7.27462190942072,11.1537100585443,15.8637626706912
"M106.3",24.488914074068,35.8526039160355,30.5886952146714,19.7454023255705,39.037985204905,38.3374264541703
"gmps-1",50.8615907692181,52.8825907761523,46.688008485551,43.6477314565243,56.6980261309334,60.8110902376494
"M110.3",3.7675252421643,4.48157548950443,8.04965663543983,5.19615850672908,0,0
"M117.1",21.6632701424447,16.133671762216,12.8794506167037,17.6669389228789,17.6600409260284,14.5417824481336
"M142.5",4.70940655270538,2.68894529370266,0,4.15692680538327,4.64737919106011,1.3219802225576
"rle-1",39.5590150427252,46.6083850908461,36.2234548594792,39.490804651141,46.4737919106011,70.0649517955526
"M153.1",0.941881310541076,3.58526039160355,5.63475964480788,2.07846340269163,3.71790335284809,3.96594066767279
"M153.2",7.53505048432861,3.58526039160355,2.41489699063195,2.07846340269163,3.71790335284809,0
"M163.1",28.2564393162323,14.3410415664142,18.5142102615116,30.1377193390287,31.6021784992088,33.0495055639399
"ztf-14",6.59316917378753,15.2373566643151,7.24469097189585,9.35308531211235,7.43580670569618,5.28792089023038
"gss-1",8.47693179486968,5.37789058740532,6.43972530835186,19.7454023255705,17.6600409260284,15.8637626706912
"chch-3",36.733371111102,23.3041925454231,26.5638668969514,25.9807925336454,38.1085093666929,21.1516835609215
"M176.4",16.9538635897394,10.7557811748106,4.8297939812639,8.31385361076654,19.5189926024525,18.5077231158063
"M176.5",12.244457037034,8.06683588110798,16.0993132708797,6.2353902080749,6.50633086748416,2.64396044511519
"chil-13",1.88376262108215,1.79263019580177,3.21986265417593,5.19615850672908,2.78842751463607,2.64396044511519
"M176.11",1.88376262108215,5.37789058740532,1.60993132708797,0,4.64737919106011,1.3219802225576
"nduo-6",40.5008963532663,12.5484113706124,16.9042789344236,25.9807925336454,26.9547993081487,9.25386155790317
"ndfl-4",8.47693179486968,2.68894529370266,4.02482831771991,8.31385361076654,13.0126617349683,3.96594066767279
"atp-6",141.282196581161,80.6683588110798,103.03560493363,145.492438188414,107.819197232595,89.8946551339165
"nduo-2",97.9556562962719,56.4678511677559,87.7412573262941,66.5108288861323,50.1916952634492,66.0990111278798
"ctc-3",436.091046780518,221.389829181519,307.496883473802,406.339595226214,344.83553597666,268.361985179192
"nduo-4",112.083875954388,61.8457417551612,111.890227232614,93.5308531211235,69.7106878659017,87.2506946888013
"ctc-1",869.356449629413,462.498590516858,657.656947115434,757.599910281101,660.857320968748,617.364763934397
"ctc-2",268.436173504207,112.039387237611,165.017961026517,256.690230232417,246.311097126186,193.009112493409
"nduo-3",35.7914898005609,22.4078774475222,37.0284205230232,69.6285239901697,38.1085093666929,33.0495055639399
"glb-20",5.65128786324646,4.48157548950443,6.43972530835186,1.03923170134582,6.50633086748416,6.60990111278798
"R01H10.4",0.941881310541076,1.79263019580177,4.8297939812639,8.31385361076654,5.57685502927214,1.3219802225576
"R01H10.7",13.1863383475751,5.37789058740532,18.5142102615116,10.3923170134582,14.8716134113924,3.96594066767279
"R02D5.1",7.53505048432861,10.7557811748106,16.0993132708797,7.27462190942072,6.50633086748416,5.28792089023038
"R02D5.3",4.70940655270538,4.48157548950443,7.24469097189585,7.27462190942072,1.85895167642405,3.96594066767279
"mocs-1",1.88376262108215,2.68894529370266,2.41489699063195,5.19615850672908,3.71790335284809,0
"nkat-3",8.47693179486968,9.85946607690976,12.8794506167037,11.431548714804,17.6600409260284,15.8637626706912
"R03A10.5",3.7675252421643,2.68894529370266,1.60993132708797,3.11769510403745,0.929475838212023,3.96594066767279
"sprr-1",3.7675252421643,0,4.8297939812639,1.03923170134582,0.929475838212023,0
"metr-1",194.969431282003,252.76085760805,217.340729156875,378.280339289877,322.528115859572,425.677631663546
"tceb-3",17.8957449002804,9.85946607690976,17.7092445979676,13.5100121174956,20.4484684406645,19.8297033383639
"vha-20",201.56260045579,185.537225265484,228.610248446491,214.081730477238,210.061539435917,251.176242285943
"lgc-25",2.82564393162323,1.79263019580177,6.43972530835186,2.07846340269163,1.85895167642405,1.3219802225576
"R03G8.3",0,1.79263019580177,5.63475964480788,4.15692680538327,4.64737919106011,1.3219802225576
"R04B5.5",0.941881310541076,3.58526039160355,4.8297939812639,0,1.85895167642405,5.28792089023038
"R04B5.6",13.1863383475751,13.4447264685133,2.41489699063195,5.19615850672908,2.78842751463607,6.60990111278798
"ugt-47",4.70940655270538,0.896315097900887,1.60993132708797,2.07846340269163,0,3.96594066767279
"cyp-14A4",3.7675252421643,1.79263019580177,0,2.07846340269163,0.929475838212023,0
"R04F11.2",144.107840512785,111.14307213971,184.337136951572,155.884755201873,197.048877700949,167.891488264815
"R04F11.3",5.65128786324646,9.85946607690976,5.63475964480788,10.3923170134582,13.0126617349683,6.60990111278798
"R04F11.5",0.941881310541076,1.79263019580177,3.21986265417593,0,0.929475838212023,0
"R05A10.1",26.3726766951501,29.5783982307293,47.492974149095,43.6477314565243,44.6148402341771,39.6594066767279
"R05A10.2",13.1863383475751,5.37789058740532,12.8794506167037,16.6277072215331,5.57685502927214,10.5758417804608
"R05A10.3",8.47693179486968,6.27420568530621,4.02482831771991,4.15692680538327,12.0831858967563,3.96594066767279
"R05A10.4",0.941881310541076,0,2.41489699063195,2.07846340269163,0.929475838212023,2.64396044511519
"R05D7.1",18.8376262108215,8.96315097900887,16.0993132708797,18.7061706242247,19.5189926024525,7.93188133534558
"R05D7.3",0,3.58526039160355,1.60993132708797,2.07846340269163,1.85895167642405,3.96594066767279
"abhd-11.2",1.88376262108215,8.06683588110798,2.41489699063195,8.31385361076654,2.78842751463607,3.96594066767279
"R05D7.5",4.70940655270538,1.79263019580177,3.21986265417593,2.07846340269163,7.43580670569618,2.64396044511519
"ddx-52",70.6410982905807,62.7420568530621,56.3475964480788,25.9807925336454,47.4032677488132,52.8792089023038
"R05D11.5",16.0119822791983,24.2005076433239,24.1489699063195,14.5492438188414,21.3779442788765,15.8637626706912
"paxt-1",11.3025757264929,9.85946607690976,6.43972530835186,7.27462190942072,6.50633086748416,1.3219802225576
"snrp-27",7.53505048432861,2.68894529370266,3.21986265417593,2.07846340269163,3.71790335284809,3.96594066767279
"edc-3",25.4307953846091,15.2373566643151,9.6595879625278,10.3923170134582,13.0126617349683,3.96594066767279
"R05D11.9",3.7675252421643,14.3410415664142,8.04965663543983,10.3923170134582,8.3652825439082,3.96594066767279
"R05H5.3",2.82564393162323,12.5484113706124,7.24469097189585,12.4707804161498,9.29475838212023,10.5758417804608
"R05H5.5",0,7.1705207832071,4.02482831771991,8.31385361076654,13.0126617349683,2.64396044511519
"R05H10.1",15.0701009686572,34.9562888181346,33.8085578688473,20.7846340269163,11.1537100585443,13.219802225576
"rbm-28",38.6171337321841,38.5415492097381,49.9078711397269,33.2554144430661,46.4737919106011,35.6934660090551
"R05H10.3",2.82564393162323,3.58526039160355,14.4893819437917,4.15692680538327,1.85895167642405,7.93188133534558
"gpx-2",16.9538635897394,13.4447264685133,17.7092445979676,17.6669389228789,26.0253234699366,19.8297033383639
"R06A4.2",8.47693179486968,3.58526039160355,2.41489699063195,4.15692680538327,4.64737919106011,0
"agl-1",25.4307953846091,69.0162625383683,25.7589012334075,54.0400484699825,47.4032677488132,51.5572286797462
"pfs-2",33.9077271794787,37.6452341118373,34.6135235323913,13.5100121174956,24.1663717935126,17.1857428932487
"arrd-13",4.70940655270538,1.79263019580177,5.63475964480788,5.19615850672908,10.2242342203322,6.60990111278798
"arrd-14",11.3025757264929,8.06683588110798,8.04965663543983,11.431548714804,17.6600409260284,15.8637626706912
"fdps-1",0,5.37789058740532,4.8297939812639,9.35308531211235,4.64737919106011,1.3219802225576
"R06C1.4",58.3966412535467,52.8825907761523,62.7873217564307,65.4715971847865,51.1211711016613,40.9813868992855
"R06C1.6",32.0239645583966,37.6452341118373,28.1737982240394,28.0592559363371,38.1085093666929,18.5077231158063
"wago-1",8.47693179486968,5.37789058740532,8.85462229898381,8.31385361076654,11.1537100585443,1.3219802225576
"adsl-1",38.6171337321841,37.6452341118373,20.1241415885996,25.9807925336454,22.3074201170885,26.4396044511519
"vps-11",25.4307953846091,30.4747133286302,25.7589012334075,19.7454023255705,27.8842751463607,27.7615846737095
"set-14",0.941881310541076,5.37789058740532,6.43972530835186,6.2353902080749,1.85895167642405,3.96594066767279
"msrp-7",30.1402019373144,34.0599737202337,21.7340729156875,18.7061706242247,38.1085093666929,37.0154462316127
"R06F6.8",27.3145580056912,28.6820831328284,30.5886952146714,17.6669389228789,25.0958476317246,48.913268234631
"tag-209",13.1863383475751,17.9263019580177,10.4645536260718,8.31385361076654,8.3652825439082,11.8978220030184
"scav-5",1.88376262108215,3.58526039160355,6.43972530835186,4.15692680538327,9.29475838212023,9.25386155790317
"glo-1",1.88376262108215,7.1705207832071,3.21986265417593,1.03923170134582,0,1.3219802225576
"kmo-1",1.88376262108215,5.37789058740532,0.804965663543983,10.3923170134582,1.85895167642405,6.60990111278798
"R07B7.6",4.70940655270538,0,0,9.35308531211235,11.1537100585443,0
"R07B7.8",3.7675252421643,0,0,1.03923170134582,1.85895167642405,1.3219802225576
"R07B7.9",1.88376262108215,0.896315097900887,0.804965663543983,1.03923170134582,0.929475838212023,2.64396044511519
"R07B7.10",4.70940655270538,1.79263019580177,4.02482831771991,6.2353902080749,0.929475838212023,2.64396044511519
"gana-1",7.53505048432861,4.48157548950443,3.21986265417593,13.5100121174956,12.0831858967563,9.25386155790317
"nhr-209",4.70940655270538,6.27420568530621,3.21986265417593,2.07846340269163,0.929475838212023,0
"R07E3.1",82.8855553276147,55.571536069855,86.9362916627502,115.354718849386,89.2296804683542,64.7770309053222
"acl-5",15.0701009686572,15.2373566643151,6.43972530835186,21.8238657282622,9.29475838212023,9.25386155790317
"R07E3.6",0,0,0.804965663543983,9.35308531211235,12.0831858967563,2.64396044511519
"R07E3.7",0.941881310541076,0.896315097900887,4.02482831771991,0,0.929475838212023,0
"R07E5.1",6.59316917378753,9.85946607690976,9.6595879625278,1.03923170134582,13.9421375731803,6.60990111278798
"prdx-3",48.0359468375949,51.9862756782514,41.0532488407431,60.2754386780574,52.9801227780853,52.8792089023038
"snfc-5",11.3025757264929,15.2373566643151,15.2943476073357,14.5492438188414,10.2242342203322,14.5417824481336
"R07E5.4",3.7675252421643,3.58526039160355,1.60993132708797,1.03923170134582,3.71790335284809,13.219802225576
"R07E5.7",8.47693179486968,8.06683588110798,17.7092445979676,5.19615850672908,12.0831858967563,17.1857428932487
"pdcd-2",43.3265402848895,36.7489190139364,41.0532488407431,31.1769510403745,32.5316543374208,9.25386155790317
"mpc-1",346.612322279116,526.136962467821,403.287797435535,278.514095960679,322.528115859572,419.067730550758
"cpt-2",34.8496084900198,25.9931378391257,36.2234548594792,36.3731095471036,26.9547993081487,33.0495055639399
"nuaf-3",4.70940655270538,5.37789058740532,7.24469097189585,7.27462190942072,9.29475838212023,1.3219802225576
"R07H5.8",141.282196581161,181.95196487388,201.241415885996,243.180218114921,238.87529042049,280.25980718221
"R08A2.7",0.941881310541076,0,2.41489699063195,1.03923170134582,1.85895167642405,2.64396044511519
"R08B4.3",3.7675252421643,2.68894529370266,0,2.07846340269163,0,1.3219802225576
"R08D7.1",10.3606944159518,3.58526039160355,11.2695192896158,6.2353902080749,6.50633086748416,2.64396044511519
"rpap-2",6.59316917378753,6.27420568530621,5.63475964480788,5.19615850672908,6.50633086748416,2.64396044511519
"R08D7.4",2.82564393162323,0.896315097900887,1.60993132708797,3.11769510403745,4.64737919106011,6.60990111278798
"R08D7.5",2.82564393162323,1.79263019580177,2.41489699063195,6.2353902080749,0,2.64396044511519
"pde-2",64.0479291167932,48.4010152866479,55.5426307845348,72.7462190942072,62.2748811602055,76.6748529083406
"R08D7.7",0,1.79263019580177,1.60993132708797,0,0,0
"R09A8.5",25.4307953846091,50.1936454824497,25.7589012334075,29.0984876376829,29.7432268227847,43.6253473444007
"rbm-3.1",0.941881310541076,0,3.21986265417593,2.07846340269163,2.78842751463607,10.5758417804608
"rbm-3.2",248.656665982844,229.456665062627,231.830111100667,268.121778947221,226.792104523734,255.142182953616
"chil-22",0.941881310541076,0.896315097900887,0,1.03923170134582,0.929475838212023,2.64396044511519
"R09H10.3",29.1983206267734,12.5484113706124,24.9539355698635,16.6277072215331,13.9421375731803,3.96594066767279
"R09H10.5",214.748938803365,220.493514083618,255.174115343443,231.748669400117,189.613070995253,189.043171825736
"R09H10.7",0.941881310541076,0,0,2.07846340269163,1.85895167642405,0
"R10D12.1",11.3025757264929,17.9263019580177,16.0993132708797,17.6669389228789,23.2368959553006,25.1176242285943
"swt-6",2.82564393162323,0,1.60993132708797,0,2.78842751463607,0
"algn-13",0.941881310541076,0,0.804965663543983,0,1.85895167642405,1.3219802225576
"R10D12.13",4.70940655270538,0,0.804965663543983,0,0,0
"sao-1",23.5470327635269,16.133671762216,23.3440042427755,14.5492438188414,27.8842751463607,9.25386155790317
"R10E4.1",10.3606944159518,5.37789058740532,8.04965663543983,11.431548714804,12.0831858967563,9.25386155790317
"R10E4.9",0.941881310541076,0,4.8297939812639,8.31385361076654,0.929475838212023,0
"R10E4.11",0.941881310541076,0.896315097900887,1.60993132708797,2.07846340269163,4.64737919106011,0
"R10E8.3",0.941881310541076,4.48157548950443,2.41489699063195,11.431548714804,3.71790335284809,1.3219802225576
"R10E8.8",0.941881310541076,2.68894529370266,0,1.03923170134582,2.78842751463607,1.3219802225576
"usp-46",4.70940655270538,6.27420568530621,12.0744849531597,10.3923170134582,0.929475838212023,5.28792089023038
"R10E11.5",2.82564393162323,7.1705207832071,4.02482831771991,9.35308531211235,13.9421375731803,0
"R10E11.6",10.3606944159518,18.8226170559186,19.3191759250556,10.3923170134582,12.0831858967563,7.93188133534558
"R10E12.2",3.7675252421643,7.1705207832071,2.41489699063195,11.431548714804,8.3652825439082,2.64396044511519
"R10H10.3",20.7213888319037,21.5115623496213,31.3936608782153,42.6084997551785,27.8842751463607,7.93188133534558
"R10H10.6",0,0.896315097900887,0.804965663543983,5.19615850672908,0,2.64396044511519
"R10H10.7",2.82564393162323,3.58526039160355,2.41489699063195,6.2353902080749,5.57685502927214,3.96594066767279
"slc-25A21",0,0.896315097900887,2.41489699063195,1.03923170134582,1.85895167642405,1.3219802225576
"nud-2",24.488914074068,17.0299868601169,29.7837295511274,28.0592559363371,36.2495576902689,42.3033671218431
"R11A5.3",1.88376262108215,0,0,2.07846340269163,0,1.3219802225576
"pck-2",386.171337321841,462.498590516858,350.965029305177,539.361252998479,543.743365354033,487.810702123753
"suro-1",0,3.58526039160355,3.21986265417593,6.2353902080749,8.3652825439082,14.5417824481336
"gkow-1",10.3606944159518,4.48157548950443,8.85462229898381,5.19615850672908,9.29475838212023,11.8978220030184
"pges-2",21.6632701424447,35.8526039160355,46.688008485551,18.7061706242247,28.8137509845727,33.0495055639399
"mask-1",133.747146096833,80.6683588110798,95.790913961734,102.883938433236,86.4412529537181,95.1825760241469
"R11D1.1",10.3606944159518,3.58526039160355,14.4893819437917,7.27462190942072,13.0126617349683,9.25386155790317
"R11D1.3",0,0,1.60993132708797,1.03923170134582,0,1.3219802225576
"mrpl-49",4.70940655270538,12.5484113706124,11.2695192896158,12.4707804161498,5.57685502927214,7.93188133534558
"R11D1.10",16.9538635897394,17.0299868601169,15.2943476073357,9.35308531211235,7.43580670569618,2.64396044511519
"R11H6.2",12.244457037034,34.9562888181346,16.9042789344236,22.863097429608,11.1537100585443,5.28792089023038
"glb-22",1.88376262108215,3.58526039160355,4.8297939812639,3.11769510403745,6.50633086748416,5.28792089023038
"R11H6.5",1.88376262108215,4.48157548950443,5.63475964480788,1.03923170134582,5.57685502927214,0
"R12G8.1",7.53505048432861,4.48157548950443,4.02482831771991,1.03923170134582,1.85895167642405,6.60990111278798
"best-15",0,0,0.804965663543983,1.03923170134582,4.64737919106011,1.3219802225576
"miz-1",22.6051514529858,25.0968227412248,28.1737982240394,37.4123412484494,44.6148402341771,39.6594066767279
"pho-8",0.941881310541076,4.48157548950443,3.21986265417593,3.11769510403745,2.78842751463607,1.3219802225576
"R13H4.5",4.70940655270538,11.6520962727115,11.2695192896158,8.31385361076654,7.43580670569618,5.28792089023038
"pde-12",5.65128786324646,5.37789058740532,3.21986265417593,1.03923170134582,0,2.64396044511519
"R17.3",7.53505048432861,4.48157548950443,4.02482831771991,2.07846340269163,0.929475838212023,2.64396044511519
"R31.2",32.0239645583966,27.7857680349275,32.1986265417593,32.2161827417203,42.755888557753,27.7615846737095
"flad-1",9.41881310541076,3.58526039160355,15.2943476073357,8.31385361076654,11.1537100585443,6.60990111278798
"dtmk-1",5.65128786324646,6.27420568530621,3.21986265417593,6.2353902080749,9.29475838212023,10.5758417804608
"R53.4",242.063496809057,216.011938594114,258.393977997619,234.866364504155,254.676379670094,219.448716944561
"R53.5",3.7675252421643,9.85946607690976,8.85462229898381,7.27462190942072,9.29475838212023,5.28792089023038
"aakg-5",18.8376262108215,17.0299868601169,21.7340729156875,19.7454023255705,20.4484684406645,9.25386155790317
"asd-1",18.8376262108215,36.7489190139364,24.1489699063195,36.3731095471036,29.7432268227847,38.3374264541703
"pelo-1",3.7675252421643,2.68894529370266,3.21986265417593,5.19615850672908,2.78842751463607,6.60990111278798
"R74.7",16.0119822791983,36.7489190139364,30.5886952146714,29.0984876376829,35.3200818520569,22.4736637834791
"R74.8",15.0701009686572,14.3410415664142,12.8794506167037,13.5100121174956,8.3652825439082,3.96594066767279
"ttbk-7",25.4307953846091,17.0299868601169,21.7340729156875,30.1377193390287,35.3200818520569,19.8297033383639
"ttr-27",13.1863383475751,3.58526039160355,4.8297939812639,7.27462190942072,8.3652825439082,10.5758417804608
"ttr-28",0.941881310541076,1.79263019580177,0,1.03923170134582,0,0
"ttr-29",0,0,0,1.03923170134582,2.78842751463607,5.28792089023038
"glb-24",7.53505048432861,5.37789058740532,7.24469097189585,14.5492438188414,4.64737919106011,5.28792089023038
"R102.2",43.3265402848895,54.6752209719541,63.5922874199747,43.6477314565243,71.5696395423257,48.913268234631
"R102.4",12.244457037034,8.06683588110798,20.1241415885996,20.7846340269163,11.1537100585443,17.1857428932487
"allo-1",25.4307953846091,18.8226170559186,34.6135235323913,25.9807925336454,27.8842751463607,13.219802225576
"R107.2",5.65128786324646,8.06683588110798,4.02482831771991,3.11769510403745,4.64737919106011,10.5758417804608
"ikke-1",44.2684215954306,34.0599737202337,32.1986265417593,51.9615850672908,50.1916952634492,39.6594066767279
"R107.5",249.598547293385,200.774581929799,251.149287025723,159.00245030591,186.824643480617,166.569508042257
"R166.2",25.4307953846091,16.133671762216,29.7837295511274,21.8238657282622,39.037985204905,26.4396044511519
"R166.3",4.70940655270538,4.48157548950443,4.02482831771991,3.11769510403745,6.50633086748416,0
"mnk-1",278.796867920158,294.887667209392,227.000317119403,452.06579008543,389.450376210838,412.45782943797
"R186.1",0.941881310541076,0,2.41489699063195,1.03923170134582,0,0
"R186.3",10.3606944159518,1.79263019580177,4.8297939812639,7.27462190942072,9.29475838212023,3.96594066767279
"mpst-7",1.88376262108215,2.68894529370266,4.8297939812639,4.15692680538327,3.71790335284809,3.96594066767279
"pnn-1",17.8957449002804,11.6520962727115,18.5142102615116,20.7846340269163,18.5895167642405,21.1516835609215
"R186.8",2.82564393162323,2.68894529370266,1.60993132708797,2.07846340269163,1.85895167642405,0
"T01B7.5",61.2222851851699,36.7489190139364,27.3688325604954,17.6669389228789,43.6853643959651,15.8637626706912
"trcs-2",33.9077271794787,33.1636586223328,29.7837295511274,16.6277072215331,31.6021784992088,3.96594066767279
"T01C1.4",0,0,1.60993132708797,3.11769510403745,0.929475838212023,0
"cdt-2",3.7675252421643,15.2373566643151,3.21986265417593,6.2353902080749,6.50633086748416,2.64396044511519
"T01C3.2",2.82564393162323,0,4.02482831771991,1.03923170134582,1.85895167642405,0
"fil-1",8.47693179486968,3.58526039160355,1.60993132708797,3.11769510403745,0.929475838212023,2.64396044511519
"mut-15",23.5470327635269,23.3041925454231,15.2943476073357,10.3923170134582,13.0126617349683,14.5417824481336
"T01D3.1",45.2103029059717,51.9862756782514,30.5886952146714,21.8238657282622,19.5189926024525,44.9473275669583
"T01D3.3",28.2564393162323,37.6452341118373,27.3688325604954,41.5692680538327,38.1085093666929,47.5912880120735
"zipt-9",8.47693179486968,5.37789058740532,3.21986265417593,7.27462190942072,8.3652825439082,5.28792089023038
"T01D3.6",106.432588091142,125.484113706124,120.744849531597,70.6677556915156,83.6528254390821,91.2166353564741
"T01E8.1",18.8376262108215,49.2973303845488,31.3936608782153,32.2161827417203,32.5316543374208,13.219802225576
"nrde-2",40.5008963532663,25.0968227412248,34.6135235323913,47.8046582619076,48.3327435870252,30.4055451188247
"mrps-14",10.3606944159518,11.6520962727115,14.4893819437917,18.7061706242247,13.0126617349683,11.8978220030184
"T01G1.2",4.70940655270538,25.9931378391257,10.4645536260718,10.3923170134582,7.43580670569618,18.5077231158063
"sec-31",25.4307953846091,25.9931378391257,20.9291072521436,12.4707804161498,14.8716134113924,31.7275253413823
"T01G5.1",2.82564393162323,1.79263019580177,0,8.31385361076654,8.3652825439082,6.60990111278798
"ugt-30",0.941881310541076,0,0,1.03923170134582,0.929475838212023,1.3219802225576
"T01G9.2",4.70940655270538,1.79263019580177,7.24469097189585,8.31385361076654,8.3652825439082,6.60990111278798
"dma-1",4.70940655270538,4.48157548950443,1.60993132708797,7.27462190942072,3.71790335284809,6.60990111278798
"T01H3.2",14.1282196581161,9.85946607690976,16.9042789344236,15.5884755201873,12.0831858967563,11.8978220030184
"T01H3.3",19.7795075213626,29.5783982307293,29.7837295511274,23.9023291309538,17.6600409260284,30.4055451188247
"rskn-1",25.4307953846091,34.9562888181346,45.883042822007,24.9415608322996,30.6727026609968,35.6934660090551
"T01H8.2",1.88376262108215,5.37789058740532,3.21986265417593,7.27462190942072,11.1537100585443,1.3219802225576
"lyst-1",6.59316917378753,9.85946607690976,5.63475964480788,5.19615850672908,7.43580670569618,9.25386155790317
"T02B5.3",3.7675252421643,2.68894529370266,3.21986265417593,3.11769510403745,3.71790335284809,2.64396044511519
"snpc-3.4",1.88376262108215,0.896315097900887,1.60993132708797,2.07846340269163,3.71790335284809,0
"tftc-5",8.47693179486968,7.1705207832071,13.6844162802477,5.19615850672908,0.929475838212023,0
"npr-26",0,3.58526039160355,0.804965663543983,7.27462190942072,4.64737919106011,13.219802225576
"T02D1.8",26.3726766951501,17.0299868601169,13.6844162802477,16.6277072215331,32.5316543374208,31.7275253413823
"T02E1.2",4.70940655270538,16.133671762216,10.4645536260718,14.5492438188414,2.78842751463607,2.64396044511519
"T02E1.8",1.88376262108215,0,0.804965663543983,0,0.929475838212023,0
"dop-5",10.3606944159518,15.2373566643151,13.6844162802477,6.2353902080749,14.8716134113924,3.96594066767279
"T02E9.5",4.70940655270538,7.1705207832071,11.2695192896158,10.3923170134582,6.50633086748416,6.60990111278798
"mrps-12",24.488914074068,51.9862756782514,24.1489699063195,21.8238657282622,30.6727026609968,30.4055451188247
"sbt-1",60.2804038746289,56.4678511677559,82.9114633450302,80.0208410036279,79.0054462480219,50.2352484571886
"T03D8.6",4.70940655270538,7.1705207832071,12.8794506167037,14.5492438188414,5.57685502927214,2.64396044511519
"qdpr-1",33.9077271794787,40.3341794055399,23.3440042427755,40.5300363524869,37.1790335284809,31.7275253413823
"T03F6.3",0.941881310541076,2.68894529370266,0.804965663543983,0,7.43580670569618,3.96594066767279
"T03F6.4",7.53505048432861,16.133671762216,1.60993132708797,1.03923170134582,0,5.28792089023038
"T03F7.7",9.41881310541076,2.68894529370266,0.804965663543983,2.07846340269163,4.64737919106011,0
"nifk-1",19.7795075213626,39.437864307639,60.3724247657987,27.0200242349912,34.3906060138448,22.4736637834791
"T04A8.7",48.977828148136,60.0531115593594,53.1277337939029,50.922353365945,47.4032677488132,30.4055451188247
"T04A8.8",0,0,2.41489699063195,7.27462190942072,3.71790335284809,6.60990111278798
"sel-13",6.59316917378753,3.58526039160355,8.04965663543983,6.2353902080749,0.929475838212023,5.28792089023038
"mrpl-16",19.7795075213626,3.58526039160355,11.2695192896158,16.6277072215331,2.78842751463607,7.93188133534558
"T04B2.3",3.7675252421643,0.896315097900887,4.8297939812639,0,2.78842751463607,5.28792089023038
"ipla-7",48.0359468375949,23.3041925454231,32.1986265417593,41.5692680538327,25.0958476317246,22.4736637834791
"nlp-80",7.53505048432861,18.8226170559186,16.9042789344236,6.2353902080749,9.29475838212023,9.25386155790317
"T04C12.7",0.941881310541076,0,0,0,1.85895167642405,0
"T04C12.8",0,0,0.804965663543983,3.11769510403745,0,5.28792089023038
"pde-1",12.244457037034,12.5484113706124,17.7092445979676,8.31385361076654,5.57685502927214,17.1857428932487
"T04F3.1",117.735163817635,86.942564496386,91.7660856440141,83.1385361076654,93.8770596594143,116.334259585068
"T04F3.2",0,1.79263019580177,0.804965663543983,3.11769510403745,4.64737919106011,0
"T04F3.4",3.7675252421643,0.896315097900887,1.60993132708797,3.11769510403745,1.85895167642405,3.96594066767279
"sfxn-1.5",13.1863383475751,13.4447264685133,12.0744849531597,6.2353902080749,10.2242342203322,9.25386155790317
"T04F8.2",4.70940655270538,5.37789058740532,5.63475964480788,8.31385361076654,6.50633086748416,5.28792089023038
"T04F8.6",4.70940655270538,17.0299868601169,17.7092445979676,7.27462190942072,6.50633086748416,9.25386155790317
"T04F8.7",12.244457037034,8.06683588110798,19.3191759250556,8.31385361076654,10.2242342203322,2.64396044511519
"T04F8.8",15.0701009686572,16.133671762216,24.1489699063195,32.2161827417203,39.967461043117,23.7956440060367
"T04H1.2",34.8496084900198,33.1636586223328,22.5390385792315,10.3923170134582,16.7305650878164,11.8978220030184
"ttr-22",0,0,1.60993132708797,0,0.929475838212023,0
"T04H1.5",3.7675252421643,1.79263019580177,4.8297939812639,3.11769510403745,0.929475838212023,2.64396044511519
"ugt-56",5.65128786324646,2.68894529370266,4.8297939812639,2.07846340269163,2.78842751463607,0
"lron-14",2.82564393162323,3.58526039160355,10.4645536260718,1.03923170134582,0,0
"T05B9.1",7.53505048432861,0.896315097900887,2.41489699063195,3.11769510403745,2.78842751463607,2.64396044511519
"aldo-1",138.456552649538,109.350441943908,140.868991120197,131.982426070919,173.811981745648,140.129903591105
"T05E11.2",0,1.79263019580177,0,3.11769510403745,0,1.3219802225576
"enpl-1",416.311539259156,362.111299551958,422.606973360591,542.478948102516,460.090539914951,462.693077895159
"imp-2",28.2564393162323,34.9562888181346,22.5390385792315,55.0792801713283,35.3200818520569,42.3033671218431
"hpo-4",9.41881310541076,8.06683588110798,4.02482831771991,1.03923170134582,5.57685502927214,6.60990111278798
"T05E11.8",1.88376262108215,0,1.60993132708797,2.07846340269163,0,1.3219802225576
"T05E12.6",4.70940655270538,8.96315097900887,8.85462229898381,13.5100121174956,12.0831858967563,7.93188133534558
"nra-2",64.0479291167932,59.1567964614585,65.2022187470626,64.4323654834406,56.6980261309334,76.6748529083406
"T05F1.4",4.70940655270538,0.896315097900887,2.41489699063195,6.2353902080749,1.85895167642405,2.64396044511519
"T05F1.11",19.7795075213626,10.7557811748106,6.43972530835186,20.7846340269163,10.2242342203322,5.28792089023038
"T05F1.13",7.53505048432861,0,5.63475964480788,5.19615850672908,2.78842751463607,0
"T05G5.1",22.6051514529858,17.0299868601169,28.1737982240394,20.7846340269163,18.5895167642405,22.4736637834791
"T05G5.5",6.59316917378753,12.5484113706124,4.02482831771991,2.07846340269163,13.0126617349683,3.96594066767279
"vps-53",14.1282196581161,13.4447264685133,13.6844162802477,11.431548714804,7.43580670569618,9.25386155790317
"gcc-2",10.3606944159518,1.79263019580177,11.2695192896158,9.35308531211235,6.50633086748416,5.28792089023038
"T05H10.1",110.200113333306,75.2904682236745,90.9611199804701,77.9423776009363,70.6401637041137,66.0990111278798
"pdha-1",94.1881310541076,100.387290964899,98.2058109523659,116.393950550732,112.466576423655,117.656239807626
"gpcp-2",87.5949618803201,96.8020305732958,94.98594829819,116.393950550732,81.793873762658,88.5726749113589
"cgt-1",32.0239645583966,7.1705207832071,22.5390385792315,15.5884755201873,20.4484684406645,26.4396044511519
"nhr-213",0,1.79263019580177,3.21986265417593,3.11769510403745,3.71790335284809,9.25386155790317
"srap-1",381.461930769136,492.973303845488,411.337454070975,394.90804651141,447.077878179983,452.117236114698
"cox-15",16.9538635897394,16.133671762216,25.7589012334075,16.6277072215331,27.8842751463607,14.5417824481336
"cchl-1",27.3145580056912,34.9562888181346,33.8085578688473,32.2161827417203,36.2495576902689,23.7956440060367
"fndc-1",1.88376262108215,3.58526039160355,0,0,1.85895167642405,0
"T06D8.9",16.0119822791983,20.6152472517204,15.2943476073357,11.431548714804,25.0958476317246,15.8637626706912
"T06D8.10",0,0,0,5.19615850672908,7.43580670569618,13.219802225576
"rsbp-1",16.0119822791983,32.2673435244319,31.3936608782153,7.27462190942072,15.8010892496044,13.219802225576
"chaf-1",8.47693179486968,3.58526039160355,9.6595879625278,13.5100121174956,19.5189926024525,7.93188133534558
"T06E6.1",52.7453533903003,52.8825907761523,58.7624934387108,38.4515729497952,42.755888557753,39.6594066767279
"acl-2",4.70940655270538,0,1.60993132708797,4.15692680538327,5.57685502927214,9.25386155790317
"T06G6.3",5.65128786324646,5.37789058740532,4.8297939812639,3.11769510403745,2.78842751463607,5.28792089023038
"umps-1",3.7675252421643,2.68894529370266,6.43972530835186,24.9415608322996,15.8010892496044,14.5417824481336
"T07C4.3",6.59316917378753,4.48157548950443,12.0744849531597,10.3923170134582,8.3652825439082,5.28792089023038
"ttr-15",113.025757264929,67.2236323425665,94.180982634646,108.080096939965,106.889721394383,72.7089122406678
"sas-7",18.8376262108215,11.6520962727115,7.24469097189585,3.11769510403745,9.29475838212023,10.5758417804608
"ugt-50",10.3606944159518,9.85946607690976,11.2695192896158,28.0592559363371,5.57685502927214,11.8978220030184
"ttr-46",23.5470327635269,21.5115623496213,18.5142102615116,22.863097429608,12.0831858967563,11.8978220030184
"anmt-3",10.3606944159518,9.85946607690976,0.804965663543983,20.7846340269163,17.6600409260284,11.8978220030184
"npr-20",3.7675252421643,1.79263019580177,0,1.03923170134582,5.57685502927214,1.3219802225576
"T07D4.2",8.47693179486968,2.68894529370266,7.24469097189585,6.2353902080749,14.8716134113924,1.3219802225576
"ddx-19",8.47693179486968,14.3410415664142,19.3191759250556,6.2353902080749,33.4611301756328,27.7615846737095
"flp-33",2.82564393162323,0.896315097900887,1.60993132708797,3.11769510403745,2.78842751463607,1.3219802225576
"anp-1",1.88376262108215,7.1705207832071,5.63475964480788,9.35308531211235,5.57685502927214,1.3219802225576
"T07F10.3",3.7675252421643,9.85946607690976,1.60993132708797,16.6277072215331,4.64737919106011,3.96594066767279
"bus-19",2.82564393162323,3.58526039160355,1.60993132708797,5.19615850672908,1.85895167642405,1.3219802225576
"T08A11.1",32.0239645583966,20.6152472517204,24.9539355698635,31.1769510403745,24.1663717935126,26.4396044511519
"sftb-1",45.2103029059717,56.4678511677559,49.102905476183,51.9615850672908,52.0506469398733,59.4891100150918
"vps-39",24.488914074068,70.8088927341701,33.8085578688473,41.5692680538327,26.0253234699366,33.0495055639399
"T08G11.1",291.041324957193,190.915115852889,242.294664726739,241.10175471223,258.394283022942,259.108123621289
"T08G11.4",18.8376262108215,12.5484113706124,9.6595879625278,14.5492438188414,8.3652825439082,2.64396044511519
"T09A5.4",6.59316917378753,8.06683588110798,4.02482831771991,4.15692680538327,10.2242342203322,1.3219802225576
"T09A5.5",16.9538635897394,47.504700188747,17.7092445979676,20.7846340269163,26.0253234699366,39.6594066767279
"mdmh-35",0.941881310541076,0,1.60993132708797,1.03923170134582,0.929475838212023,0
"cec-3",4.70940655270538,23.3041925454231,4.02482831771991,1.03923170134582,6.50633086748416,0
"sds-22",4.70940655270538,1.79263019580177,2.41489699063195,11.431548714804,2.78842751463607,5.28792089023038
"ostb-1",52.7453533903003,47.504700188747,82.9114633450302,49.8831216645992,40.896936881329,74.0308924632254
"ztf-17",47.0940655270538,71.705207832071,38.6383518501112,56.1185118726741,54.8390744545093,56.8451495699766
"T09A5.15",0,0.896315097900887,0,0,0,2.64396044511519
"T09B9.3",5.65128786324646,7.1705207832071,6.43972530835186,7.27462190942072,8.3652825439082,9.25386155790317
"T09B9.4",4.70940655270538,6.27420568530621,0.804965663543983,0,1.85895167642405,6.60990111278798
"noca-1",45.2103029059717,40.3341794055399,41.0532488407431,45.726194859216,52.0506469398733,18.5077231158063
"cni-1",12.244457037034,15.2373566643151,7.24469097189585,9.35308531211235,12.0831858967563,5.28792089023038
"ztf-27",5.65128786324646,13.4447264685133,5.63475964480788,8.31385361076654,7.43580670569618,5.28792089023038
"T09F3.2",16.9538635897394,18.8226170559186,13.6844162802477,15.5884755201873,16.7305650878164,17.1857428932487
"T09F3.5",3.7675252421643,2.68894529370266,8.04965663543983,2.07846340269163,1.85895167642405,2.64396044511519
"cyp-13A5",10.3606944159518,7.1705207832071,7.24469097189585,7.27462190942072,3.71790335284809,9.25386155790317
"cyp-13A6",1.88376262108215,0.896315097900887,0,5.19615850672908,1.85895167642405,0
"cyp-13A2",11.3025757264929,8.96315097900887,8.85462229898381,3.11769510403745,9.29475838212023,0
"ucr-2.2",50.8615907692181,58.2604813635577,61.9823560928867,69.6285239901697,57.6275019691454,52.8792089023038
"T10B10.3",17.8957449002804,14.3410415664142,17.7092445979676,11.431548714804,5.57685502927214,15.8637626706912
"T10B10.4",6.59316917378753,14.3410415664142,10.4645536260718,11.431548714804,11.1537100585443,25.1176242285943
"phat-6",6.59316917378753,23.3041925454231,14.4893819437917,9.35308531211235,10.2242342203322,19.8297033383639
"T10B10.8",1.88376262108215,0.896315097900887,3.21986265417593,4.15692680538327,2.78842751463607,3.96594066767279
"cwc-15",27.3145580056912,13.4447264685133,18.5142102615116,15.5884755201873,24.1663717935126,23.7956440060367
"T10C6.6",8.47693179486968,5.37789058740532,2.41489699063195,5.19615850672908,8.3652825439082,11.8978220030184
"T10G3.1",8.47693179486968,10.7557811748106,3.21986265417593,8.31385361076654,7.43580670569618,2.64396044511519
"T10G3.3",15.0701009686572,6.27420568530621,23.3440042427755,5.19615850672908,6.50633086748416,2.64396044511519
"eea-1",31.0820832478555,16.133671762216,24.1489699063195,20.7846340269163,24.1663717935126,19.8297033383639
"T11B7.5",8.47693179486968,0.896315097900887,3.21986265417593,1.03923170134582,2.78842751463607,1.3219802225576
"T11F9.12",3.7675252421643,8.06683588110798,2.41489699063195,13.5100121174956,2.78842751463607,9.25386155790317
"T11G6.2",13.1863383475751,2.68894529370266,9.6595879625278,5.19615850672908,6.50633086748416,1.3219802225576
"T11G6.3",3.7675252421643,4.48157548950443,2.41489699063195,4.15692680538327,7.43580670569618,1.3219802225576
"T11G6.4",6.59316917378753,0.896315097900887,5.63475964480788,8.31385361076654,7.43580670569618,2.64396044511519
"T11G6.5",24.488914074068,30.4747133286302,36.2234548594792,29.0984876376829,35.3200818520569,7.93188133534558
"rbm-22",31.0820832478555,29.5783982307293,31.3936608782153,24.9415608322996,24.1663717935126,34.3714857864975
"T12A7.2",2.82564393162323,7.1705207832071,24.1489699063195,19.7454023255705,19.5189926024525,5.28792089023038
"lips-5",5.65128786324646,3.58526039160355,8.04965663543983,4.15692680538327,2.78842751463607,2.64396044511519
"lpr-2",2.82564393162323,6.27420568530621,3.21986265417593,3.11769510403745,1.85895167642405,3.96594066767279
"T12A7.6",0,0,0,0,2.78842751463607,1.3219802225576
"set-16",129.979620854668,141.61778546834,122.354780858685,118.472413953423,132.915044864319,122.944160697856
"drr-2",35.7914898005609,40.3341794055399,35.4184891959353,34.294646144412,35.3200818520569,38.3374264541703
"acbp-5",1.88376262108215,3.58526039160355,0.804965663543983,0,0,0
"arrd-17",16.9538635897394,17.0299868601169,22.5390385792315,11.431548714804,23.2368959553006,9.25386155790317
"T12D8.5",2.82564393162323,3.58526039160355,6.43972530835186,5.19615850672908,4.64737919106011,0
"mlc-5",20.7213888319037,27.7857680349275,30.5886952146714,27.0200242349912,29.7432268227847,40.9813868992855
"hip-1",53.6872347008413,42.1268096013417,37.0284205230232,71.7069873928614,61.3454053219935,54.2011891248614
"T12D8.9",159.177941481442,136.239894880935,147.308716428549,129.903962668227,117.113955614715,144.095844258778
"sqst-1",160.119822791983,106.661496650206,120.744849531597,124.707804161498,121.761334805775,129.554061810644
"T12G3.2",25.4307953846091,38.5415492097381,41.8582145042871,45.726194859216,38.1085093666929,48.913268234631
"T12G3.4",2.82564393162323,1.79263019580177,2.41489699063195,4.15692680538327,2.78842751463607,2.64396044511519
"mrpl-51",15.0701009686572,8.06683588110798,16.9042789344236,19.7454023255705,47.4032677488132,25.1176242285943
"tgn-38",12.244457037034,8.96315097900887,10.4645536260718,7.27462190942072,5.57685502927214,9.25386155790317
"T13F2.2",4.70940655270538,0,4.02482831771991,1.03923170134582,5.57685502927214,2.64396044511519
"sna-2",20.7213888319037,15.2373566643151,19.3191759250556,6.2353902080749,2.78842751463607,2.64396044511519
"T13H5.1",16.0119822791983,21.5115623496213,18.5142102615116,14.5492438188414,12.0831858967563,11.8978220030184
"ctg-2",16.9538635897394,12.5484113706124,8.85462229898381,13.5100121174956,13.9421375731803,14.5417824481336
"T13H5.4",35.7914898005609,34.0599737202337,39.4433175136552,31.1769510403745,25.0958476317246,30.4055451188247
"mrps-18B",19.7795075213626,26.8894529370266,15.2943476073357,11.431548714804,17.6600409260284,7.93188133534558
"T13H5.6",9.41881310541076,8.96315097900887,8.85462229898381,9.35308531211235,3.71790335284809,11.8978220030184
"T13H5.8",6.59316917378753,9.85946607690976,12.8794506167037,5.19615850672908,8.3652825439082,11.8978220030184
"T14B1.1",28.2564393162323,20.6152472517204,25.7589012334075,32.2161827417203,20.4484684406645,25.1176242285943
"agxt-1",8.47693179486968,16.133671762216,6.43972530835186,20.7846340269163,21.3779442788765,10.5758417804608
"oac-46",3.7675252421643,14.3410415664142,13.6844162802477,37.4123412484494,32.5316543374208,17.1857428932487
"T14G8.3",97.0137749857308,63.638371950963,66.8121500741506,62.353902080749,91.0886321447782,58.1671297925342
"ttr-53",2.82564393162323,0,4.8297939812639,1.03923170134582,1.85895167642405,2.64396044511519
"ttr-54",0.941881310541076,0,0,0,0,0
"T14G10.5",99.8394189173541,82.4609890068816,93.376016971102,89.3739263157403,108.748673070807,112.368318917396
"hpo-5",6.59316917378753,4.48157548950443,2.41489699063195,9.35308531211235,3.71790335284809,6.60990111278798
"nep-21",8.47693179486968,16.133671762216,5.63475964480788,20.7846340269163,6.50633086748416,5.28792089023038
"T16G1.4",7.53505048432861,3.58526039160355,5.63475964480788,1.03923170134582,0.929475838212023,3.96594066767279
"T16G1.6",7.53505048432861,9.85946607690976,8.85462229898381,0,1.85895167642405,1.3219802225576
"T16G1.7",5.65128786324646,3.58526039160355,6.43972530835186,1.03923170134582,0.929475838212023,2.64396044511519
"T16G1.9",17.8957449002804,9.85946607690976,23.3440042427755,6.2353902080749,18.5895167642405,13.219802225576
"T16G12.1",96.0718936751898,137.136209978836,122.354780858685,93.5308531211235,96.6654871740504,96.5045562467045
"ekl-6",13.1863383475751,8.96315097900887,21.7340729156875,9.35308531211235,11.1537100585443,13.219802225576
"T16G12.6",14.1282196581161,13.4447264685133,8.04965663543983,6.2353902080749,13.0126617349683,17.1857428932487
"T16H12.3",6.59316917378753,6.27420568530621,4.02482831771991,3.11769510403745,3.71790335284809,3.96594066767279
"gtf-2H2C",1.88376262108215,5.37789058740532,4.02482831771991,5.19615850672908,3.71790335284809,3.96594066767279
"bath-43",15.0701009686572,8.06683588110798,15.2943476073357,8.31385361076654,8.3652825439082,14.5417824481336
"T16H12.9",16.0119822791983,4.48157548950443,5.63475964480788,3.11769510403745,13.0126617349683,10.5758417804608
"T18D3.1",9.41881310541076,1.79263019580177,5.63475964480788,0,7.43580670569618,3.96594066767279
"cdf-2",13.1863383475751,12.5484113706124,7.24469097189585,5.19615850672908,13.0126617349683,3.96594066767279
"T18D3.7",11.3025757264929,1.79263019580177,0,4.15692680538327,5.57685502927214,2.64396044511519
"T19A6.1",24.488914074068,35.8526039160355,37.0284205230232,19.7454023255705,23.2368959553006,30.4055451188247
"nepr-1",4.70940655270538,1.79263019580177,0.804965663543983,2.07846340269163,5.57685502927214,1.3219802225576
"T19A6.4",2.82564393162323,0.896315097900887,0,0,1.85895167642405,2.64396044511519
"cyp-29A2",6.59316917378753,5.37789058740532,14.4893819437917,9.35308531211235,7.43580670569618,3.96594066767279
"T19B10.2",1.88376262108215,7.1705207832071,15.2943476073357,27.0200242349912,59.4864536455695,29.0835648962671
"bgal-1",4.70940655270538,0.896315097900887,7.24469097189585,3.11769510403745,7.43580670569618,3.96594066767279
"T19B10.5",7.53505048432861,2.68894529370266,3.21986265417593,9.35308531211235,13.9421375731803,13.219802225576
"T19B10.8",6.59316917378753,8.06683588110798,11.2695192896158,8.31385361076654,4.64737919106011,0
"T19C4.1",21.6632701424447,17.9263019580177,16.9042789344236,27.0200242349912,24.1663717935126,30.4055451188247
"T19C4.5",6.59316917378753,2.68894529370266,7.24469097189585,8.31385361076654,2.78842751463607,0
"T19C9.8",3.7675252421643,5.37789058740532,10.4645536260718,3.11769510403745,1.85895167642405,6.60990111278798
"T19H5.4",28.2564393162323,34.9562888181346,22.5390385792315,37.4123412484494,38.1085093666929,40.9813868992855
"T20B3.1",16.0119822791983,13.4447264685133,10.4645536260718,27.0200242349912,21.3779442788765,13.219802225576
"T20B3.14",1.88376262108215,2.68894529370266,0,0,0,0
"T20D3.2",79.1180300854504,77.0830984194763,114.305124223246,61.3146703794032,78.0759704098099,83.2847540211285
"coa-4",15.0701009686572,10.7557811748106,9.6595879625278,7.27462190942072,13.9421375731803,6.60990111278798
"T20D3.5",2.82564393162323,1.79263019580177,3.21986265417593,0,0,5.28792089023038
"T20D3.6",9.41881310541076,4.48157548950443,4.02482831771991,0,1.85895167642405,9.25386155790317
"T20D3.8",0.941881310541076,0,4.02482831771991,2.07846340269163,3.71790335284809,2.64396044511519
"T20F10.2",5.65128786324646,13.4447264685133,12.8794506167037,4.15692680538327,13.0126617349683,3.96594066767279
"chc-1",344.728559658034,373.76339582467,292.202535866466,280.592559363371,318.810212506724,426.999611886103
"best-18",10.3606944159518,6.27420568530621,2.41489699063195,10.3923170134582,4.64737919106011,5.28792089023038
"dod-6",40.5008963532663,23.3041925454231,44.2731114949191,38.4515729497952,45.5443160723891,27.7615846737095
"T20G5.9",3.7675252421643,1.79263019580177,3.21986265417593,3.11769510403745,3.71790335284809,2.64396044511519
"blos-1",0,0,0,0,0,1.3219802225576
"cox-14",1.88376262108215,2.68894529370266,10.4645536260718,7.27462190942072,6.50633086748416,3.96594066767279
"ador-1",2.82564393162323,0,4.02482831771991,12.4707804161498,3.71790335284809,6.60990111278798
"pho-7",4.70940655270538,2.68894529370266,1.60993132708797,6.2353902080749,5.57685502927214,0
"T21B6.3",263.726766951501,278.753995447176,294.617432857098,256.690230232417,287.208034007515,249.854262063386
"mrpl-50",36.733371111102,57.3641662656568,61.9823560928867,49.8831216645992,45.5443160723891,60.8110902376494
"enol-1",361.682423247773,580.812183439775,430.656629996031,408.418058628906,384.802997019777,473.268919675619
"T21B10.3",40.5008963532663,39.437864307639,34.6135235323913,25.9807925336454,22.3074201170885,14.5417824481336
"set-17",1.88376262108215,6.27420568530621,4.02482831771991,5.19615850672908,8.3652825439082,11.8978220030184
"cutl-15",2.82564393162323,5.37789058740532,4.02482831771991,4.15692680538327,2.78842751463607,6.60990111278798
"mics-1",12.244457037034,8.96315097900887,6.43972530835186,5.19615850672908,6.50633086748416,22.4736637834791
"del-6",44.2684215954306,34.9562888181346,53.1277337939029,83.1385361076654,68.7812120276897,80.6407935760134
"erh-1",1.88376262108215,0.896315097900887,0,0,1.85895167642405,0
"T21C9.6",16.0119822791983,16.133671762216,20.1241415885996,21.8238657282622,23.2368959553006,21.1516835609215
"ttr-23",0,0.896315097900887,4.8297939812639,1.03923170134582,0,0
"scpl-4",33.9077271794787,33.1636586223328,49.9078711397269,53.0008167686367,40.896936881329,60.8110902376494
"hlb-1",28.2564393162323,57.3641662656568,44.2731114949191,27.0200242349912,33.4611301756328,66.0990111278798
"T22C1.1",3.7675252421643,15.2373566643151,8.85462229898381,15.5884755201873,0.929475838212023,1.3219802225576
"T22C1.3",0.941881310541076,2.68894529370266,8.04965663543983,4.15692680538327,6.50633086748416,7.93188133534558
"T22C1.5",0.941881310541076,0,1.60993132708797,4.15692680538327,4.64737919106011,0
"T22C1.6",14.1282196581161,3.58526039160355,14.4893819437917,18.7061706242247,13.9421375731803,13.219802225576
"T22C1.11",8.47693179486968,0.896315097900887,2.41489699063195,11.431548714804,1.85895167642405,3.96594066767279
"T22C8.6",5.65128786324646,0,3.21986265417593,10.3923170134582,4.64737919106011,0
"T22G5.3",1.88376262108215,0,0.804965663543983,0,0,1.3219802225576
"sptl-3",25.4307953846091,24.2005076433239,28.1737982240394,18.7061706242247,24.1663717935126,25.1176242285943
"scrm-1",0.941881310541076,7.1705207832071,4.02482831771991,6.2353902080749,5.57685502927214,7.93188133534558
"pgrn-1",27.3145580056912,25.0968227412248,31.3936608782153,19.7454023255705,42.755888557753,33.0495055639399
"alh-13",2.82564393162323,8.06683588110798,4.8297939812639,19.7454023255705,19.5189926024525,18.5077231158063
"prmt-9",12.244457037034,25.9931378391257,19.3191759250556,15.5884755201873,26.0253234699366,10.5758417804608
"T23B5.3",22.6051514529858,19.7189321538195,22.5390385792315,15.5884755201873,17.6600409260284,47.5912880120735
"T23D8.3",141.282196581161,66.3273172446656,97.4008452888219,83.1385361076654,83.6528254390821,72.7089122406678
"ppm-2",33.9077271794787,34.0599737202337,53.1277337939029,39.490804651141,65.9927845130536,48.913268234631
"cdka-1",12.244457037034,28.6820831328284,5.63475964480788,23.9023291309538,19.5189926024525,7.93188133534558
"T23G5.2",34.8496084900198,12.5484113706124,37.0284205230232,34.294646144412,9.29475838212023,10.5758417804608
"saeg-2",0,10.7557811748106,3.21986265417593,5.19615850672908,13.9421375731803,7.93188133534558
"T23G7.2",14.1282196581161,3.58526039160355,3.21986265417593,2.07846340269163,0.929475838212023,3.96594066767279
"T23G7.3",96.0718936751898,182.848279971781,137.649128466021,100.805475030544,115.255003938291,177.145349822718
"pir-1",2.82564393162323,6.27420568530621,2.41489699063195,6.2353902080749,6.50633086748416,7.93188133534558
"T23G11.4",0,1.79263019580177,3.21986265417593,1.03923170134582,1.85895167642405,0
"rlbp-1",7.53505048432861,11.6520962727115,4.8297939812639,11.431548714804,6.50633086748416,2.64396044511519
"lron-9",5.65128786324646,10.7557811748106,2.41489699063195,12.4707804161498,13.0126617349683,11.8978220030184
"T23G11.7",40.5008963532663,18.8226170559186,20.9291072521436,24.9415608322996,18.5895167642405,23.7956440060367
"xbx-5",7.53505048432861,20.6152472517204,27.3688325604954,9.35308531211235,15.8010892496044,18.5077231158063
"T24B1.1",22.6051514529858,18.8226170559186,37.8333861865672,30.1377193390287,13.0126617349683,15.8637626706912
"T24B8.2",9.41881310541076,7.1705207832071,1.60993132708797,5.19615850672908,13.0126617349683,13.219802225576
"T24B8.3",40.5008963532663,18.8226170559186,37.0284205230232,38.4515729497952,43.6853643959651,17.1857428932487
"T24B8.4",22.6051514529858,31.371028426531,37.0284205230232,25.9807925336454,43.6853643959651,29.0835648962671
"T24B8.5",2.82564393162323,0,0.804965663543983,2.07846340269163,2.78842751463607,0
"T24B8.7",108.316350712224,86.942564496386,119.134918204509,93.5308531211235,98.5244388504744,126.910101365529
"T24D1.2",2.82564393162323,7.1705207832071,17.7092445979676,3.11769510403745,6.50633086748416,6.60990111278798
"T24D5.2",2.82564393162323,3.58526039160355,0.804965663543983,3.11769510403745,0,1.3219802225576
"samp-1",30.1402019373144,40.3341794055399,37.0284205230232,29.0984876376829,28.8137509845727,42.3033671218431
"rsf-1",11.3025757264929,9.85946607690976,12.8794506167037,9.35308531211235,13.0126617349683,2.64396044511519
"nlp-51",16.9538635897394,20.6152472517204,20.1241415885996,22.863097429608,13.9421375731803,27.7615846737095
"T24H10.1",6.59316917378753,11.6520962727115,13.6844162802477,11.431548714804,13.9421375731803,14.5417824481336
"T24H10.4",1.88376262108215,13.4447264685133,12.0744849531597,7.27462190942072,18.5895167642405,15.8637626706912
"dyrb-1",3.7675252421643,0.896315097900887,4.02482831771991,9.35308531211235,0,5.28792089023038
"1-Jun",19.7795075213626,37.6452341118373,43.4681458313751,41.5692680538327,25.0958476317246,34.3714857864975
"T25B9.1",12.244457037034,6.27420568530621,10.4645536260718,13.5100121174956,8.3652825439082,13.219802225576
"T25B9.3",0,0,0,0,0,0
"ugt-54",6.59316917378753,4.48157548950443,5.63475964480788,5.19615850672908,3.71790335284809,10.5758417804608
"T25B9.8",2.82564393162323,0.896315097900887,5.63475964480788,3.11769510403745,2.78842751463607,1.3219802225576
"T25B9.9",69.6992169800396,86.0462493984851,61.9823560928867,72.7462190942072,68.7812120276897,59.4891100150918
"inpp-1",2.82564393162323,4.48157548950443,4.8297939812639,4.15692680538327,3.71790335284809,10.5758417804608
"T25C12.3",674.38701834741,808.4762183066,776.791865319944,646.402118237098,630.184618307751,790.544173089442
"dkf-2",52.7453533903003,48.4010152866479,45.883042822007,82.0993044063195,76.2170187333859,72.7089122406678
"T25G3.1",0,0,0,0,1.85895167642405,0
"T25G3.3",73.4667422222039,48.4010152866479,42.6631801678311,65.4715971847865,52.9801227780853,74.0308924632254
"T25G3.4",56.5128786324646,67.2236323425665,39.4433175136552,51.9615850672908,58.5569778073574,54.2011891248614
"T26C5.2",0,0,0,5.19615850672908,13.9421375731803,11.8978220030184
"T26C5.3",10.3606944159518,28.6820831328284,16.9042789344236,16.6277072215331,39.037985204905,6.60990111278798
"T26C5.4",0,1.79263019580177,0,3.11769510403745,0,0
"T26E3.4",19.7795075213626,22.4078774475222,16.0993132708797,24.9415608322996,3.71790335284809,15.8637626706912
"T26G10.1",46.1521842165127,55.571536069855,33.0035922053033,25.9807925336454,22.3074201170885,25.1176242285943
"cpd-2",8.47693179486968,6.27420568530621,12.8794506167037,14.5492438188414,12.0831858967563,0
"npr-15",0,5.37789058740532,4.8297939812639,3.11769510403745,1.85895167642405,1.3219802225576
"T27D12.1",28.2564393162323,20.6152472517204,28.9787638875834,50.922353365945,62.2748811602055,48.913268234631
"T27E9.2",15.0701009686572,15.2373566643151,8.85462229898381,15.5884755201873,13.9421375731803,14.5417824481336
"abcf-2",408.776488774827,456.224384831551,394.433175136552,385.554961199298,367.142956093749,470.624959230504
"sipa-1",53.6872347008413,66.3273172446656,71.6419440554145,54.0400484699825,33.4611301756328,39.6594066767279
"zip-10",3.7675252421643,0,0,2.07846340269163,0,2.64396044511519
"sygl-1",3.7675252421643,9.85946607690976,1.60993132708797,5.19615850672908,3.71790335284809,5.28792089023038
"T27F6.6",18.8376262108215,7.1705207832071,9.6595879625278,12.4707804161498,17.6600409260284,10.5758417804608
"T27F6.7",4.70940655270538,1.79263019580177,1.60993132708797,0,0.929475838212023,9.25386155790317
"T27F6.8",6.59316917378753,10.7557811748106,6.43972530835186,3.11769510403745,1.85895167642405,2.64396044511519
"T28B8.1",71.5829796011218,42.1268096013417,36.2234548594792,84.1777678090112,76.2170187333859,91.2166353564741
"T28B8.3",1.88376262108215,4.48157548950443,5.63475964480788,2.07846340269163,2.78842751463607,6.60990111278798
"T28B11.1",93.2462497435665,89.6315097900887,76.4717380366784,106.001633537273,98.5244388504744,111.046338694838
"grsp-2",0.941881310541076,1.79263019580177,3.21986265417593,0,5.57685502927214,2.64396044511519
"T28C6.7",142.224077891702,120.106223118719,140.868991120197,131.982426070919,147.786658275712,144.095844258778
"T28D6.4",8.47693179486968,12.5484113706124,14.4893819437917,14.5492438188414,17.6600409260284,18.5077231158063
"T28D6.5",16.9538635897394,35.8526039160355,41.0532488407431,19.7454023255705,29.7432268227847,40.9813868992855
"T28D6.6",19.7795075213626,27.7857680349275,20.9291072521436,17.6669389228789,31.6021784992088,26.4396044511519
"T28D6.7",5.65128786324646,3.58526039160355,24.1489699063195,10.3923170134582,1.85895167642405,6.60990111278798
"nra-1",16.0119822791983,22.4078774475222,10.4645536260718,11.431548714804,23.2368959553006,15.8637626706912
"slc-17.4",5.65128786324646,4.48157548950443,4.02482831771991,9.35308531211235,9.29475838212023,14.5417824481336
"T28F3.5",1.88376262108215,3.58526039160355,2.41489699063195,6.2353902080749,3.71790335284809,9.25386155790317
"T28F3.8",15.0701009686572,7.1705207832071,8.04965663543983,12.4707804161498,11.1537100585443,26.4396044511519
"T28F4.1",27.3145580056912,43.9194397971435,32.1986265417593,20.7846340269163,21.3779442788765,42.3033671218431
"T28F4.4",14.1282196581161,9.85946607690976,9.6595879625278,8.31385361076654,9.29475838212023,3.96594066767279
"T28F4.5",31.0820832478555,27.7857680349275,26.5638668969514,65.4715971847865,68.7812120276897,15.8637626706912
"T28H10.2",7.53505048432861,9.85946607690976,8.04965663543983,9.35308531211235,10.2242342203322,7.93188133534558
"T28H10.3",38.6171337321841,39.437864307639,33.0035922053033,43.6477314565243,38.1085093666929,29.0835648962671
"inos-1",103.606944159518,99.4909758669985,109.475330241982,76.9031458995905,105.030769717959,107.080398027165
"VF13D12L.3",16.0119822791983,14.3410415664142,24.1489699063195,24.9415608322996,24.1663717935126,14.5417824481336
"syx-17",4.70940655270538,4.48157548950443,0.804965663543983,3.11769510403745,5.57685502927214,0
"cnc-10",0,0,0.804965663543983,1.03923170134582,2.78842751463607,1.3219802225576
"ebp-2",5.65128786324646,6.27420568530621,0.804965663543983,6.2353902080749,3.71790335284809,5.28792089023038
"adbp-1",7.53505048432861,1.79263019580177,11.2695192896158,0,1.85895167642405,2.64396044511519
"ucr-2.1",151.642890997113,125.484113706124,148.113682092093,122.629340758806,119.902383129351,111.046338694838
"sek-6",0.941881310541076,1.79263019580177,4.8297939812639,2.07846340269163,1.85895167642405,0
"nuo-6",38.6171337321841,43.0231246992426,52.3227681303589,37.4123412484494,54.8390744545093,46.2693077895159
"tofu-5",6.59316917378753,0.896315097900887,1.60993132708797,2.07846340269163,4.64737919106011,0
"W01B6.3",1.88376262108215,1.79263019580177,9.6595879625278,3.11769510403745,2.78842751463607,1.3219802225576
"glb-27",0,0,0,1.03923170134582,4.64737919106011,3.96594066767279
"W01D2.1",8.47693179486968,5.37789058740532,13.6844162802477,17.6669389228789,13.0126617349683,6.60990111278798
"osta-3",10.3606944159518,40.3341794055399,17.7092445979676,22.863097429608,26.9547993081487,25.1176242285943
"mnr-1",7.53505048432861,8.06683588110798,9.6595879625278,9.35308531211235,4.64737919106011,1.3219802225576
"W01F3.2",8.47693179486968,3.58526039160355,3.21986265417593,6.2353902080749,6.50633086748416,1.3219802225576
"mlt-11",0,1.79263019580177,1.60993132708797,149.649364993798,169.164602554588,93.8605958015893
"rpb-11",5.65128786324646,4.48157548950443,4.02482831771991,2.07846340269163,9.29475838212023,0
"W01G7.4",5.65128786324646,5.37789058740532,7.24469097189585,2.07846340269163,6.50633086748416,5.28792089023038
"W02A11.1",9.41881310541076,9.85946607690976,16.9042789344236,13.5100121174956,11.1537100585443,15.8637626706912
"vps-25",8.47693179486968,8.96315097900887,8.04965663543983,11.431548714804,17.6600409260284,17.1857428932487
"toe-4",31.0820832478555,28.6820831328284,23.3440042427755,41.5692680538327,39.037985204905,23.7956440060367
"W02B8.1",4.70940655270538,0.896315097900887,3.21986265417593,5.19615850672908,7.43580670569618,0
"W02B8.2",3.7675252421643,2.68894529370266,7.24469097189585,4.15692680538327,8.3652825439082,15.8637626706912
"W02B12.1",10.3606944159518,6.27420568530621,8.85462229898381,5.19615850672908,12.0831858967563,2.64396044511519
"rga-1",7.53505048432861,7.1705207832071,11.2695192896158,6.2353902080749,4.64737919106011,7.93188133534558
"mfn-1",20.7213888319037,11.6520962727115,15.2943476073357,21.8238657282622,15.8010892496044,31.7275253413823
"W02B12.10",13.1863383475751,6.27420568530621,8.04965663543983,12.4707804161498,10.2242342203322,3.96594066767279
"W02B12.11",15.0701009686572,11.6520962727115,17.7092445979676,8.31385361076654,12.0831858967563,22.4736637834791
"W02D9.2",3.7675252421643,19.7189321538195,15.2943476073357,17.6669389228789,10.2242342203322,10.5758417804608
"W02D9.10",16.0119822791983,23.3041925454231,19.3191759250556,28.0592559363371,16.7305650878164,11.8978220030184
"W03C9.5",0,1.79263019580177,1.60993132708797,3.11769510403745,0,0
"W03C9.6",0,5.37789058740532,2.41489699063195,3.11769510403745,1.85895167642405,2.64396044511519
"W03G11.3",0.941881310541076,0.896315097900887,0,1.03923170134582,2.78842751463607,2.64396044511519
"W03G11.4",39.5590150427252,17.9263019580177,16.9042789344236,33.2554144430661,24.1663717935126,38.3374264541703
"cacn-1",11.3025757264929,8.96315097900887,12.8794506167037,6.2353902080749,13.0126617349683,15.8637626706912
"W04A4.5",30.1402019373144,15.2373566643151,17.7092445979676,5.19615850672908,13.9421375731803,19.8297033383639
"W04A4.6",0,2.68894529370266,0,0,0.929475838212023,0
"W04A8.6",6.59316917378753,17.0299868601169,7.24469097189585,9.35308531211235,9.29475838212023,17.1857428932487
"W04D2.4",4.70940655270538,5.37789058740532,2.41489699063195,1.03923170134582,9.29475838212023,2.64396044511519
"mrps-11",62.164166495711,121.898853314521,80.4965663543983,80.0208410036279,52.9801227780853,92.5386155790317
"rbm-25",37.675252421643,30.4747133286302,43.4681458313751,36.3731095471036,40.896936881329,43.6253473444007
"clec-49",7.53505048432861,6.27420568530621,0.804965663543983,12.4707804161498,8.3652825439082,7.93188133534558
"W04E12.7",2.82564393162323,5.37789058740532,3.21986265417593,12.4707804161498,7.43580670569618,3.96594066767279
"clec-50",110.200113333306,196.293006440294,174.677548989044,143.413974785723,170.0940783928,162.603567374584
"lpr-6",0,0,0,5.19615850672908,7.43580670569618,3.96594066767279
"lpr-5",0,0,3.21986265417593,18.7061706242247,9.29475838212023,2.64396044511519
"lpr-4",0,0,0,4.15692680538327,6.50633086748416,0
"W04G3.5",16.0119822791983,27.7857680349275,18.5142102615116,16.6277072215331,13.0126617349683,21.1516835609215
"sulp-7",5.65128786324646,5.37789058740532,4.02482831771991,5.19615850672908,6.50633086748416,2.64396044511519
"lpr-3",0,0,0,18.7061706242247,22.3074201170885,19.8297033383639
"dhc-4",8.47693179486968,2.68894529370266,2.41489699063195,5.19615850672908,4.64737919106011,2.64396044511519
"W05B5.1",41.4427776638073,74.3941531257736,38.6383518501112,38.4515729497952,41.826412719541,38.3374264541703
"his-74",2.82564393162323,1.79263019580177,4.02482831771991,3.11769510403745,3.71790335284809,2.64396044511519
"ccch-3",3.7675252421643,11.6520962727115,4.02482831771991,3.11769510403745,0.929475838212023,3.96594066767279
"W05B10.4",0,0,0,4.15692680538327,3.71790335284809,0
"W05E10.1",0,0.896315097900887,4.02482831771991,5.19615850672908,0,1.3219802225576
"W05E10.5",0,0.896315097900887,0,0,1.85895167642405,0
"W05H12.1",48.0359468375949,10.7557811748106,28.9787638875834,40.5300363524869,41.826412719541,22.4736637834791
"W06A7.2",10.3606944159518,15.2373566643151,25.7589012334075,17.6669389228789,14.8716134113924,5.28792089023038
"prmt-7",19.7795075213626,17.9263019580177,16.0993132708797,7.27462190942072,19.5189926024525,27.7615846737095
"W06F12.2",26.3726766951501,34.9562888181346,18.5142102615116,14.5492438188414,27.8842751463607,18.5077231158063
"immt-2",0.941881310541076,4.48157548950443,0,5.19615850672908,6.50633086748416,1.3219802225576
"ctps-1",48.977828148136,47.504700188747,40.2482831771991,59.2362069767116,55.7685502927214,43.6253473444007
"ztf-6",18.8376262108215,37.6452341118373,37.8333861865672,21.8238657282622,24.1663717935126,42.3033671218431
"ipla-3",12.244457037034,29.5783982307293,19.3191759250556,4.15692680538327,11.1537100585443,14.5417824481336
"W07A12.4",0,2.68894529370266,0.804965663543983,6.2353902080749,12.0831858967563,1.3219802225576
"rhy-1",0,0,4.02482831771991,1.03923170134582,4.64737919106011,6.60990111278798
"W07E11.1",36.733371111102,52.8825907761523,47.492974149095,59.2362069767116,68.7812120276897,64.7770309053222
"zip-3",10.3606944159518,16.133671762216,13.6844162802477,10.3923170134582,14.8716134113924,14.5417824481336
"W07G4.3",32.9658458689377,28.6820831328284,23.3440042427755,23.9023291309538,40.896936881329,23.7956440060367
"W07G4.5",31.0820832478555,45.7120699929452,30.5886952146714,21.8238657282622,25.0958476317246,26.4396044511519
"dct-15",0.941881310541076,4.48157548950443,1.60993132708797,2.07846340269163,2.78842751463607,3.96594066767279
"catp-6",39.5590150427252,43.0231246992426,34.6135235323913,36.3731095471036,27.8842751463607,33.0495055639399
"mtr-4",73.4667422222039,63.638371950963,73.2518753825024,41.5692680538327,60.4159294837815,77.9968331308982
"W08E3.2",47.0940655270538,63.638371950963,70.8369783918705,57.1577435740199,54.8390744545093,58.1671297925342
"ola-1",112.083875954388,122.795168412422,122.354780858685,112.237023745348,83.6528254390821,89.8946551339165
"W08G11.3",11.3025757264929,4.48157548950443,5.63475964480788,7.27462190942072,7.43580670569618,1.3219802225576
"pptr-1",33.9077271794787,25.9931378391257,29.7837295511274,33.2554144430661,34.3906060138448,21.1516835609215
"W09C5.1",165.771110655229,100.387290964899,146.503750765005,123.668572460152,117.113955614715,100.470496914377
"dkf-1",8.47693179486968,25.9931378391257,23.3440042427755,20.7846340269163,17.6600409260284,27.7615846737095
"W09C5.7",10.3606944159518,8.06683588110798,6.43972530835186,10.3923170134582,8.3652825439082,13.219802225576
"cox-4",121.502689059799,143.410415664142,125.574643512861,145.492438188414,174.74145758386,148.061784926451
"W09D6.5",9.41881310541076,4.48157548950443,18.5142102615116,17.6669389228789,3.71790335284809,2.64396044511519
"W09D10.1",22.6051514529858,16.133671762216,39.4433175136552,20.7846340269163,31.6021784992088,22.4736637834791
"tat-3",33.9077271794787,17.0299868601169,35.4184891959353,28.0592559363371,23.2368959553006,21.1516835609215
"mrpl-12",68.7573356694985,120.106223118719,86.9362916627502,81.0600727049737,93.8770596594143,116.334259585068
"W09D10.4",16.0119822791983,18.8226170559186,19.3191759250556,17.6669389228789,13.0126617349683,11.8978220030184
"zmp-4",7.53505048432861,0.896315097900887,5.63475964480788,10.3923170134582,5.57685502927214,2.64396044511519
"W09G3.1",0.941881310541076,5.37789058740532,0,9.35308531211235,3.71790335284809,14.5417824481336
"maea-1",11.3025757264929,7.1705207832071,8.04965663543983,12.4707804161498,3.71790335284809,10.5758417804608
"W09G3.6",32.9658458689377,27.7857680349275,28.9787638875834,24.9415608322996,26.0253234699366,29.0835648962671
"W09G3.7",4.70940655270538,0.896315097900887,1.60993132708797,2.07846340269163,2.78842751463607,5.28792089023038
"W09G3.8",0,0,0,0,0,0
"mecr-1",27.3145580056912,17.9263019580177,23.3440042427755,23.9023291309538,26.0253234699366,19.8297033383639
"nduf-7",17.8957449002804,23.3041925454231,30.5886952146714,36.3731095471036,47.4032677488132,26.4396044511519
"Y2H9A.4",4.70940655270538,6.27420568530621,0,8.31385361076654,7.43580670569618,3.96594066767279
"ttr-16",334.367865242082,255.449802901753,273.688325604954,339.828766340082,290.925937360363,203.58495427387
"ttr-17",13.1863383475751,12.5484113706124,30.5886952146714,10.3923170134582,14.8716134113924,6.60990111278798
"Y5F2A.4",1.88376262108215,1.79263019580177,4.02482831771991,5.19615850672908,10.2242342203322,0
"agef-1",69.6992169800396,72.6015229299718,86.1313259992062,73.785450795553,61.3454053219935,109.72435847228
"Y6B3B.4",32.9658458689377,20.6152472517204,22.5390385792315,35.3338778457578,25.0958476317246,29.0835648962671
"gpap-1",3.7675252421643,0,12.0744849531597,3.11769510403745,2.78842751463607,2.64396044511519
"Y6B3B.9",14.1282196581161,23.3041925454231,13.6844162802477,20.7846340269163,16.7305650878164,7.93188133534558
"Y6D1A.1",8.47693179486968,16.133671762216,4.8297939812639,4.15692680538327,16.7305650878164,7.93188133534558
"Y6D1A.2",0,0,0,4.15692680538327,2.78842751463607,0
"Y7A5A.1",38.6171337321841,54.6752209719541,48.297939812639,40.5300363524869,39.037985204905,13.219802225576
"Y7A9A.1",7.53505048432861,13.4447264685133,8.04965663543983,9.35308531211235,8.3652825439082,6.60990111278798
"Y9C2UA.1",4.70940655270538,8.96315097900887,10.4645536260718,12.4707804161498,3.71790335284809,1.3219802225576
"Y10G11A.1",8.47693179486968,4.48157548950443,4.8297939812639,5.19615850672908,1.85895167642405,3.96594066767279
"Y11D7A.3",0,0,4.02482831771991,0,1.85895167642405,0
"Y11D7A.9",0,0,0,3.11769510403745,1.85895167642405,0
"Y11D7A.10",8.47693179486968,3.58526039160355,4.02482831771991,4.15692680538327,14.8716134113924,3.96594066767279
"nmy-3",11.3025757264929,7.1705207832071,10.4645536260718,12.4707804161498,14.8716134113924,19.8297033383639
"Y12A6A.1",4.70940655270538,0,0.804965663543983,0,0,3.96594066767279
"Y15E3A.4",43.3265402848895,43.9194397971435,60.3724247657987,62.353902080749,70.6401637041137,52.8792089023038
"Y15E3A.5",3.7675252421643,2.68894529370266,6.43972530835186,15.5884755201873,15.8010892496044,6.60990111278798
"Y16B4A.2",340.019153105328,443.675973460939,456.415531229438,346.064156548157,336.470253432752,382.052284319145
"ash-2",16.0119822791983,6.27420568530621,3.21986265417593,12.4707804161498,25.0958476317246,23.7956440060367
"Y17G7B.3",0,0,3.21986265417593,7.27462190942072,0,0
"dhps-1",3.7675252421643,12.5484113706124,6.43972530835186,3.11769510403745,4.64737919106011,3.96594066767279
"glb-29",0.941881310541076,0,0.804965663543983,1.03923170134582,0.929475838212023,5.28792089023038
"Y17G7B.8",0,4.48157548950443,2.41489699063195,7.27462190942072,5.57685502927214,7.93188133534558
"Y17G7B.10",13.1863383475751,21.5115623496213,13.6844162802477,8.31385361076654,13.0126617349683,10.5758417804608
"arrd-7",5.65128786324646,4.48157548950443,1.60993132708797,4.15692680538327,4.64737919106011,2.64396044511519
"Y17G7B.12",11.3025757264929,8.96315097900887,10.4645536260718,6.2353902080749,4.64737919106011,17.1857428932487
"ippk-1",14.1282196581161,10.7557811748106,8.85462229898381,13.5100121174956,13.0126617349683,11.8978220030184
"Y17G7B.17",52.7453533903003,40.3341794055399,33.8085578688473,63.3931337820948,62.2748811602055,31.7275253413823
"Y17G7B.18",6.59316917378753,0,4.02482831771991,3.11769510403745,0.929475838212023,5.28792089023038
"Y17G7B.20",129.979620854668,114.728332531314,144.088853774373,76.9031458995905,106.889721394383,75.352872685783
"Y17G7B.21",40.5008963532663,37.6452341118373,39.4433175136552,12.4707804161498,13.0126617349683,19.8297033383639
"attf-6",42.3846589743484,21.5115623496213,20.9291072521436,10.3923170134582,16.7305650878164,11.8978220030184
"mxt-1",21.6632701424447,17.9263019580177,25.7589012334075,17.6669389228789,7.43580670569618,29.0835648962671
"Y18D10A.9",6.59316917378753,8.96315097900887,8.04965663543983,9.35308531211235,9.29475838212023,10.5758417804608
"coa-5",1.88376262108215,0,3.21986265417593,0,3.71790335284809,0
"car-1",29.1983206267734,20.6152472517204,36.2234548594792,23.9023291309538,36.2495576902689,10.5758417804608
"nhr-232",10.3606944159518,0.896315097900887,4.02482831771991,0,3.71790335284809,3.96594066767279
"Y24F12A.1",1.88376262108215,8.06683588110798,8.04965663543983,5.19615850672908,3.71790335284809,0
"ragc-1",16.0119822791983,12.5484113706124,21.7340729156875,30.1377193390287,13.9421375731803,6.60990111278798
"Y32B12B.2",19.7795075213626,7.1705207832071,12.8794506167037,12.4707804161498,27.8842751463607,7.93188133534558
"Y32B12B.4",11.3025757264929,8.06683588110798,12.8794506167037,10.3923170134582,10.2242342203322,10.5758417804608
"pap-1",48.977828148136,57.3641662656568,45.078077158463,33.2554144430661,30.6727026609968,34.3714857864975
"Y32F6A.4",31.0820832478555,58.2604813635577,51.5178024668149,22.863097429608,32.5316543374208,64.7770309053222
"Y32F6A.5",93.2462497435665,169.403553503268,151.333544746269,100.805475030544,131.985569026107,107.080398027165
"Y32F6B.1",37.675252421643,27.7857680349275,36.2234548594792,36.3731095471036,24.1663717935126,26.4396044511519
"Y37A1A.2",0.941881310541076,0,1.60993132708797,3.11769510403745,3.71790335284809,1.3219802225576
"Y37A1A.3",3.7675252421643,0,1.60993132708797,2.07846340269163,0,9.25386155790317
"Y37A1B.5",18.8376262108215,18.8226170559186,8.85462229898381,15.5884755201873,14.8716134113924,2.64396044511519
"nkcc-1",27.3145580056912,19.7189321538195,44.2731114949191,48.8438899632534,38.1085093666929,19.8297033383639
"Y37D8A.2",38.6171337321841,30.4747133286302,37.0284205230232,49.8831216645992,47.4032677488132,31.7275253413823
"Y37D8A.3",0.941881310541076,1.79263019580177,0,6.2353902080749,8.3652825439082,1.3219802225576
"Y37D8A.4",12.244457037034,0,7.24469097189585,14.5492438188414,6.50633086748416,3.96594066767279
"Y37D8A.6",11.3025757264929,32.2673435244319,28.9787638875834,14.5492438188414,13.9421375731803,9.25386155790317
"spcs-2",15.0701009686572,23.3041925454231,24.9539355698635,12.4707804161498,26.9547993081487,35.6934660090551
"cec-7",1.88376262108215,4.48157548950443,5.63475964480788,3.11769510403745,6.50633086748416,7.93188133534558
"cox-5A",138.456552649538,182.848279971781,181.92223996094,154.845523500527,170.0940783928,190.365152048294
"Y37D8A.16",8.47693179486968,11.6520962727115,4.8297939812639,22.863097429608,7.43580670569618,22.4736637834791
"npp-25",16.0119822791983,16.133671762216,20.9291072521436,19.7454023255705,34.3906060138448,27.7615846737095
"mrps-10",31.0820832478555,28.6820831328284,20.9291072521436,27.0200242349912,20.4484684406645,23.7956440060367
"rbm-7",7.53505048432861,2.68894529370266,2.41489699063195,3.11769510403745,4.64737919106011,2.64396044511519
"epg-3",35.7914898005609,66.3273172446656,45.883042822007,32.2161827417203,56.6980261309334,59.4891100150918
"Y37H2A.1",6.59316917378753,3.58526039160355,5.63475964480788,4.15692680538327,8.3652825439082,6.60990111278798
"Y37H9A.1",3.7675252421643,4.48157548950443,4.02482831771991,12.4707804161498,4.64737919106011,3.96594066767279
"Y37H9A.3",17.8957449002804,30.4747133286302,29.7837295511274,27.0200242349912,32.5316543374208,48.913268234631
"clec-8",0.941881310541076,0,4.02482831771991,0,0,0
"clec-4",13.1863383475751,22.4078774475222,20.1241415885996,8.31385361076654,14.8716134113924,18.5077231158063
"ceh-100",27.3145580056912,27.7857680349275,12.8794506167037,28.0592559363371,33.4611301756328,15.8637626706912
"lips-15",1.88376262108215,4.48157548950443,4.02482831771991,1.03923170134582,0.929475838212023,5.28792089023038
"nspe-1",9.41881310541076,13.4447264685133,15.2943476073357,23.9023291309538,18.5895167642405,18.5077231158063
"nspe-5",3.7675252421643,2.68894529370266,0,6.2353902080749,0.929475838212023,2.64396044511519
"Y38E10A.20",0.941881310541076,4.48157548950443,0,3.11769510403745,2.78842751463607,6.60990111278798
"Y38E10A.22",77.2342674643682,86.942564496386,81.3015320179423,95.6093165238152,48.3327435870252,93.8605958015893
"Y38E10A.24",0,2.68894529370266,1.60993132708797,2.07846340269163,1.85895167642405,1.3219802225576
"nspe-2",0.941881310541076,0.896315097900887,4.8297939812639,6.2353902080749,5.57685502927214,6.60990111278798
"Y38F1A.2",8.47693179486968,13.4447264685133,7.24469097189585,6.2353902080749,13.0126617349683,10.5758417804608
"hphd-1",148.81724706549,195.396691342393,218.950660483963,150.688596695143,153.363513304984,132.19802225576
"Y38F1A.8",2.82564393162323,5.37789058740532,0,4.15692680538327,5.57685502927214,2.64396044511519
"dct-16",156.352297549819,131.75831939143,158.578235718165,106.001633537273,140.350851570015,103.114457359492
"fbxa-150",1.88376262108215,4.48157548950443,2.41489699063195,2.07846340269163,3.71790335284809,2.64396044511519
"Y38H6C.16",2.82564393162323,0,0.804965663543983,1.03923170134582,0,1.3219802225576
"slc-36.3",0.941881310541076,4.48157548950443,1.60993132708797,3.11769510403745,0,0
"Y38H6C.20",5.65128786324646,3.58526039160355,3.21986265417593,4.15692680538327,8.3652825439082,5.28792089023038
"epg-6",14.1282196581161,8.06683588110798,10.4645536260718,24.9415608322996,26.9547993081487,7.93188133534558
"Y39A1A.3",14.1282196581161,8.06683588110798,14.4893819437917,6.2353902080749,7.43580670569618,9.25386155790317
"rabx-5",12.244457037034,11.6520962727115,4.8297939812639,14.5492438188414,7.43580670569618,9.25386155790317
"mrpl-22",21.6632701424447,15.2373566643151,21.7340729156875,17.6669389228789,8.3652825439082,1.3219802225576
"lron-10",1.88376262108215,1.79263019580177,4.8297939812639,5.19615850672908,6.50633086748416,2.64396044511519
"swt-4",1.88376262108215,5.37789058740532,1.60993132708797,4.15692680538327,0.929475838212023,1.3219802225576
"Y39A1A.9",20.7213888319037,34.9562888181346,19.3191759250556,24.9415608322996,26.0253234699366,54.2011891248614
"orc-1",0.941881310541076,0.896315097900887,1.60993132708797,6.2353902080749,5.57685502927214,1.3219802225576
"Y39A1A.14",9.41881310541076,3.58526039160355,13.6844162802477,8.31385361076654,1.85895167642405,1.3219802225576
"Y39A1A.20",0,0,0.804965663543983,0,0,0
"Y39A1A.21",2.82564393162323,10.7557811748106,1.60993132708797,2.07846340269163,2.78842751463607,0
"Y39A1A.22",16.0119822791983,18.8226170559186,26.5638668969514,18.7061706242247,26.0253234699366,17.1857428932487
"hex-3",13.1863383475751,6.27420568530621,13.6844162802477,8.31385361076654,12.0831858967563,11.8978220030184
"Y39B6A.1",89.4787245014022,77.0830984194763,129.599471830581,139.257047980339,144.998230761076,105.758417804608
"pph-5",16.9538635897394,5.37789058740532,9.6595879625278,11.431548714804,14.8716134113924,13.219802225576
"Y39B6A.3",1.88376262108215,0,4.02482831771991,2.07846340269163,0.929475838212023,1.3219802225576
"Y39B6A.5",2.82564393162323,0.896315097900887,0.804965663543983,1.03923170134582,1.85895167642405,0
"bed-1",10.3606944159518,7.1705207832071,8.04965663543983,11.431548714804,13.0126617349683,1.3219802225576
"Y39B6A.13",0,3.58526039160355,2.41489699063195,2.07846340269163,0,2.64396044511519
"pro-3",115.851401196552,89.6315097900887,105.450501924262,108.080096939965,79.934922086234,79.3188133534558
"Y39B6A.27",1.88376262108215,2.68894529370266,0.804965663543983,5.19615850672908,0,0
"Y39B6A.33",144.107840512785,117.417277825016,126.379609176405,107.040865238619,83.6528254390821,76.6748529083406
"Y39B6A.34",7.53505048432861,7.1705207832071,3.21986265417593,10.3923170134582,19.5189926024525,9.25386155790317
"gtf-2F2",10.3606944159518,5.37789058740532,12.8794506167037,5.19615850672908,3.71790335284809,5.28792089023038
"reps-1",3.7675252421643,12.5484113706124,6.43972530835186,7.27462190942072,7.43580670569618,17.1857428932487
"mrps-35",22.6051514529858,22.4078774475222,40.2482831771991,38.4515729497952,29.7432268227847,23.7956440060367
"nhr-145",0,0.896315097900887,0,4.15692680538327,4.64737919106011,6.60990111278798
"mlt-3",2.82564393162323,4.48157548950443,2.41489699063195,5.19615850672908,4.64737919106011,5.28792089023038
"ttm-1",10.3606944159518,21.5115623496213,12.0744849531597,14.5492438188414,8.3652825439082,17.1857428932487
"bckd-1A",98.897537606813,134.447264685133,124.769677849317,127.825499265535,127.338189835047,138.807923368548
"abce-1",120.560807749258,148.788306251547,146.503750765005,102.883938433236,131.056093187895,105.758417804608
"snpc-1.2",9.41881310541076,4.48157548950443,4.8297939812639,5.19615850672908,3.71790335284809,1.3219802225576
"Y39E4B.5",4.70940655270538,12.5484113706124,0,5.19615850672908,3.71790335284809,0
"Y39E4B.6",8.47693179486968,4.48157548950443,4.8297939812639,9.35308531211235,7.43580670569618,2.64396044511519
"dhhc-8",18.8376262108215,17.0299868601169,24.9539355698635,42.6084997551785,24.1663717935126,26.4396044511519
"Y39E4B.10",8.47693179486968,6.27420568530621,1.60993132708797,8.31385361076654,5.57685502927214,3.96594066767279
"Y39G8B.1",17.8957449002804,27.7857680349275,37.0284205230232,36.3731095471036,38.1085093666929,27.7615846737095
"Y39G8B.9",17.8957449002804,19.7189321538195,21.7340729156875,24.9415608322996,12.0831858967563,17.1857428932487
"xrn-1",98.897537606813,104.868866454404,106.255467587806,94.5700848224694,94.8065354976263,92.5386155790317
"Y40B1A.3",10.3606944159518,14.3410415664142,16.0993132708797,9.35308531211235,11.1537100585443,26.4396044511519
"sptf-3",49.919709458677,76.1867833215754,50.7128368032709,47.8046582619076,52.0506469398733,62.133070460207
"eif-3.J",31.0820832478555,24.2005076433239,28.9787638875834,25.9807925336454,29.7432268227847,33.0495055639399
"Y40B1B.7",27.3145580056912,9.85946607690976,16.0993132708797,15.5884755201873,18.5895167642405,10.5758417804608
"slc-25A46",7.53505048432861,26.8894529370266,20.1241415885996,17.6669389228789,13.9421375731803,15.8637626706912
"Y40H7A.10",1.88376262108215,0,0,1.03923170134582,4.64737919106011,1.3219802225576
"faah-6",1.88376262108215,1.79263019580177,0.804965663543983,7.27462190942072,7.43580670569618,0
"Y41C4A.9",16.9538635897394,30.4747133286302,24.1489699063195,19.7454023255705,10.2242342203322,11.8978220030184
"Y41C4A.12",1.88376262108215,2.68894529370266,0.804965663543983,1.03923170134582,0.929475838212023,0
"sup-1",5.65128786324646,8.96315097900887,8.04965663543983,8.31385361076654,11.1537100585443,3.96594066767279
"Y41E3.1",27.3145580056912,32.2673435244319,30.5886952146714,13.5100121174956,27.8842751463607,26.4396044511519
"atln-2",6.59316917378753,0,0,0,0,9.25386155790317
"Y41E3.7",15.0701009686572,21.5115623496213,22.5390385792315,21.8238657282622,16.7305650878164,25.1176242285943
"Y41E3.8",2.82564393162323,5.37789058740532,0.804965663543983,0,0.929475838212023,2.64396044511519
"fcd-2",9.41881310541076,6.27420568530621,11.2695192896158,20.7846340269163,1.85895167642405,18.5077231158063
"eef-1B.2",171.422398518476,143.410415664142,152.138510409813,198.493254957051,159.869844172468,134.841982700875
"hrpu-1",94.1881310541076,149.684621349448,103.840570597174,95.6093165238152,86.4412529537181,122.944160697856
"Y42A5A.1",11.3025757264929,3.58526039160355,0,8.31385361076654,5.57685502927214,1.3219802225576
"lact-8",5.65128786324646,0,0.804965663543983,5.19615850672908,3.71790335284809,5.28792089023038
"Y42A5A.3",2.82564393162323,0,1.60993132708797,5.19615850672908,0.929475838212023,3.96594066767279
"cdkl-1",2.82564393162323,3.58526039160355,4.02482831771991,2.07846340269163,3.71790335284809,5.28792089023038
"Y43C5A.2",53.6872347008413,66.3273172446656,62.7873217564307,75.8639141982446,75.2875428951738,72.7089122406678
"Y43C5A.3",5.65128786324646,1.79263019580177,0,7.27462190942072,13.0126617349683,2.64396044511519
"Y43E12A.2",69.6992169800396,88.7351946921878,42.6631801678311,46.7654265605618,55.7685502927214,44.9473275669583
"Y43F4A.1",0.941881310541076,0,0.804965663543983,6.2353902080749,0,1.3219802225576
"set-25",9.41881310541076,15.2373566643151,12.0744849531597,5.19615850672908,6.50633086748416,26.4396044511519
"Y43F4B.5",57.4547599430056,88.7351946921878,68.4220814012386,43.6477314565243,68.7812120276897,70.0649517955526
"Y43F4B.7",15.0701009686572,15.2373566643151,8.85462229898381,13.5100121174956,7.43580670569618,19.8297033383639
"Y43F4B.9",0.941881310541076,1.79263019580177,2.41489699063195,3.11769510403745,2.78842751463607,0
"Y43F4B.10",2.82564393162323,3.58526039160355,1.60993132708797,1.03923170134582,0.929475838212023,0
"Y43F8A.5",4.70940655270538,0,2.41489699063195,2.07846340269163,0,3.96594066767279
"Y43F8B.1",68.7573356694985,83.3573041047825,63.5922874199747,69.6285239901697,65.9927845130536,43.6253473444007
"Y43F8B.2",126.212095612504,107.557811748106,82.9114633450302,104.962401835928,111.537100585443,91.2166353564741
"Y43F8B.3",0,0,0,5.19615850672908,3.71790335284809,3.96594066767279
"Y43F8B.11",0.941881310541076,0,0.804965663543983,1.03923170134582,0.929475838212023,2.64396044511519
"Y43F8C.3",8.47693179486968,8.96315097900887,12.0744849531597,3.11769510403745,10.2242342203322,11.8978220030184
"dyf-19",0.941881310541076,0.896315097900887,0,11.431548714804,4.64737919106011,5.28792089023038
"Y43F8C.6",10.3606944159518,2.68894529370266,5.63475964480788,4.15692680538327,0.929475838212023,3.96594066767279
"Y43F8C.7",19.7795075213626,7.1705207832071,10.4645536260718,21.8238657282622,10.2242342203322,15.8637626706912
"mrps-28",7.53505048432861,19.7189321538195,4.02482831771991,6.2353902080749,14.8716134113924,13.219802225576
"Y43F8C.13",16.9538635897394,33.1636586223328,19.3191759250556,15.5884755201873,30.6727026609968,17.1857428932487
"ani-3",1.88376262108215,6.27420568530621,0.804965663543983,4.15692680538327,4.64737919106011,7.93188133534558
"grsp-1",0,0.896315097900887,0,0,1.85895167642405,0
"Y44A6C.1",18.8376262108215,11.6520962727115,7.24469097189585,20.7846340269163,24.1663717935126,17.1857428932487
"Y44A6D.2",8.47693179486968,15.2373566643151,23.3440042427755,6.2353902080749,13.0126617349683,14.5417824481336
"Y44A6D.3",14.1282196581161,10.7557811748106,10.4645536260718,7.27462190942072,17.6600409260284,5.28792089023038
"pbo-5",1.88376262108215,0.896315097900887,1.60993132708797,6.2353902080749,4.64737919106011,1.3219802225576
"Y44F5A.1",11.3025757264929,8.06683588110798,9.6595879625278,9.35308531211235,8.3652825439082,2.64396044511519
"acdh-11",20.7213888319037,12.5484113706124,12.0744849531597,13.5100121174956,5.57685502927214,7.93188133534558
"Y45F3A.4",0,5.37789058740532,3.21986265417593,5.19615850672908,8.3652825439082,7.93188133534558
"seld-1",1.88376262108215,0.896315097900887,6.43972530835186,5.19615850672908,6.50633086748416,2.64396044511519
"tbc-9",20.7213888319037,31.371028426531,33.0035922053033,36.3731095471036,13.9421375731803,21.1516835609215
"Y45F10A.7",6.59316917378753,13.4447264685133,7.24469097189585,13.5100121174956,13.0126617349683,9.25386155790317
"Y45F10B.13",39.5590150427252,31.371028426531,41.8582145042871,32.2161827417203,33.4611301756328,25.1176242285943
"Y45F10D.4",12.244457037034,18.8226170559186,10.4645536260718,17.6669389228789,13.9421375731803,17.1857428932487
"Y45F10D.6",0,3.58526039160355,1.60993132708797,9.35308531211235,0,0
"Y45F10D.7",76.2923861538272,38.5415492097381,53.1277337939029,18.7061706242247,32.5316543374208,39.6594066767279
"sas-6",7.53505048432861,0.896315097900887,1.60993132708797,3.11769510403745,11.1537100585443,1.3219802225576
"icap-1",0.941881310541076,2.68894529370266,0.804965663543983,0,2.78842751463607,2.64396044511519
"lact-9",2.82564393162323,7.1705207832071,3.21986265417593,13.5100121174956,3.71790335284809,13.219802225576
"sorb-1",19.7795075213626,14.3410415664142,32.1986265417593,16.6277072215331,34.3906060138448,37.0154462316127
"tbc-17",64.9898104273342,54.6752209719541,45.883042822007,41.5692680538327,46.4737919106011,48.913268234631
"cox-10",12.244457037034,17.0299868601169,19.3191759250556,23.9023291309538,4.64737919106011,14.5417824481336
"snrp-200",262.78488564096,238.419816041636,251.954252689267,168.355535618022,203.555208568433,240.600400505482
"pisy-1",10.3606944159518,14.3410415664142,13.6844162802477,10.3923170134582,9.29475838212023,19.8297033383639
"cnp-2",1.88376262108215,2.68894529370266,6.43972530835186,5.19615850672908,1.85895167642405,6.60990111278798
"vps-2",4.70940655270538,23.3041925454231,12.8794506167037,9.35308531211235,7.43580670569618,23.7956440060367
"tiar-2",6.59316917378753,12.5484113706124,8.85462229898381,7.27462190942072,15.8010892496044,19.8297033383639
"cpt-1",207.213888319037,194.500376244492,146.503750765005,293.06333977952,309.515454124604,263.074064288962
"Y46G5A.18",15.0701009686572,15.2373566643151,4.8297939812639,12.4707804161498,10.2242342203322,5.28792089023038
"spds-1",15.0701009686572,16.133671762216,12.8794506167037,2.07846340269163,11.1537100585443,11.8978220030184
"acl-7",16.9538635897394,14.3410415664142,23.3440042427755,20.7846340269163,17.6600409260284,15.8637626706912
"Y46G5A.29",0,0,0.804965663543983,4.15692680538327,1.85895167642405,1.3219802225576
"alkb-7",0.941881310541076,2.68894529370266,0.804965663543983,8.31385361076654,2.78842751463607,0
"fbxa-128",0.941881310541076,3.58526039160355,2.41489699063195,0,0,0
"aakb-2",10.3606944159518,18.8226170559186,20.9291072521436,20.7846340269163,16.7305650878164,17.1857428932487
"rsks-1",77.2342674643682,65.4310021467647,64.3972530835186,77.9423776009363,76.2170187333859,54.2011891248614
"obr-1",11.3025757264929,18.8226170559186,24.9539355698635,5.19615850672908,20.4484684406645,14.5417824481336
"Y47D3A.21",14.1282196581161,26.8894529370266,24.1489699063195,15.5884755201873,12.0831858967563,21.1516835609215
"gly-9",16.9538635897394,23.3041925454231,14.4893819437917,18.7061706242247,8.3652825439082,27.7615846737095
"mcm-10",7.53505048432861,2.68894529370266,0.804965663543983,3.11769510403745,0,0
"pola-1",24.488914074068,29.5783982307293,31.3936608782153,27.0200242349912,25.0958476317246,40.9813868992855
"subs-4",0.941881310541076,0.896315097900887,0,3.11769510403745,0.929475838212023,0
"bed-2",4.70940655270538,13.4447264685133,15.2943476073357,20.7846340269163,8.3652825439082,10.5758417804608
"dhhc-2",2.82564393162323,8.96315097900887,9.6595879625278,3.11769510403745,4.64737919106011,0
"eif-2Bbeta",8.47693179486968,3.58526039160355,12.0744849531597,13.5100121174956,13.0126617349683,5.28792089023038
"Y47H9C.8",9.41881310541076,0.896315097900887,10.4645536260718,5.19615850672908,5.57685502927214,18.5077231158063
"Y47H10A.4",6.59316917378753,10.7557811748106,11.2695192896158,2.07846340269163,6.50633086748416,7.93188133534558
"Y48A6B.3",48.0359468375949,70.8088927341701,52.3227681303589,71.7069873928614,47.4032677488132,40.9813868992855
"exos-1",9.41881310541076,2.68894529370266,4.8297939812639,7.27462190942072,3.71790335284809,2.64396044511519
"kvs-4",4.70940655270538,2.68894529370266,4.02482831771991,5.19615850672908,9.29475838212023,2.64396044511519
"Y48A6B.7",9.41881310541076,15.2373566643151,20.1241415885996,4.15692680538327,6.50633086748416,3.96594066767279
"Y48A6B.9",0.941881310541076,0,0.804965663543983,1.03923170134582,0,0
"rsa-2",8.47693179486968,6.27420568530621,1.60993132708797,14.5492438188414,10.2242342203322,7.93188133534558
"spat-2",97.9556562962719,58.2604813635577,71.6419440554145,66.5108288861323,92.0181079829903,54.2011891248614
"sup-35",14.1282196581161,7.1705207832071,2.41489699063195,5.19615850672908,8.3652825439082,10.5758417804608
"Y48A6C.4",20.7213888319037,31.371028426531,23.3440042427755,24.9415608322996,17.6600409260284,37.0154462316127
"Y48B6A.1",122.44457037034,151.47725154525,139.259059793109,97.6877799265068,77.1464945715979,99.1485166918197
"efhd-1",18.8376262108215,21.5115623496213,9.6595879625278,20.7846340269163,20.4484684406645,25.1176242285943
"jmjd-2",14.1282196581161,40.3341794055399,25.7589012334075,18.7061706242247,14.8716134113924,19.8297033383639
"men-1",87.5949618803201,86.942564496386,71.6419440554145,89.3739263157403,54.8390744545093,80.6407935760134
"Y48B6A.13",4.70940655270538,14.3410415664142,8.04965663543983,2.07846340269163,13.9421375731803,6.60990111278798
"Y48C3A.3",24.488914074068,12.5484113706124,20.9291072521436,24.9415608322996,25.0958476317246,15.8637626706912
"ztf-22",37.675252421643,49.2973303845488,29.7837295511274,22.863097429608,26.0253234699366,31.7275253413823
"Y48C3A.5",5.65128786324646,7.1705207832071,8.04965663543983,6.2353902080749,11.1537100585443,2.64396044511519
"sam-10",17.8957449002804,7.1705207832071,13.6844162802477,15.5884755201873,13.0126617349683,10.5758417804608
"mrpl-20",9.41881310541076,5.37789058740532,4.8297939812639,3.11769510403745,2.78842751463607,2.64396044511519
"dmsr-3",0,5.37789058740532,3.21986265417593,5.19615850672908,0.929475838212023,10.5758417804608
"Y48C3A.12",32.9658458689377,32.2673435244319,27.3688325604954,30.1377193390287,39.967461043117,17.1857428932487
"Y48C3A.14",11.3025757264929,17.0299868601169,21.7340729156875,20.7846340269163,19.5189926024525,10.5758417804608
"pinn-4",10.3606944159518,9.85946607690976,4.8297939812639,10.3923170134582,13.0126617349683,5.28792089023038
"Y48C3A.18",12.244457037034,2.68894529370266,7.24469097189585,2.07846340269163,3.71790335284809,5.28792089023038
"Y48C3A.20",8.47693179486968,8.96315097900887,8.04965663543983,1.03923170134582,5.57685502927214,3.96594066767279
"rpoa-1",146.933484444408,121.00253821662,107.865398914894,81.0600727049737,90.1591563065662,89.8946551339165
"ddl-2",10.3606944159518,3.58526039160355,8.04965663543983,9.35308531211235,7.43580670569618,3.96594066767279
"Y48E1B.2",26.3726766951501,26.8894529370266,37.0284205230232,24.9415608322996,24.1663717935126,35.6934660090551
"Y48E1B.3",8.47693179486968,14.3410415664142,6.43972530835186,11.431548714804,8.3652825439082,5.28792089023038
"mrpl-37",24.488914074068,15.2373566643151,33.8085578688473,43.6477314565243,26.0253234699366,23.7956440060367
"lin-38",14.1282196581161,15.2373566643151,4.8297939812639,14.5492438188414,12.0831858967563,13.219802225576
"clec-146",2.82564393162323,0,4.02482831771991,1.03923170134582,4.64737919106011,2.64396044511519
"snx-14",29.1983206267734,23.3041925454231,31.3936608782153,29.0984876376829,37.1790335284809,21.1516835609215
"Y48E1C.1",4.70940655270538,2.68894529370266,3.21986265417593,8.31385361076654,5.57685502927214,2.64396044511519
"Y48E1C.2",6.59316917378753,4.48157548950443,2.41489699063195,9.35308531211235,3.71790335284809,2.64396044511519
"Y48E1C.4",6.59316917378753,8.06683588110798,10.4645536260718,8.31385361076654,7.43580670569618,10.5758417804608
"Y48G10A.1",2.82564393162323,17.0299868601169,8.85462229898381,11.431548714804,11.1537100585443,2.64396044511519
"Y48G10A.2",4.70940655270538,0,2.41489699063195,4.15692680538327,0,3.96594066767279
"Y48G10A.3",14.1282196581161,25.9931378391257,22.5390385792315,17.6669389228789,23.2368959553006,15.8637626706912
"Y48G10A.4",18.8376262108215,18.8226170559186,14.4893819437917,6.2353902080749,8.3652825439082,7.93188133534558
"cept-2",12.244457037034,6.27420568530621,7.24469097189585,6.2353902080749,11.1537100585443,9.25386155790317
"vha-13",539.697990940037,755.593627530448,639.142736853922,677.579069277473,673.869982703716,664.956051946471
"Y49A3A.3",7.53505048432861,3.58526039160355,2.41489699063195,7.27462190942072,7.43580670569618,3.96594066767279
"glrx-5",18.8376262108215,9.85946607690976,12.0744849531597,15.5884755201873,21.3779442788765,14.5417824481336
"tat-1",61.2222851851699,34.9562888181346,49.102905476183,42.6084997551785,46.4737919106011,33.0495055639399
"Y49E10.16",7.53505048432861,17.0299868601169,12.8794506167037,9.35308531211235,11.1537100585443,13.219802225576
"Y49E10.18",15.0701009686572,7.1705207832071,25.7589012334075,13.5100121174956,4.64737919106011,9.25386155790317
"ani-1",69.6992169800396,53.7789058740532,49.9078711397269,33.2554144430661,40.896936881329,47.5912880120735
"scav-3",23.5470327635269,15.2373566643151,12.0744849531597,30.1377193390287,17.6600409260284,13.219802225576
"Y49E10.21",9.41881310541076,9.85946607690976,8.85462229898381,6.2353902080749,10.2242342203322,10.5758417804608
"cccp-1",15.0701009686572,17.9263019580177,14.4893819437917,29.0984876376829,12.0831858967563,10.5758417804608
"Y50E8A.1",0,0,0,2.07846340269163,0,0
"Y51A2D.7",14.1282196581161,5.37789058740532,8.04965663543983,2.07846340269163,8.3652825439082,10.5758417804608
"ttr-24",12.244457037034,5.37789058740532,8.85462229898381,6.2353902080749,4.64737919106011,0
"ttr-25",8.47693179486968,7.1705207832071,8.85462229898381,3.11769510403745,10.2242342203322,1.3219802225576
"ttr-26",28.2564393162323,49.2973303845488,27.3688325604954,35.3338778457578,23.2368959553006,47.5912880120735
"Y51A2D.13",3.7675252421643,16.133671762216,12.0744849531597,12.4707804161498,24.1663717935126,7.93188133534558
"Y51A2D.14",9.41881310541076,5.37789058740532,10.4645536260718,8.31385361076654,1.85895167642405,1.3219802225576
"grdn-1",15.0701009686572,11.6520962727115,5.63475964480788,14.5492438188414,4.64737919106011,6.60990111278798
"Y51A2D.18",9.41881310541076,10.7557811748106,8.04965663543983,3.11769510403745,9.29475838212023,6.60990111278798
"Y51B9A.6",3.7675252421643,1.79263019580177,2.41489699063195,3.11769510403745,0.929475838212023,2.64396044511519
"cup-14",23.5470327635269,25.0968227412248,28.9787638875834,30.1377193390287,42.755888557753,25.1176242285943
"Y51H1A.3",34.8496084900198,37.6452341118373,37.8333861865672,40.5300363524869,32.5316543374208,35.6934660090551
"ing-3",10.3606944159518,3.58526039160355,7.24469097189585,9.35308531211235,11.1537100585443,5.28792089023038
"mcd-1",11.3025757264929,22.4078774475222,16.0993132708797,15.5884755201873,12.0831858967563,15.8637626706912
"Y51H4A.7",9.41881310541076,3.58526039160355,8.04965663543983,12.4707804161498,10.2242342203322,3.96594066767279
"Y51H4A.8",3.7675252421643,5.37789058740532,0.804965663543983,6.2353902080749,6.50633086748416,9.25386155790317
"set-26",49.919709458677,80.6683588110798,92.571051307558,61.3146703794032,52.0506469398733,96.5045562467045
"Y51H4A.15",5.65128786324646,7.1705207832071,8.85462229898381,14.5492438188414,6.50633086748416,7.93188133534558
"sta-1",10.3606944159518,7.1705207832071,7.24469097189585,16.6277072215331,9.29475838212023,2.64396044511519
"Y51H4A.24",2.82564393162323,3.58526039160355,0.804965663543983,0,2.78842751463607,0
"impt-1",1.88376262108215,4.48157548950443,0,4.15692680538327,1.85895167642405,1.3219802225576
"Y52B11A.3",7.53505048432861,3.58526039160355,1.60993132708797,8.31385361076654,7.43580670569618,17.1857428932487
"Y52B11A.4",20.7213888319037,18.8226170559186,17.7092445979676,20.7846340269163,20.4484684406645,29.0835648962671
"Y52B11A.8",1.88376262108215,0,5.63475964480788,0,0,1.3219802225576
"dxbp-1",4.70940655270538,2.68894529370266,8.85462229898381,3.11769510403745,6.50633086748416,2.64396044511519
"Y52B11A.10",51.8034720797592,33.1636586223328,47.492974149095,18.7061706242247,22.3074201170885,22.4736637834791
"Y52B11C.1",23.5470327635269,28.6820831328284,10.4645536260718,25.9807925336454,21.3779442788765,15.8637626706912
"strd-1",3.7675252421643,16.133671762216,10.4645536260718,8.31385361076654,1.85895167642405,10.5758417804608
"rga-2",13.1863383475751,9.85946607690976,3.21986265417593,9.35308531211235,7.43580670569618,7.93188133534558
"Y53C10A.5",10.3606944159518,12.5484113706124,11.2695192896158,9.35308531211235,14.8716134113924,9.25386155790317
"Y53C10A.6",6.59316917378753,0,1.60993132708797,2.07846340269163,1.85895167642405,0
"Y53C12A.3",2.82564393162323,4.48157548950443,4.02482831771991,4.15692680538327,1.85895167642405,10.5758417804608
"mop-25.2",14.1282196581161,9.85946607690976,7.24469097189585,6.2353902080749,7.43580670569618,7.93188133534558
"Y53C12B.1",32.0239645583966,27.7857680349275,18.5142102615116,17.6669389228789,13.0126617349683,15.8637626706912
"pno-1",83.8274366381558,43.9194397971435,65.2022187470626,83.1385361076654,73.4285912187498,43.6253473444007
"pole-4",0.941881310541076,8.06683588110798,2.41489699063195,5.19615850672908,9.29475838212023,0
"nsun-5",4.70940655270538,11.6520962727115,16.0993132708797,4.15692680538327,2.78842751463607,3.96594066767279
"Y53F4B.9",5.65128786324646,10.7557811748106,19.3191759250556,13.5100121174956,14.8716134113924,6.60990111278798
"Y53F4B.12",4.70940655270538,17.9263019580177,6.43972530835186,6.2353902080749,18.5895167642405,19.8297033383639
"Y53F4B.13",34.8496084900198,15.2373566643151,22.5390385792315,11.431548714804,15.8010892496044,18.5077231158063
"Y53F4B.14",0.941881310541076,7.1705207832071,9.6595879625278,2.07846340269163,12.0831858967563,6.60990111278798
"Y53F4B.18",18.8376262108215,25.9931378391257,36.2234548594792,16.6277072215331,25.0958476317246,35.6934660090551
"Y53F4B.21",20.7213888319037,20.6152472517204,23.3440042427755,9.35308531211235,3.71790335284809,11.8978220030184
"arp-1",40.5008963532663,44.8157548950443,37.8333861865672,36.3731095471036,42.755888557753,44.9473275669583
"Y53F4B.39",16.0119822791983,22.4078774475222,32.1986265417593,15.5884755201873,17.6600409260284,6.60990111278798
"rsy-1",30.1402019373144,14.3410415664142,20.1241415885996,21.8238657282622,26.0253234699366,21.1516835609215
"Y53H1A.2",0,0,1.60993132708797,0,0.929475838212023,0
"cutl-10",3.7675252421643,10.7557811748106,5.63475964480788,8.31385361076654,2.78842751463607,11.8978220030184
"Y53H1B.2",7.53505048432861,21.5115623496213,10.4645536260718,10.3923170134582,10.2242342203322,25.1176242285943
"npr-34",2.82564393162323,0,2.41489699063195,3.11769510403745,0.929475838212023,2.64396044511519
"smg-9",1.88376262108215,2.68894529370266,0.804965663543983,6.2353902080749,1.85895167642405,0
"Y54E2A.4",60.2804038746289,72.6015229299718,80.4965663543983,82.0993044063195,48.3327435870252,58.1671297925342
"tbc-20",7.53505048432861,5.37789058740532,12.0744849531597,6.2353902080749,5.57685502927214,6.60990111278798
"ttm-5",1.88376262108215,5.37789058740532,4.02482831771991,4.15692680538327,0,1.3219802225576
"Y54E5A.5",23.5470327635269,16.133671762216,16.0993132708797,19.7454023255705,15.8010892496044,5.28792089023038
"dus-2",4.70940655270538,2.68894529370266,5.63475964480788,4.15692680538327,9.29475838212023,11.8978220030184
"Y54E5A.7",3.7675252421643,7.1705207832071,8.85462229898381,5.19615850672908,5.57685502927214,5.28792089023038
"Y54E5A.8",7.53505048432861,8.96315097900887,19.3191759250556,14.5492438188414,8.3652825439082,23.7956440060367
"Y54E5B.2",13.1863383475751,3.58526039160355,5.63475964480788,4.15692680538327,2.78842751463607,0
"bub-3",17.8957449002804,25.9931378391257,17.7092445979676,12.4707804161498,24.1663717935126,15.8637626706912
"Y54G9A.7",25.4307953846091,36.7489190139364,44.2731114949191,25.9807925336454,42.755888557753,15.8637626706912
"Y54G11A.1",5.65128786324646,3.58526039160355,4.02482831771991,1.03923170134582,7.43580670569618,1.3219802225576
"Y54G11A.2",18.8376262108215,12.5484113706124,12.0744849531597,15.5884755201873,25.0958476317246,10.5758417804608
"Y54G11A.4",12.244457037034,9.85946607690976,9.6595879625278,22.863097429608,13.0126617349683,5.28792089023038
"Y54G11A.7",15.0701009686572,17.0299868601169,24.9539355698635,17.6669389228789,20.4484684406645,23.7956440060367
"ddl-3",39.5590150427252,42.1268096013417,39.4433175136552,40.5300363524869,34.3906060138448,44.9473275669583
"Y54G11A.9",0.941881310541076,0.896315097900887,0,1.03923170134582,0,3.96594066767279
"Y54G11A.11",1.88376262108215,0,6.43972530835186,0,0,0
"dmsr-6",0.941881310541076,0.896315097900887,0,4.15692680538327,1.85895167642405,0
"efa-6",26.3726766951501,9.85946607690976,19.3191759250556,28.0592559363371,17.6600409260284,26.4396044511519
"Y55D9A.2",1.88376262108215,10.7557811748106,1.60993132708797,0,2.78842751463607,9.25386155790317
"Y56A3A.2",34.8496084900198,54.6752209719541,37.8333861865672,47.8046582619076,20.4484684406645,26.4396044511519
"Y56A3A.6",14.1282196581161,15.2373566643151,12.0744849531597,13.5100121174956,16.7305650878164,22.4736637834791
"Y56A3A.7",32.0239645583966,26.8894529370266,26.5638668969514,18.7061706242247,29.7432268227847,34.3714857864975
"faah-4",17.8957449002804,25.9931378391257,10.4645536260718,16.6277072215331,30.6727026609968,33.0495055639399
"Y56A3A.16",3.7675252421643,2.68894529370266,3.21986265417593,2.07846340269163,7.43580670569618,0
"Y56A3A.18",31.0820832478555,40.3341794055399,36.2234548594792,24.9415608322996,32.5316543374208,27.7615846737095
"Y56A3A.19",24.488914074068,23.3041925454231,20.9291072521436,28.0592559363371,18.5895167642405,23.7956440060367
"trap-4",47.0940655270538,26.8894529370266,31.3936608782153,43.6477314565243,38.1085093666929,42.3033671218431
"Y56A3A.22",3.7675252421643,7.1705207832071,2.41489699063195,13.5100121174956,8.3652825439082,3.96594066767279
"Y56A3A.28",8.47693179486968,0.896315097900887,12.8794506167037,3.11769510403745,13.0126617349683,0
"ung-1",3.7675252421643,3.58526039160355,0,4.15692680538327,0.929475838212023,0
"Y56A3A.30",9.41881310541076,7.1705207832071,5.63475964480788,6.2353902080749,3.71790335284809,0
"Y56A3A.31",12.244457037034,7.1705207832071,11.2695192896158,11.431548714804,11.1537100585443,3.96594066767279
"Y57A10A.8",0.941881310541076,3.58526039160355,5.63475964480788,1.03923170134582,7.43580670569618,0
"tric-1B.1",25.4307953846091,23.3041925454231,24.1489699063195,25.9807925336454,21.3779442788765,29.0835648962671
"Y57A10A.13",18.8376262108215,25.9931378391257,13.6844162802477,15.5884755201873,18.5895167642405,29.0835648962671
"Y57A10A.14",4.70940655270538,0.896315097900887,3.21986265417593,0,0,0
"polg-1",8.47693179486968,3.58526039160355,4.8297939812639,10.3923170134582,0.929475838212023,5.28792089023038
"trpp-5",1.88376262108215,2.68894529370266,0.804965663543983,5.19615850672908,0.929475838212023,7.93188133534558
"rsr-2",34.8496084900198,12.5484113706124,18.5142102615116,27.0200242349912,14.8716134113924,7.93188133534558
"sinh-1",0.941881310541076,0.896315097900887,1.60993132708797,5.19615850672908,1.85895167642405,2.64396044511519
"txdc-12.1",1.88376262108215,2.68894529370266,4.02482831771991,12.4707804161498,14.8716134113924,15.8637626706912
"parn-2",7.53505048432861,7.1705207832071,4.8297939812639,6.2353902080749,3.71790335284809,5.28792089023038
"Y57A10A.26",28.2564393162323,38.5415492097381,37.8333861865672,37.4123412484494,34.3906060138448,42.3033671218431
"Y57A10A.27",42.3846589743484,50.1936454824497,41.8582145042871,23.9023291309538,23.2368959553006,27.7615846737095
"tric-1B.2",3.7675252421643,10.7557811748106,8.04965663543983,10.3923170134582,11.1537100585443,9.25386155790317
"Y57A10A.29",1.88376262108215,1.79263019580177,0,7.27462190942072,2.78842751463607,0
"Y57A10A.31",4.70940655270538,11.6520962727115,3.21986265417593,2.07846340269163,11.1537100585443,2.64396044511519
"5-Mar",4.70940655270538,4.48157548950443,4.8297939812639,8.31385361076654,3.71790335284809,10.5758417804608
"btb-14",4.70940655270538,10.7557811748106,9.6595879625278,9.35308531211235,10.2242342203322,6.60990111278798
"daf-22",15.0701009686572,14.3410415664142,24.1489699063195,14.5492438188414,15.8010892496044,18.5077231158063
"tag-273",29.1983206267734,29.5783982307293,20.9291072521436,37.4123412484494,29.7432268227847,30.4055451188247
"Y57G11A.4",7.53505048432861,7.1705207832071,17.7092445979676,12.4707804161498,9.29475838212023,2.64396044511519
"Y57G11B.2",0,0.896315097900887,0,0,0.929475838212023,0
"Y57G11C.3",15.0701009686572,14.3410415664142,18.5142102615116,21.8238657282622,16.7305650878164,13.219802225576
"vti-1",10.3606944159518,7.1705207832071,3.21986265417593,7.27462190942072,2.78842751463607,5.28792089023038
"Y57G11C.9",54.6291160113824,41.2304945034408,33.0035922053033,46.7654265605618,46.4737919106011,34.3714857864975
"nuo-3",32.0239645583966,38.5415492097381,26.5638668969514,31.1769510403745,39.967461043117,46.2693077895159
"sec-61",309.878951168014,416.786520523912,348.550132314545,410.496522031598,457.302112400315,415.101789883085
"Y57G11C.22",4.70940655270538,7.1705207832071,15.2943476073357,7.27462190942072,2.78842751463607,14.5417824481336
"Y57G11C.31",14.1282196581161,20.6152472517204,28.9787638875834,20.7846340269163,22.3074201170885,35.6934660090551
"Y57G11C.33",5.65128786324646,1.79263019580177,0.804965663543983,5.19615850672908,8.3652825439082,3.96594066767279
"mrps-7",7.53505048432861,3.58526039160355,7.24469097189585,4.15692680538327,10.2242342203322,13.219802225576
"anoh-2",3.7675252421643,2.68894529370266,6.43972530835186,10.3923170134582,0,1.3219802225576
"Y57G11C.38",14.1282196581161,15.2373566643151,16.0993132708797,10.3923170134582,11.1537100585443,10.5758417804608
"Y57G11C.42",0,2.68894529370266,0,2.07846340269163,0,5.28792089023038
"Y57G11C.43",2.82564393162323,5.37789058740532,6.43972530835186,1.03923170134582,5.57685502927214,1.3219802225576
"phf-14",8.47693179486968,2.68894529370266,11.2695192896158,3.11769510403745,7.43580670569618,0
"tcc-1",102.665062848977,60.9494266572603,62.7873217564307,137.178584577648,91.0886321447782,85.9287144662437
"prp-6",53.6872347008413,56.4678511677559,62.7873217564307,42.6084997551785,56.6980261309334,54.2011891248614
"ebp-1",5.65128786324646,0,3.21986265417593,3.11769510403745,5.57685502927214,1.3219802225576
"Y59A8B.8",10.3606944159518,3.58526039160355,6.43972530835186,1.03923170134582,6.50633086748416,3.96594066767279
"nova-1",8.47693179486968,8.06683588110798,5.63475964480788,5.19615850672908,7.43580670569618,13.219802225576
"slr-2",10.3606944159518,15.2373566643151,11.2695192896158,6.2353902080749,5.57685502927214,14.5417824481336
"lon-8",3.7675252421643,3.58526039160355,8.85462229898381,9.35308531211235,5.57685502927214,10.5758417804608
"Y59A8B.21",2.82564393162323,3.58526039160355,0.804965663543983,4.15692680538327,1.85895167642405,0
"snx-6",23.5470327635269,14.3410415664142,8.04965663543983,8.31385361076654,12.0831858967563,9.25386155790317
"gck-3",85.7111992592379,170.299868601169,98.2058109523659,103.923170134582,70.6401637041137,169.213468487372
"abhd-3.1",6.59316917378753,16.133671762216,10.4645536260718,12.4707804161498,15.8010892496044,7.93188133534558
"Y60A3A.8",0,3.58526039160355,8.04965663543983,5.19615850672908,2.78842751463607,1.3219802225576
"Y60A3A.9",16.9538635897394,14.3410415664142,18.5142102615116,25.9807925336454,21.3779442788765,21.1516835609215
"fars-2",30.1402019373144,9.85946607690976,20.9291072521436,10.3923170134582,13.9421375731803,10.5758417804608
"algn-7",10.3606944159518,3.58526039160355,4.02482831771991,6.2353902080749,1.85895167642405,2.64396044511519
"Y60A3A.19",16.0119822791983,30.4747133286302,13.6844162802477,11.431548714804,13.9421375731803,21.1516835609215
"Y62E10A.6",6.59316917378753,5.37789058740532,7.24469097189585,3.11769510403745,4.64737919106011,0
"emc-3",20.7213888319037,25.0968227412248,28.9787638875834,23.9023291309538,13.9421375731803,22.4736637834791
"Y62E10A.13",19.7795075213626,21.5115623496213,26.5638668969514,10.3923170134582,16.7305650878164,21.1516835609215
"gcl-1",3.7675252421643,0,6.43972530835186,14.5492438188414,13.0126617349683,10.5758417804608
"Y62E10A.19",0,3.58526039160355,0,0,2.78842751463607,2.64396044511519
"Y62F5A.9",0,1.79263019580177,1.60993132708797,0,0,0
"Y63D3A.7",8.47693179486968,16.133671762216,8.04965663543983,16.6277072215331,11.1537100585443,3.96594066767279
"Y63D3A.8",24.488914074068,37.6452341118373,25.7589012334075,31.1769510403745,32.5316543374208,14.5417824481336
"ilcr-1",50.8615907692181,62.7420568530621,60.3724247657987,34.294646144412,31.6021784992088,43.6253473444007
"Y64G10A.7",15.0701009686572,9.85946607690976,18.5142102615116,12.4707804161498,14.8716134113924,9.25386155790317
"Y65A5A.1",5.65128786324646,5.37789058740532,4.8297939812639,4.15692680538327,4.64737919106011,5.28792089023038
"Y66A7A.2",9.41881310541076,5.37789058740532,2.41489699063195,4.15692680538327,6.50633086748416,7.93188133534558
"Y66D12A.8",23.5470327635269,17.9263019580177,12.0744849531597,3.11769510403745,8.3652825439082,9.25386155790317
"Y66D12A.9",89.4787245014022,112.935702335512,111.890227232614,19.7454023255705,44.6148402341771,43.6253473444007
"Y66D12A.10",5.65128786324646,4.48157548950443,3.21986265417593,1.03923170134582,1.85895167642405,9.25386155790317
"ztf-29",10.3606944159518,7.1705207832071,4.8297939812639,7.27462190942072,10.2242342203322,3.96594066767279
"Y66D12A.13",5.65128786324646,10.7557811748106,8.04965663543983,8.31385361076654,6.50633086748416,14.5417824481336
"nrps-1",7.53505048432861,7.1705207832071,3.21986265417593,9.35308531211235,4.64737919106011,0
"xpb-1",20.7213888319037,7.1705207832071,28.9787638875834,4.15692680538327,13.9421375731803,15.8637626706912
"Y66D12A.21",6.59316917378753,2.68894529370266,4.8297939812639,4.15692680538327,0,0
"nars-2",8.47693179486968,20.6152472517204,7.24469097189585,10.3923170134582,13.9421375731803,2.64396044511519
"Y66D12A.24",16.9538635897394,23.3041925454231,9.6595879625278,18.7061706242247,17.6600409260284,19.8297033383639
"ssu-2",1.88376262108215,0,8.85462229898381,3.11769510403745,2.78842751463607,5.28792089023038
"Y67A10A.7",2.82564393162323,0.896315097900887,6.43972530835186,0,0.929475838212023,0
"Y67A10A.9",25.4307953846091,24.2005076433239,20.9291072521436,17.6669389228789,15.8010892496044,17.1857428932487
"Y67A10A.10",1.88376262108215,2.68894529370266,4.8297939812639,6.2353902080749,0.929475838212023,1.3219802225576
"cpsf-3",27.3145580056912,17.0299868601169,24.9539355698635,5.19615850672908,11.1537100585443,15.8637626706912
"Y67H2A.2",10.3606944159518,10.7557811748106,8.04965663543983,4.15692680538327,8.3652825439082,14.5417824481336
"micu-1",26.3726766951501,4.48157548950443,11.2695192896158,12.4707804161498,8.3652825439082,13.219802225576
"kdp-1",108.316350712224,98.5946607690976,105.450501924262,116.393950550732,133.844520702531,100.470496914377
"Y67H2A.7",5.65128786324646,7.1705207832071,8.85462229898381,9.35308531211235,5.57685502927214,3.96594066767279
"Y67H2A.10",8.47693179486968,16.133671762216,13.6844162802477,7.27462190942072,17.6600409260284,14.5417824481336
"Y69E1A.5",16.0119822791983,8.96315097900887,13.6844162802477,6.2353902080749,9.29475838212023,1.3219802225576
"Y69H2.3",104.548825470059,187.329855461285,133.624300148301,115.354718849386,120.831858967563,148.061784926451
"Y69H2.7",10.3606944159518,16.133671762216,8.85462229898381,5.19615850672908,13.0126617349683,11.8978220030184
"col-42",268.436173504207,197.189321538195,264.028737642426,255.650998531071,260.253234699366,263.074064288962
"hex-5",0.941881310541076,2.68894529370266,0,6.2353902080749,0.929475838212023,0
"Y70G10A.3",31.0820832478555,77.0830984194763,53.9326994574469,62.353902080749,60.4159294837815,75.352872685783
"usp-3",1.88376262108215,11.6520962727115,4.02482831771991,3.11769510403745,1.85895167642405,6.60990111278798
"Y73F4A.1",3.7675252421643,2.68894529370266,0,0,0,0
"Y73F4A.2",30.1402019373144,37.6452341118373,45.883042822007,22.863097429608,29.7432268227847,31.7275253413823
"Y73F4A.3",2.82564393162323,6.27420568530621,0.804965663543983,6.2353902080749,7.43580670569618,5.28792089023038
"Y73F8A.5",6.59316917378753,10.7557811748106,4.8297939812639,4.15692680538327,6.50633086748416,5.28792089023038
"Y73F8A.24",18.8376262108215,28.6820831328284,14.4893819437917,13.5100121174956,19.5189926024525,18.5077231158063
"ntl-11",16.0119822791983,25.9931378391257,17.7092445979676,16.6277072215331,13.9421375731803,10.5758417804608
"Y73F8A.26",3.7675252421643,0,4.8297939812639,5.19615850672908,1.85895167642405,5.28792089023038
"Y73F8A.27",5.65128786324646,1.79263019580177,7.24469097189585,10.3923170134582,1.85895167642405,0
"acr-24",4.70940655270538,1.79263019580177,0,0,4.64737919106011,0
"ari-1.4",17.8957449002804,21.5115623496213,25.7589012334075,9.35308531211235,8.3652825439082,5.28792089023038
"Y75B8A.3",2.82564393162323,3.58526039160355,1.60993132708797,3.11769510403745,4.64737919106011,0
"lonp-2",18.8376262108215,19.7189321538195,6.43972530835186,20.7846340269163,20.4484684406645,18.5077231158063
"Y75B8A.6",22.6051514529858,12.5484113706124,5.63475964480788,24.9415608322996,21.3779442788765,14.5417824481336
"Y75B8A.7",69.6992169800396,44.8157548950443,54.7376651209908,43.6477314565243,42.755888557753,44.9473275669583
"Y75B8A.8",47.0940655270538,27.7857680349275,36.2234548594792,30.1377193390287,37.1790335284809,26.4396044511519
"lury-1",0,2.68894529370266,0,2.07846340269163,0,0
"Y75B8A.13",29.1983206267734,33.1636586223328,42.6631801678311,15.5884755201873,34.3906060138448,33.0495055639399
"Y75B8A.14",19.7795075213626,49.2973303845488,35.4184891959353,36.3731095471036,19.5189926024525,34.3714857864975
"gmn-1",1.88376262108215,0,5.63475964480788,2.07846340269163,6.50633086748416,1.3219802225576
"Y75B8A.19",2.82564393162323,8.96315097900887,5.63475964480788,3.11769510403745,13.0126617349683,5.28792089023038
"Y75B8A.24",68.7573356694985,57.3641662656568,53.9326994574469,59.2362069767116,44.6148402341771,54.2011891248614
"Y75B8A.25",9.41881310541076,11.6520962727115,27.3688325604954,15.5884755201873,25.0958476317246,19.8297033383639
"Y75B8A.28",0,0.896315097900887,0.804965663543983,6.2353902080749,2.78842751463607,2.64396044511519
"zip-12",14.1282196581161,11.6520962727115,13.6844162802477,21.8238657282622,11.1537100585443,7.93188133534558
"Y75B8A.31",2.82564393162323,5.37789058740532,0.804965663543983,4.15692680538327,0.929475838212023,3.96594066767279
"bath-36",0,0,0,9.35308531211235,0.929475838212023,6.60990111278798
"acs-5",62.164166495711,43.9194397971435,53.9326994574469,49.8831216645992,39.037985204905,35.6934660090551
"Y76A2B.4",8.47693179486968,12.5484113706124,4.02482831771991,17.6669389228789,10.2242342203322,3.96594066767279
"Y76A2B.5",51.8034720797592,58.2604813635577,60.3724247657987,72.7462190942072,60.4159294837815,52.8792089023038
"scav-2",11.3025757264929,8.96315097900887,8.85462229898381,15.5884755201873,10.2242342203322,10.5758417804608
"Y79H2A.3",59.3385225640878,56.4678511677559,45.078077158463,39.490804651141,44.6148402341771,42.3033671218431
"Y80D3A.9",4.70940655270538,4.48157548950443,0,2.07846340269163,2.78842751463607,0
"nlp-42",2.82564393162323,1.79263019580177,2.41489699063195,5.19615850672908,0,3.96594066767279
"gcn-2",60.2804038746289,69.0162625383683,51.5178024668149,54.0400484699825,27.8842751463607,60.8110902376494
"Y87G2A.1",16.0119822791983,18.8226170559186,20.1241415885996,22.863097429608,8.3652825439082,9.25386155790317
"Y87G2A.2",5.65128786324646,1.79263019580177,1.60993132708797,9.35308531211235,1.85895167642405,2.64396044511519
"atg-4.1",17.8957449002804,19.7189321538195,14.4893819437917,33.2554144430661,20.4484684406645,15.8637626706912
"nyn-2",3.7675252421643,1.79263019580177,5.63475964480788,3.11769510403745,6.50633086748416,7.93188133534558
"gpi-1",123.386451680881,159.544087426358,156.163338727533,100.805475030544,111.537100585443,105.758417804608
"vps-28",4.70940655270538,12.5484113706124,8.04965663543983,3.11769510403745,3.71790335284809,2.64396044511519
"eipr-1",6.59316917378753,4.48157548950443,0,3.11769510403745,2.78842751463607,11.8978220030184
"Y87G2A.13",4.70940655270538,20.6152472517204,12.0744849531597,7.27462190942072,13.0126617349683,15.8637626706912
"soem-1",1.88376262108215,2.68894529370266,1.60993132708797,1.03923170134582,3.71790335284809,3.96594066767279
"Y95D11A.1",9.41881310541076,13.4447264685133,11.2695192896158,9.35308531211235,4.64737919106011,10.5758417804608
"cand-1",80.0599113959915,101.2836060628,92.571051307558,92.4916214197777,95.7360113358383,88.5726749113589
"fbxa-90",0,0.896315097900887,0,0,0,0
"Y105C5A.1",6.59316917378753,10.7557811748106,6.43972530835186,5.19615850672908,3.71790335284809,3.96594066767279
"Y105C5A.8",2.82564393162323,5.37789058740532,0.804965663543983,1.03923170134582,5.57685502927214,3.96594066767279
"Y105C5A.15",15.0701009686572,16.133671762216,20.9291072521436,15.5884755201873,23.2368959553006,33.0495055639399
"daf-38",4.70940655270538,5.37789058740532,1.60993132708797,2.07846340269163,4.64737919106011,1.3219802225576
"Y105C5A.24",9.41881310541076,18.8226170559186,12.0744849531597,8.31385361076654,8.3652825439082,18.5077231158063
"Y105C5B.5",15.0701009686572,10.7557811748106,10.4645536260718,11.431548714804,24.1663717935126,22.4736637834791
"Y105C5B.9",9.41881310541076,8.96315097900887,20.1241415885996,17.6669389228789,26.0253234699366,11.8978220030184
"Y105C5B.15",22.6051514529858,37.6452341118373,40.2482831771991,25.9807925336454,29.7432268227847,25.1176242285943
"Y105E8A.1",4.70940655270538,1.79263019580177,0.804965663543983,6.2353902080749,8.3652825439082,5.28792089023038
"Y105E8A.2",9.41881310541076,29.5783982307293,20.1241415885996,22.863097429608,16.7305650878164,9.25386155790317
"Y105E8A.3",19.7795075213626,22.4078774475222,28.9787638875834,40.5300363524869,24.1663717935126,38.3374264541703
"tcab-1",0,4.48157548950443,0,0,3.71790335284809,1.3219802225576
"hpo-13",65.9316917378753,101.2836060628,73.2518753825024,31.1769510403745,55.7685502927214,81.962773798571
"Y105E8A.11",2.82564393162323,2.68894529370266,3.21986265417593,3.11769510403745,1.85895167642405,2.64396044511519
"catp-1",15.0701009686572,19.7189321538195,30.5886952146714,23.9023291309538,27.8842751463607,22.4736637834791
"Y105E8A.14",5.65128786324646,20.6152472517204,13.6844162802477,8.31385361076654,19.5189926024525,17.1857428932487
"ekl-4",14.1282196581161,5.37789058740532,10.4645536260718,10.3923170134582,13.9421375731803,6.60990111278798
"yars-1",46.1521842165127,37.6452341118373,37.0284205230232,55.0792801713283,38.1085093666929,34.3714857864975
"Y105E8A.20",6.59316917378753,4.48157548950443,2.41489699063195,0,8.3652825439082,0
"Y105E8A.21",12.244457037034,5.37789058740532,12.0744849531597,5.19615850672908,11.1537100585443,11.8978220030184
"rpom-1",28.2564393162323,46.6083850908461,33.0035922053033,29.0984876376829,28.8137509845727,26.4396044511519
"Y105E8A.25",113.96763857547,102.179921160701,112.695192896158,120.550877356115,132.915044864319,141.451883813663
"zoo-1",53.6872347008413,77.0830984194763,86.9362916627502,54.0400484699825,70.6401637041137,70.0649517955526
"exoc-8",22.6051514529858,28.6820831328284,24.9539355698635,14.5492438188414,17.6600409260284,25.1176242285943
"riok-2",64.9898104273342,65.4310021467647,60.3724247657987,54.0400484699825,57.6275019691454,59.4891100150918
"bath-40",7.53505048432861,3.58526039160355,11.2695192896158,9.35308531211235,7.43580670569618,13.219802225576
"hprt-1",48.0359468375949,37.6452341118373,62.7873217564307,32.2161827417203,49.2622194252372,43.6253473444007
"Y105E8B.7",2.82564393162323,0,3.21986265417593,5.19615850672908,0.929475838212023,3.96594066767279
"Y106G6A.1",5.65128786324646,5.37789058740532,3.21986265417593,6.2353902080749,5.57685502927214,6.60990111278798
"epg-8",2.82564393162323,2.68894529370266,0.804965663543983,5.19615850672908,7.43580670569618,9.25386155790317
"dsbn-1",3.7675252421643,4.48157548950443,4.02482831771991,5.19615850672908,0,2.64396044511519
"Y106G6D.6",0,0,0,0,0,0
"rbm-12",32.9658458689377,25.9931378391257,23.3440042427755,21.8238657282622,31.6021784992088,30.4055451188247
"Y106G6E.4",2.82564393162323,0,0.804965663543983,5.19615850672908,1.85895167642405,0
"csnk-1",18.8376262108215,43.0231246992426,24.1489699063195,27.0200242349912,42.755888557753,39.6594066767279
"Y106G6G.2",14.1282196581161,13.4447264685133,9.6595879625278,19.7454023255705,9.29475838212023,26.4396044511519
"Y106G6G.4",0,7.1705207832071,4.02482831771991,0,4.64737919106011,0
"Y106G6H.1",11.3025757264929,17.9263019580177,20.9291072521436,6.2353902080749,13.9421375731803,7.93188133534558
"pdpr-1",12.244457037034,14.3410415664142,17.7092445979676,22.863097429608,22.3074201170885,15.8637626706912
"Y106G6H.6",4.70940655270538,2.68894529370266,3.21986265417593,2.07846340269163,2.78842751463607,5.28792089023038
"Y106G6H.8",0,5.37789058740532,4.02482831771991,2.07846340269163,4.64737919106011,0
"Y106G6H.14",4.70940655270538,1.79263019580177,4.8297939812639,4.15692680538327,4.64737919106011,0
"ska-1",3.7675252421643,0.896315097900887,0.804965663543983,0,0,10.5758417804608
"sql-1",43.3265402848895,30.4747133286302,45.078077158463,43.6477314565243,41.826412719541,27.7615846737095
"aakg-1",85.7111992592379,82.4609890068816,60.3724247657987,68.5892922888239,56.6980261309334,59.4891100150918
"Y111B2A.10",10.3606944159518,1.79263019580177,4.8297939812639,6.2353902080749,1.85895167642405,11.8978220030184
"Y111B2A.12",49.919709458677,42.1268096013417,63.5922874199747,55.0792801713283,41.826412719541,46.2693077895159
"gtf-2A2",9.41881310541076,0,4.02482831771991,4.15692680538327,6.50633086748416,9.25386155790317
"tpst-1",8.47693179486968,8.96315097900887,11.2695192896158,8.31385361076654,15.8010892496044,18.5077231158063
"elpc-2",23.5470327635269,20.6152472517204,13.6844162802477,9.35308531211235,24.1663717935126,14.5417824481336
"spin-4",28.2564393162323,34.0599737202337,19.3191759250556,39.490804651141,35.3200818520569,54.2011891248614
"hut-1",11.3025757264929,5.37789058740532,12.0744849531597,6.2353902080749,11.1537100585443,0
"sas-1",9.41881310541076,5.37789058740532,11.2695192896158,7.27462190942072,3.71790335284809,2.64396044511519
"lgc-55",2.82564393162323,12.5484113706124,8.04965663543983,3.11769510403745,2.78842751463607,6.60990111278798
"nlp-69",3.7675252421643,2.68894529370266,4.02482831771991,4.15692680538327,4.64737919106011,6.60990111278798
"cdkr-3",24.488914074068,17.9263019580177,21.7340729156875,8.31385361076654,10.2242342203322,10.5758417804608
"prmt-1",122.44457037034,96.8020305732958,102.230639270086,100.805475030544,83.6528254390821,129.554061810644
"sld-5",7.53505048432861,2.68894529370266,3.21986265417593,6.2353902080749,6.50633086748416,3.96594066767279
"Y116A8C.3",0,0.896315097900887,0,2.07846340269163,2.78842751463607,0
"Y116A8C.9",6.59316917378753,12.5484113706124,12.0744849531597,7.27462190942072,22.3074201170885,2.64396044511519
"Y116A8C.10",0.941881310541076,7.1705207832071,7.24469097189585,10.3923170134582,4.64737919106011,7.93188133534558
"Y116A8C.13",5.65128786324646,21.5115623496213,8.04965663543983,5.19615850672908,10.2242342203322,1.3219802225576
"snx-13",16.9538635897394,17.9263019580177,20.1241415885996,21.8238657282622,23.2368959553006,23.7956440060367
"Y116A8C.27",16.0119822791983,28.6820831328284,16.0993132708797,9.35308531211235,20.4484684406645,14.5417824481336
"bca-2",8.47693179486968,9.85946607690976,8.85462229898381,16.6277072215331,13.0126617349683,13.219802225576
"Y116A8C.30",8.47693179486968,9.85946607690976,8.85462229898381,3.11769510403745,4.64737919106011,3.96594066767279
"sfa-1",33.9077271794787,39.437864307639,24.1489699063195,20.7846340269163,31.6021784992088,34.3714857864975
"ZC15.1",5.65128786324646,2.68894529370266,4.02482831771991,3.11769510403745,0,9.25386155790317
"mlt-4",4.70940655270538,4.48157548950443,2.41489699063195,1.03923170134582,0,0
"fbxa-31",2.82564393162323,3.58526039160355,0.804965663543983,2.07846340269163,4.64737919106011,5.28792089023038
"fbxa-37",0,0,0,0,3.71790335284809,0
"cls-3",16.0119822791983,4.48157548950443,14.4893819437917,14.5492438188414,12.0831858967563,5.28792089023038
"npr-29",0,4.48157548950443,4.02482831771991,0,1.85895167642405,1.3219802225576
"ZC116.1",19.7795075213626,14.3410415664142,10.4645536260718,8.31385361076654,11.1537100585443,9.25386155790317
"ZC116.3",12.244457037034,16.133671762216,8.85462229898381,8.31385361076654,13.0126617349683,19.8297033383639
"orc-5",1.88376262108215,2.68894529370266,3.21986265417593,0,0.929475838212023,1.3219802225576
"ZC247.1",105.490706780601,72.6015229299718,106.255467587806,114.31548714804,107.819197232595,142.77386403622
"ZC247.2",3.7675252421643,4.48157548950443,2.41489699063195,11.431548714804,5.57685502927214,10.5758417804608
"cbs-1",50.8615907692181,69.9125776362692,69.2270470647825,64.4323654834406,42.755888557753,46.2693077895159
"mlck-1",12.244457037034,7.1705207832071,8.85462229898381,13.5100121174956,5.57685502927214,11.8978220030184
"ZC373.5",4.70940655270538,1.79263019580177,4.8297939812639,2.07846340269163,4.64737919106011,5.28792089023038
"ZC374.2",6.59316917378753,4.48157548950443,8.04965663543983,3.11769510403745,7.43580670569618,2.64396044511519
"ZC376.2",1.88376262108215,0.896315097900887,1.60993132708797,3.11769510403745,0,2.64396044511519
"ZC376.3",0.941881310541076,0,5.63475964480788,0,1.85895167642405,0
"ceh-74",9.41881310541076,1.79263019580177,5.63475964480788,9.35308531211235,11.1537100585443,3.96594066767279
"ZC376.6",14.1282196581161,8.06683588110798,12.0744849531597,2.07846340269163,4.64737919106011,6.60990111278798
"atfs-1",71.5829796011218,59.1567964614585,45.883042822007,56.1185118726741,52.9801227780853,62.133070460207
"mppb-1",19.7795075213626,10.7557811748106,10.4645536260718,5.19615850672908,18.5895167642405,11.8978220030184
"msa-1",7.53505048432861,6.27420568530621,10.4645536260718,15.5884755201873,9.29475838212023,10.5758417804608
"ZC412.3",113.96763857547,81.5646739089807,101.425673606542,83.1385361076654,88.3002046301422,66.0990111278798
"ZC434.4",8.47693179486968,0.896315097900887,12.0744849531597,14.5492438188414,9.29475838212023,5.28792089023038
"coa-6",1.88376262108215,0,0,2.07846340269163,0,2.64396044511519
"ZC434.8",1.88376262108215,2.68894529370266,1.60993132708797,3.11769510403745,1.85895167642405,2.64396044511519
"ZC434.9",10.3606944159518,9.85946607690976,4.8297939812639,14.5492438188414,5.57685502927214,5.28792089023038
"ZC443.1",5.65128786324646,2.68894529370266,0,5.19615850672908,1.85895167642405,0
"ZC443.3",17.8957449002804,8.06683588110798,7.24469097189585,8.31385361076654,2.78842751463607,10.5758417804608
"ZC443.4",8.47693179486968,1.79263019580177,22.5390385792315,4.15692680538327,13.0126617349683,6.60990111278798
"ugt-18",0,0,3.21986265417593,1.03923170134582,0,1.3219802225576
"ugt-16",23.5470327635269,30.4747133286302,39.4433175136552,7.27462190942072,4.64737919106011,0
"ZC455.1",19.7795075213626,29.5783982307293,28.1737982240394,21.8238657282622,21.3779442788765,33.0495055639399
"ugt-4",3.7675252421643,1.79263019580177,0,2.07846340269163,2.78842751463607,1.3219802225576
"ugt-5",13.1863383475751,4.48157548950443,11.2695192896158,5.19615850672908,3.71790335284809,6.60990111278798
"lgc-37",0,13.4447264685133,5.63475964480788,9.35308531211235,3.71790335284809,11.8978220030184
"cdk-11.2",10.3606944159518,1.79263019580177,9.6595879625278,9.35308531211235,6.50633086748416,10.5758417804608
"ZC506.1",18.8376262108215,26.8894529370266,24.1489699063195,20.7846340269163,20.4484684406645,29.0835648962671
"pssy-1",40.5008963532663,17.9263019580177,28.9787638875834,32.2161827417203,19.5189926024525,29.0835648962671
"best-22",11.3025757264929,21.5115623496213,12.0744849531597,10.3923170134582,7.43580670569618,5.28792089023038
"ghi-1",6.59316917378753,11.6520962727115,6.43972530835186,11.431548714804,0.929475838212023,14.5417824481336
"rad-23",7.53505048432861,27.7857680349275,24.9539355698635,20.7846340269163,9.29475838212023,10.5758417804608
"coa-7",10.3606944159518,8.96315097900887,5.63475964480788,8.31385361076654,6.50633086748416,10.5758417804608
"nep-1",6.59316917378753,0,4.02482831771991,6.2353902080749,10.2242342203322,3.96594066767279
"ZK131.11",20.7213888319037,51.9862756782514,33.0035922053033,34.294646144412,56.6980261309334,37.0154462316127
"ZK228.3",9.41881310541076,0,4.8297939812639,2.07846340269163,1.85895167642405,5.28792089023038
"ZK228.4",6.59316917378753,3.58526039160355,6.43972530835186,4.15692680538327,0,1.3219802225576
"ZK262.2",0.941881310541076,0.896315097900887,4.02482831771991,0,2.78842751463607,1.3219802225576
"ZK262.3",8.47693179486968,5.37789058740532,0,5.19615850672908,8.3652825439082,10.5758417804608
"sre-23",0.941881310541076,0,0,0,0,0
"nol-16",10.3606944159518,13.4447264685133,18.5142102615116,10.3923170134582,10.2242342203322,14.5417824481336
"ZK265.7",16.0119822791983,8.96315097900887,4.02482831771991,8.31385361076654,4.64737919106011,6.60990111278798
"ZK287.1",9.41881310541076,4.48157548950443,4.8297939812639,4.15692680538327,1.85895167642405,6.60990111278798
"sulp-8",9.41881310541076,3.58526039160355,11.2695192896158,5.19615850672908,8.3652825439082,2.64396044511519
"ZK287.7",0,1.79263019580177,2.41489699063195,0,0,5.28792089023038
"tep-1",76.2923861538272,79.7720437131789,54.7376651209908,96.648548225161,70.6401637041137,81.962773798571
"klu-1",11.3025757264929,14.3410415664142,21.7340729156875,11.431548714804,20.4484684406645,14.5417824481336
"ZK455.5",0,1.79263019580177,1.60993132708797,1.03923170134582,4.64737919106011,1.3219802225576
"ZK512.2",56.5128786324646,60.0531115593594,52.3227681303589,40.5300363524869,33.4611301756328,43.6253473444007
"ZK512.4",0,0,0,0,0,0
"sec-16",27.3145580056912,49.2973303845488,61.9823560928867,46.7654265605618,70.6401637041137,51.5572286797462
"ZK512.7",0,0,0,0,0,1.3219802225576
"ZK524.4",27.3145580056912,30.4747133286302,25.7589012334075,42.6084997551785,23.2368959553006,46.2693077895159
"ZK550.2",1.88376262108215,0.896315097900887,0,6.2353902080749,2.78842751463607,0
"ZK550.3",67.8154543589575,68.1199474404674,42.6631801678311,74.8246824968988,60.4159294837815,62.133070460207
"gtf-2E1",7.53505048432861,0.896315097900887,8.85462229898381,13.5100121174956,6.50633086748416,5.28792089023038
"ZK550.6",2.82564393162323,2.68894529370266,0.804965663543983,9.35308531211235,0.929475838212023,6.60990111278798
"pyk-2",42.3846589743484,20.6152472517204,33.0035922053033,40.5300363524869,26.9547993081487,26.4396044511519
"ZK593.3",0,0,0,0,1.85895167642405,0
"fic-1",5.65128786324646,6.27420568530621,1.60993132708797,5.19615850672908,3.71790335284809,2.64396044511519
"ZK596.1",18.8376262108215,27.7857680349275,28.1737982240394,16.6277072215331,20.4484684406645,25.1176242285943
"ZK632.2",13.1863383475751,22.4078774475222,16.0993132708797,12.4707804161498,10.2242342203322,15.8637626706912
"riok-3",26.3726766951501,25.0968227412248,26.5638668969514,15.5884755201873,31.6021784992088,18.5077231158063
"ZK632.4",40.5008963532663,61.8457417551612,41.8582145042871,68.5892922888239,54.8390744545093,50.2352484571886
"ZK632.5",2.82564393162323,7.1705207832071,2.41489699063195,1.03923170134582,0,2.64396044511519
"panl-3",40.5008963532663,30.4747133286302,34.6135235323913,41.5692680538327,41.826412719541,31.7275253413823
"ZK632.9",5.65128786324646,8.96315097900887,4.8297939812639,8.31385361076654,14.8716134113924,7.93188133534558
"ZK632.10",10.3606944159518,10.7557811748106,12.8794506167037,9.35308531211235,20.4484684406645,14.5417824481336
"ZK632.11",11.3025757264929,6.27420568530621,3.21986265417593,4.15692680538327,6.50633086748416,10.5758417804608
"ZK632.12",10.3606944159518,6.27420568530621,12.8794506167037,8.31385361076654,9.29475838212023,9.25386155790317
"ZK632.14",0,0.896315097900887,0,0,2.78842751463607,2.64396044511519
"svop-1",5.65128786324646,7.1705207832071,5.63475964480788,4.15692680538327,6.50633086748416,3.96594066767279
"ZK637.2",13.1863383475751,6.27420568530621,6.43972530835186,1.03923170134582,0,5.28792089023038
"lnkn-1",30.1402019373144,34.9562888181346,29.7837295511274,30.1377193390287,36.2495576902689,17.1857428932487
"asna-1",26.3726766951501,84.2536192026834,61.9823560928867,53.0008167686367,51.1211711016613,44.9473275669583
"trxr-2",1.88376262108215,5.37789058740532,1.60993132708797,2.07846340269163,1.85895167642405,5.28792089023038
"glb-1",7.53505048432861,13.4447264685133,10.4645536260718,16.6277072215331,3.71790335284809,15.8637626706912
"ZK637.14",2.82564393162323,4.48157548950443,6.43972530835186,3.11769510403745,0.929475838212023,3.96594066767279
"arrd-15",16.0119822791983,36.7489190139364,15.2943476073357,13.5100121174956,11.1537100585443,22.4736637834791
"seb-2",1.88376262108215,0.896315097900887,4.02482831771991,4.15692680538327,0.929475838212023,2.64396044511519
"ZK643.5",33.9077271794787,32.2673435244319,34.6135235323913,53.0008167686367,44.6148402341771,30.4055451188247
"ZK662.2",0,0.896315097900887,0,4.15692680538327,5.57685502927214,1.3219802225576
"spv-1",43.3265402848895,30.4747133286302,35.4184891959353,24.9415608322996,31.6021784992088,34.3714857864975
"dbt-1",41.4427776638073,33.1636586223328,37.0284205230232,37.4123412484494,52.0506469398733,46.2693077895159
"ZK669.5",0.941881310541076,0.896315097900887,0.804965663543983,6.2353902080749,4.64737919106011,2.64396044511519
"ZK673.1",3.7675252421643,0.896315097900887,4.8297939812639,8.31385361076654,4.64737919106011,3.96594066767279
"ZK673.2",80.0599113959915,71.705207832071,76.4717380366784,113.276255446694,111.537100585443,71.3869320181102
"rev-1",3.7675252421643,5.37789058740532,9.6595879625278,9.35308531211235,0.929475838212023,0
"ZK757.2",0,5.37789058740532,8.85462229898381,9.35308531211235,10.2242342203322,2.64396044511519
"dhhc-4",0.941881310541076,1.79263019580177,5.63475964480788,3.11769510403745,2.78842751463607,10.5758417804608
"ZK792.1",5.65128786324646,1.79263019580177,3.21986265417593,1.03923170134582,5.57685502927214,3.96594066767279
"ZK792.4",6.59316917378753,6.27420568530621,1.60993132708797,6.2353902080749,0.929475838212023,3.96594066767279
"ZK792.5",27.3145580056912,31.371028426531,24.9539355698635,20.7846340269163,17.6600409260284,18.5077231158063
"atg-4.2",3.7675252421643,6.27420568530621,4.02482831771991,2.07846340269163,0.929475838212023,2.64396044511519
"ipmk-1",9.41881310541076,5.37789058740532,6.43972530835186,15.5884755201873,8.3652825439082,7.93188133534558
"ZK795.3",6.59316917378753,12.5484113706124,8.04965663543983,1.03923170134582,8.3652825439082,7.93188133534558
"ZK809.3",23.5470327635269,24.2005076433239,20.9291072521436,37.4123412484494,24.1663717935126,10.5758417804608
"ZK809.5",8.47693179486968,26.8894529370266,11.2695192896158,15.5884755201873,13.9421375731803,26.4396044511519
"ZK809.8",8.47693179486968,3.58526039160355,3.21986265417593,3.11769510403745,3.71790335284809,1.3219802225576
"ZK822.2",10.3606944159518,5.37789058740532,8.85462229898381,9.35308531211235,14.8716134113924,18.5077231158063
"ZK822.4",55.5709973219235,33.1636586223328,74.8618067095904,43.6477314565243,48.3327435870252,60.8110902376494
"ZK822.5",19.7795075213626,34.9562888181346,19.3191759250556,17.6669389228789,33.4611301756328,26.4396044511519
"gdh-1",709.23662683743,473.254371691668,586.819968723564,596.518996572499,634.831997498812,524.826148355366
"ZK829.7",23.5470327635269,14.3410415664142,19.3191759250556,15.5884755201873,10.2242342203322,7.93188133534558
"ogdh-2",70.6410982905807,76.1867833215754,56.3475964480788,107.040865238619,73.4285912187498,64.7770309053222
"gopc-1",8.47693179486968,7.1705207832071,10.4645536260718,11.431548714804,12.0831858967563,7.93188133534558
"ZK856.5",10.3606944159518,8.96315097900887,6.43972530835186,13.5100121174956,2.78842751463607,2.64396044511519
"ZK856.6",0,0,0,0,2.78842751463607,3.96594066767279
"ZK856.7",38.6171337321841,13.4447264685133,33.8085578688473,34.294646144412,30.6727026609968,21.1516835609215
"chpf-1",18.8376262108215,12.5484113706124,13.6844162802477,24.9415608322996,24.1663717935126,31.7275253413823
"rpc-25",2.82564393162323,0,7.24469097189585,0,1.85895167642405,0
"ZK856.11",4.70940655270538,2.68894529370266,5.63475964480788,7.27462190942072,11.1537100585443,2.64396044511519
"tftc-3",19.7795075213626,8.06683588110798,22.5390385792315,12.4707804161498,13.0126617349683,7.93188133534558
"gld-4",50.8615907692181,46.6083850908461,45.883042822007,47.8046582619076,38.1085093666929,42.3033671218431
"ZK858.5",2.82564393162323,0.896315097900887,2.41489699063195,2.07846340269163,2.78842751463607,3.96594066767279
"ZK858.6",26.3726766951501,42.1268096013417,33.8085578688473,37.4123412484494,39.037985204905,42.3033671218431
"ZK858.7",10.3606944159518,7.1705207832071,12.8794506167037,11.431548714804,6.50633086748416,0
"elpc-3",6.59316917378753,20.6152472517204,19.3191759250556,5.19615850672908,9.29475838212023,10.5758417804608
"usip-1",4.70940655270538,8.06683588110798,4.02482831771991,6.2353902080749,8.3652825439082,15.8637626706912
"ZK863.8",5.65128786324646,1.79263019580177,3.21986265417593,5.19615850672908,8.3652825439082,0
"ZK896.4",3.7675252421643,2.68894529370266,0,2.07846340269163,7.43580670569618,1.3219802225576
"ZK896.5",3.7675252421643,0,0.804965663543983,5.19615850672908,3.71790335284809,0
"clec-187",8.47693179486968,4.48157548950443,4.02482831771991,0,3.71790335284809,3.96594066767279
"clec-186",45.2103029059717,114.728332531314,82.9114633450302,37.4123412484494,56.6980261309334,30.4055451188247
"nstp-5",25.4307953846091,33.1636586223328,18.5142102615116,20.7846340269163,25.0958476317246,30.4055451188247
"ZK899.2",5.65128786324646,16.133671762216,2.41489699063195,6.2353902080749,9.29475838212023,6.60990111278798
"ZK909.3",8.47693179486968,10.7557811748106,3.21986265417593,15.5884755201873,6.50633086748416,0
"ZK909.6",2.82564393162323,2.68894529370266,2.41489699063195,0,0.929475838212023,0
"vps-15",30.1402019373144,39.437864307639,31.3936608782153,27.0200242349912,29.7432268227847,47.5912880120735
"vab-23",3.7675252421643,8.96315097900887,8.04965663543983,4.15692680538327,3.71790335284809,5.28792089023038
"arrd-4",2.82564393162323,0,1.60993132708797,3.11769510403745,6.50633086748416,0
"lact-2",2.82564393162323,12.5484113706124,11.2695192896158,27.0200242349912,13.9421375731803,10.5758417804608
"puf-12",147.875365754949,126.380428804025,140.868991120197,91.4523897184319,89.2296804683542,88.5726749113589
"nep-26",38.6171337321841,41.2304945034408,28.1737982240394,74.8246824968988,51.1211711016613,39.6594066767279
"clpp-1",21.6632701424447,61.8457417551612,32.1986265417593,29.0984876376829,35.3200818520569,40.9813868992855
"ZK970.7",0.941881310541076,0,0.804965663543983,2.07846340269163,1.85895167642405,0
"ZK1010.2",3.7675252421643,0,8.04965663543983,2.07846340269163,3.71790335284809,5.28792089023038
"frg-1",15.0701009686572,3.58526039160355,14.4893819437917,13.5100121174956,2.78842751463607,1.3219802225576
"ZK1010.8",3.7675252421643,1.79263019580177,2.41489699063195,7.27462190942072,2.78842751463607,0
"ZK1025.3",0,0,0,14.5492438188414,11.1537100585443,5.28792089023038
"mmcm-1",67.8154543589575,62.7420568530621,91.7660856440141,61.3146703794032,60.4159294837815,66.0990111278798
"ccdc-47",82.8855553276147,52.8825907761523,58.7624934387108,59.2362069767116,62.2748811602055,64.7770309053222
"nit-1",4.70940655270538,5.37789058740532,4.8297939812639,4.15692680538327,0,3.96594066767279
"ZK1058.9",56.5128786324646,77.9794135173772,62.7873217564307,45.726194859216,65.9927845130536,60.8110902376494
"ZK1067.2",24.488914074068,24.2005076433239,31.3936608782153,28.0592559363371,26.0253234699366,30.4055451188247
"ZK1067.3",3.7675252421643,6.27420568530621,4.02482831771991,4.15692680538327,4.64737919106011,2.64396044511519
"ZK1073.1",32.0239645583966,31.371028426531,36.2234548594792,39.490804651141,39.967461043117,44.9473275669583
"obr-3",19.7795075213626,22.4078774475222,16.9042789344236,15.5884755201873,14.8716134113924,18.5077231158063
"ZK1098.1",32.0239645583966,16.133671762216,22.5390385792315,23.9023291309538,24.1663717935126,39.6594066767279
"ZK1098.2",8.47693179486968,0.896315097900887,8.04965663543983,4.15692680538327,1.85895167642405,7.93188133534558
"ZK1098.3",0.941881310541076,1.79263019580177,1.60993132708797,0,0,1.3219802225576
"eif-2Balpha",9.41881310541076,2.68894529370266,6.43972530835186,5.19615850672908,1.85895167642405,10.5758417804608
"trpp-3",4.70940655270538,6.27420568530621,8.85462229898381,3.11769510403745,2.78842751463607,0
"mrps-23",11.3025757264929,24.2005076433239,16.0993132708797,15.5884755201873,19.5189926024525,14.5417824481336
"ZK1128.1",15.0701009686572,7.1705207832071,3.21986265417593,13.5100121174956,6.50633086748416,3.96594066767279
"gtf-2H3",3.7675252421643,6.27420568530621,5.63475964480788,0,0.929475838212023,0
"ttll-4",15.0701009686572,17.0299868601169,26.5638668969514,7.27462190942072,23.2368959553006,27.7615846737095
"ZK1128.7",4.70940655270538,0.896315097900887,8.04965663543983,3.11769510403745,0.929475838212023,0
"vps-29",6.59316917378753,18.8226170559186,10.4645536260718,22.863097429608,14.8716134113924,2.64396044511519
"dcaf-1",110.200113333306,76.1867833215754,95.790913961734,42.6084997551785,43.6853643959651,35.6934660090551
"ZK1307.1",18.8376262108215,34.0599737202337,45.078077158463,50.922353365945,25.0958476317246,40.9813868992855
"ZK1307.2",0,1.79263019580177,0,1.03923170134582,0,0
"ZK1307.7",3.7675252421643,0.896315097900887,2.41489699063195,0,0,0
"ZK1307.8",75.3505048432861,62.7420568530621,49.102905476183,56.1185118726741,56.6980261309334,50.2352484571886
"ZK1307.9",6.59316917378753,8.06683588110798,4.8297939812639,15.5884755201873,4.64737919106011,13.219802225576
"gstk-1",0.941881310541076,5.37789058740532,6.43972530835186,0,4.64737919106011,1.3219802225576
"ZK1320.2",35.7914898005609,51.0899605803506,46.688008485551,49.8831216645992,50.1916952634492,47.5912880120735
"ZK1320.3",48.977828148136,57.3641662656568,74.8618067095904,51.9615850672908,42.755888557753,37.0154462316127
"cyp-13A10",7.53505048432861,8.06683588110798,3.21986265417593,3.11769510403745,1.85895167642405,2.64396044511519
"ZK1320.9",48.0359468375949,37.6452341118373,52.3227681303589,46.7654265605618,67.8517361894777,44.9473275669583
"ZK1320.11",28.2564393162323,34.0599737202337,28.9787638875834,20.7846340269163,36.2495576902689,33.0495055639399
"shk-1",5.65128786324646,17.0299868601169,18.5142102615116,10.3923170134582,8.3652825439082,13.219802225576
"ZK1321.4",23.5470327635269,49.2973303845488,18.5142102615116,31.1769510403745,26.0253234699366,26.4396044511519
"C05D12.3",52.7453533903003,89.6315097900887,72.4469097189585,50.922353365945,63.2043569984175,47.5912880120735
"zipt-2.1",10.3606944159518,10.7557811748106,9.6595879625278,1.03923170134582,11.1537100585443,6.60990111278798
"cyp-25A3",0,0,0,0,0,5.28792089023038
"C37A5.3",2.82564393162323,1.79263019580177,0,0,3.71790335284809,0
"R13H4.2",38.6171337321841,45.7120699929452,35.4184891959353,44.6869631578701,41.826412719541,25.1176242285943
"VM106R.1",5.65128786324646,8.06683588110798,11.2695192896158,11.431548714804,9.29475838212023,6.60990111278798
"mdt-9",8.47693179486968,7.1705207832071,4.02482831771991,3.11769510403745,1.85895167642405,0
"Y106G6D.5",6.59316917378753,13.4447264685133,12.0744849531597,8.31385361076654,8.3652825439082,14.5417824481336
"best-23",4.70940655270538,0.896315097900887,1.60993132708797,7.27462190942072,5.57685502927214,6.60990111278798
"B0025.4",1.88376262108215,0.896315097900887,4.02482831771991,2.07846340269163,0,6.60990111278798
"B0034.1",1.88376262108215,0.896315097900887,3.21986265417593,9.35308531211235,11.1537100585443,3.96594066767279
"ain-2",56.5128786324646,35.8526039160355,32.1986265417593,47.8046582619076,61.3454053219935,64.7770309053222
"B0041.5",13.1863383475751,14.3410415664142,12.8794506167037,3.11769510403745,17.6600409260284,7.93188133534558
"ptps-1",0,1.79263019580177,5.63475964480788,1.03923170134582,0,0
"B0041.8",5.65128786324646,0.896315097900887,5.63475964480788,1.03923170134582,0,6.60990111278798
"B0205.1",11.3025757264929,0.896315097900887,10.4645536260718,5.19615850672908,6.50633086748416,1.3219802225576
"B0205.6",32.9658458689377,22.4078774475222,25.7589012334075,19.7454023255705,32.5316543374208,30.4055451188247
"B0205.8",3.7675252421643,2.68894529370266,0.804965663543983,0,0.929475838212023,0
"B0205.9",8.47693179486968,7.1705207832071,8.04965663543983,12.4707804161498,4.64737919106011,6.60990111278798
"mrpl-9",16.9538635897394,21.5115623496213,8.85462229898381,15.5884755201873,14.8716134113924,19.8297033383639
"B0207.6",1.88376262108215,2.68894529370266,7.24469097189585,9.35308531211235,5.57685502927214,2.64396044511519
"nstp-6",0,1.79263019580177,0,3.11769510403745,0.929475838212023,6.60990111278798
"cyp-34A8",0,6.27420568530621,0.804965663543983,1.03923170134582,0.929475838212023,10.5758417804608
"cyp-34A9",2.82564393162323,0,4.02482831771991,2.07846340269163,1.85895167642405,6.60990111278798
"faah-1",33.9077271794787,40.3341794055399,21.7340729156875,35.3338778457578,32.5316543374208,44.9473275669583
"faah-2",33.9077271794787,18.8226170559186,33.0035922053033,39.490804651141,23.2368959553006,11.8978220030184
"clec-51",4.70940655270538,5.37789058740532,15.2943476073357,9.35308531211235,12.0831858967563,10.5758417804608
"clec-52",14.1282196581161,0.896315097900887,4.8297939812639,6.2353902080749,9.29475838212023,6.60990111278798
"B0222.1",2.82564393162323,0,3.21986265417593,1.03923170134582,0,0
"pitr-3",0,0,0,2.07846340269163,0,0
"B0222.5",2.82564393162323,0.896315097900887,4.8297939812639,3.11769510403745,0.929475838212023,10.5758417804608
"gad-3",16.0119822791983,0.896315097900887,14.4893819437917,32.2161827417203,7.43580670569618,18.5077231158063
"B0228.1",4.70940655270538,1.79263019580177,5.63475964480788,0,2.78842751463607,6.60990111278798
"cpna-2",306.11142592585,202.5672121256,261.613840651794,245.258681517613,230.510007876582,247.21030161827
"B0228.6",7.53505048432861,6.27420568530621,4.02482831771991,2.07846340269163,5.57685502927214,2.64396044511519
"B0228.7",8.47693179486968,11.6520962727115,16.9042789344236,16.6277072215331,7.43580670569618,13.219802225576
"B0238.1",1.88376262108215,0,7.24469097189585,4.15692680538327,3.71790335284809,2.64396044511519
"natc-2",19.7795075213626,13.4447264685133,12.8794506167037,20.7846340269163,31.6021784992088,30.4055451188247
"B0238.11",9.41881310541076,12.5484113706124,12.0744849531597,22.863097429608,18.5895167642405,7.93188133534558
"B0238.12",7.53505048432861,1.79263019580177,4.8297939812639,0,2.78842751463607,2.64396044511519
"B0252.1",0.941881310541076,7.1705207832071,0.804965663543983,2.07846340269163,0.929475838212023,6.60990111278798
"B0252.3",2.82564393162323,6.27420568530621,4.8297939812639,5.19615850672908,12.0831858967563,3.96594066767279
"B0261.1",24.488914074068,16.133671762216,19.3191759250556,18.7061706242247,16.7305650878164,14.5417824481336
"mrpl-47",26.3726766951501,16.133671762216,31.3936608782153,36.3731095471036,27.8842751463607,31.7275253413823
"B0261.8",7.53505048432861,0,4.02482831771991,1.03923170134582,2.78842751463607,2.64396044511519
"ggtb-1",15.0701009686572,17.9263019580177,28.1737982240394,16.6277072215331,8.3652825439082,6.60990111278798
"rpia-1",9.41881310541076,11.6520962727115,16.0993132708797,6.2353902080749,16.7305650878164,0
"B0280.9",27.3145580056912,43.9194397971435,24.9539355698635,20.7846340269163,13.0126617349683,27.7615846737095
"pot-1",4.70940655270538,0,0.804965663543983,2.07846340269163,0.929475838212023,1.3219802225576
"viro-2",12.244457037034,10.7557811748106,12.0744849531597,6.2353902080749,16.7305650878164,23.7956440060367
"B0281.3",2.82564393162323,2.68894529370266,3.21986265417593,1.03923170134582,3.71790335284809,0
"B0286.1",4.70940655270538,0.896315097900887,11.2695192896158,6.2353902080749,4.64737919106011,3.96594066767279
"pacs-1",26.3726766951501,11.6520962727115,20.9291072521436,17.6669389228789,23.2368959553006,18.5077231158063
"B0294.1",2.82564393162323,6.27420568530621,6.43972530835186,7.27462190942072,9.29475838212023,3.96594066767279
"B0302.5",4.70940655270538,0,1.60993132708797,8.31385361076654,1.85895167642405,1.3219802225576
"anmt-1",0.941881310541076,0.896315097900887,0,3.11769510403745,7.43580670569618,0
"B0303.3",32.9658458689377,34.9562888181346,32.1986265417593,72.7462190942072,69.7106878659017,34.3714857864975
"B0303.4",41.4427776638073,15.2373566643151,29.7837295511274,29.0984876376829,28.8137509845727,21.1516835609215
"B0303.7",12.244457037034,11.6520962727115,14.4893819437917,9.35308531211235,12.0831858967563,23.7956440060367
"vps-33.1",7.53505048432861,7.1705207832071,8.85462229898381,7.27462190942072,4.64737919106011,19.8297033383639
"B0303.11",15.0701009686572,22.4078774475222,24.1489699063195,14.5492438188414,19.5189926024525,25.1176242285943
"B0303.14",2.82564393162323,0,3.21986265417593,0,8.3652825439082,3.96594066767279
"mrpl-11",25.4307953846091,13.4447264685133,19.3191759250556,19.7454023255705,22.3074201170885,13.219802225576
"B0310.1",13.1863383475751,18.8226170559186,26.5638668969514,16.6277072215331,24.1663717935126,18.5077231158063
"ugt-46",28.2564393162323,27.7857680349275,24.9539355698635,30.1377193390287,25.0958476317246,14.5417824481336
"rbm-26",15.0701009686572,19.7189321538195,19.3191759250556,33.2554144430661,41.826412719541,35.6934660090551
"arle-14",1.88376262108215,6.27420568530621,2.41489699063195,2.07846340269163,0,2.64396044511519
"abi-1",8.47693179486968,4.48157548950443,8.04965663543983,10.3923170134582,4.64737919106011,7.93188133534558
"B0336.7",0.941881310541076,2.68894529370266,1.60993132708797,0,0,3.96594066767279
"hpo-28",7.53505048432861,15.2373566643151,8.85462229898381,5.19615850672908,10.2242342203322,13.219802225576
"B0353.1",5.65128786324646,18.8226170559186,12.8794506167037,21.8238657282622,9.29475838212023,11.8978220030184
"B0361.2",20.7213888319037,8.96315097900887,8.85462229898381,4.15692680538327,8.3652825439082,3.96594066767279
"B0361.3",5.65128786324646,8.06683588110798,9.6595879625278,12.4707804161498,4.64737919106011,9.25386155790317
"B0361.4",0.941881310541076,5.37789058740532,4.02482831771991,6.2353902080749,5.57685502927214,1.3219802225576
"psd-1",8.47693179486968,1.79263019580177,8.04965663543983,8.31385361076654,5.57685502927214,11.8978220030184
"B0361.6",13.1863383475751,4.48157548950443,1.60993132708797,0,0,5.28792089023038
"pho-5",7.53505048432861,2.68894529370266,6.43972530835186,7.27462190942072,11.1537100585443,6.60990111278798
"algn-11",10.3606944159518,8.06683588110798,16.0993132708797,12.4707804161498,5.57685502927214,7.93188133534558
"B0361.9",1.88376262108215,0,5.63475964480788,1.03923170134582,1.85895167642405,0
"ykt-6",8.47693179486968,10.7557811748106,11.2695192896158,2.07846340269163,6.50633086748416,19.8297033383639
"pdi-6",110.200113333306,121.898853314521,125.574643512861,134.06088947361,104.101293879747,108.402378249723
"vang-1",1.88376262108215,0,2.41489699063195,0,0,2.64396044511519
"B0410.3",5.65128786324646,0,5.63475964480788,2.07846340269163,2.78842751463607,3.96594066767279
"trpp-11",41.4427776638073,20.6152472517204,40.2482831771991,33.2554144430661,44.6148402341771,46.2693077895159
"vps-51",26.3726766951501,24.2005076433239,21.7340729156875,27.0200242349912,23.2368959553006,30.4055451188247
"tmc-2",28.2564393162323,38.5415492097381,29.7837295511274,14.5492438188414,26.0253234699366,29.0835648962671
"B0416.5",32.0239645583966,44.8157548950443,31.3936608782153,47.8046582619076,39.967461043117,59.4891100150918
"B0416.7",3.7675252421643,0.896315097900887,4.8297939812639,0,0,0
"djr-1.1",3.7675252421643,1.79263019580177,0.804965663543983,0,3.71790335284809,0
"mrpl-41",4.70940655270538,8.06683588110798,7.24469097189585,3.11769510403745,17.6600409260284,17.1857428932487
"misc-1",12.244457037034,4.48157548950443,16.0993132708797,6.2353902080749,13.9421375731803,1.3219802225576
"B0432.7",3.7675252421643,2.68894529370266,3.21986265417593,4.15692680538327,1.85895167642405,2.64396044511519
"trul-1",1.88376262108215,0,5.63475964480788,4.15692680538327,4.64737919106011,0
"B0454.6",4.70940655270538,1.79263019580177,0.804965663543983,8.31385361076654,3.71790335284809,2.64396044511519
"B0478.3",0,0,0,0,0.929475838212023,0
"cdk-11.1",21.6632701424447,8.96315097900887,11.2695192896158,16.6277072215331,12.0831858967563,6.60990111278798
"B0495.5",5.65128786324646,4.48157548950443,11.2695192896158,3.11769510403745,7.43580670569618,1.3219802225576
"moa-2",0,2.68894529370266,1.60993132708797,1.03923170134582,0,3.96594066767279
"B0495.7",99.8394189173541,157.751457230556,123.159746522229,100.805475030544,131.985569026107,109.72435847228
"B0495.8",10.3606944159518,18.8226170559186,11.2695192896158,7.27462190942072,17.6600409260284,9.25386155790317
"B0495.9",5.65128786324646,6.27420568530621,9.6595879625278,5.19615850672908,5.57685502927214,5.28792089023038
"tes-1",6.59316917378753,0,4.02482831771991,2.07846340269163,2.78842751463607,1.3219802225576
"B0507.2",4.70940655270538,10.7557811748106,7.24469097189585,5.19615850672908,3.71790335284809,3.96594066767279
"B0511.6",133.747146096833,159.544087426358,143.283888110829,120.550877356115,142.209803246439,178.467330045275
"B0511.7",0.941881310541076,3.58526039160355,4.8297939812639,7.27462190942072,9.29475838212023,2.64396044511519
"cdc-26",3.7675252421643,7.1705207832071,8.04965663543983,2.07846340269163,7.43580670569618,10.5758417804608
"B0511.12",57.4547599430056,43.0231246992426,46.688008485551,47.8046582619076,44.6148402341771,30.4055451188247
"B0524.6",7.53505048432861,4.48157548950443,4.8297939812639,0,4.64737919106011,7.93188133534558
"mai-2",50.8615907692181,60.9494266572603,66.0071844106066,75.8639141982446,75.2875428951738,43.6253473444007
"otub-4",5.65128786324646,3.58526039160355,5.63475964480788,10.3923170134582,13.0126617349683,1.3219802225576
"B0546.3",13.1863383475751,5.37789058740532,12.8794506167037,23.9023291309538,29.7432268227847,7.93188133534558
"B0546.4",4.70940655270538,3.58526039160355,0,2.07846340269163,2.78842751463607,9.25386155790317
"B0554.5",0,9.85946607690976,4.02482831771991,1.03923170134582,2.78842751463607,0
"B0563.6",0,2.68894529370266,0.804965663543983,3.11769510403745,0,0
"BE0003N10.1",7.53505048432861,9.85946607690976,6.43972530835186,3.11769510403745,7.43580670569618,5.28792089023038
"chin-1",4.70940655270538,6.27420568530621,9.6595879625278,3.11769510403745,0.929475838212023,2.64396044511519
"C01B10.3",16.0119822791983,8.96315097900887,1.60993132708797,17.6669389228789,4.64737919106011,0
"C01B10.6",105.490706780601,195.396691342393,135.234231475389,121.590109057461,158.010892496044,138.807923368548
"C01B10.7",0,0,1.60993132708797,1.03923170134582,0.929475838212023,0
"C01B10.8",32.0239645583966,34.9562888181346,33.8085578688473,27.0200242349912,30.6727026609968,33.0495055639399
"C01B10.9",21.6632701424447,8.96315097900887,16.9042789344236,10.3923170134582,12.0831858967563,17.1857428932487
"C01B10.10",2.82564393162323,0.896315097900887,0,3.11769510403745,0.929475838212023,6.60990111278798
"gmeb-1",5.65128786324646,5.37789058740532,9.6595879625278,9.35308531211235,3.71790335284809,17.1857428932487
"best-3",3.7675252421643,3.58526039160355,9.6595879625278,9.35308531211235,3.71790335284809,10.5758417804608
"best-4",0,0,2.41489699063195,2.07846340269163,0,3.96594066767279
"C01C4.3",7.53505048432861,15.2373566643151,8.85462229898381,15.5884755201873,18.5895167642405,26.4396044511519
"C01C10.2",0,0.896315097900887,1.60993132708797,2.07846340269163,2.78842751463607,2.64396044511519
"acl-12",8.47693179486968,8.96315097900887,7.24469097189585,12.4707804161498,13.9421375731803,22.4736637834791
"gtf-2F1",41.4427776638073,20.6152472517204,28.9787638875834,13.5100121174956,10.2242342203322,11.8978220030184
"sco-1",21.6632701424447,37.6452341118373,28.1737982240394,19.7454023255705,17.6600409260284,14.5417824481336
"C01F1.3",0.941881310541076,3.58526039160355,4.8297939812639,11.431548714804,13.0126617349683,7.93188133534558
"C01F1.6",11.3025757264929,11.6520962727115,12.8794506167037,7.27462190942072,10.2242342203322,5.28792089023038
"rga-6",8.47693179486968,15.2373566643151,8.04965663543983,9.35308531211235,13.0126617349683,7.93188133534558
"C01G5.5",1.88376262108215,1.79263019580177,0.804965663543983,4.15692680538327,1.85895167642405,5.28792089023038
"ddi-1",4.70940655270538,0,7.24469097189585,8.31385361076654,3.71790335284809,0
"C02B8.3",1.88376262108215,9.85946607690976,7.24469097189585,0,4.64737919106011,1.3219802225576
"ivd-1",169.538635897394,141.61778546834,156.968304391077,91.4523897184319,82.72334960087,74.0308924632254
"snpn-1",0.941881310541076,0,3.21986265417593,1.03923170134582,1.85895167642405,0
"C02B10.3",35.7914898005609,17.9263019580177,27.3688325604954,23.9023291309538,26.0253234699366,39.6594066767279
"C02B10.4",19.7795075213626,27.7857680349275,27.3688325604954,12.4707804161498,23.2368959553006,19.8297033383639
"C02B10.5",4.70940655270538,11.6520962727115,23.3440042427755,17.6669389228789,18.5895167642405,11.8978220030184
"tyr-1",3.7675252421643,1.79263019580177,2.41489699063195,12.4707804161498,10.2242342203322,9.25386155790317
"slc-17.3",1.88376262108215,0,4.8297939812639,1.03923170134582,0,6.60990111278798
"C02D5.2",2.82564393162323,3.58526039160355,4.02482831771991,3.11769510403745,2.78842751463607,7.93188133534558
"C02E7.6",0,0,0,7.27462190942072,12.0831858967563,6.60990111278798
"nra-4",117.735163817635,150.580936447349,148.918647755637,139.257047980339,147.786658275712,153.349705816681
"C02F5.3",23.5470327635269,35.8526039160355,24.1489699063195,21.8238657282622,18.5895167642405,14.5417824481336
"cids-1",4.70940655270538,7.1705207832071,6.43972530835186,5.19615850672908,3.71790335284809,2.64396044511519
"henn-1",0.941881310541076,5.37789058740532,4.02482831771991,3.11769510403745,0,2.64396044511519
"fbxl-1",11.3025757264929,13.4447264685133,4.8297939812639,18.7061706242247,6.50633086748416,3.96594066767279
"C02F5.12",2.82564393162323,3.58526039160355,0,0,5.57685502927214,0
"snet-1",16.0119822791983,13.4447264685133,11.2695192896158,13.5100121174956,14.8716134113924,14.5417824481336
"tag-278",58.3966412535467,60.0531115593594,26.5638668969514,50.922353365945,45.5443160723891,62.133070460207
"C02F12.8",3.7675252421643,12.5484113706124,0,9.35308531211235,3.71790335284809,11.8978220030184
"fbxa-105",5.65128786324646,1.79263019580177,7.24469097189585,2.07846340269163,6.50633086748416,3.96594066767279
"ugt-51",1.88376262108215,3.58526039160355,0,0,0,5.28792089023038
"C03B1.7",3.7675252421643,2.68894529370266,0,1.03923170134582,2.78842751463607,3.96594066767279
"C03B1.13",2.82564393162323,8.06683588110798,7.24469097189585,15.5884755201873,3.71790335284809,6.60990111278798
"scav-1",22.6051514529858,30.4747133286302,45.078077158463,33.2554144430661,21.3779442788765,21.1516835609215
"sdha-1",159.177941481442,152.373566643151,160.993132708797,197.454023255705,207.273111921281,142.77386403622
"C03G6.5",6.59316917378753,2.68894529370266,2.41489699063195,7.27462190942072,4.64737919106011,0
"cyp-35A2",5.65128786324646,3.58526039160355,18.5142102615116,1.03923170134582,7.43580670569618,11.8978220030184
"C03G6.17",8.47693179486968,0.896315097900887,3.21986265417593,1.03923170134582,2.78842751463607,1.3219802225576
"clec-10",3.7675252421643,13.4447264685133,14.4893819437917,12.4707804161498,11.1537100585443,27.7615846737095
"nstp-4",24.488914074068,20.6152472517204,28.1737982240394,15.5884755201873,32.5316543374208,17.1857428932487
"C03H5.3",7.53505048432861,15.2373566643151,17.7092445979676,4.15692680538327,3.71790335284809,3.96594066767279
"C03H5.5",11.3025757264929,5.37789058740532,0,8.31385361076654,7.43580670569618,0
"C03H5.6",1.88376262108215,13.4447264685133,11.2695192896158,3.11769510403745,7.43580670569618,2.64396044511519
"tbc-6",9.41881310541076,3.58526039160355,6.43972530835186,6.2353902080749,10.2242342203322,7.93188133534558
"pdhb-1",113.025757264929,74.3941531257736,101.425673606542,86.2562312117028,119.902383129351,120.300200252741
"pac-1",82.8855553276147,94.1130852795931,59.5674591022547,58.1969752753658,66.9222603512656,58.1671297925342
"C04E6.7",3.7675252421643,0.896315097900887,0.804965663543983,5.19615850672908,2.78842751463607,1.3219802225576
"C04E6.11",10.3606944159518,7.1705207832071,12.8794506167037,6.2353902080749,10.2242342203322,3.96594066767279
"C04E6.13",5.65128786324646,4.48157548950443,4.02482831771991,2.07846340269163,2.78842751463607,0
"sor-3",6.59316917378753,0.896315097900887,4.02482831771991,1.03923170134582,2.78842751463607,11.8978220030184
"C04E7.3",13.1863383475751,6.27420568530621,6.43972530835186,13.5100121174956,6.50633086748416,7.93188133534558
"C04E12.4",6.59316917378753,4.48157548950443,8.85462229898381,19.7454023255705,19.5189926024525,10.5758417804608
"C04F5.8",9.41881310541076,8.96315097900887,9.6595879625278,16.6277072215331,6.50633086748416,5.28792089023038
"C04F5.9",9.41881310541076,4.48157548950443,6.43972530835186,1.03923170134582,7.43580670569618,0
"C04G6.4",9.41881310541076,2.68894529370266,6.43972530835186,7.27462190942072,5.57685502927214,9.25386155790317
"C05C8.1",1.88376262108215,2.68894529370266,0,7.27462190942072,0.929475838212023,0
"krr-1",13.1863383475751,5.37789058740532,14.4893819437917,13.5100121174956,9.29475838212023,2.64396044511519
"C05C8.5",4.70940655270538,6.27420568530621,8.04965663543983,12.4707804161498,2.78842751463607,1.3219802225576
"hpo-9",4.70940655270538,5.37789058740532,0,5.19615850672908,1.85895167642405,2.64396044511519
"C05C8.7",52.7453533903003,24.2005076433239,41.0532488407431,58.1969752753658,60.4159294837815,92.5386155790317
"hyls-1",5.65128786324646,6.27420568530621,4.8297939812639,6.2353902080749,9.29475838212023,2.64396044511519
"madf-11",4.70940655270538,4.48157548950443,6.43972530835186,12.4707804161498,0,1.3219802225576
"C05D2.8",18.8376262108215,10.7557811748106,22.5390385792315,31.1769510403745,16.7305650878164,11.8978220030184
"C05D2.10",9.41881310541076,23.3041925454231,10.4645536260718,18.7061706242247,18.5895167642405,5.28792089023038
"lmp-2",0.941881310541076,8.06683588110798,7.24469097189585,7.27462190942072,1.85895167642405,3.96594066767279
"C05D9.3",33.9077271794787,35.8526039160355,29.7837295511274,23.9023291309538,24.1663717935126,15.8637626706912
"C05D9.7",0.941881310541076,0,4.8297939812639,2.07846340269163,2.78842751463607,1.3219802225576
"attf-4",20.7213888319037,35.8526039160355,27.3688325604954,18.7061706242247,20.4484684406645,6.60990111278798
"mapk-15",9.41881310541076,7.1705207832071,2.41489699063195,8.31385361076654,3.71790335284809,13.219802225576
"wht-1",0.941881310541076,2.68894529370266,0,3.11769510403745,4.64737919106011,2.64396044511519
"C05D10.4",24.488914074068,34.9562888181346,20.1241415885996,18.7061706242247,15.8010892496044,30.4055451188247
"C05D11.1",111.141994643847,69.0162625383683,109.475330241982,96.648548225161,78.0759704098099,91.2166353564741
"C05D11.5",4.70940655270538,0.896315097900887,3.21986265417593,0,0,2.64396044511519
"atgl-1",74.408623532745,83.3573041047825,45.883042822007,38.4515729497952,44.6148402341771,62.133070460207
"C05D11.8",5.65128786324646,6.27420568530621,5.63475964480788,7.27462190942072,8.3652825439082,15.8637626706912
"C05D11.9",6.59316917378753,6.27420568530621,8.85462229898381,3.11769510403745,2.78842751463607,5.28792089023038
"mrps-17",19.7795075213626,7.1705207832071,20.1241415885996,24.9415608322996,26.0253234699366,13.219802225576
"C05D11.13",5.65128786324646,3.58526039160355,6.43972530835186,2.07846340269163,1.85895167642405,3.96594066767279
"lnp-1",14.1282196581161,15.2373566643151,16.0993132708797,7.27462190942072,21.3779442788765,14.5417824481336
"C05E11.3",3.7675252421643,9.85946607690976,1.60993132708797,1.03923170134582,0,0
"inst-1",40.5008963532663,75.2904682236745,76.4717380366784,19.7454023255705,37.1790335284809,67.4209913504374
"C06A5.3",37.675252421643,30.4747133286302,22.5390385792315,37.4123412484494,18.5895167642405,19.8297033383639
"C06A5.6",4.70940655270538,4.48157548950443,0.804965663543983,5.19615850672908,2.78842751463607,5.28792089023038
"C06A6.2",9.41881310541076,12.5484113706124,7.24469097189585,15.5884755201873,17.6600409260284,5.28792089023038
"mvb-12",7.53505048432861,4.48157548950443,6.43972530835186,8.31385361076654,5.57685502927214,13.219802225576
"C06A6.4",22.6051514529858,18.8226170559186,25.7589012334075,11.431548714804,22.3074201170885,15.8637626706912
"erp-44.2",13.1863383475751,3.58526039160355,5.63475964480788,15.5884755201873,21.3779442788765,7.93188133534558
"mthf-1",49.919709458677,41.2304945034408,51.5178024668149,70.6677556915156,63.2043569984175,81.962773798571
"snpc-1.1",0.941881310541076,1.79263019580177,8.04965663543983,0,0.929475838212023,0
"nlp-77",108.316350712224,209.737732908808,132.819334484757,200.571718359743,189.613070995253,195.653072938524
"spdl-1",2.82564393162323,9.85946607690976,5.63475964480788,8.31385361076654,6.50633086748416,13.219802225576
"C06A8.8",2.82564393162323,1.79263019580177,6.43972530835186,5.19615850672908,1.85895167642405,0
"C06E1.1",3.7675252421643,6.27420568530621,9.6595879625278,2.07846340269163,3.71790335284809,6.60990111278798
"ztf-30",1.88376262108215,0.896315097900887,0,5.19615850672908,3.71790335284809,5.28792089023038
"C06E1.9",16.9538635897394,0.896315097900887,12.8794506167037,3.11769510403745,13.0126617349683,0
"rha-2",60.2804038746289,43.9194397971435,49.9078711397269,24.9415608322996,37.1790335284809,55.523169347419
"C06E2.1",1.88376262108215,3.58526039160355,3.21986265417593,0,2.78842751463607,6.60990111278798
"sams-3",8.47693179486968,5.37789058740532,10.4645536260718,15.5884755201873,15.8010892496044,13.219802225576
"C06E7.2",12.244457037034,7.1705207832071,7.24469097189585,12.4707804161498,10.2242342203322,2.64396044511519
"sams-4",14.1282196581161,25.9931378391257,19.3191759250556,18.7061706242247,10.2242342203322,22.4736637834791
"C06E7.4",3.7675252421643,3.58526039160355,4.02482831771991,10.3923170134582,10.2242342203322,17.1857428932487
"C06G1.1",0,0,0,3.11769510403745,0.929475838212023,9.25386155790317
"ain-1",46.1521842165127,33.1636586223328,47.492974149095,40.5300363524869,53.9095986162973,37.0154462316127
"C06G3.5",43.3265402848895,23.3041925454231,26.5638668969514,40.5300363524869,39.037985204905,27.7615846737095
"C06G3.6",8.47693179486968,5.37789058740532,20.9291072521436,8.31385361076654,15.8010892496044,23.7956440060367
"trxr-1",31.0820832478555,23.3041925454231,28.9787638875834,49.8831216645992,27.8842751463607,31.7275253413823
"C06G3.8",1.88376262108215,1.79263019580177,4.02482831771991,3.11769510403745,2.78842751463607,2.64396044511519
"ufl-1",8.47693179486968,9.85946607690976,20.9291072521436,3.11769510403745,12.0831858967563,14.5417824481336
"C06G4.1",0.941881310541076,3.58526039160355,8.04965663543983,0,8.3652825439082,3.96594066767279
"C07A12.7",2.82564393162323,14.3410415664142,13.6844162802477,12.4707804161498,14.8716134113924,10.5758417804608
"C07D8.6",53.6872347008413,94.1130852795931,64.3972530835186,39.490804651141,66.9222603512656,68.742971572995
"bath-44",12.244457037034,14.3410415664142,8.04965663543983,7.27462190942072,6.50633086748416,25.1176242285943
"ugt-64",0.941881310541076,0,9.6595879625278,4.15692680538327,3.71790335284809,1.3219802225576
"C07G3.10",4.70940655270538,4.48157548950443,0.804965663543983,1.03923170134582,3.71790335284809,2.64396044511519
"cls-1",24.488914074068,31.371028426531,31.3936608782153,28.0592559363371,28.8137509845727,23.7956440060367
"C07H6.4",40.5008963532663,33.1636586223328,35.4184891959353,32.2161827417203,26.9547993081487,34.3714857864975
"math-4",7.53505048432861,8.06683588110798,8.04965663543983,10.3923170134582,6.50633086748416,5.28792089023038
"C08G9.1",15.0701009686572,7.1705207832071,5.63475964480788,6.2353902080749,0.929475838212023,0
"C09B7.2",2.82564393162323,0.896315097900887,0.804965663543983,0,0,0
"C09B8.4",11.3025757264929,16.133671762216,5.63475964480788,8.31385361076654,1.85895167642405,7.93188133534558
"C09D4.1",8.47693179486968,8.96315097900887,24.9539355698635,12.4707804161498,16.7305650878164,14.5417824481336
"C09D4.2",1.88376262108215,3.58526039160355,5.63475964480788,3.11769510403745,5.57685502927214,0
"C09D4.4",12.244457037034,18.8226170559186,14.4893819437917,5.19615850672908,7.43580670569618,5.28792089023038
"C09E7.4",2.82564393162323,1.79263019580177,3.21986265417593,16.6277072215331,9.29475838212023,5.28792089023038
"C09E7.7",21.6632701424447,8.96315097900887,15.2943476073357,7.27462190942072,12.0831858967563,7.93188133534558
"C09E7.8",1.88376262108215,2.68894529370266,12.0744849531597,5.19615850672908,4.64737919106011,3.96594066767279
"C09E8.1",20.7213888319037,17.9263019580177,20.9291072521436,9.35308531211235,13.9421375731803,7.93188133534558
"mlt-10",3.7675252421643,0.896315097900887,0,23.9023291309538,21.3779442788765,14.5417824481336
"C09F5.1",17.8957449002804,29.5783982307293,26.5638668969514,31.1769510403745,19.5189926024525,35.6934660090551
"orai-1",5.65128786324646,16.133671762216,15.2943476073357,6.2353902080749,6.50633086748416,14.5417824481336
"pkg-2",41.4427776638073,60.0531115593594,40.2482831771991,41.5692680538327,52.0506469398733,46.2693077895159
"tsg-101",16.0119822791983,39.437864307639,24.9539355698635,19.7454023255705,19.5189926024525,37.0154462316127
"catp-3",44.2684215954306,22.4078774475222,49.9078711397269,41.5692680538327,24.1663717935126,34.3714857864975
"mct-6",87.5949618803201,123.691483510322,94.98594829819,89.3739263157403,97.5949630122624,83.2847540211285
"mcp-1",6.59316917378753,5.37789058740532,8.04965663543983,12.4707804161498,7.43580670569618,7.93188133534558
"egal-1",27.3145580056912,28.6820831328284,25.7589012334075,29.0984876376829,19.5189926024525,27.7615846737095
"C10G8.8",36.733371111102,12.5484113706124,34.6135235323913,25.9807925336454,26.9547993081487,10.5758417804608
"C10G11.6",0.941881310541076,2.68894529370266,8.04965663543983,3.11769510403745,4.64737919106011,5.28792089023038
"chdp-1",25.4307953846091,19.7189321538195,30.5886952146714,38.4515729497952,28.8137509845727,39.6594066767279
"viln-1",6.59316917378753,10.7557811748106,10.4645536260718,5.19615850672908,9.29475838212023,13.219802225576
"ugt-25",6.59316917378753,5.37789058740532,8.85462229898381,10.3923170134582,18.5895167642405,5.28792089023038
"ugt-28",3.7675252421643,3.58526039160355,2.41489699063195,4.15692680538327,6.50633086748416,1.3219802225576
"ugt-26",7.53505048432861,6.27420568530621,2.41489699063195,10.3923170134582,12.0831858967563,10.5758417804608
"mlst-8",2.82564393162323,0,0,1.03923170134582,5.57685502927214,1.3219802225576
"C11D2.4",8.47693179486968,5.37789058740532,13.6844162802477,5.19615850672908,13.9421375731803,5.28792089023038
"C11D2.7",16.9538635897394,26.8894529370266,11.2695192896158,20.7846340269163,10.2242342203322,22.4736637834791
"tiam-1",2.82564393162323,6.27420568530621,5.63475964480788,6.2353902080749,4.64737919106011,2.64396044511519
"cyp-33A1",16.0119822791983,16.133671762216,16.9042789344236,8.31385361076654,0.929475838212023,2.64396044511519
"C12D5.9",0,0,0,0,0.929475838212023,5.28792089023038
"C12D12.1",94.1881310541076,125.484113706124,152.138510409813,72.7462190942072,92.9475838212023,80.6407935760134
"sox-4",0,8.96315097900887,1.60993132708797,1.03923170134582,1.85895167642405,0
"C13A10.2",0.941881310541076,0.896315097900887,0,6.2353902080749,0.929475838212023,6.60990111278798
"copd-1",34.8496084900198,34.0599737202337,28.1737982240394,24.9415608322996,39.037985204905,37.0154462316127
"pdfr-1",6.59316917378753,4.48157548950443,8.85462229898381,9.35308531211235,7.43580670569618,5.28792089023038
"ugt-7",2.82564393162323,2.68894529370266,2.41489699063195,4.15692680538327,0.929475838212023,0
"C13E3.1",9.41881310541076,3.58526039160355,4.02482831771991,5.19615850672908,3.71790335284809,7.93188133534558
"kxd-1",5.65128786324646,1.79263019580177,1.60993132708797,3.11769510403745,1.85895167642405,0
"soap-1",76.2923861538272,88.7351946921878,65.2022187470626,68.5892922888239,67.8517361894777,111.046338694838
"C13F10.7",0.941881310541076,6.27420568530621,0.804965663543983,10.3923170134582,3.71790335284809,5.28792089023038
"C14A11.2",0,0.896315097900887,0,0,0.929475838212023,1.3219802225576
"C14B9.2",37.675252421643,46.6083850908461,55.5426307845348,51.9615850672908,48.3327435870252,50.2352484571886
"C14B9.8",48.977828148136,34.9562888181346,33.8085578688473,34.294646144412,22.3074201170885,30.4055451188247
"C14B9.10",15.0701009686572,14.3410415664142,13.6844162802477,18.7061706242247,24.1663717935126,5.28792089023038
"C14C6.2",3.7675252421643,17.9263019580177,7.24469097189585,10.3923170134582,17.6600409260284,17.1857428932487
"C14C6.5",51.8034720797592,46.6083850908461,61.9823560928867,86.2562312117028,124.549762320411,59.4891100150918
"hex-2",44.2684215954306,34.9562888181346,40.2482831771991,27.0200242349912,23.2368959553006,42.3033671218431
"C14C11.4",11.3025757264929,0,2.41489699063195,3.11769510403745,1.85895167642405,7.93188133534558
"dct-1",10.3606944159518,7.1705207832071,3.21986265417593,3.11769510403745,10.2242342203322,2.64396044511519
"sfxn-2",7.53505048432861,2.68894529370266,2.41489699063195,3.11769510403745,10.2242342203322,9.25386155790317
"got-2.2",52.7453533903003,61.8457417551612,70.0320127283265,53.0008167686367,48.3327435870252,43.6253473444007
"lrch-1",8.47693179486968,7.1705207832071,16.0993132708797,11.431548714804,13.9421375731803,18.5077231158063
"C14F11.6",0.941881310541076,0,0,2.07846340269163,13.9421375731803,0
"C15B12.1",1.88376262108215,1.79263019580177,4.8297939812639,0,9.29475838212023,0
"C15B12.4",3.7675252421643,7.1705207832071,5.63475964480788,5.19615850672908,5.57685502927214,3.96594066767279
"actl-1",1.88376262108215,0.896315097900887,4.02482831771991,1.03923170134582,2.78842751463607,2.64396044511519
"C15C7.4",24.488914074068,6.27420568530621,14.4893819437917,11.431548714804,6.50633086748416,6.60990111278798
"C15C7.5",35.7914898005609,15.2373566643151,36.2234548594792,42.6084997551785,37.1790335284809,29.0835648962671
"C15C7.7",16.0119822791983,3.58526039160355,9.6595879625278,4.15692680538327,9.29475838212023,7.93188133534558
"C15F1.1",6.59316917378753,5.37789058740532,4.02482831771991,2.07846340269163,2.78842751463607,0
"C15F1.2",0.941881310541076,0,2.41489699063195,6.2353902080749,1.85895167642405,1.3219802225576
"C15H9.4",13.1863383475751,16.133671762216,9.6595879625278,7.27462190942072,6.50633086748416,11.8978220030184
"C15H9.5",6.59316917378753,7.1705207832071,0,4.15692680538327,9.29475838212023,6.60990111278798
"kynu-1",19.7795075213626,11.6520962727115,9.6595879625278,19.7454023255705,12.0831858967563,17.1857428932487
"C15H9.9",31.0820832478555,23.3041925454231,30.5886952146714,19.7454023255705,28.8137509845727,34.3714857864975
"C15H9.11",3.7675252421643,0.896315097900887,3.21986265417593,0,0.929475838212023,1.3219802225576
"smrc-1",16.9538635897394,17.0299868601169,10.4645536260718,6.2353902080749,17.6600409260284,17.1857428932487
"C16A3.4",57.4547599430056,74.3941531257736,43.4681458313751,48.8438899632534,54.8390744545093,42.3033671218431
"C16A3.5",66.8735730484164,109.350441943908,73.2518753825024,77.9423776009363,102.242342203323,111.046338694838
"C16A3.6",73.4667422222039,38.5415492097381,43.4681458313751,42.6084997551785,46.4737919106011,66.0990111278798
"thoc-2",34.8496084900198,24.2005076433239,44.2731114949191,47.8046582619076,29.7432268227847,42.3033671218431
"oatr-1",68.7573356694985,117.417277825016,75.6667723731344,61.3146703794032,65.0633086748416,66.0990111278798
"C16A11.2",3.7675252421643,7.1705207832071,4.02482831771991,4.15692680538327,1.85895167642405,13.219802225576
"C16A11.4",1.88376262108215,4.48157548950443,0,5.19615850672908,1.85895167642405,6.60990111278798
"C16B8.3",165.771110655229,255.449802901753,202.04638154954,170.433999020714,191.472022671677,218.126736722003
"C16B8.4",5.65128786324646,6.27420568530621,0,0,2.78842751463607,0
"skpo-2",0,3.58526039160355,0.804965663543983,10.3923170134582,0.929475838212023,1.3219802225576
"C16D9.1",11.3025757264929,14.3410415664142,4.02482831771991,7.27462190942072,11.1537100585443,5.28792089023038
"C16D9.4",3.7675252421643,2.68894529370266,4.02482831771991,2.07846340269163,5.57685502927214,1.3219802225576
"C16D9.6",1.88376262108215,7.1705207832071,0.804965663543983,0,1.85895167642405,0
"C16E9.1",3.7675252421643,1.79263019580177,5.63475964480788,9.35308531211235,18.5895167642405,5.28792089023038
"C16E9.2",7.53505048432861,3.58526039160355,3.21986265417593,4.15692680538327,13.0126617349683,2.64396044511519
"C16H3.3",16.9538635897394,20.6152472517204,24.1489699063195,30.1377193390287,26.9547993081487,33.0495055639399
"fbxa-65",1.88376262108215,13.4447264685133,8.04965663543983,3.11769510403745,6.50633086748416,1.3219802225576
"C17C3.1",28.2564393162323,25.0968227412248,26.5638668969514,17.6669389228789,28.8137509845727,17.1857428932487
"acdh-2",5.65128786324646,5.37789058740532,8.85462229898381,3.11769510403745,4.64737919106011,3.96594066767279
"C17F4.7",188.376262108215,287.717146426185,333.255784707209,198.493254957051,251.887952155458,235.312479615252
"C17G10.1",17.8957449002804,23.3041925454231,20.1241415885996,14.5492438188414,18.5895167642405,7.93188133534558
"ttc-4",20.7213888319037,12.5484113706124,20.1241415885996,7.27462190942072,9.29475838212023,5.28792089023038
"eif-3.L",55.5709973219235,63.638371950963,60.3724247657987,43.6477314565243,39.037985204905,58.1671297925342
"C17H11.1",0,0,0,1.03923170134582,0.929475838212023,0
"C17H11.2",5.65128786324646,8.96315097900887,2.41489699063195,8.31385361076654,16.7305650878164,9.25386155790317
"C17H11.6",28.2564393162323,9.85946607690976,20.1241415885996,16.6277072215331,31.6021784992088,21.1516835609215
"dyci-1",49.919709458677,20.6152472517204,34.6135235323913,33.2554144430661,52.0506469398733,37.0154462316127
"C17H12.2",0,3.58526039160355,1.60993132708797,5.19615850672908,6.50633086748416,5.28792089023038
"C17H12.4",8.47693179486968,19.7189321538195,13.6844162802477,2.07846340269163,9.29475838212023,2.64396044511519
"C17H12.6",0.941881310541076,0.896315097900887,0,0,0,0
"C17H12.8",12.244457037034,16.133671762216,22.5390385792315,22.863097429608,17.6600409260284,37.0154462316127
"ceh-48",2.82564393162323,7.1705207832071,8.04965663543983,3.11769510403745,13.0126617349683,1.3219802225576
"C17H12.10",0,3.58526039160355,1.60993132708797,3.11769510403745,9.29475838212023,0
"anat-1",24.488914074068,26.8894529370266,25.7589012334075,23.9023291309538,28.8137509845727,23.7956440060367
"zipt-3",7.53505048432861,8.06683588110798,8.04965663543983,2.07846340269163,0.929475838212023,3.96594066767279
"C18A3.3",35.7914898005609,39.437864307639,51.5178024668149,49.8831216645992,39.967461043117,11.8978220030184
"osta-2",10.3606944159518,11.6520962727115,7.24469097189585,20.7846340269163,14.8716134113924,18.5077231158063
"tiar-1",27.3145580056912,9.85946607690976,21.7340729156875,33.2554144430661,34.3906060138448,6.60990111278798
"C18A11.1",4.70940655270538,1.79263019580177,1.60993132708797,0,1.85895167642405,0
"C18A11.3",6.59316917378753,11.6520962727115,5.63475964480788,7.27462190942072,13.9421375731803,10.5758417804608
"C18B2.3",51.8034720797592,82.4609890068816,69.2270470647825,51.9615850672908,37.1790335284809,68.742971572995
"C18B2.4",20.7213888319037,5.37789058740532,16.0993132708797,9.35308531211235,8.3652825439082,7.93188133534558
"C18B2.5",312.704595099637,445.468603656741,367.8693082396,347.103388249503,381.085093666929,438.897433889122
"del-9",5.65128786324646,0.896315097900887,4.02482831771991,4.15692680538327,0,3.96594066767279
"ugt-48",7.53505048432861,13.4447264685133,15.2943476073357,5.19615850672908,10.2242342203322,3.96594066767279
"C18C4.7",33.9077271794787,29.5783982307293,46.688008485551,46.7654265605618,33.4611301756328,25.1176242285943
"glb-6",3.7675252421643,9.85946607690976,6.43972530835186,5.19615850672908,0.929475838212023,1.3219802225576
"swsn-2.2",10.3606944159518,8.06683588110798,8.85462229898381,3.11769510403745,13.0126617349683,3.96594066767279
"C18E3.3",14.1282196581161,11.6520962727115,5.63475964480788,14.5492438188414,16.7305650878164,11.8978220030184
"cas-2",8.47693179486968,3.58526039160355,1.60993132708797,2.07846340269163,2.78842751463607,7.93188133534558
"C18F10.7",7.53505048432861,8.06683588110798,6.43972530835186,11.431548714804,6.50633086748416,22.4736637834791
"C18G1.1",3.7675252421643,2.68894529370266,0,1.03923170134582,0,0
"elt-7",5.65128786324646,4.48157548950443,0.804965663543983,9.35308531211235,0.929475838212023,0
"C18H7.1",8.47693179486968,22.4078774475222,4.02482831771991,22.863097429608,18.5895167642405,14.5417824481336
"C18H7.6",1.88376262108215,4.48157548950443,0.804965663543983,1.03923170134582,2.78842751463607,0
"C18H9.3",79.1180300854504,60.0531115593594,69.2270470647825,78.9816093022821,86.4412529537181,91.2166353564741
"C18H9.6",4.70940655270538,8.06683588110798,6.43972530835186,8.31385361076654,8.3652825439082,3.96594066767279
"fln-2",252.424191225008,262.62032368496,235.049973754843,235.9055962055,237.945814582278,319.919213858938
"C23F12.4",3.7675252421643,0,4.8297939812639,4.15692680538327,3.71790335284809,5.28792089023038
"C23G10.2",13.1863383475751,9.85946607690976,12.8794506167037,12.4707804161498,10.2242342203322,15.8637626706912
"ugt-66",1.88376262108215,6.27420568530621,4.02482831771991,22.863097429608,8.3652825439082,3.96594066767279
"C23G10.7",10.3606944159518,4.48157548950443,8.04965663543983,10.3923170134582,4.64737919106011,5.28792089023038
"C23G10.8",29.1983206267734,23.3041925454231,24.9539355698635,29.0984876376829,18.5895167642405,18.5077231158063
"C23H3.2",3.7675252421643,5.37789058740532,4.02482831771991,12.4707804161498,8.3652825439082,7.93188133534558
"ascc-1",0.941881310541076,0,2.41489699063195,9.35308531211235,5.57685502927214,0
"sptl-1",40.5008963532663,42.1268096013417,65.2022187470626,55.0792801713283,45.5443160723891,48.913268234631
"C23H3.5",1.88376262108215,1.79263019580177,0.804965663543983,0,0.929475838212023,3.96594066767279
"C23H3.9",5.65128786324646,0,0.804965663543983,8.31385361076654,0.929475838212023,1.3219802225576
"prmt-6",0.941881310541076,0.896315097900887,3.21986265417593,0,0,0
"glb-7",5.65128786324646,4.48157548950443,4.8297939812639,7.27462190942072,3.71790335284809,9.25386155790317
"C23H5.8",15.0701009686572,7.1705207832071,11.2695192896158,11.431548714804,9.29475838212023,2.64396044511519
"flp-24",7.53505048432861,3.58526039160355,13.6844162802477,4.15692680538327,2.78842751463607,5.28792089023038
"C24A1.3",15.0701009686572,12.5484113706124,12.0744849531597,11.431548714804,3.71790335284809,6.60990111278798
"C24A3.2",45.2103029059717,69.9125776362692,45.883042822007,36.3731095471036,51.1211711016613,44.9473275669583
"C24A3.4",2.82564393162323,4.48157548950443,2.41489699063195,1.03923170134582,0,0
"C24B5.1",2.82564393162323,3.58526039160355,0,4.15692680538327,2.78842751463607,6.60990111278798
"spas-1",1.88376262108215,5.37789058740532,12.0744849531597,6.2353902080749,2.78842751463607,3.96594066767279
"C24B5.4",0.941881310541076,4.48157548950443,1.60993132708797,1.03923170134582,4.64737919106011,0
"C24B9.3",43.3265402848895,29.5783982307293,57.1525621116228,28.0592559363371,42.755888557753,19.8297033383639
"dod-3",6.59316917378753,11.6520962727115,7.24469097189585,19.7454023255705,13.0126617349683,3.96594066767279
"C24D10.4",0.941881310541076,6.27420568530621,5.63475964480788,9.35308531211235,14.8716134113924,13.219802225576
"C24D10.6",5.65128786324646,8.06683588110798,12.8794506167037,15.5884755201873,18.5895167642405,18.5077231158063
"hir-1",21.6632701424447,43.0231246992426,8.85462229898381,17.6669389228789,22.3074201170885,23.7956440060367
"mms-19",12.244457037034,3.58526039160355,12.8794506167037,6.2353902080749,8.3652825439082,6.60990111278798
"hpo-15",19.7795075213626,16.133671762216,12.8794506167037,18.7061706242247,18.5895167642405,5.28792089023038
"cox-16",23.5470327635269,32.2673435244319,13.6844162802477,29.0984876376829,19.5189926024525,15.8637626706912
"C24H10.1",0.941881310541076,1.79263019580177,0.804965663543983,9.35308531211235,0,3.96594066767279
"C24H10.2",0.941881310541076,0,1.60993132708797,9.35308531211235,0.929475838212023,1.3219802225576
"C24H12.4",126.212095612504,85.1499343005843,103.840570597174,90.4131580170861,51.1211711016613,55.523169347419
"dnsn-1",7.53505048432861,2.68894529370266,0.804965663543983,4.15692680538327,5.57685502927214,3.96594066767279
"C25A11.2",2.82564393162323,5.37789058740532,3.21986265417593,1.03923170134582,10.2242342203322,5.28792089023038
"C25E10.4",0,0,0,1.03923170134582,0,0
"C25E10.5",2.82564393162323,3.58526039160355,0,4.15692680538327,3.71790335284809,1.3219802225576
"C25E10.8",2.82564393162323,4.48157548950443,2.41489699063195,1.03923170134582,1.85895167642405,3.96594066767279
"C25E10.12",4.70940655270538,0.896315097900887,1.60993132708797,3.11769510403745,0,1.3219802225576
"dpyd-1",184.608736866051,233.938240552132,206.07120986726,243.180218114921,268.618517243275,241.92238072804
"ddr-1",2.82564393162323,8.06683588110798,8.85462229898381,2.07846340269163,8.3652825439082,19.8297033383639
"C25H3.3",1.88376262108215,0,0.804965663543983,0,0,0
"eif-2D",5.65128786324646,0.896315097900887,11.2695192896158,6.2353902080749,1.85895167642405,3.96594066767279
"flp-27",5.65128786324646,11.6520962727115,2.41489699063195,10.3923170134582,7.43580670569618,15.8637626706912
"mdt-26",34.8496084900198,32.2673435244319,24.1489699063195,10.3923170134582,31.6021784992088,30.4055451188247
"C25H3.7",17.8957449002804,20.6152472517204,15.2943476073357,10.3923170134582,18.5895167642405,22.4736637834791
"C25H3.9",109.258232022765,189.122485657087,138.454094129565,123.668572460152,154.292989143196,179.789310267833
"C25H3.10",8.47693179486968,2.68894529370266,9.6595879625278,11.431548714804,16.7305650878164,11.8978220030184
"C25H3.11",114.909519886011,103.972551356503,104.645536260718,81.0600727049737,95.7360113358383,109.72435847228
"C25H3.14",7.53505048432861,8.96315097900887,4.8297939812639,6.2353902080749,4.64737919106011,7.93188133534558
"dnc-4",14.1282196581161,22.4078774475222,12.0744849531597,10.3923170134582,7.43580670569618,6.60990111278798
"elpc-4",15.0701009686572,11.6520962727115,9.6595879625278,4.15692680538327,7.43580670569618,10.5758417804608
"C26B2.7",4.70940655270538,5.37789058740532,7.24469097189585,1.03923170134582,0.929475838212023,5.28792089023038
"C26B9.1",3.7675252421643,1.79263019580177,1.60993132708797,8.31385361076654,4.64737919106011,2.64396044511519
"C26B9.3",0,0.896315097900887,0.804965663543983,1.03923170134582,0.929475838212023,3.96594066767279
"C26B9.5",32.9658458689377,51.9862756782514,41.0532488407431,27.0200242349912,41.826412719541,25.1176242285943
"flh-2",13.1863383475751,16.133671762216,21.7340729156875,3.11769510403745,14.8716134113924,10.5758417804608
"ntl-9",6.59316917378753,11.6520962727115,7.24469097189585,14.5492438188414,16.7305650878164,9.25386155790317
"rpb-2",169.538635897394,141.61778546834,142.478922447285,89.3739263157403,96.6654871740504,107.080398027165
"mrps-18C",18.8376262108215,11.6520962727115,24.9539355698635,19.7454023255705,28.8137509845727,19.8297033383639
"eri-9",9.41881310541076,16.133671762216,6.43972530835186,8.31385361076654,7.43580670569618,14.5417824481336
"mmab-1",5.65128786324646,1.79263019580177,10.4645536260718,7.27462190942072,5.57685502927214,10.5758417804608
"C26E6.12",0,3.58526039160355,2.41489699063195,4.15692680538327,3.71790335284809,9.25386155790317
"C26F1.1",0,8.96315097900887,3.21986265417593,3.11769510403745,8.3652825439082,5.28792089023038
"cyp-32A1",2.82564393162323,2.68894529370266,3.21986265417593,6.2353902080749,4.64737919106011,0
"C26F1.3",4.70940655270538,1.79263019580177,1.60993132708797,0,2.78842751463607,1.3219802225576
"hint-3",3.7675252421643,4.48157548950443,1.60993132708797,4.15692680538327,10.2242342203322,0
"smc-5",16.0119822791983,17.9263019580177,15.2943476073357,14.5492438188414,2.78842751463607,7.93188133534558
"C27A12.2",11.3025757264929,2.68894529370266,9.6595879625278,4.15692680538327,4.64737919106011,2.64396044511519
"ari-1.3",1.88376262108215,5.37789058740532,0,2.07846340269163,3.71790335284809,3.96594066767279
"ari-1.2",12.244457037034,7.1705207832071,14.4893819437917,19.7454023255705,13.9421375731803,3.96594066767279
"ari-1.1",7.53505048432861,6.27420568530621,7.24469097189585,21.8238657282622,15.8010892496044,6.60990111278798
"C27A12.9",6.59316917378753,2.68894529370266,2.41489699063195,7.27462190942072,0,5.28792089023038
"crh-2",22.6051514529858,12.5484113706124,8.85462229898381,13.5100121174956,15.8010892496044,6.60990111278798
"C27F2.4",13.1863383475751,17.9263019580177,23.3440042427755,10.3923170134582,20.4484684406645,5.28792089023038
"vps-22",10.3606944159518,2.68894529370266,4.8297939812639,6.2353902080749,10.2242342203322,17.1857428932487
"tmem-131",71.5829796011218,60.9494266572603,64.3972530835186,49.8831216645992,71.5696395423257,64.7770309053222
"C27F2.10",7.53505048432861,13.4447264685133,10.4645536260718,2.07846340269163,7.43580670569618,1.3219802225576
"C27H5.2",15.0701009686572,4.48157548950443,5.63475964480788,11.431548714804,3.71790335284809,9.25386155790317
"fust-1",31.0820832478555,45.7120699929452,33.8085578688473,25.9807925336454,28.8137509845727,38.3374264541703
"C27H5.4",0.941881310541076,3.58526039160355,0,0,0.929475838212023,0
"C28C12.4",4.70940655270538,2.68894529370266,1.60993132708797,5.19615850672908,6.50633086748416,3.96594066767279
"C28C12.12",0.941881310541076,2.68894529370266,0,0,0.929475838212023,2.64396044511519
"glb-9",0.941881310541076,4.48157548950443,3.21986265417593,8.31385361076654,1.85895167642405,1.3219802225576
"sec-15",16.9538635897394,8.96315097900887,20.1241415885996,14.5492438188414,10.2242342203322,18.5077231158063
"C28G1.5",4.70940655270538,8.96315097900887,3.21986265417593,3.11769510403745,4.64737919106011,3.96594066767279
"bcl-7",1.88376262108215,0,5.63475964480788,0,2.78842751463607,5.28792089023038
"C28H8.3",306.11142592585,337.014476810733,317.156471436329,205.767876866472,242.593193773338,294.801589630344
"erd-2.2",16.9538635897394,18.8226170559186,28.1737982240394,16.6277072215331,26.0253234699366,7.93188133534558
"pxl-1",35.7914898005609,69.0162625383683,44.2731114949191,45.726194859216,58.5569778073574,64.7770309053222
"dpff-1",19.7795075213626,17.0299868601169,23.3440042427755,11.431548714804,16.7305650878164,7.93188133534558
"tdo-2",26.3726766951501,15.2373566643151,33.0035922053033,28.0592559363371,39.037985204905,35.6934660090551
"kle-2",11.3025757264929,14.3410415664142,20.9291072521436,17.6669389228789,7.43580670569618,17.1857428932487
"tag-250",12.244457037034,34.9562888181346,20.1241415885996,5.19615850672908,14.8716134113924,33.0495055639399
"gsto-1",29.1983206267734,28.6820831328284,26.5638668969514,11.431548714804,26.0253234699366,35.6934660090551
"C29E4.11",1.88376262108215,0,0.804965663543983,1.03923170134582,0.929475838212023,0
"C29E4.12",1.88376262108215,4.48157548950443,0.804965663543983,3.11769510403745,4.64737919106011,1.3219802225576
"C29F5.1",16.0119822791983,14.3410415664142,11.2695192896158,14.5492438188414,9.29475838212023,9.25386155790317
"glb-10",1.88376262108215,5.37789058740532,3.21986265417593,0,0.929475838212023,3.96594066767279
"pals-22",0.941881310541076,0,3.21986265417593,5.19615850672908,0.929475838212023,0
"C29F9.2",0.941881310541076,0.896315097900887,1.60993132708797,0,2.78842751463607,0
"pals-23",5.65128786324646,0.896315097900887,12.8794506167037,2.07846340269163,7.43580670569618,7.93188133534558
"pals-24",0,2.68894529370266,10.4645536260718,1.03923170134582,5.57685502927214,2.64396044511519
"C29G2.6",8.47693179486968,2.68894529370266,4.02482831771991,6.2353902080749,2.78842751463607,6.60990111278798
"C29H12.2",47.0940655270538,45.7120699929452,38.6383518501112,44.6869631578701,32.5316543374208,48.913268234631
"C29H12.6",4.70940655270538,6.27420568530621,8.04965663543983,6.2353902080749,2.78842751463607,0
"mob-4",1.88376262108215,8.06683588110798,8.04965663543983,5.19615850672908,3.71790335284809,5.28792089023038
"C30B5.2",18.8376262108215,21.5115623496213,17.7092445979676,27.0200242349912,31.6021784992088,26.4396044511519
"rbmx-2",5.65128786324646,6.27420568530621,4.8297939812639,2.07846340269163,1.85895167642405,3.96594066767279
"mrpl-32",5.65128786324646,8.96315097900887,5.63475964480788,9.35308531211235,6.50633086748416,3.96594066767279
"hsp-110",781.761487749093,566.471141873361,630.288114554939,788.776861321475,759.381759819223,581.671297925342
"vha-16",159.177941481442,111.14307213971,103.03560493363,148.610133292452,129.197141511471,117.656239807626
"rege-1",10.3606944159518,8.06683588110798,8.04965663543983,6.2353902080749,10.2242342203322,5.28792089023038
"C30F12.2",11.3025757264929,13.4447264685133,10.4645536260718,5.19615850672908,13.9421375731803,6.60990111278798
"C30F12.5",11.3025757264929,6.27420568530621,20.1241415885996,19.7454023255705,15.8010892496044,9.25386155790317
"trhr-1",12.244457037034,4.48157548950443,4.02482831771991,12.4707804161498,0.929475838212023,7.93188133534558
"idhg-2",23.5470327635269,30.4747133286302,27.3688325604954,22.863097429608,22.3074201170885,30.4055451188247
"C30G4.4",7.53505048432861,7.1705207832071,2.41489699063195,2.07846340269163,1.85895167642405,2.64396044511519
"C30G12.2",1.88376262108215,0,0,0,0,0
"erp-44.1",48.977828148136,60.9494266572603,47.492974149095,25.9807925336454,27.8842751463607,62.133070460207
"C31B8.7",0.941881310541076,1.79263019580177,5.63475964480788,4.15692680538327,0.929475838212023,0
"zmp-3",17.8957449002804,13.4447264685133,13.6844162802477,13.5100121174956,14.8716134113924,17.1857428932487
"lntl-1",9.41881310541076,14.3410415664142,6.43972530835186,9.35308531211235,14.8716134113924,14.5417824481336
"tbc-7",16.0119822791983,8.96315097900887,20.9291072521436,14.5492438188414,19.5189926024525,15.8637626706912
"C31H2.3",0.941881310541076,0,1.60993132708797,2.07846340269163,0.929475838212023,0
"C31H2.4",3.7675252421643,5.37789058740532,0.804965663543983,2.07846340269163,0,5.28792089023038
"C32D5.1",2.82564393162323,0,4.8297939812639,0,0.929475838212023,5.28792089023038
"efr-3",24.488914074068,8.06683588110798,23.3440042427755,29.0984876376829,23.2368959553006,23.7956440060367
"set-4",7.53505048432861,4.48157548950443,4.02482831771991,5.19615850672908,3.71790335284809,2.64396044511519
"C32D5.6",6.59316917378753,8.06683588110798,1.60993132708797,0,1.85895167642405,0
"C32D5.7",3.7675252421643,1.79263019580177,2.41489699063195,4.15692680538327,6.50633086748416,7.93188133534558
"C32D5.8",21.6632701424447,41.2304945034408,18.5142102615116,13.5100121174956,19.5189926024525,19.8297033383639
"C32D5.10",10.3606944159518,8.06683588110798,4.02482831771991,10.3923170134582,13.9421375731803,5.28792089023038
"C32D5.11",20.7213888319037,29.5783982307293,22.5390385792315,30.1377193390287,25.0958476317246,35.6934660090551
"tppp-1",17.8957449002804,12.5484113706124,11.2695192896158,18.7061706242247,10.2242342203322,7.93188133534558
"C32E8.5",9.41881310541076,6.27420568530621,9.6595879625278,8.31385361076654,12.0831858967563,14.5417824481336
"C32E8.9",4.70940655270538,6.27420568530621,11.2695192896158,8.31385361076654,8.3652825439082,2.64396044511519
"ubr-1",88.5368431908611,84.2536192026834,116.720021213878,75.8639141982446,79.0054462480219,128.232081588087
"pde-5",0.941881310541076,1.79263019580177,3.21986265417593,2.07846340269163,0.929475838212023,1.3219802225576
"C32E12.4",3.7675252421643,10.7557811748106,8.85462229898381,1.03923170134582,4.64737919106011,9.25386155790317
"obr-4",45.2103029059717,27.7857680349275,24.1489699063195,48.8438899632534,28.8137509845727,31.7275253413823
"C32F10.4",8.47693179486968,14.3410415664142,31.3936608782153,19.7454023255705,8.3652825439082,23.7956440060367
"C32F10.8",95.1300123646487,35.8526039160355,77.2767037002224,65.4715971847865,57.6275019691454,55.523169347419
"gba-1",12.244457037034,24.2005076433239,20.1241415885996,11.431548714804,9.29475838212023,17.1857428932487
"mtq-2",3.7675252421643,16.133671762216,13.6844162802477,9.35308531211235,13.0126617349683,14.5417824481336
"C33C12.10",5.65128786324646,7.1705207832071,1.60993132708797,6.2353902080749,5.57685502927214,9.25386155790317
"cnnm-3",20.7213888319037,13.4447264685133,17.7092445979676,2.07846340269163,9.29475838212023,27.7615846737095
"rig-6",29.1983206267734,13.4447264685133,20.9291072521436,14.5492438188414,15.8010892496044,34.3714857864975
"lact-5",10.3606944159518,5.37789058740532,10.4645536260718,6.2353902080749,12.0831858967563,5.28792089023038
"C33G8.2",1.88376262108215,0,1.60993132708797,5.19615850672908,0.929475838212023,5.28792089023038
"C33G8.4",19.7795075213626,18.8226170559186,31.3936608782153,18.7061706242247,22.3074201170885,11.8978220030184
"swd-2.2",2.82564393162323,6.27420568530621,5.63475964480788,1.03923170134582,2.78842751463607,1.3219802225576
"rpap-3",10.3606944159518,10.7557811748106,7.24469097189585,7.27462190942072,7.43580670569618,1.3219802225576
"sec-10",7.53505048432861,2.68894529370266,15.2943476073357,3.11769510403745,7.43580670569618,3.96594066767279
"imp-3",11.3025757264929,13.4447264685133,6.43972530835186,17.6669389228789,8.3652825439082,2.64396044511519
"C33H5.13",1.88376262108215,5.37789058740532,2.41489699063195,8.31385361076654,3.71790335284809,0
"ntp-1",3.7675252421643,3.58526039160355,2.41489699063195,3.11769510403745,5.57685502927214,2.64396044511519
"zgpa-1",4.70940655270538,13.4447264685133,3.21986265417593,5.19615850672908,4.64737919106011,1.3219802225576
"cdgs-1",17.8957449002804,55.571536069855,50.7128368032709,33.2554144430661,51.1211711016613,37.0154462316127
"kbp-5",0,0,0.804965663543983,0,2.78842751463607,0
"ttc-1",8.47693179486968,4.48157548950443,1.60993132708797,0,1.85895167642405,1.3219802225576
"lonp-1",54.6291160113824,45.7120699929452,62.7873217564307,21.8238657282622,42.755888557753,44.9473275669583
"sdha-2",2.82564393162323,1.79263019580177,8.85462229898381,6.2353902080749,17.6600409260284,7.93188133534558
"C34B2.8",39.5590150427252,23.3041925454231,24.1489699063195,31.1769510403745,26.9547993081487,15.8637626706912
"spcs-1",1.88376262108215,8.06683588110798,12.8794506167037,9.35308531211235,2.78842751463607,10.5758417804608
"C34D4.4",0.941881310541076,1.79263019580177,8.85462229898381,2.07846340269163,0,1.3219802225576
"mutd-1",8.47693179486968,0.896315097900887,6.43972530835186,6.2353902080749,5.57685502927214,3.96594066767279
"hecd-1",440.800453333224,563.782196579658,445.146011939823,363.731095471036,346.694487653084,568.451495699766
"C34D10.1",5.65128786324646,10.7557811748106,1.60993132708797,3.11769510403745,13.0126617349683,6.60990111278798
"C34D10.2",37.675252421643,43.0231246992426,29.7837295511274,25.9807925336454,34.3906060138448,39.6594066767279
"prmt-5",27.3145580056912,37.6452341118373,20.1241415885996,25.9807925336454,26.0253234699366,38.3374264541703
"sumv-1",17.8957449002804,17.0299868601169,8.85462229898381,25.9807925336454,13.9421375731803,19.8297033383639
"C34E10.10",3.7675252421643,1.79263019580177,4.8297939812639,0,3.71790335284809,7.93188133534558
"mrps-26",17.8957449002804,7.1705207832071,16.9042789344236,18.7061706242247,16.7305650878164,11.8978220030184
"ampd-1",130.92150216521,109.350441943908,132.014368821213,88.3346946143945,134.773996540743,109.72435847228
"C34F11.8",5.65128786324646,8.96315097900887,11.2695192896158,4.15692680538327,5.57685502927214,1.3219802225576
"hpo-27",30.1402019373144,32.2673435244319,31.3936608782153,22.863097429608,23.2368959553006,43.6253473444007
"tyr-4",18.8376262108215,8.06683588110798,4.8297939812639,29.0984876376829,22.3074201170885,23.7956440060367
"noah-1",2.82564393162323,7.1705207832071,0.804965663543983,48.8438899632534,63.2043569984175,33.0495055639399
"C34H4.1",7.53505048432861,2.68894529370266,4.8297939812639,3.11769510403745,0,1.3219802225576
"C34H4.2",9.41881310541076,10.7557811748106,7.24469097189585,11.431548714804,12.0831858967563,6.60990111278798
"dmsr-7",1.88376262108215,4.48157548950443,5.63475964480788,0,2.78842751463607,5.28792089023038
"C35A11.4",11.3025757264929,4.48157548950443,12.0744849531597,15.5884755201873,11.1537100585443,15.8637626706912
"C35B1.2",11.3025757264929,3.58526039160355,5.63475964480788,11.431548714804,3.71790335284809,1.3219802225576
"C35B1.5",33.9077271794787,38.5415492097381,36.2234548594792,31.1769510403745,26.9547993081487,19.8297033383639
"C35B8.3",20.7213888319037,6.27420568530621,11.2695192896158,12.4707804161498,9.29475838212023,3.96594066767279
"C35D10.1",10.3606944159518,0.896315097900887,4.8297939812639,14.5492438188414,9.29475838212023,11.8978220030184
"C35D10.5",9.41881310541076,0.896315097900887,3.21986265417593,1.03923170134582,6.50633086748416,6.60990111278798
"C35D10.6",2.82564393162323,2.68894529370266,2.41489699063195,2.07846340269163,3.71790335284809,1.3219802225576
"C35D10.7",4.70940655270538,1.79263019580177,4.02482831771991,9.35308531211235,0,1.3219802225576
"C35D10.10",11.3025757264929,13.4447264685133,13.6844162802477,16.6277072215331,13.0126617349683,10.5758417804608
"tost-1",5.65128786324646,0,1.60993132708797,8.31385361076654,1.85895167642405,0
"clec-5",0.941881310541076,0.896315097900887,3.21986265417593,0,0.929475838212023,1.3219802225576
"C35D10.17",7.53505048432861,2.68894529370266,9.6595879625278,2.07846340269163,1.85895167642405,7.93188133534558
"C35E7.2",12.244457037034,6.27420568530621,9.6595879625278,10.3923170134582,7.43580670569618,6.60990111278798
"C35E7.4",12.244457037034,11.6520962727115,13.6844162802477,9.35308531211235,9.29475838212023,5.28792089023038
"C35E7.6",13.1863383475751,13.4447264685133,16.0993132708797,10.3923170134582,11.1537100585443,19.8297033383639
"C35E7.11",7.53505048432861,1.79263019580177,8.85462229898381,2.07846340269163,8.3652825439082,0
"C36B7.6",47.0940655270538,39.437864307639,43.4681458313751,38.4515729497952,49.2622194252372,51.5572286797462
"fubl-3",21.6632701424447,28.6820831328284,20.9291072521436,27.0200242349912,39.967461043117,44.9473275669583
"C36E6.2",4.70940655270538,0.896315097900887,5.63475964480788,4.15692680538327,2.78842751463607,1.3219802225576
"C37A2.7",502.022738518394,492.973303845488,561.8660331537,577.812825948274,544.672841192245,657.024170611125
"C37A2.8",8.47693179486968,4.48157548950443,2.41489699063195,0,7.43580670569618,1.3219802225576
"C37C3.1",4.70940655270538,5.37789058740532,3.21986265417593,9.35308531211235,7.43580670569618,5.28792089023038
"C37C3.2",61.2222851851699,65.4310021467647,74.0568410460464,67.5500605874781,61.3454053219935,46.2693077895159
"C37C3.7",1.88376262108215,0,0,6.2353902080749,11.1537100585443,0
"memo-1",6.59316917378753,7.1705207832071,4.02482831771991,12.4707804161498,13.0126617349683,3.96594066767279
"C37C3.12",15.0701009686572,13.4447264685133,8.85462229898381,7.27462190942072,14.8716134113924,10.5758417804608
"ttr-33",4.70940655270538,10.7557811748106,4.8297939812639,13.5100121174956,2.78842751463607,13.219802225576
"abhd-5.1",8.47693179486968,9.85946607690976,1.60993132708797,11.431548714804,3.71790335284809,3.96594066767279
"abhd-5.2",25.4307953846091,21.5115623496213,14.4893819437917,31.1769510403745,22.3074201170885,40.9813868992855
"C37H5.5",83.8274366381558,77.9794135173772,70.8369783918705,71.7069873928614,59.4864536455695,64.7770309053222
"adss-1",137.514671338997,182.848279971781,213.315900839155,127.825499265535,158.010892496044,185.077231158063
"C37H5.13",21.6632701424447,34.0599737202337,28.9787638875834,37.4123412484494,34.3906060138448,25.1176242285943
"C38C3.4",6.59316917378753,3.58526039160355,0.804965663543983,1.03923170134582,2.78842751463607,2.64396044511519
"C39B5.6",3.7675252421643,5.37789058740532,10.4645536260718,9.35308531211235,4.64737919106011,2.64396044511519
"pcyt-2.2",10.3606944159518,17.0299868601169,14.4893819437917,3.11769510403745,4.64737919106011,6.60990111278798
"C39D10.6",3.7675252421643,0.896315097900887,3.21986265417593,2.07846340269163,2.78842751463607,9.25386155790317
"C39D10.8",0.941881310541076,2.68894529370266,1.60993132708797,3.11769510403745,2.78842751463607,3.96594066767279
"madd-2",18.8376262108215,22.4078774475222,28.1737982240394,20.7846340269163,14.8716134113924,7.93188133534558
"C39F7.5",3.7675252421643,0,0.804965663543983,9.35308531211235,0,0
"C39H7.4",18.8376262108215,13.4447264685133,13.6844162802477,15.5884755201873,19.5189926024525,9.25386155790317
"math-18",0.941881310541076,5.37789058740532,3.21986265417593,0,8.3652825439082,1.3219802225576
"math-20",2.82564393162323,2.68894529370266,6.43972530835186,7.27462190942072,1.85895167642405,2.64396044511519
"pks-1",15.0701009686572,7.1705207832071,4.8297939812639,8.31385361076654,5.57685502927214,11.8978220030184
"C41D11.3",38.6171337321841,33.1636586223328,35.4184891959353,58.1969752753658,57.6275019691454,50.2352484571886
"cmt-1",2.82564393162323,8.06683588110798,0,3.11769510403745,1.85895167642405,9.25386155790317
"gnrr-4",4.70940655270538,1.79263019580177,6.43972530835186,2.07846340269163,2.78842751463607,7.93188133534558
"lido-9",5.65128786324646,9.85946607690976,4.8297939812639,13.5100121174956,13.0126617349683,10.5758417804608
"vps-8",16.9538635897394,7.1705207832071,4.8297939812639,8.31385361076654,12.0831858967563,5.28792089023038
"tag-335",10.3606944159518,5.37789058740532,7.24469097189585,5.19615850672908,3.71790335284809,9.25386155790317
"oac-59",0,0,2.41489699063195,4.15692680538327,0,0
"hpo-12",0.941881310541076,7.1705207832071,4.02482831771991,5.19615850672908,1.85895167642405,7.93188133534558
"ltah-1.1",10.3606944159518,7.1705207832071,8.85462229898381,11.431548714804,9.29475838212023,5.28792089023038
"C42C1.12",5.65128786324646,4.48157548950443,4.8297939812639,1.03923170134582,7.43580670569618,5.28792089023038
"erl-1",2.82564393162323,4.48157548950443,2.41489699063195,3.11769510403745,3.71790335284809,0
"C42D4.1",48.977828148136,45.7120699929452,41.8582145042871,60.2754386780574,55.7685502927214,39.6594066767279
"C42D4.2",0,0,2.41489699063195,1.03923170134582,0,0
"C42D4.3",1.88376262108215,3.58526039160355,5.63475964480788,8.31385361076654,10.2242342203322,6.60990111278798
"C42D8.1",1.88376262108215,3.58526039160355,8.04965663543983,3.11769510403745,4.64737919106011,7.93188133534558
"acin-1",19.7795075213626,15.2373566643151,24.1489699063195,24.9415608322996,21.3779442788765,17.1857428932487
"mus-81",9.41881310541076,4.48157548950443,8.85462229898381,6.2353902080749,7.43580670569618,2.64396044511519
"met-1",27.3145580056912,34.0599737202337,41.0532488407431,57.1577435740199,42.755888557753,42.3033671218431
"exoc-7",11.3025757264929,12.5484113706124,9.6595879625278,17.6669389228789,18.5895167642405,2.64396044511519
"C43E11.9",9.41881310541076,1.79263019580177,5.63475964480788,9.35308531211235,0.929475838212023,5.28792089023038
"cogc-5",13.1863383475751,10.7557811748106,19.3191759250556,4.15692680538327,23.2368959553006,17.1857428932487
"paqr-1",26.3726766951501,18.8226170559186,28.1737982240394,36.3731095471036,34.3906060138448,19.8297033383639
"bicd-1",25.4307953846091,28.6820831328284,30.5886952146714,36.3731095471036,26.0253234699366,27.7615846737095
"best-9",0.941881310541076,1.79263019580177,4.02482831771991,0,0,0
"trpp-12",1.88376262108215,4.48157548950443,0.804965663543983,7.27462190942072,2.78842751463607,0
"C43H6.3",1.88376262108215,0.896315097900887,4.8297939812639,5.19615850672908,3.71790335284809,0
"C43H6.4",5.65128786324646,2.68894529370266,4.8297939812639,4.15692680538327,4.64737919106011,0
"mafr-1",2.82564393162323,3.58526039160355,6.43972530835186,3.11769510403745,4.64737919106011,11.8978220030184
"psmd-9",1.88376262108215,1.79263019580177,1.60993132708797,4.15692680538327,0.929475838212023,1.3219802225576
"hrpl-1",8.47693179486968,5.37789058740532,11.2695192896158,3.11769510403745,3.71790335284809,0
"slc-36.5",4.70940655270538,0,0.804965663543983,10.3923170134582,8.3652825439082,0
"C44B7.7",3.7675252421643,5.37789058740532,8.85462229898381,1.03923170134582,8.3652825439082,1.3219802225576
"acer-1",368.275592421561,319.088174852716,368.674273903144,574.695130844237,567.909737147546,462.693077895159
"C44B7.11",38.6171337321841,28.6820831328284,33.8085578688473,56.1185118726741,32.5316543374208,34.3714857864975
"C44B7.12",0,6.27420568530621,0.804965663543983,2.07846340269163,8.3652825439082,0
"C44B11.4",29.1983206267734,45.7120699929452,37.8333861865672,32.2161827417203,30.6727026609968,60.8110902376494
"chil-10",3.7675252421643,4.48157548950443,1.60993132708797,2.07846340269163,1.85895167642405,7.93188133534558
"vps-45",2.82564393162323,1.79263019580177,4.02482831771991,3.11769510403745,5.57685502927214,0
"abhd-3.2",3.7675252421643,14.3410415664142,8.04965663543983,9.35308531211235,10.2242342203322,6.60990111278798
"C44C1.6",1.88376262108215,0,3.21986265417593,0,0.929475838212023,0
"ubr-4",210.981413561201,157.751457230556,171.457686334868,170.433999020714,130.126617349683,196.975053161082
"ssb-1",78.1761487749093,70.8088927341701,78.8866350273103,100.805475030544,76.2170187333859,50.2352484571886
"C44E4.5",5.65128786324646,15.2373566643151,12.0744849531597,5.19615850672908,6.50633086748416,13.219802225576
"acbp-1",38.6171337321841,53.7789058740532,41.0532488407431,43.6477314565243,43.6853643959651,26.4396044511519
"C44E12.1",0,0.896315097900887,0.804965663543983,0,1.85895167642405,0
"C45B2.2",13.1863383475751,1.79263019580177,2.41489699063195,2.07846340269163,12.0831858967563,5.28792089023038
"C45B2.6",5.65128786324646,5.37789058740532,8.85462229898381,3.11769510403745,6.50633086748416,10.5758417804608
"C45E1.4",13.1863383475751,8.06683588110798,1.60993132708797,1.03923170134582,2.78842751463607,2.64396044511519
"C45E5.1",12.244457037034,11.6520962727115,12.8794506167037,5.19615850672908,0.929475838212023,10.5758417804608
"C45E5.4",3.7675252421643,7.1705207832071,0.804965663543983,0,0,3.96594066767279
"C45G7.4",4.70940655270538,2.68894529370266,0.804965663543983,6.2353902080749,3.71790335284809,5.28792089023038
"C45G9.5",21.6632701424447,11.6520962727115,9.6595879625278,14.5492438188414,13.9421375731803,2.64396044511519
"C45G9.6",5.65128786324646,2.68894529370266,3.21986265417593,2.07846340269163,1.85895167642405,0
"nlp-43",0,0.896315097900887,1.60993132708797,1.03923170134582,3.71790335284809,5.28792089023038
"rdl-1",1.88376262108215,1.79263019580177,3.21986265417593,1.03923170134582,0,0
"hosl-1",7.53505048432861,6.27420568530621,9.6595879625278,8.31385361076654,13.0126617349683,7.93188133534558
"C46C11.2",8.47693179486968,4.48157548950443,5.63475964480788,5.19615850672908,10.2242342203322,5.28792089023038
"C46C11.3",2.82564393162323,7.1705207832071,7.24469097189585,7.27462190942072,2.78842751463607,7.93188133534558
"fbxc-52",9.41881310541076,11.6520962727115,12.8794506167037,7.27462190942072,13.9421375731803,0
"C46F2.1",0,8.06683588110798,6.43972530835186,0,6.50633086748416,0
"acs-17",29.1983206267734,23.3041925454231,33.8085578688473,46.7654265605618,31.6021784992088,25.1176242285943
"math-24",3.7675252421643,0.896315097900887,2.41489699063195,4.15692680538327,0,1.3219802225576
"C46G7.1",4.70940655270538,12.5484113706124,8.85462229898381,13.5100121174956,21.3779442788765,0
"C46G7.2",16.0119822791983,7.1705207832071,19.3191759250556,32.2161827417203,20.4484684406645,6.60990111278798
"C46H3.2",11.3025757264929,8.06683588110798,4.8297939812639,3.11769510403745,16.7305650878164,3.96594066767279
"C46H11.2",0,1.79263019580177,2.41489699063195,2.07846340269163,2.78842751463607,1.3219802225576
"C46H11.10",4.70940655270538,1.79263019580177,6.43972530835186,2.07846340269163,8.3652825439082,9.25386155790317
"fhod-1",25.4307953846091,26.8894529370266,30.5886952146714,30.1377193390287,31.6021784992088,23.7956440060367
"pitr-1",110.200113333306,112.935702335512,92.571051307558,116.393950550732,98.5244388504744,142.77386403622
"C48B6.2",35.7914898005609,48.4010152866479,48.297939812639,12.4707804161498,9.29475838212023,22.4736637834791
"C48B6.3",5.65128786324646,7.1705207832071,3.21986265417593,6.2353902080749,11.1537100585443,6.60990111278798
"C48B6.10",4.70940655270538,0,2.41489699063195,2.07846340269163,3.71790335284809,0
"C48E7.1",21.6632701424447,17.0299868601169,23.3440042427755,20.7846340269163,25.0958476317246,29.0835648962671
"let-611",9.41881310541076,2.68894529370266,8.04965663543983,4.15692680538327,13.9421375731803,7.93188133534558
"C48E7.6",19.7795075213626,11.6520962727115,7.24469097189585,8.31385361076654,8.3652825439082,17.1857428932487
"cebp-2",0.941881310541076,1.79263019580177,0.804965663543983,0,2.78842751463607,0
"C49A9.3",5.65128786324646,5.37789058740532,6.43972530835186,4.15692680538327,3.71790335284809,10.5758417804608
"C49A9.4",12.244457037034,8.96315097900887,4.8297939812639,0,3.71790335284809,2.64396044511519
"C49A9.5",4.70940655270538,4.48157548950443,12.8794506167037,3.11769510403745,4.64737919106011,3.96594066767279
"C49A9.6",5.65128786324646,0,12.8794506167037,3.11769510403745,4.64737919106011,2.64396044511519
"C49A9.9",7.53505048432861,6.27420568530621,7.24469097189585,9.35308531211235,1.85895167642405,13.219802225576
"C49A9.10",0,0,0,1.03923170134582,0,2.64396044511519
"cyp-33E1",0.941881310541076,4.48157548950443,5.63475964480788,5.19615850672908,7.43580670569618,0
"C49C8.5",15.0701009686572,28.6820831328284,30.5886952146714,28.0592559363371,9.29475838212023,6.60990111278798
"C49G7.3",84.7693179486968,86.942564496386,99.0107766159099,67.5500605874781,82.72334960087,91.2166353564741
"phat-3",4.70940655270538,3.58526039160355,8.04965663543983,1.03923170134582,5.57685502927214,14.5417824481336
"cyp-35A4",1.88376262108215,0,0,0,2.78842751463607,0
"C49H3.3",13.1863383475751,1.79263019580177,15.2943476073357,6.2353902080749,14.8716134113924,3.96594066767279
"C49H3.6",7.53505048432861,9.85946607690976,12.0744849531597,10.3923170134582,9.29475838212023,10.5758417804608
"arp-11",4.70940655270538,8.96315097900887,3.21986265417593,1.03923170134582,3.71790335284809,3.96594066767279
"C49H3.9",5.65128786324646,4.48157548950443,3.21986265417593,4.15692680538327,8.3652825439082,6.60990111278798
"cec-2",6.59316917378753,8.96315097900887,4.02482831771991,7.27462190942072,0.929475838212023,6.60990111278798
"C50C3.5",1.88376262108215,3.58526039160355,7.24469097189585,1.03923170134582,4.64737919106011,2.64396044511519
"bath-42",19.7795075213626,13.4447264685133,12.0744849531597,15.5884755201873,13.0126617349683,18.5077231158063
"C50D2.1",0,0,4.02482831771991,4.15692680538327,3.71790335284809,2.64396044511519
"C50D2.2",3.7675252421643,8.96315097900887,6.43972530835186,6.2353902080749,6.50633086748416,9.25386155790317
"C50D2.5",11.3025757264929,5.37789058740532,15.2943476073357,3.11769510403745,18.5895167642405,5.28792089023038
"C50D2.6",7.53505048432861,7.1705207832071,12.0744849531597,6.2353902080749,13.9421375731803,5.28792089023038
"C50D2.7",5.65128786324646,11.6520962727115,12.8794506167037,8.31385361076654,20.4484684406645,18.5077231158063
"C50D2.8",11.3025757264929,7.1705207832071,7.24469097189585,18.7061706242247,12.0831858967563,9.25386155790317
"C50D2.9",2.82564393162323,8.96315097900887,3.21986265417593,6.2353902080749,4.64737919106011,5.28792089023038
"C50E3.5",3.7675252421643,0,4.02482831771991,5.19615850672908,8.3652825439082,3.96594066767279
"C50E3.6",1.88376262108215,8.06683588110798,1.60993132708797,4.15692680538327,2.78842751463607,2.64396044511519
"C50F2.2",27.3145580056912,33.1636586223328,24.1489699063195,13.5100121174956,22.3074201170885,14.5417824481336
"syf-1",58.3966412535467,63.638371950963,46.688008485551,38.4515729497952,59.4864536455695,77.9968331308982
"C50F2.4",10.3606944159518,5.37789058740532,5.63475964480788,6.2353902080749,8.3652825439082,0
"C50F2.7",0.941881310541076,1.79263019580177,0,3.11769510403745,0.929475838212023,1.3219802225576
"magu-3",0.941881310541076,0,2.41489699063195,1.03923170134582,13.0126617349683,0
"sucg-1",16.0119822791983,15.2373566643151,13.6844162802477,17.6669389228789,13.0126617349683,11.8978220030184
"C50F7.5",28.2564393162323,73.4978380278727,37.0284205230232,72.7462190942072,55.7685502927214,70.0649517955526
"C50F7.6",10.3606944159518,2.68894529370266,5.63475964480788,10.3923170134582,4.64737919106011,3.96594066767279
"klo-1",14.1282196581161,12.5484113706124,12.8794506167037,9.35308531211235,13.9421375731803,19.8297033383639
"acs-21",4.70940655270538,0.896315097900887,4.8297939812639,2.07846340269163,1.85895167642405,0
"cyp-33C9",13.1863383475751,4.48157548950443,10.4645536260718,4.15692680538327,12.0831858967563,22.4736637834791
"C52A10.1",7.53505048432861,16.133671762216,8.85462229898381,11.431548714804,12.0831858967563,14.5417824481336
"ets-9",2.82564393162323,6.27420568530621,4.02482831771991,2.07846340269163,2.78842751463607,0
"coel-1",2.82564393162323,6.27420568530621,8.85462229898381,17.6669389228789,29.7432268227847,5.28792089023038
"C52B9.4",17.8957449002804,18.8226170559186,36.2234548594792,17.6669389228789,26.9547993081487,25.1176242285943
"inso-1",8.47693179486968,8.96315097900887,14.4893819437917,4.15692680538327,3.71790335284809,11.8978220030184
"C52D10.3",6.59316917378753,0.896315097900887,8.04965663543983,5.19615850672908,6.50633086748416,7.93188133534558
"cnnm-1",22.6051514529858,8.96315097900887,10.4645536260718,36.3731095471036,22.3074201170885,18.5077231158063
"C52E2.4",0.941881310541076,2.68894529370266,0,7.27462190942072,0,6.60990111278798
"C52E12.1",32.9658458689377,38.5415492097381,28.9787638875834,48.8438899632534,54.8390744545093,40.9813868992855
"lst-6",50.8615907692181,57.3641662656568,40.2482831771991,48.8438899632534,45.5443160723891,70.0649517955526
"C53B7.3",197.795075213626,335.221846614932,227.805282782947,177.708620930135,187.754119318829,204.906934496427
"clik-2",167.654873276312,147.891991153646,158.578235718165,166.277072215331,168.235126716376,170.53544870993
"C53D5.1",13.1863383475751,2.68894529370266,2.41489699063195,11.431548714804,9.29475838212023,5.28792089023038
"ztf-3",3.7675252421643,0.896315097900887,1.60993132708797,1.03923170134582,2.78842751463607,1.3219802225576
"C53D5.5",11.3025757264929,10.7557811748106,13.6844162802477,14.5492438188414,22.3074201170885,5.28792089023038
"C53H9.2",42.3846589743484,42.1268096013417,36.2234548594792,31.1769510403745,31.6021784992088,23.7956440060367
"drn-1",10.3606944159518,9.85946607690976,4.8297939812639,4.15692680538327,6.50633086748416,5.28792089023038
"lam-2",172.364279829017,159.544087426358,160.993132708797,116.393950550732,117.113955614715,99.1485166918197
"C54D1.7",4.70940655270538,3.58526039160355,0,0,1.85895167642405,1.3219802225576
"C54D2.2",2.82564393162323,0.896315097900887,0.804965663543983,2.07846340269163,0,0
"test-1",81.9436740170736,97.6983456711967,76.4717380366784,56.1185118726741,51.1211711016613,79.3188133534558
"C54E4.4",9.41881310541076,9.85946607690976,8.85462229898381,6.2353902080749,7.43580670569618,1.3219802225576
"C54E4.5",4.70940655270538,0.896315097900887,6.43972530835186,13.5100121174956,6.50633086748416,0
"mboa-3",43.3265402848895,44.8157548950443,43.4681458313751,46.7654265605618,39.037985204905,22.4736637834791
"ifta-1",9.41881310541076,0,2.41489699063195,1.03923170134582,4.64737919106011,0
"tag-294",12.244457037034,0,3.21986265417593,5.19615850672908,8.3652825439082,0
"C55B6.1",13.1863383475751,13.4447264685133,6.43972530835186,6.2353902080749,17.6600409260284,18.5077231158063
"acdh-1",155.410416239278,119.209908020818,173.067617661956,163.159377111293,200.766781053797,129.554061810644
"uri-1",12.244457037034,0.896315097900887,4.02482831771991,12.4707804161498,10.2242342203322,7.93188133534558
"sulp-1",7.53505048432861,14.3410415664142,9.6595879625278,7.27462190942072,9.29475838212023,7.93188133534558
"perm-5",7.53505048432861,5.37789058740532,7.24469097189585,5.19615850672908,0.929475838212023,0
"atic-1",24.488914074068,33.1636586223328,33.0035922053033,28.0592559363371,30.6727026609968,19.8297033383639
"ilys-4",19.7795075213626,15.2373566643151,11.2695192896158,10.3923170134582,13.9421375731803,18.5077231158063
"vps-33.2",5.65128786324646,0,8.04965663543983,3.11769510403745,2.78842751463607,1.3219802225576
"vps-32.1",32.9658458689377,13.4447264685133,28.1737982240394,29.0984876376829,31.6021784992088,27.7615846737095
"C56C10.7",12.244457037034,10.7557811748106,6.43972530835186,7.27462190942072,5.57685502927214,15.8637626706912
"C56C10.9",0.941881310541076,0.896315097900887,3.21986265417593,1.03923170134582,0,0
"aipr-1",11.3025757264929,3.58526039160355,4.02482831771991,10.3923170134582,15.8010892496044,9.25386155790317
"C56C10.11",22.6051514529858,18.8226170559186,23.3440042427755,18.7061706242247,17.6600409260284,15.8637626706912
"epg-5",31.0820832478555,24.2005076433239,29.7837295511274,32.2161827417203,24.1663717935126,15.8637626706912
"C56E6.2",13.1863383475751,8.06683588110798,1.60993132708797,3.11769510403745,3.71790335284809,10.5758417804608
"toe-2",10.3606944159518,17.0299868601169,9.6595879625278,11.431548714804,10.2242342203322,7.93188133534558
"lron-15",0,0.896315097900887,1.60993132708797,3.11769510403745,5.57685502927214,0
"nhr-173",7.53505048432861,12.5484113706124,8.85462229898381,9.35308531211235,13.0126617349683,13.219802225576
"akap-1",268.436173504207,189.122485657087,235.049973754843,272.278705752604,231.439483714794,226.058618057349
"C56G2.3",19.7795075213626,5.37789058740532,8.04965663543983,22.863097429608,10.2242342203322,29.0835648962671
"C56G2.4",6.59316917378753,0.896315097900887,0,4.15692680538327,2.78842751463607,0
"rpn-13",48.0359468375949,56.4678511677559,41.0532488407431,33.2554144430661,46.4737919106011,46.2693077895159
"npr-8",1.88376262108215,1.79263019580177,1.60993132708797,0,0.929475838212023,3.96594066767279
"CC8.2",27.3145580056912,23.3041925454231,16.9042789344236,24.9415608322996,35.3200818520569,27.7615846737095
"CD4.1",2.82564393162323,3.58526039160355,7.24469097189585,5.19615850672908,1.85895167642405,3.96594066767279
"mrpl-48",10.3606944159518,16.133671762216,16.9042789344236,15.5884755201873,13.9421375731803,29.0835648962671
"vps-37",2.82564393162323,7.1705207832071,8.85462229898381,10.3923170134582,7.43580670569618,5.28792089023038
"acly-1",53.6872347008413,50.1936454824497,64.3972530835186,59.2362069767116,44.6148402341771,52.8792089023038
"D1005.2",2.82564393162323,0,4.02482831771991,10.3923170134582,4.64737919106011,0
"cebp-1",64.0479291167932,112.039387237611,72.4469097189585,124.707804161498,130.126617349683,125.588121142972
"D1007.5",5.65128786324646,4.48157548950443,4.02482831771991,2.07846340269163,3.71790335284809,1.3219802225576
"nrd-1",46.1521842165127,65.4310021467647,59.5674591022547,33.2554144430661,35.3200818520569,43.6253473444007
"D1007.10",5.65128786324646,0,1.60993132708797,1.03923170134582,0.929475838212023,1.3219802225576
"D1007.15",9.41881310541076,26.8894529370266,12.8794506167037,9.35308531211235,8.3652825439082,9.25386155790317
"eaf-1",1.88376262108215,3.58526039160355,5.63475964480788,2.07846340269163,1.85895167642405,1.3219802225576
"acs-22",30.1402019373144,40.3341794055399,30.5886952146714,49.8831216645992,41.826412719541,37.0154462316127
"ensh-1",1.88376262108215,2.68894529370266,1.60993132708797,1.03923170134582,1.85895167642405,3.96594066767279
"snap-1",10.3606944159518,5.37789058740532,23.3440042427755,10.3923170134582,8.3652825439082,2.64396044511519
"D1014.4",3.7675252421643,1.79263019580177,0.804965663543983,4.15692680538327,6.50633086748416,1.3219802225576
"D1014.5",0,0,0,5.19615850672908,6.50633086748416,1.3219802225576
"D1022.4",6.59316917378753,0,6.43972530835186,2.07846340269163,8.3652825439082,5.28792089023038
"D1037.1",11.3025757264929,8.96315097900887,13.6844162802477,7.27462190942072,8.3652825439082,2.64396044511519
"D1044.1",0.941881310541076,8.96315097900887,2.41489699063195,4.15692680538327,10.2242342203322,5.28792089023038
"dex-1",15.0701009686572,7.1705207832071,4.02482831771991,13.5100121174956,4.64737919106011,11.8978220030184
"D1044.6",10.3606944159518,14.3410415664142,14.4893819437917,10.3923170134582,14.8716134113924,11.8978220030184
"D1069.3",11.3025757264929,8.96315097900887,12.0744849531597,6.2353902080749,9.29475838212023,7.93188133534558
"trk-1",4.70940655270538,3.58526039160355,9.6595879625278,11.431548714804,8.3652825439082,9.25386155790317
"D2007.1",0,0,0,0,0,0
"D2007.2",0.941881310541076,2.68894529370266,2.41489699063195,2.07846340269163,3.71790335284809,5.28792089023038
"mrpl-18",16.9538635897394,8.96315097900887,3.21986265417593,10.3923170134582,0.929475838212023,2.64396044511519
"atg-13",19.7795075213626,9.85946607690976,22.5390385792315,14.5492438188414,16.7305650878164,15.8637626706912
"utx-1",9.41881310541076,8.96315097900887,3.21986265417593,8.31385361076654,2.78842751463607,19.8297033383639
"D2021.4",0,1.79263019580177,3.21986265417593,0,0,1.3219802225576
"D2024.5",0.941881310541076,2.68894529370266,1.60993132708797,6.2353902080749,1.85895167642405,1.3219802225576
"gstk-2",7.53505048432861,11.6520962727115,24.1489699063195,28.0592559363371,19.5189926024525,9.25386155790317
"D2063.1",0.941881310541076,2.68894529370266,8.85462229898381,1.03923170134582,5.57685502927214,6.60990111278798
"glrx-3",26.3726766951501,16.133671762216,23.3440042427755,17.6669389228789,13.0126617349683,23.7956440060367
"mctp-1",10.3606944159518,2.68894529370266,6.43972530835186,8.31385361076654,0,3.96594066767279
"ppfr-2",1.88376262108215,4.48157548950443,4.02482831771991,3.11769510403745,2.78842751463607,2.64396044511519
"D2092.4",40.5008963532663,25.9931378391257,31.3936608782153,27.0200242349912,24.1663717935126,50.2352484571886
"maco-1",15.0701009686572,16.133671762216,11.2695192896158,23.9023291309538,17.6600409260284,13.219802225576
"praf-3",6.59316917378753,6.27420568530621,21.7340729156875,3.11769510403745,5.57685502927214,10.5758417804608
"aagr-1",35.7914898005609,23.3041925454231,21.7340729156875,21.8238657282622,23.2368959553006,19.8297033383639
"nap-1",336.251627863164,227.664034866825,253.564184016355,214.081730477238,202.625732730221,170.53544870993
"D2096.9",0.941881310541076,0,0,0,0,0
"D2096.12",6.59316917378753,2.68894529370266,2.41489699063195,2.07846340269163,2.78842751463607,3.96594066767279
"lec-12",26.3726766951501,14.3410415664142,9.6595879625278,9.35308531211235,19.5189926024525,6.60990111278798
"DC2.5",4.70940655270538,0.896315097900887,8.85462229898381,4.15692680538327,10.2242342203322,5.28792089023038
"E01A2.1",15.0701009686572,20.6152472517204,24.1489699063195,16.6277072215331,18.5895167642405,13.219802225576
"E01A2.2",42.3846589743484,39.437864307639,45.883042822007,48.8438899632534,43.6853643959651,52.8792089023038
"E01A2.5",4.70940655270538,12.5484113706124,4.8297939812639,2.07846340269163,2.78842751463607,3.96594066767279
"akir-1",20.7213888319037,17.0299868601169,23.3440042427755,23.9023291309538,14.8716134113924,11.8978220030184
"poml-2",6.59316917378753,0,1.60993132708797,1.03923170134582,0,0
"E02H9.3",0.941881310541076,3.58526039160355,0,7.27462190942072,4.64737919106011,2.64396044511519
"cyp-43A1",3.7675252421643,6.27420568530621,3.21986265417593,8.31385361076654,10.2242342203322,7.93188133534558
"timm-17B.1",76.2923861538272,113.832017433413,101.425673606542,94.5700848224694,100.383390526898,97.8265364692621
"cyc-2.1",180.841211623887,199.878266831898,177.89741164322,155.884755201873,162.658271687104,193.009112493409
"maoc-1",16.9538635897394,12.5484113706124,19.3191759250556,11.431548714804,24.1663717935126,9.25386155790317
"E04F6.4",40.5008963532663,27.7857680349275,29.7837295511274,14.5492438188414,14.8716134113924,15.8637626706912
"acdh-12",29.1983206267734,26.8894529370266,40.2482831771991,25.9807925336454,16.7305650878164,7.93188133534558
"E04F6.6",18.8376262108215,22.4078774475222,20.1241415885996,20.7846340269163,20.4484684406645,10.5758417804608
"E04F6.8",0.941881310541076,0,0,0,1.85895167642405,0
"E04F6.9",0,4.48157548950443,1.60993132708797,0,1.85895167642405,5.28792089023038
"tofu-6",2.82564393162323,2.68894529370266,2.41489699063195,0,2.78842751463607,9.25386155790317
"pink-1",7.53505048432861,0.896315097900887,4.02482831771991,5.19615850672908,2.78842751463607,0
"EEED8.10",14.1282196581161,20.6152472517204,13.6844162802477,14.5492438188414,12.0831858967563,14.5417824481336
"brap-2",3.7675252421643,7.1705207832071,6.43972530835186,7.27462190942072,1.85895167642405,6.60990111278798
"EGAP2.1",1.88376262108215,1.79263019580177,0.804965663543983,1.03923170134582,0.929475838212023,2.64396044511519
"EGAP4.1",73.4667422222039,99.4909758669985,72.4469097189585,38.4515729497952,36.2495576902689,95.1825760241469
"ugt-57",8.47693179486968,4.48157548950443,5.63475964480788,18.7061706242247,13.0126617349683,5.28792089023038
"tyra-2",0.941881310541076,8.06683588110798,2.41489699063195,1.03923170134582,6.50633086748416,9.25386155790317
"hpo-10",15.0701009686572,4.48157548950443,4.8297939812639,15.5884755201873,7.43580670569618,7.93188133534558
"F01F1.2",16.0119822791983,14.3410415664142,7.24469097189585,13.5100121174956,6.50633086748416,1.3219802225576
"F01F1.3",16.0119822791983,6.27420568530621,6.43972530835186,14.5492438188414,16.7305650878164,14.5417824481336
"rabn-5",27.3145580056912,24.2005076433239,18.5142102615116,16.6277072215331,22.3074201170885,17.1857428932487
"ddx-23",31.0820832478555,21.5115623496213,37.0284205230232,35.3338778457578,16.7305650878164,31.7275253413823
"dnpp-1",38.6171337321841,47.504700188747,40.2482831771991,54.0400484699825,59.4864536455695,44.9473275669583
"eng-1",0,3.58526039160355,0.804965663543983,3.11769510403745,1.85895167642405,1.3219802225576
"F01F1.11",3.7675252421643,7.1705207832071,1.60993132708797,5.19615850672908,3.71790335284809,2.64396044511519
"aldo-2",286.331918404487,323.56975034222,351.769994968721,356.456473561615,390.37985204905,371.476442538684
"F01F1.15",5.65128786324646,3.58526039160355,6.43972530835186,1.03923170134582,3.71790335284809,1.3219802225576
"atg-16.1",9.41881310541076,7.1705207832071,3.21986265417593,10.3923170134582,13.0126617349683,9.25386155790317
"ncam-1",51.8034720797592,40.3341794055399,43.4681458313751,35.3338778457578,42.755888557753,23.7956440060367
"F07C3.2",3.7675252421643,3.58526039160355,1.60993132708797,8.31385361076654,0,2.64396044511519
"F07C3.3",1.88376262108215,0,0.804965663543983,7.27462190942072,2.78842751463607,3.96594066767279
"glo-4",22.6051514529858,23.3041925454231,37.0284205230232,37.4123412484494,23.2368959553006,18.5077231158063
"nhr-36",1.88376262108215,3.58526039160355,4.02482831771991,5.19615850672908,5.57685502927214,0
"grsp-4",12.244457037034,11.6520962727115,6.43972530835186,5.19615850672908,8.3652825439082,15.8637626706912
"F07E5.5",48.0359468375949,42.1268096013417,43.4681458313751,39.490804651141,42.755888557753,48.913268234631
"F07F6.4",16.9538635897394,20.6152472517204,14.4893819437917,14.5492438188414,19.5189926024525,22.4736637834791
"F07F6.8",16.0119822791983,4.48157548950443,9.6595879625278,18.7061706242247,16.7305650878164,7.93188133534558
"pole-2",10.3606944159518,14.3410415664142,8.04965663543983,16.6277072215331,14.8716134113924,15.8637626706912
"F08B4.7",0.941881310541076,2.68894529370266,0,1.03923170134582,0.929475838212023,1.3219802225576
"F08B6.1",1.88376262108215,0,3.21986265417593,1.03923170134582,2.78842751463607,1.3219802225576
"calu-2",1.88376262108215,0.896315097900887,2.41489699063195,6.2353902080749,0.929475838212023,10.5758417804608
"pcyt-1",31.0820832478555,26.8894529370266,28.1737982240394,21.8238657282622,13.0126617349683,29.0835648962671
"apy-1",34.8496084900198,36.7489190139364,45.883042822007,50.922353365945,50.1916952634492,42.3033671218431
"srpa-72",61.2222851851699,47.504700188747,82.1064976814863,57.1577435740199,52.9801227780853,68.742971572995
"F08D12.2",11.3025757264929,12.5484113706124,12.0744849531597,8.31385361076654,2.78842751463607,3.96594066767279
"F08D12.3",10.3606944159518,3.58526039160355,14.4893819437917,9.35308531211235,5.57685502927214,1.3219802225576
"F08D12.7",0.941881310541076,1.79263019580177,1.60993132708797,2.07846340269163,3.71790335284809,11.8978220030184
"acl-6",7.53505048432861,5.37789058740532,8.04965663543983,16.6277072215331,8.3652825439082,2.64396044511519
"F08F3.4",1.88376262108215,10.7557811748106,12.0744849531597,10.3923170134582,5.57685502927214,6.60990111278798
"hmgr-1",12.244457037034,25.0968227412248,8.04965663543983,21.8238657282622,21.3779442788765,13.219802225576
"F08F8.7",8.47693179486968,23.3041925454231,10.4645536260718,9.35308531211235,13.9421375731803,17.1857428932487
"gos-28",5.65128786324646,4.48157548950443,4.8297939812639,3.11769510403745,0,1.3219802225576
"F08F8.9",21.6632701424447,17.0299868601169,16.0993132708797,14.5492438188414,20.4484684406645,6.60990111278798
"F08F8.10",12.244457037034,17.9263019580177,15.2943476073357,9.35308531211235,20.4484684406645,13.219802225576
"usp-39",20.7213888319037,6.27420568530621,15.2943476073357,18.7061706242247,11.1537100585443,9.25386155790317
"algn-2",6.59316917378753,14.3410415664142,14.4893819437917,7.27462190942072,12.0831858967563,15.8637626706912
"F09E5.3",23.5470327635269,15.2373566643151,23.3440042427755,24.9415608322996,32.5316543374208,26.4396044511519
"sec-6",25.4307953846091,12.5484113706124,4.8297939812639,12.4707804161498,15.8010892496044,13.219802225576
"F09E5.7",27.3145580056912,17.0299868601169,24.9539355698635,22.863097429608,20.4484684406645,19.8297033383639
"F09E5.8",9.41881310541076,9.85946607690976,11.2695192896158,17.6669389228789,10.2242342203322,7.93188133534558
"F09E5.10",7.53505048432861,15.2373566643151,10.4645536260718,7.27462190942072,7.43580670569618,11.8978220030184
"F09E5.11",15.0701009686572,12.5484113706124,8.85462229898381,13.5100121174956,15.8010892496044,10.5758417804608
"bmy-1",0.941881310541076,1.79263019580177,0.804965663543983,6.2353902080749,1.85895167642405,1.3219802225576
"F09E10.7",6.59316917378753,14.3410415664142,2.41489699063195,4.15692680538327,13.0126617349683,7.93188133534558
"toca-1",10.3606944159518,8.96315097900887,27.3688325604954,22.863097429608,13.0126617349683,6.60990111278798
"molo-1",1.88376262108215,5.37789058740532,0,1.03923170134582,0.929475838212023,0
"rpc-2",123.386451680881,111.14307213971,113.500158559702,87.2954629130486,89.2296804683542,91.2166353564741
"hach-1",67.8154543589575,86.942564496386,86.9362916627502,73.785450795553,101.31286636511,109.72435847228
"F09F7.5",23.5470327635269,33.1636586223328,27.3688325604954,24.9415608322996,26.0253234699366,29.0835648962671
"F09F7.6",9.41881310541076,6.27420568530621,0.804965663543983,10.3923170134582,7.43580670569618,2.64396044511519
"nmad-1",22.6051514529858,16.133671762216,15.2943476073357,7.27462190942072,17.6600409260284,6.60990111278798
"F09F9.1",5.65128786324646,8.96315097900887,4.02482831771991,4.15692680538327,7.43580670569618,2.64396044511519
"F09G2.1",24.488914074068,43.0231246992426,35.4184891959353,42.6084997551785,37.1790335284809,44.9473275669583
"F09G2.2",12.244457037034,21.5115623496213,24.1489699063195,29.0984876376829,21.3779442788765,18.5077231158063
"pitr-5",2.82564393162323,0,0.804965663543983,11.431548714804,7.43580670569618,2.64396044511519
"cpsf-2",13.1863383475751,8.96315097900887,10.4645536260718,17.6669389228789,13.0126617349683,13.219802225576
"lgc-39",11.3025757264929,18.8226170559186,13.6844162802477,13.5100121174956,3.71790335284809,3.96594066767279
"F09G2.8",3.7675252421643,5.37789058740532,9.6595879625278,3.11769510403745,6.50633086748416,1.3219802225576
"attf-2",120.560807749258,138.928840174637,111.890227232614,129.903962668227,169.164602554588,91.2166353564741
"mrps-9",17.8957449002804,28.6820831328284,13.6844162802477,20.7846340269163,14.8716134113924,14.5417824481336
"F09G8.7",1.88376262108215,4.48157548950443,1.60993132708797,4.15692680538327,6.50633086748416,2.64396044511519
"clec-160",1.88376262108215,0.896315097900887,0.804965663543983,4.15692680538327,8.3652825439082,3.96594066767279
"F10C1.8",0.941881310541076,17.0299868601169,12.0744849531597,10.3923170134582,4.64737919106011,10.5758417804608
"nemp-1",17.8957449002804,15.2373566643151,31.3936608782153,16.6277072215331,12.0831858967563,7.93188133534558
"ugt-39",10.3606944159518,13.4447264685133,9.6595879625278,6.2353902080749,2.78842751463607,7.93188133534558
"ugt-40",1.88376262108215,1.79263019580177,5.63475964480788,3.11769510403745,4.64737919106011,1.3219802225576
"F10D2.8",2.82564393162323,0.896315097900887,0,0,0,0
"F10D2.10",8.47693179486968,11.6520962727115,10.4645536260718,4.15692680538327,8.3652825439082,6.60990111278798
"ugt-41",14.1282196581161,13.4447264685133,10.4645536260718,7.27462190942072,13.9421375731803,15.8637626706912
"F10D7.1",3.7675252421643,2.68894529370266,3.21986265417593,4.15692680538327,1.85895167642405,11.8978220030184
"F10D7.2",4.70940655270538,5.37789058740532,1.60993132708797,4.15692680538327,1.85895167642405,1.3219802225576
"F10D7.3",0.941881310541076,0,0,5.19615850672908,0,0
"F10D7.5",21.6632701424447,40.3341794055399,37.0284205230232,19.7454023255705,19.5189926024525,33.0495055639399
"F10E7.5",24.488914074068,8.96315097900887,8.85462229898381,9.35308531211235,11.1537100585443,6.60990111278798
"F10E7.6",7.53505048432861,1.79263019580177,2.41489699063195,8.31385361076654,8.3652825439082,1.3219802225576
"farl-11",42.3846589743484,37.6452341118373,38.6383518501112,31.1769510403745,40.896936881329,58.1671297925342
"F10E7.9",16.0119822791983,16.133671762216,8.04965663543983,13.5100121174956,16.7305650878164,9.25386155790317
"F10E9.1",3.7675252421643,0,5.63475964480788,4.15692680538327,3.71790335284809,3.96594066767279
"F10E9.3",13.1863383475751,8.06683588110798,5.63475964480788,7.27462190942072,7.43580670569618,14.5417824481336
"F10E9.4",32.0239645583966,36.7489190139364,40.2482831771991,23.9023291309538,19.5189926024525,13.219802225576
"F10E9.5",1.88376262108215,2.68894529370266,4.02482831771991,6.2353902080749,2.78842751463607,2.64396044511519
"F10E9.11",0,0,3.21986265417593,1.03923170134582,2.78842751463607,0
"F10E9.12",0.941881310541076,0.896315097900887,0,1.03923170134582,0,1.3219802225576
"F10G2.1",2.82564393162323,3.58526039160355,5.63475964480788,2.07846340269163,2.78842751463607,7.93188133534558
"clec-7",1.88376262108215,6.27420568530621,0.804965663543983,6.2353902080749,1.85895167642405,0
"F10G7.5",19.7795075213626,5.37789058740532,12.0744849531597,9.35308531211235,19.5189926024525,18.5077231158063
"F10G7.9",31.0820832478555,33.1636586223328,45.883042822007,25.9807925336454,29.7432268227847,50.2352484571886
"F10G7.10",56.5128786324646,45.7120699929452,46.688008485551,44.6869631578701,44.6148402341771,35.6934660090551
"ttr-41",2.82564393162323,17.0299868601169,8.04965663543983,6.2353902080749,5.57685502927214,2.64396044511519
"pbo-6",0,0,3.21986265417593,4.15692680538327,0,0
"F11C7.2",4.70940655270538,1.79263019580177,4.02482831771991,8.31385361076654,14.8716134113924,9.25386155790317
"F11C7.7",2.82564393162323,7.1705207832071,9.6595879625278,2.07846340269163,2.78842751463607,5.28792089023038
"F11D5.1",22.6051514529858,7.1705207832071,18.5142102615116,21.8238657282622,13.0126617349683,25.1176242285943
"ddr-2",5.65128786324646,11.6520962727115,3.21986265417593,9.35308531211235,13.9421375731803,21.1516835609215
"F11G11.5",29.1983206267734,38.5415492097381,24.9539355698635,22.863097429608,21.3779442788765,21.1516835609215
"lgc-38",0.941881310541076,0.896315097900887,0.804965663543983,2.07846340269163,1.85895167642405,1.3219802225576
"F12A10.1",1.88376262108215,0,0,1.03923170134582,0,0
"cal-8",0.941881310541076,0.896315097900887,1.60993132708797,2.07846340269163,5.57685502927214,2.64396044511519
"slc-17.6",7.53505048432861,19.7189321538195,16.0993132708797,7.27462190942072,10.2242342203322,5.28792089023038
"stg-2",0,0,4.02482831771991,0,0,0
"F13B6.2",0,0.896315097900887,4.02482831771991,0,0.929475838212023,0
"F13B6.3",7.53505048432861,1.79263019580177,4.8297939812639,7.27462190942072,3.71790335284809,2.64396044511519
"F13B9.1",90.4206058119433,91.4241399858905,78.0816693637664,74.8246824968988,97.5949630122624,91.2166353564741
"cutl-29",1.88376262108215,0,1.60993132708797,3.11769510403745,0.929475838212023,0
"F13C5.2",44.2684215954306,32.2673435244319,32.1986265417593,29.0984876376829,38.1085093666929,27.7615846737095
"F13C5.5",20.7213888319037,20.6152472517204,13.6844162802477,13.5100121174956,26.0253234699366,15.8637626706912
"acp-5",11.3025757264929,4.48157548950443,7.24469097189585,9.35308531211235,10.2242342203322,6.60990111278798
"F13D11.3",3.7675252421643,2.68894529370266,5.63475964480788,7.27462190942072,10.2242342203322,7.93188133534558
"F13D11.4",3.7675252421643,1.79263019580177,3.21986265417593,3.11769510403745,1.85895167642405,5.28792089023038
"bcl-11",59.3385225640878,33.1636586223328,37.8333861865672,34.294646144412,59.4864536455695,50.2352484571886
"F13H6.3",41.4427776638073,26.8894529370266,33.0035922053033,11.431548714804,13.9421375731803,14.5417824481336
"F13H8.1",12.244457037034,3.58526039160355,8.04965663543983,17.6669389228789,11.1537100585443,6.60990111278798
"F13H8.2",32.9658458689377,40.3341794055399,38.6383518501112,27.0200242349912,21.3779442788765,38.3374264541703
"F13H8.5",0,1.79263019580177,1.60993132708797,8.31385361076654,5.57685502927214,1.3219802225576
"upb-1",87.5949618803201,89.6315097900887,73.2518753825024,90.4131580170861,104.101293879747,76.6748529083406
"F13H8.11",0.941881310541076,0.896315097900887,1.60993132708797,3.11769510403745,2.78842751463607,1.3219802225576
"sid-5",0.941881310541076,0,0,0,4.64737919106011,0
"F14B8.5",27.3145580056912,8.06683588110798,18.5142102615116,21.8238657282622,27.8842751463607,11.8978220030184
"F14B8.6",17.8957449002804,43.0231246992426,22.5390385792315,34.294646144412,34.3906060138448,25.1176242285943
"otpl-3",0.941881310541076,3.58526039160355,1.60993132708797,9.35308531211235,0.929475838212023,1.3219802225576
"F14D12.1",0.941881310541076,3.58526039160355,8.85462229898381,1.03923170134582,9.29475838212023,5.28792089023038
"sulp-2",3.7675252421643,7.1705207832071,4.8297939812639,8.31385361076654,4.64737919106011,6.60990111278798
"F14F9.4",7.53505048432861,8.06683588110798,8.85462229898381,2.07846340269163,5.57685502927214,7.93188133534558
"cst-1",7.53505048432861,0.896315097900887,4.8297939812639,6.2353902080749,4.64737919106011,0
"F15A8.6",8.47693179486968,1.79263019580177,4.02482831771991,6.2353902080749,3.71790335284809,7.93188133534558
"nstp-2",44.2684215954306,80.6683588110798,73.2518753825024,37.4123412484494,41.826412719541,26.4396044511519
"lgc-22",0,1.79263019580177,0.804965663543983,2.07846340269163,2.78842751463607,2.64396044511519
"F15E6.6",15.0701009686572,12.5484113706124,20.1241415885996,15.5884755201873,14.8716134113924,14.5417824481336
"pud-3",15.0701009686572,7.1705207832071,4.02482831771991,4.15692680538327,0,0
"nhr-177",0.941881310541076,0.896315097900887,0,0,1.85895167642405,2.64396044511519
"F16B4.4",1.88376262108215,0,5.63475964480788,2.07846340269163,7.43580670569618,6.60990111278798
"F16F9.1",0,0.896315097900887,0,7.27462190942072,0,6.60990111278798
"F16F9.3",2.82564393162323,0,0.804965663543983,0,0,0
"F16F9.4",5.65128786324646,0.896315097900887,8.85462229898381,6.2353902080749,3.71790335284809,0
"F17A9.2",8.47693179486968,5.37789058740532,10.4645536260718,4.15692680538327,1.85895167642405,1.3219802225576
"F17A9.4",11.3025757264929,10.7557811748106,10.4645536260718,17.6669389228789,7.43580670569618,17.1857428932487
"F17A9.5",1.88376262108215,0,10.4645536260718,6.2353902080749,12.0831858967563,3.96594066767279
"F17E9.3",0,0,0,0,0,0
"rpa-1",32.0239645583966,18.8226170559186,37.0284205230232,37.4123412484494,24.1663717935126,7.93188133534558
"alfa-1",5.65128786324646,5.37789058740532,9.6595879625278,15.5884755201873,3.71790335284809,5.28792089023038
"nep-8",0.941881310541076,3.58526039160355,2.41489699063195,3.11769510403745,4.64737919106011,0
"nep-11",25.4307953846091,28.6820831328284,33.0035922053033,49.8831216645992,27.8842751463607,52.8792089023038
"F18C5.10",9.41881310541076,13.4447264685133,8.04965663543983,15.5884755201873,16.7305650878164,22.4736637834791
"ddo-2",13.1863383475751,9.85946607690976,14.4893819437917,5.19615850672908,17.6600409260284,22.4736637834791
"F18E3.11",1.88376262108215,1.79263019580177,2.41489699063195,6.2353902080749,0.929475838212023,6.60990111278798
"F18E9.1",0,3.58526039160355,3.21986265417593,4.15692680538327,0.929475838212023,0
"F18E9.3",6.59316917378753,5.37789058740532,4.02482831771991,11.431548714804,6.50633086748416,2.64396044511519
"jmjd-3.1",35.7914898005609,22.4078774475222,24.1489699063195,8.31385361076654,28.8137509845727,19.8297033383639
"F18F11.1",5.65128786324646,4.48157548950443,8.04965663543983,8.31385361076654,5.57685502927214,6.60990111278798
"drl-1",9.41881310541076,10.7557811748106,8.04965663543983,7.27462190942072,8.3652825439082,14.5417824481336
"lgc-4",4.70940655270538,7.1705207832071,2.41489699063195,4.15692680538327,2.78842751463607,2.64396044511519
"F18G5.6",2.82564393162323,3.58526039160355,4.02482831771991,6.2353902080749,3.71790335284809,2.64396044511519
"F19B10.1",11.3025757264929,6.27420568530621,8.04965663543983,4.15692680538327,3.71790335284809,2.64396044511519
"F19C7.1",131.863383475751,165.818293111664,164.212995362973,149.649364993798,175.670933422072,96.5045562467045
"F19C7.2",3.7675252421643,5.37789058740532,4.02482831771991,2.07846340269163,6.50633086748416,7.93188133534558
"F19C7.4",4.70940655270538,4.48157548950443,8.04965663543983,2.07846340269163,4.64737919106011,11.8978220030184
"F19C7.8",1.88376262108215,0.896315097900887,2.41489699063195,0,1.85895167642405,0
"ttr-10",5.65128786324646,0.896315097900887,2.41489699063195,0,1.85895167642405,1.3219802225576
"F19F10.9",64.0479291167932,37.6452341118373,46.688008485551,40.5300363524869,32.5316543374208,23.7956440060367
"ets-6",2.82564393162323,2.68894529370266,4.8297939812639,4.15692680538327,10.2242342203322,1.3219802225576
"F19F10.11",7.53505048432861,7.1705207832071,9.6595879625278,8.31385361076654,9.29475838212023,7.93188133534558
"F19F10.12",13.1863383475751,29.5783982307293,24.9539355698635,21.8238657282622,13.9421375731803,11.8978220030184
"F20A1.1",18.8376262108215,17.0299868601169,12.0744849531597,18.7061706242247,18.5895167642405,7.93188133534558
"F20A1.6",0,0.896315097900887,0.804965663543983,2.07846340269163,0,0
"F20A1.10",16.0119822791983,14.3410415664142,18.5142102615116,9.35308531211235,11.1537100585443,7.93188133534558
"F20D6.5",1.88376262108215,0,0.804965663543983,3.11769510403745,0.929475838212023,0
"F20D6.8",3.7675252421643,3.58526039160355,4.8297939812639,9.35308531211235,5.57685502927214,7.93188133534558
"F20D6.10",1.88376262108215,3.58526039160355,0.804965663543983,6.2353902080749,0,0
"F20D6.11",13.1863383475751,17.0299868601169,13.6844162802477,12.4707804161498,3.71790335284809,9.25386155790317
"csr-1",14.1282196581161,9.85946607690976,10.4645536260718,6.2353902080749,12.0831858967563,2.64396044511519
"F20D12.2",54.6291160113824,29.5783982307293,51.5178024668149,25.9807925336454,34.3906060138448,23.7956440060367
"czw-1",21.6632701424447,5.37789058740532,17.7092445979676,22.863097429608,26.0253234699366,22.4736637834791
"exc-9",2.82564393162323,4.48157548950443,0,2.07846340269163,3.71790335284809,1.3219802225576
"F20H11.1",8.47693179486968,5.37789058740532,4.02482831771991,4.15692680538327,7.43580670569618,1.3219802225576
"F21C10.7",88.5368431908611,86.942564496386,72.4469097189585,90.4131580170861,69.7106878659017,87.2506946888013
"F21C10.9",17.8957449002804,28.6820831328284,22.5390385792315,18.7061706242247,12.0831858967563,5.28792089023038
"F21C10.10",31.0820832478555,19.7189321538195,15.2943476073357,46.7654265605618,28.8137509845727,23.7956440060367
"F21D12.3",9.41881310541076,8.06683588110798,10.4645536260718,21.8238657282622,12.0831858967563,7.93188133534558
"ttr-37",0,1.79263019580177,4.02482831771991,4.15692680538327,1.85895167642405,1.3219802225576
"pgal-1",116.793282507093,89.6315097900887,123.159746522229,126.78626756419,120.831858967563,93.8605958015893
"F21F3.6",78.1761487749093,103.972551356503,73.2518753825024,88.3346946143945,72.4991153805378,108.402378249723
"F21F3.7",0,0,1.60993132708797,1.03923170134582,0.929475838212023,5.28792089023038
"asp-12",1.88376262108215,1.79263019580177,0.804965663543983,53.0008167686367,35.3200818520569,14.5417824481336
"slc-17.5",6.59316917378753,3.58526039160355,5.63475964480788,1.03923170134582,1.85895167642405,0
"rbbp-5",7.53505048432861,6.27420568530621,6.43972530835186,0,1.85895167642405,1.3219802225576
"tpp-2",45.2103029059717,75.2904682236745,70.8369783918705,44.6869631578701,37.1790335284809,39.6594066767279
"ets-4",5.65128786324646,8.06683588110798,13.6844162802477,5.19615850672908,1.85895167642405,1.3219802225576
"ttr-35",1.88376262108215,4.48157548950443,8.04965663543983,7.27462190942072,5.57685502927214,1.3219802225576
"ilys-5",18.8376262108215,39.437864307639,21.7340729156875,64.4323654834406,74.3580670569618,48.913268234631
"F22B7.1",1.88376262108215,0,0.804965663543983,3.11769510403745,0,1.3219802225576
"polk-1",0,3.58526039160355,0,0,1.85895167642405,3.96594066767279
"F22B7.9",10.3606944159518,15.2373566643151,15.2943476073357,13.5100121174956,12.0831858967563,10.5758417804608
"flcn-1",16.9538635897394,13.4447264685133,17.7092445979676,19.7454023255705,16.7305650878164,31.7275253413823
"malt-1",2.82564393162323,6.27420568530621,4.02482831771991,9.35308531211235,5.57685502927214,3.96594066767279
"F22F1.3",6.59316917378753,10.7557811748106,5.63475964480788,5.19615850672908,9.29475838212023,7.93188133534558
"sups-1",0,0,0,5.19615850672908,3.71790335284809,2.64396044511519
"ldp-1",192.14378735038,184.640910167583,203.656312876628,155.884755201873,168.235126716376,227.380598279907
"F22F7.7",1.88376262108215,1.79263019580177,5.63475964480788,5.19615850672908,6.50633086748416,5.28792089023038
"F22H10.2",1.88376262108215,0,4.8297939812639,0,0.929475838212023,0
"F22H10.3",19.7795075213626,19.7189321538195,28.1737982240394,21.8238657282622,30.6727026609968,10.5758417804608
"F23C8.3",0,0,4.02482831771991,4.15692680538327,0.929475838212023,0
"ubxn-1",7.53505048432861,8.06683588110798,21.7340729156875,10.3923170134582,13.0126617349683,10.5758417804608
"F23C8.5",187.434380797674,241.108761335339,205.266244203716,210.964035373201,265.830089728638,244.566341173155
"did-2",11.3025757264929,14.3410415664142,16.0993132708797,17.6669389228789,23.2368959553006,13.219802225576
"tipn-1",4.70940655270538,1.79263019580177,2.41489699063195,2.07846340269163,1.85895167642405,0
"F23C8.13",3.7675252421643,9.85946607690976,1.60993132708797,2.07846340269163,5.57685502927214,7.93188133534558
"nfyc-1",1.88376262108215,1.79263019580177,0,5.19615850672908,0.929475838212023,0
"F23F1.4",11.3025757264929,7.1705207832071,11.2695192896158,10.3923170134582,17.6600409260284,5.28792089023038
"F23F1.5",14.1282196581161,25.9931378391257,12.8794506167037,22.863097429608,12.0831858967563,19.8297033383639
"F23F1.6",4.70940655270538,2.68894529370266,0,2.07846340269163,0.929475838212023,0
"F23F1.7",0.941881310541076,0.896315097900887,0,2.07846340269163,0.929475838212023,0
"rpoa-49",9.41881310541076,8.96315097900887,4.02482831771991,4.15692680538327,11.1537100585443,18.5077231158063
"F23F12.12",15.0701009686572,7.1705207832071,1.60993132708797,12.4707804161498,5.57685502927214,1.3219802225576
"bra-2",5.65128786324646,10.7557811748106,4.8297939812639,6.2353902080749,3.71790335284809,6.60990111278798
"F23H11.2",5.65128786324646,6.27420568530621,5.63475964480788,4.15692680538327,2.78842751463607,1.3219802225576
"sucl-2",7.53505048432861,0.896315097900887,11.2695192896158,7.27462190942072,8.3652825439082,7.93188133534558
"F23H11.4",22.6051514529858,51.9862756782514,42.6631801678311,53.0008167686367,26.9547993081487,38.3374264541703
"F23H11.7",1.88376262108215,8.06683588110798,4.8297939812639,4.15692680538327,0,15.8637626706912
"crls-1",5.65128786324646,8.06683588110798,13.6844162802477,9.35308531211235,7.43580670569618,10.5758417804608
"gcst-1",80.0599113959915,73.4978380278727,77.2767037002224,91.4523897184319,76.2170187333859,55.523169347419
"peli-1",9.41881310541076,2.68894529370266,7.24469097189585,2.07846340269163,7.43580670569618,0
"F25B4.4",0.941881310541076,4.48157548950443,0,0,1.85895167642405,0
"F25B4.5",42.3846589743484,15.2373566643151,19.3191759250556,20.7846340269163,35.3200818520569,27.7615846737095
"hmgs-1",17.8957449002804,3.58526039160355,12.0744849531597,20.7846340269163,15.8010892496044,14.5417824481336
"F25B4.7",7.53505048432861,2.68894529370266,9.6595879625278,12.4707804161498,13.9421375731803,6.60990111278798
"F25B4.8",3.7675252421643,0.896315097900887,12.0744849531597,2.07846340269163,2.78842751463607,9.25386155790317
"clec-1",49.919709458677,73.4978380278727,53.9326994574469,112.237023745348,97.5949630122624,100.470496914377
"dct-6",36.733371111102,25.0968227412248,20.9291072521436,13.5100121174956,15.8010892496044,39.6594066767279
"F25B5.3",26.3726766951501,30.4747133286302,21.7340729156875,44.6869631578701,34.3906060138448,40.9813868992855
"F25B5.5",31.0820832478555,46.6083850908461,18.5142102615116,25.9807925336454,15.8010892496044,23.7956440060367
"F25B5.6",29.1983206267734,25.9931378391257,16.0993132708797,34.294646144412,20.4484684406645,26.4396044511519
"nono-1",12.244457037034,6.27420568530621,6.43972530835186,12.4707804161498,6.50633086748416,19.8297033383639
"gtr-1",1.88376262108215,0,0.804965663543983,0,0,0
"F25E2.3",2.82564393162323,7.1705207832071,2.41489699063195,10.3923170134582,6.50633086748416,5.28792089023038
"F25E5.1",23.5470327635269,17.0299868601169,21.7340729156875,19.7454023255705,12.0831858967563,17.1857428932487
"F25E5.5",1.88376262108215,0,6.43972530835186,6.2353902080749,1.85895167642405,0
"F25E5.8",18.8376262108215,14.3410415664142,11.2695192896158,15.5884755201873,14.8716134113924,21.1516835609215
"F25F8.1",0.941881310541076,9.85946607690976,4.02482831771991,5.19615850672908,1.85895167642405,0
"F25G6.1",9.41881310541076,4.48157548950443,4.8297939812639,2.07846340269163,0.929475838212023,3.96594066767279
"symk-1",36.733371111102,25.0968227412248,26.5638668969514,11.431548714804,23.2368959553006,13.219802225576
"F25G6.8",3.7675252421643,1.79263019580177,6.43972530835186,0,0.929475838212023,5.28792089023038
"F25G6.9",11.3025757264929,2.68894529370266,14.4893819437917,12.4707804161498,6.50633086748416,3.96594066767279
"F26A1.1",3.7675252421643,10.7557811748106,0.804965663543983,4.15692680538327,2.78842751463607,1.3219802225576
"F26A1.13",6.59316917378753,7.1705207832071,4.8297939812639,14.5492438188414,12.0831858967563,10.5758417804608
"hrpk-1",13.1863383475751,11.6520962727115,15.2943476073357,17.6669389228789,7.43580670569618,18.5077231158063
"cee-1",10.3606944159518,8.96315097900887,15.2943476073357,31.1769510403745,7.43580670569618,13.219802225576
"tag-340",9.41881310541076,5.37789058740532,5.63475964480788,5.19615850672908,6.50633086748416,5.28792089023038
"F26F4.5",5.65128786324646,8.06683588110798,8.04965663543983,1.03923170134582,5.57685502927214,14.5417824481336
"F26F4.6",8.47693179486968,16.133671762216,7.24469097189585,18.7061706242247,8.3652825439082,13.219802225576
"F26F4.9",3.7675252421643,7.1705207832071,3.21986265417593,0,5.57685502927214,1.3219802225576
"rpb-8",5.65128786324646,2.68894529370266,2.41489699063195,10.3923170134582,7.43580670569618,11.8978220030184
"F26F4.12",0,2.68894529370266,2.41489699063195,6.2353902080749,0,3.96594066767279
"kbp-2",4.70940655270538,2.68894529370266,0,5.19615850672908,2.78842751463607,2.64396044511519
"F26F12.3",112.083875954388,59.1567964614585,56.3475964480788,121.590109057461,143.139279084651,99.1485166918197
"F26G1.1",14.1282196581161,13.4447264685133,18.5142102615116,12.4707804161498,13.0126617349683,11.8978220030184
"F26G1.2",4.70940655270538,4.48157548950443,5.63475964480788,6.2353902080749,3.71790335284809,5.28792089023038
"ttm-2",5.65128786324646,0,4.02482831771991,4.15692680538327,3.71790335284809,1.3219802225576
"F26G1.5",0.941881310541076,0.896315097900887,0,3.11769510403745,1.85895167642405,1.3219802225576
"nep-12",4.70940655270538,2.68894529370266,4.02482831771991,3.11769510403745,1.85895167642405,5.28792089023038
"F27C1.2",8.47693179486968,6.27420568530621,3.21986265417593,9.35308531211235,10.2242342203322,2.64396044511519
"F27C1.6",40.5008963532663,26.8894529370266,55.5426307845348,22.863097429608,22.3074201170885,25.1176242285943
"F27C1.11",4.70940655270538,5.37789058740532,5.63475964480788,5.19615850672908,3.71790335284809,1.3219802225576
"F27D9.2",3.7675252421643,9.85946607690976,8.04965663543983,4.15692680538327,1.85895167642405,2.64396044511519
"pcca-1",118.677045128176,131.75831939143,130.404437494125,150.688596695143,157.081416657832,141.451883813663
"F27D9.7",0.941881310541076,3.58526039160355,1.60993132708797,4.15692680538327,1.85895167642405,10.5758417804608
"stn-2",13.1863383475751,12.5484113706124,10.4645536260718,7.27462190942072,16.7305650878164,10.5758417804608
"acdh-9",39.5590150427252,43.0231246992426,30.5886952146714,20.7846340269163,30.6727026609968,26.4396044511519
"F28A12.3",0,3.58526039160355,3.21986265417593,2.07846340269163,2.78842751463607,0
"asp-13",14.1282196581161,3.58526039160355,12.8794506167037,11.431548714804,3.71790335284809,2.64396044511519
"dip-2",104.548825470059,137.136209978836,106.255467587806,77.9423776009363,56.6980261309334,126.910101365529
"F28B3.5",0.941881310541076,0.896315097900887,4.8297939812639,2.07846340269163,6.50633086748416,3.96594066767279
"F28B3.6",4.70940655270538,3.58526039160355,12.0744849531597,10.3923170134582,3.71790335284809,9.25386155790317
"acl-11",8.47693179486968,5.37789058740532,7.24469097189585,8.31385361076654,1.85895167642405,0
"F28B3.10",12.244457037034,19.7189321538195,5.63475964480788,3.11769510403745,5.57685502927214,6.60990111278798
"rgl-1",9.41881310541076,25.9931378391257,28.9787638875834,16.6277072215331,22.3074201170885,17.1857428932487
"F28B4.3",713.946033390136,956.368209460246,920.075753430773,850.091531700878,825.374544332276,855.321203994765
"vrk-1",23.5470327635269,8.06683588110798,15.2943476073357,20.7846340269163,18.5895167642405,5.28792089023038
"F28E10.1",48.0359468375949,48.4010152866479,37.0284205230232,45.726194859216,36.2495576902689,34.3714857864975
"igeg-1",17.8957449002804,5.37789058740532,5.63475964480788,10.3923170134582,11.1537100585443,10.5758417804608
"lim-8",29.1983206267734,21.5115623496213,16.9042789344236,15.5884755201873,17.6600409260284,11.8978220030184
"F28F5.6",8.47693179486968,40.3341794055399,21.7340729156875,15.5884755201873,19.5189926024525,25.1176242285943
"F28F9.3",4.70940655270538,0,2.41489699063195,2.07846340269163,8.3652825439082,0
"F28H1.1",4.70940655270538,5.37789058740532,6.43972530835186,2.07846340269163,5.57685502927214,3.96594066767279
"F28H1.4",0.941881310541076,2.68894529370266,0.804965663543983,2.07846340269163,0,1.3219802225576
"F29A7.4",1.88376262108215,6.27420568530621,0.804965663543983,5.19615850672908,0.929475838212023,0
"F29A7.6",1.88376262108215,3.58526039160355,2.41489699063195,3.11769510403745,6.50633086748416,0
"F29B9.1",3.7675252421643,0.896315097900887,3.21986265417593,4.15692680538327,1.85895167642405,2.64396044511519
"jmjd-1.2",40.5008963532663,30.4747133286302,33.0035922053033,39.490804651141,47.4032677488132,38.3374264541703
"F29B9.8",20.7213888319037,32.2673435244319,23.3440042427755,25.9807925336454,33.4611301756328,37.0154462316127
"mrps-21",3.7675252421643,0,0.804965663543983,5.19615850672908,0.929475838212023,2.64396044511519
"F29B9.11",72.5248609116629,68.1199474404674,74.0568410460464,100.805475030544,76.2170187333859,48.913268234631
"cox-6C",49.919709458677,53.7789058740532,46.688008485551,57.1577435740199,65.9927845130536,51.5572286797462
"tut-1",3.7675252421643,6.27420568530621,8.04965663543983,3.11769510403745,8.3652825439082,5.28792089023038
"grld-1",12.244457037034,18.8226170559186,16.9042789344236,15.5884755201873,12.0831858967563,13.219802225576
"picc-1",5.65128786324646,5.37789058740532,4.02482831771991,3.11769510403745,14.8716134113924,2.64396044511519
"F30B5.4",11.3025757264929,23.3041925454231,16.9042789344236,21.8238657282622,22.3074201170885,25.1176242285943
"zipt-2.2",2.82564393162323,4.48157548950443,4.02482831771991,9.35308531211235,2.78842751463607,2.64396044511519
"F30H5.3",0,0,0,41.5692680538327,35.3200818520569,33.0495055639399
"F31D5.2",5.65128786324646,4.48157548950443,2.41489699063195,1.03923170134582,0,0
"mth-2",2.82564393162323,10.7557811748106,4.8297939812639,7.27462190942072,9.29475838212023,14.5417824481336
"mth-1",16.0119822791983,13.4447264685133,34.6135235323913,12.4707804161498,27.8842751463607,17.1857428932487
"F31E3.2",9.41881310541076,0,4.02482831771991,2.07846340269163,9.29475838212023,11.8978220030184
"panl-2",14.1282196581161,8.96315097900887,10.4645536260718,14.5492438188414,11.1537100585443,13.219802225576
"F31E8.4",3.7675252421643,0.896315097900887,0.804965663543983,2.07846340269163,0,2.64396044511519
"nhr-180",0.941881310541076,6.27420568530621,3.21986265417593,3.11769510403745,2.78842751463607,1.3219802225576
"fbxa-72",2.82564393162323,0,0,0,0,10.5758417804608
"F31F7.1",21.6632701424447,28.6820831328284,18.5142102615116,36.3731095471036,33.4611301756328,21.1516835609215
"ada-2",16.9538635897394,9.85946607690976,4.8297939812639,15.5884755201873,6.50633086748416,10.5758417804608
"skpo-3",45.2103029059717,34.9562888181346,57.1525621116228,33.2554144430661,24.1663717935126,25.1176242285943
"F32A5.3",60.2804038746289,43.9194397971435,49.9078711397269,30.1377193390287,50.1916952634492,27.7615846737095
"F32A5.4",99.8394189173541,134.447264685133,122.354780858685,135.100121174956,128.267665673259,107.080398027165
"F32A5.8",6.59316917378753,4.48157548950443,5.63475964480788,13.5100121174956,4.64737919106011,3.96594066767279
"ift-81",1.88376262108215,0,3.21986265417593,2.07846340269163,1.85895167642405,0
"vps-41",5.65128786324646,19.7189321538195,8.85462229898381,11.431548714804,2.78842751463607,11.8978220030184
"F32B5.6",41.4427776638073,35.8526039160355,34.6135235323913,54.0400484699825,45.5443160723891,39.6594066767279
"F32B5.7",27.3145580056912,15.2373566643151,25.7589012334075,11.431548714804,31.6021784992088,13.219802225576
"figl-1",19.7795075213626,1.79263019580177,10.4645536260718,10.3923170134582,12.0831858967563,7.93188133534558
"hpo-18",7.53505048432861,9.85946607690976,3.21986265417593,9.35308531211235,9.29475838212023,2.64396044511519
"F32D1.3",3.7675252421643,7.1705207832071,9.6595879625278,6.2353902080749,6.50633086748416,7.93188133534558
"F32D1.5",64.0479291167932,47.504700188747,57.1525621116228,61.3146703794032,57.6275019691454,67.4209913504374
"fipp-1",68.7573356694985,86.0462493984851,48.297939812639,49.8831216645992,60.4159294837815,72.7089122406678
"nol-10",28.2564393162323,18.8226170559186,19.3191759250556,14.5492438188414,9.29475838212023,29.0835648962671
"cec-4",6.59316917378753,0,2.41489699063195,1.03923170134582,7.43580670569618,3.96594066767279
"clec-180",2.82564393162323,0,0,19.7454023255705,5.57685502927214,5.28792089023038
"F32E10.5",0,2.68894529370266,0,4.15692680538327,1.85895167642405,0
"cec-5",42.3846589743484,14.3410415664142,32.1986265417593,49.8831216645992,52.9801227780853,62.133070460207
"F33D4.4",6.59316917378753,4.48157548950443,8.85462229898381,22.863097429608,13.0126617349683,0
"mrpl-1",20.7213888319037,34.0599737202337,41.0532488407431,45.726194859216,33.4611301756328,55.523169347419
"F33D4.6",2.82564393162323,0,3.21986265417593,10.3923170134582,15.8010892496044,5.28792089023038
"emc-6",0.941881310541076,0.896315097900887,0.804965663543983,7.27462190942072,1.85895167642405,2.64396044511519
"hpo-3",18.8376262108215,25.0968227412248,14.4893819437917,19.7454023255705,9.29475838212023,9.25386155790317
"F33D11.10",23.5470327635269,8.06683588110798,20.1241415885996,15.5884755201873,11.1537100585443,13.219802225576
"vpr-1",42.3846589743484,58.2604813635577,49.102905476183,45.726194859216,43.6853643959651,37.0154462316127
"dhhc-3",3.7675252421643,3.58526039160355,1.60993132708797,1.03923170134582,2.78842751463607,0
"F33E11.3",16.9538635897394,3.58526039160355,11.2695192896158,8.31385361076654,4.64737919106011,9.25386155790317
"phf-10",10.3606944159518,10.7557811748106,13.6844162802477,2.07846340269163,5.57685502927214,0
"F33G12.3",2.82564393162323,0.896315097900887,1.60993132708797,3.11769510403745,6.50633086748416,5.28792089023038
"golg-2",51.8034720797592,17.0299868601169,35.4184891959353,21.8238657282622,32.5316543374208,30.4055451188247
"F33G12.6",33.9077271794787,16.133671762216,16.0993132708797,28.0592559363371,30.6727026609968,34.3714857864975
"F35A5.1",106.432588091142,45.7120699929452,93.376016971102,42.6084997551785,95.7360113358383,55.523169347419
"F35A5.2",7.53505048432861,24.2005076433239,24.1489699063195,7.27462190942072,15.8010892496044,19.8297033383639
"F35B3.7",11.3025757264929,17.9263019580177,17.7092445979676,12.4707804161498,16.7305650878164,26.4396044511519
"sek-4",4.70940655270538,2.68894529370266,5.63475964480788,4.15692680538327,8.3652825439082,5.28792089023038
"F35C8.5",23.5470327635269,46.6083850908461,38.6383518501112,51.9615850672908,38.1085093666929,48.913268234631
"chtl-1",5.65128786324646,8.96315097900887,4.8297939812639,18.7061706242247,5.57685502927214,2.64396044511519
"F35D2.3",2.82564393162323,2.68894529370266,3.21986265417593,2.07846340269163,4.64737919106011,9.25386155790317
"F35D11.3",7.53505048432861,8.06683588110798,5.63475964480788,0,3.71790335284809,7.93188133534558
"F35D11.4",7.53505048432861,17.0299868601169,16.0993132708797,10.3923170134582,9.29475838212023,2.64396044511519
"coa-3",2.82564393162323,3.58526039160355,9.6595879625278,6.2353902080749,2.78842751463607,3.96594066767279
"che-10",33.9077271794787,29.5783982307293,21.7340729156875,29.0984876376829,33.4611301756328,25.1176242285943
"F35F10.1",0,0,0,10.3923170134582,0.929475838212023,1.3219802225576
"arrd-18",8.47693179486968,6.27420568530621,8.04965663543983,6.2353902080749,9.29475838212023,10.5758417804608
"arrd-19",4.70940655270538,10.7557811748106,4.8297939812639,6.2353902080749,12.0831858967563,5.28792089023038
"cdc-73",10.3606944159518,9.85946607690976,12.0744849531597,11.431548714804,10.2242342203322,6.60990111278798
"F35H10.2",7.53505048432861,1.79263019580177,0,0,0.929475838212023,0
"F35H10.6",3.7675252421643,0.896315097900887,0.804965663543983,1.03923170134582,0,3.96594066767279
"nprl-3",1.88376262108215,8.06683588110798,3.21986265417593,7.27462190942072,4.64737919106011,3.96594066767279
"F35H10.10",55.5709973219235,58.2604813635577,32.1986265417593,64.4323654834406,77.1464945715979,63.4550506827646
"F35H12.1",3.7675252421643,0.896315097900887,6.43972530835186,0,3.71790335284809,1.3219802225576
"tbc-11",21.6632701424447,9.85946607690976,16.0993132708797,17.6669389228789,9.29475838212023,11.8978220030184
"pifk-1",5.65128786324646,5.37789058740532,4.8297939812639,4.15692680538327,4.64737919106011,3.96594066767279
"F35H12.5",0,1.79263019580177,6.43972530835186,4.15692680538327,5.57685502927214,2.64396044511519
"ttr-20",1.88376262108215,0,4.02482831771991,0,1.85895167642405,2.64396044511519
"trpp-4",9.41881310541076,0.896315097900887,2.41489699063195,4.15692680538327,3.71790335284809,0
"F36D4.5",12.244457037034,17.9263019580177,8.85462229898381,16.6277072215331,12.0831858967563,14.5417824481336
"math-26",7.53505048432861,3.58526039160355,3.21986265417593,0,7.43580670569618,2.64396044511519
"F36H9.4",0,0.896315097900887,0,0,0,1.3219802225576
"F36H9.7",2.82564393162323,8.06683588110798,8.85462229898381,3.11769510403745,1.85895167642405,6.60990111278798
"nlp-47",4.70940655270538,2.68894529370266,1.60993132708797,6.2353902080749,1.85895167642405,1.3219802225576
"F37A4.1",20.7213888319037,34.0599737202337,18.5142102615116,22.863097429608,28.8137509845727,31.7275253413823
"F37A4.2",9.41881310541076,0.896315097900887,0.804965663543983,5.19615850672908,0.929475838212023,1.3219802225576
"bath-41",4.70940655270538,12.5484113706124,4.8297939812639,6.2353902080749,9.29475838212023,1.3219802225576
"folt-2",51.8034720797592,62.7420568530621,68.4220814012386,40.5300363524869,39.037985204905,31.7275253413823
"F37C4.4",10.3606944159518,7.1705207832071,4.02482831771991,8.31385361076654,13.9421375731803,9.25386155790317
"F37C4.5",110.200113333306,103.972551356503,86.1313259992062,84.1777678090112,95.7360113358383,93.8605958015893
"F37C4.6",18.8376262108215,32.2673435244319,26.5638668969514,16.6277072215331,27.8842751463607,30.4055451188247
"F37C12.1",6.59316917378753,2.68894529370266,5.63475964480788,12.4707804161498,5.57685502927214,10.5758417804608
"epg-4",2.82564393162323,0.896315097900887,2.41489699063195,2.07846340269163,4.64737919106011,3.96594066767279
"F37C12.3",25.4307953846091,28.6820831328284,17.7092445979676,19.7454023255705,24.1663717935126,22.4736637834791
"acs-4",54.6291160113824,56.4678511677559,94.98594829819,31.1769510403745,62.2748811602055,40.9813868992855
"exos-9",25.4307953846091,34.0599737202337,33.8085578688473,32.2161827417203,33.4611301756328,21.1516835609215
"ncbp-1",19.7795075213626,24.2005076433239,25.7589012334075,18.7061706242247,30.6727026609968,26.4396044511519
"F37F2.2",6.59316917378753,0.896315097900887,9.6595879625278,9.35308531211235,0.929475838212023,3.96594066767279
"odr-8",9.41881310541076,11.6520962727115,14.4893819437917,16.6277072215331,9.29475838212023,6.60990111278798
"F38A5.2",14.1282196581161,22.4078774475222,20.1241415885996,17.6669389228789,22.3074201170885,15.8637626706912
"sup-36",9.41881310541076,6.27420568530621,9.6595879625278,1.03923170134582,8.3652825439082,22.4736637834791
"F38B6.4",8.47693179486968,5.37789058740532,4.8297939812639,10.3923170134582,7.43580670569618,9.25386155790317
"mpdu-1",7.53505048432861,3.58526039160355,10.4645536260718,10.3923170134582,10.2242342203322,7.93188133534558
"F38E9.1",1.88376262108215,6.27420568530621,8.04965663543983,0,3.71790335284809,5.28792089023038
"twf-2",23.5470327635269,17.9263019580177,16.9042789344236,17.6669389228789,11.1537100585443,11.8978220030184
"F39C12.1",113.025757264929,122.795168412422,110.280295905526,138.217816278994,109.678148909019,104.43643758205
"ugt-61",4.70940655270538,19.7189321538195,12.0744849531597,13.5100121174956,8.3652825439082,14.5417824481336
"F39G3.3",16.0119822791983,10.7557811748106,15.2943476073357,19.7454023255705,16.7305650878164,31.7275253413823
"F39G3.5",2.82564393162323,6.27420568530621,10.4645536260718,8.31385361076654,11.1537100585443,2.64396044511519
"F39H12.1",2.82564393162323,0.896315097900887,0,2.07846340269163,2.78842751463607,0
"F39H12.3",10.3606944159518,17.0299868601169,17.7092445979676,18.7061706242247,11.1537100585443,19.8297033383639
"igcm-1",3.7675252421643,2.68894529370266,2.41489699063195,6.2353902080749,14.8716134113924,5.28792089023038
"F40A3.1",1.88376262108215,0.896315097900887,0,2.07846340269163,2.78842751463607,0
"F40A3.2",5.65128786324646,0.896315097900887,4.02482831771991,8.31385361076654,5.57685502927214,1.3219802225576
"F40A3.3",32.9658458689377,30.4747133286302,28.1737982240394,20.7846340269163,26.9547993081487,51.5572286797462
"F40A3.6",16.0119822791983,16.133671762216,16.0993132708797,27.0200242349912,13.0126617349683,13.219802225576
"F40A3.7",0.941881310541076,1.79263019580177,4.02482831771991,1.03923170134582,3.71790335284809,9.25386155790317
"F40B5.2",3.7675252421643,14.3410415664142,8.85462229898381,6.2353902080749,2.78842751463607,15.8637626706912
"mage-1",3.7675252421643,4.48157548950443,4.8297939812639,4.15692680538327,0.929475838212023,2.64396044511519
"irg-7",969.195868546767,1560.48458544544,1368.44162802477,1015.32937221486,1093.99306157555,1413.19685791407
"F40F4.7",1.88376262108215,3.58526039160355,4.02482831771991,4.15692680538327,6.50633086748416,11.8978220030184
"sec-20",9.41881310541076,2.68894529370266,1.60993132708797,2.07846340269163,0.929475838212023,3.96594066767279
"cox-17",0,0.896315097900887,0,2.07846340269163,0.929475838212023,0
"F40G9.5",0.941881310541076,1.79263019580177,0,6.2353902080749,4.64737919106011,1.3219802225576
"F40H3.1",8.47693179486968,3.58526039160355,4.02482831771991,9.35308531211235,8.3652825439082,2.64396044511519
"F40H3.2",0,0,0.804965663543983,3.11769510403745,0,1.3219802225576
"F41B4.1",18.8376262108215,25.9931378391257,29.7837295511274,15.5884755201873,14.8716134113924,13.219802225576
"F41B4.2",0,2.68894529370266,0.804965663543983,3.11769510403745,0,1.3219802225576
"F41B4.3",3.7675252421643,1.79263019580177,2.41489699063195,2.07846340269163,0.929475838212023,6.60990111278798
"cyp-33C7",0,1.79263019580177,6.43972530835186,5.19615850672908,1.85895167642405,0
"nhr-182",9.41881310541076,6.27420568530621,6.43972530835186,6.2353902080749,4.64737919106011,1.3219802225576
"F41C3.2",26.3726766951501,25.9931378391257,37.8333861865672,15.5884755201873,25.0958476317246,23.7956440060367
"acs-11",21.6632701424447,12.5484113706124,17.7092445979676,28.0592559363371,30.6727026609968,26.4396044511519
"eas-1",2.82564393162323,0,0.804965663543983,0,1.85895167642405,1.3219802225576
"F41C3.5",334.367865242082,271.583474663969,328.425990725945,311.769510403745,276.983799787183,311.987332523593
"F41C3.8",11.3025757264929,5.37789058740532,4.8297939812639,4.15692680538327,1.85895167642405,2.64396044511519
"F41C6.7",0,3.58526039160355,0.804965663543983,0,2.78842751463607,5.28792089023038
"tbc-18",9.41881310541076,5.37789058740532,5.63475964480788,9.35308531211235,0.929475838212023,9.25386155790317
"F41D9.2",1.88376262108215,1.79263019580177,4.02482831771991,0,6.50633086748416,0
"smk-1",85.7111992592379,103.972551356503,86.1313259992062,120.550877356115,118.972907291139,105.758417804608
"F41E6.5",0,0,2.41489699063195,3.11769510403745,6.50633086748416,5.28792089023038
"F41E6.7",0,2.68894529370266,0,0,0.929475838212023,0
"vps-60",6.59316917378753,7.1705207832071,6.43972530835186,12.4707804161498,12.0831858967563,15.8637626706912
"F41E6.12",2.82564393162323,0,6.43972530835186,0,2.78842751463607,0
"atg-18",25.4307953846091,9.85946607690976,5.63475964480788,37.4123412484494,18.5895167642405,30.4055451188247
"F41F3.3",5.65128786324646,0,0,169.394767319368,118.972907291139,60.8110902376494
"nlp-50",6.59316917378753,7.1705207832071,6.43972530835186,3.11769510403745,8.3652825439082,7.93188133534558
"F41G3.6",8.47693179486968,0.896315097900887,6.43972530835186,9.35308531211235,5.57685502927214,5.28792089023038
"F41G3.10",22.6051514529858,14.3410415664142,8.04965663543983,18.7061706242247,13.9421375731803,21.1516835609215
"agr-1",12.244457037034,8.96315097900887,4.02482831771991,7.27462190942072,13.0126617349683,9.25386155790317
"exos-8",1.88376262108215,0,3.21986265417593,2.07846340269163,4.64737919106011,2.64396044511519
"F41G4.8",0.941881310541076,1.79263019580177,7.24469097189585,2.07846340269163,0.929475838212023,1.3219802225576
"F41H10.3",37.675252421643,60.9494266572603,45.883042822007,40.5300363524869,48.3327435870252,70.0649517955526
"F41H10.4",6.59316917378753,8.06683588110798,13.6844162802477,4.15692680538327,4.64737919106011,6.60990111278798
"hda-6",11.3025757264929,9.85946607690976,7.24469097189585,12.4707804161498,7.43580670569618,6.60990111278798
"sand-1",0,10.7557811748106,4.02482831771991,11.431548714804,10.2242342203322,7.93188133534558
"F42A6.6",0.941881310541076,4.48157548950443,1.60993132708797,0,0.929475838212023,0
"elks-1",14.1282196581161,11.6520962727115,26.5638668969514,12.4707804161498,16.7305650878164,22.4736637834791
"cyp-33E2",5.65128786324646,8.96315097900887,2.41489699063195,8.31385361076654,7.43580670569618,13.219802225576
"abcf-3",76.2923861538272,41.2304945034408,57.9575277751668,54.0400484699825,39.037985204905,68.742971572995
"anmt-2",8.47693179486968,8.96315097900887,11.2695192896158,16.6277072215331,9.29475838212023,10.5758417804608
"F42A10.5",31.0820832478555,51.0899605803506,30.5886952146714,43.6477314565243,45.5443160723891,43.6253473444007
"F42A10.6",5.65128786324646,2.68894529370266,9.6595879625278,4.15692680538327,8.3652825439082,14.5417824481336
"F42A10.7",3.7675252421643,2.68894529370266,1.60993132708797,11.431548714804,2.78842751463607,3.96594066767279
"npr-27",0,5.37789058740532,5.63475964480788,2.07846340269163,2.78842751463607,0
"F42C5.4",0.941881310541076,5.37789058740532,10.4645536260718,3.11769510403745,2.78842751463607,15.8637626706912
"F42C5.9",21.6632701424447,11.6520962727115,16.0993132708797,21.8238657282622,18.5895167642405,13.219802225576
"ifo-1",72.5248609116629,68.1199474404674,66.0071844106066,73.785450795553,65.9927845130536,72.7089122406678
"F42G2.2",7.53505048432861,1.79263019580177,2.41489699063195,4.15692680538327,1.85895167642405,0
"islo-1",7.53505048432861,4.48157548950443,2.41489699063195,8.31385361076654,13.9421375731803,11.8978220030184
"moc-3",12.244457037034,7.1705207832071,11.2695192896158,9.35308531211235,7.43580670569618,1.3219802225576
"F42G8.10",41.4427776638073,63.638371950963,48.297939812639,67.5500605874781,56.6980261309334,35.6934660090551
"ppm-1.G",25.4307953846091,28.6820831328284,33.8085578688473,45.726194859216,26.0253234699366,40.9813868992855
"dagl-2",17.8957449002804,11.6520962727115,16.9042789344236,6.2353902080749,17.6600409260284,21.1516835609215
"F42H10.2",1.88376262108215,0,0,0,1.85895167642405,0
"F42H10.3",9.41881310541076,4.48157548950443,5.63475964480788,6.2353902080749,5.57685502927214,3.96594066767279
"mig-39",9.41881310541076,8.96315097900887,8.85462229898381,6.2353902080749,10.2242342203322,13.219802225576
"F42H10.6",2.82564393162323,1.79263019580177,0.804965663543983,1.03923170134582,2.78842751463607,2.64396044511519
"ess-2",7.53505048432861,10.7557811748106,4.02482831771991,0,10.2242342203322,9.25386155790317
"F43B10.1",26.3726766951501,46.6083850908461,42.6631801678311,30.1377193390287,41.826412719541,38.3374264541703
"tag-343",21.6632701424447,34.9562888181346,49.102905476183,19.7454023255705,26.9547993081487,34.3714857864975
"F43C9.1",1.88376262108215,6.27420568530621,0,6.2353902080749,10.2242342203322,1.3219802225576
"F43C9.2",14.1282196581161,5.37789058740532,7.24469097189585,11.431548714804,11.1537100585443,11.8978220030184
"F43C11.9",5.65128786324646,1.79263019580177,2.41489699063195,5.19615850672908,3.71790335284809,3.96594066767279
"F43E2.1",5.65128786324646,6.27420568530621,5.63475964480788,8.31385361076654,6.50633086748416,3.96594066767279
"rpb-4",7.53505048432861,1.79263019580177,3.21986265417593,5.19615850672908,8.3652825439082,0
"insc-1",5.65128786324646,10.7557811748106,11.2695192896158,8.31385361076654,14.8716134113924,23.7956440060367
"msra-1",5.65128786324646,7.1705207832071,3.21986265417593,17.6669389228789,15.8010892496044,6.60990111278798
"mtch-1",37.675252421643,68.1199474404674,42.6631801678311,62.353902080749,37.1790335284809,47.5912880120735
"sptl-2",38.6171337321841,34.0599737202337,38.6383518501112,41.5692680538327,32.5316543374208,29.0835648962671
"F43H9.4",9.41881310541076,4.48157548950443,2.41489699063195,2.07846340269163,6.50633086748416,10.5758417804608
"kvs-3",2.82564393162323,6.27420568530621,1.60993132708797,0,8.3652825439082,3.96594066767279
"F44A2.3",2.82564393162323,6.27420568530621,10.4645536260718,7.27462190942072,6.50633086748416,5.28792089023038
"F44A2.5",14.1282196581161,15.2373566643151,20.1241415885996,27.0200242349912,16.7305650878164,17.1857428932487
"F44B9.2",16.0119822791983,18.8226170559186,16.0993132708797,13.5100121174956,27.8842751463607,3.96594066767279
"F44B9.5",7.53505048432861,17.0299868601169,7.24469097189585,13.5100121174956,29.7432268227847,13.219802225576
"F44B9.8",8.47693179486968,7.1705207832071,4.02482831771991,9.35308531211235,3.71790335284809,13.219802225576
"F44E2.3",6.59316917378753,2.68894529370266,10.4645536260718,9.35308531211235,5.57685502927214,3.96594066767279
"F44E2.4",4.70940655270538,3.58526039160355,3.21986265417593,22.863097429608,13.9421375731803,17.1857428932487
"F44E2.6",0.941881310541076,4.48157548950443,4.02482831771991,4.15692680538327,1.85895167642405,0
"F44E2.7",12.244457037034,6.27420568530621,13.6844162802477,13.5100121174956,10.2242342203322,18.5077231158063
"F44E2.8",18.8376262108215,36.7489190139364,25.7589012334075,29.0984876376829,27.8842751463607,44.9473275669583
"F44E2.9",3.7675252421643,6.27420568530621,2.41489699063195,3.11769510403745,5.57685502927214,6.60990111278798
"F44E7.4",139.398433960079,202.5672121256,185.94706827866,98.7270116278526,126.408713996835,140.129903591105
"F44E7.7",0,2.68894529370266,0.804965663543983,0,4.64737919106011,2.64396044511519
"F44E7.9",8.47693179486968,5.37789058740532,6.43972530835186,3.11769510403745,3.71790335284809,6.60990111278798
"F45E1.4",15.0701009686572,11.6520962727115,10.4645536260718,11.431548714804,11.1537100585443,10.5758417804608
"F45E1.5",0.941881310541076,2.68894529370266,0,0,0,1.3219802225576
"sdpn-1",11.3025757264929,5.37789058740532,13.6844162802477,9.35308531211235,15.8010892496044,10.5758417804608
"cla-1",184.608736866051,153.269881741052,204.461278540172,163.159377111293,191.472022671677,169.213468487372
"cima-1",1.88376262108215,5.37789058740532,1.60993132708797,3.11769510403745,1.85895167642405,5.28792089023038
"cnep-1",7.53505048432861,16.133671762216,9.6595879625278,18.7061706242247,13.9421375731803,10.5758417804608
"mrpl-14",22.6051514529858,13.4447264685133,14.4893819437917,13.5100121174956,31.6021784992088,14.5417824481336
"F45F2.9",3.7675252421643,2.68894529370266,6.43972530835186,2.07846340269163,2.78842751463607,3.96594066767279
"F45F2.10",44.2684215954306,39.437864307639,41.0532488407431,31.1769510403745,35.3200818520569,35.6934660090551
"F46C8.3",5.65128786324646,8.06683588110798,8.85462229898381,4.15692680538327,4.64737919106011,0
"F46C8.8",0,0,0,0,0,2.64396044511519
"acs-1",45.2103029059717,84.2536192026834,63.5922874199747,27.0200242349912,54.8390744545093,51.5572286797462
"mdh-1",278.796867920158,419.475465817615,365.454411248968,330.47568102797,421.052554710046,370.154462316127
"hpo-26",0,1.79263019580177,1.60993132708797,3.11769510403745,4.64737919106011,5.28792089023038
"F46F11.1",43.3265402848895,39.437864307639,38.6383518501112,44.6869631578701,39.037985204905,22.4736637834791
"xrep-4",9.41881310541076,12.5484113706124,14.4893819437917,17.6669389228789,6.50633086748416,7.93188133534558
"trpp-8",28.2564393162323,25.0968227412248,29.7837295511274,21.8238657282622,27.8842751463607,22.4736637834791
"F46F11.10",3.7675252421643,10.7557811748106,6.43972530835186,3.11769510403745,4.64737919106011,0
"twnk-1",4.70940655270538,13.4447264685133,6.43972530835186,2.07846340269163,12.0831858967563,13.219802225576
"gakh-1",9.41881310541076,12.5484113706124,23.3440042427755,14.5492438188414,8.3652825439082,15.8637626706912
"F46H5.2",9.41881310541076,27.7857680349275,16.9042789344236,16.6277072215331,14.8716134113924,9.25386155790317
"F46H5.3",567.954430256269,737.66732557243,588.429900050652,547.675106609246,568.839212985758,666.278032169028
"F46H5.4",28.2564393162323,31.371028426531,42.6631801678311,27.0200242349912,21.3779442788765,22.4736637834791
"F46H5.7",36.733371111102,42.1268096013417,37.8333861865672,43.6477314565243,41.826412719541,50.2352484571886
"lact-1",5.65128786324646,3.58526039160355,7.24469097189585,4.15692680538327,7.43580670569618,5.28792089023038
"F47B7.1",124.328332991422,186.433540363384,140.064025456653,148.610133292452,165.44669920174,193.009112493409
"F47B7.2",26.3726766951501,39.437864307639,25.7589012334075,37.4123412484494,28.8137509845727,42.3033671218431
"marg-1",45.2103029059717,48.4010152866479,38.6383518501112,31.1769510403745,20.4484684406645,21.1516835609215
"F47D12.9",28.2564393162323,42.1268096013417,24.9539355698635,68.5892922888239,51.1211711016613,48.913268234631
"F47E1.2",10.3606944159518,8.06683588110798,2.41489699063195,8.31385361076654,10.2242342203322,19.8297033383639
"F47F2.1",5.65128786324646,1.79263019580177,12.0744849531597,12.4707804161498,4.64737919106011,14.5417824481336
"lin-42",7.53505048432861,8.96315097900887,4.8297939812639,46.7654265605618,40.896936881329,70.0649517955526
"F47G3.1",4.70940655270538,1.79263019580177,4.02482831771991,0,10.2242342203322,1.3219802225576
"F47G3.3",2.82564393162323,1.79263019580177,2.41489699063195,7.27462190942072,2.78842751463607,3.96594066767279
"acs-16",17.8957449002804,39.437864307639,13.6844162802477,11.431548714804,12.0831858967563,11.8978220030184
"F48A9.2",12.244457037034,3.58526039160355,8.85462229898381,2.07846340269163,8.3652825439082,6.60990111278798
"F48A11.4",1.88376262108215,4.48157548950443,3.21986265417593,3.11769510403745,4.64737919106011,7.93188133534558
"ubxn-3",48.0359468375949,64.5346870488639,46.688008485551,34.294646144412,42.755888557753,59.4891100150918
"nlp-37",9.41881310541076,1.79263019580177,3.21986265417593,2.07846340269163,0,0
"F48B9.8",0.941881310541076,4.48157548950443,3.21986265417593,0,1.85895167642405,1.3219802225576
"aman-3",5.65128786324646,10.7557811748106,9.6595879625278,8.31385361076654,7.43580670569618,5.28792089023038
"F48C1.6",6.59316917378753,8.06683588110798,8.85462229898381,4.15692680538327,8.3652825439082,5.28792089023038
"F48D6.4",1.88376262108215,1.79263019580177,7.24469097189585,5.19615850672908,13.9421375731803,11.8978220030184
"uggt-1",93.2462497435665,99.4909758669985,93.376016971102,101.84470673189,119.902383129351,128.232081588087
"F48E3.8",3.7675252421643,6.27420568530621,1.60993132708797,2.07846340269163,0.929475838212023,6.60990111278798
"F48E8.2",12.244457037034,6.27420568530621,12.0744849531597,9.35308531211235,6.50633086748416,3.96594066767279
"F48E8.3",8.47693179486968,5.37789058740532,15.2943476073357,19.7454023255705,9.29475838212023,2.64396044511519
"F48E8.4",16.9538635897394,18.8226170559186,6.43972530835186,21.8238657282622,10.2242342203322,21.1516835609215
"disl-2",22.6051514529858,30.4747133286302,20.9291072521436,27.0200242349912,13.9421375731803,3.96594066767279
"F48G7.4",3.7675252421643,2.68894529370266,0,3.11769510403745,0.929475838212023,0
"nhr-190",4.70940655270538,8.06683588110798,19.3191759250556,4.15692680538327,0.929475838212023,11.8978220030184
"prp-17",16.0119822791983,29.5783982307293,13.6844162802477,17.6669389228789,9.29475838212023,19.8297033383639
"tag-296",1.88376262108215,1.79263019580177,4.8297939812639,2.07846340269163,1.85895167642405,0
"nprl-2",3.7675252421643,14.3410415664142,8.85462229898381,10.3923170134582,8.3652825439082,9.25386155790317
"F49E8.6",1.88376262108215,8.06683588110798,4.02482831771991,8.31385361076654,2.78842751463607,6.60990111278798
"F49E8.7",14.1282196581161,17.0299868601169,28.9787638875834,6.2353902080749,16.7305650878164,10.5758417804608
"tbc-16",8.47693179486968,8.96315097900887,20.9291072521436,10.3923170134582,7.43580670569618,10.5758417804608
"F49E10.2",0.941881310541076,0,1.60993132708797,4.15692680538327,0.929475838212023,5.28792089023038
"mul-1",0,0,1.60993132708797,5.19615850672908,0.929475838212023,1.3219802225576
"txdc-12.2",6.59316917378753,8.06683588110798,8.04965663543983,25.9807925336454,25.0958476317246,25.1176242285943
"acl-4",29.1983206267734,30.4747133286302,31.3936608782153,61.3146703794032,43.6853643959651,50.2352484571886
"sorf-2",12.244457037034,18.8226170559186,16.0993132708797,15.5884755201873,14.8716134113924,22.4736637834791
"F52C9.3",28.2564393162323,19.7189321538195,27.3688325604954,27.0200242349912,22.3074201170885,26.4396044511519
"F52C12.1",4.70940655270538,13.4447264685133,7.24469097189585,5.19615850672908,3.71790335284809,10.5758417804608
"F52C12.2",8.47693179486968,9.85946607690976,13.6844162802477,8.31385361076654,10.2242342203322,3.96594066767279
"denn-4",37.675252421643,25.9931378391257,16.9042789344236,30.1377193390287,27.8842751463607,23.7956440060367
"aagr-4",0,5.37789058740532,0,13.5100121174956,15.8010892496044,11.8978220030184
"F52E1.2",0.941881310541076,0,4.02482831771991,4.15692680538327,2.78842751463607,3.96594066767279
"pho-6",6.59316917378753,0.896315097900887,3.21986265417593,1.03923170134582,8.3652825439082,13.219802225576
"F52E1.9",2.82564393162323,0.896315097900887,0.804965663543983,5.19615850672908,2.78842751463607,1.3219802225576
"lmd-3",40.5008963532663,22.4078774475222,41.0532488407431,47.8046582619076,33.4611301756328,26.4396044511519
"pccb-1",151.642890997113,198.981951733997,163.408029699429,214.081730477238,168.235126716376,173.179409155045
"F52E4.5",1.88376262108215,1.79263019580177,0.804965663543983,3.11769510403745,2.78842751463607,6.60990111278798
"sec-3",3.7675252421643,9.85946607690976,8.85462229898381,10.3923170134582,3.71790335284809,11.8978220030184
"oac-32",0.941881310541076,3.58526039160355,3.21986265417593,3.11769510403745,1.85895167642405,2.64396044511519
"F52G3.1",55.5709973219235,116.520962727115,71.6419440554145,83.1385361076654,73.4285912187498,92.5386155790317
"F52H2.1",2.82564393162323,2.68894529370266,1.60993132708797,0,1.85895167642405,2.64396044511519
"F52H2.3",7.53505048432861,0,0,3.11769510403745,3.71790335284809,0
"F52H2.6",29.1983206267734,15.2373566643151,28.1737982240394,36.3731095471036,25.0958476317246,23.7956440060367
"F52H2.7",2.82564393162323,6.27420568530621,4.8297939812639,7.27462190942072,6.50633086748416,3.96594066767279
"F53A3.7",0,0,0,3.11769510403745,0,3.96594066767279
"F53A9.6",6.59316917378753,13.4447264685133,10.4645536260718,18.7061706242247,9.29475838212023,5.28792089023038
"F53A9.7",2.82564393162323,2.68894529370266,0.804965663543983,3.11769510403745,1.85895167642405,0
"F53A9.8",16.9538635897394,13.4447264685133,16.0993132708797,8.31385361076654,28.8137509845727,18.5077231158063
"F53A9.9",4.70940655270538,1.79263019580177,7.24469097189585,8.31385361076654,4.64737919106011,5.28792089023038
"F53A10.2",27.3145580056912,23.3041925454231,18.5142102615116,29.0984876376829,26.0253234699366,17.1857428932487
"F53B1.2",2.82564393162323,0.896315097900887,4.8297939812639,4.15692680538327,1.85895167642405,3.96594066767279
"F53B1.4",0,0,0,19.7454023255705,4.64737919106011,11.8978220030184
"F53B1.8",12.244457037034,22.4078774475222,17.7092445979676,15.5884755201873,18.5895167642405,21.1516835609215
"tra-4",13.1863383475751,21.5115623496213,14.4893819437917,16.6277072215331,9.29475838212023,23.7956440060367
"F53B3.5",0,12.5484113706124,4.02482831771991,6.2353902080749,9.29475838212023,7.93188133534558
"F53B3.6",33.9077271794787,50.1936454824497,35.4184891959353,61.3146703794032,72.4991153805378,72.7089122406678
"F53C3.4",0,0,0,1.03923170134582,1.85895167642405,0
"F53C3.6",1.88376262108215,3.58526039160355,2.41489699063195,5.19615850672908,3.71790335284809,0
"bcmo-2",27.3145580056912,18.8226170559186,21.7340729156875,8.31385361076654,27.8842751463607,15.8637626706912
"plpp-1.1",151.642890997113,216.011938594114,189.166930932836,161.080913708602,146.8571824375,236.63445983781
"tag-304",11.3025757264929,29.5783982307293,16.9042789344236,15.5884755201873,26.9547993081487,35.6934660090551
"F53E10.1",7.53505048432861,10.7557811748106,8.04965663543983,17.6669389228789,11.1537100585443,5.28792089023038
"irg-3",0,4.48157548950443,5.63475964480788,3.11769510403745,3.71790335284809,7.93188133534558
"F53E10.6",8.47693179486968,11.6520962727115,19.3191759250556,5.19615850672908,7.43580670569618,14.5417824481336
"F53F10.1",1.88376262108215,1.79263019580177,1.60993132708797,11.431548714804,7.43580670569618,0
"F53F10.2",64.0479291167932,65.4310021467647,57.9575277751668,87.2954629130486,66.9222603512656,58.1671297925342
"mpc-2",23.5470327635269,38.5415492097381,28.1737982240394,42.6084997551785,42.755888557753,42.3033671218431
"mnat-1",36.733371111102,19.7189321538195,41.8582145042871,47.8046582619076,16.7305650878164,34.3714857864975
"F53H1.1",51.8034720797592,22.4078774475222,29.7837295511274,42.6084997551785,28.8137509845727,29.0835648962671
"F53H1.3",5.65128786324646,5.37789058740532,6.43972530835186,1.03923170134582,3.71790335284809,2.64396044511519
"F53H1.4",50.8615907692181,53.7789058740532,55.5426307845348,47.8046582619076,60.4159294837815,43.6253473444007
"F53H8.3",13.1863383475751,5.37789058740532,10.4645536260718,12.4707804161498,17.6600409260284,2.64396044511519
"F54A3.2",9.41881310541076,12.5484113706124,12.0744849531597,9.35308531211235,9.29475838212023,10.5758417804608
"cct-3",133.747146096833,77.9794135173772,91.7660856440141,138.217816278994,104.101293879747,159.959606929469
"F54A3.5",38.6171337321841,42.1268096013417,28.1737982240394,41.5692680538327,38.1085093666929,31.7275253413823
"F54A3.6",5.65128786324646,7.1705207832071,8.04965663543983,10.3923170134582,8.3652825439082,6.60990111278798
"cutl-20",4.70940655270538,13.4447264685133,8.04965663543983,8.31385361076654,1.85895167642405,7.93188133534558
"shc-1",2.82564393162323,0,0.804965663543983,4.15692680538327,3.71790335284809,6.60990111278798
"F54C1.1",0,3.58526039160355,1.60993132708797,0,4.64737919106011,3.96594066767279
"mrpl-40",9.41881310541076,7.1705207832071,7.24469097189585,8.31385361076654,17.6600409260284,17.1857428932487
"attf-3",13.1863383475751,44.8157548950443,26.5638668969514,20.7846340269163,24.1663717935126,31.7275253413823
"ept-1",20.7213888319037,21.5115623496213,19.3191759250556,11.431548714804,11.1537100585443,11.8978220030184
"F54D8.6",30.1402019373144,33.1636586223328,22.5390385792315,38.4515729497952,25.0958476317246,25.1176242285943
"lido-15",5.65128786324646,5.37789058740532,2.41489699063195,5.19615850672908,6.50633086748416,10.5758417804608
"pmt-2",168.596754586853,207.945102713006,210.901003848524,225.513279192042,212.849966950553,265.718024734077
"sumv-2",112.083875954388,134.447264685133,94.98594829819,72.7462190942072,72.4991153805378,55.523169347419
"F54D11.4",11.3025757264929,17.9263019580177,12.0744849531597,6.2353902080749,7.43580670569618,9.25386155790317
"rog-1",8.47693179486968,22.4078774475222,17.7092445979676,12.4707804161498,8.3652825439082,19.8297033383639
"F54E2.1",45.2103029059717,36.7489190139364,48.297939812639,35.3338778457578,55.7685502927214,35.6934660090551
"pst-2",0,1.79263019580177,1.60993132708797,4.15692680538327,5.57685502927214,9.25386155790317
"ska-3",0,0,0,0,0,0
"F54E7.9",6.59316917378753,0,3.21986265417593,2.07846340269163,1.85895167642405,1.3219802225576
"F54F2.7",2.82564393162323,1.79263019580177,1.60993132708797,0,0,0
"F54F2.9",0.941881310541076,0,0.804965663543983,1.03923170134582,4.64737919106011,3.96594066767279
"F54G2.1",46.1521842165127,35.8526039160355,42.6631801678311,37.4123412484494,36.2495576902689,25.1176242285943
"eef-1B.1",219.458345356071,160.440402524259,187.556999605748,217.199425581276,208.202587759493,211.516835609215
"6-Mar",37.675252421643,28.6820831328284,38.6383518501112,43.6477314565243,37.1790335284809,34.3714857864975
"F55A3.2",2.82564393162323,6.27420568530621,9.6595879625278,3.11769510403745,0,9.25386155790317
"spt-16",77.2342674643682,51.9862756782514,61.9823560928867,90.4131580170861,92.0181079829903,66.0990111278798
"sec-22",8.47693179486968,6.27420568530621,6.43972530835186,12.4707804161498,7.43580670569618,3.96594066767279
"nlf-1",12.244457037034,16.133671762216,11.2695192896158,7.27462190942072,9.29475838212023,21.1516835609215
"stau-1",7.53505048432861,14.3410415664142,11.2695192896158,4.15692680538327,10.2242342203322,5.28792089023038
"vpat-1",1.88376262108215,4.48157548950443,5.63475964480788,3.11769510403745,6.50633086748416,15.8637626706912
"F55A12.2",6.59316917378753,17.0299868601169,16.0993132708797,2.07846340269163,7.43580670569618,11.8978220030184
"F55A12.5",9.41881310541076,5.37789058740532,17.7092445979676,3.11769510403745,10.2242342203322,19.8297033383639
"nath-10",81.0017927065325,61.8457417551612,90.9611199804701,64.4323654834406,52.9801227780853,46.2693077895159
"rfip-1",30.1402019373144,22.4078774475222,35.4184891959353,28.0592559363371,32.5316543374208,56.8451495699766
"F55C12.4",1.88376262108215,0.896315097900887,4.02482831771991,0,0.929475838212023,0
"F55C12.5",44.2684215954306,23.3041925454231,28.1737982240394,34.294646144412,36.2495576902689,30.4055451188247
"tag-234",0,1.79263019580177,0.804965663543983,0,0,0
"aman-1",0,1.79263019580177,0.804965663543983,0,4.64737919106011,5.28792089023038
"glit-1",8.47693179486968,12.5484113706124,12.8794506167037,6.2353902080749,4.64737919106011,6.60990111278798
"F55D10.4",2.82564393162323,1.79263019580177,3.21986265417593,4.15692680538327,4.64737919106011,0
"drd-5",5.65128786324646,5.37789058740532,3.21986265417593,9.35308531211235,1.85895167642405,3.96594066767279
"npr-28",5.65128786324646,1.79263019580177,4.02482831771991,5.19615850672908,2.78842751463607,3.96594066767279
"F55F8.2",72.5248609116629,69.0162625383683,54.7376651209908,28.0592559363371,41.826412719541,40.9813868992855
"F55F8.3",50.8615907692181,50.1936454824497,46.688008485551,27.0200242349912,71.5696395423257,52.8792089023038
"cir-1",26.3726766951501,10.7557811748106,41.0532488407431,29.0984876376829,13.9421375731803,17.1857428932487
"wdr-12",39.5590150427252,26.8894529370266,39.4433175136552,15.5884755201873,32.5316543374208,15.8637626706912
"mff-2",7.53505048432861,0.896315097900887,9.6595879625278,0,1.85895167642405,10.5758417804608
"zipt-2.4",2.82564393162323,0.896315097900887,4.02482831771991,5.19615850672908,5.57685502927214,2.64396044511519
"F55F10.1",996.510426552458,748.423106747241,712.394612236425,463.497338800234,459.161064076739,553.909713251633
"rod-1",38.6171337321841,43.0231246992426,50.7128368032709,41.5692680538327,34.3906060138448,67.4209913504374
"F55G1.9",2.82564393162323,1.79263019580177,2.41489699063195,1.03923170134582,2.78842751463607,9.25386155790317
"F55G1.15",1.88376262108215,4.48157548950443,4.02482831771991,1.03923170134582,4.64737919106011,1.3219802225576
"fncm-1",6.59316917378753,1.79263019580177,4.02482831771991,5.19615850672908,3.71790335284809,3.96594066767279
"slx-1",2.82564393162323,2.68894529370266,4.02482831771991,4.15692680538327,2.78842751463607,5.28792089023038
"F56A11.5",4.70940655270538,19.7189321538195,26.5638668969514,11.431548714804,14.8716134113924,14.5417824481336
"ugt-52",0.941881310541076,3.58526039160355,0,7.27462190942072,0,0
"mrpl-2",41.4427776638073,34.9562888181346,34.6135235323913,11.431548714804,30.6727026609968,17.1857428932487
"F56B3.11",16.9538635897394,8.96315097900887,14.4893819437917,17.6669389228789,18.5895167642405,10.5758417804608
"skr-18",1.88376262108215,2.68894529370266,18.5142102615116,7.27462190942072,3.71790335284809,9.25386155790317
"F56B6.6",2.82564393162323,8.06683588110798,6.43972530835186,7.27462190942072,2.78842751463607,7.93188133534558
"fbxa-190",0.941881310541076,0.896315097900887,0.804965663543983,0,0,0
"F56C9.7",72.5248609116629,69.9125776362692,74.0568410460464,78.9816093022821,74.3580670569618,35.6934660090551
"F56C9.8",3.7675252421643,3.58526039160355,0.804965663543983,5.19615850672908,3.71790335284809,2.64396044511519
"F56C9.10",77.2342674643682,55.571536069855,41.8582145042871,64.4323654834406,65.0633086748416,47.5912880120735
"F56C11.5",3.7675252421643,1.79263019580177,0,0,0.929475838212023,2.64396044511519
"F56C11.6",2.82564393162323,17.9263019580177,4.02482831771991,6.2353902080749,15.8010892496044,10.5758417804608
"F56D1.1",5.65128786324646,0.896315097900887,7.24469097189585,3.11769510403745,4.64737919106011,5.28792089023038
"ilcr-2",25.4307953846091,17.9263019580177,25.7589012334075,28.0592559363371,19.5189926024525,19.8297033383639
"mrps-16",6.59316917378753,2.68894529370266,4.8297939812639,2.07846340269163,3.71790335284809,3.96594066767279
"ucr-1",199.678837834708,178.366704482277,185.94706827866,203.68941346378,212.849966950553,195.653072938524
"F56D2.3",0,0,0,1.03923170134582,0.929475838212023,1.3219802225576
"ddx-15",52.7453533903003,62.7420568530621,71.6419440554145,38.4515729497952,61.3454053219935,34.3714857864975
"F56D3.1",17.8957449002804,16.133671762216,8.04965663543983,31.1769510403745,13.0126617349683,14.5417824481336
"clec-67",173.306161139558,332.532901321229,263.223771978882,116.393950550732,223.074201170885,251.176242285943
"fcho-1",27.3145580056912,18.8226170559186,28.1737982240394,40.5300363524869,26.9547993081487,27.7615846737095
"F56E10.1",18.8376262108215,27.7857680349275,19.3191759250556,25.9807925336454,20.4484684406645,11.8978220030184
"daam-1",9.41881310541076,8.06683588110798,4.02482831771991,4.15692680538327,13.0126617349683,2.64396044511519
"F56F10.1",53.6872347008413,44.8157548950443,51.5178024668149,61.3146703794032,52.0506469398733,35.6934660090551
"cdo-1",9.41881310541076,6.27420568530621,1.60993132708797,3.11769510403745,6.50633086748416,5.28792089023038
"lgl-1",18.8376262108215,20.6152472517204,12.8794506167037,13.5100121174956,6.50633086748416,7.93188133534558
"F56F11.2",0.941881310541076,1.79263019580177,4.8297939812639,4.15692680538327,5.57685502927214,0
"klf-1",2.82564393162323,6.27420568530621,5.63475964480788,7.27462190942072,8.3652825439082,3.96594066767279
"ccpp-1",10.3606944159518,7.1705207832071,13.6844162802477,12.4707804161498,14.8716134113924,21.1516835609215
"F57B9.1",3.7675252421643,3.58526039160355,9.6595879625278,8.31385361076654,8.3652825439082,6.60990111278798
"flap-1",3.7675252421643,4.48157548950443,3.21986265417593,10.3923170134582,7.43580670569618,5.28792089023038
"ipgm-1",175.18992376064,194.500376244492,169.84775500778,148.610133292452,157.081416657832,216.804756499446
"F57B10.5",16.9538635897394,21.5115623496213,21.7340729156875,21.8238657282622,18.5895167642405,27.7615846737095
"xpg-1",17.8957449002804,3.58526039160355,6.43972530835186,7.27462190942072,6.50633086748416,23.7956440060367
"F57B10.8",9.41881310541076,5.37789058740532,5.63475964480788,9.35308531211235,1.85895167642405,6.60990111278798
"spg-20",7.53505048432861,8.96315097900887,6.43972530835186,2.07846340269163,4.64737919106011,3.96594066767279
"ucr-11",7.53505048432861,2.68894529370266,4.02482831771991,8.31385361076654,5.57685502927214,1.3219802225576
"pdxk-1",20.7213888319037,16.133671762216,10.4645536260718,15.5884755201873,11.1537100585443,18.5077231158063
"clec-90",6.59316917378753,6.27420568530621,3.21986265417593,0,4.64737919106011,3.96594066767279
"F57C9.4",16.0119822791983,3.58526039160355,8.04965663543983,16.6277072215331,6.50633086748416,7.93188133534558
"F57C12.2",2.82564393162323,0,0.804965663543983,2.07846340269163,4.64737919106011,1.3219802225576
"F57F4.4",282.564393162323,371.074450530967,359.81965160416,274.357169155296,321.59864002136,334.460996307072
"abts-3",29.1983206267734,12.5484113706124,20.9291072521436,22.863097429608,22.3074201170885,42.3033671218431
"F57H12.6",2.82564393162323,5.37789058740532,0,1.03923170134582,0,0
"F58A6.1",0.941881310541076,2.68894529370266,4.02482831771991,3.11769510403745,8.3652825439082,0
"F58F9.3",4.70940655270538,5.37789058740532,5.63475964480788,10.3923170134582,9.29475838212023,2.64396044511519
"F58F9.4",0,0,4.8297939812639,1.03923170134582,1.85895167642405,0
"acox-3",12.244457037034,4.48157548950443,16.0993132708797,17.6669389228789,17.6600409260284,9.25386155790317
"F58F12.1",52.7453533903003,57.3641662656568,62.7873217564307,58.1969752753658,66.9222603512656,68.742971572995
"myo-5",240.179734187974,301.161872894698,250.344321362179,177.708620930135,186.824643480617,244.566341173155
"faah-3",16.0119822791983,16.133671762216,18.5142102615116,10.3923170134582,14.8716134113924,11.8978220030184
"lgc-30",7.53505048432861,4.48157548950443,12.8794506167037,2.07846340269163,7.43580670569618,6.60990111278798
"cpd-1",10.3606944159518,15.2373566643151,21.7340729156875,21.8238657282622,16.7305650878164,17.1857428932487
"F59A3.2",6.59316917378753,8.06683588110798,9.6595879625278,6.2353902080749,0.929475838212023,3.96594066767279
"mrpl-24",20.7213888319037,7.1705207832071,13.6844162802477,10.3923170134582,15.8010892496044,9.25386155790317
"zipt-11",0.941881310541076,1.79263019580177,4.8297939812639,11.431548714804,7.43580670569618,2.64396044511519
"rpa-4",2.82564393162323,10.7557811748106,6.43972530835186,6.2353902080749,0.929475838212023,6.60990111278798
"F59A6.5",16.0119822791983,9.85946607690976,16.0993132708797,16.6277072215331,14.8716134113924,7.93188133534558
"F59A7.2",0,2.68894529370266,7.24469097189585,3.11769510403745,0,0
"F59A7.5",0,4.48157548950443,0,1.03923170134582,4.64737919106011,3.96594066767279
"F59B1.2",42.3846589743484,16.133671762216,14.4893819437917,29.0984876376829,28.8137509845727,29.0835648962671
"F59B1.8",2.82564393162323,8.06683588110798,5.63475964480788,11.431548714804,3.71790335284809,5.28792089023038
"F59C12.3",16.9538635897394,13.4447264685133,15.2943476073357,19.7454023255705,24.1663717935126,23.7956440060367
"asp-8",20.7213888319037,36.7489190139364,20.9291072521436,20.7846340269163,18.5895167642405,10.5758417804608
"chpf-2",1.88376262108215,0,0.804965663543983,1.03923170134582,0.929475838212023,2.64396044511519
"F59E11.2",0,1.79263019580177,1.60993132708797,3.11769510403745,0,0
"F59E11.5",0,1.79263019580177,2.41489699063195,4.15692680538327,0.929475838212023,3.96594066767279
"F59E11.7",0.941881310541076,0,1.60993132708797,1.03923170134582,0,0
"nhr-143",10.3606944159518,7.1705207832071,12.8794506167037,11.431548714804,27.8842751463607,7.93188133534558
"F59E12.1",14.1282196581161,3.58526039160355,11.2695192896158,14.5492438188414,13.9421375731803,11.8978220030184
"F59E12.9",63.1060478062521,47.504700188747,72.4469097189585,61.3146703794032,66.9222603512656,58.1671297925342
"sam-4",7.53505048432861,4.48157548950443,8.04965663543983,1.03923170134582,1.85895167642405,0
"cgt-3",17.8957449002804,18.8226170559186,16.0993132708797,24.9415608322996,21.3779442788765,22.4736637834791
"F59G1.4",1.88376262108215,3.58526039160355,5.63475964480788,6.2353902080749,7.43580670569618,3.96594066767279
"gbas-1",0,2.68894529370266,0.804965663543983,3.11769510403745,0.929475838212023,2.64396044511519
"H01M10.1",1.88376262108215,0.896315097900887,10.4645536260718,6.2353902080749,10.2242342203322,6.60990111278798
"H02F09.3",1.88376262108215,7.1705207832071,0.804965663543983,3.11769510403745,2.78842751463607,10.5758417804608
"H03E18.1",0,0,0,1.03923170134582,2.78842751463607,9.25386155790317
"glf-1",0,0,0,13.5100121174956,5.57685502927214,7.93188133534558
"H04M03.12",5.65128786324646,2.68894529370266,3.21986265417593,3.11769510403745,4.64737919106011,5.28792089023038
"H05C05.1",44.2684215954306,21.5115623496213,84.5213946721182,67.5500605874781,56.6980261309334,56.8451495699766
"H05C05.2",16.9538635897394,7.1705207832071,5.63475964480788,11.431548714804,5.57685502927214,14.5417824481336
"nlp-49",18.8376262108215,10.7557811748106,18.5142102615116,12.4707804161498,26.0253234699366,13.219802225576
"eif-1.A",153.526653618195,109.350441943908,125.574643512861,140.296279681685,151.50456162856,122.944160697856
"ubxn-6",4.70940655270538,5.37789058740532,2.41489699063195,5.19615850672908,1.85895167642405,1.3219802225576
"H06H21.8",11.3025757264929,7.1705207832071,11.2695192896158,5.19615850672908,10.2242342203322,2.64396044511519
"tat-2",15.0701009686572,15.2373566643151,8.85462229898381,11.431548714804,7.43580670569618,23.7956440060367
"H06I04.1",4.70940655270538,17.0299868601169,6.43972530835186,8.31385361076654,12.0831858967563,11.8978220030184
"H06I04.3",177.073686381722,155.958827034754,147.308716428549,126.78626756419,107.819197232595,104.43643758205
"H06I04.6",15.0701009686572,10.7557811748106,16.9042789344236,11.431548714804,7.43580670569618,14.5417824481336
"H10D18.5",2.82564393162323,6.27420568530621,4.8297939812639,0,3.71790335284809,3.96594066767279
"H10E21.1",0.941881310541076,5.37789058740532,7.24469097189585,3.11769510403745,1.85895167642405,3.96594066767279
"H10E21.4",0,0.896315097900887,0,2.07846340269163,3.71790335284809,0
"H10E21.5",19.7795075213626,18.8226170559186,18.5142102615116,11.431548714804,13.9421375731803,18.5077231158063
"H11E01.3",52.7453533903003,41.2304945034408,49.102905476183,41.5692680538327,61.3454053219935,52.8792089023038
"H14A12.3",12.244457037034,17.0299868601169,6.43972530835186,10.3923170134582,10.2242342203322,13.219802225576
"strm-1",4.70940655270538,5.37789058740532,0.804965663543983,2.07846340269163,2.78842751463607,1.3219802225576
"H14E04.2",7.53505048432861,1.79263019580177,12.8794506167037,11.431548714804,11.1537100585443,7.93188133534558
"H14E04.3",0,0,0,0,0,0
"ttr-47",4.70940655270538,8.96315097900887,3.21986265417593,8.31385361076654,5.57685502927214,0
"H14N18.4",31.0820832478555,27.7857680349275,24.9539355698635,12.4707804161498,15.8010892496044,9.25386155790317
"kcc-2",104.548825470059,100.387290964899,102.230639270086,96.648548225161,105.030769717959,145.417824481336
"fgt-1",87.5949618803201,101.2836060628,91.7660856440141,84.1777678090112,74.3580670569618,88.5726749113589
"emc-1",48.977828148136,72.6015229299718,74.8618067095904,51.9615850672908,79.934922086234,55.523169347419
"H18N23.2",1.88376262108215,5.37789058740532,7.24469097189585,7.27462190942072,5.57685502927214,11.8978220030184
"zmp-2",2.82564393162323,0,4.02482831771991,4.15692680538327,8.3652825439082,9.25386155790317
"H20E11.1",2.82564393162323,5.37789058740532,1.60993132708797,2.07846340269163,0,0
"athp-2",28.2564393162323,27.7857680349275,24.9539355698635,27.0200242349912,17.6600409260284,25.1176242285943
"madf-3",5.65128786324646,2.68894529370266,1.60993132708797,1.03923170134582,10.2242342203322,2.64396044511519
"H20J04.4",2.82564393162323,12.5484113706124,4.02482831771991,7.27462190942072,2.78842751463607,3.96594066767279
"pfd-2",11.3025757264929,13.4447264685133,13.6844162802477,3.11769510403745,12.0831858967563,9.25386155790317
"H20J04.6",5.65128786324646,4.48157548950443,4.8297939812639,5.19615850672908,4.64737919106011,2.64396044511519
"gnrr-5",0,2.68894529370266,7.24469097189585,4.15692680538327,4.64737919106011,2.64396044511519
"bgal-2",4.70940655270538,9.85946607690976,4.8297939812639,5.19615850672908,4.64737919106011,2.64396044511519
"sgca-1",4.70940655270538,1.79263019580177,6.43972530835186,8.31385361076654,5.57685502927214,6.60990111278798
"ugt-13",7.53505048432861,3.58526039160355,12.0744849531597,17.6669389228789,13.0126617349683,5.28792089023038
"ugt-8",1.88376262108215,3.58526039160355,4.8297939812639,5.19615850672908,13.0126617349683,21.1516835609215
"H24G06.1",67.8154543589575,85.1499343005843,57.1525621116228,88.3346946143945,103.171818041535,92.5386155790317
"H24K24.3",28.2564393162323,28.6820831328284,28.9787638875834,27.0200242349912,27.8842751463607,26.4396044511519
"trm-2A",39.5590150427252,44.8157548950443,34.6135235323913,32.2161827417203,42.755888557753,29.0835648962671
"H25P19.1",7.53505048432861,13.4447264685133,8.04965663543983,14.5492438188414,1.85895167642405,1.3219802225576
"sacy-1",7.53505048432861,11.6520962727115,4.8297939812639,3.11769510403745,7.43580670569618,6.60990111278798
"rpb-5",28.2564393162323,25.0968227412248,26.5638668969514,18.7061706242247,22.3074201170885,13.219802225576
"H28G03.1",56.5128786324646,31.371028426531,61.9823560928867,62.353902080749,39.037985204905,34.3714857864975
"H28G03.2",18.8376262108215,35.8526039160355,23.3440042427755,25.9807925336454,20.4484684406645,19.8297033383639
"H34C03.2",47.0940655270538,45.7120699929452,34.6135235323913,46.7654265605618,55.7685502927214,43.6253473444007
"H34I24.2",49.919709458677,63.638371950963,40.2482831771991,31.1769510403745,54.8390744545093,70.0649517955526
"H35B03.1",9.41881310541076,4.48157548950443,6.43972530835186,9.35308531211235,8.3652825439082,9.25386155790317
"H35B03.2",4.70940655270538,2.68894529370266,6.43972530835186,2.07846340269163,2.78842751463607,6.60990111278798
"H41C03.1",0,1.79263019580177,0,1.03923170134582,3.71790335284809,3.96594066767279
"H41C03.3",0,0,1.60993132708797,3.11769510403745,6.50633086748416,1.3219802225576
"H42K12.3",0,0,0,5.19615850672908,13.0126617349683,15.8637626706912
"H43E16.1",24.488914074068,39.437864307639,54.7376651209908,16.6277072215331,12.0831858967563,31.7275253413823
"H43I07.1",11.3025757264929,13.4447264685133,12.8794506167037,17.6669389228789,13.9421375731803,11.8978220030184
"rpac-40",12.244457037034,8.06683588110798,16.0993132708797,9.35308531211235,16.7305650878164,2.64396044511519
"algn-5",19.7795075213626,3.58526039160355,9.6595879625278,7.27462190942072,12.0831858967563,9.25386155790317
"sgcb-1",1.88376262108215,1.79263019580177,0,2.07846340269163,0.929475838212023,0
"K01A2.4",0.941881310541076,1.79263019580177,6.43972530835186,6.2353902080749,5.57685502927214,6.60990111278798
"K01A2.5",3.7675252421643,8.06683588110798,9.6595879625278,7.27462190942072,10.2242342203322,5.28792089023038
"mps-2",6.59316917378753,3.58526039160355,3.21986265417593,1.03923170134582,0.929475838212023,5.28792089023038
"K01A2.10",5.65128786324646,4.48157548950443,4.8297939812639,10.3923170134582,4.64737919106011,2.64396044511519
"cbn-1",8.47693179486968,6.27420568530621,0.804965663543983,4.15692680538327,3.71790335284809,5.28792089023038
"kcc-3",3.7675252421643,2.68894529370266,12.0744849531597,4.15692680538327,16.7305650878164,11.8978220030184
"K02A6.3",11.3025757264929,7.1705207832071,6.43972530835186,15.5884755201873,14.8716134113924,7.93188133534558
"pfkb-1.2",23.5470327635269,15.2373566643151,11.2695192896158,16.6277072215331,12.0831858967563,6.60990111278798
"mcu-1",6.59316917378753,5.37789058740532,8.04965663543983,16.6277072215331,6.50633086748416,5.28792089023038
"K02D7.1",62.164166495711,69.0162625383683,74.0568410460464,55.0792801713283,71.5696395423257,52.8792089023038
"swt-1",12.244457037034,6.27420568530621,3.21986265417593,1.03923170134582,0,3.96594066767279
"K02D10.1",32.0239645583966,41.2304945034408,47.492974149095,28.0592559363371,26.0253234699366,47.5912880120735
"K02D10.4",0,0.896315097900887,4.02482831771991,7.27462190942072,1.85895167642405,0
"snap-29",37.675252421643,44.8157548950443,31.3936608782153,31.1769510403745,36.2495576902689,26.4396044511519
"K02E10.4",1.88376262108215,0,0,11.431548714804,4.64737919106011,0
"K02E10.7",5.65128786324646,2.68894529370266,2.41489699063195,7.27462190942072,1.85895167642405,1.3219802225576
"ahcy-1",714.887914700677,631.005828922224,642.362599508098,739.932971358222,738.003815540346,719.157241071332
"teg-4",74.408623532745,63.638371950963,62.7873217564307,62.353902080749,64.1338328366296,79.3188133534558
"K02F2.5",7.53505048432861,17.9263019580177,20.9291072521436,18.7061706242247,21.3779442788765,5.28792089023038
"K02F3.2",56.5128786324646,42.1268096013417,35.4184891959353,49.8831216645992,45.5443160723891,39.6594066767279
"zip-2",191.201906039838,240.212446237438,235.049973754843,232.787901101463,199.837305215585,231.346538947579
"clec-149",0.941881310541076,13.4447264685133,3.21986265417593,10.3923170134582,11.1537100585443,0
"ceeh-1",7.53505048432861,0.896315097900887,2.41489699063195,4.15692680538327,7.43580670569618,1.3219802225576
"K02F3.9",7.53505048432861,0,1.60993132708797,3.11769510403745,1.85895167642405,0
"moma-1",61.2222851851699,87.8388795942869,72.4469097189585,96.648548225161,75.2875428951738,63.4550506827646
"K02F3.12",23.5470327635269,9.85946607690976,24.1489699063195,19.7454023255705,17.6600409260284,7.93188133534558
"dhhc-10",6.59316917378753,7.1705207832071,2.41489699063195,11.431548714804,2.78842751463607,2.64396044511519
"tmem-135",3.7675252421643,11.6520962727115,8.85462229898381,7.27462190942072,7.43580670569618,2.64396044511519
"K02G10.5",0,2.68894529370266,1.60993132708797,4.15692680538327,0.929475838212023,2.64396044511519
"mbl-1",14.1282196581161,9.85946607690976,9.6595879625278,7.27462190942072,8.3652825439082,9.25386155790317
"lron-7",16.9538635897394,17.0299868601169,11.2695192896158,20.7846340269163,13.9421375731803,10.5758417804608
"K03A1.4",0.941881310541076,0,2.41489699063195,0,0,1.3219802225576
"K03B4.1",10.3606944159518,33.1636586223328,8.04965663543983,5.19615850672908,12.0831858967563,6.60990111278798
"K03B4.2",13.1863383475751,13.4447264685133,8.85462229898381,13.5100121174956,14.8716134113924,6.60990111278798
"K03B4.4",0.941881310541076,0.896315097900887,4.02482831771991,2.07846340269163,0.929475838212023,0
"cpg-8",9.41881310541076,38.5415492097381,17.7092445979676,18.7061706242247,38.1085093666929,35.6934660090551
"clik-3",6.59316917378753,17.0299868601169,4.8297939812639,18.7061706242247,21.3779442788765,15.8637626706912
"rei-2",16.9538635897394,8.96315097900887,12.0744849531597,16.6277072215331,26.0253234699366,13.219802225576
"K03H6.2",11.3025757264929,14.3410415664142,6.43972530835186,5.19615850672908,15.8010892496044,9.25386155790317
"K03H6.5",5.65128786324646,4.48157548950443,2.41489699063195,1.03923170134582,0,6.60990111278798
"K04A8.1",1.88376262108215,8.96315097900887,8.85462229898381,10.3923170134582,5.57685502927214,5.28792089023038
"K04C2.2",83.8274366381558,92.3204550837914,50.7128368032709,43.6477314565243,40.896936881329,66.0990111278798
"K04C2.3",24.488914074068,24.2005076433239,19.3191759250556,31.1769510403745,40.896936881329,17.1857428932487
"K04F1.9",2.82564393162323,0,0,0,0,0
"K04F10.7",30.1402019373144,3.58526039160355,18.5142102615116,14.5492438188414,24.1663717935126,6.60990111278798
"K04G7.1",6.59316917378753,1.79263019580177,3.21986265417593,8.31385361076654,5.57685502927214,9.25386155790317
"nuo-4",111.141994643847,71.705207832071,104.645536260718,93.5308531211235,77.1464945715979,68.742971572995
"syf-2",13.1863383475751,17.0299868601169,13.6844162802477,9.35308531211235,10.2242342203322,7.93188133534558
"K05B2.2",5.65128786324646,0.896315097900887,4.02482831771991,3.11769510403745,0.929475838212023,1.3219802225576
"lect-2",7.53505048432861,5.37789058740532,4.02482831771991,10.3923170134582,3.71790335284809,5.28792089023038
"K05F1.6",14.1282196581161,15.2373566643151,12.0744849531597,18.7061706242247,11.1537100585443,13.219802225576
"K05F1.10",9.41881310541076,12.5484113706124,9.6595879625278,6.2353902080749,11.1537100585443,14.5417824481336
"atg-16.2",3.7675252421643,4.48157548950443,6.43972530835186,4.15692680538327,3.71790335284809,13.219802225576
"dgk-5",15.0701009686572,11.6520962727115,9.6595879625278,12.4707804161498,11.1537100585443,11.8978220030184
"K06A5.1",3.7675252421643,3.58526039160355,4.8297939812639,2.07846340269163,5.57685502927214,0
"knl-2",21.6632701424447,15.2373566643151,13.6844162802477,25.9807925336454,26.9547993081487,18.5077231158063
"acdh-3",32.9658458689377,29.5783982307293,34.6135235323913,34.294646144412,35.3200818520569,51.5572286797462
"nmtn-1",3.7675252421643,3.58526039160355,6.43972530835186,3.11769510403745,0,0
"K06A9.1",73.4667422222039,125.484113706124,79.6916006908543,76.9031458995905,88.3002046301422,121.622180475299
"K06A9.2",6.59316917378753,7.1705207832071,6.43972530835186,14.5492438188414,4.64737919106011,3.96594066767279
"K06H7.2",4.70940655270538,2.68894529370266,6.43972530835186,3.11769510403745,1.85895167642405,1.3219802225576
"vms-1",16.0119822791983,5.37789058740532,20.9291072521436,9.35308531211235,7.43580670569618,10.5758417804608
"idi-1",1.88376262108215,5.37789058740532,2.41489699063195,4.15692680538327,0.929475838212023,3.96594066767279
"K07B1.4",0.941881310541076,5.37789058740532,5.63475964480788,3.11769510403745,0,2.64396044511519
"acl-14",15.0701009686572,5.37789058740532,19.3191759250556,16.6277072215331,16.7305650878164,11.8978220030184
"tos-1",25.4307953846091,27.7857680349275,16.0993132708797,11.431548714804,27.8842751463607,30.4055451188247
"K07B1.7",7.53505048432861,2.68894529370266,3.21986265417593,8.31385361076654,8.3652825439082,9.25386155790317
"cyp-35A5",0.941881310541076,0,0.804965663543983,4.15692680538327,0,1.3219802225576
"timp-1",0.941881310541076,1.79263019580177,0,6.2353902080749,0,0
"K07C11.4",5.65128786324646,13.4447264685133,11.2695192896158,15.5884755201873,10.2242342203322,19.8297033383639
"cri-2",4.70940655270538,0.896315097900887,1.60993132708797,0,1.85895167642405,0
"K07C11.7",14.1282196581161,32.2673435244319,20.1241415885996,12.4707804161498,17.6600409260284,25.1176242285943
"K07C11.8",5.65128786324646,0.896315097900887,0.804965663543983,1.03923170134582,2.78842751463607,1.3219802225576
"cogc-6",10.3606944159518,15.2373566643151,12.8794506167037,10.3923170134582,19.5189926024525,6.60990111278798
"ephx-1",11.3025757264929,13.4447264685133,9.6595879625278,9.35308531211235,12.0831858967563,31.7275253413823
"K07D4.9",4.70940655270538,8.96315097900887,2.41489699063195,3.11769510403745,7.43580670569618,7.93188133534558
"K07E1.1",3.7675252421643,3.58526039160355,6.43972530835186,5.19615850672908,3.71790335284809,6.60990111278798
"K07E3.1",27.3145580056912,15.2373566643151,24.9539355698635,53.0008167686367,32.5316543374208,29.0835648962671
"K07E3.2",2.82564393162323,2.68894529370266,3.21986265417593,4.15692680538327,0,1.3219802225576
"K07E3.4",45.2103029059717,43.9194397971435,66.0071844106066,46.7654265605618,69.7106878659017,55.523169347419
"catp-5",28.2564393162323,8.06683588110798,26.5638668969514,22.863097429608,20.4484684406645,35.6934660090551
"sdz-24",31.0820832478555,26.8894529370266,35.4184891959353,38.4515729497952,48.3327435870252,34.3714857864975
"K07E8.6",0,0,0.804965663543983,4.15692680538327,4.64737919106011,1.3219802225576
"K07E8.7",3.7675252421643,6.27420568530621,4.8297939812639,7.27462190942072,2.78842751463607,1.3219802225576
"tbce-1",0.941881310541076,2.68894529370266,5.63475964480788,8.31385361076654,2.78842751463607,0
"K07H8.2",19.7795075213626,31.371028426531,28.1737982240394,17.6669389228789,17.6600409260284,17.1857428932487
"K07H8.10",1176.4097568658,1258.42639745285,1126.95192896158,797.090714932242,756.593332304587,860.609124884995
"lido-8",11.3025757264929,12.5484113706124,6.43972530835186,16.6277072215331,18.5895167642405,9.25386155790317
"lido-7",11.3025757264929,5.37789058740532,2.41489699063195,2.07846340269163,1.85895167642405,1.3219802225576
"ugt-19",6.59316917378753,8.06683588110798,3.21986265417593,6.2353902080749,9.29475838212023,3.96594066767279
"ugt-20",5.65128786324646,1.79263019580177,0.804965663543983,2.07846340269163,0,2.64396044511519
"K08B5.2",1.88376262108215,2.68894529370266,7.24469097189585,8.31385361076654,4.64737919106011,6.60990111278798
"K08B12.1",0,0,0,5.19615850672908,1.85895167642405,0
"dmd-7",47.0940655270538,29.5783982307293,49.9078711397269,32.2161827417203,28.8137509845727,27.7615846737095
"K08B12.3",1.88376262108215,4.48157548950443,8.04965663543983,5.19615850672908,18.5895167642405,9.25386155790317
"K08D9.4",0.941881310541076,0,1.60993132708797,3.11769510403745,7.43580670569618,1.3219802225576
"rpi-2",0,0,4.02482831771991,0,0,0
"K08D12.3",63.1060478062521,62.7420568530621,70.8369783918705,71.7069873928614,67.8517361894777,84.6067342436861
"K08D12.6",106.432588091142,124.587798608223,176.287480316132,232.787901101463,260.253234699366,326.529114971726
"cif-1",142.224077891702,217.804568789916,160.188167045253,154.845523500527,159.869844172468,165.247527819699
"miro-1",12.244457037034,27.7857680349275,14.4893819437917,11.431548714804,9.29475838212023,10.5758417804608
"K09C4.1",0.941881310541076,0,0,0,0.929475838212023,0
"K09C4.10",6.59316917378753,6.27420568530621,7.24469097189585,7.27462190942072,8.3652825439082,11.8978220030184
"K09C6.9",3.7675252421643,0,0,3.11769510403745,1.85895167642405,2.64396044511519
"cyp-35A3",8.47693179486968,2.68894529370266,1.60993132708797,2.07846340269163,6.50633086748416,2.64396044511519
"K09E2.3",10.3606944159518,4.48157548950443,6.43972530835186,11.431548714804,9.29475838212023,15.8637626706912
"K09H9.5",18.8376262108215,10.7557811748106,9.6595879625278,5.19615850672908,8.3652825439082,19.8297033383639
"acds-10",14.1282196581161,13.4447264685133,16.9042789344236,28.0592559363371,18.5895167642405,21.1516835609215
"ctsa-1",20.7213888319037,25.0968227412248,33.0035922053033,10.3923170134582,25.0958476317246,15.8637626706912
"K10B2.4",1.88376262108215,14.3410415664142,1.60993132708797,3.11769510403745,3.71790335284809,2.64396044511519
"ani-2",2.82564393162323,0,5.63475964480788,5.19615850672908,0.929475838212023,9.25386155790317
"K10B3.1",2.82564393162323,0.896315097900887,0,8.31385361076654,1.85895167642405,1.3219802225576
"K10B3.5",3.7675252421643,2.68894529370266,3.21986265417593,3.11769510403745,6.50633086748416,2.64396044511519
"gpcp-1",16.0119822791983,14.3410415664142,13.6844162802477,23.9023291309538,31.6021784992088,23.7956440060367
"K10B4.3",20.7213888319037,9.85946607690976,4.02482831771991,11.431548714804,5.57685502927214,23.7956440060367
"K10C2.1",929.636853504042,1162.52068197745,1096.3632337469,865.680007221066,826.304020170488,1028.50061314981
"asp-14",81.9436740170736,61.8457417551612,97.4008452888219,88.3346946143945,66.9222603512656,71.3869320181102
"fah-1",46.1521842165127,50.1936454824497,74.0568410460464,57.1577435740199,50.1916952634492,44.9473275669583
"rnst-2",4.70940655270538,5.37789058740532,16.0993132708797,12.4707804161498,6.50633086748416,7.93188133534558
"hira-1",18.8376262108215,8.96315097900887,6.43972530835186,8.31385361076654,12.0831858967563,14.5417824481336
"pup-2",6.59316917378753,11.6520962727115,8.04965663543983,13.5100121174956,16.7305650878164,14.5417824481336
"cid-1",40.5008963532663,12.5484113706124,26.5638668969514,18.7061706242247,24.1663717935126,19.8297033383639
"gsto-3",1.88376262108215,0.896315097900887,1.60993132708797,1.03923170134582,2.78842751463607,0
"K11C4.2",2.82564393162323,3.58526039160355,7.24469097189585,2.07846340269163,0.929475838212023,1.3219802225576
"cpt-4",10.3606944159518,11.6520962727115,8.04965663543983,14.5492438188414,18.5895167642405,1.3219802225576
"swt-7",43.3265402848895,99.4909758669985,101.425673606542,35.3338778457578,40.896936881329,68.742971572995
"K11D12.7",1.88376262108215,0.896315097900887,0,0,1.85895167642405,0
"K11D12.9",5.65128786324646,6.27420568530621,4.02482831771991,14.5492438188414,3.71790335284809,3.96594066767279
"K11G9.1",0.941881310541076,0.896315097900887,1.60993132708797,3.11769510403745,0.929475838212023,5.28792089023038
"slc-25A10",18.8376262108215,12.5484113706124,20.9291072521436,15.5884755201873,19.5189926024525,15.8637626706912
"K11G12.6",15.0701009686572,10.7557811748106,6.43972530835186,20.7846340269163,7.43580670569618,14.5417824481336
"K11H12.1",0,4.48157548950443,3.21986265417593,3.11769510403745,1.85895167642405,3.96594066767279
"K11H12.4",6.59316917378753,3.58526039160355,12.0744849531597,5.19615850672908,12.0831858967563,0
"K11H12.7",16.9538635897394,16.133671762216,27.3688325604954,9.35308531211235,10.2242342203322,15.8637626706912
"K11H12.8",30.1402019373144,48.4010152866479,17.7092445979676,22.863097429608,20.4484684406645,35.6934660090551
"K11H12.9",4.70940655270538,8.96315097900887,2.41489699063195,3.11769510403745,4.64737919106011,0
"sago-1",6.59316917378753,6.27420568530621,4.8297939812639,2.07846340269163,7.43580670569618,6.60990111278798
"K12C11.1",64.0479291167932,86.0462493984851,66.8121500741506,72.7462190942072,57.6275019691454,76.6748529083406
"K12H4.2",2.82564393162323,6.27420568530621,1.60993132708797,3.11769510403745,0,3.96594066767279
"K12H4.3",23.5470327635269,11.6520962727115,16.0993132708797,21.8238657282622,14.8716134113924,19.8297033383639
"spcs-3",41.4427776638073,70.8088927341701,51.5178024668149,34.294646144412,47.4032677488132,35.6934660090551
"K12H4.5",18.8376262108215,39.437864307639,33.0035922053033,34.294646144412,27.8842751463607,23.7956440060367
"K12H4.7",243.947259430139,190.915115852889,214.925832166243,240.062523010884,230.510007876582,243.244360950598
"K12H6.6",15.0701009686572,22.4078774475222,16.9042789344236,13.5100121174956,12.0831858967563,5.28792089023038
"ostd-1",49.919709458677,53.7789058740532,33.8085578688473,39.490804651141,45.5443160723891,59.4891100150918
"M01B12.4",19.7795075213626,25.9931378391257,24.9539355698635,24.9415608322996,28.8137509845727,22.4736637834791
"riok-1",49.919709458677,48.4010152866479,53.9326994574469,35.3338778457578,48.3327435870252,51.5572286797462
"M01E11.1",0,1.79263019580177,0,0,0,2.64396044511519
"M01E11.2",4.70940655270538,9.85946607690976,9.6595879625278,10.3923170134582,7.43580670569618,5.28792089023038
"pqn-52",9.41881310541076,7.1705207832071,15.2943476073357,17.6669389228789,17.6600409260284,17.1857428932487
"M01G5.1",21.6632701424447,36.7489190139364,24.1489699063195,3.11769510403745,12.0831858967563,11.8978220030184
"M01G5.3",24.488914074068,4.48157548950443,19.3191759250556,20.7846340269163,28.8137509845727,17.1857428932487
"trx-3",2.82564393162323,3.58526039160355,0.804965663543983,2.07846340269163,6.50633086748416,1.3219802225576
"M01H9.2",0.941881310541076,4.48157548950443,2.41489699063195,14.5492438188414,4.64737919106011,7.93188133534558
"M01H9.3",25.4307953846091,42.1268096013417,41.8582145042871,68.5892922888239,67.8517361894777,43.6253473444007
"M01H9.4",3.7675252421643,1.79263019580177,4.02482831771991,3.11769510403745,5.57685502927214,7.93188133534558
"algn-14",1.88376262108215,4.48157548950443,1.60993132708797,1.03923170134582,3.71790335284809,2.64396044511519
"bris-1",11.3025757264929,16.133671762216,19.3191759250556,12.4707804161498,25.0958476317246,18.5077231158063
"zig-12",36.733371111102,19.7189321538195,26.5638668969514,42.6084997551785,36.2495576902689,25.1176242285943
"M02D8.3",15.0701009686572,8.06683588110798,15.2943476073357,7.27462190942072,11.1537100585443,5.28792089023038
"asns-2",48.977828148136,55.571536069855,68.4220814012386,104.962401835928,86.4412529537181,84.6067342436861
"M02E1.1",18.8376262108215,8.96315097900887,20.1241415885996,20.7846340269163,20.4484684406645,13.219802225576
"nlp-64",0.941881310541076,0,4.8297939812639,0,0.929475838212023,0
"clec-265",33.9077271794787,43.9194397971435,44.2731114949191,31.1769510403745,46.4737919106011,25.1176242285943
"nhr-201",1.88376262108215,0.896315097900887,4.02482831771991,1.03923170134582,3.71790335284809,6.60990111278798
"nhr-202",10.3606944159518,0,1.60993132708797,0,0,2.64396044511519
"nhr-203",6.59316917378753,4.48157548950443,4.02482831771991,8.31385361076654,2.78842751463607,1.3219802225576
"M02H5.8",0,0,0,3.11769510403745,0,2.64396044511519
"ipla-1",33.9077271794787,38.5415492097381,29.7837295511274,32.2161827417203,23.2368959553006,34.3714857864975
"atg-2",98.897537606813,88.7351946921878,60.3724247657987,181.865547735518,129.197141511471,155.993666261796
"M03A8.3",0.941881310541076,0.896315097900887,4.8297939812639,0,1.85895167642405,0
"M03D4.3",1.88376262108215,4.48157548950443,8.04965663543983,12.4707804161498,13.0126617349683,3.96594066767279
"M03D4.4",8.47693179486968,3.58526039160355,3.21986265417593,0,4.64737919106011,1.3219802225576
"memb-2",3.7675252421643,0,1.60993132708797,5.19615850672908,0.929475838212023,2.64396044511519
"calu-1",54.6291160113824,59.1567964614585,71.6419440554145,65.4715971847865,94.8065354976263,75.352872685783
"M03F8.3",32.0239645583966,41.2304945034408,46.688008485551,19.7454023255705,29.7432268227847,25.1176242285943
"M4.1",16.0119822791983,18.8226170559186,23.3440042427755,13.5100121174956,16.7305650878164,21.1516835609215
"rpa-2",31.0820832478555,27.7857680349275,13.6844162802477,30.1377193390287,30.6727026609968,26.4396044511519
"M04F3.4",3.7675252421643,1.79263019580177,4.02482831771991,12.4707804161498,7.43580670569618,6.60990111278798
"M04F3.5",6.59316917378753,3.58526039160355,15.2943476073357,21.8238657282622,13.0126617349683,17.1857428932487
"M04G7.1",13.1863383475751,20.6152472517204,20.1241415885996,22.863097429608,19.5189926024525,23.7956440060367
"M04G7.3",6.59316917378753,5.37789058740532,3.21986265417593,2.07846340269163,0.929475838212023,10.5758417804608
"M57.2",10.3606944159518,7.1705207832071,15.2943476073357,13.5100121174956,21.3779442788765,9.25386155790317
"endu-2",111.141994643847,135.343579783034,154.553407400445,137.178584577648,124.549762320411,126.910101365529
"M60.4",51.8034720797592,62.7420568530621,56.3475964480788,74.8246824968988,53.9095986162973,42.3033671218431
"M60.6",4.70940655270538,8.06683588110798,9.6595879625278,4.15692680538327,3.71790335284809,9.25386155790317
"M70.4",13.1863383475751,21.5115623496213,5.63475964480788,10.3923170134582,10.2242342203322,11.8978220030184
"M70.5",6.59316917378753,7.1705207832071,8.04965663543983,1.03923170134582,7.43580670569618,10.5758417804608
"mtss-1",13.1863383475751,25.0968227412248,18.5142102615116,13.5100121174956,11.1537100585443,14.5417824481336
"aak-1",17.8957449002804,31.371028426531,21.7340729156875,19.7454023255705,16.7305650878164,18.5077231158063
"PDB1.1",14.1282196581161,15.2373566643151,11.2695192896158,14.5492438188414,13.0126617349683,11.8978220030184
"R01B10.3",0.941881310541076,1.79263019580177,5.63475964480788,5.19615850672908,6.50633086748416,1.3219802225576
"jamp-1",3.7675252421643,10.7557811748106,4.8297939812639,2.07846340269163,8.3652825439082,3.96594066767279
"R01B10.6",2.82564393162323,13.4447264685133,8.04965663543983,7.27462190942072,13.9421375731803,7.93188133534558
"ger-1",3.7675252421643,5.37789058740532,8.85462229898381,12.4707804161498,11.1537100585443,11.8978220030184
"nhr-204",1.88376262108215,0.896315097900887,4.02482831771991,4.15692680538327,3.71790335284809,1.3219802225576
"R02C2.7",0.941881310541076,0,0,2.07846340269163,0,2.64396044511519
"aass-1",154.468534928736,170.299868601169,134.429265811845,168.355535618022,182.177264289556,210.194855386658
"cogc-8",11.3025757264929,17.9263019580177,18.5142102615116,11.431548714804,9.29475838212023,9.25386155790317
"gtf-2H1",17.8957449002804,17.9263019580177,13.6844162802477,3.11769510403745,9.29475838212023,7.93188133534558
"R02D3.4",9.41881310541076,21.5115623496213,8.85462229898381,14.5492438188414,7.43580670569618,9.25386155790317
"fnta-1",17.8957449002804,21.5115623496213,12.8794506167037,15.5884755201873,13.9421375731803,37.0154462316127
"R02D3.7",8.47693179486968,1.79263019580177,1.60993132708797,3.11769510403745,13.0126617349683,0
"R02D3.8",0,0,1.60993132708797,0,0,0
"mop-25.1",13.1863383475751,25.9931378391257,31.3936608782153,15.5884755201873,21.3779442788765,9.25386155790317
"hrg-1",22.6051514529858,34.0599737202337,21.7340729156875,25.9807925336454,25.0958476317246,27.7615846737095
"R02F2.1",238.295971566892,267.101899174464,206.07120986726,197.454023255705,219.356297818037,186.399211380621
"osg-1",2.82564393162323,6.27420568530621,3.21986265417593,2.07846340269163,4.64737919106011,11.8978220030184
"R02F2.7",17.8957449002804,9.85946607690976,9.6595879625278,15.5884755201873,6.50633086748416,27.7615846737095
"R02F2.8",5.65128786324646,2.68894529370266,4.02482831771991,3.11769510403745,6.50633086748416,7.93188133534558
"R02F2.9",10.3606944159518,8.06683588110798,11.2695192896158,9.35308531211235,11.1537100585443,9.25386155790317
"R02F11.1",0,0,0,4.15692680538327,4.64737919106011,1.3219802225576
"R02F11.2",4.70940655270538,3.58526039160355,2.41489699063195,8.31385361076654,2.78842751463607,1.3219802225576
"R02F11.3",7.53505048432861,16.133671762216,11.2695192896158,9.35308531211235,11.1537100585443,11.8978220030184
"R02F11.4",4.70940655270538,9.85946607690976,12.8794506167037,7.27462190942072,26.0253234699366,17.1857428932487
"R03E9.2",0.941881310541076,0,1.60993132708797,8.31385361076654,1.85895167642405,1.3219802225576
"abts-4",11.3025757264929,15.2373566643151,27.3688325604954,13.5100121174956,24.1663717935126,21.1516835609215
"gpx-7",3.7675252421643,0,1.60993132708797,1.03923170134582,2.78842751463607,0
"R03H10.2",16.9538635897394,17.9263019580177,10.4645536260718,13.5100121174956,7.43580670569618,30.4055451188247
"R03H10.6",3.7675252421643,2.68894529370266,4.02482831771991,1.03923170134582,3.71790335284809,3.96594066767279
"R03H10.7",0,0,2.41489699063195,1.03923170134582,0.929475838212023,0
"nrde-3",8.47693179486968,12.5484113706124,18.5142102615116,18.7061706242247,24.1663717935126,10.5758417804608
"R04A9.3",6.59316917378753,4.48157548950443,8.85462229898381,8.31385361076654,0.929475838212023,1.3219802225576
"ceh-93",2.82564393162323,4.48157548950443,3.21986265417593,2.07846340269163,5.57685502927214,5.28792089023038
"R04B3.2",0,3.58526039160355,1.60993132708797,4.15692680538327,0,1.3219802225576
"cnnm-2",2.82564393162323,2.68894529370266,4.02482831771991,3.11769510403745,0,0
"R04E5.8",32.9658458689377,43.0231246992426,36.2234548594792,41.5692680538327,47.4032677488132,29.0835648962671
"arrd-26",0,14.3410415664142,4.02482831771991,9.35308531211235,6.50633086748416,6.60990111278798
"mca-2",94.1881310541076,63.638371950963,77.2767037002224,94.5700848224694,97.5949630122624,100.470496914377
"R05D3.2",34.8496084900198,30.4747133286302,24.9539355698635,44.6869631578701,23.2368959553006,59.4891100150918
"R05D3.8",2.82564393162323,0,4.02482831771991,8.31385361076654,1.85895167642405,6.60990111278798
"R05D3.9",11.3025757264929,8.96315097900887,13.6844162802477,20.7846340269163,16.7305650878164,11.8978220030184
"met-2",25.4307953846091,20.6152472517204,38.6383518501112,27.0200242349912,17.6600409260284,30.4055451188247
"R05D3.12",16.9538635897394,2.68894529370266,9.6595879625278,12.4707804161498,15.8010892496044,5.28792089023038
"btbd-10",33.9077271794787,13.4447264685133,23.3440042427755,34.294646144412,10.2242342203322,19.8297033383639
"R05F9.6",117.735163817635,121.898853314521,132.819334484757,108.080096939965,99.4539146886864,76.6748529083406
"R05F9.9",5.65128786324646,3.58526039160355,4.8297939812639,7.27462190942072,6.50633086748416,5.28792089023038
"sgt-1",156.352297549819,254.553487803852,191.581827923468,250.454840024342,209.132063597705,212.838815831773
"aagr-2",94.1881310541076,109.350441943908,107.06043325135,58.1969752753658,92.0181079829903,72.7089122406678
"R05G6.4",7.53505048432861,7.1705207832071,1.60993132708797,1.03923170134582,8.3652825439082,2.64396044511519
"vdac-1",373.926880284807,576.33060795027,426.631801678311,466.615033904272,475.891629164556,575.061396812554
"R05G6.10",24.488914074068,25.0968227412248,24.1489699063195,23.9023291309538,18.5895167642405,29.0835648962671
"twk-49",17.8957449002804,25.0968227412248,18.5142102615116,8.31385361076654,11.1537100585443,17.1857428932487
"R05H11.1",5.65128786324646,0,2.41489699063195,0,7.43580670569618,2.64396044511519
"R05H11.2",3.7675252421643,6.27420568530621,7.24469097189585,1.03923170134582,0.929475838212023,10.5758417804608
"R06A10.4",7.53505048432861,0.896315097900887,5.63475964480788,3.11769510403745,3.71790335284809,1.3219802225576
"clec-150",19.7795075213626,15.2373566643151,29.7837295511274,19.7454023255705,26.0253234699366,7.93188133534558
"tbc-10",2.82564393162323,4.48157548950443,8.85462229898381,10.3923170134582,10.2242342203322,2.64396044511519
"fbxc-36",5.65128786324646,0.896315097900887,4.8297939812639,7.27462190942072,3.71790335284809,1.3219802225576
"R07E4.1",4.70940655270538,6.27420568530621,9.6595879625278,8.31385361076654,9.29475838212023,3.96594066767279
"R07E4.3",1.88376262108215,6.27420568530621,9.6595879625278,9.35308531211235,1.85895167642405,0
"R07E4.5",3.7675252421643,5.37789058740532,3.21986265417593,7.27462190942072,3.71790335284809,10.5758417804608
"npp-21",164.829229344688,90.5278248879896,123.159746522229,93.5308531211235,79.934922086234,74.0308924632254
"pgam-5",24.488914074068,21.5115623496213,13.6844162802477,18.7061706242247,26.9547993081487,5.28792089023038
"R07G3.7",3.7675252421643,0.896315097900887,0,1.03923170134582,0,1.3219802225576
"R07G3.8",1.88376262108215,0.896315097900887,1.60993132708797,4.15692680538327,3.71790335284809,2.64396044511519
"chat-1",22.6051514529858,24.2005076433239,16.9042789344236,23.9023291309538,23.2368959553006,17.1857428932487
"htz-1",9.41881310541076,3.58526039160355,21.7340729156875,12.4707804161498,15.8010892496044,25.1176242285943
"wapl-1",21.6632701424447,20.6152472517204,28.9787638875834,14.5492438188414,15.8010892496044,30.4055451188247
"R08C7.12",9.41881310541076,12.5484113706124,8.85462229898381,4.15692680538327,6.50633086748416,15.8637626706912
"R08E3.1",87.5949618803201,64.5346870488639,79.6916006908543,95.6093165238152,99.4539146886864,85.9287144662437
"R08E3.3",10.3606944159518,12.5484113706124,20.1241415885996,23.9023291309538,11.1537100585443,9.25386155790317
"ztf-16",29.1983206267734,12.5484113706124,5.63475964480788,25.9807925336454,14.8716134113924,13.219802225576
"cysl-3",4.70940655270538,8.96315097900887,16.0993132708797,6.2353902080749,5.57685502927214,11.8978220030184
"R08E5.3",4.70940655270538,0.896315097900887,2.41489699063195,1.03923170134582,2.78842751463607,0
"R08F11.1",17.8957449002804,10.7557811748106,8.85462229898381,11.431548714804,14.8716134113924,18.5077231158063
"cyp-33C8",8.47693179486968,5.37789058740532,9.6595879625278,8.31385361076654,16.7305650878164,5.28792089023038
"R08F11.4",3.7675252421643,1.79263019580177,0,3.11769510403745,1.85895167642405,5.28792089023038
"R08F11.7",0,0,0.804965663543983,6.2353902080749,8.3652825439082,0
"ergo-1",11.3025757264929,25.9931378391257,16.9042789344236,18.7061706242247,24.1663717935126,21.1516835609215
"R09A1.3",3.7675252421643,0.896315097900887,0.804965663543983,2.07846340269163,1.85895167642405,0
"hacd-1",2.82564393162323,0.896315097900887,4.02482831771991,2.07846340269163,1.85895167642405,1.3219802225576
"R09B5.11",5.65128786324646,2.68894529370266,1.60993132708797,1.03923170134582,0.929475838212023,1.3219802225576
"sti-1",81.9436740170736,106.661496650206,87.7412573262941,151.727828396489,144.998230761076,138.807923368548
"R09F10.1",16.9538635897394,5.37789058740532,0.804965663543983,3.11769510403745,8.3652825439082,0
"R09F10.3",2.82564393162323,1.79263019580177,5.63475964480788,4.15692680538327,0,2.64396044511519
"R09F10.5",1.88376262108215,3.58526039160355,2.41489699063195,3.11769510403745,4.64737919106011,2.64396044511519
"cdh-1",35.7914898005609,40.3341794055399,34.6135235323913,45.726194859216,41.826412719541,40.9813868992855
"R11F4.1",72.5248609116629,107.557811748106,67.6171157376946,72.7462190942072,92.0181079829903,87.2506946888013
"R11F4.3",0,2.68894529370266,0,8.31385361076654,5.57685502927214,17.1857428932487
"R11G1.6",31.0820832478555,24.2005076433239,49.102905476183,34.294646144412,26.9547993081487,30.4055451188247
"gldc-1",112.083875954388,138.032525076737,139.259059793109,114.31548714804,109.678148909019,118.978220030184
"frpr-16",0,2.68894529370266,1.60993132708797,1.03923170134582,2.78842751463607,0
"R12C12.5",17.8957449002804,17.0299868601169,15.2943476073357,15.5884755201873,12.0831858967563,5.28792089023038
"R12C12.6",7.53505048432861,10.7557811748106,2.41489699063195,1.03923170134582,3.71790335284809,0
"R12C12.7",3.7675252421643,5.37789058740532,10.4645536260718,9.35308531211235,5.57685502927214,5.28792089023038
"R12C12.9",8.47693179486968,1.79263019580177,3.21986265417593,8.31385361076654,8.3652825439082,7.93188133534558
"kel-20",8.47693179486968,5.37789058740532,5.63475964480788,7.27462190942072,12.0831858967563,6.60990111278798
"suco-1",61.2222851851699,62.7420568530621,37.8333861865672,107.040865238619,93.8770596594143,68.742971572995
"R12E2.11",67.8154543589575,68.1199474404674,59.5674591022547,70.6677556915156,79.934922086234,68.742971572995
"mrps-6",7.53505048432861,3.58526039160355,9.6595879625278,10.3923170134582,10.2242342203322,2.64396044511519
"R12E2.13",7.53505048432861,10.7557811748106,11.2695192896158,5.19615850672908,7.43580670569618,6.60990111278798
"R13A1.5",2.82564393162323,6.27420568530621,3.21986265417593,0,2.78842751463607,2.64396044511519
"ttr-32",2.82564393162323,14.3410415664142,4.8297939812639,11.431548714804,13.0126617349683,29.0835648962671
"ttr-8",0,0,0.804965663543983,5.19615850672908,7.43580670569618,2.64396044511519
"mfsd-6",35.7914898005609,32.2673435244319,42.6631801678311,38.4515729497952,29.7432268227847,38.3374264541703
"R13A5.10",1.88376262108215,1.79263019580177,0.804965663543983,3.11769510403745,2.78842751463607,7.93188133534558
"R13D7.2",16.0119822791983,0.896315097900887,13.6844162802477,12.4707804161498,21.3779442788765,11.8978220030184
"R13D11.4",4.70940655270538,8.06683588110798,3.21986265417593,6.2353902080749,6.50633086748416,0
"cra-1",52.7453533903003,35.8526039160355,41.0532488407431,33.2554144430661,38.1085093666929,54.2011891248614
"R13H7.2",5.65128786324646,4.48157548950443,1.60993132708797,1.03923170134582,4.64737919106011,7.93188133534558
"gcp-2.1",55.5709973219235,36.7489190139364,53.9326994574469,73.785450795553,55.7685502927214,30.4055451188247
"R119.2",16.0119822791983,17.0299868601169,11.2695192896158,2.07846340269163,13.9421375731803,6.60990111278798
"R119.3",19.7795075213626,5.37789058740532,10.4645536260718,7.27462190942072,13.0126617349683,6.60990111278798
"pcf-11",53.6872347008413,70.8088927341701,42.6631801678311,51.9615850672908,27.8842751463607,50.2352484571886
"R144.3",5.65128786324646,2.68894529370266,3.21986265417593,4.15692680538327,0.929475838212023,5.28792089023038
"wip-1",16.9538635897394,24.2005076433239,20.1241415885996,10.3923170134582,13.9421375731803,19.8297033383639
"smcr-8",4.70940655270538,3.58526039160355,10.4645536260718,5.19615850672908,5.57685502927214,0
"R144.6",0.941881310541076,0.896315097900887,2.41489699063195,0,0,1.3219802225576
"larp-1",313.646476410178,306.539763482103,319.571368426961,288.906412974137,268.618517243275,314.631292968708
"R144.11",1.88376262108215,0.896315097900887,3.21986265417593,10.3923170134582,0,2.64396044511519
"lmtr-5",0,5.37789058740532,4.02482831771991,1.03923170134582,0,3.96594066767279
"R148.3",48.977828148136,49.2973303845488,71.6419440554145,94.5700848224694,75.2875428951738,58.1671297925342
"R148.5",13.1863383475751,4.48157548950443,5.63475964480788,10.3923170134582,13.9421375731803,17.1857428932487
"R151.1",4.70940655270538,8.06683588110798,6.43972530835186,6.2353902080749,6.50633086748416,3.96594066767279
"R151.2",57.4547599430056,52.8825907761523,63.5922874199747,47.8046582619076,51.1211711016613,58.1671297925342
"R151.6",8.47693179486968,15.2373566643151,12.8794506167037,13.5100121174956,4.64737919106011,3.96594066767279
"hsp-75",47.0940655270538,34.0599737202337,25.7589012334075,42.6084997551785,26.9547993081487,25.1176242285943
"R151.8",9.41881310541076,2.68894529370266,5.63475964480788,4.15692680538327,2.78842751463607,5.28792089023038
"pfd-5",8.47693179486968,12.5484113706124,8.04965663543983,21.8238657282622,12.0831858967563,3.96594066767279
"R151.10",9.41881310541076,14.3410415664142,11.2695192896158,14.5492438188414,9.29475838212023,11.8978220030184
"pde-4",68.7573356694985,59.1567964614585,74.8618067095904,67.5500605874781,55.7685502927214,89.8946551339165
"mboa-6",32.0239645583966,41.2304945034408,31.3936608782153,20.7846340269163,45.5443160723891,46.2693077895159
"R173.3",5.65128786324646,2.68894529370266,6.43972530835186,5.19615850672908,5.57685502927214,2.64396044511519
"flp-26",16.0119822791983,37.6452341118373,35.4184891959353,13.5100121174956,26.0253234699366,25.1176242285943
"R193.2",228.877158461481,383.62286190158,356.599788949984,260.8471570378,271.406944757911,284.225747849883
"gcy-28",132.805264786292,114.728332531314,103.840570597174,76.9031458995905,98.5244388504744,93.8605958015893
"T01B6.1",1.88376262108215,0,1.60993132708797,1.03923170134582,3.71790335284809,0
"aakg-4",4.70940655270538,1.79263019580177,4.02482831771991,8.31385361076654,3.71790335284809,1.3219802225576
"eppl-1",48.977828148136,46.6083850908461,41.0532488407431,27.0200242349912,31.6021784992088,23.7956440060367
"lmd-5",14.1282196581161,14.3410415664142,11.2695192896158,33.2554144430661,21.3779442788765,25.1176242285943
"aak-2",37.675252421643,52.8825907761523,41.8582145042871,58.1969752753658,41.826412719541,43.6253473444007
"T01C8.2",0.941881310541076,0,0.804965663543983,4.15692680538327,0.929475838212023,3.96594066767279
"got-1.2",81.9436740170736,117.417277825016,104.645536260718,88.3346946143945,93.8770596594143,55.523169347419
"T01D1.3",0,0,2.41489699063195,1.03923170134582,2.78842751463607,6.60990111278798
"T01D1.4",1.88376262108215,0,0,0,1.85895167642405,0
"nhr-212",1.88376262108215,8.96315097900887,0.804965663543983,0,2.78842751463607,1.3219802225576
"T02B11.3",73.4667422222039,95.9057154753949,90.1561543169261,95.6093165238152,96.6654871740504,63.4550506827646
"T02B11.4",17.8957449002804,25.0968227412248,19.3191759250556,8.31385361076654,3.71790335284809,3.96594066767279
"T02C5.1",53.6872347008413,44.8157548950443,51.5178024668149,63.3931337820948,79.934922086234,55.523169347419
"igcm-3",6.59316917378753,4.48157548950443,12.8794506167037,4.15692680538327,4.64737919106011,7.93188133534558
"T02G5.7",47.0940655270538,53.7789058740532,41.0532488407431,24.9415608322996,39.037985204905,34.3714857864975
"mmaa-1",13.1863383475751,18.8226170559186,8.85462229898381,13.5100121174956,25.0958476317246,26.4396044511519
"T02H6.1",85.7111992592379,67.2236323425665,83.7164290085742,30.1377193390287,43.6853643959651,40.9813868992855
"thoc-1",1.88376262108215,5.37789058740532,2.41489699063195,2.07846340269163,11.1537100585443,3.96594066767279
"T02H6.11",97.9556562962719,55.571536069855,93.376016971102,80.0208410036279,86.4412529537181,75.352872685783
"T03D3.5",0.941881310541076,8.06683588110798,1.60993132708797,5.19615850672908,3.71790335284809,5.28792089023038
"uba-5",12.244457037034,11.6520962727115,8.85462229898381,20.7846340269163,10.2242342203322,6.60990111278798
"pgk-1",56.5128786324646,45.7120699929452,48.297939812639,59.2362069767116,63.2043569984175,48.913268234631
"tfbm-1",11.3025757264929,15.2373566643151,15.2943476073357,9.35308531211235,3.71790335284809,0
"guk-1",19.7795075213626,40.3341794055399,26.5638668969514,23.9023291309538,28.8137509845727,17.1857428932487
"clec-53",1.88376262108215,1.79263019580177,5.63475964480788,3.11769510403745,5.57685502927214,2.64396044511519
"T03F1.11",7.53505048432861,2.68894529370266,7.24469097189585,14.5492438188414,4.64737919106011,11.8978220030184
"T03G6.1",0,0,0,3.11769510403745,4.64737919106011,0
"T03G6.3",34.8496084900198,36.7489190139364,29.7837295511274,33.2554144430661,25.0958476317246,30.4055451188247
"mans-3",16.9538635897394,18.8226170559186,8.04965663543983,10.3923170134582,15.8010892496044,9.25386155790317
"T03G11.6",2.82564393162323,4.48157548950443,0.804965663543983,4.15692680538327,0.929475838212023,5.28792089023038
"T04A6.1",0.941881310541076,3.58526039160355,0.804965663543983,10.3923170134582,2.78842751463607,3.96594066767279
"T04B8.5",32.9658458689377,67.2236323425665,45.883042822007,38.4515729497952,28.8137509845727,75.352872685783
"T04C4.1",35.7914898005609,31.371028426531,47.492974149095,66.5108288861323,50.1916952634492,84.6067342436861
"T04C9.1",50.8615907692181,23.3041925454231,65.2022187470626,61.3146703794032,52.0506469398733,51.5572286797462
"attf-5",16.9538635897394,18.8226170559186,12.8794506167037,19.7454023255705,8.3652825439082,15.8637626706912
"T04G9.4",12.244457037034,5.37789058740532,12.0744849531597,8.31385361076654,3.71790335284809,23.7956440060367
"trap-2",32.0239645583966,30.4747133286302,46.688008485551,59.2362069767116,36.2495576902689,44.9473275669583
"T05A7.1",3.7675252421643,0,0.804965663543983,1.03923170134582,2.78842751463607,0
"fut-6",0.941881310541076,0,2.41489699063195,3.11769510403745,6.50633086748416,1.3219802225576
"T05A8.3",11.3025757264929,8.06683588110798,14.4893819437917,9.35308531211235,23.2368959553006,14.5417824481336
"nep-2",36.733371111102,59.1567964614585,60.3724247657987,68.5892922888239,49.2622194252372,37.0154462316127
"T05A12.3",22.6051514529858,1.79263019580177,5.63475964480788,10.3923170134582,10.2242342203322,7.93188133534558
"T05A12.4",18.8376262108215,6.27420568530621,5.63475964480788,5.19615850672908,5.57685502927214,6.60990111278798
"phat-4",5.65128786324646,0.896315097900887,0,8.31385361076654,6.50633086748416,2.64396044511519
"phat-5",6.59316917378753,11.6520962727115,12.8794506167037,3.11769510403745,6.50633086748416,10.5758417804608
"T05B11.1",1.88376262108215,4.48157548950443,3.21986265417593,2.07846340269163,0.929475838212023,6.60990111278798
"clic-1",28.2564393162323,17.0299868601169,14.4893819437917,16.6277072215331,18.5895167642405,39.6594066767279
"T05C1.1",1.88376262108215,0,4.8297939812639,2.07846340269163,0,0
"camt-1",49.919709458677,36.7489190139364,51.5178024668149,29.0984876376829,34.3906060138448,54.2011891248614
"T05C3.6",6.59316917378753,7.1705207832071,2.41489699063195,8.31385361076654,11.1537100585443,6.60990111278798
"T05E7.1",4.70940655270538,4.48157548950443,4.8297939812639,13.5100121174956,0,1.3219802225576
"T05E7.3",12.244457037034,16.133671762216,5.63475964480788,14.5492438188414,5.57685502927214,18.5077231158063
"T05E7.4",1.88376262108215,1.79263019580177,0.804965663543983,2.07846340269163,0.929475838212023,0
"let-355",14.1282196581161,8.96315097900887,12.8794506167037,15.5884755201873,20.4484684406645,11.8978220030184
"acl-8",29.1983206267734,17.0299868601169,18.5142102615116,8.31385361076654,13.9421375731803,30.4055451188247
"hpo-19",68.7573356694985,92.3204550837914,85.3263603356622,62.353902080749,79.934922086234,67.4209913504374
"erfa-1",37.675252421643,32.2673435244319,49.9078711397269,47.8046582619076,34.3906060138448,38.3374264541703
"T05H4.10",20.7213888319037,15.2373566643151,19.3191759250556,12.4707804161498,20.4484684406645,14.5417824481336
"atp-4",64.0479291167932,94.1130852795931,50.7128368032709,49.8831216645992,55.7685502927214,64.7770309053222
"T05H4.15",3.7675252421643,0.896315097900887,4.8297939812639,2.07846340269163,2.78842751463607,0
"glb-25",2.82564393162323,0,0.804965663543983,3.11769510403745,2.78842751463607,0
"T06A1.5",5.65128786324646,4.48157548950443,7.24469097189585,11.431548714804,11.1537100585443,0
"mel-46",52.7453533903003,42.1268096013417,54.7376651209908,22.863097429608,26.0253234699366,29.0835648962671
"gtsf-1",0.941881310541076,1.79263019580177,5.63475964480788,3.11769510403745,6.50633086748416,1.3219802225576
"lsy-13",0.941881310541076,3.58526039160355,8.85462229898381,8.31385361076654,8.3652825439082,3.96594066767279
"T06F4.1",15.0701009686572,13.4447264685133,3.21986265417593,5.19615850672908,10.2242342203322,7.93188133534558
"rrp-8",23.5470327635269,9.85946607690976,15.2943476073357,9.35308531211235,7.43580670569618,10.5758417804608
"nog-1",429.497877606731,300.265557796797,357.404754613528,258.768693635108,207.273111921281,171.857428932487
"T07A9.10",6.59316917378753,18.8226170559186,12.8794506167037,9.35308531211235,6.50633086748416,5.28792089023038
"tag-261",5.65128786324646,20.6152472517204,0.804965663543983,3.11769510403745,7.43580670569618,13.219802225576
"T07D1.2",5.65128786324646,4.48157548950443,4.02482831771991,7.27462190942072,11.1537100585443,7.93188133534558
"T07D3.4",2.82564393162323,11.6520962727115,5.63475964480788,7.27462190942072,0,6.60990111278798
"T07D3.9",8.47693179486968,17.0299868601169,9.6595879625278,3.11769510403745,13.9421375731803,10.5758417804608
"T07E3.3",4.70940655270538,1.79263019580177,7.24469097189585,8.31385361076654,4.64737919106011,3.96594066767279
"T07E3.4",16.9538635897394,19.7189321538195,10.4645536260718,14.5492438188414,24.1663717935126,19.8297033383639
"brc-2",2.82564393162323,0.896315097900887,2.41489699063195,4.15692680538327,1.85895167642405,1.3219802225576
"pdf-1",59.3385225640878,79.7720437131789,65.2022187470626,53.0008167686367,71.5696395423257,81.962773798571
"T07F8.4",5.65128786324646,1.79263019580177,1.60993132708797,0,2.78842751463607,3.96594066767279
"T07F12.1",0.941881310541076,3.58526039160355,4.02482831771991,2.07846340269163,2.78842751463607,6.60990111278798
"T07F12.2",0,4.48157548950443,4.8297939812639,3.11769510403745,2.78842751463607,5.28792089023038
"T07F12.4",15.0701009686572,17.9263019580177,10.4645536260718,8.31385361076654,20.4484684406645,34.3714857864975
"bath-46",0.941881310541076,1.79263019580177,4.02482831771991,4.15692680538327,0,1.3219802225576
"bath-26",2.82564393162323,0.896315097900887,0,1.03923170134582,2.78842751463607,3.96594066767279
"T07H6.1",2.82564393162323,4.48157548950443,0,3.11769510403745,2.78842751463607,0
"epg-7",32.9658458689377,8.96315097900887,36.2234548594792,45.726194859216,39.037985204905,34.3714857864975
"ttr-30",0.941881310541076,3.58526039160355,1.60993132708797,4.15692680538327,2.78842751463607,2.64396044511519
"ttr-59",0,0.896315097900887,0,3.11769510403745,0.929475838212023,1.3219802225576
"T08B1.1",42.3846589743484,51.0899605803506,70.8369783918705,44.6869631578701,73.4285912187498,52.8792089023038
"T08B1.4",0,0,0,6.2353902080749,1.85895167642405,0
"rbm-5",18.8376262108215,24.2005076433239,15.2943476073357,29.0984876376829,27.8842751463607,30.4055451188247
"ech-1.2",108.316350712224,102.179921160701,80.4965663543983,133.021657772265,145.927706599288,112.368318917396
"mrpl-23",9.41881310541076,6.27420568530621,6.43972530835186,6.2353902080749,3.71790335284809,1.3219802225576
"math-39",0.941881310541076,0,0,0,0.929475838212023,0
"math-41",39.5590150427252,13.4447264685133,14.4893819437917,30.1377193390287,23.2368959553006,27.7615846737095
"acdh-10",95.1300123646487,141.61778546834,66.8121500741506,125.747035862844,120.831858967563,115.012279362511
"ast-1",9.41881310541076,7.1705207832071,6.43972530835186,0,5.57685502927214,3.96594066767279
"T08H10.1",73.4667422222039,107.557811748106,105.450501924262,108.080096939965,107.819197232595,109.72435847228
"T09A12.5",1.88376262108215,0,0,3.11769510403745,0,1.3219802225576
"pigv-1",5.65128786324646,17.9263019580177,16.9042789344236,13.5100121174956,15.8010892496044,11.8978220030184
"T09B4.2",0,1.79263019580177,2.41489699063195,3.11769510403745,4.64737919106011,2.64396044511519
"T09B4.4",4.70940655270538,0,9.6595879625278,0,1.85895167642405,2.64396044511519
"T09B4.5",20.7213888319037,8.06683588110798,12.0744849531597,12.4707804161498,15.8010892496044,26.4396044511519
"T09B4.8",67.8154543589575,51.0899605803506,76.4717380366784,47.8046582619076,42.755888557753,31.7275253413823
"tin-44",12.244457037034,17.9263019580177,24.1489699063195,18.7061706242247,4.64737919106011,1.3219802225576
"T10B5.3",34.8496084900198,20.6152472517204,19.3191759250556,28.0592559363371,37.1790335284809,33.0495055639399
"T10B5.4",0.941881310541076,0.896315097900887,0,0,1.85895167642405,0
"cct-7",215.690820113906,162.233032720061,192.386793587012,236.944827906846,269.547993081487,261.752084066404
"knl-3",7.53505048432861,16.133671762216,5.63475964480788,3.11769510403745,8.3652825439082,11.8978220030184
"T10B5.7",14.1282196581161,5.37789058740532,12.8794506167037,17.6669389228789,9.29475838212023,5.28792089023038
"pcbd-1",1.88376262108215,3.58526039160355,0,8.31385361076654,9.29475838212023,5.28792089023038
"cerk-1",31.0820832478555,17.9263019580177,26.5638668969514,8.31385361076654,18.5895167642405,7.93188133534558
"ztf-4",11.3025757264929,2.68894529370266,10.4645536260718,10.3923170134582,9.29475838212023,15.8637626706912
"T10B11.5",2.82564393162323,1.79263019580177,7.24469097189585,1.03923170134582,4.64737919106011,0
"T10B11.6",10.3606944159518,11.6520962727115,7.24469097189585,28.0592559363371,6.50633086748416,13.219802225576
"hrde-4",6.59316917378753,8.96315097900887,8.85462229898381,7.27462190942072,5.57685502927214,6.60990111278798
"T10D4.6",10.3606944159518,18.8226170559186,7.24469097189585,9.35308531211235,11.1537100585443,23.7956440060367
"T10E9.1",2.82564393162323,0,0,0,1.85895167642405,1.3219802225576
"T10E9.2",4.70940655270538,4.48157548950443,7.24469097189585,3.11769510403745,12.0831858967563,3.96594066767279
"T10E9.3",2.82564393162323,3.58526039160355,1.60993132708797,2.07846340269163,0,0
"nuo-2",39.5590150427252,48.4010152866479,53.1277337939029,56.1185118726741,49.2622194252372,34.3714857864975
"T10E10.4",0.941881310541076,5.37789058740532,0.804965663543983,4.15692680538327,11.1537100585443,0
"T10F2.2",9.41881310541076,14.3410415664142,10.4645536260718,7.27462190942072,8.3652825439082,3.96594066767279
"prp-19",33.9077271794787,43.9194397971435,49.9078711397269,31.1769510403745,55.7685502927214,46.2693077895159
"syx-18",10.3606944159518,15.2373566643151,12.8794506167037,6.2353902080749,4.64737919106011,5.28792089023038
"T10H10.2",3.7675252421643,7.1705207832071,2.41489699063195,5.19615850672908,6.50633086748416,6.60990111278798
"sav-1",0.941881310541076,5.37789058740532,3.21986265417593,1.03923170134582,4.64737919106011,2.64396044511519
"stt-3",115.851401196552,147.891991153646,113.500158559702,114.31548714804,130.126617349683,133.520002478317
"bcas-2",13.1863383475751,29.5783982307293,12.0744849531597,17.6669389228789,10.2242342203322,13.219802225576
"gen-1",5.65128786324646,8.96315097900887,4.8297939812639,6.2353902080749,2.78842751463607,9.25386155790317
"esyt-2",12.244457037034,9.85946607690976,16.9042789344236,16.6277072215331,17.6600409260284,22.4736637834791
"T12B3.2",1.88376262108215,0,0,4.15692680538327,7.43580670569618,5.28792089023038
"mob-3",4.70940655270538,4.48157548950443,11.2695192896158,5.19615850672908,0.929475838212023,5.28792089023038
"ari-2",14.1282196581161,8.06683588110798,8.04965663543983,12.4707804161498,7.43580670569618,11.8978220030184
"cec-6",8.47693179486968,4.48157548950443,3.21986265417593,5.19615850672908,3.71790335284809,6.60990111278798
"T12E12.3",9.41881310541076,6.27420568530621,8.04965663543983,3.11769510403745,19.5189926024525,2.64396044511519
"pho-14",10.3606944159518,15.2373566643151,6.43972530835186,5.19615850672908,3.71790335284809,5.28792089023038
"lips-11",1.88376262108215,8.06683588110798,0,0,0.929475838212023,0
"sut-1",6.59316917378753,4.48157548950443,2.41489699063195,2.07846340269163,4.64737919106011,0
"T13C2.3",4.70940655270538,4.48157548950443,12.8794506167037,9.35308531211235,11.1537100585443,10.5758417804608
"ssup-72",0,0,6.43972530835186,2.07846340269163,2.78842751463607,0
"T13C2.6",81.0017927065325,73.4978380278727,99.0107766159099,69.6285239901697,81.793873762658,75.352872685783
"T13C5.6",0,2.68894529370266,0,1.03923170134582,1.85895167642405,1.3219802225576
"tmc-1",20.7213888319037,17.9263019580177,11.2695192896158,8.31385361076654,13.0126617349683,15.8637626706912
"spat-3",59.3385225640878,54.6752209719541,56.3475964480788,45.726194859216,41.826412719541,52.8792089023038
"T14A8.2",10.3606944159518,11.6520962727115,9.6595879625278,7.27462190942072,7.43580670569618,2.64396044511519
"T14B4.1",29.1983206267734,32.2673435244319,25.7589012334075,10.3923170134582,9.29475838212023,17.1857428932487
"mrps-18.C",2.82564393162323,8.06683588110798,6.43972530835186,3.11769510403745,11.1537100585443,7.93188133534558
"T14B4.3",1.88376262108215,1.79263019580177,4.02482831771991,7.27462190942072,5.57685502927214,2.64396044511519
"T14B4.8",1.88376262108215,2.68894529370266,4.8297939812639,5.19615850672908,3.71790335284809,2.64396044511519
"svh-2",29.1983206267734,43.9194397971435,28.9787638875834,16.6277072215331,46.4737919106011,33.0495055639399
"dop-3",0.941881310541076,2.68894529370266,9.6595879625278,4.15692680538327,2.78842751463607,11.8978220030184
"vha-15",244.88914074068,321.777120146418,326.011093735313,289.945644675483,303.938599095331,347.680798532648
"T14F9.2",4.70940655270538,14.3410415664142,11.2695192896158,10.3923170134582,13.9421375731803,14.5417824481336
"hex-1",10.3606944159518,2.68894529370266,4.02482831771991,2.07846340269163,5.57685502927214,9.25386155790317
"T14G11.1",7.53505048432861,17.0299868601169,15.2943476073357,8.31385361076654,19.5189926024525,6.60990111278798
"immt-1",73.4667422222039,63.638371950963,78.8866350273103,77.9423776009363,88.3002046301422,51.5572286797462
"T15B7.1",11.3025757264929,24.2005076433239,16.9042789344236,14.5492438188414,8.3652825439082,17.1857428932487
"hpo-8",79.1180300854504,90.5278248879896,77.2767037002224,70.6677556915156,79.0054462480219,85.9287144662437
"T15B12.1",11.3025757264929,18.8226170559186,6.43972530835186,19.7454023255705,16.7305650878164,14.5417824481336
"pals-25",6.59316917378753,8.06683588110798,5.63475964480788,3.11769510403745,0.929475838212023,5.28792089023038
"nmt-1",56.5128786324646,60.9494266572603,49.102905476183,47.8046582619076,46.4737919106011,72.7089122406678
"T17H7.7",7.53505048432861,13.4447264685133,6.43972530835186,3.11769510403745,10.2242342203322,0
"ttc-17",29.1983206267734,63.638371950963,41.0532488407431,55.0792801713283,52.0506469398733,50.2352484571886
"T19A5.3",0,1.79263019580177,0.804965663543983,6.2353902080749,11.1537100585443,2.64396044511519
"pamn-1",6.59316917378753,4.48157548950443,6.43972530835186,5.19615850672908,11.1537100585443,9.25386155790317
"T19B4.3",35.7914898005609,51.9862756782514,44.2731114949191,47.8046582619076,27.8842751463607,25.1176242285943
"T19B4.5",4.70940655270538,10.7557811748106,11.2695192896158,1.03923170134582,3.71790335284809,1.3219802225576
"best-17",9.41881310541076,7.1705207832071,11.2695192896158,5.19615850672908,2.78842751463607,5.28792089023038
"T19C3.3",0.941881310541076,5.37789058740532,3.21986265417593,8.31385361076654,5.57685502927214,5.28792089023038
"T19C3.4",16.9538635897394,10.7557811748106,11.2695192896158,18.7061706242247,13.0126617349683,9.25386155790317
"T19C3.5",5.65128786324646,1.79263019580177,0.804965663543983,2.07846340269163,1.85895167642405,0
"ttr-7",0,3.58526039160355,2.41489699063195,1.03923170134582,0.929475838212023,6.60990111278798
"lgc-32",0,2.68894529370266,0.804965663543983,8.31385361076654,2.78842751463607,1.3219802225576
"rund-1",8.47693179486968,6.27420568530621,8.85462229898381,4.15692680538327,3.71790335284809,1.3219802225576
"T19D7.7",4.70940655270538,10.7557811748106,4.02482831771991,3.11769510403745,1.85895167642405,0
"T19D12.1",93.2462497435665,112.039387237611,91.7660856440141,85.216999510357,92.0181079829903,85.9287144662437
"T19D12.2",0,0,7.24469097189585,4.15692680538327,4.64737919106011,3.96594066767279
"T19D12.4",132.805264786292,151.47725154525,161.798098372341,146.53166988976,130.126617349683,146.739804703893
"T19D12.6",23.5470327635269,11.6520962727115,10.4645536260718,17.6669389228789,7.43580670569618,21.1516835609215
"oig-8",5.65128786324646,6.27420568530621,3.21986265417593,5.19615850672908,3.71790335284809,6.60990111278798
"T19D12.9",4.70940655270538,0,1.60993132708797,0,2.78842751463607,7.93188133534558
"clec-178",0.941881310541076,1.79263019580177,4.02482831771991,5.19615850672908,2.78842751463607,5.28792089023038
"frpr-18",3.7675252421643,2.68894529370266,0,1.03923170134582,3.71790335284809,0
"ugt-9",12.244457037034,8.06683588110798,7.24469097189585,12.4707804161498,2.78842751463607,2.64396044511519
"T19H12.2",4.70940655270538,11.6520962727115,0.804965663543983,6.2353902080749,8.3652825439082,13.219802225576
"T19H12.3",3.7675252421643,0.896315097900887,12.8794506167037,3.11769510403745,10.2242342203322,3.96594066767279
"ugt-12",38.6171337321841,43.0231246992426,57.1525621116228,78.9816093022821,66.9222603512656,95.1825760241469
"ugt-11",11.3025757264929,8.06683588110798,12.0744849531597,8.31385361076654,13.9421375731803,3.96594066767279
"T20B5.2",4.70940655270538,5.37789058740532,10.4645536260718,8.31385361076654,11.1537100585443,1.3219802225576
"oga-1",51.8034720797592,43.9194397971435,33.8085578688473,73.785450795553,65.9927845130536,48.913268234631
"trd-1",29.1983206267734,29.5783982307293,24.1489699063195,22.863097429608,13.0126617349683,9.25386155790317
"T20B12.3",28.2564393162323,40.3341794055399,25.7589012334075,19.7454023255705,10.2242342203322,6.60990111278798
"T20B12.7",48.977828148136,49.2973303845488,61.1773904293427,53.0008167686367,39.967461043117,25.1176242285943
"lgc-50",5.65128786324646,8.06683588110798,2.41489699063195,7.27462190942072,2.78842751463607,2.64396044511519
"arrd-22",0,4.48157548950443,2.41489699063195,0,1.85895167642405,0
"mrrf-1",3.7675252421643,1.79263019580177,7.24469097189585,5.19615850672908,4.64737919106011,0
"T20F5.6",10.3606944159518,20.6152472517204,18.5142102615116,14.5492438188414,14.8716134113924,21.1516835609215
"T20F5.7",3.7675252421643,7.1705207832071,4.8297939812639,14.5492438188414,7.43580670569618,22.4736637834791
"T20F7.1",14.1282196581161,1.79263019580177,5.63475964480788,2.07846340269163,9.29475838212023,6.60990111278798
"aakg-2",22.6051514529858,24.2005076433239,22.5390385792315,23.9023291309538,28.8137509845727,22.4736637834791
"T20H4.5",84.7693179486968,77.0830984194763,69.2270470647825,57.1577435740199,82.72334960087,71.3869320181102
"pqbp-1.1",7.53505048432861,13.4447264685133,4.8297939812639,5.19615850672908,7.43580670569618,6.60990111278798
"sma-10",7.53505048432861,7.1705207832071,11.2695192896158,13.5100121174956,13.9421375731803,7.93188133534558
"T21D12.12",5.65128786324646,2.68894529370266,2.41489699063195,6.2353902080749,9.29475838212023,5.28792089023038
"T21F4.1",24.488914074068,25.9931378391257,24.1489699063195,28.0592559363371,41.826412719541,46.2693077895159
"T21H3.1",147.875365754949,201.6708970277,169.84775500778,154.845523500527,146.8571824375,136.163962923432
"T22B7.3",8.47693179486968,5.37789058740532,6.43972530835186,7.27462190942072,0.929475838212023,2.64396044511519
"T22B11.4",105.490706780601,155.958827034754,133.624300148301,84.1777678090112,96.6654871740504,118.978220030184
"ogdh-1",367.33371111102,367.489190139364,390.408346818832,309.691047001053,314.162833315664,397.916046989836
"T22D1.3",26.3726766951501,19.7189321538195,39.4433175136552,32.2161827417203,26.0253234699366,22.4736637834791
"ribo-1",130.92150216521,134.447264685133,145.698785101461,130.943194369573,162.658271687104,158.637626706912
"ruvb-2",39.5590150427252,57.3641662656568,70.0320127283265,35.3338778457578,43.6853643959651,46.2693077895159
"npr-12",5.65128786324646,1.79263019580177,2.41489699063195,5.19615850672908,4.64737919106011,5.28792089023038
"T22E5.6",0,0,0.804965663543983,2.07846340269163,0.929475838212023,2.64396044511519
"lron-8",5.65128786324646,5.37789058740532,5.63475964480788,10.3923170134582,5.57685502927214,3.96594066767279
"T22F3.2",16.9538635897394,5.37789058740532,12.0744849531597,10.3923170134582,7.43580670569618,18.5077231158063
"pygl-1",226.051514529858,221.389829181519,226.195351455859,197.454023255705,211.920491112341,296.123569852901
"T22F7.1",11.3025757264929,10.7557811748106,19.3191759250556,10.3923170134582,7.43580670569618,15.8637626706912
"T22F7.4",6.59316917378753,6.27420568530621,4.8297939812639,8.31385361076654,7.43580670569618,1.3219802225576
"T22H9.1",38.6171337321841,31.371028426531,31.3936608782153,12.4707804161498,37.1790335284809,17.1857428932487
"atg-9",38.6171337321841,23.3041925454231,25.7589012334075,55.0792801713283,46.4737919106011,37.0154462316127
"dmd-8",7.53505048432861,8.06683588110798,1.60993132708797,4.15692680538327,6.50633086748416,6.60990111278798
"T23B3.1",5.65128786324646,15.2373566643151,8.85462229898381,14.5492438188414,6.50633086748416,5.28792089023038
"T23B3.2",2.82564393162323,1.79263019580177,1.60993132708797,3.11769510403745,0,0
"ckr-1",5.65128786324646,4.48157548950443,0.804965663543983,1.03923170134582,4.64737919106011,7.93188133534558
"T23B3.6",7.53505048432861,5.37789058740532,6.43972530835186,8.31385361076654,4.64737919106011,11.8978220030184
"phf-30",4.70940655270538,3.58526039160355,2.41489699063195,0,0.929475838212023,0
"mrpl-4",48.0359468375949,56.4678511677559,47.492974149095,40.5300363524869,70.6401637041137,62.133070460207
"mrps-2",8.47693179486968,17.0299868601169,11.2695192896158,17.6669389228789,6.50633086748416,18.5077231158063
"natc-1",29.1983206267734,13.4447264685133,23.3440042427755,18.7061706242247,26.0253234699366,30.4055451188247
"T23B12.6",5.65128786324646,0.896315097900887,10.4645536260718,9.35308531211235,0,9.25386155790317
"T23B12.8",1.88376262108215,0,0.804965663543983,0,0.929475838212023,0
"cnp-3",42.3846589743484,18.8226170559186,41.0532488407431,42.6084997551785,44.6148402341771,29.0835648962671
"T23C6.4",4.70940655270538,0.896315097900887,1.60993132708797,1.03923170134582,0.929475838212023,0
"T23E7.2",193.085668660921,200.774581929799,244.709561717371,219.277888983967,222.144725332673,189.043171825736
"T23F2.2",29.1983206267734,38.5415492097381,24.9539355698635,13.5100121174956,31.6021784992088,33.0495055639399
"T23F2.3",7.53505048432861,9.85946607690976,9.6595879625278,7.27462190942072,4.64737919106011,14.5417824481336
"T23F2.5",1.88376262108215,4.48157548950443,4.02482831771991,2.07846340269163,4.64737919106011,2.64396044511519
"T23F4.2",25.4307953846091,29.5783982307293,20.1241415885996,28.0592559363371,12.0831858967563,25.1176242285943
"T23H2.3",10.3606944159518,17.0299868601169,15.2943476073357,22.863097429608,14.8716134113924,22.4736637834791
"T24A6.20",2.82564393162323,6.27420568530621,4.02482831771991,7.27462190942072,4.64737919106011,7.93188133534558
"ucr-2.3",7.53505048432861,4.48157548950443,4.8297939812639,3.11769510403745,0,3.96594066767279
"T24C4.4",1.88376262108215,0.896315097900887,2.41489699063195,2.07846340269163,3.71790335284809,0
"zer-1",72.5248609116629,65.4310021467647,68.4220814012386,61.3146703794032,71.5696395423257,70.0649517955526
"ztf-18",5.65128786324646,4.48157548950443,8.04965663543983,11.431548714804,4.64737919106011,5.28792089023038
"T24C12.3",0.941881310541076,1.79263019580177,4.8297939812639,4.15692680538327,5.57685502927214,5.28792089023038
"lgc-40",3.7675252421643,9.85946607690976,5.63475964480788,4.15692680538327,4.64737919106011,10.5758417804608
"eat-17",19.7795075213626,12.5484113706124,14.4893819437917,23.9023291309538,20.4484684406645,26.4396044511519
"T24E12.5",5.65128786324646,2.68894529370266,1.60993132708797,2.07846340269163,3.71790335284809,6.60990111278798
"T24E12.10",1.88376262108215,6.27420568530621,9.6595879625278,2.07846340269163,0.929475838212023,6.60990111278798
"T24G10.2",14.1282196581161,5.37789058740532,12.0744849531597,20.7846340269163,7.43580670569618,9.25386155790317
"T24H7.2",41.4427776638073,31.371028426531,64.3972530835186,47.8046582619076,39.037985204905,46.2693077895159
"T24H7.3",2.82564393162323,0,0,4.15692680538327,0,1.3219802225576
"tat-4",12.244457037034,21.5115623496213,13.6844162802477,17.6669389228789,12.0831858967563,9.25386155790317
"nep-22",178.015567692263,262.62032368496,217.340729156875,180.826316034172,247.240572964398,223.414657612234
"mrpl-28",27.3145580056912,21.5115623496213,17.7092445979676,31.1769510403745,18.5895167642405,15.8637626706912
"T25D3.4",4.70940655270538,2.68894529370266,10.4645536260718,11.431548714804,22.3074201170885,6.60990111278798
"T25D10.1",2.82564393162323,1.79263019580177,4.8297939812639,2.07846340269163,12.0831858967563,9.25386155790317
"zig-10",0,0.896315097900887,0,2.07846340269163,0.929475838212023,2.64396044511519
"T25D10.4",0.941881310541076,0.896315097900887,0,4.15692680538327,6.50633086748416,3.96594066767279
"T25F10.3",11.3025757264929,5.37789058740532,0,5.19615850672908,7.43580670569618,11.8978220030184
"clik-1",465.289367407292,341.496052300238,388.798415491744,451.026558384085,387.591424534413,323.885154526611
"T25G12.3",1.88376262108215,0,0,3.11769510403745,1.85895167642405,2.64396044511519
"acdh-7",37.675252421643,30.4747133286302,18.5142102615116,50.922353365945,38.1085093666929,25.1176242285943
"T25G12.6",10.3606944159518,4.48157548950443,5.63475964480788,3.11769510403745,7.43580670569618,6.60990111278798
"algn-1",6.59316917378753,6.27420568530621,8.04965663543983,5.19615850672908,4.64737919106011,9.25386155790317
"jhdm-1",35.7914898005609,28.6820831328284,22.5390385792315,25.9807925336454,28.8137509845727,35.6934660090551
"T26A5.6",10.3606944159518,17.0299868601169,4.02482831771991,10.3923170134582,8.3652825439082,6.60990111278798
"T26A5.8",0.941881310541076,4.48157548950443,8.85462229898381,7.27462190942072,3.71790335284809,3.96594066767279
"T26A8.1",6.59316917378753,12.5484113706124,15.2943476073357,5.19615850672908,12.0831858967563,9.25386155790317
"T26A8.4",15.0701009686572,17.9263019580177,8.04965663543983,18.7061706242247,9.29475838212023,5.28792089023038
"T26C12.1",50.8615907692181,54.6752209719541,52.3227681303589,67.5500605874781,42.755888557753,59.4891100150918
"lgc-34",22.6051514529858,9.85946607690976,17.7092445979676,10.3923170134582,16.7305650878164,17.1857428932487
"slc-36.2",6.59316917378753,8.96315097900887,12.8794506167037,12.4707804161498,15.8010892496044,7.93188133534558
"trak-1",41.4427776638073,52.8825907761523,51.5178024668149,45.726194859216,52.0506469398733,59.4891100150918
"usp-5",21.6632701424447,46.6083850908461,52.3227681303589,23.9023291309538,24.1663717935126,27.7615846737095
"nmrk-1",14.1282196581161,8.06683588110798,4.02482831771991,4.15692680538327,2.78842751463607,3.96594066767279
"T27A3.7",1.88376262108215,0,0.804965663543983,4.15692680538327,3.71790335284809,0
"T27A10.6",2.82564393162323,6.27420568530621,4.02482831771991,10.3923170134582,3.71790335284809,13.219802225576
"cgr-1",7.53505048432861,8.96315097900887,8.04965663543983,6.2353902080749,2.78842751463607,2.64396044511519
"nhr-228",7.53505048432861,0.896315097900887,8.85462229898381,2.07846340269163,3.71790335284809,7.93188133534558
"T27C4.1",68.7573356694985,76.1867833215754,86.9362916627502,94.5700848224694,112.466576423655,77.9968331308982
"hpo-36",4.70940655270538,0,4.02482831771991,0,9.29475838212023,6.60990111278798
"fip-2",9.41881310541076,11.6520962727115,8.85462229898381,5.19615850672908,9.29475838212023,7.93188133534558
"T27E4.7",7.53505048432861,12.5484113706124,7.24469097189585,6.2353902080749,4.64737919106011,5.28792089023038
"vps-24",6.59316917378753,5.37789058740532,3.21986265417593,8.31385361076654,4.64737919106011,5.28792089023038
"shc-2",7.53505048432861,12.5484113706124,13.6844162802477,11.431548714804,6.50633086748416,22.4736637834791
"eif-1",33.9077271794787,29.5783982307293,32.1986265417593,31.1769510403745,41.826412719541,29.0835648962671
"T28A11.2",1.88376262108215,1.79263019580177,1.60993132708797,5.19615850672908,1.85895167642405,6.60990111278798
"fbxa-64",2.82564393162323,0,0.804965663543983,2.07846340269163,0.929475838212023,0
"T28B4.1",7.53505048432861,8.06683588110798,6.43972530835186,5.19615850672908,13.0126617349683,11.8978220030184
"ttr-6",2.82564393162323,9.85946607690976,11.2695192896158,16.6277072215331,22.3074201170885,2.64396044511519
"hic-1",21.6632701424447,53.7789058740532,34.6135235323913,25.9807925336454,19.5189926024525,30.4055451188247
"T28C12.2",0.941881310541076,1.79263019580177,2.41489699063195,0,0,3.96594066767279
"T28C12.4",105.490706780601,108.454126846007,83.7164290085742,80.0208410036279,141.280327408227,134.841982700875
"T28D9.1",42.3846589743484,38.5415492097381,46.688008485551,48.8438899632534,55.7685502927214,38.3374264541703
"plpp-1.2",3.7675252421643,3.58526039160355,0.804965663543983,2.07846340269163,12.0831858967563,5.28792089023038
"del-10",2.82564393162323,4.48157548950443,4.02482831771991,5.19615850672908,3.71790335284809,5.28792089023038
"T28F2.2",0,0,2.41489699063195,2.07846340269163,3.71790335284809,1.3219802225576
"jmjc-1",30.1402019373144,26.8894529370266,47.492974149095,47.8046582619076,29.7432268227847,33.0495055639399
"acd-5",0.941881310541076,4.48157548950443,4.8297939812639,3.11769510403745,0,2.64396044511519
"T28H11.8",10.3606944159518,22.4078774475222,22.5390385792315,5.19615850672908,11.1537100585443,1.3219802225576
"VC5.2",0.941881310541076,3.58526039160355,3.21986265417593,1.03923170134582,0.929475838212023,1.3219802225576
"W01A11.1",17.8957449002804,17.9263019580177,8.04965663543983,9.35308531211235,9.29475838212023,1.3219802225576
"cpt-6",3.7675252421643,8.06683588110798,3.21986265417593,4.15692680538327,6.50633086748416,2.64396044511519
"W01A11.7",12.244457037034,13.4447264685133,10.4645536260718,13.5100121174956,3.71790335284809,0
"nol-58",394.648269116711,430.231246992426,420.997042033503,324.240290819895,317.880736668512,425.677631663546
"W01B11.6",7.53505048432861,10.7557811748106,8.85462229898381,15.5884755201873,9.29475838212023,19.8297033383639
"set-19",7.53505048432861,2.68894529370266,8.85462229898381,14.5492438188414,3.71790335284809,2.64396044511519
"W01C8.5",12.244457037034,2.68894529370266,8.85462229898381,10.3923170134582,9.29475838212023,19.8297033383639
"W02C12.2",0.941881310541076,6.27420568530621,4.8297939812639,3.11769510403745,1.85895167642405,2.64396044511519
"hlh-30",133.747146096833,130.862004293529,168.237823680692,103.923170134582,145.927706599288,126.910101365529
"cytb-5.2",16.0119822791983,16.133671762216,22.5390385792315,12.4707804161498,10.2242342203322,9.25386155790317
"dhod-1",15.0701009686572,6.27420568530621,16.0993132708797,15.5884755201873,20.4484684406645,30.4055451188247
"W02D3.4",4.70940655270538,12.5484113706124,6.43972530835186,7.27462190942072,8.3652825439082,3.96594066767279
"fnci-1",27.3145580056912,36.7489190139364,30.5886952146714,16.6277072215331,23.2368959553006,19.8297033383639
"hrpf-1",19.7795075213626,23.3041925454231,12.8794506167037,33.2554144430661,27.8842751463607,21.1516835609215
"W02D3.12",6.59316917378753,3.58526039160355,3.21986265417593,5.19615850672908,1.85895167642405,2.64396044511519
"W02D7.6",7.53505048432861,5.37789058740532,6.43972530835186,4.15692680538327,0,5.28792089023038
"W02F12.2",2.82564393162323,2.68894529370266,8.04965663543983,7.27462190942072,0.929475838212023,5.28792089023038
"W02F12.4",7.53505048432861,11.6520962727115,8.04965663543983,8.31385361076654,11.1537100585443,3.96594066767279
"dlst-1",145.049721823326,107.557811748106,135.234231475389,135.100121174956,160.79932001068,129.554061810644
"sna-1",14.1282196581161,4.48157548950443,4.8297939812639,1.03923170134582,0.929475838212023,1.3219802225576
"kel-8",8.47693179486968,11.6520962727115,12.8794506167037,12.4707804161498,9.29475838212023,13.219802225576
"W02G9.3",4.70940655270538,0,0,2.07846340269163,2.78842751463607,6.60990111278798
"W02G9.4",11.3025757264929,10.7557811748106,9.6595879625278,10.3923170134582,13.9421375731803,15.8637626706912
"angl-1",5.65128786324646,3.58526039160355,8.04965663543983,4.15692680538327,5.57685502927214,15.8637626706912
"W02H5.2",12.244457037034,9.85946607690976,4.02482831771991,12.4707804161498,6.50633086748416,6.60990111278798
"W02H5.8",2.82564393162323,10.7557811748106,6.43972530835186,12.4707804161498,3.71790335284809,7.93188133534558
"polq-1",15.0701009686572,5.37789058740532,4.8297939812639,5.19615850672908,5.57685502927214,17.1857428932487
"W03A5.2",4.70940655270538,9.85946607690976,3.21986265417593,0,9.29475838212023,6.60990111278798
"W03A5.6",6.59316917378753,17.9263019580177,20.9291072521436,17.6669389228789,13.0126617349683,21.1516835609215
"trpl-2",1.88376262108215,7.1705207832071,4.8297939812639,1.03923170134582,3.71790335284809,10.5758417804608
"W03D8.8",15.0701009686572,8.96315097900887,6.43972530835186,14.5492438188414,18.5895167642405,5.28792089023038
"W03F8.3",12.244457037034,6.27420568530621,16.0993132708797,18.7061706242247,11.1537100585443,7.93188133534558
"W03F8.4",6.59316917378753,0,0.804965663543983,8.31385361076654,1.85895167642405,0
"gpa-18",2.82564393162323,0,7.24469097189585,2.07846340269163,0,0
"W03F9.1",123.386451680881,172.09249879697,103.840570597174,94.5700848224694,99.4539146886864,142.77386403622
"W03F9.4",14.1282196581161,7.1705207832071,9.6595879625278,3.11769510403745,5.57685502927214,2.64396044511519
"sftb-2",73.4667422222039,115.624647629214,66.8121500741506,73.785450795553,76.2170187333859,89.8946551339165
"afd-1",81.0017927065325,81.5646739089807,64.3972530835186,77.9423776009363,84.5823012772941,88.5726749113589
"W03G1.5",9.41881310541076,8.06683588110798,4.8297939812639,2.07846340269163,3.71790335284809,1.3219802225576
"pig-1",14.1282196581161,11.6520962727115,9.6595879625278,10.3923170134582,13.0126617349683,11.8978220030184
"W04B5.3",21.6632701424447,12.5484113706124,21.7340729156875,17.6669389228789,15.8010892496044,21.1516835609215
"mrpl-30",16.0119822791983,4.48157548950443,5.63475964480788,15.5884755201873,5.57685502927214,2.64396044511519
"W04B5.5",6.59316917378753,1.79263019580177,8.04965663543983,10.3923170134582,8.3652825439082,0
"W04C9.2",2.82564393162323,3.58526039160355,2.41489699063195,1.03923170134582,3.71790335284809,6.60990111278798
"W04C9.4",27.3145580056912,20.6152472517204,26.5638668969514,24.9415608322996,11.1537100585443,19.8297033383639
"W05F2.4",58.3966412535467,74.3941531257736,79.6916006908543,69.6285239901697,74.3580670569618,87.2506946888013
"W05F2.7",4.70940655270538,2.68894529370266,9.6595879625278,15.5884755201873,14.8716134113924,6.60990111278798
"pck-1",220.400226666612,291.302406817788,286.567776221658,223.434815789351,215.638394465189,196.975053161082
"W05H7.1",1.88376262108215,1.79263019580177,2.41489699063195,3.11769510403745,4.64737919106011,6.60990111278798
"zfp-3",16.0119822791983,5.37789058740532,15.2943476073357,13.5100121174956,15.8010892496044,17.1857428932487
"W05H9.1",49.919709458677,43.0231246992426,45.883042822007,50.922353365945,35.3200818520569,22.4736637834791
"W05H9.2",17.8957449002804,13.4447264685133,8.85462229898381,11.431548714804,3.71790335284809,7.93188133534558
"W05H9.4",1.88376262108215,4.48157548950443,4.02482831771991,10.3923170134582,0.929475838212023,7.93188133534558
"W06B4.2",7.53505048432861,11.6520962727115,4.8297939812639,5.19615850672908,4.64737919106011,5.28792089023038
"vps-18",20.7213888319037,18.8226170559186,17.7092445979676,6.2353902080749,13.9421375731803,26.4396044511519
"atat-2",2.82564393162323,0.896315097900887,3.21986265417593,3.11769510403745,0.929475838212023,6.60990111278798
"dct-11",1.88376262108215,3.58526039160355,4.02482831771991,1.03923170134582,0,0
"W06E11.1",16.9538635897394,19.7189321538195,12.8794506167037,17.6669389228789,26.0253234699366,22.4736637834791
"sbds-1",12.244457037034,4.48157548950443,12.0744849531597,12.4707804161498,6.50633086748416,6.60990111278798
"W06H8.2",8.47693179486968,4.48157548950443,5.63475964480788,10.3923170134582,2.78842751463607,1.3219802225576
"W06H8.6",96.0718936751898,86.942564496386,77.2767037002224,97.6877799265068,127.338189835047,118.978220030184
"cpr-8",23.5470327635269,47.504700188747,26.5638668969514,27.0200242349912,33.4611301756328,43.6253473444007
"nol-2",95.1300123646487,109.350441943908,112.695192896158,72.7462190942072,106.889721394383,83.2847540211285
"W07E6.2",82.8855553276147,71.705207832071,45.883042822007,22.863097429608,35.3200818520569,30.4055451188247
"unc-132",53.6872347008413,87.8388795942869,84.5213946721182,71.7069873928614,87.3707287919301,97.8265364692621
"zip-11",2.82564393162323,6.27420568530621,5.63475964480788,4.15692680538327,0,6.60990111278798
"W08E12.7",298.576375441521,325.362380538022,326.011093735313,345.024924846811,350.412391005933,326.529114971726
"W08F4.3",11.3025757264929,17.9263019580177,9.6595879625278,15.5884755201873,25.0958476317246,15.8637626706912
"mlt-8",0,0,0,19.7454023255705,22.3074201170885,14.5417824481336
"cdc-37",36.733371111102,30.4747133286302,36.2234548594792,44.6869631578701,47.4032677488132,27.7615846737095
"eri-3",0,6.27420568530621,1.60993132708797,10.3923170134582,6.50633086748416,11.8978220030184
"W09B6.4",2.82564393162323,1.79263019580177,8.85462229898381,0,2.78842751463607,5.28792089023038
"W09C3.4",5.65128786324646,7.1705207832071,1.60993132708797,5.19615850672908,9.29475838212023,2.64396044511519
"ncs-6",2.82564393162323,1.79263019580177,6.43972530835186,1.03923170134582,2.78842751463607,9.25386155790317
"W09G12.7",1.88376262108215,5.37789058740532,4.8297939812639,3.11769510403745,0.929475838212023,2.64396044511519
"W10C8.4",4.70940655270538,8.96315097900887,1.60993132708797,4.15692680538327,6.50633086748416,1.3219802225576
"W10C8.5",28.2564393162323,34.0599737202337,31.3936608782153,36.3731095471036,37.1790335284809,22.4736637834791
"nfyb-1",10.3606944159518,5.37789058740532,7.24469097189585,7.27462190942072,9.29475838212023,1.3219802225576
"tomm-22",12.244457037034,1.79263019580177,4.8297939812639,2.07846340269163,7.43580670569618,0
"lgc-45",27.3145580056912,31.371028426531,28.9787638875834,35.3338778457578,22.3074201170885,33.0495055639399
"W10G11.19",3.7675252421643,3.58526039160355,14.4893819437917,10.3923170134582,9.29475838212023,14.5417824481336
"dnc-3",0.941881310541076,0,2.41489699063195,2.07846340269163,1.85895167642405,3.96594066767279
"mgl-3",10.3606944159518,9.85946607690976,8.04965663543983,6.2353902080749,3.71790335284809,13.219802225576
"Y4C6B.1",4.70940655270538,5.37789058740532,5.63475964480788,1.03923170134582,2.78842751463607,9.25386155790317
"Y4C6B.2",4.70940655270538,0,0.804965663543983,3.11769510403745,7.43580670569618,10.5758417804608
"Y4C6B.3",1.88376262108215,1.79263019580177,1.60993132708797,8.31385361076654,5.57685502927214,9.25386155790317
"Y4C6B.5",6.59316917378753,1.79263019580177,4.02482831771991,1.03923170134582,3.71790335284809,3.96594066767279
"gba-4",24.488914074068,15.2373566643151,20.9291072521436,12.4707804161498,22.3074201170885,6.60990111278798
"Y4C6B.7",2.82564393162323,4.48157548950443,0.804965663543983,1.03923170134582,0.929475838212023,5.28792089023038
"arx-4",16.0119822791983,20.6152472517204,21.7340729156875,17.6669389228789,21.3779442788765,19.8297033383639
"Y8A9A.2",4.70940655270538,2.68894529370266,7.24469097189585,12.4707804161498,0,15.8637626706912
"Y9C9A.8",0.941881310541076,4.48157548950443,8.04965663543983,1.03923170134582,2.78842751463607,1.3219802225576
"Y9C12A.1",0,0.896315097900887,0,2.07846340269163,0,1.3219802225576
"Y14H12A.1",0,0,0.804965663543983,0,1.85895167642405,0
"Y14H12B.1",1.88376262108215,2.68894529370266,3.21986265417593,7.27462190942072,4.64737919106011,5.28792089023038
"Y17G9B.5",4.70940655270538,2.68894529370266,8.04965663543983,5.19615850672908,5.57685502927214,1.3219802225576
"Y18H1A.2",3.7675252421643,10.7557811748106,5.63475964480788,7.27462190942072,7.43580670569618,2.64396044511519
"hgap-1",24.488914074068,38.5415492097381,20.1241415885996,31.1769510403745,42.755888557753,38.3374264541703
"Y18H1A.4",1.88376262108215,1.79263019580177,4.8297939812639,1.03923170134582,2.78842751463607,2.64396044511519
"crtc-1",19.7795075213626,17.9263019580177,9.6595879625278,28.0592559363371,34.3906060138448,29.0835648962671
"gap-3",21.6632701424447,23.3041925454231,14.4893819437917,9.35308531211235,14.8716134113924,19.8297033383639
"Y20F4.4",7.53505048432861,6.27420568530621,8.04965663543983,8.31385361076654,4.64737919106011,17.1857428932487
"Y22D7AL.9",0.941881310541076,0,4.8297939812639,4.15692680538327,1.85895167642405,9.25386155790317
"Y22D7AL.10",68.7573356694985,74.3941531257736,73.2518753825024,74.8246824968988,65.9927845130536,42.3033671218431
"Y22D7AL.15",0,0.896315097900887,3.21986265417593,7.27462190942072,1.85895167642405,3.96594066767279
"Y22D7AR.6",4.70940655270538,4.48157548950443,4.02482831771991,0,0.929475838212023,6.60990111278798
"pid-3",1.88376262108215,7.1705207832071,7.24469097189585,11.431548714804,10.2242342203322,2.64396044511519
"Y23H5B.5",32.9658458689377,16.133671762216,29.7837295511274,20.7846340269163,18.5895167642405,17.1857428932487
"Y23H5B.6",53.6872347008413,38.5415492097381,48.297939812639,27.0200242349912,29.7432268227847,44.9473275669583
"ell-1",91.3624871224844,118.313592922917,116.720021213878,100.805475030544,108.748673070807,152.027725594124
"tald-1",97.9556562962719,105.765181552305,100.620707942998,75.8639141982446,63.2043569984175,83.2847540211285
"copb-1",98.897537606813,126.380428804025,82.1064976814863,103.923170134582,118.043431452927,130.876042033202
"Y25C1A.7",7.53505048432861,11.6520962727115,14.4893819437917,8.31385361076654,13.0126617349683,3.96594066767279
"Y25C1A.8",5.65128786324646,8.06683588110798,9.6595879625278,3.11769510403745,7.43580670569618,9.25386155790317
"Y25C1A.13",4.70940655270538,4.48157548950443,4.02482831771991,9.35308531211235,8.3652825439082,7.93188133534558
"nphp-2",9.41881310541076,0.896315097900887,4.8297939812639,1.03923170134582,8.3652825439082,3.96594066767279
"zig-11",17.8957449002804,18.8226170559186,21.7340729156875,21.8238657282622,5.57685502927214,10.5758417804608
"thoc-5",2.82564393162323,2.68894529370266,4.02482831771991,8.31385361076654,2.78842751463607,6.60990111278798
"szy-2",6.59316917378753,2.68894529370266,12.8794506167037,1.03923170134582,5.57685502927214,5.28792089023038
"paqr-2",20.7213888319037,7.1705207832071,10.4645536260718,7.27462190942072,4.64737919106011,3.96594066767279
"Y32H12A.6",6.59316917378753,1.79263019580177,2.41489699063195,5.19615850672908,0.929475838212023,2.64396044511519
"Y32H12A.7",5.65128786324646,8.96315097900887,8.85462229898381,4.15692680538327,1.85895167642405,0
"Y32H12A.8",97.0137749857308,81.5646739089807,67.6171157376946,69.6285239901697,85.5117771155061,81.962773798571
"Y34B4A.2",2.82564393162323,2.68894529370266,0,9.35308531211235,4.64737919106011,2.64396044511519
"Y34B4A.4",11.3025757264929,15.2373566643151,8.04965663543983,14.5492438188414,17.6600409260284,10.5758417804608
"Y34B4A.5",3.7675252421643,0.896315097900887,2.41489699063195,1.03923170134582,4.64737919106011,0
"Y34B4A.6",78.1761487749093,154.166196838953,129.599471830581,88.3346946143945,93.8770596594143,149.383765149008
"Y34B4A.7",10.3606944159518,6.27420568530621,4.02482831771991,2.07846340269163,6.50633086748416,6.60990111278798
"rga-8",9.41881310541076,8.96315097900887,4.02482831771991,6.2353902080749,10.2242342203322,5.28792089023038
"Y34B4A.9",20.7213888319037,39.437864307639,41.0532488407431,21.8238657282622,30.6727026609968,43.6253473444007
"Y34B4A.10",0.941881310541076,1.79263019580177,2.41489699063195,0,4.64737919106011,1.3219802225576
"mrpl-38",27.3145580056912,25.0968227412248,30.5886952146714,36.3731095471036,28.8137509845727,25.1176242285943
"npr-23",4.70940655270538,0.896315097900887,6.43972530835186,2.07846340269163,2.78842751463607,6.60990111278798
"Y34D9A.3",5.65128786324646,4.48157548950443,4.02482831771991,2.07846340269163,0,3.96594066767279
"glrx-10",12.244457037034,17.0299868601169,8.85462229898381,20.7846340269163,26.9547993081487,11.8978220030184
"Y34D9A.7",10.3606944159518,8.96315097900887,16.9042789344236,15.5884755201873,18.5895167642405,9.25386155790317
"vps-4",19.7795075213626,32.2673435244319,26.5638668969514,24.9415608322996,13.9421375731803,27.7615846737095
"spp-23",6.59316917378753,8.06683588110798,10.4645536260718,9.35308531211235,7.43580670569618,9.25386155790317
"Y34F4.5",4.70940655270538,10.7557811748106,7.24469097189585,4.15692680538327,11.1537100585443,17.1857428932487
"rev-3",5.65128786324646,5.37789058740532,4.02482831771991,0,3.71790335284809,0
"Y37E3.1",8.47693179486968,1.79263019580177,4.02482831771991,1.03923170134582,0,0
"rpb-10",3.7675252421643,3.58526039160355,2.41489699063195,2.07846340269163,12.0831858967563,0
"moag-4",1.88376262108215,6.27420568530621,2.41489699063195,0,2.78842751463607,2.64396044511519
"Y37E3.8",573.605718119515,317.295544656914,475.734707154494,595.479764871153,549.320220383305,457.405157004928
"eif-2alpha",80.0599113959915,79.7720437131789,82.1064976814863,76.9031458995905,64.1338328366296,77.9968331308982
"pcyt-2.1",49.919709458677,54.6752209719541,47.492974149095,55.0792801713283,38.1085093666929,44.9473275669583
"iglr-3",7.53505048432861,2.68894529370266,6.43972530835186,10.3923170134582,8.3652825439082,0
"fpn-1.1",10.3606944159518,27.7857680349275,8.85462229898381,12.4707804161498,12.0831858967563,7.93188133534558
"Y37E3.17",90.4206058119433,70.8088927341701,81.3015320179423,99.7662433291984,73.4285912187498,99.1485166918197
"Y37E11AL.3",12.244457037034,2.68894529370266,6.43972530835186,3.11769510403745,2.78842751463607,14.5417824481336
"fmil-1",21.6632701424447,30.4747133286302,28.1737982240394,18.7061706242247,42.755888557753,46.2693077895159
"taf-6.2",7.53505048432861,17.0299868601169,13.6844162802477,12.4707804161498,17.6600409260284,14.5417824481336
"smgl-2",30.1402019373144,24.2005076433239,21.7340729156875,7.27462190942072,9.29475838212023,13.219802225576
"Y37E11AM.2",0.941881310541076,0,6.43972530835186,0,2.78842751463607,2.64396044511519
"Y37E11AM.3",17.8957449002804,40.3341794055399,29.7837295511274,25.9807925336454,19.5189926024525,38.3374264541703
"siah-1",26.3726766951501,17.0299868601169,28.1737982240394,40.5300363524869,21.3779442788765,43.6253473444007
"nape-2",7.53505048432861,2.68894529370266,7.24469097189585,2.07846340269163,12.0831858967563,11.8978220030184
"nape-1",8.47693179486968,8.06683588110798,4.02482831771991,3.11769510403745,4.64737919106011,13.219802225576
"ugt-45",31.0820832478555,32.2673435244319,30.5886952146714,8.31385361076654,13.0126617349683,10.5758417804608
"Y37E11B.5",23.5470327635269,26.8894529370266,23.3440042427755,23.9023291309538,25.0958476317246,27.7615846737095
"Y37E11B.7",1.88376262108215,4.48157548950443,4.8297939812639,7.27462190942072,2.78842751463607,3.96594066767279
"Y37F4.7",0,2.68894529370266,0.804965663543983,0,3.71790335284809,2.64396044511519
"smut-1",2.82564393162323,3.58526039160355,4.02482831771991,5.19615850672908,5.57685502927214,2.64396044511519
"Y38A10A.7",0,0.896315097900887,2.41489699063195,0,0.929475838212023,1.3219802225576
"Y38C1AA.1",23.5470327635269,25.0968227412248,17.7092445979676,21.8238657282622,12.0831858967563,19.8297033383639
"pnc-1",5.65128786324646,4.48157548950443,12.0744849531597,5.19615850672908,5.57685502927214,7.93188133534558
"Y38C1AA.6",0.941881310541076,0,1.60993132708797,0,0.929475838212023,0
"Y38C1AA.9",6.59316917378753,3.58526039160355,1.60993132708797,1.03923170134582,0.929475838212023,0
"prdx-6",4.70940655270538,0,5.63475964480788,3.11769510403745,1.85895167642405,7.93188133534558
"Y38C1AA.12",7.53505048432861,0.896315097900887,8.85462229898381,1.03923170134582,0.929475838212023,2.64396044511519
"cyp-29A3",0.941881310541076,2.68894529370266,4.02482831771991,5.19615850672908,0,0
"nsy-4",35.7914898005609,30.4747133286302,37.0284205230232,34.294646144412,36.2495576902689,37.0154462316127
"trap-3",64.0479291167932,66.3273172446656,75.6667723731344,95.6093165238152,95.7360113358383,84.6067342436861
"Y38F2AR.3",17.8957449002804,5.37789058740532,8.04965663543983,11.431548714804,5.57685502927214,13.219802225576
"tftc-1",37.675252421643,22.4078774475222,35.4184891959353,23.9023291309538,37.1790335284809,31.7275253413823
"ppgn-1",12.244457037034,15.2373566643151,6.43972530835186,13.5100121174956,13.0126617349683,10.5758417804608
"Y38F2AR.9",3.7675252421643,6.27420568530621,7.24469097189585,23.9023291309538,13.9421375731803,22.4736637834791
"Y38F2AR.12",37.675252421643,33.1636586223328,44.2731114949191,33.2554144430661,28.8137509845727,40.9813868992855
"ckr-2",16.0119822791983,17.9263019580177,13.6844162802477,13.5100121174956,11.1537100585443,5.28792089023038
"Y39A3CL.1",13.1863383475751,11.6520962727115,25.7589012334075,12.4707804161498,5.57685502927214,3.96594066767279
"Y39A3CL.3",0,2.68894529370266,1.60993132708797,0,0,0
"Y39A3CL.4",11.3025757264929,11.6520962727115,11.2695192896158,5.19615850672908,4.64737919106011,1.3219802225576
"Y39A3CL.7",13.1863383475751,4.48157548950443,5.63475964480788,7.27462190942072,5.57685502927214,3.96594066767279
"ttc-7",22.6051514529858,15.2373566643151,10.4645536260718,20.7846340269163,7.43580670569618,19.8297033383639
"hlh-33",9.41881310541076,10.7557811748106,15.2943476073357,11.431548714804,7.43580670569618,15.8637626706912
"rfip-2",20.7213888319037,34.0599737202337,13.6844162802477,21.8238657282622,31.6021784992088,22.4736637834791
"zwl-1",14.1282196581161,19.7189321538195,4.8297939812639,23.9023291309538,24.1663717935126,22.4736637834791
"ugt-31",8.47693179486968,0,1.60993132708797,0,0,0
"eif-2gamma",94.1881310541076,88.7351946921878,99.0107766159099,118.472413953423,115.255003938291,125.588121142972
"Y39G10AR.9",1.88376262108215,0.896315097900887,4.8297939812639,10.3923170134582,3.71790335284809,7.93188133534558
"epg-2",23.5470327635269,20.6152472517204,24.9539355698635,19.7454023255705,18.5895167642405,25.1176242285943
"Y39G10AR.11",113.025757264929,94.1130852795931,100.620707942998,118.472413953423,122.690810643987,96.5045562467045
"tpxl-1",23.5470327635269,21.5115623496213,21.7340729156875,13.5100121174956,17.6600409260284,17.1857428932487
"sydn-1",8.47693179486968,14.3410415664142,6.43972530835186,7.27462190942072,10.2242342203322,14.5417824481336
"dot-1.1",58.3966412535467,60.9494266572603,53.1277337939029,51.9615850672908,55.7685502927214,67.4209913504374
"tbca-1",0.941881310541076,5.37789058740532,1.60993132708797,3.11769510403745,1.85895167642405,1.3219802225576
"nsun-4",9.41881310541076,29.5783982307293,24.9539355698635,18.7061706242247,29.7432268227847,33.0495055639399
"Y39H10A.6",10.3606944159518,7.1705207832071,16.9042789344236,11.431548714804,9.29475838212023,5.28792089023038
"lbp-9",71.5829796011218,75.2904682236745,60.3724247657987,108.080096939965,61.3454053219935,51.5572286797462
"comt-3",7.53505048432861,14.3410415664142,3.21986265417593,2.07846340269163,2.78842751463607,3.96594066767279
"comt-5",8.47693179486968,12.5484113706124,6.43972530835186,8.31385361076654,3.71790335284809,3.96594066767279
"Y40B10B.1",0,6.27420568530621,3.21986265417593,0,0,1.3219802225576
"sqst-2",6.59316917378753,0.896315097900887,9.6595879625278,5.19615850672908,10.2242342203322,1.3219802225576
"Y40D12A.1",3.7675252421643,10.7557811748106,4.8297939812639,11.431548714804,2.78842751463607,6.60990111278798
"ctsa-2",25.4307953846091,42.1268096013417,32.1986265417593,27.0200242349912,23.2368959553006,14.5417824481336
"Y41D4A.4",95.1300123646487,111.14307213971,97.4008452888219,99.7662433291984,92.0181079829903,118.978220030184
"Y41D4A.5",36.733371111102,39.437864307639,41.0532488407431,35.3338778457578,17.6600409260284,34.3714857864975
"Y41D4A.6",5.65128786324646,8.06683588110798,5.63475964480788,6.2353902080749,8.3652825439082,14.5417824481336
"Y41D4A.7",9.41881310541076,14.3410415664142,12.8794506167037,13.5100121174956,26.0253234699366,13.219802225576
"frpr-19",8.47693179486968,6.27420568530621,10.4645536260718,6.2353902080749,4.64737919106011,13.219802225576
"Y41D4B.4",18.8376262108215,26.8894529370266,33.8085578688473,11.431548714804,15.8010892496044,31.7275253413823
"Y41D4B.11",20.7213888319037,16.133671762216,28.9787638875834,8.31385361076654,19.5189926024525,11.8978220030184
"hpo-6",5.65128786324646,6.27420568530621,8.04965663543983,10.3923170134582,0,10.5758417804608
"Y41D4B.17",1.88376262108215,0,5.63475964480788,6.2353902080749,0.929475838212023,1.3219802225576
"nhr-274",1.88376262108215,4.48157548950443,4.8297939812639,12.4707804161498,4.64737919106011,3.96594066767279
"aakg-3",7.53505048432861,0,6.43972530835186,0,7.43580670569618,2.64396044511519
"gbb-1",21.6632701424447,10.7557811748106,15.2943476073357,11.431548714804,18.5895167642405,11.8978220030184
"Y41G9A.5",2.82564393162323,3.58526039160355,0,4.15692680538327,1.85895167642405,0
"Y42G9A.1",4.70940655270538,7.1705207832071,5.63475964480788,7.27462190942072,3.71790335284809,2.64396044511519
"Y42G9A.2",0.941881310541076,2.68894529370266,4.02482831771991,8.31385361076654,8.3652825439082,7.93188133534558
"Y42G9A.3",32.9658458689377,149.684621349448,100.620707942998,44.6869631578701,42.755888557753,48.913268234631
"mvk-1",77.2342674643682,108.454126846007,106.255467587806,80.0208410036279,109.678148909019,77.9968331308982
"wht-7",16.9538635897394,13.4447264685133,0.804965663543983,8.31385361076654,8.3652825439082,17.1857428932487
"Y42H9AR.1",19.7795075213626,23.3041925454231,18.5142102615116,24.9415608322996,23.2368959553006,38.3374264541703
"rabs-5",9.41881310541076,3.58526039160355,4.02482831771991,7.27462190942072,7.43580670569618,2.64396044511519
"Y42H9AR.4",6.59316917378753,6.27420568530621,12.0744849531597,14.5492438188414,7.43580670569618,2.64396044511519
"Y43B11AR.1",14.1282196581161,13.4447264685133,6.43972530835186,3.11769510403745,0.929475838212023,3.96594066767279
"Y43B11AR.3",12.244457037034,6.27420568530621,5.63475964480788,2.07846340269163,4.64737919106011,1.3219802225576
"Y43H11AL.1",16.9538635897394,16.133671762216,16.0993132708797,8.31385361076654,9.29475838212023,6.60990111278798
"laat-1",24.488914074068,17.9263019580177,26.5638668969514,20.7846340269163,19.5189926024525,38.3374264541703
"trx-4",0.941881310541076,4.48157548950443,5.63475964480788,3.11769510403745,2.78842751463607,0
"cdap-2",17.8957449002804,29.5783982307293,8.04965663543983,11.431548714804,15.8010892496044,15.8637626706912
"edc-4",25.4307953846091,25.9931378391257,21.7340729156875,18.7061706242247,31.6021784992088,40.9813868992855
"zip-4",13.1863383475751,11.6520962727115,11.2695192896158,9.35308531211235,17.6600409260284,9.25386155790317
"Y45G5AL.1",38.6171337321841,34.0599737202337,24.9539355698635,21.8238657282622,35.3200818520569,44.9473275669583
"Y45G5AM.3",16.0119822791983,10.7557811748106,12.0744849531597,5.19615850672908,1.85895167642405,2.64396044511519
"Y45G5AM.6",4.70940655270538,8.96315097900887,1.60993132708797,4.15692680538327,6.50633086748416,5.28792089023038
"Y45G5AM.7",9.41881310541076,0,9.6595879625278,1.03923170134582,4.64737919106011,3.96594066767279
"Y45G5AM.9",17.8957449002804,17.0299868601169,8.04965663543983,8.31385361076654,9.29475838212023,14.5417824481336
"nuo-5",163.887348034147,264.412953880762,212.510935175612,203.68941346378,188.683595157041,196.975053161082
"Y45G12B.2",9.41881310541076,21.5115623496213,20.1241415885996,8.31385361076654,28.8137509845727,17.1857428932487
"Y45G12B.3",4.70940655270538,9.85946607690976,18.5142102615116,10.3923170134582,5.57685502927214,11.8978220030184
"Y45G12C.1",0.941881310541076,3.58526039160355,1.60993132708797,2.07846340269163,1.85895167642405,1.3219802225576
"clec-72",30.1402019373144,33.1636586223328,19.3191759250556,30.1377193390287,45.5443160723891,55.523169347419
"clec-76",1.88376262108215,1.79263019580177,5.63475964480788,1.03923170134582,2.78842751463607,0
"Y46D2A.2",7.53505048432861,5.37789058740532,16.0993132708797,2.07846340269163,1.85895167642405,0
"Y46E12BL.2",139.398433960079,92.3204550837914,82.1064976814863,91.4523897184319,133.844520702531,132.19802225576
"spsb-1",67.8154543589575,32.2673435244319,33.0035922053033,51.9615850672908,46.4737919106011,50.2352484571886
"clec-205",6.59316917378753,0,1.60993132708797,2.07846340269163,0,1.3219802225576
"ttc-37",25.4307953846091,21.5115623496213,21.7340729156875,10.3923170134582,17.6600409260284,18.5077231158063
"Y47A7.2",37.675252421643,31.371028426531,33.8085578688473,24.9415608322996,43.6853643959651,22.4736637834791
"Y47D7A.13",2.82564393162323,3.58526039160355,1.60993132708797,33.2554144430661,48.3327435870252,15.8637626706912
"rft-2",0.941881310541076,4.48157548950443,3.21986265417593,0,6.50633086748416,9.25386155790317
"Y47D9A.1",22.6051514529858,20.6152472517204,31.3936608782153,27.0200242349912,31.6021784992088,34.3714857864975
"scpl-3",8.47693179486968,9.85946607690976,10.4645536260718,10.3923170134582,13.9421375731803,10.5758417804608
"rde-10",6.59316917378753,3.58526039160355,11.2695192896158,3.11769510403745,1.85895167642405,3.96594066767279
"Y47G6A.5",31.0820832478555,17.9263019580177,8.04965663543983,35.3338778457578,31.6021784992088,33.0495055639399
"pcaf-1",1.88376262108215,7.1705207832071,6.43972530835186,4.15692680538327,3.71790335284809,6.60990111278798
"Y47G6A.7",7.53505048432861,9.85946607690976,4.02482831771991,9.35308531211235,2.78842751463607,10.5758417804608
"Y47G6A.9",9.41881310541076,12.5484113706124,12.0744849531597,4.15692680538327,4.64737919106011,13.219802225576
"ccep-290",6.59316917378753,0.896315097900887,4.8297939812639,0,3.71790335284809,6.60990111278798
"Y47G6A.18",12.244457037034,40.3341794055399,14.4893819437917,13.5100121174956,35.3200818520569,15.8637626706912
"Y47G6A.19",21.6632701424447,31.371028426531,31.3936608782153,29.0984876376829,25.0958476317246,33.0495055639399
"Y47G6A.21",7.53505048432861,9.85946607690976,10.4645536260718,7.27462190942072,13.9421375731803,3.96594066767279
"Y47G6A.22",21.6632701424447,37.6452341118373,12.8794506167037,15.5884755201873,14.8716134113924,25.1176242285943
"mis-12",5.65128786324646,0,0,3.11769510403745,3.71790335284809,0
"Y48A5A.1",7.53505048432861,12.5484113706124,12.8794506167037,7.27462190942072,7.43580670569618,5.28792089023038
"Y48G1A.1",2.82564393162323,5.37789058740532,3.21986265417593,3.11769510403745,4.64737919106011,9.25386155790317
"nol-14",86.653080569779,129.965689195629,99.8157422794539,51.9615850672908,81.793873762658,85.9287144662437
"Y48G1BR.1",1.88376262108215,2.68894529370266,5.63475964480788,7.27462190942072,6.50633086748416,2.64396044511519
"pid-2",4.70940655270538,7.1705207832071,5.63475964480788,2.07846340269163,4.64737919106011,0
"pgs-1",4.70940655270538,1.79263019580177,0.804965663543983,0,0,3.96594066767279
"Y48G1C.8",21.6632701424447,30.4747133286302,20.1241415885996,27.0200242349912,41.826412719541,27.7615846737095
"Y48G1C.9",0.941881310541076,0,2.41489699063195,0,0,2.64396044511519
"Y48G1C.10",11.3025757264929,21.5115623496213,12.0744849531597,5.19615850672908,11.1537100585443,5.28792089023038
"herc-1",22.6051514529858,22.4078774475222,17.7092445979676,25.9807925336454,19.5189926024525,30.4055451188247
"Y48G8AL.5",83.8274366381558,59.1567964614585,66.0071844106066,55.0792801713283,91.0886321447782,48.913268234631
"Y48G8AL.10",5.65128786324646,9.85946607690976,4.02482831771991,9.35308531211235,5.57685502927214,9.25386155790317
"Y48G8AL.12",0,0,0,5.19615850672908,7.43580670569618,5.28792089023038
"Y48G8AL.13",32.9658458689377,64.5346870488639,52.3227681303589,50.922353365945,47.4032677488132,59.4891100150918
"Y48G8AR.2",1.88376262108215,0.896315097900887,4.02482831771991,7.27462190942072,1.85895167642405,0
"gcn-1",282.564393162323,312.81396916741,315.546540109241,246.297913218959,226.792104523734,286.869708294998
"frl-1",16.9538635897394,32.2673435244319,16.0993132708797,21.8238657282622,18.5895167642405,19.8297033383639
"Y48G9A.9",1.88376262108215,15.2373566643151,14.4893819437917,8.31385361076654,7.43580670569618,3.96594066767279
"ugt-29",3.7675252421643,5.37789058740532,5.63475964480788,2.07846340269163,1.85895167642405,1.3219802225576
"cyh-1",1.88376262108215,7.1705207832071,4.8297939812639,9.35308531211235,2.78842751463607,2.64396044511519
"Y49F6B.2",12.244457037034,8.96315097900887,13.6844162802477,4.15692680538327,3.71790335284809,9.25386155790317
"Y49G5B.1",16.9538635897394,0,3.21986265417593,6.2353902080749,6.50633086748416,10.5758417804608
"otub-2",26.3726766951501,40.3341794055399,22.5390385792315,37.4123412484494,28.8137509845727,38.3374264541703
"Y50D4A.1",13.1863383475751,12.5484113706124,19.3191759250556,4.15692680538327,12.0831858967563,2.64396044511519
"wrb-1",2.82564393162323,0,0.804965663543983,5.19615850672908,0,7.93188133534558
"Y50D4A.4",1.88376262108215,4.48157548950443,7.24469097189585,5.19615850672908,7.43580670569618,2.64396044511519
"Y50D4B.1",3.7675252421643,8.06683588110798,7.24469097189585,9.35308531211235,1.85895167642405,5.28792089023038
"Y50D4B.4",15.0701009686572,12.5484113706124,7.24469097189585,16.6277072215331,23.2368959553006,23.7956440060367
"Y50D4B.6",0.941881310541076,16.133671762216,4.02482831771991,2.07846340269163,0.929475838212023,14.5417824481336
"Y50D4C.3",12.244457037034,10.7557811748106,17.7092445979676,9.35308531211235,13.9421375731803,7.93188133534558
"Y50D4C.5",6.59316917378753,11.6520962727115,5.63475964480788,4.15692680538327,11.1537100585443,6.60990111278798
"Y50D7A.1",6.59316917378753,11.6520962727115,4.02482831771991,4.15692680538327,1.85895167642405,6.60990111278798
"xpd-1",14.1282196581161,5.37789058740532,5.63475964480788,9.35308531211235,10.2242342203322,19.8297033383639
"Y50D7A.3",6.59316917378753,1.79263019580177,8.04965663543983,17.6669389228789,6.50633086748416,13.219802225576
"hpo-29",86.653080569779,69.0162625383683,90.1561543169261,61.3146703794032,79.934922086234,67.4209913504374
"Y50D7A.8",21.6632701424447,12.5484113706124,11.2695192896158,18.7061706242247,9.29475838212023,10.5758417804608
"taco-1",13.1863383475751,13.4447264685133,7.24469097189585,4.15692680538327,17.6600409260284,6.60990111278798
"Y50D7A.10",0.941881310541076,1.79263019580177,0.804965663543983,3.11769510403745,0,1.3219802225576
"Y51F10.3",3.7675252421643,10.7557811748106,12.0744849531597,10.3923170134582,12.0831858967563,13.219802225576
"Y51F10.4",16.0119822791983,2.68894529370266,3.21986265417593,6.2353902080749,1.85895167642405,5.28792089023038
"hex-4",0,1.79263019580177,3.21986265417593,12.4707804161498,1.85895167642405,0
"Y51F10.7",94.1881310541076,67.2236323425665,109.475330241982,47.8046582619076,58.5569778073574,56.8451495699766
"spe-48",4.70940655270538,1.79263019580177,4.02482831771991,0,0.929475838212023,0
"alkb-1",25.4307953846091,19.7189321538195,24.9539355698635,30.1377193390287,13.0126617349683,31.7275253413823
"cogc-4",19.7795075213626,15.2373566643151,20.1241415885996,14.5492438188414,14.8716134113924,22.4736637834791
"Y51H7C.7",3.7675252421643,1.79263019580177,3.21986265417593,0,0.929475838212023,0
"nol-6",42.3846589743484,47.504700188747,45.883042822007,34.294646144412,25.0958476317246,37.0154462316127
"Y52E8A.3",4.70940655270538,8.06683588110798,4.02482831771991,1.03923170134582,3.71790335284809,0
"Y53G8AL.2",95.1300123646487,106.661496650206,119.939883868053,99.7662433291984,92.0181079829903,104.43643758205
"Y53G8AM.8",12.244457037034,5.37789058740532,12.0744849531597,20.7846340269163,19.5189926024525,17.1857428932487
"phf-15",7.53505048432861,16.133671762216,26.5638668969514,29.0984876376829,13.9421375731803,17.1857428932487
"ral-1",4.70940655270538,3.58526039160355,0.804965663543983,3.11769510403745,5.57685502927214,11.8978220030184
"Y53G8AR.5",1.88376262108215,2.68894529370266,1.60993132708797,4.15692680538327,5.57685502927214,3.96594066767279
"Y53G8AR.6",26.3726766951501,25.0968227412248,18.5142102615116,28.0592559363371,31.6021784992088,19.8297033383639
"Y53G8AR.7",5.65128786324646,1.79263019580177,7.24469097189585,5.19615850672908,2.78842751463607,3.96594066767279
"Y53G8AR.8",3.7675252421643,4.48157548950443,10.4645536260718,6.2353902080749,15.8010892496044,2.64396044511519
"Y53G8AR.9",27.3145580056912,34.0599737202337,22.5390385792315,22.863097429608,29.7432268227847,29.0835648962671
"Y53G8B.2",5.65128786324646,13.4447264685133,5.63475964480788,5.19615850672908,9.29475838212023,5.28792089023038
"nipa-1",15.0701009686572,27.7857680349275,17.7092445979676,21.8238657282622,9.29475838212023,10.5758417804608
"txl-1",11.3025757264929,0.896315097900887,16.0993132708797,10.3923170134582,8.3652825439082,18.5077231158063
"dnc-6",0,0,2.41489699063195,0,0,1.3219802225576
"Y54E10A.6",12.244457037034,24.2005076433239,22.5390385792315,14.5492438188414,19.5189926024525,5.28792089023038
"mrpl-17",3.7675252421643,15.2373566643151,9.6595879625278,8.31385361076654,11.1537100585443,17.1857428932487
"Y54E10A.10",32.9658458689377,32.2673435244319,25.7589012334075,31.1769510403745,14.8716134113924,27.7615846737095
"Y54E10A.11",25.4307953846091,27.7857680349275,31.3936608782153,25.9807925336454,23.2368959553006,35.6934660090551
"mab-31",12.244457037034,16.133671762216,17.7092445979676,10.3923170134582,16.7305650878164,18.5077231158063
"Y54E10A.17",2.82564393162323,2.68894529370266,4.8297939812639,5.19615850672908,3.71790335284809,7.93188133534558
"Y54E10BL.3",1.88376262108215,10.7557811748106,3.21986265417593,1.03923170134582,1.85895167642405,6.60990111278798
"nduf-5",19.7795075213626,13.4447264685133,25.7589012334075,16.6277072215331,12.0831858967563,3.96594066767279
"pign-1",2.82564393162323,2.68894529370266,4.02482831771991,4.15692680538327,2.78842751463607,3.96594066767279
"Y54E10BR.3",7.53505048432861,11.6520962727115,14.4893819437917,16.6277072215331,9.29475838212023,17.1857428932487
"Y54E10BR.4",69.6992169800396,42.1268096013417,50.7128368032709,56.1185118726741,44.6148402341771,52.8792089023038
"sec-11",16.9538635897394,31.371028426531,11.2695192896158,18.7061706242247,16.7305650878164,11.8978220030184
"rpb-7",9.41881310541076,3.58526039160355,11.2695192896158,3.11769510403745,16.7305650878164,9.25386155790317
"ztf-23",3.7675252421643,3.58526039160355,0,0,2.78842751463607,0
"Y54F10AL.1",13.1863383475751,6.27420568530621,8.04965663543983,14.5492438188414,7.43580670569618,5.28792089023038
"Y54F10AM.5",30.1402019373144,10.7557811748106,9.6595879625278,15.5884755201873,13.0126617349683,11.8978220030184
"Y54F10AM.8",150.701009686572,98.5946607690976,120.744849531597,115.354718849386,138.491899893591,99.1485166918197
"Y54F10AR.1",29.1983206267734,39.437864307639,21.7340729156875,19.7454023255705,24.1663717935126,22.4736637834791
"Y54F10AR.2",7.53505048432861,16.133671762216,7.24469097189585,14.5492438188414,8.3652825439082,23.7956440060367
"ppm-1.D",14.1282196581161,5.37789058740532,9.6595879625278,14.5492438188414,13.0126617349683,3.96594066767279
"iffb-1",102.665062848977,82.4609890068816,90.9611199804701,94.5700848224694,99.4539146886864,72.7089122406678
"Y54F10BM.9",3.7675252421643,3.58526039160355,6.43972530835186,1.03923170134582,3.71790335284809,3.96594066767279
"atln-1",36.733371111102,37.6452341118373,44.2731114949191,45.726194859216,33.4611301756328,43.6253473444007
"samt-1",1.88376262108215,4.48157548950443,7.24469097189585,12.4707804161498,3.71790335284809,11.8978220030184
"clec-85",30.1402019373144,43.0231246992426,45.078077158463,32.2161827417203,36.2495576902689,34.3714857864975
"Y54G2A.10",0,0,0,0,1.85895167642405,3.96594066767279
"Y54G2A.11",35.7914898005609,13.4447264685133,21.7340729156875,76.9031458995905,66.9222603512656,58.1671297925342
"clec-83",4.70940655270538,7.1705207832071,10.4645536260718,10.3923170134582,10.2242342203322,6.60990111278798
"nprt-1",34.8496084900198,34.9562888181346,28.9787638875834,31.1769510403745,16.7305650878164,18.5077231158063
"Y54G2A.18",22.6051514529858,29.5783982307293,40.2482831771991,23.9023291309538,32.5316543374208,35.6934660090551
"manf-1",18.8376262108215,15.2373566643151,13.6844162802477,30.1377193390287,24.1663717935126,21.1516835609215
"Y54G2A.26",54.6291160113824,43.0231246992426,47.492974149095,46.7654265605618,49.2622194252372,64.7770309053222
"ndnf-1",22.6051514529858,40.3341794055399,28.9787638875834,25.9807925336454,30.6727026609968,35.6934660090551
"Y54G2A.32",5.65128786324646,1.79263019580177,2.41489699063195,15.5884755201873,4.64737919106011,5.28792089023038
"clec-84",6.59316917378753,2.68894529370266,4.8297939812639,17.6669389228789,2.78842751463607,6.60990111278798
"ser-6",2.82564393162323,5.37789058740532,1.60993132708797,2.07846340269163,9.29475838212023,9.25386155790317
"Y54H5A.1",79.1180300854504,65.4310021467647,63.5922874199747,36.3731095471036,52.9801227780853,39.6594066767279
"Y54H5A.2",58.3966412535467,82.4609890068816,46.688008485551,33.2554144430661,45.5443160723891,47.5912880120735
"rbm-42",8.47693179486968,17.9263019580177,15.2943476073357,12.4707804161498,17.6600409260284,22.4736637834791
"oxy-4",2.82564393162323,0.896315097900887,2.41489699063195,4.15692680538327,9.29475838212023,0
"gtf-2H5",0,1.79263019580177,0,1.03923170134582,1.85895167642405,0
"helq-1",10.3606944159518,9.85946607690976,4.8297939812639,4.15692680538327,10.2242342203322,18.5077231158063
"Y55B1AR.2",11.3025757264929,5.37789058740532,19.3191759250556,22.863097429608,7.43580670569618,13.219802225576
"Y55B1BL.1",13.1863383475751,6.27420568530621,4.8297939812639,19.7454023255705,13.0126617349683,9.25386155790317
"stim-1",22.6051514529858,30.4747133286302,33.8085578688473,12.4707804161498,26.0253234699366,33.0495055639399
"Y55B1BR.2",8.47693179486968,0.896315097900887,0.804965663543983,4.15692680538327,1.85895167642405,19.8297033383639
"magu-1",0.941881310541076,0,0,5.19615850672908,4.64737919106011,1.3219802225576
"Y55D5A.1",8.47693179486968,13.4447264685133,8.85462229898381,14.5492438188414,8.3652825439082,15.8637626706912
"Y55D5A.4",2.82564393162323,0,0,0,2.78842751463607,0
"mrps-25",8.47693179486968,6.27420568530621,7.24469097189585,4.15692680538327,21.3779442788765,2.64396044511519
"rbm-39",25.4307953846091,17.0299868601169,29.7837295511274,24.9415608322996,21.3779442788765,9.25386155790317
"atg-3",8.47693179486968,17.0299868601169,14.4893819437917,21.8238657282622,16.7305650878164,9.25386155790317
"Y55F3AM.5",9.41881310541076,0,1.60993132708797,7.27462190942072,5.57685502927214,2.64396044511519
"immp-2",9.41881310541076,1.79263019580177,0,5.19615850672908,0.929475838212023,0
"Y55F3AM.9",10.3606944159518,7.1705207832071,9.6595879625278,9.35308531211235,11.1537100585443,14.5417824481336
"Y55F3AM.11",1.88376262108215,0,1.60993132708797,6.2353902080749,2.78842751463607,0
"dcap-1",4.70940655270538,3.58526039160355,4.8297939812639,4.15692680538327,7.43580670569618,5.28792089023038
"Y55F3AM.13",30.1402019373144,33.1636586223328,26.5638668969514,38.4515729497952,24.1663717935126,31.7275253413823
"cox-18",6.59316917378753,5.37789058740532,11.2695192896158,3.11769510403745,6.50633086748416,13.219802225576
"Y55F3AR.2",27.3145580056912,29.5783982307293,22.5390385792315,17.6669389228789,33.4611301756328,42.3033671218431
"cct-8",137.514671338997,81.5646739089807,116.720021213878,188.100937943593,158.010892496044,157.315646484354
"mrpl-46",9.41881310541076,3.58526039160355,7.24469097189585,0,19.5189926024525,14.5417824481336
"zipt-15",10.3606944159518,15.2373566643151,8.04965663543983,20.7846340269163,7.43580670569618,25.1176242285943
"Y55F3BR.1",8.47693179486968,13.4447264685133,10.4645536260718,7.27462190942072,13.0126617349683,11.8978220030184
"Y55F3BR.2",4.70940655270538,1.79263019580177,4.8297939812639,4.15692680538327,5.57685502927214,1.3219802225576
"Y55F3BR.6",5.65128786324646,9.85946607690976,0,4.15692680538327,0.929475838212023,0
"lem-4",5.65128786324646,0.896315097900887,3.21986265417593,10.3923170134582,4.64737919106011,5.28792089023038
"kvs-5",20.7213888319037,20.6152472517204,30.5886952146714,12.4707804161498,18.5895167642405,25.1176242285943
"cutl-26",7.53505048432861,2.68894529370266,9.6595879625278,11.431548714804,1.85895167642405,2.64396044511519
"vha-19",148.81724706549,114.728332531314,130.404437494125,138.217816278994,140.350851570015,122.944160697856
"Y57E12AL.1",17.8957449002804,8.96315097900887,14.4893819437917,14.5492438188414,15.8010892496044,25.1176242285943
"Y57E12AL.6",6.59316917378753,9.85946607690976,12.8794506167037,6.2353902080749,9.29475838212023,10.5758417804608
"Y57E12AM.1",5.65128786324646,2.68894529370266,4.8297939812639,4.15692680538327,4.64737919106011,3.96594066767279
"emc-2",21.6632701424447,83.3573041047825,36.2234548594792,19.7454023255705,36.2495576902689,37.0154462316127
"Y58A7A.3",4.70940655270538,0.896315097900887,0.804965663543983,0,0.929475838212023,1.3219802225576
"glb-32",5.65128786324646,9.85946607690976,4.02482831771991,0,7.43580670569618,2.64396044511519
"lgc-26",1.88376262108215,3.58526039160355,1.60993132708797,1.03923170134582,2.78842751463607,0
"npr-5",9.41881310541076,2.68894529370266,12.8794506167037,4.15692680538327,7.43580670569618,13.219802225576
"Y59C2A.1",4.70940655270538,0.896315097900887,4.02482831771991,8.31385361076654,10.2242342203322,2.64396044511519
"Y59C2A.2",7.53505048432861,10.7557811748106,9.6595879625278,8.31385361076654,6.50633086748416,7.93188133534558
"Y59C2A.3",25.4307953846091,9.85946607690976,4.8297939812639,16.6277072215331,13.9421375731803,19.8297033383639
"npr-22",3.7675252421643,8.06683588110798,2.41489699063195,3.11769510403745,4.64737919106011,3.96594066767279
"catp-7",95.1300123646487,121.898853314521,99.0107766159099,191.21863304763,125.479238158623,173.179409155045
"Y61A9LA.1",14.1282196581161,12.5484113706124,10.4645536260718,7.27462190942072,11.1537100585443,13.219802225576
"Y61A9LA.3",40.5008963532663,54.6752209719541,49.102905476183,35.3338778457578,48.3327435870252,60.8110902376494
"sut-2",104.548825470059,68.1199474404674,65.2022187470626,38.4515729497952,45.5443160723891,54.2011891248614
"Y61A9LA.10",138.456552649538,93.2167701816922,132.819334484757,65.4715971847865,52.0506469398733,47.5912880120735
"Y61A9LA.11",6.59316917378753,2.68894529370266,10.4645536260718,5.19615850672908,9.29475838212023,22.4736637834791
"cus-2",22.6051514529858,22.4078774475222,14.4893819437917,15.5884755201873,13.0126617349683,11.8978220030184
"Y65B4A.2",0.941881310541076,3.58526039160355,3.21986265417593,6.2353902080749,8.3652825439082,17.1857428932487
"vps-20",5.65128786324646,8.96315097900887,8.85462229898381,13.5100121174956,7.43580670569618,5.28792089023038
"Y65B4A.6",63.1060478062521,69.9125776362692,70.0320127283265,44.6869631578701,37.1790335284809,47.5912880120735
"Y65B4A.8",0.941881310541076,7.1705207832071,3.21986265417593,10.3923170134582,3.71790335284809,7.93188133534558
"Y65B4BL.1",16.0119822791983,18.8226170559186,10.4645536260718,17.6669389228789,14.8716134113924,10.5758417804608
"deps-1",2.82564393162323,4.48157548950443,0.804965663543983,0,5.57685502927214,2.64396044511519
"acs-13",61.2222851851699,70.8088927341701,83.7164290085742,66.5108288861323,77.1464945715979,111.046338694838
"icd-2",505.790263760558,656.99896676135,520.007818649413,565.342045532124,607.877198190663,736.342983964581
"dpm-1",11.3025757264929,7.1705207832071,9.6595879625278,14.5492438188414,6.50633086748416,6.60990111278798
"mrpl-55",7.53505048432861,5.37789058740532,7.24469097189585,2.07846340269163,0.929475838212023,2.64396044511519
"Y66H1A.4",120.560807749258,174.781444090673,111.890227232614,134.06088947361,121.761334805775,130.876042033202
"Y66H1A.5",10.3606944159518,6.27420568530621,8.04965663543983,18.7061706242247,8.3652825439082,5.28792089023038
"fln-1",204.388244387413,209.737732908808,181.117274297396,199.532486658397,221.215249494461,206.228914718985
"rep-1",16.0119822791983,13.4447264685133,7.24469097189585,21.8238657282622,17.6600409260284,6.60990111278798
"Y67D2.2",12.244457037034,5.37789058740532,6.43972530835186,7.27462190942072,7.43580670569618,5.28792089023038
"cisd-3.2",23.5470327635269,19.7189321538195,20.9291072521436,13.5100121174956,33.4611301756328,30.4055451188247
"Y67D2.4",2.82564393162323,1.79263019580177,3.21986265417593,0,0,0
"ddx-35",6.59316917378753,9.85946607690976,11.2695192896158,2.07846340269163,0,6.60990111278798
"Y67D2.7",12.244457037034,13.4447264685133,28.9787638875834,6.2353902080749,8.3652825439082,5.28792089023038
"Y67D8A.2",22.6051514529858,32.2673435244319,24.9539355698635,23.9023291309538,36.2495576902689,25.1176242285943
"dmd-9",2.82564393162323,9.85946607690976,2.41489699063195,9.35308531211235,9.29475838212023,14.5417824481336
"Y67D8C.3",13.1863383475751,3.58526039160355,4.02482831771991,20.7846340269163,6.50633086748416,5.28792089023038
"eel-1",730.899896979875,749.319421845142,722.859165862497,647.441349938444,625.537239116691,832.847540211285
"cpg-9",4.70940655270538,3.58526039160355,3.21986265417593,3.11769510403745,4.64737919106011,5.28792089023038
"Y67D8C.9",16.9538635897394,13.4447264685133,13.6844162802477,17.6669389228789,15.8010892496044,13.219802225576
"Y69A2AR.1",7.53505048432861,15.2373566643151,14.4893819437917,6.2353902080749,9.29475838212023,5.28792089023038
"Y69A2AR.3",2.82564393162323,0,3.21986265417593,6.2353902080749,3.71790335284809,1.3219802225576
"daao-1",0.941881310541076,0.896315097900887,6.43972530835186,0,5.57685502927214,0
"vamp-7",7.53505048432861,3.58526039160355,3.21986265417593,15.5884755201873,0,1.3219802225576
"epg-9",16.9538635897394,32.2673435244319,24.1489699063195,51.9615850672908,45.5443160723891,74.0308924632254
"Y69A2AR.16",40.5008963532663,24.2005076433239,26.5638668969514,38.4515729497952,30.6727026609968,18.5077231158063
"Y69A2AR.18",199.678837834708,269.790844468167,255.174115343443,213.042498775892,266.759565566851,274.97188629198
"Y69A2AR.21",6.59316917378753,5.37789058740532,9.6595879625278,6.2353902080749,6.50633086748416,9.25386155790317
"Y69A2AR.22",8.47693179486968,3.58526039160355,9.6595879625278,8.31385361076654,7.43580670569618,2.64396044511519
"Y69A2AR.28",4.70940655270538,10.7557811748106,4.8297939812639,1.03923170134582,11.1537100585443,11.8978220030184
"Y69A2AR.31",20.7213888319037,31.371028426531,28.1737982240394,21.8238657282622,26.0253234699366,22.4736637834791
"cdh-12",3.7675252421643,1.79263019580177,5.63475964480788,41.5692680538327,21.3779442788765,13.219802225576
"acsd-1",2.82564393162323,0.896315097900887,2.41489699063195,7.27462190942072,0.929475838212023,1.3219802225576
"lgc-46",5.65128786324646,4.48157548950443,2.41489699063195,7.27462190942072,0.929475838212023,7.93188133534558
"Y71F9AL.1",2.82564393162323,1.79263019580177,4.8297939812639,5.19615850672908,0,3.96594066767279
"Y71F9AL.9",59.3385225640878,74.3941531257736,56.3475964480788,83.1385361076654,83.6528254390821,50.2352484571886
"Y71F9AL.10",9.41881310541076,7.1705207832071,5.63475964480788,3.11769510403745,2.78842751463607,5.28792089023038
"Y71F9AL.12",11.3025757264929,6.27420568530621,6.43972530835186,11.431548714804,6.50633086748416,15.8637626706912
"dnc-5",5.65128786324646,0,0,4.15692680538327,1.85895167642405,1.3219802225576
"copa-1",87.5949618803201,167.610923307466,134.429265811845,108.080096939965,131.985569026107,157.315646484354
"cogc-3",13.1863383475751,9.85946607690976,10.4645536260718,14.5492438188414,16.7305650878164,15.8637626706912
"trap-1",54.6291160113824,34.0599737202337,61.1773904293427,87.2954629130486,91.0886321447782,64.7770309053222
"supr-1",7.53505048432861,13.4447264685133,10.4645536260718,8.31385361076654,8.3652825439082,2.64396044511519
"Y71F9B.1",0.941881310541076,0.896315097900887,4.8297939812639,5.19615850672908,0.929475838212023,1.3219802225576
"Y71F9B.2",12.244457037034,12.5484113706124,5.63475964480788,0,4.64737919106011,0
"yop-1",83.8274366381558,150.580936447349,123.964712185773,89.3739263157403,117.113955614715,130.876042033202
"Y71F9B.6",7.53505048432861,1.79263019580177,16.0993132708797,9.35308531211235,7.43580670569618,17.1857428932487
"lron-11",15.0701009686572,25.0968227412248,28.9787638875834,30.1377193390287,21.3779442788765,26.4396044511519
"Y71F9B.13",12.244457037034,14.3410415664142,18.5142102615116,12.4707804161498,16.7305650878164,10.5758417804608
"hrpu-2",46.1521842165127,28.6820831328284,49.9078711397269,38.4515729497952,40.896936881329,29.0835648962671
"trpp-10",16.0119822791983,5.37789058740532,3.21986265417593,3.11769510403745,7.43580670569618,19.8297033383639
"tub-2",37.675252421643,68.1199474404674,45.078077158463,50.922353365945,45.5443160723891,62.133070460207
"chaf-2",16.0119822791983,25.0968227412248,20.1241415885996,23.9023291309538,24.1663717935126,23.7956440060367
"pghm-1",72.5248609116629,69.9125776362692,54.7376651209908,67.5500605874781,77.1464945715979,50.2352484571886
"Y71G12B.6",2.82564393162323,3.58526039160355,2.41489699063195,4.15692680538327,2.78842751463607,5.28792089023038
"ddx-27",91.3624871224844,121.898853314521,103.03560493363,70.6677556915156,78.0759704098099,47.5912880120735
"lin-65",22.6051514529858,8.06683588110798,13.6844162802477,11.431548714804,8.3652825439082,7.93188133534558
"Y71G12B.10",12.244457037034,5.37789058740532,11.2695192896158,7.27462190942072,4.64737919106011,19.8297033383639
"atg-5",12.244457037034,4.48157548950443,12.8794506167037,13.5100121174956,8.3652825439082,17.1857428932487
"Y71G12B.13",21.6632701424447,4.48157548950443,14.4893819437917,11.431548714804,3.71790335284809,2.64396044511519
"Y71G12B.17",0,2.68894529370266,3.21986265417593,1.03923170134582,2.78842751463607,1.3219802225576
"mppa-1",38.6171337321841,25.9931378391257,23.3440042427755,37.4123412484494,31.6021784992088,30.4055451188247
"Y71G12B.25",3.7675252421643,3.58526039160355,2.41489699063195,24.9415608322996,11.1537100585443,7.93188133534558
"Y71G12B.26",0.941881310541076,8.96315097900887,1.60993132708797,5.19615850672908,2.78842751463607,0
"Y71H2AM.1",15.0701009686572,4.48157548950443,13.6844162802477,8.31385361076654,3.71790335284809,14.5417824481336
"Y71H2AM.2",6.59316917378753,5.37789058740532,11.2695192896158,10.3923170134582,0.929475838212023,5.28792089023038
"Y71H2AM.3",15.0701009686572,10.7557811748106,12.0744849531597,5.19615850672908,15.8010892496044,10.5758417804608
"Y71H2AM.4",27.3145580056912,36.7489190139364,40.2482831771991,73.785450795553,63.2043569984175,52.8792089023038
"cox-6B",77.2342674643682,115.624647629214,111.08526156907,95.6093165238152,109.678148909019,95.1825760241469
"Y71H2AM.6",2.82564393162323,10.7557811748106,3.21986265417593,5.19615850672908,0,5.28792089023038
"set-27",19.7795075213626,8.96315097900887,18.5142102615116,23.9023291309538,22.3074201170885,22.4736637834791
"Y71H2AM.9",14.1282196581161,8.96315097900887,5.63475964480788,5.19615850672908,12.0831858967563,6.60990111278798
"Y71H2AM.10",16.9538635897394,22.4078774475222,18.5142102615116,13.5100121174956,8.3652825439082,13.219802225576
"Y71H2AM.11",32.0239645583966,48.4010152866479,30.5886952146714,23.9023291309538,36.2495576902689,43.6253473444007
"Y71H2AM.13",24.488914074068,12.5484113706124,26.5638668969514,14.5492438188414,12.0831858967563,15.8637626706912
"Y71H2AM.15",43.3265402848895,25.0968227412248,22.5390385792315,19.7454023255705,25.0958476317246,25.1176242285943
"pho-9",19.7795075213626,30.4747133286302,25.7589012334075,20.7846340269163,26.9547993081487,31.7275253413823
"swsn-3",14.1282196581161,9.85946607690976,18.5142102615116,15.5884755201873,13.9421375731803,15.8637626706912
"Y71H2AM.20",0.941881310541076,3.58526039160355,3.21986265417593,9.35308531211235,2.78842751463607,1.3219802225576
"Y71H2AR.1",10.3606944159518,4.48157548950443,5.63475964480788,11.431548714804,9.29475838212023,3.96594066767279
"Y71H2B.2",6.59316917378753,4.48157548950443,7.24469097189585,8.31385361076654,9.29475838212023,15.8637626706912
"ppfr-4",10.3606944159518,3.58526039160355,5.63475964480788,15.5884755201873,6.50633086748416,10.5758417804608
"Y71H2B.4",1.88376262108215,2.68894529370266,0.804965663543983,5.19615850672908,3.71790335284809,1.3219802225576
"Y71H2B.5",29.1983206267734,24.2005076433239,14.4893819437917,6.2353902080749,17.6600409260284,19.8297033383639
"gpa-17",11.3025757264929,9.85946607690976,23.3440042427755,13.5100121174956,3.71790335284809,10.5758417804608
"Y71H2B.8",0,0.896315097900887,1.60993132708797,1.03923170134582,0,0
"pfk-1.1",144.107840512785,129.965689195629,110.280295905526,103.923170134582,109.678148909019,118.978220030184
"fard-1",65.9316917378753,51.9862756782514,72.4469097189585,46.7654265605618,89.2296804683542,54.2011891248614
"Y71H10B.1",50.8615907692181,46.6083850908461,69.2270470647825,61.3146703794032,54.8390744545093,35.6934660090551
"Y72A10A.1",2.82564393162323,2.68894529370266,2.41489699063195,6.2353902080749,13.0126617349683,9.25386155790317
"Y73B3A.1",4.70940655270538,6.27420568530621,8.04965663543983,0,3.71790335284809,5.28792089023038
"Y73B6A.3",10.3606944159518,6.27420568530621,9.6595879625278,15.5884755201873,7.43580670569618,18.5077231158063
"tyr-6",12.244457037034,2.68894529370266,4.8297939812639,12.4707804161498,13.0126617349683,9.25386155790317
"exos-2",4.70940655270538,12.5484113706124,0,5.19615850672908,5.57685502927214,0
"ipla-6",32.9658458689377,21.5115623496213,17.7092445979676,38.4515729497952,34.3906060138448,14.5417824481336
"sqd-1",198.736956524167,167.610923307466,184.337136951572,218.238657282622,160.79932001068,247.21030161827
"shl-1",5.65128786324646,12.5484113706124,6.43972530835186,12.4707804161498,4.64737919106011,10.5758417804608
"sfrp-1",10.3606944159518,5.37789058740532,4.02482831771991,0,5.57685502927214,0
"acp-6",90.4206058119433,121.898853314521,102.230639270086,133.021657772265,110.607624747231,89.8946551339165
"acp-7",0,2.68894529370266,1.60993132708797,0,1.85895167642405,3.96594066767279
"lgc-10",0,1.79263019580177,0.804965663543983,0,0,0
"Y73B6BL.27",7.53505048432861,10.7557811748106,7.24469097189585,6.2353902080749,9.29475838212023,9.25386155790317
"blos-2",4.70940655270538,4.48157548950443,3.21986265417593,8.31385361076654,2.78842751463607,5.28792089023038
"Y73B6BL.31",9.41881310541076,6.27420568530621,2.41489699063195,4.15692680538327,0.929475838212023,1.3219802225576
"hrpf-2",17.8957449002804,9.85946607690976,10.4645536260718,14.5492438188414,15.8010892496044,13.219802225576
"nlp-71",3.7675252421643,17.0299868601169,11.2695192896158,4.15692680538327,12.0831858967563,15.8637626706912
"Y73C8B.1",1.88376262108215,5.37789058740532,4.8297939812639,10.3923170134582,3.71790335284809,2.64396044511519
"Y73C8B.2",8.47693179486968,0.896315097900887,8.85462229898381,2.07846340269163,2.78842751463607,5.28792089023038
"Y73C8B.3",6.59316917378753,7.1705207832071,11.2695192896158,5.19615850672908,12.0831858967563,1.3219802225576
"Y73E7A.1",7.53505048432861,7.1705207832071,5.63475964480788,6.2353902080749,11.1537100585443,14.5417824481336
"Y73E7A.2",27.3145580056912,16.133671762216,23.3440042427755,7.27462190942072,19.5189926024525,6.60990111278798
"Y73E7A.3",4.70940655270538,13.4447264685133,26.5638668969514,7.27462190942072,14.8716134113924,7.93188133534558
"cpx-1",6.59316917378753,2.68894529370266,3.21986265417593,7.27462190942072,7.43580670569618,2.64396044511519
"Y73E7A.8",0,0,0,5.19615850672908,3.71790335284809,9.25386155790317
"nlp-40",18.8376262108215,17.0299868601169,17.7092445979676,17.6669389228789,24.1663717935126,19.8297033383639
"homt-1",5.65128786324646,8.96315097900887,8.85462229898381,7.27462190942072,3.71790335284809,3.96594066767279
"rcor-1",7.53505048432861,2.68894529370266,8.04965663543983,2.07846340269163,7.43580670569618,2.64396044511519
"sesn-1",15.0701009686572,12.5484113706124,13.6844162802477,7.27462190942072,17.6600409260284,10.5758417804608
"Y74C10AL.2",0,0.896315097900887,0.804965663543983,3.11769510403745,5.57685502927214,1.3219802225576
"abtm-1",17.8957449002804,21.5115623496213,24.1489699063195,17.6669389228789,18.5895167642405,14.5417824481336
"lgc-27",0.941881310541076,0,0,9.35308531211235,2.78842751463607,1.3219802225576
"glb-33",20.7213888319037,12.5484113706124,24.1489699063195,24.9415608322996,13.0126617349683,17.1857428932487
"rga-4",16.9538635897394,26.8894529370266,33.0035922053033,33.2554144430661,16.7305650878164,34.3714857864975
"Y75B7AR.1",0,0,0,2.07846340269163,1.85895167642405,1.3219802225576
"xpc-1",16.9538635897394,13.4447264685133,15.2943476073357,11.431548714804,10.2242342203322,10.5758417804608
"Y76B12C.3",5.65128786324646,19.7189321538195,5.63475964480788,7.27462190942072,11.1537100585443,7.93188133534558
"Y76B12C.6",8.47693179486968,3.58526039160355,13.6844162802477,2.07846340269163,5.57685502927214,7.93188133534558
"cpsf-1",43.3265402848895,49.2973303845488,40.2482831771991,31.1769510403745,42.755888557753,44.9473275669583
"Y76B12C.8",0,0.896315097900887,11.2695192896158,1.03923170134582,5.57685502927214,3.96594066767279
"hxk-3",21.6632701424447,28.6820831328284,10.4645536260718,31.1769510403745,28.8137509845727,22.4736637834791
"Y77E11A.2",7.53505048432861,20.6152472517204,20.1241415885996,13.5100121174956,4.64737919106011,21.1516835609215
"Y77E11A.7",21.6632701424447,7.1705207832071,5.63475964480788,20.7846340269163,3.71790335284809,3.96594066767279
"Y77E11A.12",4.70940655270538,7.1705207832071,5.63475964480788,2.07846340269163,5.57685502927214,10.5758417804608
"fbxa-79",3.7675252421643,4.48157548950443,2.41489699063195,3.11769510403745,0,0
"fbxa-19",4.70940655270538,0.896315097900887,0.804965663543983,1.03923170134582,4.64737919106011,2.64396044511519
"Y82E9BR.3",284.448155783405,318.191859754815,345.330269660369,390.751119706027,327.175495050632,364.866541425896
"pals-17",0,3.58526039160355,2.41489699063195,1.03923170134582,1.85895167642405,0
"Y82E9BR.14",13.1863383475751,13.4447264685133,20.1241415885996,10.3923170134582,14.8716134113924,11.8978220030184
"Y82E9BR.16",26.3726766951501,36.7489190139364,30.5886952146714,30.1377193390287,39.967461043117,22.4736637834791
"Y82E9BR.18",9.41881310541076,16.133671762216,16.0993132708797,15.5884755201873,11.1537100585443,10.5758417804608
"Y82E9BR.19",3.7675252421643,5.37789058740532,0.804965663543983,9.35308531211235,2.78842751463607,5.28792089023038
"kbp-4",0,0,0.804965663543983,0,0,0
"Y92H12A.2",21.6632701424447,12.5484113706124,26.5638668969514,28.0592559363371,24.1663717935126,35.6934660090551
"Y92H12A.4",27.3145580056912,24.2005076433239,31.3936608782153,29.0984876376829,30.6727026609968,19.8297033383639
"Y92H12A.5",40.5008963532663,41.2304945034408,45.078077158463,66.5108288861323,41.826412719541,37.0154462316127
"Y92H12BL.1",32.9658458689377,62.7420568530621,32.1986265417593,43.6477314565243,17.6600409260284,17.1857428932487
"Y92H12BL.4",4.70940655270538,8.96315097900887,6.43972530835186,3.11769510403745,2.78842751463607,3.96594066767279
"Y92H12BL.5",3.7675252421643,1.79263019580177,5.63475964480788,7.27462190942072,3.71790335284809,10.5758417804608
"Y92H12BR.2",10.3606944159518,2.68894529370266,6.43972530835186,3.11769510403745,7.43580670569618,9.25386155790317
"Y92H12BR.3",41.4427776638073,58.2604813635577,49.102905476183,54.0400484699825,33.4611301756328,52.8792089023038
"set-29",9.41881310541076,5.37789058740532,11.2695192896158,10.3923170134582,6.50633086748416,2.64396044511519
"Y92H12BR.7",0.941881310541076,5.37789058740532,1.60993132708797,13.5100121174956,0.929475838212023,3.96594066767279
"mrpl-15",36.733371111102,20.6152472517204,24.9539355698635,23.9023291309538,41.826412719541,27.7615846737095
"nhr-277",5.65128786324646,4.48157548950443,2.41489699063195,3.11769510403745,7.43580670569618,3.96594066767279
"Y94H6A.3",0.941881310541076,2.68894529370266,1.60993132708797,6.2353902080749,3.71790335284809,1.3219802225576
"Y94H6A.5",119.618926438717,106.661496650206,97.4008452888219,58.1969752753658,75.2875428951738,74.0308924632254
"Y94H6A.7",0,3.58526039160355,4.02482831771991,1.03923170134582,0,0
"Y94H6A.8",10.3606944159518,16.133671762216,11.2695192896158,8.31385361076654,21.3779442788765,7.93188133534558
"ubxn-2",12.244457037034,7.1705207832071,4.02482831771991,7.27462190942072,21.3779442788765,9.25386155790317
"Y94H6A.10",96.0718936751898,61.8457417551612,62.7873217564307,102.883938433236,127.338189835047,84.6067342436861
"Y95B8A.6",6.59316917378753,8.96315097900887,5.63475964480788,3.11769510403745,5.57685502927214,1.3219802225576
"Y95B8A.8",42.3846589743484,32.2673435244319,23.3440042427755,38.4515729497952,21.3779442788765,43.6253473444007
"pde-6",97.9556562962719,138.032525076737,121.549815195141,82.0993044063195,101.31286636511,149.383765149008
"prhg-1",11.3025757264929,1.79263019580177,14.4893819437917,8.31385361076654,9.29475838212023,3.96594066767279
"abhd-12",1.88376262108215,11.6520962727115,4.8297939812639,6.2353902080749,5.57685502927214,17.1857428932487
"natb-1",15.0701009686572,6.27420568530621,9.6595879625278,11.431548714804,9.29475838212023,7.93188133534558
"Y97E10AR.1",11.3025757264929,4.48157548950443,8.85462229898381,15.5884755201873,16.7305650878164,21.1516835609215
"Y97E10AR.2",4.70940655270538,1.79263019580177,11.2695192896158,5.19615850672908,4.64737919106011,2.64396044511519
"rpb-9",2.82564393162323,2.68894529370266,4.8297939812639,7.27462190942072,1.85895167642405,1.3219802225576
"Y97E10AR.6",29.1983206267734,19.7189321538195,21.7340729156875,33.2554144430661,29.7432268227847,27.7615846737095
"lmtr-2",0,2.68894529370266,2.41489699063195,2.07846340269163,3.71790335284809,2.64396044511519
"Y97E10C.1",2.82564393162323,2.68894529370266,5.63475964480788,3.11769510403745,4.64737919106011,7.93188133534558
"Y102A11A.2",5.65128786324646,15.2373566643151,7.24469097189585,12.4707804161498,13.0126617349683,15.8637626706912
"Y102A11A.3",58.3966412535467,69.9125776362692,92.571051307558,86.2562312117028,98.5244388504744,93.8605958015893
"igcm-4",1.88376262108215,0.896315097900887,3.21986265417593,0,4.64737919106011,1.3219802225576
"wdr-4",21.6632701424447,8.96315097900887,10.4645536260718,11.431548714804,15.8010892496044,9.25386155790317
"nhr-41",5.65128786324646,11.6520962727115,5.63475964480788,17.6669389228789,13.0126617349683,23.7956440060367
"plst-1",62.164166495711,37.6452341118373,37.8333861865672,69.6285239901697,46.4737919106011,63.4550506827646
"Y104H12D.2",3.7675252421643,0,1.60993132708797,6.2353902080749,0,5.28792089023038
"spl-3",47.0940655270538,49.2973303845488,41.0532488407431,40.5300363524869,40.896936881329,48.913268234631
"Y108G3AL.2",8.47693179486968,6.27420568530621,8.04965663543983,13.5100121174956,9.29475838212023,5.28792089023038
"cfap-36",6.59316917378753,7.1705207832071,11.2695192896158,2.07846340269163,0,2.64396044511519
"Y110A2AL.4",0.941881310541076,4.48157548950443,4.02482831771991,3.11769510403745,0,6.60990111278798
"hpo-20",6.59316917378753,4.48157548950443,2.41489699063195,15.5884755201873,6.50633086748416,2.64396044511519
"pinn-1",13.1863383475751,8.06683588110798,7.24469097189585,7.27462190942072,2.78842751463607,5.28792089023038
"ubc-26",5.65128786324646,3.58526039160355,10.4645536260718,7.27462190942072,2.78842751463607,6.60990111278798
"ncap-1",6.59316917378753,5.37789058740532,4.02482831771991,8.31385361076654,4.64737919106011,6.60990111278798
"tyms-1",9.41881310541076,6.27420568530621,8.04965663543983,10.3923170134582,10.2242342203322,6.60990111278798
"pfkb-1.1",43.3265402848895,37.6452341118373,41.8582145042871,50.922353365945,52.9801227780853,35.6934660090551
"Y110A7A.7",5.65128786324646,11.6520962727115,3.21986265417593,5.19615850672908,0,7.93188133534558
"prp-31",18.8376262108215,11.6520962727115,14.4893819437917,17.6669389228789,10.2242342203322,5.28792089023038
"Y110A7A.9",7.53505048432861,14.3410415664142,4.02482831771991,9.35308531211235,13.9421375731803,7.93188133534558
"use-1",1.88376262108215,4.48157548950443,0.804965663543983,4.15692680538327,0.929475838212023,0
"elpc-1",28.2564393162323,14.3410415664142,24.1489699063195,10.3923170134582,16.7305650878164,11.8978220030184
"Y119C1A.1",3.7675252421643,1.79263019580177,4.02482831771991,4.15692680538327,6.50633086748416,2.64396044511519
"Y119C1B.3",0,0.896315097900887,2.41489699063195,0,0,1.3219802225576
"mrpl-19",22.6051514529858,9.85946607690976,13.6844162802477,11.431548714804,13.9421375731803,17.1857428932487
"rnf-145",1.88376262108215,16.133671762216,7.24469097189585,22.863097429608,13.9421375731803,9.25386155790317
"Y119C1B.6",0.941881310541076,0,0,0,0.929475838212023,0
"bet-1",57.4547599430056,17.0299868601169,27.3688325604954,31.1769510403745,49.2622194252372,42.3033671218431
"zig-9",14.1282196581161,22.4078774475222,17.7092445979676,15.5884755201873,13.9421375731803,6.60990111278798
"Y119C1B.10",4.70940655270538,0.896315097900887,8.04965663543983,5.19615850672908,10.2242342203322,2.64396044511519
"orc-3",3.7675252421643,1.79263019580177,1.60993132708797,3.11769510403745,2.78842751463607,3.96594066767279
"Y119D3B.12",23.5470327635269,18.8226170559186,24.1489699063195,14.5492438188414,34.3906060138448,19.8297033383639
"Y119D3B.13",0.941881310541076,0,3.21986265417593,6.2353902080749,2.78842751463607,1.3219802225576
"Y119D3B.14",0.941881310541076,3.58526039160355,3.21986265417593,4.15692680538327,10.2242342203322,5.28792089023038
"dss-1",8.47693179486968,4.48157548950443,2.41489699063195,9.35308531211235,4.64737919106011,3.96594066767279
"mrpl-45",37.675252421643,17.0299868601169,33.0035922053033,34.294646144412,18.5895167642405,23.7956440060367
"fbxa-92",2.82564393162323,0.896315097900887,1.60993132708797,3.11769510403745,0,3.96594066767279
"Y119D3B.21",19.7795075213626,31.371028426531,24.9539355698635,7.27462190942072,16.7305650878164,22.4736637834791
"set-30",11.3025757264929,8.96315097900887,8.04965663543983,18.7061706242247,11.1537100585443,19.8297033383639
"lfi-1",471.882536581079,330.740271125427,433.876492650207,357.495705262961,382.944045343353,407.16990854774
"ZC8.6",8.47693179486968,20.6152472517204,14.4893819437917,10.3923170134582,8.3652825439082,25.1176242285943
"ZC13.1",6.59316917378753,12.5484113706124,10.4645536260718,8.31385361076654,12.0831858967563,13.219802225576
"ZC21.3",35.7914898005609,67.2236323425665,49.102905476183,30.1377193390287,22.3074201170885,34.3714857864975
"ttr-48",4.70940655270538,5.37789058740532,4.8297939812639,4.15692680538327,0,5.28792089023038
"mtx-2",24.488914074068,15.2373566643151,8.85462229898381,16.6277072215331,6.50633086748416,15.8637626706912
"ZC123.1",4.70940655270538,0,0.804965663543983,10.3923170134582,8.3652825439082,6.60990111278798
"zfh-2",79.1180300854504,83.3573041047825,58.7624934387108,85.216999510357,56.6980261309334,104.43643758205
"ZC123.4",15.0701009686572,8.06683588110798,10.4645536260718,13.5100121174956,15.8010892496044,14.5417824481336
"morc-1",13.1863383475751,20.6152472517204,28.9787638875834,17.6669389228789,22.3074201170885,15.8637626706912
"syx-16",0,1.79263019580177,1.60993132708797,4.15692680538327,0,1.3219802225576
"ZC190.4",28.2564393162323,25.9931378391257,26.5638668969514,23.9023291309538,26.9547993081487,46.2693077895159
"ZC196.5",7.53505048432861,1.79263019580177,3.21986265417593,6.2353902080749,9.29475838212023,7.93188133534558
"duxl-1",5.65128786324646,2.68894529370266,5.63475964480788,7.27462190942072,4.64737919106011,1.3219802225576
"ZC204.12",7.53505048432861,17.9263019580177,6.43972530835186,19.7454023255705,15.8010892496044,13.219802225576
"ZC239.6",12.244457037034,8.06683588110798,0.804965663543983,14.5492438188414,6.50633086748416,21.1516835609215
"ZC250.2",0.941881310541076,0,0,0,0,2.64396044511519
"ZC262.2",8.47693179486968,6.27420568530621,6.43972530835186,8.31385361076654,7.43580670569618,7.93188133534558
"iglr-2",32.9658458689377,26.8894529370266,28.1737982240394,30.1377193390287,28.8137509845727,35.6934660090551
"mrps-18A",15.0701009686572,16.133671762216,18.5142102615116,25.9807925336454,22.3074201170885,15.8637626706912
"cuti-1",0,0,0,3.11769510403745,8.3652825439082,9.25386155790317
"klu-2",16.0119822791983,16.133671762216,8.85462229898381,14.5492438188414,15.8010892496044,3.96594066767279
"ZC328.3",11.3025757264929,9.85946607690976,10.4645536260718,6.2353902080749,13.9421375731803,9.25386155790317
"ZC395.5",0.941881310541076,0,0,0,0,0
"ztf-8",22.6051514529858,22.4078774475222,34.6135235323913,23.9023291309538,19.5189926024525,22.4736637834791
"daf-41",84.7693179486968,81.5646739089807,78.8866350273103,126.78626756419,129.197141511471,85.9287144662437
"gck-2",20.7213888319037,23.3041925454231,22.5390385792315,22.863097429608,19.5189926024525,30.4055451188247
"madf-9",9.41881310541076,11.6520962727115,8.85462229898381,3.11769510403745,4.64737919106011,5.28792089023038
"ltah-1.2",14.1282196581161,17.9263019580177,26.5638668969514,19.7454023255705,23.2368959553006,23.7956440060367
"sek-3",12.244457037034,18.8226170559186,5.63475964480788,9.35308531211235,13.9421375731803,5.28792089023038
"ZC449.4",8.47693179486968,5.37789058740532,12.0744849531597,9.35308531211235,4.64737919106011,3.96594066767279
"ZC449.5",44.2684215954306,30.4747133286302,51.5178024668149,51.9615850672908,36.2495576902689,34.3714857864975
"ZC477.3",9.41881310541076,12.5484113706124,9.6595879625278,14.5492438188414,16.7305650878164,2.64396044511519
"rde-8",20.7213888319037,19.7189321538195,22.5390385792315,9.35308531211235,12.0831858967563,10.5758417804608
"ZC487.1",4.70940655270538,8.06683588110798,6.43972530835186,6.2353902080749,2.78842751463607,2.64396044511519
"algn-12",1.88376262108215,6.27420568530621,1.60993132708797,12.4707804161498,5.57685502927214,3.96594066767279
"nekl-2",3.7675252421643,15.2373566643151,8.85462229898381,8.31385361076654,10.2242342203322,19.8297033383639
"ZC581.3",21.6632701424447,9.85946607690976,9.6595879625278,5.19615850672908,6.50633086748416,6.60990111278798
"ZC581.9",10.3606944159518,14.3410415664142,4.8297939812639,5.19615850672908,8.3652825439082,3.96594066767279
"ZK6.6",0.941881310541076,3.58526039160355,1.60993132708797,0,3.71790335284809,0
"lipl-5",82.8855553276147,175.677759188574,144.893819437917,97.6877799265068,123.620286482199,72.7089122406678
"dod-19",59.3385225640878,74.3941531257736,66.0071844106066,37.4123412484494,51.1211711016613,52.8792089023038
"ZK6.11",25.4307953846091,16.133671762216,41.0532488407431,43.6477314565243,59.4864536455695,43.6253473444007
"acl-9",15.0701009686572,21.5115623496213,15.2943476073357,9.35308531211235,13.0126617349683,15.8637626706912
"slc-17.1",9.41881310541076,10.7557811748106,8.04965663543983,17.6669389228789,3.71790335284809,3.96594066767279
"ZK84.1",12.244457037034,4.48157548950443,12.8794506167037,0,9.29475838212023,3.96594066767279
"ZK105.6",2.82564393162323,0,0.804965663543983,4.15692680538327,6.50633086748416,6.60990111278798
"glrx-21",3.7675252421643,11.6520962727115,2.41489699063195,7.27462190942072,0.929475838212023,0
"ZK121.2",43.3265402848895,46.6083850908461,52.3227681303589,33.2554144430661,46.4737919106011,30.4055451188247
"ZK154.1",32.9658458689377,51.0899605803506,44.2731114949191,31.1769510403745,29.7432268227847,39.6594066767279
"ZK154.4",19.7795075213626,10.7557811748106,4.02482831771991,7.27462190942072,15.8010892496044,5.28792089023038
"ZK154.5",12.244457037034,15.2373566643151,16.0993132708797,18.7061706242247,20.4484684406645,21.1516835609215
"ZK154.6",3.7675252421643,0,4.02482831771991,0,3.71790335284809,2.64396044511519
"npp-24",22.6051514529858,18.8226170559186,19.3191759250556,7.27462190942072,4.64737919106011,6.60990111278798
"ZK177.8",15.0701009686572,19.7189321538195,12.8794506167037,17.6669389228789,16.7305650878164,19.8297033383639
"gbb-2",8.47693179486968,15.2373566643151,16.9042789344236,23.9023291309538,20.4484684406645,10.5758417804608
"rfth-1",5.65128786324646,8.96315097900887,16.0993132708797,14.5492438188414,12.0831858967563,17.1857428932487
"sar-1",24.488914074068,24.2005076433239,29.7837295511274,39.490804651141,44.6148402341771,23.7956440060367
"ZK180.5",0,0.896315097900887,0.804965663543983,43.6477314565243,49.2622194252372,17.1857428932487
"ZK180.6",0,0,0,18.7061706242247,12.0831858967563,9.25386155790317
"ZK185.3",14.1282196581161,18.8226170559186,13.6844162802477,6.2353902080749,14.8716134113924,2.64396044511519
"gcna-1",0.941881310541076,2.68894529370266,1.60993132708797,2.07846340269163,1.85895167642405,10.5758417804608
"ZK328.6",6.59316917378753,15.2373566643151,6.43972530835186,9.35308531211235,8.3652825439082,9.25386155790317
"ift-139",5.65128786324646,2.68894529370266,0,1.03923170134582,0,1.3219802225576
"cyy-1",0.941881310541076,2.68894529370266,5.63475964480788,7.27462190942072,0.929475838212023,11.8978220030184
"cutc-1",1.88376262108215,1.79263019580177,3.21986265417593,6.2353902080749,9.29475838212023,3.96594066767279
"ubxn-4",12.244457037034,4.48157548950443,15.2943476073357,7.27462190942072,2.78842751463607,1.3219802225576
"ZK353.9",4.70940655270538,1.79263019580177,6.43972530835186,5.19615850672908,0.929475838212023,1.3219802225576
"ZK355.2",16.0119822791983,10.7557811748106,15.2943476073357,12.4707804161498,12.0831858967563,29.0835648962671
"hipr-1",48.0359468375949,28.6820831328284,40.2482831771991,38.4515729497952,46.4737919106011,37.0154462316127
"ZK370.4",105.490706780601,71.705207832071,59.5674591022547,104.962401835928,93.8770596594143,52.8792089023038
"pdhk-2",13.1863383475751,3.58526039160355,20.1241415885996,7.27462190942072,9.29475838212023,3.96594066767279
"ugtp-1",0.941881310541076,8.06683588110798,2.41489699063195,4.15692680538327,0.929475838212023,0
"tomm-70",60.2804038746289,56.4678511677559,53.9326994574469,44.6869631578701,39.037985204905,43.6253473444007
"prkl-1",2.82564393162323,5.37789058740532,4.8297939812639,4.15692680538327,2.78842751463607,1.3219802225576
"ZK418.5",29.1983206267734,39.437864307639,38.6383518501112,21.8238657282622,23.2368959553006,60.8110902376494
"ZK418.6",0,0,2.41489699063195,0,0.929475838212023,0
"fubl-2",53.6872347008413,52.8825907761523,51.5178024668149,56.1185118726741,55.7685502927214,40.9813868992855
"toe-1",203.446363076872,154.166196838953,177.092445979676,115.354718849386,118.043431452927,161.281587152027
"ZK430.7",26.3726766951501,34.9562888181346,17.7092445979676,14.5492438188414,12.0831858967563,52.8792089023038
"mlt-7",35.7914898005609,45.7120699929452,33.0035922053033,20.7846340269163,34.3906060138448,39.6594066767279
"ZK470.2",26.3726766951501,17.0299868601169,27.3688325604954,29.0984876376829,27.8842751463607,19.8297033383639
"oaz-1",78.1761487749093,92.3204550837914,82.9114633450302,83.1385361076654,108.748673070807,68.742971572995
"ZK484.3",27.3145580056912,18.8226170559186,17.7092445979676,19.7454023255705,23.2368959553006,25.1176242285943
"ZK484.4",36.733371111102,35.8526039160355,26.5638668969514,37.4123412484494,29.7432268227847,48.913268234631
"ZK546.2",7.53505048432861,5.37789058740532,12.8794506167037,5.19615850672908,11.1537100585443,14.5417824481336
"ZK546.5",7.53505048432861,4.48157548950443,3.21986265417593,6.2353902080749,11.1537100585443,5.28792089023038
"ZK546.14",42.3846589743484,22.4078774475222,37.0284205230232,30.1377193390287,26.9547993081487,25.1176242285943
"cblc-1",18.8376262108215,24.2005076433239,13.6844162802477,15.5884755201873,13.9421375731803,22.4736637834791
"acp-1",3.7675252421643,6.27420568530621,0,0,4.64737919106011,1.3219802225576
"ZK616.3",0,1.79263019580177,4.02482831771991,1.03923170134582,1.85895167642405,3.96594066767279
"swsn-6",16.0119822791983,11.6520962727115,8.04965663543983,13.5100121174956,13.0126617349683,7.93188133534558
"perm-3",4.70940655270538,13.4447264685133,7.24469097189585,8.31385361076654,9.29475838212023,6.60990111278798
"pmt-1",317.414001652343,404.2381091533,364.649445585424,408.418058628906,396.886182916534,465.337038340274
"ZK622.4",11.3025757264929,6.27420568530621,3.21986265417593,3.11769510403745,4.64737919106011,6.60990111278798
"tomm-7",1.88376262108215,3.58526039160355,5.63475964480788,7.27462190942072,4.64737919106011,1.3219802225576
"ZK652.6",7.53505048432861,16.133671762216,8.04965663543983,17.6669389228789,16.7305650878164,17.1857428932487
"ZK652.8",1.88376262108215,2.68894529370266,2.41489699063195,3.11769510403745,11.1537100585443,3.96594066767279
"tag-307",8.47693179486968,7.1705207832071,4.02482831771991,3.11769510403745,6.50633086748416,17.1857428932487
"slc-17.7",7.53505048432861,7.1705207832071,16.0993132708797,2.07846340269163,1.85895167642405,6.60990111278798
"lron-2",0,0,0,1.03923170134582,3.71790335284809,5.28792089023038
"ZK686.1",4.70940655270538,14.3410415664142,10.4645536260718,4.15692680538327,5.57685502927214,19.8297033383639
"ZK686.2",46.1521842165127,42.1268096013417,32.1986265417593,24.9415608322996,28.8137509845727,26.4396044511519
"ZK686.3",96.0718936751898,134.447264685133,97.4008452888219,90.4131580170861,89.2296804683542,99.1485166918197
"snu-23",16.0119822791983,8.96315097900887,12.8794506167037,8.31385361076654,5.57685502927214,13.219802225576
"best-24",15.0701009686572,15.2373566643151,16.9042789344236,27.0200242349912,32.5316543374208,23.7956440060367
"fahd-1",3.7675252421643,8.96315097900887,4.8297939812639,7.27462190942072,2.78842751463607,3.96594066767279
"ZK688.5",37.675252421643,58.2604813635577,53.1277337939029,38.4515729497952,58.5569778073574,76.6748529083406
"pcp-5",12.244457037034,46.6083850908461,11.2695192896158,9.35308531211235,24.1663717935126,11.8978220030184
"ZK688.7",1.88376262108215,0,0,1.03923170134582,0,0
"ZK688.9",18.8376262108215,12.5484113706124,8.04965663543983,7.27462190942072,7.43580670569618,11.8978220030184
"nhr-256",8.47693179486968,3.58526039160355,4.02482831771991,1.03923170134582,3.71790335284809,0
"uvs-1",0.941881310541076,0,3.21986265417593,7.27462190942072,1.85895167642405,2.64396044511519
"ZK742.3",9.41881310541076,4.48157548950443,11.2695192896158,4.15692680538327,2.78842751463607,1.3219802225576
"ZK742.4",19.7795075213626,16.133671762216,12.0744849531597,8.31385361076654,4.64737919106011,3.96594066767279
"fbn-1",1.88376262108215,4.48157548950443,5.63475964480788,56.1185118726741,60.4159294837815,48.913268234631
"upp-1",30.1402019373144,30.4747133286302,29.7837295511274,45.726194859216,53.9095986162973,31.7275253413823
"ZK813.4",0,0,0,0,1.85895167642405,0
"ZK973.1",0.941881310541076,5.37789058740532,6.43972530835186,5.19615850672908,10.2242342203322,7.93188133534558
"cec-10",16.9538635897394,17.9263019580177,34.6135235323913,14.5492438188414,20.4484684406645,21.1516835609215
"pdp-1",14.1282196581161,24.2005076433239,13.6844162802477,18.7061706242247,18.5895167642405,25.1176242285943
"ZK973.9",2.82564393162323,10.7557811748106,3.21986265417593,6.2353902080749,0.929475838212023,5.28792089023038
"ZK973.11",19.7795075213626,26.8894529370266,7.24469097189585,16.6277072215331,9.29475838212023,13.219802225576
"ZK1055.6",9.41881310541076,2.68894529370266,3.21986265417593,2.07846340269163,3.71790335284809,1.3219802225576
"ZK1055.7",23.5470327635269,14.3410415664142,27.3688325604954,10.3923170134582,4.64737919106011,5.28792089023038
"ZK1127.3",10.3606944159518,4.48157548950443,8.04965663543983,2.07846340269163,11.1537100585443,6.60990111278798
"ZK1127.4",19.7795075213626,15.2373566643151,10.4645536260718,8.31385361076654,13.9421375731803,15.8637626706912
"ZK1127.5",10.3606944159518,12.5484113706124,10.4645536260718,6.2353902080749,11.1537100585443,14.5417824481336
"tcer-1",54.6291160113824,46.6083850908461,49.9078711397269,48.8438899632534,38.1085093666929,39.6594066767279
"cth-2",162.945466723606,259.931378391257,178.702377306764,44.6869631578701,110.607624747231,99.1485166918197
"ZK1193.2",23.5470327635269,9.85946607690976,25.7589012334075,12.4707804161498,20.4484684406645,7.93188133534558
"dve-1",10.3606944159518,4.48157548950443,5.63475964480788,15.5884755201873,5.57685502927214,19.8297033383639
"ZK1236.1",4.70940655270538,12.5484113706124,9.6595879625278,19.7454023255705,5.57685502927214,18.5077231158063
"ZK1236.5",1.88376262108215,0.896315097900887,1.60993132708797,2.07846340269163,1.85895167642405,1.3219802225576
"ufbp-1",23.5470327635269,15.2373566643151,13.6844162802477,11.431548714804,22.3074201170885,9.25386155790317
"ZK1240.2",0.941881310541076,9.85946607690976,8.04965663543983,2.07846340269163,1.85895167642405,0
"tbc-2",12.244457037034,25.0968227412248,18.5142102615116,7.27462190942072,12.0831858967563,3.96594066767279
"ZK1248.11",1.88376262108215,0,0,0,0.929475838212023,1.3219802225576
"ZK1248.13",4.70940655270538,2.68894529370266,8.85462229898381,13.5100121174956,7.43580670569618,9.25386155790317
"ZK1248.19",0,0,0.804965663543983,0,0,1.3219802225576
"ZK1290.5",16.9538635897394,8.96315097900887,10.4645536260718,13.5100121174956,12.0831858967563,19.8297033383639
"ZK1290.13",1.88376262108215,0.896315097900887,0,2.07846340269163,2.78842751463607,1.3219802225576
"rpl-41.1",0,0,0,0,0,0
"rpl-41.2",9.41881310541076,3.58526039160355,6.43972530835186,14.5492438188414,19.5189926024525,9.25386155790317
"plr-1",7.53505048432861,6.27420568530621,8.04965663543983,4.15692680538327,8.3652825439082,17.1857428932487
"sor-1",51.8034720797592,54.6752209719541,42.6631801678311,54.0400484699825,52.0506469398733,37.0154462316127
"cex-1",4.70940655270538,7.1705207832071,5.63475964480788,7.27462190942072,7.43580670569618,1.3219802225576
"cex-2",3.7675252421643,5.37789058740532,1.60993132708797,9.35308531211235,3.71790335284809,6.60990111278798
"mbd-2",2.82564393162323,1.79263019580177,1.60993132708797,5.19615850672908,0.929475838212023,7.93188133534558
"F16C3.3",1.88376262108215,2.68894529370266,5.63475964480788,4.15692680538327,5.57685502927214,10.5758417804608
"R06F6.12",2.82564393162323,10.7557811748106,13.6844162802477,0,8.3652825439082,5.28792089023038
"F53F4.16",6.59316917378753,2.68894529370266,1.60993132708797,4.15692680538327,1.85895167642405,0
"rde-11",10.3606944159518,4.48157548950443,4.02482831771991,4.15692680538327,3.71790335284809,9.25386155790317
"mrpl-21",16.9538635897394,16.133671762216,7.24469097189585,19.7454023255705,9.29475838212023,6.60990111278798
"K12B6.9",3.7675252421643,4.48157548950443,0.804965663543983,4.15692680538327,8.3652825439082,5.28792089023038
"ttr-49",4.70940655270538,2.68894529370266,3.21986265417593,4.15692680538327,4.64737919106011,2.64396044511519
"mrps-24",1.88376262108215,3.58526039160355,1.60993132708797,11.431548714804,0,9.25386155790317
"F42A10.9",4.70940655270538,0,6.43972530835186,3.11769510403745,2.78842751463607,2.64396044511519
"tsp-21",2.82564393162323,5.37789058740532,3.21986265417593,3.11769510403745,8.3652825439082,7.93188133534558
"lin-15B",32.0239645583966,47.504700188747,45.078077158463,36.3731095471036,43.6853643959651,50.2352484571886
"lin-15A",11.3025757264929,0,6.43972530835186,10.3923170134582,8.3652825439082,7.93188133534558
"C11H1.9",5.65128786324646,7.1705207832071,4.02482831771991,2.07846340269163,4.64737919106011,7.93188133534558
"F26F2.8",1.88376262108215,1.79263019580177,0.804965663543983,3.11769510403745,2.78842751463607,0
"oig-4",3.7675252421643,3.58526039160355,0,1.03923170134582,1.85895167642405,3.96594066767279
"M142.8",3.7675252421643,2.68894529370266,1.60993132708797,1.03923170134582,2.78842751463607,0
"R144.12",14.1282196581161,7.1705207832071,4.02482831771991,15.5884755201873,2.78842751463607,11.8978220030184
"clec-80",6.59316917378753,18.8226170559186,3.21986265417593,8.31385361076654,5.57685502927214,13.219802225576
"nbet-1",5.65128786324646,0,0,4.15692680538327,3.71790335284809,5.28792089023038
"C02D5.4",25.4307953846091,38.5415492097381,11.2695192896158,31.1769510403745,23.2368959553006,17.1857428932487
"C27F2.9",2.82564393162323,0,6.43972530835186,1.03923170134582,1.85895167642405,6.60990111278798
"C39D10.11",18.8376262108215,17.0299868601169,15.2943476073357,4.15692680538327,9.29475838212023,15.8637626706912
"C44C10.11",2.82564393162323,0,0,0,0,0
"C07A9.12",1.88376262108215,0.896315097900887,0.804965663543983,0,1.85895167642405,0
"ZK1320.13",0,0,1.60993132708797,0,0.929475838212023,0
"gip-2",8.47693179486968,8.06683588110798,11.2695192896158,7.27462190942072,9.29475838212023,6.60990111278798
"ZK822.6",0,0,2.41489699063195,1.03923170134582,0,0
"C55A6.12",3.7675252421643,7.1705207832071,4.8297939812639,2.07846340269163,8.3652825439082,2.64396044511519
"T01G1.4",9.41881310541076,3.58526039160355,8.85462229898381,2.07846340269163,5.57685502927214,5.28792089023038
"cisd-1",49.919709458677,44.8157548950443,48.297939812639,60.2754386780574,43.6853643959651,46.2693077895159
"C05D12.7",10.3606944159518,15.2373566643151,8.04965663543983,16.6277072215331,12.0831858967563,19.8297033383639
"sfxn-5",0.941881310541076,2.68894529370266,4.8297939812639,8.31385361076654,6.50633086748416,5.28792089023038
"tbc-12",7.53505048432861,11.6520962727115,18.5142102615116,10.3923170134582,8.3652825439082,5.28792089023038
"bpnt-1",29.1983206267734,20.6152472517204,18.5142102615116,19.7454023255705,19.5189926024525,11.8978220030184
"tag-229",0,0,0,4.15692680538327,0,1.3219802225576
"syd-9",21.6632701424447,32.2673435244319,12.8794506167037,27.0200242349912,14.8716134113924,11.8978220030184
"hat-1",16.9538635897394,10.7557811748106,20.1241415885996,15.5884755201873,8.3652825439082,9.25386155790317
"set-18",27.3145580056912,13.4447264685133,6.43972530835186,22.863097429608,13.9421375731803,23.7956440060367
"dhhc-14",14.1282196581161,13.4447264685133,11.2695192896158,8.31385361076654,9.29475838212023,3.96594066767279
"ham-3",8.47693179486968,3.58526039160355,8.04965663543983,3.11769510403745,11.1537100585443,11.8978220030184
"tag-244",0,2.68894529370266,4.02482831771991,3.11769510403745,5.57685502927214,3.96594066767279
"tag-232",31.0820832478555,28.6820831328284,16.9042789344236,30.1377193390287,34.3906060138448,23.7956440060367
"tag-243",15.0701009686572,4.48157548950443,8.04965663543983,5.19615850672908,7.43580670569618,1.3219802225576
"tag-241",32.9658458689377,2.68894529370266,36.2234548594792,32.2161827417203,33.4611301756328,27.7615846737095
"D1086.12",0,0,0,0,0.929475838212023,0
"tin-9.2",2.82564393162323,0.896315097900887,1.60993132708797,4.15692680538327,0,2.64396044511519
"fitm-2",16.0119822791983,10.7557811748106,17.7092445979676,17.6669389228789,25.0958476317246,23.7956440060367
"F58G6.9",5.65128786324646,1.79263019580177,7.24469097189585,8.31385361076654,4.64737919106011,1.3219802225576
"K02E11.10",0,0,0,15.5884755201873,9.29475838212023,6.60990111278798
"C23H4.8",2.82564393162323,8.06683588110798,3.21986265417593,3.11769510403745,4.64737919106011,0
"D1025.10",13.1863383475751,2.68894529370266,7.24469097189585,2.07846340269163,11.1537100585443,5.28792089023038
"K09E9.4",1.88376262108215,5.37789058740532,2.41489699063195,0,2.78842751463607,9.25386155790317
"C30G7.2",1.88376262108215,20.6152472517204,10.4645536260718,5.19615850672908,4.64737919106011,7.93188133534558
"F43D2.6",3.7675252421643,6.27420568530621,0.804965663543983,6.2353902080749,2.78842751463607,2.64396044511519
"suds-3",0.941881310541076,0.896315097900887,0.804965663543983,2.07846340269163,0,0
"Y51A2D.21",0,5.37789058740532,2.41489699063195,7.27462190942072,2.78842751463607,2.64396044511519
"F41G3.18",0,0,0.804965663543983,0,0,0
"C17E4.11",25.4307953846091,57.3641662656568,24.9539355698635,9.35308531211235,15.8010892496044,19.8297033383639
"Y87G2A.19",42.3846589743484,43.9194397971435,33.8085578688473,34.294646144412,49.2622194252372,42.3033671218431
"W02A2.9",0.941881310541076,0,0.804965663543983,0,0,0
"C25F9.10",0,0,0,1.03923170134582,0,0
"C01B10.11",64.9898104273342,46.6083850908461,48.297939812639,58.1969752753658,65.0633086748416,43.6253473444007
"F10C1.9",9.41881310541076,10.7557811748106,8.04965663543983,11.431548714804,10.2242342203322,6.60990111278798
"rad-8",4.70940655270538,8.96315097900887,12.0744849531597,17.6669389228789,0.929475838212023,3.96594066767279
"H20J04.9",3.7675252421643,9.85946607690976,5.63475964480788,7.27462190942072,0,2.64396044511519
"F41G3.21",4.70940655270538,3.58526039160355,4.02482831771991,2.07846340269163,8.3652825439082,2.64396044511519
"tag-267",8.47693179486968,2.68894529370266,8.85462229898381,11.431548714804,11.1537100585443,13.219802225576
"tag-266",0.941881310541076,0.896315097900887,0.804965663543983,1.03923170134582,0,0
"mrps-30",30.1402019373144,28.6820831328284,23.3440042427755,35.3338778457578,52.9801227780853,33.0495055639399
"tag-280",0.941881310541076,3.58526039160355,1.60993132708797,3.11769510403745,1.85895167642405,1.3219802225576
"tag-281",5.65128786324646,8.06683588110798,4.8297939812639,2.07846340269163,6.50633086748416,3.96594066767279
"ufm-1",8.47693179486968,0,8.85462229898381,8.31385361076654,3.71790335284809,10.5758417804608
"tag-321",0,1.79263019580177,3.21986265417593,0,2.78842751463607,0
"tag-322",6.59316917378753,2.68894529370266,10.4645536260718,6.2353902080749,1.85895167642405,1.3219802225576
"cpsf-4",4.70940655270538,5.37789058740532,2.41489699063195,7.27462190942072,3.71790335284809,3.96594066767279
"alr-1",0.941881310541076,2.68894529370266,0.804965663543983,2.07846340269163,0,0
"mrpl-39",23.5470327635269,11.6520962727115,20.9291072521436,15.5884755201873,13.9421375731803,22.4736637834791
"Y48G1C.12",5.65128786324646,0.896315097900887,3.21986265417593,7.27462190942072,8.3652825439082,2.64396044511519
"Y73B6BL.44",4.70940655270538,6.27420568530621,2.41489699063195,0,2.78842751463607,3.96594066767279
"C27D6.12",0.941881310541076,2.68894529370266,4.02482831771991,4.15692680538327,3.71790335284809,7.93188133534558
"ZK1290.14",6.59316917378753,0,1.60993132708797,0,9.29475838212023,3.96594066767279
"Y55B1BR.6",3.7675252421643,3.58526039160355,3.21986265417593,2.07846340269163,6.50633086748416,0
"fbxa-219",1.88376262108215,1.79263019580177,1.60993132708797,1.03923170134582,0,0
"C08G5.7",2.82564393162323,11.6520962727115,3.21986265417593,1.03923170134582,8.3652825439082,2.64396044511519
"W10C8.6",0,0,0,0,0,0
"Y51F10.11",9.41881310541076,1.79263019580177,2.41489699063195,7.27462190942072,0.929475838212023,1.3219802225576
"adpr-1",8.47693179486968,23.3041925454231,6.43972530835186,5.19615850672908,8.3652825439082,18.5077231158063
"Y102E9.5",0.941881310541076,0,2.41489699063195,4.15692680538327,2.78842751463607,3.96594066767279
"F23F12.13",2.82564393162323,0.896315097900887,4.02482831771991,2.07846340269163,0.929475838212023,0
"Y48A5A.3",3.7675252421643,0,3.21986265417593,0,0,0
"R05C11.4",4.70940655270538,0,5.63475964480788,1.03923170134582,0,0
"Y69A2AL.2",0,0,2.41489699063195,0,3.71790335284809,0
"clec-173",2.82564393162323,4.48157548950443,8.04965663543983,6.2353902080749,5.57685502927214,2.64396044511519
"ZK185.5",9.41881310541076,1.79263019580177,8.85462229898381,6.2353902080749,5.57685502927214,2.64396044511519
"F29B9.12",12.244457037034,9.85946607690976,3.21986265417593,1.03923170134582,6.50633086748416,2.64396044511519
"H06H21.11",7.53505048432861,3.58526039160355,8.85462229898381,6.2353902080749,0,7.93188133534558
"Y54G2A.41",1.88376262108215,0,4.8297939812639,2.07846340269163,7.43580670569618,0
"Y54G2A.45",20.7213888319037,12.5484113706124,21.7340729156875,18.7061706242247,16.7305650878164,18.5077231158063
"T19E7.6",4.70940655270538,0.896315097900887,3.21986265417593,8.31385361076654,3.71790335284809,1.3219802225576
"nsy-7",4.70940655270538,0,0,5.19615850672908,0,1.3219802225576
"nlp-70",9.41881310541076,8.06683588110798,3.21986265417593,15.5884755201873,12.0831858967563,13.219802225576
"R09E12.9",0.941881310541076,0.896315097900887,0.804965663543983,0,0,0
"T23B12.11",5.65128786324646,6.27420568530621,3.21986265417593,6.2353902080749,12.0831858967563,2.64396044511519
"ntc-1",1.88376262108215,0.896315097900887,0,5.19615850672908,0,0
"T10F2.5",2.82564393162323,2.68894529370266,4.02482831771991,0,2.78842751463607,0
"ttr-36",7.53505048432861,2.68894529370266,4.02482831771991,4.15692680538327,3.71790335284809,5.28792089023038
"K02A11.4",0,0,0,2.07846340269163,0.929475838212023,0
"glrx-22",7.53505048432861,6.27420568530621,0.804965663543983,0,4.64737919106011,0
"tbcc-1",1.88376262108215,0,0,1.03923170134582,6.50633086748416,0
"bus-8",0.941881310541076,0,0.804965663543983,3.11769510403745,1.85895167642405,2.64396044511519
"B0393.9",0,0.896315097900887,1.60993132708797,2.07846340269163,0.929475838212023,1.3219802225576
"rft-1",9.41881310541076,0,1.60993132708797,2.07846340269163,0,1.3219802225576
"F23A7.8",4.70940655270538,5.37789058740532,4.8297939812639,5.19615850672908,0,0
"B0432.14",4.70940655270538,0.896315097900887,0,3.11769510403745,0.929475838212023,1.3219802225576
"B0205.13",7.53505048432861,6.27420568530621,7.24469097189585,1.03923170134582,8.3652825439082,2.64396044511519
"Y71G10AR.4",32.9658458689377,52.8825907761523,47.492974149095,50.922353365945,41.826412719541,29.0835648962671
"egrh-3",14.1282196581161,21.5115623496213,12.8794506167037,12.4707804161498,7.43580670569618,21.1516835609215
"F33G12.7",0.941881310541076,0,0.804965663543983,1.03923170134582,0,0
"ZK353.10",2.82564393162323,1.79263019580177,4.8297939812639,1.03923170134582,0,0
"flp-28",7.53505048432861,7.1705207832071,7.24469097189585,2.07846340269163,2.78842751463607,1.3219802225576
"arid-1",51.8034720797592,69.9125776362692,61.1773904293427,41.5692680538327,41.826412719541,29.0835648962671
"F52E1.14",10.3606944159518,6.27420568530621,9.6595879625278,13.5100121174956,10.2242342203322,13.219802225576
"K09F5.6",18.8376262108215,21.5115623496213,16.9042789344236,21.8238657282622,22.3074201170885,11.8978220030184
"AH9.6",2.82564393162323,4.48157548950443,12.0744849531597,0,1.85895167642405,2.64396044511519
"metl-2",6.59316917378753,7.1705207832071,2.41489699063195,3.11769510403745,3.71790335284809,6.60990111278798
"R02E4.3",0,0,0,0,1.85895167642405,0
"T03G11.10",11.3025757264929,4.48157548950443,8.04965663543983,16.6277072215331,17.6600409260284,6.60990111278798
"ttr-45",6.59316917378753,6.27420568530621,13.6844162802477,12.4707804161498,4.64737919106011,6.60990111278798
"crb-3",6.59316917378753,1.79263019580177,3.21986265417593,2.07846340269163,5.57685502927214,0
"Y62E10A.20",0,0,0,2.07846340269163,2.78842751463607,1.3219802225576
"C53H9.3",0.941881310541076,2.68894529370266,3.21986265417593,0,2.78842751463607,2.64396044511519
"pals-19",6.59316917378753,2.68894529370266,4.02482831771991,1.03923170134582,1.85895167642405,5.28792089023038
"ZK688.11",4.70940655270538,5.37789058740532,4.8297939812639,2.07846340269163,4.64737919106011,1.3219802225576
"C53C11.5",1.88376262108215,8.96315097900887,0.804965663543983,2.07846340269163,1.85895167642405,5.28792089023038
"F16B3.3",2.82564393162323,1.79263019580177,2.41489699063195,10.3923170134582,3.71790335284809,11.8978220030184
"T10H9.8",1.88376262108215,0.896315097900887,0,2.07846340269163,0,2.64396044511519
"F13H10.8",3.7675252421643,1.79263019580177,0.804965663543983,1.03923170134582,0,1.3219802225576
"T07A9.14",5.65128786324646,13.4447264685133,22.5390385792315,7.27462190942072,3.71790335284809,6.60990111278798
"F59C6.14",1.88376262108215,0,0.804965663543983,0,2.78842751463607,2.64396044511519
"F13E9.13",0,0,2.41489699063195,0,0,0
"F12E12.11",2.82564393162323,1.79263019580177,4.8297939812639,0,0,0
"T07C4.12",3.7675252421643,6.27420568530621,4.8297939812639,4.15692680538327,1.85895167642405,2.64396044511519
"Y41G9A.10",0,2.68894529370266,0,0,3.71790335284809,0
"F40F8.11",14.1282196581161,15.2373566643151,12.0744849531597,12.4707804161498,6.50633086748416,10.5758417804608
"F53C11.9",0,0.896315097900887,0.804965663543983,2.07846340269163,1.85895167642405,0
"M106.7",4.70940655270538,6.27420568530621,4.02482831771991,7.27462190942072,7.43580670569618,6.60990111278798
"Y49A10A.2",3.7675252421643,3.58526039160355,8.04965663543983,7.27462190942072,7.43580670569618,0
"W01A8.8",1.88376262108215,2.68894529370266,4.02482831771991,2.07846340269163,0,1.3219802225576
"Y37A1B.17",44.2684215954306,60.0531115593594,45.078077158463,33.2554144430661,29.7432268227847,59.4891100150918
"K12C11.6",0,0.896315097900887,1.60993132708797,0,0,0
"Y37A1A.4",6.59316917378753,7.1705207832071,3.21986265417593,8.31385361076654,5.57685502927214,6.60990111278798
"aho-3",9.41881310541076,10.7557811748106,12.0744849531597,5.19615850672908,7.43580670569618,5.28792089023038
"F13E9.15",0.941881310541076,1.79263019580177,0,3.11769510403745,6.50633086748416,1.3219802225576
"Y110A7A.21",0.941881310541076,0.896315097900887,1.60993132708797,1.03923170134582,0.929475838212023,0
"C29E4.15",0,0,0,0,5.57685502927214,1.3219802225576
"T07A9.15",2.82564393162323,0,0,0,0,0
"F18E3.12",0,2.68894529370266,0,2.07846340269163,6.50633086748416,0
"F18E3.13",3.7675252421643,1.79263019580177,4.02482831771991,12.4707804161498,5.57685502927214,17.1857428932487
"C45B11.6",1.88376262108215,0.896315097900887,1.60993132708797,0,0,0
"sup-46",8.47693179486968,9.85946607690976,7.24469097189585,21.8238657282622,13.9421375731803,9.25386155790317
"nlp-76",19.7795075213626,29.5783982307293,20.1241415885996,19.7454023255705,39.037985204905,17.1857428932487
"K09H9.8",4.70940655270538,7.1705207832071,7.24469097189585,1.03923170134582,2.78842751463607,1.3219802225576
"C38C3.10",1.88376262108215,0,0.804965663543983,0,0,2.64396044511519
"Y54G2A.52",7.53505048432861,1.79263019580177,0,2.07846340269163,5.57685502927214,0
"C25F9.11",7.53505048432861,7.1705207832071,11.2695192896158,3.11769510403745,1.85895167642405,2.64396044511519
"C25F9.12",1.88376262108215,0,0,2.07846340269163,1.85895167642405,0
"F15B9.10",4.70940655270538,10.7557811748106,8.04965663543983,10.3923170134582,13.9421375731803,2.64396044511519
"lsy-12",47.0940655270538,30.4747133286302,41.8582145042871,40.5300363524869,29.7432268227847,34.3714857864975
"F49D11.10",61.2222851851699,50.1936454824497,42.6631801678311,38.4515729497952,37.1790335284809,18.5077231158063
"F26G1.11",0,0.896315097900887,0,4.15692680538327,0,0
"C25F9.14",0,3.58526039160355,1.60993132708797,2.07846340269163,1.85895167642405,0
"oxy-5",24.488914074068,40.3341794055399,20.9291072521436,19.7454023255705,25.0958476317246,37.0154462316127
"F10A3.17",0.941881310541076,0,4.02482831771991,4.15692680538327,2.78842751463607,1.3219802225576
"Y69H2.15",8.47693179486968,7.1705207832071,2.41489699063195,6.2353902080749,4.64737919106011,1.3219802225576
"T10C6.15",2.82564393162323,2.68894529370266,2.41489699063195,0,0.929475838212023,0
"Y70C5A.3",2.82564393162323,11.6520962727115,4.8297939812639,7.27462190942072,4.64737919106011,2.64396044511519
"R02D5.8",0,0.896315097900887,6.43972530835186,1.03923170134582,0.929475838212023,0
"C33F10.14",6.59316917378753,5.37789058740532,4.8297939812639,7.27462190942072,12.0831858967563,6.60990111278798
"C14A11.9",12.244457037034,9.85946607690976,6.43972530835186,11.431548714804,13.9421375731803,0
"M03A1.8",6.59316917378753,2.68894529370266,2.41489699063195,0,2.78842751463607,2.64396044511519
"maf-1",1.88376262108215,9.85946607690976,2.41489699063195,7.27462190942072,4.64737919106011,14.5417824481336
"C41G7.8",0,0,0,3.11769510403745,1.85895167642405,0
"C25A1.16",54.6291160113824,23.3041925454231,49.102905476183,45.726194859216,39.037985204905,19.8297033383639
"trpp-1",0,0.896315097900887,1.60993132708797,1.03923170134582,0,2.64396044511519
"M106.8",6.59316917378753,7.1705207832071,1.60993132708797,8.31385361076654,5.57685502927214,1.3219802225576
"mtp-18",4.70940655270538,11.6520962727115,16.9042789344236,11.431548714804,12.0831858967563,15.8637626706912
"T04C12.11",3.7675252421643,1.79263019580177,1.60993132708797,3.11769510403745,2.78842751463607,2.64396044511519
"poml-3",0.941881310541076,2.68894529370266,0.804965663543983,3.11769510403745,3.71790335284809,2.64396044511519
"E02H4.7",0,0.896315097900887,0,2.07846340269163,0.929475838212023,0
"zip-9",85.7111992592379,89.6315097900887,93.376016971102,113.276255446694,89.2296804683542,129.554061810644
"F59C6.16",0,0.896315097900887,0,0,0,0
"M04D5.3",0,0.896315097900887,0.804965663543983,3.11769510403745,3.71790335284809,0
"C41G7.9",21.6632701424447,28.6820831328284,20.1241415885996,19.7454023255705,19.5189926024525,11.8978220030184
"cil-1",5.65128786324646,0,6.43972530835186,5.19615850672908,8.3652825439082,2.64396044511519
"C08H9.16",0,0.896315097900887,0,2.07846340269163,0,0
"F38A6.5",0.941881310541076,0.896315097900887,1.60993132708797,0,1.85895167642405,0
"T04A8.18",4.70940655270538,3.58526039160355,3.21986265417593,2.07846340269163,8.3652825439082,0
"F52C12.6",1.88376262108215,0.896315097900887,0.804965663543983,2.07846340269163,1.85895167642405,0
"F58H1.8",5.65128786324646,1.79263019580177,16.0993132708797,6.2353902080749,1.85895167642405,5.28792089023038
"Y53C12A.10",9.41881310541076,10.7557811748106,4.8297939812639,4.15692680538327,2.78842751463607,7.93188133534558
"F56A8.9",2.82564393162323,2.68894529370266,0.804965663543983,2.07846340269163,2.78842751463607,0
"F17C8.9",3.7675252421643,6.27420568530621,1.60993132708797,10.3923170134582,3.71790335284809,11.8978220030184
"Y54G11A.17",14.1282196581161,14.3410415664142,16.9042789344236,11.431548714804,13.0126617349683,0
"F40G9.17",8.47693179486968,6.27420568530621,10.4645536260718,1.03923170134582,9.29475838212023,1.3219802225576
"W10D9.6",5.65128786324646,5.37789058740532,0.804965663543983,0,2.78842751463607,0
"F45H11.8",0.941881310541076,0,0,5.19615850672908,3.71790335284809,2.64396044511519
"F47G3.4",4.70940655270538,0.896315097900887,7.24469097189585,1.03923170134582,0.929475838212023,0
"C25H3.17",0,0,0,0,0.929475838212023,0
"C33D9.13",0.941881310541076,3.58526039160355,3.21986265417593,0,0,1.3219802225576
"R09E10.13",0,0.896315097900887,2.41489699063195,3.11769510403745,0,0
"T02C12.5",0,0.896315097900887,1.60993132708797,0,0,1.3219802225576
"C53A5.16",1.88376262108215,0,1.60993132708797,1.03923170134582,4.64737919106011,0
"C53A5.17",1.88376262108215,1.79263019580177,5.63475964480788,5.19615850672908,2.78842751463607,0
"F19B10.13",0.941881310541076,1.79263019580177,4.02482831771991,0,0,1.3219802225576
"ZC513.14",0.941881310541076,0,0.804965663543983,0,0.929475838212023,0
"T27F7.4",4.70940655270538,9.85946607690976,3.21986265417593,1.03923170134582,5.57685502927214,7.93188133534558
"coa-1",3.7675252421643,1.79263019580177,1.60993132708797,4.15692680538327,3.71790335284809,6.60990111278798
"Y59E9AL.36",10.3606944159518,11.6520962727115,4.02482831771991,3.11769510403745,13.9421375731803,9.25386155790317
"Y43F8B.24",3.7675252421643,0,0,1.03923170134582,0,0
"C07B5.8",0,0,1.60993132708797,0,0.929475838212023,0
"ZK1127.13",1.88376262108215,0,0,0,0,0
"emc-5",5.65128786324646,16.133671762216,14.4893819437917,11.431548714804,21.3779442788765,6.60990111278798
"F27E5.9",0,0,0.804965663543983,0,2.78842751463607,0
"best-19",7.53505048432861,4.48157548950443,3.21986265417593,3.11769510403745,4.64737919106011,2.64396044511519
"F14D2.19",4.70940655270538,0,4.8297939812639,5.19615850672908,3.71790335284809,6.60990111278798
"R74.10",1.88376262108215,5.37789058740532,0,4.15692680538327,0.929475838212023,0
"Y39G10AR.32",1.88376262108215,0,4.8297939812639,3.11769510403745,0.929475838212023,1.3219802225576
"C17E4.20",11.3025757264929,6.27420568530621,5.63475964480788,5.19615850672908,2.78842751463607,6.60990111278798
"C02B8.12",3.7675252421643,0,2.41489699063195,0,0,0
"Y54G2A.75",2.82564393162323,2.68894529370266,9.6595879625278,8.31385361076654,4.64737919106011,11.8978220030184
"C01G5.25",0,0.896315097900887,0,0,0,0
"F54H5.14",0.941881310541076,3.58526039160355,3.21986265417593,3.11769510403745,0,0
"R06F6.14",0,3.58526039160355,4.02482831771991,2.07846340269163,2.78842751463607,1.3219802225576
"sqst-5",0,0.896315097900887,4.02482831771991,3.11769510403745,2.78842751463607,2.64396044511519
"Y62E10A.23",1.88376262108215,3.58526039160355,11.2695192896158,12.4707804161498,1.85895167642405,9.25386155790317
"Y65B4BM.3",26.3726766951501,36.7489190139364,42.6631801678311,62.353902080749,61.3454053219935,48.913268234631
"F49E8.8",0.941881310541076,0.896315097900887,5.63475964480788,6.2353902080749,2.78842751463607,7.93188133534558
"C42C1.19",1.88376262108215,2.68894529370266,6.43972530835186,5.19615850672908,1.85895167642405,2.64396044511519
"F53E2.2",91.3624871224844,139.825155272538,117.524986877422,92.4916214197777,100.383390526898,165.247527819699
"Y37E11AM.4",0.941881310541076,7.1705207832071,1.60993132708797,3.11769510403745,3.71790335284809,10.5758417804608
"C24G6.13",1.88376262108215,0.896315097900887,4.8297939812639,4.15692680538327,0.929475838212023,0
"H06H21.37",3.7675252421643,0.896315097900887,1.60993132708797,1.03923170134582,4.64737919106011,0
"F53G2.12",0,2.68894529370266,2.41489699063195,1.03923170134582,0.929475838212023,7.93188133534558
"C37C3.18",26.3726766951501,26.8894529370266,18.5142102615116,31.1769510403745,29.7432268227847,23.7956440060367
"Y48E1B.17",7.53505048432861,2.68894529370266,4.8297939812639,9.35308531211235,4.64737919106011,11.8978220030184
"mrpl-42",2.82564393162323,2.68894529370266,4.8297939812639,2.07846340269163,5.57685502927214,9.25386155790317
"F17C11.26",7.53505048432861,12.5484113706124,17.7092445979676,12.4707804161498,10.2242342203322,25.1176242285943
"F20C5.11",17.8957449002804,32.2673435244319,20.1241415885996,22.863097429608,20.4484684406645,15.8637626706912
"F02A9.10",81.9436740170736,66.3273172446656,75.6667723731344,63.3931337820948,50.1916952634492,52.8792089023038
"K07F5.22",7.53505048432861,10.7557811748106,14.4893819437917,8.31385361076654,7.43580670569618,17.1857428932487
"T20D3.14",6.59316917378753,15.2373566643151,12.8794506167037,8.31385361076654,12.0831858967563,11.8978220030184
"C25A1.20",5.65128786324646,9.85946607690976,4.02482831771991,6.2353902080749,4.64737919106011,0
"C07G2.5",0,0,0,0,0,0
"R07E5.19",11.3025757264929,17.9263019580177,11.2695192896158,7.27462190942072,17.6600409260284,14.5417824481336
