gene_symbol,Aux_rep1_ribo,Aux_rep2_ribo,Aux_rep3_ribo,noAux_rep1_ribo,noAux_rep2_ribo,noAux_rep3_ribo
aap-1,59,54,54,58,52,37
aat-1,59,59,58,52,39,56
aat-2,61,72,79,58,60,64
aat-3,136,129,137,149,138,146
aat-5,188,148,151,215,181,185
aat-6,65,39,52,55,60,52
aat-9,80,59,72,57,65,65
abf-5,62,67,58,86,49,65
abf-6,151,129,130,178,143,144
abl-1,51,54,37,52,58,56
abt-2,63,80,91,82,91,85
abt-4,272,256,275,201,198,252
abu-8,1,0,0,12,9,7
ace-1,52,57,43,47,61,48
ace-2,53,34,35,47,48,47
ace-3,102,88,99,70,70,75
ace-4,14,17,13,15,15,22
acn-1,73,69,73,168,164,161
aco-1,893,651,754,740,754,967
aco-2,2959,2609,2664,3143,2885,3141
acr-8,32,30,32,13,20,24
acr-12,24,18,21,19,14,17
acr-19,20,9,18,21,19,22
lgc-11,24,16,15,10,16,19
acr-23,26,29,21,13,21,20
act-1,0,0,0,0,0,0
act-2,572,365,409,729,689,745
act-3,0,0,0,0,0,0
act-4,4430,3730,4030,4083,3729,4308
act-5,6054,5556,5749,5409,4412,6128
acy-1,102,113,120,87,112,120
acy-2,16,18,16,16,21,15
acy-3,129,77,79,99,106,126
acy-4,104,62,60,91,80,81
add-1,51,38,48,38,52,48
add-2,39,31,40,54,49,50
adm-2,43,45,38,56,52,57
adm-4,42,28,22,35,34,33
adr-1,211,180,170,176,186,180
adr-2,71,83,73,84,52,88
ads-1,680,543,583,571,514,660
adt-1,2,1,3,26,19,8
adt-2,178,158,147,214,217,226
aex-1,44,33,29,29,27,31
aex-3,71,69,63,50,59,63
aex-5,96,87,79,90,68,95
aex-6,104,76,66,95,83,89
age-1,57,32,53,60,52,64
ags-3,96,69,77,88,80,84
agt-1,19,26,33,24,15,22
agt-2,29,31,19,19,22,24
aha-1,108,92,96,127,122,119
aip-1,516,472,438,414,307,498
air-1,63,54,65,84,102,112
air-2,29,32,32,24,34,26
ajm-1,468,387,362,474,450,496
aka-1,184,129,126,168,137,166
akt-1,177,146,151,236,171,151
akt-2,182,133,101,190,154,149
alg-1,208,174,168,212,221,233
alg-2,125,114,130,110,93,128
alh-1,1188,941,990,900,875,917
alh-3,249,195,195,301,316,313
alh-4,520,391,383,568,454,563
alh-5,278,271,247,227,222,213
alh-6,435,345,387,316,278,334
alh-7,163,144,119,148,164,170
alh-8,1489,1317,1671,1367,1309,1721
alh-9,416,402,416,766,624,762
alh-10,83,64,71,77,70,77
alh-11,108,71,73,81,102,87
alh-12,725,568,577,633,548,584
aly-1,217,150,163,74,73,77
aly-2,167,147,120,200,153,182
aly-3,215,209,196,251,241,262
ama-1,625,474,491,390,388,440
amt-1,31,20,26,7,7,8
amt-4,319,301,326,240,249,309
amx-1,32,23,28,31,40,37
amx-2,53,39,41,47,43,43
anc-1,991,560,691,690,1029,888
aos-1,94,86,87,111,83,102
apc-2,23,30,31,38,28,37
ape-1,122,116,114,91,97,97
aph-1,7,12,14,12,11,12
aph-2,104,83,81,73,75,72
apl-1,2069,1982,1960,2018,1880,2074
apm-1,94,54,46,78,70,92
apn-1,61,47,50,57,34,64
app-1,244,187,206,196,185,233
1-Apr,65,49,67,61,67,69
aps-2,50,49,57,72,47,63
apg-1,250,185,194,231,198,252
aps-1,80,52,71,90,72,103
apb-1,356,317,340,381,358,390
apa-2,245,184,191,268,219,252
apd-3,137,114,105,117,119,143
apb-3,104,87,90,73,79,88
apm-3,39,35,43,22,31,42
aps-3,58,50,53,56,58,78
apt-9,38,33,37,25,20,22
aqp-1,291,214,207,306,268,284
aqp-2,1151,1172,1239,1125,1183,1255
aqp-4,200,202,235,206,175,235
aqp-7,1073,963,1007,1068,928,1113
aqp-8,117,107,96,126,104,113
aqp-9,69,43,35,35,34,39
aqp-10,98,78,97,113,89,117
aqp-11,224,232,222,204,199,227
arc-1,33,40,50,44,50,47
ard-1,300,230,281,237,223,309
arf-1.2,421,407,410,487,420,513
arf-3,335,293,271,414,366,416
arf-6,66,46,51,63,63,63
ark-1,143,121,119,122,107,122
arl-1,56,41,37,62,63,58
arl-3,22,16,18,18,31,19
arl-5,18,18,13,16,17,19
arl-8,130,94,110,123,115,122
arr-1,56,52,44,45,52,47
aars-1,58,33,40,31,32,41
aars-2,413,317,343,345,338,335
art-1,644,589,557,573,487,667
arx-1,171,154,162,136,126,163
arx-2,161,114,124,128,158,146
arx-3,159,150,144,166,155,189
exos-4.2,68,46,52,47,35,39
arx-5,78,82,60,82,64,90
arx-6,51,33,42,44,40,57
arx-7,54,36,57,59,54,55
asb-1,87,61,74,58,49,79
asb-2,854,800,947,901,768,1016
trip-4,33,26,40,29,32,47
asg-1,186,163,206,187,157,212
asg-2,289,230,234,292,254,330
asm-1,80,70,65,101,88,68
asm-2,43,31,30,33,34,22
asm-3,24,11,14,24,11,6
asp-1,4234,3359,3755,3022,2870,4151
asp-2,1593,1283,1438,1387,1202,1574
asp-3,4471,3446,3822,4262,3657,4611
asp-4,399,331,345,501,479,531
asp-5,1673,1272,1380,1600,1269,1852
asp-6,1580,1249,1442,1211,1177,1728
atf-5,6,0,6,5,16,13
atf-6,61,44,50,65,55,67
atf-7,635,568,516,813,702,748
atgp-1,357,296,280,386,349,329
atgp-2,226,196,157,216,254,225
atl-1,154,120,126,48,75,62
atm-1,144,126,97,102,115,137
atn-1,703,524,626,674,557,677
atp-2,3084,2359,2718,2635,2481,3089
atp-3,685,524,588,634,539,730
atx-2,341,279,310,314,330,341
avr-14,107,67,70,55,75,92
avr-15,88,75,80,111,92,109
baf-1,257,212,266,139,127,176
bag-1,196,139,136,256,195,232
bam-2,192,139,133,157,142,147
bar-1,32,31,23,26,25,27
bas-1,165,106,141,139,108,137
pah-1,314,281,338,172,221,271
bca-1,317,258,200,364,293,365
bcc-1,27,16,11,11,17,22
bec-1,197,144,119,163,114,147
ben-1,207,175,191,181,178,192
bir-1,42,32,31,33,33,42
bli-3,129,124,103,142,153,143
bli-4,109,83,91,131,133,135
bmk-1,85,65,53,100,88,92
bpl-1,94,55,63,53,53,67
bra-1,30,27,33,49,28,30
F23H11.5,417,438,453,492,394,508
brc-1,16,13,11,19,16,19
brd-1,17,18,20,25,25,16
bre-1,180,147,171,134,148,165
bre-3,78,59,47,48,52,61
bre-4,16,18,16,13,8,23
bre-5,10,6,8,9,6,7
brf-1,48,48,71,35,42,48
brp-1,979,812,749,1170,1018,1053
btf-1,46,33,36,36,39,47
bub-1,104,88,85,98,94,110
byn-1,321,215,225,181,184,222
cab-1,783,718,736,825,770,739
cah-2,26,26,21,41,25,24
cah-3,318,259,283,262,247,279
cah-4,415,361,338,660,649,661
cah-5,160,143,148,148,125,129
cah-6,95,91,106,80,93,92
cal-1,79,59,50,98,85,86
cal-2,99,91,80,140,141,130
cal-3,31,24,23,30,19,28
cal-4,75,67,68,75,62,73
cam-1,145,133,128,138,134,124
cap-1,313,254,277,345,302,336
cap-2,236,175,219,230,223,224
cas-1,146,142,136,152,126,151
cat-1,64,77,64,53,41,54
cat-4,168,144,164,125,111,132
cav-1,29,39,41,55,36,49
cav-2,45,42,31,71,27,46
cbp-1,376,353,315,335,416,394
cca-1,110,84,92,75,95,84
ccb-1,81,52,71,77,63,83
ccf-1,123,91,105,117,105,99
ccg-1,885,861,779,902,766,837
cox-5B,540,452,458,587,454,556
cyp-14A5,202,161,200,44,53,81
cyp-44A1,41,49,30,60,34,44
ccr-4,121,93,99,110,113,114
cct-1,1012,782,775,1194,939,1211
cct-2,1319,860,874,1392,1111,1392
cct-4,1129,813,816,1321,1042,1357
cct-5,1045,783,847,1168,974,1109
cct-6,997,731,747,1215,1025,1229
cdc-6,51,37,34,27,42,47
cdc-14,137,108,97,161,142,172
cdc-25.1,10,11,8,9,12,11
cdc-25.2,9,11,7,14,19,14
cdc-42,220,215,194,219,196,261
cdd-1,211,215,207,238,183,216
cdd-2,17,16,14,24,22,25
cdf-1,125,111,111,106,118,117
cdh-3,13,8,11,20,13,21
cdh-4,257,186,211,205,266,262
cdh-7,1,0,0,43,53,26
cdh-10,7,1,0,41,39,32
casy-1,1725,1540,1650,1749,1715,1688
cdk-1,61,67,66,112,76,100
cdk-4,28,24,23,24,14,25
cdk-5,47,45,47,58,43,60
cdk-7,58,39,53,37,26,39
cdk-8,50,35,35,32,25,39
cdk-9,84,51,62,60,51,57
cdl-1,70,65,66,87,74,97
cdr-1,106,100,101,50,63,73
cdt-1,47,42,37,65,51,55
cec-1,253,215,253,251,211,291
ced-1,184,160,124,210,167,145
ced-2,30,20,16,18,31,21
ced-3,5,7,8,11,10,11
ced-4,50,37,38,41,43,45
ced-5,88,61,54,56,83,69
ced-6,48,32,33,43,41,57
ced-7,255,215,172,211,198,221
ced-9,29,24,19,37,34,28
ced-10,109,87,89,108,99,117
ced-11,45,34,35,49,46,58
ced-12,51,28,42,49,43,41
ceh-13,30,42,42,19,26,28
ceh-16,6,5,8,3,5,6
ceh-18,101,103,102,82,93,102
ceh-20,169,189,166,199,167,206
ceh-23,35,45,38,47,33,46
pros-1,72,78,57,92,76,80
ceh-27,18,13,15,14,13,10
ceh-32,62,51,48,58,48,60
ceh-34,24,12,11,14,17,17
ceh-37,40,34,40,36,27,52
ceh-38,174,154,141,196,222,185
ceh-39,4,2,0,2,6,3
ceh-43,12,20,14,21,24,19
ceh-44,101,90,76,127,124,140
cel-1,139,112,113,103,101,84
cey-1,200,173,161,204,169,236
cey-4,1084,1044,1092,1331,1058,1381
cfi-1,76,69,67,71,65,90
cft-1,164,117,116,144,112,130
cfz-2,64,48,52,58,42,53
cgh-1,311,255,271,331,272,343
cgp-1,201,146,148,143,112,139
cha-1,62,40,53,53,47,44
chd-3,333,257,241,311,294,309
che-3,77,38,54,46,47,38
che-11,25,17,23,17,27,23
che-12,37,27,25,18,29,25
chs-2,2,2,4,20,20,10
chk-1,36,28,26,24,26,34
chn-1,60,46,50,62,42,46
cho-1,95,86,83,105,82,93
chp-1,275,204,204,368,248,362
cic-1,51,36,32,41,30,30
cit-1.1,17,20,22,14,13,18
cit-1.2,89,92,104,126,96,100
cka-1,185,145,118,182,143,150
cka-2,76,71,68,80,78,80
ckb-1,33,25,25,32,22,22
ckb-2,18,13,16,49,33,48
ckb-4,27,19,26,30,24,42
ckc-1,88,68,75,62,68,70
cki-1,16,12,20,29,25,18
ckk-1,46,43,44,50,41,40
cku-70,92,69,73,67,78,72
cku-80,114,85,91,80,87,89
clc-1,75,70,70,98,84,107
clc-2,23,17,28,33,30,33
clc-5,45,43,50,54,54,54
cle-1,108,70,108,95,97,102
clh-1,134,114,129,152,142,157
clh-2,38,26,28,37,33,37
clh-3,22,19,28,26,29,36
clh-4,29,22,17,34,30,30
clh-5,154,157,139,157,167,148
clh-6,67,46,55,66,60,61
cpi-2,174,143,120,210,176,195
cpi-1,68,67,53,128,85,88
clk-1,62,57,60,90,63,96
clk-2,21,14,16,21,21,23
cln-3.1,44,24,31,38,48,32
cln-3.2,31,29,27,34,27,37
cln-3.3,75,70,74,63,61,66
clp-1,511,441,474,502,505,538
clp-2,57,48,64,40,41,40
clp-4,114,84,101,97,109,118
clp-7,102,84,94,76,88,76
clr-1,131,106,116,129,132,134
cls-2,256,204,183,225,228,277
clu-1,894,632,752,756,642,792
cmd-1,934,813,865,959,770,953
cmk-1,108,81,105,84,78,64
cnb-1,200,147,128,156,172,185
cnc-3,21,18,23,16,17,17
cnc-4,10,15,21,21,24,15
cnk-1,71,51,48,65,45,52
cnt-1,54,43,44,44,46,46
cnt-2,82,75,90,66,73,90
cnx-1,450,364,333,589,488,544
cof-2,44,42,29,44,31,44
cogc-2,44,32,37,44,50,49
coh-1,68,55,59,56,63,42
col-10,587,437,454,499,523,804
col-14,6,2,0,80,67,68
col-17,0,1,0,181,135,108
col-34,7,7,10,13,12,12
col-39,183,155,139,199,203,230
col-41,0,1,1,235,137,103
col-48,1,0,0,17,13,12
col-73,0,3,1,124,76,58
col-76,6,3,4,7,1,10
col-80,104,110,106,157,154,195
col-90,0,2,0,233,152,122
col-91,20,20,12,23,12,23
col-93,7,1,11,24,28,40
col-94,53,52,51,37,37,42
col-97,3,2,5,33,31,38
col-98,339,284,366,377,360,477
col-99,13,12,19,20,20,20
col-103,639,649,747,595,686,890
col-104,3,1,0,33,35,33
col-107,338,315,370,328,327,320
col-109,0,2,0,26,30,16
col-111,0,0,0,15,9,4
col-118,20,8,19,7,22,19
col-125,10,7,9,84,67,64
col-142,10,20,21,14,18,15
col-144,274,220,281,292,315,421
col-147,174,202,237,198,187,289
col-149,7,6,1,76,98,82
col-155,17,21,21,19,18,30
col-160,415,380,411,443,396,512
col-166,589,593,678,660,586,797
col-167,180,141,191,232,215,236
col-168,22,25,18,16,14,23
col-169,25,27,31,29,29,41
col-170,12,10,6,14,13,23
col-173,0,0,0,21,20,19
col-176,20,16,20,27,36,48
col-180,4,1,2,30,22,18
coq-1,152,149,129,151,129,151
coq-2,48,50,42,42,37,56
coq-3,60,38,35,39,41,44
coq-4,44,32,35,24,23,29
coq-5,148,118,119,128,124,131
coq-6,102,91,96,84,112,106
coq-8,262,261,230,218,208,229
cor-1,168,131,134,208,150,177
cpf-1,40,37,30,39,43,47
cpf-2,80,74,80,55,53,71
cpin-1,21,23,17,7,18,15
cpl-1,1298,1010,953,1966,1517,1666
cpn-1,58,58,54,64,66,69
cpn-3,731,582,592,672,584,632
cpn-4,104,89,117,138,119,157
cpr-1,694,628,727,663,672,799
cpr-3,79,94,120,61,56,97
cpr-4,939,813,758,1191,1163,1357
cpr-5,2568,2133,2392,2327,2023,2865
cpr-6,377,304,293,566,475,539
cps-6,20,7,16,8,12,21
cpz-1,89,92,91,345,243,204
cpz-2,823,611,651,796,621,888
crb-1,8,6,5,18,20,15
crh-1,183,144,140,168,161,167
crn-1,66,58,66,82,74,113
crn-2,55,54,56,49,42,44
crn-3,244,202,202,158,131,166
crn-5,60,47,35,25,34,31
crn-6,142,142,133,121,111,123
cars-1,203,189,203,177,162,237
crt-1,2835,2511,2759,3107,2518,3391
csb-1,21,14,26,6,8,14
csc-1,12,11,19,11,9,18
csk-1,74,42,74,76,58,73
csn-1,153,127,148,121,121,142
csn-2,216,164,154,133,127,147
csn-3,109,115,110,103,87,110
csn-4,128,85,112,142,108,136
csn-5,75,59,69,51,56,63
csn-6,100,77,95,76,79,124
csq-1,714,622,701,577,521,592
ctb-1,280,110,146,130,245,188
ctl-2,164,120,98,133,110,114
ctn-1,81,60,79,85,56,69
cts-1,3087,2471,2639,2960,2853,3272
cua-1,204,143,156,149,169,163
cuc-1,154,79,99,143,128,131
cul-1,116,119,148,99,119,121
cul-2,225,172,176,181,184,214
cul-3,144,111,135,144,124,152
cul-4,148,124,100,114,122,136
cul-5,76,60,67,75,69,72
cul-6,21,13,17,14,13,11
cup-2,143,120,100,159,106,148
cup-4,63,73,61,98,75,85
cup-5,101,56,65,63,67,81
cux-7,43,47,47,39,48,45
cwn-1,61,66,69,63,70,71
cwn-2,108,83,84,100,84,100
cya-1,39,46,36,55,45,52
cyb-1,24,31,18,28,27,30
cyb-3,89,61,77,94,77,101
cyc-1,548,435,514,574,504,578
cyd-1,11,19,26,26,13,24
cye-1,23,22,21,23,20,25
cyk-1,58,48,37,47,53,50
cyk-3,99,76,76,68,81,89
cyk-4,42,55,48,73,54,60
cyl-1,84,81,59,75,64,69
cyn-1,304,219,253,290,230,330
cyn-3,184,157,140,199,182,233
cyn-4,86,112,83,80,87,97
cyn-5,465,354,411,570,535,606
cyn-6,30,16,26,54,50,47
cyn-7,644,543,526,718,639,739
cyn-8,61,59,78,53,46,71
cyn-10,39,31,30,20,16,30
cyn-11,61,55,45,57,33,50
cyn-12,93,64,60,58,45,69
cyn-13,69,57,74,73,51,59
sig-7,47,37,53,44,44,40
cyn-15,122,130,112,118,86,114
cyn-16,81,51,68,69,72,87
dab-1,192,161,162,251,188,231
dad-1,177,162,144,178,131,210
daf-1,63,49,58,53,39,49
daf-2,302,242,239,226,276,251
daf-3,185,120,116,161,142,147
daf-4,135,125,153,165,142,150
daf-5,373,295,289,269,348,368
daf-7,152,145,142,204,162,185
daf-8,58,40,44,46,43,38
daf-12,100,75,69,75,81,102
daf-14,146,112,98,153,138,161
daf-15,271,182,174,255,247,246
daf-16,324,242,265,207,245,279
daf-18,35,41,38,46,55,33
daf-19,54,46,58,63,52,62
hsp-90,8591,5995,6033,12542,9360,11638
daf-25,59,58,49,69,59,68
daf-28,36,24,41,29,25,35
daf-31,160,124,144,155,132,147
dao-2,2,3,0,212,147,122
dao-3,24,24,26,32,28,36
dao-5,272,164,206,171,174,223
dap-3,241,234,267,250,215,271
dat-1,40,30,31,31,30,28
daz-1,15,16,19,24,19,16
dbl-1,21,15,23,28,19,19
dbr-1,54,54,46,31,38,31
dcp-66,272,203,235,237,238,232
dcr-1,165,135,164,167,184,189
dcs-1,91,65,68,59,61,74
ddp-1,144,96,86,128,75,125
deb-1,1139,914,968,1065,1032,1036
deg-3,32,23,30,19,29,19
del-2,19,12,8,8,14,9
des-2,48,38,43,30,32,40
dgk-1,67,51,70,68,71,77
dgk-2,92,69,53,72,81,79
dgk-3,20,16,14,16,12,20
dgn-1,231,194,166,198,173,186
dhc-1,1273,927,1055,1067,1157,1151
dhp-1,154,170,159,205,204,226
dhp-2,283,237,200,226,249,255
dhs-1,39,46,46,59,40,43
dhs-2,59,47,53,42,31,33
dhs-3,367,298,290,383,298,352
dhs-4,40,27,17,45,42,40
dhs-5,74,67,58,102,87,99
dhs-6,187,131,142,196,153,170
dhs-9,304,179,212,258,218,234
dhs-12,102,99,103,105,92,97
dhs-13,107,83,73,112,87,106
dhs-14,50,54,46,25,28,38
dhs-15,31,34,23,32,31,30
dhs-17,59,33,46,48,42,51
dhs-18,108,88,94,127,94,75
dhs-19,128,101,98,126,115,119
dhs-20,111,87,78,57,52,63
dhs-21,60,49,42,117,72,95
dhs-22,223,200,197,225,182,206
dhs-23,46,36,18,13,14,16
dhs-24,133,101,110,109,102,137
dhs-25,238,182,209,176,139,173
dhs-27,31,28,30,35,29,47
dhs-28,677,483,543,562,522,542
dhs-29,19,24,26,68,46,54
dhs-30,105,65,67,114,79,63
dic-1,41,33,31,24,30,36
die-1,61,48,68,41,54,43
dif-1,122,80,79,128,122,116
dig-1,3324,2648,2659,2694,3398,2797
dim-1,1429,1142,1206,1315,1373,1413
dis-3,379,322,274,181,186,225
div-1,58,40,36,67,54,60
dlc-1,393,328,351,468,343,480
dlg-1,485,397,366,521,487,533
dli-1,182,151,166,153,140,164
dlk-1,194,179,207,168,166,204
dna-2,17,5,15,14,13,18
dnc-1,213,154,163,170,183,188
dnc-2,116,96,81,98,76,119
dnj-1,101,86,77,101,92,86
dnj-2,74,103,78,79,77,90
dnj-5,128,102,82,105,125,116
dnj-7,142,121,128,174,124,175
dnj-8,104,85,86,103,100,111
dnj-9,218,167,159,195,164,156
dnj-10,309,249,231,213,207,219
dnj-11,227,219,290,145,141,213
dnj-12,736,481,473,878,679,887
dnj-13,2049,1772,1722,1844,1816,2252
dnj-14,83,51,48,74,50,85
dnj-15,63,61,70,57,50,59
dnj-16,112,88,81,135,104,138
dnj-17,104,89,92,104,72,104
dnj-18,43,34,37,31,24,24
dnj-19,642,470,447,757,652,749
dnj-20,246,170,171,204,183,200
dnj-21,66,40,49,60,34,63
dnj-22,17,11,11,15,17,14
dnj-23,108,75,77,95,75,120
dnj-24,137,92,122,181,140,202
dnj-25,61,70,62,74,62,72
dnj-27,50,28,43,59,56,49
dnj-28,7,9,6,18,14,20
dnj-29,439,327,351,392,380,394
dnj-30,72,82,68,72,61,85
dog-1,36,19,16,21,27,29
dom-3,20,13,17,20,25,21
cks-1,55,46,49,84,49,69
dop-1,28,18,22,22,22,20
dop-2,24,19,20,22,24,29
dpf-1,77,67,69,74,78,72
dpf-2,64,38,31,42,36,72
dpf-3,325,300,297,265,208,281
dpf-4,187,144,139,169,135,163
dpf-5,248,161,181,182,178,189
dpf-6,6,4,10,35,33,28
dpf-7,60,58,59,38,52,56
dpl-1,62,42,58,35,44,58
dpy-2,5,0,4,90,84,77
dpy-3,0,1,0,39,35,28
dpy-4,2,0,0,273,212,173
dpy-5,0,0,0,284,191,169
dpy-6,269,200,225,439,428,613
dpy-7,1,0,0,52,68,47
dpy-8,0,0,0,69,47,54
dpy-9,1,0,3,53,52,36
dpy-10,7,4,3,48,44,46
dpy-11,128,126,123,250,237,259
dpy-13,2,0,1,186,167,137
dpy-18,162,191,225,293,264,326
dpy-19,70,60,75,113,109,103
dpy-21,299,240,281,265,268,315
dpy-22,220,210,195,212,213,232
dpy-23,118,109,104,113,116,127
dpy-26,156,107,108,118,118,130
dpy-27,178,139,132,227,220,210
dpy-28,195,132,130,221,179,206
dpy-30,142,139,123,137,115,141
dre-1,157,167,181,157,154,182
drh-1,74,55,61,80,72,85
dro-1,38,34,26,29,22,32
drp-1,239,162,172,165,171,205
dars-1,722,509,573,564,472,593
dars-2,76,71,56,56,61,60
dsc-4,932,790,899,907,704,915
dsh-1,71,70,69,55,74,81
dsh-2,28,24,20,27,26,28
duo-3,67,48,51,59,61,65
dur-1,447,448,471,419,402,422
dyb-1,28,19,21,18,26,22
dyc-1,59,43,49,41,50,48
dyf-1,19,13,15,12,25,25
dyf-2,14,11,14,22,25,23
dyf-6,24,12,24,18,16,20
dyn-1,350,380,403,385,363,393
dys-1,429,343,373,334,438,444
alp-1,195,135,138,171,167,182
eat-3,223,175,155,201,202,212
eat-4,99,90,78,103,84,81
eat-5,11,20,11,9,22,22
eat-6,2697,2067,2323,2412,2333,2720
eat-16,111,72,65,129,115,121
eat-20,15,29,25,44,36,34
bcat-1,1030,901,862,888,843,864
ech-2,102,72,88,105,79,111
ech-3,16,10,19,23,14,15
ech-4,194,147,146,309,215,261
ech-5,236,171,177,216,183,227
ech-6,1145,913,1151,1125,959,1314
ech-7,314,264,290,163,145,181
ech-8,69,50,53,67,70,57
ech-9,36,41,38,41,48,53
eff-1,26,16,21,26,22,24
efk-1,236,152,144,242,232,234
efl-1,40,47,41,26,35,43
efl-2,33,19,25,25,27,21
efn-2,39,30,39,41,18,41
efn-4,21,9,12,17,14,16
eftu-2,415,365,378,282,299,394
eef-2,5707,4507,5156,5095,4723,5875
eef-1A.1,2672,2123,2782,2030,2211,2924
eef-1A.2,3808,2598,2857,2487,2276,3109
egl-2,22,9,7,9,18,16
egl-3,952,951,872,1025,910,1026
egl-4,724,573,614,696,673,742
egl-8,223,129,156,198,237,233
egl-9,53,38,42,38,50,47
egl-10,83,40,55,34,41,38
egl-13,69,50,67,61,73,60
egl-15,172,155,161,229,208,207
egl-18,38,31,39,26,49,41
egl-19,176,138,119,133,177,172
egl-20,72,82,71,61,80,61
egl-21,1009,783,868,911,834,914
egl-23,40,37,35,32,34,28
egl-26,21,24,21,22,22,20
egl-27,303,259,258,266,272,277
egl-30,265,231,235,263,292,274
egl-43,18,24,21,21,24,27
egl-44,276,208,199,340,273,298
egl-45,792,698,696,804,648,789
egl-46,8,6,5,9,9,11
ego-1,25,19,30,16,17,22
ego-2,201,147,145,126,154,183
ehs-1,164,151,182,160,137,161
eif-3.B,506,424,457,517,453,544
eif-3.C,1269,965,1048,1101,1010,1203
eif-3.D,763,612,684,638,578,768
eif-3.E,480,387,405,476,392,480
eif-3.F,463,391,397,390,313,412
eif-3.G,313,230,273,323,278,306
eif-3.H,424,344,360,411,364,466
eif-3.I,474,351,380,408,346,446
eif-3.K,334,261,278,334,267,331
eif-6,331,245,278,218,208,226
elb-1,38,29,49,50,34,51
elc-1,59,55,52,57,51,72
elo-1,402,297,344,317,315,377
elo-2,306,254,294,103,124,206
elo-3,388,342,377,361,353,383
elo-5,581,477,482,316,279,391
elo-6,427,314,409,225,203,302
elo-9,83,72,69,63,58,79
elp-1,30,31,25,29,28,23
elt-1,36,26,39,35,34,29
elt-2,38,42,41,18,43,40
elt-3,61,63,72,55,47,74
elt-6,14,14,16,17,21,18
emb-4,365,231,266,331,283,315
emb-5,417,335,344,363,346,401
emb-8,1050,785,735,1118,932,1031
emb-9,1329,1294,1526,968,1119,1189
emb-27,54,60,46,69,70,63
emb-30,124,89,121,114,122,114
emo-1,348,296,344,449,356,495
emr-1,91,76,92,83,67,99
ent-1,194,176,147,192,153,196
eor-1,38,33,33,34,47,32
eor-2,51,23,37,35,36,28
epi-1,2044,1668,1651,1976,1906,1777
epn-1,205,155,139,232,214,251
eps-8,714,652,619,573,607,793
erd-2.1,95,74,97,124,83,122
eri-1,33,26,30,21,30,31
erm-1,806,715,717,794,771,867
ero-1,207,187,190,193,199,187
F35A5.8,71,59,55,56,55,67
qars-1,132,84,95,93,107,119
ears-1,633,479,439,492,459,513
ears-2,59,44,34,38,35,51
etr-1,108,103,120,119,104,113
fos-1,178,120,122,261,189,234
evl-14,241,197,221,177,197,218
evl-20,24,25,22,22,24,20
exc-1,35,31,35,33,24,39
exc-4,130,93,116,145,125,136
exc-5,133,105,94,116,122,104
exc-7,63,54,57,57,46,61
exl-1,24,25,22,26,14,26
exo-3,21,19,31,21,23,22
exp-2,44,31,45,43,34,34
far-1,3694,3524,3846,3124,2796,3328
far-2,162,161,203,164,144,188
far-3,24,36,22,15,34,20
far-5,19,20,19,51,53,49
far-7,31,25,36,56,73,51
far-8,229,185,183,315,243,302
fat-1,41,26,35,17,31,44
fat-2,128,85,116,94,92,146
fat-3,241,180,206,174,198,189
fat-4,78,47,61,58,62,92
fat-5,36,28,37,71,47,49
fat-6,1366,1179,1152,1613,1199,1541
fbl-1,171,158,132,160,171,165
fbp-1,741,602,597,826,685,802
fce-1,330,280,292,351,240,346
fce-2,32,15,20,14,20,23
feh-1,91,87,88,104,114,108
fem-1,72,51,57,68,72,95
fem-2,63,42,62,78,51,67
fib-1,2174,1840,1804,1593,1431,1845
fis-2,41,39,40,38,32,40
fkb-1,320,276,288,309,268,331
fkb-2,372,281,248,398,327,419
fkb-3,13,13,17,50,37,48
fkb-4,27,19,27,51,50,54
fkb-5,55,58,53,159,150,218
fkb-6,733,464,479,939,819,911
fkh-7,165,112,112,133,152,124
fkh-8,24,12,27,23,19,27
fkh-9,220,195,215,194,168,209
fli-1,105,82,97,106,133,109
flp-1,363,240,251,414,337,331
flp-2,17,22,22,21,16,15
flp-3,40,40,55,30,42,39
flp-4,51,33,36,38,38,44
flp-5,36,37,41,47,44,66
flp-6,257,220,244,273,193,255
flp-7,52,33,24,42,42,34
flp-8,44,26,40,34,33,35
flp-9,193,177,147,200,172,186
flp-11,126,115,120,114,115,98
flp-12,99,114,107,124,88,114
flp-13,48,46,39,40,46,36
flp-14,128,105,123,133,108,104
flp-15,42,28,45,41,26,39
flp-16,36,53,59,63,47,77
flp-17,178,156,162,166,146,162
flp-18,184,172,185,156,140,131
flp-19,62,63,70,77,62,61
flr-1,33,31,33,42,39,40
flr-4,15,14,20,7,11,20
baz-2,64,62,72,74,61,75
fmi-1,80,77,89,77,80,84
fmo-1,145,155,115,166,139,137
fmo-2,85,75,99,16,16,28
fmo-3,40,43,49,29,50,48
fmo-4,82,63,66,88,84,63
fmo-5,70,70,58,54,51,68
fox-1,34,34,32,33,39,45
fre-1,51,44,28,26,26,31
frh-1,34,41,31,29,36,35
frm-1,690,436,561,437,759,720
frm-2,73,39,48,90,65,73
frm-3,32,41,35,27,37,39
frm-4,203,131,141,205,183,194
frm-5.1,12,12,11,17,12,15
frm-7,123,71,74,104,139,116
frm-8,81,37,45,44,61,54
frm-9,29,14,22,29,42,27
frm-10,349,251,245,391,369,392
fars-1,401,312,315,342,331,384
fars-3,242,218,194,202,182,220
fsn-1,18,22,12,11,15,10
ftn-1,50,19,28,45,30,25
ftn-2,1079,911,902,1316,1047,1335
ftt-2,2055,1741,1909,1980,1893,2031
fum-1,917,757,800,846,810,910
fut-1,57,32,46,42,36,45
fut-8,83,47,50,61,45,62
fzo-1,134,111,127,130,108,145
fzr-1,118,107,98,133,139,141
fzy-1,53,31,38,54,48,48
gab-1,21,14,13,20,22,13
gad-1,95,63,73,50,57,52
gap-1,27,24,21,27,29,29
gap-2,104,99,93,91,106,105
gar-1,20,34,20,21,16,29
gar-2,46,43,21,52,40,28
gar-3,45,31,42,34,45,40
gas-1,457,411,403,453,397,512
gbh-1,17,15,19,24,22,22
gbh-2,63,61,49,117,82,79
gck-1,166,125,148,130,121,184
gcs-1,254,248,237,286,209,300
gcy-3,9,12,6,20,19,9
gcy-8,69,58,72,60,59,61
gcy-11,27,17,17,21,25,19
gcy-12,82,69,58,55,64,45
gcy-18,36,24,27,25,30,23
gcy-19,27,24,22,29,24,32
gcy-22,36,38,27,34,29,41
gcy-23,58,58,69,81,62,68
gcy-35,24,12,10,29,25,18
gcy-37,17,13,21,19,19,12
gdi-1,844,799,843,965,862,926
gei-1,52,45,65,52,64,64
gei-3,64,46,47,63,75,77
gei-4,495,428,391,728,650,669
lin-66,142,107,113,132,135,155
gei-6,52,38,44,51,35,52
icl-1,3053,2139,1633,6576,4786,4064
gei-8,105,100,99,152,126,138
acdh-13,152,132,143,119,115,150
snpc-4,64,44,49,47,60,46
gei-13,88,71,82,117,99,106
gei-15,338,300,298,326,275,332
gei-17,146,143,147,168,152,170
gem-4,20,17,10,15,13,12
ges-1,223,199,205,197,188,173
gex-2,96,75,87,82,91,91
gex-3,105,88,90,116,91,87
gfi-1,420,318,381,383,428,503
gfi-2,77,71,78,61,68,96
gfi-3,15,14,17,20,15,19
nrde-4,45,41,43,24,22,33
gfl-1,33,29,32,56,34,37
ggr-1,26,14,18,14,5,14
gip-1,95,82,80,64,66,81
C45G3.3,18,14,20,19,18,19
glc-1,26,8,8,36,30,23
glc-2,25,22,30,32,36,30
glc-3,9,7,10,9,6,12
glc-4,14,8,14,20,12,19
gld-1,10,5,8,5,2,6
gld-2,105,62,87,62,91,74
glh-1,123,68,79,94,90,99
glh-4,35,31,19,21,23,27
gln-1,80,72,101,65,64,82
gln-3,939,710,726,1656,1238,1369
glr-1,23,34,33,33,22,29
glr-2,20,13,16,8,16,14
glr-4,67,30,29,49,32,39
glr-5,60,43,45,34,52,47
glr-6,11,8,8,11,16,9
glt-1,727,630,714,717,602,769
glt-3,207,151,124,154,131,145
glt-4,139,114,131,96,119,112
glt-5,39,24,28,45,31,40
glt-6,30,40,22,36,38,34
glt-7,46,41,40,34,45,29
gly-3,116,89,114,115,89,118
gly-4,149,164,139,125,135,179
gly-5,136,109,126,133,116,175
gly-6,14,5,8,19,20,18
gly-7,66,63,54,78,67,85
gly-8,45,39,32,158,114,111
gly-10,35,32,42,28,42,36
gly-11,30,23,29,47,28,54
gly-12,19,19,16,38,20,47
gly-13,64,71,51,64,64,67
gly-19,48,29,25,46,27,49
gly-20,40,31,27,52,29,37
goa-1,586,542,555,581,525,618
gob-1,120,105,105,149,140,138
gon-1,191,134,147,133,158,182
gon-2,114,107,93,79,107,125
gon-4,58,43,45,50,45,44
gop-1,43,40,38,32,41,51
gop-2,123,120,135,90,81,91
gop-3,178,158,156,179,136,147
gpa-2,40,34,26,34,27,33
gpa-3,57,54,29,51,50,41
gpa-4,23,8,11,19,21,25
gpa-7,99,90,67,87,69,91
gpa-12,53,74,63,92,80,78
gpa-16,24,10,19,15,13,16
gpb-1,475,412,406,488,495,472
gpb-2,78,67,74,69,63,67
gpc-1,16,15,22,13,14,12
gpc-2,134,111,139,153,125,142
gpd-2,836,715,670,876,702,916
gpd-3,840,753,760,892,756,989
grd-3,22,25,21,51,40,69
grd-5,8,7,9,22,22,20
grd-10,136,159,180,154,147,190
grd-13,172,158,175,213,219,282
grd-14,0,1,0,25,14,17
grh-1,51,45,38,74,71,61
grk-1,46,44,35,35,53,38
grk-2,84,82,115,76,59,64
grl-4,77,96,103,174,147,197
grl-5,0,0,0,43,25,18
grl-7,0,0,0,94,95,66
grl-10,3,6,8,14,10,19
grl-15,0,0,0,41,39,31
grl-16,0,1,0,116,84,76
grl-21,29,23,20,16,23,16
gro-1,45,30,36,30,34,16
grp-1,51,40,43,45,53,49
gars-1,500,366,372,395,378,446
gsa-1,97,71,86,72,78,84
gsk-3,389,282,276,327,341,349
gsp-1,474,369,376,395,391,431
gsp-2,382,305,326,357,303,364
gst-1,897,676,669,680,549,697
gst-4,266,156,186,160,125,148
gst-5,504,475,449,194,244,221
gst-6,323,268,302,211,214,267
gst-7,427,340,326,221,223,199
gst-10,166,89,80,80,78,66
gst-11,24,21,21,20,19,20
gst-12,57,52,48,31,36,43
gst-13,426,385,410,405,357,530
gst-14,41,34,32,19,19,13
gst-15,86,56,47,30,30,34
gst-20,268,205,222,167,145,205
gst-21,11,18,15,6,7,9
gst-22,15,7,19,7,7,19
gst-24,1285,1184,1293,103,132,123
gst-26,243,212,195,247,203,261
gst-27,242,174,196,223,187,277
gst-28,85,76,106,73,82,92
gst-31,12,15,22,8,7,21
gst-35,29,22,22,19,22,22
gst-36,409,364,349,498,424,517
gst-38,30,23,32,9,13,19
gst-39,81,61,69,51,53,61
gst-40,33,25,27,14,27,13
gst-41,16,10,13,19,16,14
gst-42,152,113,123,101,116,119
gst-43,45,33,44,27,35,27
gsy-1,328,292,291,378,306,371
gta-1,1530,1272,1260,1419,1331,1491
gtl-1,393,309,280,397,387,432
gtl-2,67,69,64,63,64,64
lite-1,26,34,20,21,19,23
gur-4,35,32,23,22,29,40
gut-2,26,36,28,23,27,33
haf-1,26,20,18,22,16,18
haf-2,84,83,88,68,57,71
haf-3,176,159,188,146,115,144
haf-4,1105,878,937,1025,807,1047
hmt-1,323,254,209,264,236,299
haf-6,91,88,89,72,84,79
haf-7,58,64,81,47,54,70
haf-9,442,288,309,314,296,381
ham-1,17,20,18,15,10,13
ham-2,25,23,27,26,19,28
hap-1,78,49,51,53,67,56
hbl-1,81,67,72,37,60,70
hcf-1,173,144,134,148,128,177
hcp-1,109,74,73,116,110,123
hcp-2,79,47,71,91,83,93
hcp-3,36,17,19,23,18,32
hcp-4,45,36,45,46,55,79
hcp-6,93,110,88,113,114,128
hda-1,192,120,152,193,158,181
hda-2,27,21,37,22,23,20
hda-3,101,68,75,86,76,111
hda-4,149,134,120,158,163,150
hda-10,34,24,27,23,21,25
hel-1,824,616,729,710,656,769
hgo-1,274,210,228,181,192,213
hid-1,76,74,63,51,46,52
hif-1,1375,1214,1096,1266,1236,1260
hil-1,15,8,18,24,16,18
hil-2,117,91,106,188,148,181
hil-3,149,137,133,388,265,238
hil-4,24,15,25,29,28,43
hil-5,48,34,35,45,40,45
him-1,236,193,188,205,228,222
him-4,1061,973,924,1097,1203,996
him-6,25,16,13,22,14,24
him-10,49,48,25,59,67,71
him-17,61,56,41,53,56,50
his-1,56,20,34,39,31,56
his-2,28,33,48,61,45,67
his-3,60,45,53,68,60,63
his-4,20,21,10,38,22,23
his-5,0,2,4,4,4,3
his-6,19,14,16,31,28,39
his-7,10,8,8,18,12,16
his-8,2,1,4,2,2,3
his-11,0,0,0,0,0,0
his-17,0,0,0,0,0,0
his-24,325,303,302,755,539,648
his-25,0,0,0,0,0,0
his-31,24,16,24,33,25,50
his-32,71,62,60,94,73,104
his-35,174,137,158,181,138,192
C50F4.6,28,24,21,44,37,42
his-37,146,152,139,191,151,168
his-40,4,1,3,6,5,5
his-41,312,282,246,332,290,366
his-48,21,21,9,40,31,33
his-59,82,58,59,100,69,120
his-60,92,67,54,150,97,137
his-61,47,34,47,58,52,56
his-62,75,83,71,87,88,122
his-63,16,16,11,21,16,17
his-64,17,17,19,15,23,42
his-67,38,28,25,37,43,44
his-68,16,14,6,10,10,15
his-71,125,94,99,138,118,133
his-72,318,295,269,413,324,392
hlh-1,39,36,49,24,27,33
hlh-2,42,48,44,33,40,35
hlh-11,48,25,51,32,52,53
hmg-1.1,504,500,479,569,518,632
hmg-1.2,264,229,266,357,247,336
hmg-3,12,19,19,14,17,12
hmg-4,307,261,255,301,255,321
hmg-5,162,138,142,149,121,158
hmg-11,58,59,67,92,79,97
hmg-12,60,35,46,39,58,61
hmp-1,156,144,139,154,130,158
hmp-2,64,64,70,80,81,87
hmr-1,264,246,277,300,322,304
hoe-1,79,76,94,37,55,55
hot-5,17,6,18,16,10,22
hpd-1,1092,835,792,851,874,851
hpk-1,121,75,88,94,127,100
hpl-1,11,23,8,11,15,19
hpl-2,69,74,72,69,50,72
hrp-1,293,250,250,422,308,383
hrp-2,471,348,404,377,431,510
hars-1,295,237,220,212,209,191
hsb-1,29,20,44,36,35,36
hse-5,16,14,11,19,13,10
hsf-1,96,81,116,83,85,97
hsp-1,10433,7658,7756,12635,10486,12257
hsp-3,2226,1657,1787,2259,1958,2496
hsp-4,1192,760,643,1977,1266,1513
hsp-6,3333,2533,2629,3299,2619,3223
hsp-12.2,403,311,390,331,331,331
hsp-16.2,3064,1782,1503,3551,2596,3017
hsp-16.41,3112,2076,1776,3675,2585,3421
hsp-17,649,582,534,926,686,906
hsp-25,472,356,360,448,403,504
hsp-43,547,359,343,382,377,383
hsp-60,3554,2881,3015,3500,2919,3758
hsp-70,315,196,153,271,232,245
hsr-9,268,179,196,231,241,284
hst-1,20,31,21,30,25,30
hst-2,32,26,21,27,24,23
hum-1,240,184,151,186,174,215
hum-2,98,95,83,111,117,133
hum-4,337,274,295,312,277,290
hum-5,416,376,316,344,304,335
hum-6,153,132,108,178,193,180
hum-7,86,73,68,78,90,84
hum-8,210,199,173,181,182,199
hyl-1,143,118,132,140,101,157
hyl-2,180,146,141,126,122,127
icd-1,963,737,830,1042,785,1173
icln-1,112,117,95,92,82,114
icp-1,82,61,64,57,52,61
ida-1,414,299,314,519,430,392
ifa-1,349,237,270,277,278,279
ifa-4,174,126,136,163,135,149
ifb-1,1243,1003,1108,1612,1545,1735
ifb-2,1897,1697,1895,1777,1514,1992
ifc-1,210,212,246,117,131,198
ifc-2,966,852,924,863,783,969
ifd-1,281,219,231,269,243,269
ifd-2,163,183,159,150,122,160
ife-1,102,86,100,110,83,117
ife-2,190,136,140,183,146,199
ife-3,83,80,86,112,81,104
ife-4,25,28,16,36,21,31
iff-1,43,37,43,40,28,43
iff-2,841,624,679,852,662,920
ifg-1,1010,865,847,881,872,1031
ifp-1,510,366,443,470,416,498
ify-1,19,24,13,31,18,27
ikb-1,33,26,23,69,65,54
ile-1,320,280,296,404,308,365
ile-2,132,138,147,197,142,146
ima-1,28,22,34,40,41,28
ima-2,239,182,205,190,197,249
ima-3,604,503,483,574,544,570
imb-1,317,275,279,220,224,265
imb-2,129,102,104,77,100,110
imb-3,2308,1813,1906,1397,1348,1696
xpo-1,300,233,261,238,281,257
xpo-2,129,104,134,97,101,104
xpo-3,103,89,108,70,75,96
ina-1,122,115,131,138,120,166
inf-1,1570,1297,1352,1440,1297,1494
ins-1,23,13,17,14,18,21
ins-3,12,10,3,18,20,15
ins-5,26,29,28,12,27,14
ins-17,38,46,44,42,42,41
ins-18,34,22,23,33,31,36
ins-26,22,15,20,17,15,19
ins-30,6,6,7,2,4,3
ins-35,17,18,10,26,23,24
inx-1,88,52,64,67,75,66
inx-3,60,42,52,52,53,47
inx-5,264,190,180,269,241,255
inx-6,34,24,18,28,24,40
inx-7,34,21,33,44,38,23
inx-10,32,30,26,26,25,16
inx-11,22,24,20,16,24,21
inx-12,696,516,470,648,592,656
inx-13,646,536,583,596,564,691
inx-15,191,114,151,191,140,162
inx-16,155,147,153,147,114,184
inx-17,99,77,84,108,59,122
inx-18,21,13,25,16,15,17
inx-20,16,21,20,19,17,24
ipp-5,110,103,116,68,85,98
ire-1,77,90,87,73,76,83
gon-14,64,64,58,64,82,74
irk-1,12,21,15,11,14,9
irk-3,43,32,34,37,25,41
iars-1,392,317,317,345,328,393
iars-2,90,73,72,70,68,80
isp-1,560,430,480,548,435,536
ist-1,94,87,62,81,81,66
isw-1,232,221,220,257,230,284
itr-1,519,413,454,471,429,508
itx-1,585,498,506,604,531,596
jac-1,120,80,94,75,78,93
jip-1,42,50,43,41,44,35
jkk-1,5,5,6,15,8,7
jnk-1,50,38,42,55,61,51
jph-1,109,68,100,83,97,113
jtr-1,13,20,16,25,16,21
kal-1,34,33,35,30,30,27
kat-1,740,708,741,683,567,712
kel-1,15,13,5,8,9,8
kel-3,85,53,62,83,83,87
kgb-1,232,170,183,235,200,188
kin-1,597,460,481,434,503,481
kin-2,942,791,805,871,834,906
kin-3,279,210,251,273,210,293
kin-4,125,81,83,103,110,111
kin-9,39,23,22,39,42,36
kin-10,256,252,219,189,194,218
kin-15,56,53,52,71,66,88
kin-16,32,26,20,54,51,49
kin-18,99,89,103,113,107,127
kin-19,614,440,481,523,481,549
kin-20,96,112,105,117,125,128
sid-3,68,82,71,69,73,71
kin-29,102,92,86,75,77,95
kin-32,28,17,21,16,21,26
klc-2,210,198,236,243,239,238
klp-3,94,59,76,78,74,85
klp-4,194,161,168,182,190,210
klp-7,63,47,59,59,76,76
gcc-1,43,37,32,27,27,32
klp-11,44,34,25,29,28,34
klp-12,175,138,131,159,197,214
klp-16,5,2,5,6,1,5
klp-18,19,14,14,14,20,29
klp-19,111,83,89,125,95,118
klp-20,13,19,19,17,15,20
knl-1,107,119,86,119,118,134
kpc-1,117,109,89,115,138,149
kqt-1,17,20,19,23,18,28
kqt-2,18,19,13,21,9,15
kqt-3,18,16,9,16,14,20
kars-1,604,496,557,539,448,566
ksr-1,33,23,31,11,17,19
ksr-2,11,5,9,5,9,12
kup-1,85,69,73,101,70,104
kvs-1,18,23,20,26,30,35
lad-2,46,34,32,28,38,28
laf-1,382,313,370,269,299,350
lag-1,49,35,34,26,34,28
lam-1,1050,899,905,893,832,884
lap-1,562,412,490,346,310,423
lap-2,678,517,527,452,498,503
lat-1,94,126,121,104,119,122
lat-2,38,27,27,32,31,35
lbp-1,171,121,168,211,191,190
lbp-2,646,458,429,552,446,529
lbp-3,295,258,281,302,256,290
lbp-4,104,81,84,127,96,125
lbp-5,168,142,139,229,166,196
lbp-6,1960,1717,1787,1891,1540,2000
lbp-7,137,115,100,154,136,126
ldb-1,78,92,81,100,100,96
ldh-1,615,644,680,657,569,715
lea-1,893,739,760,776,826,711
lec-1,1824,1461,1506,1713,1518,1955
lec-2,834,792,819,980,951,1009
lec-3,533,460,423,495,480,496
lec-4,301,218,246,280,265,275
lec-5,1203,1016,936,952,911,938
lec-6,954,848,913,1025,811,1168
lec-7,18,17,15,15,16,28
lec-8,125,87,128,146,148,164
lec-9,606,470,483,459,403,556
lec-10,1578,1239,1416,1135,1005,1365
lec-11,78,94,89,65,56,77
lem-2,235,211,246,130,115,144
lem-3,17,13,27,15,31,24
lep-2,55,62,47,47,35,53
let-2,2042,1861,2171,1734,1871,1879
let-4,0,0,0,25,24,26
let-19,270,213,239,183,282,284
ect-2,51,40,50,54,54,45
let-23,94,84,89,97,102,106
let-49,44,37,27,69,33,47
let-60,103,87,73,113,83,94
let-70,358,316,309,443,383,417
myo-1,2284,1420,1748,1686,1894,2031
let-92,447,354,340,432,402,427
let-268,167,145,165,181,150,157
let-363,319,259,266,287,328,313
let-413,133,96,101,140,117,155
let-418,727,583,558,618,564,617
let-502,104,107,108,139,118,134
let-504,68,69,62,46,43,41
let-526,363,287,290,336,348,350
let-607,462,358,350,589,423,555
let-630,274,212,234,275,214,268
let-653,40,26,35,98,96,108
let-711,456,307,379,400,441,483
let-716,710,499,536,467,412,499
let-721,431,386,394,569,442,489
let-754,337,259,299,393,356,441
let-756,77,46,30,92,78,61
let-765,256,177,195,198,207,227
let-767,565,501,509,476,368,534
let-805,3238,2702,3016,3442,3535,3901
let-858,169,145,163,120,135,125
lev-1,27,28,23,31,16,27
lev-9,64,42,60,64,63,53
lev-10,48,27,37,33,33,36
lev-11,3115,2830,3068,3047,2719,2921
lfe-2,113,118,104,121,110,131
lgg-1,867,707,614,1172,912,1022
lgg-2,283,231,211,450,379,332
lgx-1,3,3,2,50,38,26
lig-1,65,57,71,81,78,95
lig-4,72,63,65,40,56,75
lim-4,14,16,21,12,21,13
lim-7,37,31,24,25,24,27
lin-1,53,45,44,70,51,71
lin-2,61,64,66,48,59,60
lin-3,32,24,32,25,21,32
lin-5,118,118,83,147,107,146
lin-7,25,26,31,17,23,43
lin-8,18,10,12,16,8,17
lin-9,59,72,51,72,44,76
lin-10,91,75,82,64,93,67
lin-13,250,204,233,240,230,256
lin-14,618,479,431,538,472,482
lin-17,62,59,65,43,64,57
lin-18,51,53,55,43,47,38
lin-23,157,138,137,204,158,185
lin-24,106,135,123,144,140,189
lin-25,49,47,36,45,43,43
lin-26,22,29,41,33,29,46
lin-28,184,128,152,178,143,180
lin-33,111,105,87,146,102,106
lin-35,185,118,117,225,188,220
lin-36,101,74,71,124,109,119
lin-37,60,45,45,41,44,58
lin-39,39,35,35,36,37,39
lin-40,144,117,140,140,126,133
lin-41,108,57,78,49,81,90
lin-45,96,80,77,96,84,92
lin-49,91,76,70,120,87,105
lin-53,197,160,163,251,214,270
lin-54,36,33,25,26,24,26
lin-56,31,16,19,29,27,24
lin-59,193,169,145,144,169,191
lin-61,49,50,56,63,53,58
lip-1,121,97,73,88,101,77
lir-1,23,27,17,33,31,20
lir-2,20,16,25,41,30,30
lis-1,160,120,132,159,118,180
lit-1,112,80,97,116,126,129
lmn-1,1455,1105,1213,978,955,1060
lmp-1,585,505,538,530,418,534
lon-1,37,21,21,43,38,63
lon-2,89,77,67,70,70,82
lon-3,0,1,0,22,24,20
lpd-2,99,73,88,64,59,64
lpd-3,292,198,222,167,215,259
lpd-5,281,263,229,275,250,302
lpd-6,638,523,472,290,257,308
lpd-7,298,221,286,212,198,266
lpd-8,130,117,113,112,93,120
lpd-9,148,148,127,137,117,154
lpl-1,15,17,8,8,13,13
lrk-1,78,54,55,46,66,65
lrp-1,702,551,579,1021,1233,1108
lrp-2,206,186,195,178,334,301
lars-1,419,320,397,311,318,387
lars-2,138,125,108,117,103,144
lsm-1,22,29,22,25,22,38
lsm-3,72,43,45,87,51,79
lsm-4,47,30,42,47,42,52
lsm-5,60,33,36,30,29,39
lsm-6,49,61,60,56,52,64
lsm-7,44,34,39,49,35,50
lsm-8,42,36,35,42,41,48
lst-2,141,102,90,126,139,126
ccar-1,440,291,347,433,396,431
lst-4,99,97,89,100,93,106
lsy-2,65,67,52,53,53,64
ltd-1,111,93,86,145,147,138
lys-1,883,698,974,645,568,951
lys-2,1217,1175,1398,662,699,1035
lys-3,19,10,10,19,16,14
lys-4,58,55,33,140,148,141
lys-7,44,31,35,131,104,132
lys-8,451,394,399,490,365,491
mab-5,35,17,20,21,19,25
mab-20,86,58,71,85,83,61
mab-21,24,14,22,20,30,30
mac-1,176,135,154,89,84,96
mag-1,167,167,154,178,156,212
map-1,140,106,108,98,111,108
map-2,539,409,447,421,378,421
mat-1,66,51,56,55,59,61
mat-2,67,65,64,71,72,87
mat-3,81,64,69,59,50,48
mau-2,43,28,33,20,34,48
mau-8,36,57,51,39,45,49
max-1,42,39,36,38,52,58
max-2,121,101,120,94,100,114
mbf-1,374,307,249,568,438,469
mbk-1,108,86,94,122,103,114
mbk-2,187,173,152,239,213,232
mca-1,775,699,767,512,532,611
mca-3,1389,1098,1246,1232,1229,1271
mcm-2,235,153,154,215,207,245
mcm-3,186,150,168,194,203,251
mcm-4,187,162,165,184,200,226
mcm-5,241,173,191,278,256,353
mcm-6,289,192,186,239,235,310
mcm-7,152,117,124,180,187,192
mdf-1,80,69,61,74,60,75
mdf-2,43,40,46,50,50,61
mdh-2,1641,1349,1405,1590,1442,1741
mdl-1,483,408,406,383,457,449
mdt-6,22,32,28,18,18,27
mec-1,127,119,97,109,113,99
mec-2,37,31,26,28,34,42
mec-4,25,22,32,27,11,25
mec-5,138,134,118,157,130,122
mec-6,20,30,19,13,20,20
mec-7,228,224,197,188,195,187
mec-8,67,80,68,55,68,75
mec-9,70,69,61,65,50,59
mec-10,20,19,22,19,7,20
mec-12,387,348,369,364,331,358
mec-17,307,191,169,241,231,205
mec-18,60,38,56,61,43,57
mef-2,202,156,124,195,160,190
mei-1,19,19,20,34,19,20
mek-1,49,51,57,52,35,50
mek-2,197,179,191,223,173,201
mel-11,83,74,84,89,87,85
mel-26,105,68,63,62,79,70
mel-28,242,182,205,181,166,146
mel-32,618,417,451,745,641,742
mep-1,240,220,206,260,206,268
mes-2,58,37,44,46,42,65
mes-3,41,25,36,24,26,42
mes-4,41,34,21,30,31,46
mes-6,8,9,7,10,10,16
mev-1,336,280,255,283,251,321
mex-3,57,46,48,22,30,34
mgl-1,22,17,20,17,18,15
mgl-2,39,38,27,39,38,35
mif-1,61,51,41,40,49,56
mif-2,167,158,144,177,141,174
mif-3,31,28,30,38,34,34
mif-4,26,24,17,42,39,21
mig-1,53,56,49,43,48,48
mig-2,38,33,29,43,27,54
mig-5,51,47,49,64,51,56
mig-6,1681,1615,1868,1518,1500,1661
mig-10,156,167,138,146,165,192
mig-14,56,52,53,56,49,52
mig-15,187,149,187,173,195,209
mig-18,32,15,24,41,35,27
mig-22,93,95,92,127,115,103
mig-23,33,26,29,20,23,35
cogc-1,47,51,50,54,61,70
mix-1,353,247,200,386,311,363
mkk-4,52,30,35,41,37,36
mlc-1,1049,1137,1223,1134,1020,1315
mlc-2,891,876,1097,759,671,968
mlc-3,2071,1805,2112,2184,1809,2131
mlc-4,128,112,119,169,123,161
mlh-1,18,24,20,24,23,15
mlk-1,95,59,54,73,65,77
mlp-1,72,46,62,56,83,91
mls-2,11,8,19,3,5,6
mml-1,271,248,202,240,299,333
moc-1,20,24,20,12,16,28
moc-2,22,19,16,26,20,21
mod-1,16,33,17,16,18,21
mod-5,20,19,18,11,18,28
moe-3,29,12,16,27,21,44
mog-1,154,147,145,171,154,180
mog-2,150,113,107,150,135,157
mog-3,50,43,53,58,44,66
mog-4,96,86,81,72,65,83
mog-5,150,145,125,103,125,119
mom-4,31,36,37,37,34,29
mom-5,86,79,73,97,101,96
dapk-1,82,67,79,81,90,88
mpk-1,376,320,323,282,292,340
mpk-2,52,35,54,50,38,41
mpz-1,228,138,183,138,227,193
mre-11,43,36,38,41,35,31
mrg-1,126,110,106,103,107,126
mrp-1,389,265,301,304,356,383
mrp-2,817,587,614,169,220,232
mrp-3,158,116,117,117,124,123
mrp-4,303,213,215,306,266,336
mrp-5,754,722,678,859,756,839
mrp-6,96,82,64,23,22,21
mrp-7,177,129,155,145,138,152
mrp-8,121,94,107,92,108,109
mars-1,352,335,310,350,308,432
mrt-2,12,5,7,3,4,13
msh-2,95,78,75,60,56,87
msh-6,134,107,113,142,125,161
msi-1,186,196,216,162,115,146
mtd-1,54,38,42,51,35,33
mtk-1,227,188,166,258,257,225
mtl-1,19,19,18,5,5,3
mtl-2,373,315,325,20,17,10
mtm-1,55,49,37,37,41,62
mtm-3,480,315,292,509,478,504
mtm-5,40,22,25,42,35,45
mtm-6,65,61,46,56,49,65
mtm-9,39,34,27,46,28,48
klf-3,33,25,38,17,19,17
mua-3,115,88,69,344,299,307
mua-6,436,383,358,635,629,818
mup-2,2367,1787,1790,2370,1960,2246
mup-4,986,787,817,1324,1272,1453
mut-7,39,31,30,30,32,37
mut-14,12,12,24,9,11,21
mut-16,96,96,86,93,80,80
mxl-1,30,18,14,34,20,34
mxl-2,52,30,44,56,58,56
mxl-3,444,383,392,303,392,465
myo-2,1737,1113,1318,1399,1678,1629
myo-3,3379,2914,3151,2449,2587,2661
nab-1,72,64,69,75,89,99
nac-1,145,111,147,217,198,245
nac-2,11,4,5,11,15,15
nac-3,390,342,290,417,396,369
nas-9,75,68,61,92,72,84
nas-11,110,88,74,127,119,129
nas-25,22,25,15,31,15,21
nas-31,100,72,65,77,50,53
nas-32,16,20,24,26,19,18
nas-37,1,2,1,29,26,23
nas-39,18,12,8,11,12,8
nca-2,41,38,26,23,42,36
ncl-1,485,408,389,429,402,488
ncr-1,151,144,120,149,154,169
ncs-2,731,655,620,820,632,806
ncs-3,36,25,22,38,31,28
ncx-1,237,169,164,291,248,298
ncx-2,722,511,594,625,621,669
ncx-3,277,177,227,229,253,274
ncx-4,165,134,131,109,122,134
ncx-6,31,42,32,57,49,45
ncx-7,101,75,80,64,50,74
ncx-8,19,21,18,20,23,20
ndc-80,87,78,72,92,104,94
ndg-4,118,82,71,108,88,109
ndx-1,18,19,32,29,18,24
ndx-2,26,24,28,18,22,24
ndx-3,23,21,18,22,16,21
ndx-4,58,55,44,34,50,45
dcap-2,94,67,70,79,82,74
ndx-6,44,30,44,33,36,38
ndx-7,62,47,58,60,51,71
ndx-9,73,62,58,47,56,75
ned-8,93,136,96,106,89,121
nex-1,357,321,338,416,346,429
nex-2,157,143,136,187,156,184
nex-3,45,35,38,22,34,18
nex-4,86,75,86,87,87,68
nfi-1,51,33,45,28,31,33
nfm-1,60,39,40,36,47,53
nft-1,52,41,58,53,32,44
ngp-1,388,260,291,258,236,283
nhl-1,60,45,60,41,40,53
nhl-2,238,201,204,275,299,281
nhl-3,48,46,38,83,76,61
nhr-1,240,232,248,151,207,188
nhr-3,79,101,118,59,68,70
nhr-4,68,82,61,51,69,64
nhr-5,29,34,18,38,32,37
nhr-6,65,58,64,74,60,85
nhr-7,130,70,78,119,110,126
nhr-8,97,97,105,105,69,112
nhr-10,99,92,70,100,105,113
nhr-11,39,30,32,30,23,35
nhr-13,17,13,8,25,20,24
nhr-14,26,26,34,27,40,23
nhr-17,279,168,123,198,199,202
nhr-19,223,200,143,119,155,165
nhr-20,43,49,49,40,44,46
nhr-21,98,89,79,90,118,99
nhr-22,44,31,34,45,43,50
nhr-23,12,8,11,19,24,20
nhr-25,43,39,39,47,39,43
nhr-28,49,33,50,45,48,50
nhr-31,324,286,296,201,238,265
nhr-32,61,57,45,58,60,63
nhr-34,136,107,128,98,119,95
nhr-35,73,63,84,45,61,61
nhr-40,124,99,92,112,138,120
nhr-42,68,63,44,67,73,57
nhr-43,44,27,27,70,43,65
nhr-44,32,35,29,30,28,40
nhr-45,166,169,146,157,130,142
nhr-46,115,117,117,138,116,115
nhr-47,39,37,36,48,31,38
nhr-48,77,84,78,91,94,86
nhr-49,237,218,243,250,237,244
nhr-50,22,25,18,28,18,34
nhr-53,20,24,17,16,21,24
nhr-55,25,14,20,12,15,24
nhr-56,21,23,12,17,29,31
nhr-57,12,12,4,8,10,13
nhr-59,19,19,11,23,18,21
nhr-60,4,4,10,7,4,6
nhr-61,39,57,40,44,41,41
nhr-62,19,11,21,10,7,5
nhr-63,24,14,14,14,18,26
nhr-64,56,33,34,37,34,34
nhr-65,31,18,32,23,23,26
nhr-66,67,66,70,81,67,60
nhr-68,353,279,243,193,201,255
nhr-69,55,75,66,68,47,68
nhr-70,58,65,60,61,69,60
nhr-71,34,46,43,28,22,34
nhr-79,28,17,18,15,14,12
nhr-80,46,37,29,25,35,35
nhr-84,41,38,37,37,24,47
nhr-85,41,37,35,77,83,87
nhr-86,74,49,51,45,57,55
nhr-87,25,25,19,22,32,30
nhr-88,147,127,139,198,159,174
nhr-90,42,47,32,57,45,58
nhr-91,12,8,3,16,19,13
nhr-95,26,26,18,30,21,29
nhr-97,247,225,209,232,278,318
nhr-98,25,26,26,23,12,16
nhr-99,44,29,28,52,39,49
nhr-100,114,87,82,81,102,85
nhr-101,53,51,38,36,54,41
nhr-102,25,21,22,20,24,24
nhr-103,14,12,18,18,23,24
nhr-104,31,19,25,36,21,27
nhr-105,238,173,136,173,175,194
nhr-107,56,59,35,61,62,61
nhr-109,19,11,11,19,11,12
nhr-112,16,21,11,5,18,17
nhr-114,80,75,56,66,62,78
nhr-117,55,39,28,58,59,49
nhr-119,82,88,72,58,77,79
nhr-120,84,68,72,84,80,69
nhr-121,38,40,36,30,33,43
nhr-122,32,18,19,34,30,24
nhr-126,15,21,19,24,11,9
nhr-130,34,38,26,36,37,34
nhr-131,48,20,27,43,35,24
nhr-132,18,10,17,20,32,31
nhr-133,21,16,16,21,32,35
nhr-134,52,49,39,56,46,40
nhr-135,41,29,36,24,21,22
nhr-136,27,14,14,13,28,25
nhr-137,27,37,27,43,50,55
nhr-138,47,30,43,43,44,39
nhx-1,22,22,15,15,27,19
nhx-2,158,94,98,79,118,109
nhx-3,53,45,40,76,61,61
nhx-4,68,53,32,64,71,53
nhx-5,71,62,66,61,88,54
nhx-8,57,34,58,45,46,48
nhx-9,125,121,103,104,104,104
nid-1,544,450,461,557,565,581
nlp-1,35,40,38,39,47,38
nlp-3,76,69,67,58,57,67
nlp-5,14,20,12,8,15,15
nlp-6,33,29,27,19,16,21
nlp-7,27,24,23,29,29,24
nlp-8,86,69,89,98,77,81
nlp-9,52,45,60,49,49,48
nlp-10,79,60,46,76,68,81
nlp-11,101,108,92,96,96,94
nlp-12,15,25,19,15,22,14
nlp-13,79,68,97,89,88,89
nlp-14,92,88,107,92,99,108
nlp-15,126,87,98,109,105,126
nlp-16,149,127,154,106,97,119
nlp-17,47,35,50,61,38,38
nlp-18,167,129,116,107,113,114
nlp-20,25,16,17,37,29,37
nlp-21,114,110,107,118,111,112
nlp-24,152,131,179,411,339,478
nlp-25,34,39,30,33,18,22
nlp-26,19,22,30,40,36,57
nlp-27,34,31,32,38,46,49
nlp-28,10,16,13,24,32,22
nlp-29,77,98,99,94,77,99
nlp-31,49,54,51,85,58,71
nlp-33,131,142,136,523,376,392
nlr-1,28,18,28,18,28,22
nlt-1,339,261,251,338,202,316
nmr-2,16,18,12,28,15,17
nmy-1,453,353,358,503,540,511
nmy-2,365,218,280,315,305,354
nnt-1,29,23,21,36,36,15
nob-1,8,17,11,6,9,17
nos-3,144,128,132,135,123,143
npa-1,5128,4361,4380,4645,3851,4359
npp-1,158,137,111,93,98,107
npp-2,111,87,73,79,69,67
npp-3,437,320,318,299,264,274
npp-4,133,146,144,69,84,92
npp-5,80,99,92,80,78,91
npp-6,282,213,221,272,269,274
npp-7,299,242,242,194,225,271
npp-8,341,245,253,246,224,282
npp-9,654,618,622,369,345,445
npp-10,573,429,428,325,321,359
npp-11,252,245,256,114,105,145
npp-12,889,637,774,519,478,527
npp-13,281,204,193,179,163,186
npp-14,322,244,242,152,185,183
npp-15,183,151,151,100,124,133
npp-16,120,90,91,62,53,80
rae-1,149,127,141,81,84,104
npp-18,95,63,88,68,75,121
npp-19,67,48,49,50,50,52
npp-20,162,120,98,142,149,146
npr-2,30,34,38,22,38,21
nrf-5,148,160,131,151,177,153
nrf-6,163,112,144,130,115,118
nars-1,405,338,340,344,295,410
asns-1,49,31,15,45,62,42
nsf-1,386,305,317,341,296,319
nst-1,546,468,467,447,404,496
nsy-1,163,109,125,161,167,153
ntl-2,147,126,129,117,135,128
ntl-3,231,225,194,200,185,211
ntl-4,263,200,220,252,241,244
nuc-1,314,300,285,303,254,355
nud-1,153,140,144,133,115,137
num-1,73,72,79,92,85,102
nuo-1,723,560,587,673,537,696
nxf-1,487,289,335,541,410,458
nxt-1,132,110,104,75,49,75
oat-1,128,114,113,137,131,129
ocr-2,14,17,19,21,15,12
2-Oct,37,19,23,40,38,35
odc-1,268,210,196,340,254,349
odd-2,30,31,29,19,24,30
blmp-1,105,79,93,118,106,148
odr-2,10,12,15,13,12,15
odr-3,88,69,62,64,86,64
odr-4,85,114,110,102,97,117
ogt-1,344,265,268,437,366,353
oig-1,19,16,15,21,24,20
oig-2,83,62,83,79,53,93
oig-3,17,9,15,10,20,25
ooc-3,88,65,64,78,60,57
ooc-5,56,46,56,40,35,52
pept-2,36,24,34,38,43,33
pept-1,1391,1107,1301,1072,868,1280
pept-3,87,62,60,55,58,55
orc-2,55,50,45,58,43,71
osm-1,24,25,28,20,29,23
osm-7,100,65,92,98,83,101
osm-9,30,19,15,22,18,20
osm-10,71,46,31,86,86,68
osm-11,182,186,225,216,296,299
ost-1,3473,3044,3060,3375,2925,3135
oxi-1,36,45,33,36,34,45
paa-1,787,711,749,678,642,742
pab-1,537,427,519,314,460,536
pab-2,274,223,247,168,192,215
pabp-2,255,189,208,147,123,155
pad-1,247,184,208,198,228,217
paf-2,50,45,40,45,32,35
pak-1,96,88,92,85,56,93
pam-1,362,323,355,323,290,381
pan-1,612,501,546,690,615,677
par-1,469,384,384,346,425,494
par-2,17,17,31,23,17,17
par-3,64,67,76,44,67,62
par-4,53,46,52,52,46,56
par-5,1709,1431,1435,2025,1698,2108
par-6,76,59,56,58,54,68
pas-1,192,180,175,157,131,208
pas-2,301,260,244,243,227,257
pas-3,282,214,237,253,218,269
pas-4,354,317,319,275,238,319
pas-5,396,264,255,289,219,302
pas-6,251,188,222,227,161,247
pas-7,320,329,251,278,237,317
pat-2,716,652,612,654,628,726
pat-3,883,709,710,797,728,805
pat-4,191,212,171,178,196,166
pat-6,220,192,183,185,186,172
pat-9,42,64,48,31,34,49
pat-10,2897,2586,2690,2616,2341,2721
pat-12,83,51,57,57,77,88
pbo-1,279,277,213,257,206,258
pbo-4,178,188,191,191,176,185
pbs-1,233,213,205,200,153,235
pbs-2,292,254,252,208,201,242
pbs-3,219,173,179,223,188,211
pbs-4,253,200,230,263,182,261
pbs-5,337,313,319,302,274,314
pbs-6,232,206,232,187,176,229
pbs-7,310,235,280,274,255,290
pcm-1,44,30,35,77,78,67
pcn-1,220,155,169,207,166,237
pcp-1,801,567,608,810,615,752
pcp-2,1003,804,870,733,716,912
pcp-3,469,300,379,375,359,490
pcp-4,272,272,281,276,243,310
pcs-1,76,73,69,66,61,67
pct-1,62,68,48,55,88,72
pdi-1,397,328,355,471,448,537
pdi-2,2019,1676,1869,2569,2101,2687
pdi-3,1461,1108,1230,1513,1288,1632
pdk-1,62,64,56,51,56,61
pdl-1,51,33,37,41,50,40
pdr-1,20,34,14,15,16,18
pef-1,35,28,34,40,46,43
pek-1,156,110,80,219,189,214
pes-4,95,102,108,93,96,103
pes-5,15,17,16,16,21,20
pes-7,152,114,89,161,171,160
pes-9,934,708,677,570,528,684
mct-4,385,314,325,368,341,395
pfn-1,116,89,93,124,99,104
pfn-2,91,64,89,105,79,102
pfn-3,112,105,113,129,106,129
pgl-1,69,40,43,47,46,57
pgp-1,251,311,322,44,75,83
pgp-2,445,330,276,426,328,364
pgp-3,398,405,360,162,146,155
pgp-4,189,143,147,60,39,46
pgp-5,40,41,41,24,42,56
pgp-6,46,34,42,20,25,32
pgp-8,877,739,684,23,38,22
pgp-9,222,181,199,149,156,157
pgp-10,152,161,159,120,169,158
pgp-11,46,58,35,77,72,69
pgp-12,117,135,112,94,89,71
pgp-14,281,268,318,169,183,202
pha-1,73,50,47,45,52,52
pha-4,92,76,100,65,81,84
phb-1,705,538,571,617,528,729
phb-2,1192,988,993,1171,868,1168
phf-5,57,40,42,44,37,42
phg-1,2,0,1,20,10,10
pho-1,343,252,276,221,198,295
pho-4,49,47,33,47,43,54
php-3,41,42,45,41,32,46
phy-2,176,152,162,307,264,290
pik-1,28,13,17,11,15,12
pin-2,14,16,16,27,18,17
pis-1,85,78,83,81,77,96
pkc-1,385,312,324,334,321,337
pkc-2,244,244,213,236,215,266
pkc-3,86,83,99,99,92,126
plc-1,83,62,70,63,93,71
plc-2,56,47,47,63,40,69
plc-3,45,36,24,44,30,54
plc-4,165,142,129,159,149,177
pld-1,215,167,161,212,231,252
plk-1,115,91,114,145,153,177
pll-1,56,55,71,49,71,51
plp-1,135,108,118,125,101,147
plx-1,116,100,78,93,89,96
plx-2,39,24,33,25,39,42
parp-1,49,31,32,45,35,43
parp-2,76,95,69,87,81,96
parg-1,50,36,43,37,49,64
tank-1,941,843,901,834,860,920
pmk-1,92,96,93,87,82,100
pmk-2,20,13,22,20,14,18
pmk-3,66,55,44,39,44,26
pmp-1,336,223,246,287,245,335
pmp-2,162,105,113,148,141,170
pmp-3,178,139,118,127,139,154
pmp-4,120,97,89,104,79,88
pmp-5,217,127,173,228,174,249
pmr-1,133,103,95,90,100,120
pms-2,24,18,24,11,24,15
pnk-1,75,77,87,72,65,83
pod-1,215,156,149,199,189,223
pod-2,1025,712,837,874,873,1125
pop-1,72,51,67,92,96,119
pph-1,86,63,74,76,85,97
pph-4.1,114,84,83,112,108,119
ppk-1,169,125,113,121,128,117
ppk-2,184,185,161,175,169,183
ppk-3,52,40,37,54,37,57
eif-2Bgamma,116,80,71,95,72,86
pps-1,84,54,59,87,74,93
ppw-2,157,123,129,98,106,120
pqe-1,257,211,215,224,240,243
pqm-1,452,347,273,471,408,437
pqn-8,30,18,18,22,19,29
hgrs-1,158,132,143,162,141,134
pqn-13,0,0,0,30,30,14
szy-20,50,53,54,77,52,53
pqn-15,120,116,107,98,106,134
pqn-18,135,110,98,134,144,144
stam-1,98,73,69,100,88,95
pqn-20,94,79,69,73,73,90
pqn-21,42,44,48,42,38,51
pqn-22,513,360,398,378,423,487
pqn-24,229,208,186,198,167,164
pqn-25,104,95,76,99,90,96
pqn-27,146,102,142,133,104,149
sin-3,246,163,171,168,162,174
pqn-31,218,233,225,239,193,255
pqn-32,0,5,2,87,65,61
ptrn-1,109,74,81,79,92,94
pqn-35,162,136,181,163,148,170
pqn-36,25,24,29,35,32,38
pqn-37,30,26,18,26,46,32
mdt-30,56,72,63,68,45,72
pqn-39,97,78,96,64,49,82
pqn-41,341,282,326,253,306,314
pqn-42,27,19,16,27,24,19
ketn-1,1597,1245,1390,1211,1580,1469
pqn-44,1225,834,740,1222,1157,1265
ifet-1,113,113,94,137,136,146
abu-13,0,0,0,85,72,43
myrf-1,226,248,231,332,350,392
pqn-48,75,66,110,74,65,58
pqn-51,84,75,74,77,78,69
pqn-53,205,161,162,194,165,207
ebax-1,79,53,57,66,83,88
pqn-59,663,538,596,660,559,812
pqn-60,78,83,74,111,78,110
pqn-62,81,78,74,122,97,95
larp-5,102,107,108,79,103,112
pqn-65,98,64,74,61,80,84
pqn-70,137,115,108,185,148,157
pqn-74,38,39,32,58,39,40
pqn-75,49,55,41,71,59,58
pqn-80,125,98,102,74,89,109
pqn-83,312,292,321,318,288,354
pqn-85,154,113,101,150,132,153
pqn-87,676,713,753,568,666,746
pqn-88,28,29,23,28,22,22
pqn-89,272,235,190,325,255,316
pqn-92,73,86,91,67,68,108
pqn-94,276,303,328,262,242,322
abu-14,1,0,0,66,50,38
pqn-96,41,30,37,31,26,42
pqn-98,10,10,6,24,19,22
prg-1,27,18,25,24,25,38
pri-1,56,37,40,58,57,71
pri-2,59,43,40,67,58,55
prk-1,111,80,87,122,122,125
prk-2,9,12,6,35,14,24
T19D2.2,25,24,40,37,26,35
pro-1,152,135,105,93,89,114
prpf-4,160,126,122,123,109,144
prp-8,1170,927,900,1086,997,1144
prp-21,135,132,123,72,93,107
pars-1,542,392,482,505,435,537
pars-2,35,21,26,19,19,28
prx-1,30,26,35,36,20,21
prx-3,37,33,36,42,31,39
prx-5,64,45,66,39,39,65
prx-6,21,12,11,19,13,12
prx-11,40,20,26,38,39,38
prx-12,32,31,35,40,28,42
prx-13,23,26,25,33,34,50
prx-14,104,93,78,120,99,114
prx-19,296,250,218,243,216,252
pry-1,65,45,57,44,56,55
swsn-1,199,211,211,225,235,256
swsn-4,617,547,537,608,580,597
psr-1,31,29,24,42,28,28
pst-1,40,67,47,46,50,53
ptb-1,46,53,33,27,31,50
ptc-1,430,321,271,510,458,451
ptc-3,131,110,103,193,150,143
ptl-1,82,63,69,72,80,97
ptp-1,79,54,56,66,86,97
ptp-2,159,112,135,157,144,158
ptp-3,184,142,143,183,209,223
ptr-1,9,15,6,44,38,26
ptr-2,5,1,3,36,28,20
ptr-3,14,23,15,35,38,37
ptr-4,6,6,7,136,135,87
ptr-5,73,42,29,67,65,61
ptr-6,14,12,15,43,32,37
ptr-8,197,185,168,295,259,290
ptr-10,1,2,4,18,25,20
ptr-11,48,24,23,54,54,50
ptr-12,71,57,62,39,79,69
ptr-13,128,121,120,83,53,54
ptr-14,104,76,77,107,108,138
ptr-18,18,7,11,60,41,30
ptr-21,182,182,183,171,164,193
ptr-22,25,24,34,22,19,15
ptr-23,195,171,176,312,303,295
ptr-24,163,106,127,122,131,112
puf-9,228,205,219,200,215,251
pus-1,117,98,76,84,78,94
pvf-1,104,89,84,103,95,94
pxf-1,77,72,59,57,69,79
pxn-1,147,112,109,158,163,186
pxn-2,246,186,143,222,221,237
pyc-1,1577,1292,1243,2214,1942,1738
pyr-1,593,410,413,295,263,227
qua-1,2,3,1,145,139,83
qui-1,48,50,38,43,36,49
rab-1,440,334,316,492,383,423
rab-3,256,257,248,182,177,237
rab-5,267,233,197,353,291,288
rab-6.1,60,41,51,60,56,63
rab-6.2,50,37,35,54,41,53
rab-7,268,218,209,319,295,307
rab-8,89,67,82,81,61,92
rab-10,149,141,149,145,139,144
rab-11.1,500,379,454,507,476,511
rab-14,71,40,39,59,63,66
rab-18,99,86,61,109,94,77
rab-19,31,28,20,16,28,29
rab-28,10,12,17,19,11,15
rab-33,26,31,21,34,32,31
rab-35,119,93,93,122,94,115
rab-37,33,18,25,24,23,20
rab-39,81,67,72,81,70,76
rad-50,179,133,115,60,79,81
rad-51,20,23,28,29,22,39
ram-2,427,335,346,488,431,435
ran-1,1050,753,800,735,592,739
ran-2,220,201,187,138,164,169
ran-3,265,255,205,199,209,239
ran-4,180,181,180,179,117,163
ran-5,101,84,69,68,87,103
rap-1,77,79,60,80,76,68
rap-2,62,51,56,56,61,68
ras-1,102,78,82,105,72,89
ras-2,46,23,29,32,28,45
rba-1,86,66,76,79,55,72
rbc-1,422,295,316,313,373,351
rbc-2,121,99,114,82,115,109
rbd-1,329,306,299,207,189,246
rbf-1,56,46,54,59,61,54
rbg-1,86,72,75,151,90,87
rbg-2,125,126,121,119,139,135
rbr-2,160,142,147,149,171,186
rbx-1,57,53,50,46,55,49
rcan-1,134,84,80,141,112,124
rcq-5,38,18,31,34,36,40
rde-1,95,72,79,60,102,91
rde-2,31,32,26,34,39,35
rde-4,125,134,112,136,125,151
ret-1,859,685,723,771,895,737
rfc-1,117,85,79,71,68,105
rfc-2,49,44,40,71,47,49
rfc-3,41,38,40,38,45,51
rfc-4,69,66,49,73,76,104
rfl-1,53,37,45,51,35,53
rgr-1,120,83,110,109,107,115
rgs-1,23,35,30,43,37,30
rgs-2,23,34,28,26,31,19
rgs-3,37,32,31,30,18,30
rgs-4,64,68,46,77,56,64
rgs-6,45,51,56,33,45,34
rgs-7,65,49,42,51,57,50
rha-1,169,138,141,114,111,122
rhi-1,128,86,106,117,97,129
rho-1,501,530,571,584,526,558
rhr-1,403,380,337,289,292,357
rhr-2,40,34,29,61,42,60
rib-1,19,24,24,18,23,25
rib-2,13,15,6,7,15,15
ric-3,92,97,85,102,72,82
ric-4,203,182,185,209,189,183
ric-8,89,68,68,71,78,67
ric-19,16,19,19,8,9,11
rig-1,55,77,67,54,61,60
rig-3,225,222,241,198,194,220
rig-4,199,124,165,205,205,203
rig-5,20,23,25,27,21,29
rme-1,430,365,345,329,344,400
rme-4,35,26,21,25,31,27
rme-6,21,28,27,32,35,38
rme-8,251,205,202,245,275,255
rnf-5,78,70,60,60,62,63
rnh-1.0,18,17,19,9,15,9
rnh-2,25,13,25,33,39,34
rnp-1,103,56,58,76,78,68
rnp-2,50,51,51,49,46,45
rnp-3,104,73,76,83,58,87
rnp-4,162,130,132,165,164,164
rnp-5,70,86,54,73,46,89
rnp-6,170,166,159,126,96,133
rnp-7,99,53,70,75,97,97
rnr-1,357,248,247,308,311,406
rnr-2,160,114,121,184,143,205
rol-3,54,57,39,66,58,72
rol-6,0,2,0,134,110,93
rol-8,1,0,5,212,159,125
rom-1,58,42,40,52,36,60
rom-4,85,62,58,43,50,48
rom-5,29,27,27,21,22,38
rop-1,510,446,451,286,249,326
rla-0,928,828,1085,876,1008,1368
rla-1,243,219,271,270,230,378
rla-2,352,256,329,278,258,360
rpc-1,236,184,188,140,152,172
rpl-1,387,273,334,445,433,562
rpl-2,1104,976,1178,951,924,1255
rpl-3,1042,790,1040,1082,1084,1386
rpl-4,1092,801,1045,862,885,1167
rpl-5,1058,921,1036,863,916,1114
rpl-6,768,541,640,634,556,818
rpl-7,925,652,762,720,657,833
rpl-7A,358,346,397,416,426,563
rpl-9,632,502,624,530,548,733
rpl-10,904,591,763,835,733,941
rpl-11.1,89,64,58,44,48,42
rpl-11.2,465,322,445,352,342,503
rpl-12,909,671,806,989,826,1136
rpl-13,509,424,533,465,453,601
rpl-14,426,304,395,307,316,386
rpl-15,603,497,571,533,492,668
rpl-16,513,390,518,511,447,575
rpl-17,537,451,470,478,359,570
rpl-18,439,378,376,348,327,533
rpl-19,702,450,558,519,521,592
rpl-20,639,450,449,559,532,697
rpl-21,835,584,677,585,570,775
rpl-22,589,356,389,519,455,616
rpl-23,741,504,652,615,548,736
rpl-24.1,678,646,778,710,584,903
rpl-24.2,239,157,165,170,141,177
rpl-25.1,262,211,255,230,201,326
rpl-25.2,106,94,82,109,91,123
rpl-26,356,258,292,354,303,413
rpl-27,1060,827,923,991,773,1124
rpl-28,292,230,261,278,224,320
rpl-29,285,226,255,279,239,334
rpl-30,255,222,249,313,254,343
rpl-31,343,263,348,375,276,462
rpl-32,624,527,569,592,536,632
rpl-33,355,248,322,292,268,386
rpl-34,315,228,275,261,245,347
rpl-35,534,409,489,488,378,570
rpl-36,301,241,306,259,249,315
rpl-38,320,200,204,308,233,340
rpl-39,121,112,118,133,112,165
rpl-36.A,465,306,332,374,286,431
rpl-43,190,160,153,133,133,177
rpm-1,45,33,36,18,40,37
rpn-1,635,496,537,445,441,511
rpn-2,665,492,530,510,434,529
rpn-3,541,405,435,511,415,576
rpn-5,366,285,351,315,297,361
rpn-6.1,416,387,379,353,363,398
rpn-7,373,319,345,285,238,303
rpn-8,368,288,296,343,284,321
rpn-9,259,204,234,215,194,259
rpn-10,238,195,211,182,183,210
rpn-11,207,178,207,151,157,209
rpn-12,206,159,128,127,134,160
rps-0,746,553,769,615,626,814
rps-1,846,658,805,819,794,1003
rps-2,814,666,721,878,805,1113
rps-3,722,576,757,593,585,796
rps-4,734,521,687,696,732,891
rps-5,563,422,537,462,419,589
rps-6,503,383,499,513,464,731
rps-7,645,423,619,520,462,717
rps-8,655,465,595,563,556,738
rps-9,651,446,527,506,519,623
rps-10,280,212,286,241,185,337
rps-11,502,380,415,446,415,482
rps-12,119,90,117,173,150,256
rps-13,220,169,205,259,251,357
rps-14,331,278,388,308,301,425
rps-15,470,319,363,345,368,432
rps-16,441,320,392,292,285,379
rps-17,667,523,632,715,634,797
rps-18,768,579,685,652,558,749
rps-19,442,287,357,348,342,486
rps-20,274,197,256,234,205,312
rps-21,262,207,267,214,172,237
rps-22,236,188,222,288,252,303
rps-23,610,518,627,504,540,640
rps-24,846,693,737,742,566,766
rps-25,478,394,407,466,391,625
rps-26,413,382,389,413,318,482
rps-27,148,141,170,124,129,173
rps-28,276,293,293,237,202,290
rps-29,127,83,108,86,75,90
rps-30,448,351,413,459,365,517
rpt-1,313,313,324,315,271,377
rpt-2,321,289,298,281,224,314
rpt-3,276,198,210,200,182,219
rpt-4,441,340,378,370,369,371
rpt-5,366,303,284,279,252,329
rpt-6,244,200,207,218,203,237
rpy-1,44,41,43,46,39,40
rrf-1,132,102,100,106,97,112
rrf-2,37,18,14,23,23,29
rrf-3,40,27,29,35,32,36
rars-1,339,223,232,226,214,268
rars-2,29,32,25,25,19,40
rsd-2,146,121,101,95,119,106
rsd-3,86,76,71,77,69,90
rsd-6,198,188,156,150,171,172
rsp-1,264,198,237,212,211,244
rsp-2,171,155,148,202,155,214
rsp-3,285,253,244,252,203,301
rsp-4,101,66,55,91,73,91
rsp-5,98,92,94,89,82,96
rsp-6,194,159,166,182,185,232
rsp-7,132,125,101,141,134,148
rsp-8,180,111,148,152,110,161
rsr-1,110,110,124,103,103,123
sad-1,63,52,57,52,61,61
san-1,24,18,10,23,21,25
sap-49,91,70,89,64,65,68
sas-4,51,34,35,49,40,48
sax-1,82,63,38,54,62,53
sax-2,233,159,199,217,221,225
sax-3,110,84,95,99,107,114
sax-7,626,524,467,566,601,573
sbp-1,114,118,88,63,80,81
sca-1,2988,2350,2836,2955,2574,2962
scc-1,13,26,20,22,26,27
scc-3,187,124,143,168,151,171
scd-1,380,310,309,387,406,390
scd-2,45,29,31,38,39,32
scm-1,115,88,118,115,102,104
scp-1,282,209,220,197,217,224
sdc-1,34,28,24,25,27,28
sdc-2,82,54,75,60,71,80
sdc-3,79,57,62,51,74,96
sdn-1,82,69,63,84,84,88
sea-2,190,126,149,185,232,212
sec-5,66,56,45,46,57,60
sec-8,77,81,72,84,53,76
sec-23,198,198,209,258,216,277
sec-24.1,300,230,262,298,307,313
sec-24.2,173,117,172,142,132,161
sek-1,55,46,42,56,51,50
sel-1,125,113,109,114,135,131
sel-2,274,200,255,275,263,284
sel-5,118,78,76,120,77,113
sel-8,41,29,23,30,33,34
sel-9,125,79,103,136,104,123
sel-10,85,61,53,71,69,78
sel-11,149,122,117,139,125,146
sel-12,40,40,30,42,24,47
sem-2,16,17,17,22,21,22
sem-4,152,122,126,107,128,114
sem-5,82,50,46,77,75,62
1-Sep,19,12,13,33,24,30
ser-1,17,24,19,27,23,25
ser-2,33,16,23,23,18,22
ser-3,28,21,17,25,23,20
ser-4,23,14,15,15,15,23
set-1,44,38,42,39,46,49
set-2,80,71,67,62,70,86
seu-1,133,122,151,129,105,135
sex-1,26,20,16,8,14,18
sft-1,25,19,24,9,17,17
sft-4,177,124,126,179,128,158
sgk-1,150,140,118,189,140,189
sgn-1,52,60,53,52,67,72
sid-1,53,48,43,33,56,55
sid-2,99,86,80,78,80,87
sip-1,20,12,19,14,13,14
sir-2.1,108,109,81,86,93,97
sir-2.2,78,37,51,108,82,77
skn-1,655,489,519,419,403,455
skp-1,189,135,148,118,114,132
skr-1,454,385,344,409,378,426
skr-2,37,25,26,39,36,47
skr-3,243,207,222,236,208,241
skr-16,52,25,31,44,45,44
F56B3.4,83,60,70,56,46,45
skr-19,9,7,10,9,9,13
skr-20,44,40,28,46,55,54
skr-21,23,13,5,19,14,21
sli-1,39,19,25,47,36,36
slo-1,96,84,92,82,90,100
slo-2,90,55,56,60,58,67
slt-1,295,237,218,248,263,268
sma-1,615,378,457,398,596,628
sma-2,47,38,51,26,28,40
sma-3,82,64,69,65,51,69
sma-4,108,55,69,97,71,86
sma-5,141,111,118,128,116,129
sma-6,126,105,82,86,101,70
sma-9,295,229,240,337,380,301
smc-3,269,214,208,292,281,321
smc-4,179,152,132,211,195,252
smd-1,323,260,250,281,249,319
smf-1,31,22,26,26,29,30
smf-3,16,24,19,12,15,15
smg-1,189,144,148,173,193,191
smg-2,172,162,175,132,170,182
smg-3,211,132,136,182,169,167
smg-4,104,85,59,112,99,104
smg-5,60,45,39,75,64,69
smg-6,197,184,203,159,164,223
smg-7,24,22,22,22,20,28
smi-1,17,12,12,25,17,13
smn-1,42,36,56,42,41,44
smo-1,195,199,213,261,169,296
smp-1,46,47,52,57,92,70
smp-2,35,26,36,36,57,39
smr-1,69,71,55,47,39,56
sms-1,93,77,70,122,92,86
sms-2,20,26,21,27,35,37
sms-3,42,37,22,51,34,31
smu-1,103,72,68,59,70,75
smu-2,92,65,68,59,63,52
snb-1,207,202,178,212,197,191
snb-2,45,44,35,50,40,44
snf-1,127,102,113,108,100,106
snf-3,237,216,167,234,262,229
snf-6,45,35,45,57,73,44
snf-11,279,214,193,256,224,226
snf-12,25,22,26,14,10,21
sng-1,54,46,40,37,47,33
snn-1,36,28,30,27,33,35
snr-1,266,204,233,257,182,253
snr-2,183,142,161,173,182,171
snr-3,126,106,96,128,108,165
snr-4,204,158,147,200,180,218
snr-5,116,96,92,98,90,124
snr-6,129,128,124,118,92,138
snr-7,167,141,134,123,114,131
snt-1,234,249,263,185,177,185
snt-2,34,27,22,37,27,31
snt-3,96,83,88,85,100,92
snt-4,401,326,337,439,385,372
snt-5,77,58,65,76,62,51
snt-6,27,19,14,35,27,21
snx-1,53,57,62,58,62,60
soc-1,33,33,27,34,30,36
soc-2,187,148,167,185,164,206
sod-1,488,378,392,346,313,347
sod-2,169,162,170,213,199,237
sod-4,123,96,73,140,123,119
sol-1,37,24,20,27,28,24
sop-2,81,51,46,83,82,78
sop-3,81,56,55,57,60,73
sos-1,86,75,64,77,107,125
sox-2,57,43,53,61,47,44
sox-3,17,17,18,18,15,21
spc-1,1603,1203,1352,1450,1448,1430
spd-1,28,37,34,33,37,43
spd-2,65,60,66,84,80,73
spd-5,275,225,245,319,278,361
spe-15,20,21,18,18,16,12
spe-39,27,22,21,30,32,28
spg-7,816,630,592,662,528,718
sph-1,152,99,90,166,114,142
spk-1,285,235,240,259,256,274
spl-1,594,528,489,534,497,589
spp-1,210,180,169,276,187,230
spp-2,178,192,167,349,221,248
spp-3,545,492,577,628,454,680
spp-4,20,14,16,32,15,28
spp-5,1165,889,966,1241,862,1145
spp-8,308,235,231,232,188,280
spp-10,865,686,692,795,762,820
spp-14,1390,1282,1362,1746,1292,1730
spp-15,154,180,135,187,135,163
spp-16,58,32,33,40,57,56
spp-17,216,142,160,144,126,223
spp-18,229,207,213,190,165,186
spr-1,17,21,22,28,20,24
spr-2,103,100,109,149,112,155
spr-4,103,87,84,110,112,121
spr-5,102,84,92,75,81,102
spt-4,37,25,25,23,23,30
spt-5,322,244,293,305,285,345
sqt-1,0,0,0,293,222,158
sqt-2,1,1,0,181,154,134
sqt-3,0,1,1,236,181,134
sqv-1,45,33,37,39,51,50
sqv-3,27,26,26,21,26,30
sqv-4,86,64,69,87,75,85
sqv-5,45,38,43,52,40,53
sqv-6,86,66,56,49,72,63
sqv-7,29,22,41,17,36,26
sqv-8,16,8,9,14,12,18
src-1,112,91,86,68,57,93
src-2,21,10,16,14,14,19
srf-3,42,35,42,51,37,49
srp-3,45,33,26,30,27,39
srp-6,88,69,79,85,73,93
srp-7,438,389,383,393,361,447
srr-1,38,15,29,22,22,22
srr-4,279,268,272,219,199,227
sars-2,53,60,59,50,42,55
sars-1,500,372,411,365,326,408
srv-1,48,36,42,23,26,33
srw-85,34,22,22,20,30,31
ssr-2,25,41,17,28,24,23
stc-1,74,43,53,67,49,62
stl-1,169,162,115,164,123,154
stn-1,41,58,47,51,42,62
sto-2,15,17,19,17,16,20
sto-4,47,39,43,45,51,36
sto-5,46,34,35,37,41,35
sto-6,21,24,19,18,16,22
str-176,36,19,22,29,34,38
sue-1,116,78,83,98,91,85
suf-1,136,125,138,90,82,95
sul-2,84,68,61,110,87,93
sup-9,27,13,24,24,23,22
sup-10,24,31,33,15,21,21
sup-12,143,122,120,147,131,134
sup-17,96,64,64,84,74,104
sup-26,392,362,401,366,388,450
sup-37,171,145,147,121,126,141
sur-2,97,83,96,119,111,108
sur-5,652,571,650,333,385,448
sur-6,238,189,194,235,202,224
sur-7,68,66,52,72,46,63
swp-1,22,24,17,14,25,26
syd-1,26,23,23,30,20,23
syd-2,37,25,40,34,46,35
syg-1,93,79,67,84,79,86
sym-1,20,14,14,328,318,277
sym-2,33,35,32,69,50,73
sym-4,50,48,34,47,50,51
syx-3,107,59,60,89,76,91
syx-2,49,50,55,55,44,66
syx-5,88,64,61,93,64,83
sys-1,36,25,23,26,33,33
tac-1,44,29,52,43,42,33
taf-1,93,68,88,75,72,127
taf-2,43,27,22,26,23,33
taf-3,50,44,48,47,45,45
taf-4,38,43,37,23,24,27
taf-5,63,65,64,73,73,76
taf-6.1,12,17,17,13,13,22
taf-7.2,28,16,29,23,18,28
taf-8,31,39,32,51,42,38
taf-9,21,18,13,25,29,32
taf-10,64,45,46,67,52,61
taf-11.1,19,17,16,19,15,15
taf-12,40,44,43,39,42,52
taf-13,23,21,23,32,29,36
fut-3,36,27,23,23,30,17
tag-10,1582,1469,1357,1418,1231,1574
itsn-1,253,199,203,214,212,206
srgp-1,115,85,91,118,98,112
lim-9,443,359,361,403,385,369
tag-18,322,306,317,297,284,335
nck-1,114,117,119,124,89,138
nlg-1,73,48,56,65,68,56
raga-1,147,109,116,125,141,116
tag-30,33,47,41,59,44,62
asd-2,214,181,186,194,220,248
ctbp-1,63,51,30,43,59,50
tag-51,15,13,16,9,11,17
tag-52,73,52,45,85,98,117
atrn-1,95,81,76,76,102,96
sdhb-1,669,585,593,635,640,739
prdx-2,845,711,779,963,734,1086
ttn-1,1509,818,965,733,1614,1238
mrck-1,302,232,209,234,271,270
nrfl-1,925,728,694,682,603,795
ant-1.1,3329,2793,3200,3036,2716,3484
tag-63,11,7,10,11,13,19
cpna-4,38,49,32,38,42,35
tag-65,39,56,46,36,29,35
pak-2,20,20,23,21,12,14
shn-1,47,53,49,59,68,73
tag-68,10,12,17,16,18,13
atx-3,18,20,21,26,18,13
tag-72,58,50,49,53,62,62
glod-4,73,61,46,95,68,72
tag-77,72,74,67,53,61,54
heh-1,145,143,147,145,120,134
tag-89,37,33,31,43,36,41
ppm-1.A,405,371,384,421,414,441
svh-5,45,43,32,37,39,37
nduf-2.2,18,14,13,20,16,18
bath-47,27,10,27,29,28,23
fntb-1,82,110,95,119,87,138
magu-2,60,84,76,71,64,97
rhgf-1,65,43,60,41,48,61
tag-120,186,121,141,200,166,187
tag-123,339,276,342,336,293,338
tag-124,24,20,26,18,13,26
wdr-5.1,90,79,76,102,65,91
tyra-3,25,16,26,18,17,18
rhgf-2,46,36,45,39,38,43
chup-1,11,14,17,12,17,17
tag-131,99,64,74,109,89,83
tmbi-4,110,124,127,129,122,137
plrg-1,145,98,107,106,109,129
dgk-4,83,69,56,61,99,77
zhit-3,224,158,165,141,125,139
kdin-1,269,225,205,199,221,255
acl-3,54,38,36,35,17,45
let-391,26,16,17,38,26,30
ivns-1,82,48,56,76,78,98
zipt-7.2,127,93,122,114,106,144
cpna-1,129,102,156,108,110,117
cgef-1,45,35,43,53,55,49
tag-151,579,389,432,209,204,270
ten-1,139,101,129,113,150,108
tag-153,22,17,26,25,14,24
snx-3,69,68,66,73,59,74
kcc-1,815,617,542,711,545,632
lagr-1,2,12,15,11,3,13
tns-1,265,240,255,249,287,246
mtrr-1,181,157,146,266,193,263
abcf-1,350,269,300,276,235,281
rimb-1,52,34,37,31,48,45
tdp-1,55,38,39,39,43,41
txdc-9,180,165,124,204,148,178
vps-16,69,56,58,61,55,88
madd-3,122,94,125,83,85,100
bckd-1B,253,205,247,263,225,287
cox-6A,520,407,392,459,448,557
tag-175,29,25,39,33,20,26
tam-1,76,58,83,79,78,86
tap-1,62,50,47,53,37,42
tax-6,370,259,282,331,286,320
tba-1,1056,834,903,1117,995,1217
tba-2,1174,1019,976,1199,1026,1465
tba-4,134,150,116,166,159,205
tba-5,49,50,33,38,49,34
tba-7,184,180,184,124,131,156
tba-8,30,25,36,66,53,73
tba-9,39,28,43,41,34,35
tbb-1,1026,865,915,1083,1011,1257
tbb-2,1453,1204,1254,1679,1407,1971
tbb-4,79,73,73,50,67,64
tbb-6,38,25,30,13,11,15
tbg-1,37,40,42,41,29,34
tbp-1,49,39,51,53,36,45
tbx-2,45,66,65,55,57,48
tcl-2,17,19,18,28,26,18
tdc-1,69,57,58,68,79,67
teg-1,59,71,69,54,61,61
tfg-1,166,171,176,177,174,225
tgt-1,137,77,72,82,53,81
tgt-2,107,63,74,42,29,47
tig-2,30,24,31,31,45,30
tim-1,53,49,54,50,61,96
tin-9.1,91,76,82,90,58,118
tin-10,113,89,116,97,68,111
tin-13,142,109,139,142,112,147
tir-1,157,145,133,103,102,129
tlf-1,76,56,58,41,56,49
tli-1,79,62,80,73,62,86
tlk-1,298,216,211,245,244,237
tlp-1,37,54,57,41,38,46
tmd-2,75,57,74,69,70,59
tnc-2,209,175,169,180,184,165
tni-1,1986,1675,1523,2031,1669,1952
tni-3,246,242,224,226,201,204
tni-4,432,216,268,320,305,344
tnt-2,1630,1296,1208,1600,1458,1610
tnt-3,246,163,231,206,170,231
tnt-4,458,443,446,487,431,520
toc-1,112,72,75,126,115,150
toh-1,46,30,22,45,42,61
dpy-31,135,112,87,123,105,139
tol-1,166,145,130,150,154,138
tom-1,140,110,102,139,162,153
top-1,377,305,301,390,327,415
top-3,12,16,8,10,14,8
tpa-1,215,188,184,188,188,183
tph-1,9,11,17,18,11,12
tpi-1,508,398,435,473,429,493
tps-1,412,274,248,456,392,406
tps-2,256,198,179,419,388,369
tra-1,140,91,86,100,115,115
tra-2,89,81,74,64,100,86
tra-3,52,34,46,26,32,42
tre-1,223,180,173,307,272,261
tre-2,77,67,46,124,115,113
tre-3,80,75,83,111,93,112
tre-4,53,35,37,37,38,27
tre-5,16,16,18,64,63,58
trm-1,127,90,100,89,75,94
trp-1,34,31,40,43,34,43
trp-2,40,21,29,19,30,25
trp-4,14,13,10,8,13,10
tars-1,626,532,575,631,520,716
tsn-1,776,586,605,763,743,813
tsp-3,26,21,27,38,35,48
tsp-6,17,16,19,24,25,30
tsp-7,36,38,25,29,39,30
tsp-8,281,236,234,216,185,236
tsp-9,101,76,87,77,81,98
tsp-10,79,47,46,48,43,46
tsp-11,51,51,41,42,41,38
tsp-12,38,35,31,52,54,53
tsp-14,19,7,18,31,19,29
tsp-15,48,54,47,47,57,68
tsp-17,19,17,12,26,15,9
tsp-20,25,19,14,38,19,24
tsr-1,103,95,92,89,74,85
ttb-1,62,51,61,37,34,42
tth-1,53,35,43,68,62,60
ttx-1,32,30,24,33,33,35
tub-1,35,16,17,21,27,41
twk-1,40,29,34,38,50,50
twk-2,28,19,26,41,33,45
twk-5,27,17,16,25,18,22
twk-7,13,10,10,8,17,11
twk-8,163,147,132,192,146,174
twk-9,12,14,13,18,14,16
twk-12,81,71,64,47,62,55
twk-13,17,15,16,16,18,11
twk-14,18,9,19,15,4,17
twk-17,11,17,24,12,18,14
twk-18,363,306,302,316,244,276
twk-22,11,9,21,9,12,17
twk-24,40,37,38,38,46,34
twk-29,28,16,31,24,31,28
twk-30,45,51,48,45,33,43
twk-31,62,58,46,55,41,52
twk-33,30,34,27,36,24,25
twk-34,34,33,43,14,18,15
twk-39,25,16,20,33,17,24
twk-40,13,12,13,13,8,9
twk-42,45,23,35,28,22,37
twk-43,57,51,39,51,51,39
twk-46,18,25,28,27,20,26
uaf-1,298,267,263,245,243,239
uaf-2,214,195,188,209,163,229
uba-1,1590,1137,1184,1021,943,1189
uba-2,66,56,57,54,58,47
ubc-1,158,160,154,178,145,164
ubc-3,126,128,115,179,175,177
ubc-6,59,43,62,51,47,73
ubc-7,236,163,160,184,178,180
ubc-8,84,76,60,122,96,106
ubc-9,243,213,210,320,219,317
ubc-12,92,74,102,84,77,84
ubc-13,90,86,94,104,87,109
ubc-14,106,73,66,60,43,73
ubc-15,47,33,34,33,36,39
ubc-16,34,27,22,28,34,34
ubc-17,29,13,8,25,15,27
ubc-18,95,77,77,75,74,93
ubc-19,8,13,13,18,15,11
ubc-20,209,160,152,213,140,196
ubc-25,228,194,157,299,202,232
ubh-2,28,24,17,16,16,29
ubh-3,121,78,110,98,72,92
ubh-4,205,145,195,150,148,203
ubl-1,385,325,338,448,394,548
ubl-5,69,63,67,64,38,71
ubq-1,2014,1598,1505,2202,1588,1835
ubq-2,525,369,397,405,387,536
ucp-4,33,33,34,34,32,44
uev-1,114,81,100,104,89,121
uev-3,28,22,20,36,24,28
ufd-1,128,123,108,93,93,87
ufd-2,149,130,123,136,139,138
ula-1,96,80,85,60,63,64
ulp-1,112,72,87,84,86,84
ulp-2,88,95,76,71,91,68
ulp-4,152,111,132,131,140,132
unc-1,115,127,116,110,109,94
unc-2,106,59,87,37,106,101
unc-5,56,61,66,48,65,71
unc-6,84,86,72,88,75,80
unc-7,92,73,77,72,71,71
unc-8,19,15,17,13,13,22
unc-9,79,64,59,67,67,54
unc-10,103,76,84,65,74,76
unc-11,265,215,204,199,206,212
unc-13,156,87,115,111,158,132
unc-14,201,162,173,171,169,200
unc-15,5179,4000,4622,4258,4698,4553
unc-16,242,224,239,249,291,273
unc-17,96,61,89,90,70,89
unc-18,464,415,442,387,413,396
unc-22,4046,2876,3186,2979,4260,3500
unc-23,1333,1034,910,1420,1356,1702
unc-24,18,17,14,13,17,18
unc-25,296,249,244,257,262,272
unc-26,84,77,63,59,66,67
unc-27,1391,1282,1223,1292,1274,1270
unc-29,47,37,38,41,45,47
unc-31,61,41,38,46,59,51
unc-32,560,414,424,516,548,561
unc-33,52,60,72,58,84,72
unc-34,128,107,129,129,117,131
tln-1,884,669,759,783,880,840
unc-36,159,129,129,131,134,118
unc-37,145,104,111,122,121,131
unc-38,53,45,42,33,37,34
unc-40,153,129,124,184,181,181
unc-41,143,110,106,100,116,107
unc-43,541,500,503,450,441,503
unc-44,860,659,735,620,798,763
unc-45,211,178,175,292,225,222
unc-46,30,21,15,19,12,16
unc-47,23,25,23,30,20,18
unc-49,28,17,30,30,32,33
unc-50,49,51,61,54,62,58
unc-51,215,177,189,260,241,264
unc-52,1421,1071,1228,1739,1720,1858
unc-53,110,78,72,72,95,84
unc-54,12731,10748,11933,10191,10784,10781
unc-57,230,228,201,207,199,215
unc-58,32,34,31,28,37,30
unc-59,66,47,64,73,72,87
unc-60,157,141,136,182,163,169
unc-61,75,55,70,79,70,93
unc-62,84,73,72,72,67,90
unc-63,46,35,35,32,42,27
unc-64,129,125,141,166,127,162
unc-68,744,488,607,531,798,692
unc-69,48,38,46,57,32,55
unc-70,1193,924,967,1052,1133,1066
unc-71,41,34,38,30,30,33
unc-73,347,287,276,344,337,330
unc-75,50,45,33,39,55,45
unc-76,165,150,159,146,146,130
unc-77,43,32,33,39,43,37
unc-78,216,159,170,184,236,196
unc-79,60,33,46,40,69,50
unc-80,198,121,142,134,208,199
unc-82,194,196,150,177,201,171
unc-83,175,152,156,141,198,181
unc-84,196,176,166,165,170,219
unc-85,82,70,68,109,70,98
unc-86,27,32,38,27,24,27
unc-87,3078,2836,2785,3233,2616,2997
unc-89,2414,1495,1613,1516,2424,2127
unc-93,23,30,25,18,17,23
unc-94,292,252,269,319,317,303
unc-95,198,183,193,178,194,189
unc-96,124,92,82,121,95,129
unc-97,280,232,222,202,224,206
unc-98,111,107,115,108,82,102
unc-101,53,38,31,51,33,60
unc-103,96,56,68,88,81,78
unc-104,285,190,172,208,222,228
unc-105,44,36,26,26,35,29
unc-108,709,601,566,820,688,710
unc-112,560,479,523,506,466,505
unc-115,293,256,233,278,273,272
unc-116,411,315,324,415,369,423
unc-119,61,45,43,52,52,51
unc-120,107,83,95,70,76,78
unc-122,40,30,32,33,36,30
unc-129,247,218,218,257,206,206
unc-130,25,17,25,29,26,22
usp-14,246,198,194,204,163,237
cal-5,119,109,102,152,115,161
pnk-4,53,34,34,58,46,38
gyg-1,652,541,559,683,572,608
npr-16,14,8,9,8,14,12
vab-1,80,70,71,85,89,97
vab-2,17,14,32,15,16,13
vab-3,36,27,22,31,39,30
vab-8,110,75,91,81,99,100
vab-9,53,67,37,72,73,63
vab-10,1031,777,796,954,1375,1361
vab-19,67,75,70,86,95,82
vap-1,153,155,138,264,264,312
vav-1,64,71,67,60,81,71
vbh-1,47,37,40,23,36,32
pfd-3,208,171,162,241,195,239
vem-1,300,248,217,213,185,184
spon-1,240,175,199,195,218,194
ver-3,116,116,110,163,120,146
vha-1,440,336,405,420,377,464
vha-2,1208,1116,1196,1311,1025,1440
vha-3,520,387,431,408,379,515
vha-4,457,379,383,433,350,495
vha-5,1152,940,903,1318,1235,1309
vha-6,1031,792,847,835,754,1037
vha-7,121,118,119,165,151,165
vha-8,1363,1079,1056,1389,1109,1480
vha-9,495,433,388,531,434,536
vha-10,1080,875,921,1135,957,1191
vha-11,1924,1537,1510,1717,1590,1796
vha-12,3005,2583,2702,3102,2555,3368
vhp-1,381,277,220,379,391,358
vig-1,794,658,769,638,667,781
vps-26,110,67,88,106,90,101
vps-34,148,121,107,114,122,122
vps-35,149,120,115,153,136,148
vps-54,62,34,45,42,22,67
vars-1,96,70,63,72,82,87
glp-4,728,504,590,633,651,616
wah-1,460,402,409,457,365,509
wee-1.3,33,20,15,32,33,31
wnk-1,205,121,108,245,242,278
wrk-1,230,203,185,231,176,212
wrm-1,17,20,22,24,21,14
wrn-1,59,41,39,33,30,28
wars-1,301,207,224,231,194,252
prx-10,35,24,23,23,18,25
wrt-1,3,1,2,105,74,43
wrt-2,0,0,1,62,56,34
wrt-4,0,1,0,38,29,20
wrt-5,34,20,30,24,25,19
wrt-9,0,0,2,40,20,9
wrt-10,1,1,1,128,96,72
wsp-1,79,84,82,53,67,59
wve-1,42,42,32,33,42,34
xbp-1,817,687,571,1396,998,978
xnp-1,264,196,169,321,300,307
xpa-1,45,25,28,27,31,30
xrn-2,230,197,212,136,162,208
xtr-1,69,60,29,69,41,41
yars-2,47,35,37,38,25,42
zag-1,57,47,50,51,43,35
zak-1,43,45,30,42,26,43
zen-4,66,56,51,60,64,65
zfp-1,265,210,203,208,249,263
zig-1,209,142,156,124,152,150
zig-3,32,30,29,13,10,18
zig-4,301,271,226,29,44,29
zig-5,65,47,40,62,44,46
zig-7,67,55,56,163,97,88
zig-8,34,30,42,41,42,37
zip-1,35,34,46,40,44,44
zyg-1,14,8,14,11,20,13
zyg-8,60,45,36,44,42,41
zyg-9,200,170,195,209,204,234
zyg-11,276,247,192,251,234,223
zyg-12,39,42,43,30,33,40
zyx-1,301,276,265,303,292,303
tufm-1,1091,880,988,924,788,998
tufm-2,180,130,131,156,110,155
npr-3,13,17,21,21,22,22
mak-2,80,72,78,64,49,72
rfp-1,195,137,176,166,160,169
wwp-1,215,177,165,166,178,223
alx-1,600,496,548,514,479,648
mdt-1.2,19,15,18,12,14,19
mdt-4,21,29,23,18,20,21
mdt-8,22,33,30,42,37,43
mdt-10,26,19,28,18,30,18
mdt-11,26,30,31,20,35,29
mdt-15,489,352,370,490,522,534
mdt-17,68,57,59,64,43,68
mdt-18,19,24,24,27,19,24
mdt-19,29,39,43,57,35,49
mdt-20,29,28,24,20,11,26
immp-1,14,25,16,11,20,10
mdt-22,22,28,32,32,30,36
mdt-27,33,17,25,28,28,33
plin-1,386,272,247,448,372,385
mdt-29,80,64,64,59,65,72
mdt-31,44,41,31,24,21,40
ssl-1,326,215,260,250,292,282
trr-1,305,221,235,264,291,284
mys-1,70,43,57,54,40,62
epc-1,315,214,260,295,332,329
tag-180,38,33,45,44,36,49
pbrm-1,448,369,372,544,450,500
algn-10,54,53,49,54,53,59
cpna-5,205,148,138,175,162,166
tag-189,18,15,13,22,21,21
wts-1,48,27,36,29,41,44
nfx-1,85,74,84,66,76,86
utp-20,871,682,648,687,717,723
chd-7,448,312,353,343,418,462
scpl-1,145,123,141,110,136,148
tag-196,226,218,170,285,264,272
dmd-6,253,276,275,258,278,311
vps-52,38,29,34,38,38,36
rga-9,23,15,12,35,11,18
cTel55X.1,82,87,75,78,74,81
ugt-49,71,46,56,112,75,79
AC3.5,258,191,198,331,325,372
ugt-1,205,216,238,131,134,165
ugt-2,117,81,89,87,84,122
B0001.3,65,50,53,58,46,58
B0001.4,93,84,83,73,58,72
B0001.5,31,39,28,32,31,32
eri-12,172,132,155,178,136,167
B0001.8,34,28,30,27,29,19
B0019.2,28,35,20,25,15,27
trx-2,64,56,45,61,53,63
asps-1,50,42,42,41,30,39
B0024.11,182,154,164,85,102,104
B0024.13,38,37,31,36,29,34
crm-1,152,168,153,117,162,138
znf-207,82,56,64,67,65,83
B0035.3,15,19,21,28,30,28
pfd-4,158,134,127,201,160,235
gspd-1,530,413,427,309,298,357
edg-1,29,22,14,18,21,15
leo-1,126,78,108,94,96,94
sart-3,127,109,114,111,125,146
B0035.13,207,161,160,217,174,168
B0035.15,99,85,102,79,59,84
B0198.3,44,32,30,22,33,21
npp-22,148,112,133,107,80,109
calf-1,7,16,16,15,9,13
B0250.5,269,184,213,209,202,209
dhcr-7,76,72,66,57,69,54
memb-1,8,17,13,14,9,19
B0272.3,252,217,207,273,265,245
B0272.4,40,36,36,57,42,37
cdk-12,103,102,88,111,95,99
lcmt-1,91,72,71,47,61,71
B0285.6,42,52,29,41,31,26
mnp-1,183,129,136,154,191,193
ttr-18,349,319,273,438,357,453
B0334.3,405,314,346,344,335,393
B0334.4,74,60,68,70,57,75
B0334.5,4,5,8,9,6,6
acly-2,119,85,92,105,122,111
clec-41,555,507,521,506,565,700
B0379.1,114,119,95,78,89,91
fbxa-152,13,8,9,21,16,6
rbg-3,37,46,18,29,36,24
B0393.3,17,19,26,28,32,32
B0393.5,5,3,1,21,24,19
B0395.3,95,63,83,113,85,83
kcnl-1,49,39,46,41,31,47
B0457.2,64,58,75,63,68,75
B0457.6,42,19,28,45,25,52
ctr-9,281,195,245,241,208,281
nlp-36,196,176,190,181,160,189
B0464.6,139,121,126,137,78,127
tag-342,26,26,32,12,17,23
B0464.9,25,31,29,30,20,16
B0491.1,30,13,28,31,21,18
lgc-20,28,30,22,20,19,25
B0491.5,316,205,228,255,226,304
B0491.6,81,58,48,101,86,80
B0491.7,163,140,106,110,90,123
thoc-7,29,35,44,27,27,32
prdh-1,375,289,324,304,334,304
vamp-8,52,50,48,44,57,47
exos-4.1,41,28,27,29,21,33
best-1,43,49,44,64,65,56
B0564.7,142,130,143,103,102,132
C01A2.2,29,22,28,58,52,50
oxa-1,179,149,164,161,146,141
C01A2.4,106,108,75,114,95,152
tads-1,89,72,81,77,65,62
nlp-38,66,58,60,63,70,68
C01B9.1,46,24,44,32,38,52
cpna-3,53,28,33,41,49,40
C01F6.9,108,100,86,99,63,93
C01G6.4,36,35,14,47,31,39
C01G6.5,356,270,321,327,346,370
acs-7,148,102,110,155,99,114
C01G10.4,29,41,36,37,44,62
C01G10.5,86,139,155,116,132,194
C01G10.6,134,138,135,132,110,155
C01G10.7,57,54,37,66,64,56
ahsa-1,686,414,401,878,654,798
C01G10.9,61,42,41,33,51,48
C01G10.15,226,227,235,248,213,272
madf-5,41,52,48,62,58,67
C01G12.7,35,21,25,41,28,32
C01H6.4,41,45,48,26,24,33
swsn-9,97,107,98,137,96,122
C01H6.8,44,24,36,65,53,60
hasp-1,29,17,9,24,27,21
olrn-1,59,42,35,37,46,50
lron-3,94,80,95,99,93,110
C03A3.1,19,26,29,18,14,20
C03A3.2,183,144,153,169,133,165
rei-1,102,79,86,57,82,97
C03D6.1,17,30,31,32,28,31
C03H12.1,56,31,43,32,33,39
C04A11.1,4,4,6,7,10,6
gck-4,134,110,85,71,93,109
arrd-25,197,193,202,193,210,214
C04F12.1,33,24,19,30,25,28
C04F12.8,94,98,93,65,86,94
ttr-39,67,57,63,59,55,49
C04H5.1,80,56,58,54,55,63
nlp-41,15,20,15,17,17,22
C05A9.2,96,85,74,121,104,99
C05B5.4,35,34,35,22,35,25
C05B5.8,99,87,82,137,98,88
C05C10.2,182,107,124,72,61,72
C05C10.3,1894,1593,1643,1354,1234,1401
pho-11,408,279,227,449,302,298
ufd-3,152,150,156,135,111,157
C05C12.4,202,154,137,181,161,185
C05D12.1,25,25,22,31,29,32
C05D12.2,32,21,34,20,29,21
C05G5.1,86,60,62,85,69,96
C05G5.2,18,8,9,11,9,9
C05G5.3,38,40,32,30,28,31
sucl-1,614,538,537,613,500,657
cdc-48.1,793,624,707,752,638,783
C06A1.2,53,45,41,39,39,51
rpb-6,166,135,131,140,152,152
C06A12.3,28,29,24,21,30,24
cyp-35C1,267,228,263,60,74,93
stdh-1,132,101,82,130,129,113
C06B3.6,694,462,370,759,772,724
C06B8.7,26,24,28,30,35,42
swt-3,36,39,48,51,65,69
atp-5,1296,1003,1097,1183,1038,1253
C06H2.2,107,71,85,100,66,103
jmjd-5,94,90,92,90,90,93
folt-1,13,16,5,9,12,17
glb-3,36,21,25,32,27,30
lmtr-3,71,60,55,80,50,58
C06H5.6,143,98,96,129,97,103
dcar-1,61,59,38,39,44,49
tiar-3,15,22,22,15,20,19
C07A4.2,16,22,21,25,14,12
bud-31,68,60,72,61,47,59
ugt-60,115,110,89,126,116,141
set-3,40,26,32,34,32,39
best-5,19,15,9,44,25,21
C07A9.9,99,97,130,70,61,74
C07B5.4,24,18,33,39,37,31
stip-1,53,43,47,44,35,35
pro-2,449,424,384,210,169,234
C07E3.3,17,20,15,29,34,17
ceh-58,21,16,16,31,25,17
C07E3.9,27,27,17,45,36,44
C07H4.1,55,58,57,94,62,77
ugt-17,255,199,168,221,203,183
C08B6.3,46,32,24,31,34,34
wdr-20,61,34,41,39,40,53
C08B6.8,75,51,71,60,63,68
C08B6.11,21,22,25,25,21,28
swsn-7,181,175,168,168,152,188
arp-6,10,18,21,24,12,26
algn-6,63,64,47,69,60,61
C08B11.9,42,23,32,19,21,16
C08E8.4,36,32,50,30,24,47
pfd-1,236,175,162,300,201,274
C08F8.2,97,59,61,53,81,84
C08F8.9,75,57,71,66,56,84
C08F11.1,77,37,44,36,21,31
ugt-22,1364,1103,1178,614,556,702
C08F11.13,103,47,47,74,66,78
vgln-1,549,470,535,455,536,660
algn-8,41,31,23,26,24,27
C09E9.1,37,40,30,57,34,56
C09F9.2,35,20,27,200,207,206
glna-1,60,50,60,54,60,62
C09F12.2,22,22,23,39,51,37
C09G1.4,23,23,19,17,22,18
C09G1.5,7,13,4,8,13,4
dph-2,38,29,39,35,27,46
mks-5,9,7,6,10,4,14
C09G9.1,79,90,85,89,90,83
npp-23,60,46,46,42,39,51
C09G9.5,26,16,10,24,16,18
nasp-1,68,77,79,101,103,132
apc-17,11,16,13,14,17,13
glb-4,13,8,10,5,11,11
nbs-1,29,25,25,31,19,14
pezo-1,379,313,340,346,424,421
wht-2,32,26,24,33,31,30
catp-8,298,220,207,400,320,367
gpx-5,37,26,31,45,56,59
gpx-3,44,43,48,77,77,66
C11E4.6,64,57,63,50,62,54
C11H1.3,24,15,15,25,25,35
cbl-1,167,110,119,107,108,116
fubl-1,142,124,150,107,90,143
daf-36,103,94,89,76,58,71
C13B4.1,73,51,60,73,83,81
nhr-153,29,25,23,18,22,17
nhr-154,92,78,61,48,41,40
spin-1,118,120,119,62,76,81
C13C12.2,1,0,0,27,19,20
C13G3.1,35,24,27,27,23,23
pptr-2,138,132,161,148,110,148
dohh-1,78,71,61,44,54,53
algn-9,56,47,45,50,40,48
C14A4.6,88,66,91,97,68,100
C14A4.7,31,20,22,42,20,25
ccm-3,40,46,45,70,52,78
C14A4.12,60,65,58,73,61,73
mrps-22,296,269,240,335,225,286
clec-48,106,70,69,107,108,107
C14B1.3,43,28,41,45,45,37
dph-1,68,47,51,52,45,47
nrde-1,60,46,44,49,50,38
C14B1.8,33,24,35,44,29,42
alkb-8,103,80,89,81,79,84
C14B4.2,93,73,98,63,93,73
C14C10.2,43,20,29,31,16,17
ril-2,64,55,67,41,69,54
mma-1,453,329,380,341,331,376
C14C10.5,772,582,638,481,439,499
ttr-43,27,33,18,21,18,24
zipt-13,85,70,61,127,111,141
C14H10.2,114,104,107,140,120,140
C14H10.3,151,113,123,187,163,150
C15A11.7,58,87,86,115,155,127
C15C6.3,105,88,89,76,78,84
xbx-9,103,60,60,89,71,81
hrg-7,1398,1792,1992,1506,1492,1580
C15C8.4,94,64,93,96,88,83
C15C8.7,14,22,19,38,20,17
rpoa-12,85,65,85,58,49,45
rrbs-1,462,391,398,351,279,357
ocrl-1,124,77,91,116,115,115
C16C2.4,164,130,130,196,133,167
C16C10.1,20,19,14,12,9,10
C16C10.2,184,147,192,121,135,127
hrde-1,108,78,77,75,80,90
C16C10.4,72,81,78,82,63,78
rnf-121,23,23,25,23,22,24
ccdc-55,50,50,40,39,30,33
C16C10.8,119,118,121,81,62,88
har-1,442,433,440,511,403,504
npr-4,30,31,30,20,21,22
dhhc-7,31,26,23,23,23,24
C17D12.7,16,11,8,18,11,15
C17E4.6,61,37,54,37,54,41
nkb-1,1017,782,776,947,778,806
C17E4.10,82,62,76,104,103,95
ugt-23,117,103,98,135,88,113
nra-3,43,40,48,48,49,38
C17G1.5,16,15,19,21,15,22
cysl-1,214,168,158,253,224,233
seb-3,63,49,47,36,54,60
C18B12.4,156,102,91,227,168,157
C18B12.6,57,36,50,74,51,62
fbxa-136,14,12,12,21,14,22
C18D4.6,11,10,11,14,9,12
C18D11.1,159,154,151,204,203,212
C18D11.3,57,53,53,64,51,78
C18E9.2,212,169,138,282,182,211
C18E9.4,290,210,257,293,248,288
C18E9.5,263,230,214,281,228,259
tomm-40,389,331,335,382,313,391
C18E9.9,196,152,154,239,183,220
sftd-3,20,20,28,24,22,33
C23H4.3,72,73,63,68,58,64
C23H4.7,49,40,43,35,39,45
tram-1,264,192,188,310,277,365
qns-1,102,92,96,92,86,112
gbf-1,386,308,341,399,387,394
C25A1.1,29,35,28,42,27,34
fath-1,118,97,96,136,85,107
rsa-1,19,7,16,17,16,30
lid-1,33,24,27,50,41,43
mrpl-34,115,92,94,98,89,112
otub-1,86,90,70,79,62,98
C25D7.10,30,24,23,32,20,25
C25F9.4,33,34,35,24,26,31
C25G4.2,21,20,21,33,16,17
C25G4.3,40,41,40,34,27,38
igdb-2,123,120,114,105,111,124
glb-8,21,18,13,19,12,13
C26C6.9,106,64,76,109,86,105
C26D10.4,19,22,22,28,16,19
C26D10.6,26,25,17,19,27,22
C26E1.2,55,30,22,68,46,58
ceh-79,33,27,25,38,23,16
syg-2,100,90,80,77,79,94
wdfy-3,214,159,184,174,189,197
C27A7.1,97,85,88,176,146,157
C27A7.5,79,57,68,69,57,71
C27B7.2,37,39,40,54,42,28
rad-26,181,100,115,193,186,186
C27B7.5,14,10,7,11,6,23
C27B7.7,61,55,45,75,70,68
egrh-1,93,69,68,83,64,86
C27C12.4,38,27,29,36,30,36
acd-3,28,19,16,19,23,26
C27D8.3,67,62,58,63,68,84
ruvb-1,244,186,188,161,149,184
rmd-2,445,407,402,523,393,488
C27H6.8,188,116,149,134,116,166
nrx-1,75,48,54,62,68,81
trpa-1,74,67,66,68,64,60
C29F3.7,585,537,576,215,262,271
best-7,52,38,49,66,49,55
C29F7.1,36,36,46,17,20,19
C29F7.2,537,488,530,197,189,206
C29F7.3,103,81,84,97,73,93
C30F2.3,48,35,35,22,41,42
clec-199,30,27,38,59,36,46
dlat-2,81,44,54,53,54,68
C30H6.8,38,29,26,34,26,31
C30H6.9,42,19,30,37,29,38
trh-1,22,24,17,32,21,26
oac-6,31,36,26,20,32,37
C31C9.2,81,79,76,228,146,229
fbxa-167,40,28,39,33,17,23
C31C9.6,20,9,20,11,14,19
C31C9.7,20,17,14,18,12,21
C31E10.5,46,35,40,33,26,35
C31E10.6,23,28,21,22,21,21
cytb-5.1,326,323,314,285,247,336
tbc-19,13,13,18,12,19,19
C31H5.4,26,21,24,41,28,45
C31H5.5,30,17,10,21,21,19
C31H5.6,225,180,186,181,210,237
mrps-31,219,144,183,187,169,203
rilp-1,107,78,77,103,101,86
C32C4.1,18,8,26,13,21,19
irg-6,84,83,59,28,38,43
C32H11.4,108,57,65,78,55,89
dod-24,229,242,241,252,229,288
nfki-1,399,350,341,349,321,331
C33A11.2,6,5,5,13,3,11
C33A12.1,245,231,222,272,239,280
nlp-35,37,19,22,36,26,19
C33A12.3,122,86,79,75,80,78
C33A12.4,59,45,73,43,46,45
ugt-21,169,133,120,156,144,150
ethe-1,26,26,17,30,29,27
C33A12.19,47,25,18,26,34,30
C33B4.4,3,8,16,5,7,10
C33D9.6,106,81,101,53,73,70
lgc-21,5,6,3,32,28,18
C33G3.4,76,52,57,73,69,59
C33G3.6,30,11,17,17,16,23
C34B4.2,203,117,116,146,215,177
C34B4.3,30,26,16,21,28,21
C34B7.1,21,20,23,16,17,18
C34B7.2,73,36,36,45,49,60
cyp-36A1,172,131,120,161,143,176
mys-4,58,33,56,46,43,50
C34C6.3,22,26,17,38,39,53
C34C6.4,74,61,58,80,67,87
sphk-1,87,67,52,66,69,87
C34C12.2,35,22,34,44,41,47
pph-6,115,110,125,103,106,117
C34C12.4,57,65,56,89,66,74
rsu-1,201,161,192,176,193,235
C34C12.6,31,27,29,82,57,52
C34C12.8,413,311,333,334,238,322
C34D1.4,44,30,26,16,22,18
zip-5,66,40,40,44,41,74
C34E7.4,117,110,107,201,190,190
C34F6.1,1,2,3,56,35,36
C34F6.7,22,25,22,23,19,20
idh-2,155,139,143,170,171,208
C34F6.9,72,66,58,26,45,53
C34F6.10,84,78,61,84,104,99
C35A5.3,130,113,118,115,114,119
C35A5.6,92,73,80,89,80,81
C35A5.8,407,326,320,268,267,288
selt-1.1,144,143,139,149,122,177
trpp-9,25,16,19,13,22,24
C35C5.8,14,13,10,24,31,29
C35C5.10,23,7,14,25,18,18
cyp-25A2,72,72,70,46,44,55
C36A4.4,48,48,39,70,51,67
cyp-25A4,17,21,17,20,15,10
acs-19,815,721,765,702,672,794
rpb-3,100,83,80,82,78,100
prp-4,61,48,50,38,55,39
dhfr-1,54,42,42,48,61,55
gls-1,71,45,58,45,63,71
C36B1.9,154,115,131,139,141,146
imp-1,127,113,110,99,97,130
C36E8.1,156,84,118,105,97,97
glb-11,99,81,55,124,98,80
pxd-1,76,59,60,106,82,96
C36E8.4,26,18,30,39,40,53
irx-1,44,55,47,47,37,46
best-8,19,11,19,19,11,18
fipr-22,51,17,25,54,25,23
C37A5.7,29,19,20,22,15,25
fipr-24,5,3,3,2,0,5
idhb-1,381,318,370,387,353,392
tag-297,2,0,1,64,41,40
slc-17.2,140,93,113,126,100,144
tag-325,66,73,58,82,62,80
C38D4.9,28,22,25,29,27,20
tbc-8,53,37,29,45,55,31
C38H2.2,39,22,32,44,34,45
lgc-41,51,33,23,36,24,26
scl-5,52,52,45,83,88,66
scl-6,61,48,54,40,34,53
C39E9.7,84,71,76,76,67,62
C39E9.8,310,280,260,331,258,261
spin-2,34,32,31,43,48,46
C39E9.11,77,61,66,63,60,63
C39E9.12,45,40,46,57,42,64
ttr-5,144,149,141,153,108,134
ufc-1,75,59,60,87,69,98
C40H1.7,78,50,52,55,71,80
C40H1.8,196,213,186,68,91,87
lron-4,30,11,17,31,32,22
ctns-1,34,18,20,28,19,25
cdc-48.2,710,525,612,609,544,599
vps-50,16,14,16,14,10,9
athp-1,50,42,50,23,29,30
com-1,9,12,8,7,10,14
C44C10.9,95,73,80,108,101,145
C44F1.1,30,36,36,31,31,39
C44H4.4,81,62,63,47,48,68
C44H9.5,155,115,105,152,126,113
C44H9.6,49,55,44,24,34,48
aspm-1,77,67,89,86,84,98
C46C2.2,564,540,509,470,454,545
gsr-1,627,491,551,725,603,644
madf-8,20,16,7,18,11,18
C46F11.4,58,59,60,50,44,58
C46F11.5,34,23,26,27,33,39
C46F11.6,18,21,13,31,28,26
ent-4,97,104,87,96,87,109
ddo-1,21,18,25,37,30,39
C47B2.2,68,65,63,60,62,76
gale-1,420,382,426,288,361,396
C47B2.9,38,38,51,37,32,43
C47D12.2,49,46,40,53,63,57
xpf-1,42,36,28,12,10,27
C47E8.3,24,15,20,16,10,21
C47E8.4,153,98,88,142,144,140
C47E12.2,80,71,67,44,46,64
C47E12.3,29,41,31,42,34,36
pyp-1,805,603,619,742,636,781
rrp-1,235,171,180,175,165,190
C47G2.3,90,75,81,74,50,73
C47G2.4,34,26,29,27,25,23
saps-1,107,75,93,90,82,115
acox-1.5,182,209,231,154,221,225
C48B4.9,3,0,4,2,3,1
rin-1,87,55,83,72,105,78
C49A1.10,172,146,129,155,135,152
C49C3.4,1210,1030,1009,1385,1249,1391
ceh-88,23,23,20,35,21,31
C49C3.6,30,22,15,37,26,38
C49C3.7,11,22,12,19,18,20
C49C3.9,125,126,130,104,93,157
C49C3.10,30,39,30,33,27,48
clec-198,22,27,23,19,30,28
sams-1,1607,1257,1267,1910,1826,2504
set-6,48,22,24,28,30,26
C49F5.7,27,33,39,56,54,63
C49F8.1,18,27,12,29,25,31
gem-1,12,18,10,11,15,14
C49F8.3,97,79,95,102,94,103
nasp-2,88,65,74,75,81,87
C50B6.3,17,15,17,28,30,21
C50B6.7,33,31,18,21,29,17
nhr-168,11,12,17,24,20,17
slrp-1,107,66,69,128,109,147
nuaf-1,51,42,54,59,54,70
C50B8.4,35,31,16,48,32,42
C50B8.5,24,15,22,31,29,34
C50B8.6,55,36,36,42,26,34
C50F4.1,240,222,200,183,168,223
C50F4.8,36,12,26,31,32,42
C50F4.9,21,13,9,19,19,23
C50F4.12,28,15,16,9,13,24
nstp-10,115,100,90,116,109,121
C50F4.16,77,48,50,49,50,54
fshr-1,97,73,61,93,55,95
C50H2.13,21,15,26,22,17,20
C51E3.6,36,44,36,34,36,45
C51E3.9,239,213,213,198,175,218
C51E3.10,12,12,5,7,5,5
mans-2,194,190,186,166,123,182
ril-1,470,351,383,410,366,479
C53A5.6,26,12,13,22,13,19
C53A5.13,41,32,35,70,63,75
C53B4.3,129,123,127,123,113,107
C53B4.4,116,62,73,103,113,101
C53D6.4,41,32,39,48,40,45
C53D6.6,24,20,19,30,19,19
C53D6.7,73,63,77,87,76,93
C54C6.6,33,20,31,23,31,25
cdr-2,302,275,244,171,215,229
C54D10.3,93,66,71,116,69,130
C54D10.5,38,36,22,22,33,27
C54D10.10,2,10,10,5,10,3
ncs-5,17,21,30,35,18,17
C54E10.6,20,19,11,27,25,25
rskn-2,193,107,122,157,134,125
dod-18,56,61,45,42,35,43
C54G4.7,91,60,79,126,125,120
C54G4.9,17,9,20,14,19,19
C55A1.6,22,10,18,9,17,21
C55A6.1,40,29,44,20,22,24
ttll-5,191,205,185,109,112,152
C55A6.3,32,22,26,34,29,26
C55A6.4,18,27,18,43,34,38
sdz-8,39,34,42,18,13,16
C55A6.6,32,21,25,24,19,21
C55A6.7,60,44,60,59,43,54
pafo-1,103,103,88,93,92,113
C55A6.10,28,22,18,21,28,23
ttr-44,176,122,132,231,138,155
frpr-5,37,27,23,32,21,29
C56A3.4,36,37,35,44,37,54
C56A3.5,97,88,91,84,74,75
C56A3.6,38,25,25,42,26,26
C56G7.3,21,19,18,22,21,24
fbxa-6,18,16,20,16,12,16
D1025.1,16,12,16,17,20,18
gcsh-1,87,69,69,87,88,111
nspc-20,51,65,57,77,56,78
D1043.1,40,50,50,36,35,27
cfim-2,115,80,92,100,95,106
D1046.2,28,22,12,19,24,27
slc-25A26,29,12,24,19,11,18
tpra-1,77,55,55,106,102,80
D1053.3,38,40,40,24,27,31
D1053.4,13,12,21,24,20,17
D1054.1,16,10,10,8,9,14
D1054.3,82,84,77,63,45,61
D1054.5,9,18,23,21,16,19
D1054.8,73,70,60,59,58,64
D1054.9,3,4,1,32,18,18
prp-38,63,57,53,59,43,61
D1081.7,19,14,16,15,17,16
cdc-5L,235,160,177,161,164,178
D1086.5,82,105,69,162,124,108
D1086.8,66,68,57,67,62,79
D2005.3,119,92,82,185,124,146
drh-3,95,82,74,124,100,138
wdfy-2,76,74,76,79,66,68
D2013.6,85,90,70,94,86,93
ttll-12,309,192,188,300,250,288
D2023.3,24,19,32,27,21,30
D2023.4,175,146,141,160,116,135
mpst-1,258,160,161,214,179,211
D2023.6,59,61,61,57,53,46
mans-1,66,48,63,52,55,64
D2030.2,374,311,240,613,556,540
D2030.3,137,78,112,62,60,64
D2030.4,238,232,180,241,192,278
mce-1,149,120,128,130,115,120
D2030.8,21,19,22,14,16,17
wdr-23,185,171,167,192,190,195
D2030.11,26,14,17,19,12,23
D2045.2,124,107,106,117,103,128
D2045.8,35,15,17,27,29,30
D2045.9,69,50,52,64,40,54
eif-2Bepsilon,195,141,135,184,161,178
etc-1,100,74,79,98,78,74
hgap-2,218,166,152,169,174,167
D2085.7,24,17,19,21,20,13
glna-2,48,39,42,58,42,55
DH11.2,156,115,126,271,189,178
DH11.5,150,108,115,94,135,152
mfb-1,49,34,27,64,57,50
usp-50,37,47,54,40,38,40
E01B7.2,37,34,30,38,27,38
pde-3,120,85,131,93,137,128
tbc-14,263,258,250,356,254,311
E01G4.3,274,204,193,283,244,330
E01G6.1,5,0,1,60,43,26
E01G6.2,41,28,27,36,36,37
E01G6.3,28,24,28,33,28,30
mrps-5,189,153,173,167,128,154
E02A10.3,31,37,41,28,34,34
E02H1.1,72,50,76,43,51,53
eral-1,54,44,48,40,38,47
E02H1.5,24,17,21,23,21,27
E02H1.6,105,75,85,93,80,90
mrpl-53,65,47,49,40,42,67
E02H4.4,39,19,21,32,26,32
E03H4.8,19,16,15,11,13,13
clec-17,107,111,104,68,80,92
eif-2A,178,108,118,46,78,91
E04D5.2,12,13,22,6,22,12
ugt-44,239,120,133,188,162,246
F01D4.8,114,129,105,63,81,83
F01D5.1,151,141,154,146,149,175
F01D5.2,7,7,4,3,5,6
F01D5.3,39,30,30,28,11,19
F01D5.5,60,57,67,107,77,102
F01D5.8,4,1,4,2,4,6
cyp-37A1,88,96,90,83,85,97
skih-2,187,124,139,166,153,165
F01G4.4,13,8,4,22,21,25
F01G4.5,50,40,29,50,36,43
F01G4.6,959,740,881,866,865,971
tkt-1,2439,1893,2073,2196,1767,2424
F01G10.6,27,15,13,28,32,31
lipl-7,101,77,77,83,71,81
mrpl-44,181,100,143,153,119,142
F02C12.1,47,35,27,31,27,47
cyp-13B1,39,17,19,61,39,40
F02D8.4,33,31,29,51,51,52
F02E9.1,66,62,65,74,56,85
F02E9.5,54,35,35,99,67,57
F02E9.7,32,20,27,26,35,21
dpt-1,213,180,175,182,196,248
F02E9.10,84,71,60,65,47,70
scav-6,49,35,48,37,33,41
F07A5.4,16,22,15,20,17,17
gfat-1,86,55,49,59,75,84
F07A11.4,100,87,100,57,76,82
F07A11.5,99,67,56,56,62,72
din-1,209,147,204,179,237,246
F07C6.3,78,75,71,117,87,116
F07C6.4,114,90,114,98,127,135
pho-13,62,62,77,86,59,79
acox-1.1,237,173,183,159,163,198
acox-1.2,95,48,34,110,86,96
acox-1.4,67,49,52,60,32,38
kcnl-2,83,49,62,59,68,61
prmn-1,40,24,31,57,50,52
F08B12.4,154,149,138,238,174,181
scl-24,80,56,56,32,19,22
F08G2.4,37,31,39,33,43,50
F08G2.5,32,20,26,3,0,3
F08G2.7,8,10,19,8,12,14
F08G2.8,19,17,19,13,28,16
F08G5.3,99,92,87,121,124,127
ugt-65,112,85,94,108,77,99
irg-4,1538,1385,1380,592,534,578
F08G12.1,30,21,31,31,40,32
snrp-40.1,64,45,56,48,43,56
nlp-57,7,15,13,14,8,11
F08H9.3,18,14,11,22,11,20
clec-227,19,16,21,13,11,14
clec-57,166,154,157,136,96,127
clec-56,208,119,146,151,112,146
clec-54,26,28,31,52,43,43
F09A5.2,50,28,37,34,31,26
mob-2,51,49,61,43,48,41
oac-14,138,126,93,278,211,233
F09B9.4,149,115,115,146,125,131
mlt-9,27,14,26,58,60,53
dhhc-1,42,39,53,45,41,44
F09B12.3,868,638,689,703,605,801
F09C3.2,169,117,136,221,173,183
fbxa-44,34,33,16,33,21,37
F09C8.1,189,187,181,147,137,144
F09C8.2,33,26,28,38,31,48
crld-1,56,51,61,55,39,61
ttr-21,256,223,201,261,276,268
cpt-5,42,19,20,61,42,38
F10A3.4,56,49,42,68,50,53
F10B5.2,17,27,22,15,17,18
pch-2,26,13,21,19,12,27
F10B5.8,77,64,58,45,48,49
F10C2.3,28,20,24,25,21,23
F10C2.4,109,88,82,84,93,100
F10C2.5,67,54,60,61,71,85
F10D11.2,45,26,36,46,35,48
F10D11.6,6,2,6,109,116,65
pfas-1,86,75,78,93,83,109
lron-5,47,52,51,35,30,36
nubp-1,148,155,154,81,85,109
ercc-1,25,10,13,9,13,16
F10G8.8,81,59,48,90,79,79
F10G8.9,34,29,18,24,14,23
acs-14,539,428,449,467,406,461
eif-2Bdelta,85,92,81,79,75,101
F11A5.9,54,51,60,103,100,89
scrm-4,32,33,24,23,18,28
lex-1,170,108,126,122,138,134
repo-1,69,44,50,62,53,60
mig-32,24,24,15,24,25,23
mon-2,133,103,104,133,112,136
F11A10.5,69,65,56,100,47,68
F11A10.6,28,32,31,33,34,38
rbm-34,289,251,237,210,143,188
F11C1.1,23,22,23,32,32,37
mff-1,34,11,14,19,34,28
scav-4,91,46,62,56,52,70
vwa-8,287,214,222,300,276,311
gba-3,329,245,232,290,249,281
F11E6.3,157,146,150,209,207,209
F11E6.7,104,64,89,76,87,110
F11E6.8,13,15,10,15,11,15
F12F6.1,109,95,89,162,129,133
F12F6.7,56,52,56,57,50,62
F13A7.11,18,18,6,25,22,22
F13B12.1,120,105,97,95,99,114
F13B12.6,63,61,50,54,45,42
F13D2.1,135,101,88,118,132,124
F13D12.6,1397,1289,1394,1116,924,1344
F13D12.8,3,5,1,5,4,2
F13D12.10,14,15,11,21,22,27
F13E6.1,244,216,226,352,238,320
F13E6.2,28,24,14,21,17,20
yap-1,103,97,84,80,110,103
plpp-1.3,132,104,100,124,99,129
F13E9.1,53,54,25,27,29,53
F13E9.11,55,53,58,70,44,61
ztf-2,17,20,19,37,31,32
dylt-1,59,58,62,66,45,57
ttx-7,159,156,155,129,133,165
F13G3.6,35,31,20,25,21,34
F13G3.7,52,40,48,44,45,59
F13G3.10,94,104,96,111,81,105
mrpl-13,141,93,98,109,82,123
F13G3.12,23,19,17,24,19,22
F13H10.3,137,109,117,105,103,144
mogs-1,151,129,131,188,157,163
F13H10.6,77,59,59,79,67,98
hxk-1,241,187,189,175,215,164
rpoa-2,751,520,516,436,386,452
F14B6.2,84,77,72,87,67,65
F14B6.6,12,18,16,11,14,13
F14D7.6,71,64,54,69,55,87
F14E5.2,386,321,325,422,401,442
lips-10,139,130,110,190,184,156
git-1,53,70,55,54,49,54
mboa-7,56,51,53,50,40,46
cyp-13A12,50,29,39,18,15,13
shw-1,33,29,38,15,27,27
nlp-55,55,60,51,76,64,58
cyp-35D1,21,24,22,5,11,18
obr-2,81,71,67,89,68,87
F15A4.5,29,25,21,26,18,28
F15A4.6,124,103,108,127,121,167
inft-2,22,12,16,12,18,13
F15B9.6,32,29,39,32,14,18
F15B9.8,4,2,1,38,39,17
ubql-1,397,324,276,429,343,395
F15D3.6,194,141,124,271,193,254
timm-23,101,75,92,80,66,84
F15D4.2,9,4,11,8,5,4
romo-1,105,125,94,138,88,125
F15D4.4,25,28,33,32,21,26
F15G9.1,30,33,31,31,25,44
F16A11.1,109,78,67,132,111,117
rtcb-1,42,28,27,31,32,33
ppfr-1,202,141,159,183,194,216
F16B12.4,32,32,23,45,33,38
F16B12.6,121,102,115,117,118,110
F16C3.2,14,9,14,47,47,31
tbcd-1,89,64,66,70,73,80
clec-42,145,90,118,207,178,237
F16H6.10,65,39,60,56,56,77
F17C8.3,54,38,42,44,49,48
F17C11.2,61,60,63,58,56,60
F17C11.4,173,146,111,180,207,196
F17C11.6,41,20,19,63,45,39
F17C11.7,86,69,87,72,80,64
vps-36,171,135,124,179,168,164
eef-1G,767,483,639,575,570,710
ctf-4,110,81,84,119,121,144
F17C11.11,22,28,13,28,33,43
F17C11.12,116,85,88,68,71,95
F17E5.2,24,15,18,18,20,21
F17H10.1,131,130,119,196,152,170
F17H10.2,76,66,60,104,97,86
snx-17,83,72,70,88,86,78
F18A11.2,20,16,24,32,31,26
F18A11.3,26,25,32,42,26,54
F18A11.5,38,40,36,45,37,62
F18C12.3,167,125,122,83,96,105
papl-1,314,231,238,226,212,249
F18H3.1,24,33,39,30,23,23
F18H3.4,128,85,91,70,72,74
F19B2.5,43,20,29,29,44,33
F19B2.6,23,16,19,7,9,14
F19B6.1,168,102,121,115,122,137
F19C6.2,74,58,56,55,38,67
F19C6.3,28,26,17,17,26,25
F19C6.4,23,20,19,23,29,17
nekl-3,40,35,32,20,23,42
F19H8.2,22,23,22,92,79,97
mltn-9,2,2,6,33,24,20
F20C5.4,61,48,52,47,54,53
F20C5.6,123,79,100,70,68,83
F20D1.1,38,35,32,34,40,52
tbc-1,45,27,30,65,36,48
F20D1.3,398,307,322,547,401,498
slc-25A18.1,87,83,65,59,56,94
emre-1,30,24,13,29,32,21
F20G2.2,168,116,120,103,102,119
F20G2.3,19,11,15,35,29,37
F20G2.5,26,23,13,17,17,27
smgl-1,137,112,125,115,126,141
glb-14,14,18,18,17,18,18
lgc-31,31,17,13,28,24,21
ncs-4,23,18,22,8,16,21
myrf-2,319,261,268,242,300,341
hint-1,81,104,77,98,97,122
pfd-6,138,129,128,199,135,177
F21D5.1,46,29,34,47,33,45
otub-3,69,64,52,63,40,54
F21D5.3,466,356,373,393,329,440
F21D5.5,75,58,66,57,75,77
F21D5.6,80,49,67,57,59,85
F21D5.7,519,389,387,535,392,537
mrps-33,175,103,122,154,92,150
F21G4.1,42,41,38,48,38,38
F21G4.6,46,26,44,38,35,26
F22B5.10,167,152,143,172,127,172
cth-1,43,43,46,30,29,52
F22B8.7,88,86,80,57,86,63
F22D6.2,615,482,412,783,719,761
nduf-6,254,164,204,226,202,212
ekl-1,135,116,122,86,85,97
F22D6.15,54,67,61,91,55,82
cept-1,160,106,114,106,77,101
F22E12.1,626,519,474,523,513,496
F22G12.4,41,32,31,24,44,31
F22G12.5,82,60,64,77,70,80
F23A7.3,15,10,15,17,17,18
rpb-12,79,44,41,58,50,67
F23B12.4,52,47,40,53,58,65
dlat-1,553,476,471,547,470,614
F23B12.7,538,488,509,370,350,357
F23D12.7,53,47,41,59,35,31
tomm-20,240,164,198,190,149,216
F23H12.3,24,22,17,20,22,20
F23H12.5,20,20,22,97,91,75
fipr-1,160,143,175,142,111,180
fipr-2,203,125,149,157,104,134
ehbp-1,109,77,105,64,94,82
rgef-1,15,9,14,20,19,16
F25B3.5,21,23,17,26,28,28
rtfo-1,165,136,148,149,125,128
acs-12,106,81,100,82,82,70
degt-1,41,33,24,26,28,28
F25D1.5,73,51,43,24,37,38
tag-353,120,111,91,174,136,159
snx-27,54,44,63,63,48,46
F25H2.4,97,114,101,103,93,122
ndk-1,994,794,914,930,749,1149
F25H2.6,122,86,91,108,94,102
tct-1,466,310,346,382,420,431
rtel-1,33,26,40,32,29,33
pyk-1,868,675,707,728,734,837
clsp-1,68,60,49,80,70,88
mrpl-54,54,50,53,45,44,44
F25H8.1,37,30,35,24,26,25
F25H8.2,57,52,72,48,38,50
bed-3,13,4,5,32,27,29
F25H9.7,65,39,37,51,37,46
F26A3.1,42,38,49,35,26,40
ncbp-2,118,91,81,110,79,89
F26A3.4,612,541,460,459,550,490
F26A3.7,23,21,29,22,22,21
F26C11.1,27,25,17,28,18,25
F26E4.2,31,23,14,22,19,32
F26E4.3,230,186,244,312,268,304
F26E4.4,38,33,31,31,27,32
cox-7C,290,269,343,311,248,375
F26E4.7,37,31,26,49,43,60
drsh-1,44,25,27,24,15,11
hrdl-1,218,171,186,263,248,279
gpx-1,112,96,84,101,66,119
F26F2.7,33,29,24,39,35,29
F26H9.2,62,48,47,56,56,47
nmat-2,21,19,16,23,23,22
F26H9.5,164,127,122,213,190,249
kbp-3,44,36,29,49,32,38
nurf-1,791,612,601,593,679,799
F27D4.1,696,508,543,678,613,713
lsy-22,60,55,69,76,72,66
F27D4.4,549,460,465,557,482,545
F27D4.6,51,36,34,28,34,40
F27D4.7,16,13,14,19,20,19
asah-2,26,19,15,17,12,17
F28C1.1,69,43,56,67,53,51
F28C1.3,54,38,39,40,39,53
F28C6.4,28,18,12,8,9,11
F28C6.5,17,14,17,37,30,22
F28C6.8,117,95,109,105,89,114
wdr-46,182,190,194,157,134,175
F28D1.6,23,21,29,28,25,17
acs-20,31,17,22,58,62,41
dpm-3,26,22,21,19,21,24
F28D9.4,43,40,33,28,30,46
acs-2,189,124,98,459,375,335
fbxa-95,16,13,12,4,17,12
mdt-28,16,10,24,22,17,20
F28H6.4,54,36,37,50,38,57
F28H6.6,24,23,23,18,16,15
F28H7.3,484,464,442,514,442,524
F28H7.8,77,92,75,117,113,110
F29C6.1,125,77,84,67,88,91
rict-1,69,44,54,50,68,53
gfm-1,170,106,139,113,132,169
capg-1,209,154,164,185,207,230
tut-2,53,37,42,36,22,45
F29G6.1,12,8,5,14,25,13
hpo-34,655,561,639,469,508,676
calm-1,33,39,44,25,22,29
F30A10.3,58,51,40,49,56,62
sac-1,110,79,81,82,63,105
F30A10.9,83,61,54,69,59,72
usp-48,116,94,69,93,102,81
gras-1,15,18,15,18,14,17
F30F8.5,25,20,17,28,18,11
F30F8.9,73,63,72,61,58,65
F30F8.10,30,12,22,17,12,15
F31C3.2,78,89,80,56,75,68
F31C3.3,61,33,53,42,41,52
zipt-1,54,34,30,52,52,56
F31C3.6,11,9,10,18,26,31
exos-7,84,65,74,68,58,65
F31D4.2,79,54,58,63,59,78
clec-264,39,36,18,36,30,29
F31D4.8,38,29,28,42,29,32
F31D4.9,120,67,87,105,87,106
eva-1,71,60,77,37,52,44
F32A7.4,58,44,39,46,56,58
maph-1.1,100,108,86,112,113,118
F32A11.1,149,125,99,115,107,121
F32B4.4,128,105,147,150,154,135
F32B4.5,15,16,21,19,13,21
mccc-1,440,353,368,366,356,410
F32B6.3,30,35,36,37,31,37
tbc-3,45,46,35,53,52,52
best-13,90,74,94,108,64,97
F32D8.4,44,22,23,35,22,39
F32D8.5,61,54,49,61,40,51
F32D8.10,50,39,47,34,31,41
F32D8.12,367,333,343,303,363,370
F32D8.14,78,61,76,78,57,67
uig-1,139,119,120,145,129,156
best-14,292,236,244,395,349,330
thoc-3,31,25,21,38,37,29
fasn-1,1597,1355,1318,2603,2334,2408
F32H5.1,396,326,315,342,308,387
F32H5.4,102,73,65,78,44,59
F33A8.4,140,129,115,93,113,136
sdhd-1,208,174,183,225,204,219
F33C8.4,90,79,79,76,83,84
F33H1.3,51,47,43,54,34,38
F33H1.4,78,66,74,52,57,67
F33H2.2,85,73,70,65,34,46
F33H2.3,249,232,261,247,204,330
pole-1,67,67,93,131,98,147
F33H2.6,180,126,152,138,126,148
evl-18,35,35,35,59,43,61
F34D10.4,45,28,17,54,59,54
F34D10.6,54,47,60,65,58,60
F34H10.3,57,54,39,82,61,66
F35B12.3,482,400,371,460,378,475
sas-5,8,7,4,20,10,24
tag-290,25,14,10,22,32,29
F35B12.9,369,282,308,425,349,381
F35B12.10,47,45,32,31,37,43
clec-62,182,176,203,181,178,242
clec-63,2063,1814,2120,1675,1550,2425
clec-64,27,30,24,26,21,30
clec-65,227,223,254,171,176,188
clec-66,243,218,246,225,200,220
ddn-2,17,25,22,22,12,9
F35C11.4,28,13,19,17,21,23
F35C11.6,15,14,23,18,20,24
F35C11.7,39,27,19,22,18,29
F35C12.3,61,49,53,94,72,85
irg-5,60,41,50,31,23,26
F35E12.6,130,80,88,76,49,84
dct-17,224,256,268,130,112,213
cld-9,130,99,105,71,89,113
F35E12.9,20,20,17,8,14,17
F35E12.10,73,60,79,67,53,79
F35G2.1,177,125,146,196,162,178
marb-1,125,102,100,109,100,106
mlcd-1,57,50,34,91,60,63
idhg-1,323,232,275,246,231,300
wdr-48,34,14,29,33,26,37
erh-2,45,29,30,49,38,51
F35G12.12,112,90,93,103,96,105
F35H8.2,35,15,25,24,26,19
zfp-2,29,23,10,20,25,30
ugt-58,147,127,105,135,124,138
cids-2,107,83,101,98,92,126
F36A2.2,81,63,65,54,48,55
F36A2.3,191,176,172,269,219,254
F36A2.7,537,420,478,521,420,647
phip-1,39,43,49,50,50,49
F36A2.9,117,107,97,118,93,125
ubr-5,347,253,272,283,288,325
madf-2,15,21,12,26,16,15
F36D1.7,10,19,11,25,15,21
F36D3.1,15,19,27,30,23,34
F36F2.1,52,47,43,64,51,46
rbpl-1,237,166,172,150,150,154
syx-7,61,83,86,76,58,75
fcp-1,162,142,159,99,97,72
F36G3.1,90,115,122,70,111,120
F36G3.2,92,66,74,86,58,81
hrg-4,155,144,141,90,94,98
tat-5,241,152,196,180,209,181
ent-6,20,19,17,40,21,36
F36H2.3,72,65,62,77,66,87
F37A8.5,56,54,54,78,81,79
F37B12.3,49,47,32,47,51,41
mus-101,65,40,43,60,36,46
row-1,52,44,48,54,53,58
bigr-1,169,148,145,73,101,84
F37H8.5,272,261,276,262,223,301
clec-170,96,41,62,97,48,109
clec-166,21,10,10,20,20,24
F38A1.8,220,166,146,237,204,226
F38B2.2,48,46,67,60,57,72
F38B2.4,299,248,257,256,237,270
ccch-1,130,114,115,100,138,121
F38B7.2,82,50,51,92,98,92
F38B7.3,105,93,92,127,117,126
copb-2,450,356,401,426,466,495
F38E11.9,17,24,10,22,21,19
F38H4.3,24,27,18,36,19,35
piki-1,48,31,31,33,41,39
hinf-1,68,51,55,66,56,64
F39B2.3,67,73,62,44,34,41
F39B2.5,20,11,13,16,9,19
F39B2.8,55,38,53,43,36,47
mtx-1,89,116,126,121,105,125
flp-22,88,75,106,87,71,66
F39H2.3,113,92,102,88,96,87
F39H11.1,53,54,57,61,48,63
F40E10.6,148,128,133,133,110,131
F40F8.1,48,39,39,44,36,38
F40F8.4,184,171,198,264,212,233
F40F8.5,638,653,629,666,651,626
arrd-6,38,22,32,22,20,17
xbx-6,239,208,236,252,169,207
F40F9.5,19,14,18,23,26,28
aagr-3,592,448,437,562,460,562
drap-1,94,70,93,88,90,106
F40F9.10,42,28,29,34,25,28
mig-38,114,52,88,73,136,117
cyld-1,182,133,136,181,154,137
cbp-3,104,84,65,100,92,96
F41E7.1,219,159,167,186,161,148
F41E7.2,34,26,24,24,10,22
npr-6,25,18,17,14,22,13
fip-5,32,28,32,78,44,86
fipr-21,144,171,170,410,369,469
cnc-8,40,19,26,67,49,71
F42A8.1,22,31,20,47,38,31
cup-15,43,29,39,37,35,33
tatn-1,242,270,324,117,181,185
ttyh-1,78,99,82,87,88,86
F42F12.3,29,19,22,30,16,25
F42F12.4,38,35,35,29,25,47
F42G4.5,33,42,36,20,28,18
F42G10.1,55,35,38,52,40,46
zhit-2,23,24,30,22,15,14
ccnk-1,57,42,51,60,34,50
F43D9.1,27,19,20,51,35,47
sly-1,121,111,112,143,109,129
F43G6.8,36,37,29,51,34,25
patr-1,140,134,136,126,143,124
idha-1,474,414,474,484,435,519
lmd-1,35,33,23,50,35,35
slc-25A42,78,70,67,106,76,89
F43G9.4,53,46,39,40,47,39
cfim-1,86,49,56,76,80,86
mfap-1,157,136,127,150,126,136
F43G9.12,93,78,89,66,62,89
nucb-1,243,247,271,296,265,283
F44A6.4,34,41,37,64,32,42
F44A6.5,82,56,48,114,102,83
magu-4,55,33,60,54,68,63
F44D12.2,111,100,71,74,86,86
ent-7,54,37,35,60,52,60
F44E5.1,250,208,268,263,193,272
lurp-1,47,33,32,41,34,35
F44G3.10,96,99,98,58,59,96
F44G4.1,221,224,188,161,172,190
F44G4.2,239,210,232,226,198,234
F44G4.6,44,34,26,36,28,32
F44G4.7,4,2,3,3,1,0
dep-1,142,121,122,170,168,178
F45D3.2,115,113,108,93,96,116
F45D3.3,144,148,174,165,159,176
F45D3.4,239,266,296,210,226,232
tbc-13,28,20,32,28,24,25
F45E10.2,29,30,22,29,32,27
myo-6,442,315,362,359,399,345
exo-1,18,14,7,10,16,21
cope-1,162,123,137,181,153,173
F45G2.7,15,14,21,20,14,12
F45G2.8,139,103,117,112,85,120
F45G2.10,61,43,23,20,17,22
hecw-1,16,23,15,15,20,19
F45H10.2,173,136,149,159,114,201
F45H10.3,155,161,202,164,161,179
drr-1,57,47,42,60,53,61
hpo-35,89,77,59,51,51,50
cox-19,31,35,47,38,32,54
F46B6.4,22,15,16,22,23,22
F46B6.5,32,24,24,30,31,40
F46B6.6,86,78,80,75,72,81
ztf-7,382,285,315,404,402,398
lipl-2,39,31,31,25,29,21
F46B6.9,28,19,14,17,13,20
F46B6.12,49,42,32,49,41,40
F46C5.6,75,68,67,65,69,73
rer-1,66,39,60,50,50,58
F46C5.9,60,54,48,69,74,54
F46C5.10,25,13,28,40,27,22
F46F2.3,953,879,937,682,611,836
F46F2.5,20,9,12,8,7,16
lgc-44,16,14,28,37,22,33
pkn-1,150,131,143,113,141,116
F46G10.1,217,168,225,177,159,182
F46G10.2,105,70,51,210,144,132
F46G10.4,34,17,19,19,28,41
lgc-47,41,21,16,25,26,28
rrc-1,68,53,68,39,45,53
ipla-2,136,90,93,137,112,106
F47B8.2,79,72,59,80,81,91
F47B8.3,61,71,56,85,80,61
F47B8.8,11,9,16,19,12,21
suca-1,960,828,891,889,867,961
haly-1,271,229,270,221,280,285
acbp-3,147,136,130,165,145,161
F47B10.9,21,16,10,42,27,51
gadr-6,79,47,60,3,10,5
F47G4.4,25,21,20,14,15,20
F47G9.1,181,159,188,206,179,189
F47G9.4,32,33,25,31,42,32
F47H4.2,16,8,8,18,10,12
igeg-2,43,33,35,37,24,42
F48C5.2,16,21,20,29,21,24
F48F5.6,41,44,56,36,41,34
F48F7.5,50,48,55,64,52,68
F48F7.6,92,87,90,105,74,89
F49B2.6,98,85,120,86,99,90
F49C12.6,46,40,49,50,41,49
F49C12.7,64,42,53,58,45,55
F49C12.9,56,56,39,37,43,48
F49C12.11,299,205,204,236,233,230
F49C12.12,243,177,184,229,202,248
vha-17,301,257,234,274,223,284
F49C12.14,12,15,19,18,15,23
F49E2.2,178,168,166,150,146,186
glb-17,30,22,30,21,15,18
F49E2.5,1725,1561,1563,1700,1594,1717
scl-2,184,140,120,169,134,146
scl-3,342,293,303,387,322,350
efl-3,55,46,55,78,55,71
drd-1,15,12,26,12,10,23
F49E12.12,17,4,4,43,40,38
F52A8.1,119,84,104,105,95,120
glb-18,76,72,51,71,43,56
gcsh-2,148,93,121,117,82,128
kbrl-1,46,40,34,41,46,58
abts-1,1272,1106,1093,1201,1201,1119
F52B5.2,30,16,23,12,12,22
F52B5.3,48,34,52,25,35,34
cfp-1,74,79,64,74,63,82
F52B11.2,90,70,76,87,68,80
noah-2,24,10,9,362,340,207
abts-2,53,39,44,43,25,39
F52D10.2,12,17,9,25,21,23
F52E10.4,20,21,15,21,17,23
ztf-11,19,29,25,23,22,13
strl-1,91,101,89,96,93,87
F52G2.3,70,41,56,36,53,55
mtcu-2,72,66,61,57,50,77
bath-38,45,29,35,52,58,48
ttc-36,91,83,80,129,105,99
F53A2.1,25,16,20,24,14,14
acaa-2,675,606,639,683,549,684
F53A2.9,38,35,26,11,15,15
F53B2.8,135,130,118,168,129,171
madd-4,198,195,179,171,174,168
isy-1,54,61,61,46,47,63
fig-1,163,156,151,158,153,185
F53C11.1,66,53,73,36,53,77
F53C11.3,135,128,134,168,156,158
F53C11.4,149,118,107,195,182,183
F53C11.5,122,99,92,128,152,163
swan-2,70,46,54,63,66,54
swan-1,42,43,41,44,47,33
F53E4.1,122,73,64,162,134,125
F53F1.2,122,152,126,174,140,202
F53F1.3,128,99,86,75,76,91
F53F1.4,161,163,172,222,183,261
cut-2,2,1,2,258,166,135
F53F1.6,24,9,11,28,12,35
tbcb-1,103,84,85,111,93,120
F53F4.10,448,369,370,338,324,362
F53F4.11,638,486,542,419,384,454
F53F4.12,32,30,32,41,31,22
F53F4.13,545,463,473,579,488,610
F53F4.14,120,111,103,117,122,100
F53F8.4,309,249,247,267,321,289
F53F8.5,35,42,46,33,46,51
F53H2.3,128,118,142,122,109,109
gmeb-2,10,6,10,19,14,21
saeg-1,309,278,278,272,277,295
F54B3.1,243,183,181,186,218,254
atad-3,874,742,718,745,624,767
F54B8.4,20,17,21,7,9,12
F54B11.5,33,26,29,37,35,45
F54B11.9,46,39,51,36,48,41
F54C8.4,115,95,93,116,96,116
rheb-1,56,60,52,75,67,87
F54C8.6,54,33,47,42,47,46
F54C8.7,87,81,81,130,84,85
F54C9.3,229,141,126,266,234,253
bcs-1,100,101,81,88,80,95
F54C9.7,69,59,59,70,51,59
F54C9.9,233,201,208,197,185,199
F54C9.11,50,30,29,73,34,87
F54D1.6,761,687,642,819,691,850
F54D5.3,437,362,340,451,345,454
F54D5.4,523,557,610,531,427,670
F54D5.5,27,25,18,19,17,23
F54D5.7,289,244,263,318,291,321
gtf-2E2,50,45,41,45,28,37
F54D5.12,830,696,660,828,688,826
smc-6,90,75,81,55,66,68
F54D5.15,23,20,17,39,23,24
F54E4.3,228,207,248,172,179,190
F54E12.2,34,32,28,51,38,45
lipl-1,45,42,43,28,30,36
dhrs-4,106,87,66,99,101,94
nep-17,1840,1396,1695,1573,1546,2141
F55A11.1,44,48,54,95,59,82
F55A11.6,111,86,92,106,89,122
F55A11.7,16,11,7,7,8,14
xdh-1,919,710,610,849,798,810
F55B11.4,79,76,90,78,82,85
hpo-31,48,54,49,39,31,47
capg-2,68,56,67,91,69,90
tsfm-1,386,304,294,308,258,308
rskd-1,59,56,37,50,63,43
srpa-68,298,277,297,299,285,351
F55C10.5,36,22,29,54,45,50
F55D12.1,33,24,25,26,26,33
F55D12.2,22,25,14,41,48,42
F55D12.5,16,13,12,19,22,32
aakb-1,88,66,81,103,89,108
F55F3.2,67,47,68,43,65,66
nkb-3,222,168,251,222,183,253
F55G11.2,153,106,91,66,43,55
F55G11.4,93,96,90,112,107,146
dod-22,25,27,23,44,43,59
F55G11.8,141,124,142,162,118,188
vha-14,1274,1163,1203,1392,1147,1432
F55H2.5,62,41,49,36,43,48
F55H2.7,13,15,25,21,17,18
F55H12.2,78,60,55,67,76,52
F55H12.3,65,74,69,71,85,84
F55H12.4,76,65,73,81,77,103
ztf-26,1,4,4,6,3,4
F56A8.3,385,350,393,434,330,408
F56A8.5,27,40,34,22,18,18
glb-19,37,27,33,26,24,35
F56D5.3,98,63,41,93,56,83
F56D5.6,244,164,182,254,218,228
F56G4.4,51,49,36,29,34,32
png-1,67,54,62,71,49,78
F56G4.6,55,57,37,34,45,44
F56H9.2,169,184,179,225,173,254
F56H11.2,78,52,65,47,63,76
F57A8.1,70,39,51,49,59,60
yif-1,61,50,63,68,59,63
F57A8.4,17,23,16,29,24,18
dmsr-1,74,63,53,41,60,65
F57B7.2,23,16,15,29,20,23
F57C2.5,83,96,90,88,85,111
spat-1,16,16,22,25,21,19
bet-2,171,137,155,192,185,208
F57C7.4,40,23,19,21,25,30
F57F5.1,1732,1464,1528,1445,1325,1681
F57G8.5,25,20,32,25,25,22
F57G12.1,123,105,114,93,105,100
ttr-31,138,113,100,200,211,248
rpac-19,145,81,100,107,79,87
F58B3.4,306,264,267,241,202,248
F58B3.6,291,212,209,492,338,355
rbm-17,36,43,31,56,36,42
F58B4.3,76,85,74,62,73,85
F58B4.5,357,278,264,181,187,180
F58B4.6,39,29,39,37,28,28
F58D5.2,21,13,14,17,25,16
F58D5.5,191,183,156,199,177,181
sta-2,109,82,75,176,139,149
hrg-3,47,40,42,55,46,63
ric-7,89,58,79,67,81,91
ddx-17,334,291,353,214,250,364
droe-4,151,93,118,147,129,90
F58G1.2,8,12,7,3,3,3
dct-18,564,438,511,395,311,519
arrd-10,24,20,25,39,25,45
amph-1,218,222,203,249,193,263
F58G6.3,135,100,117,101,80,129
acc-1,37,16,22,28,32,24
F58G6.7,156,130,149,168,115,163
letm-1,250,218,228,181,176,197
rde-12,313,226,260,241,285,282
ccz-1,33,16,24,45,22,30
aman-2,227,187,225,212,224,233
F58H1.3,43,55,36,45,31,31
F58H1.7,70,51,73,66,57,77
F58H10.1,26,18,15,27,15,22
dgat-2,74,79,72,95,121,147
cri-3,825,644,761,618,523,729
clpf-1,31,28,32,12,14,20
F59A2.5,25,19,20,39,22,30
golg-4,356,268,267,329,324,337
skat-1,126,83,89,99,76,100
F59B2.3,21,14,18,19,15,19
F59B2.13,22,21,19,12,21,20
F59B8.1,27,33,24,17,25,14
idh-1,2610,2133,2193,2650,2380,2821
F59B10.4,33,32,28,33,28,38
F59B10.5,2,0,2,2,5,3
exos-3,34,38,38,24,23,32
F59C6.5,400,297,312,334,265,347
F59C6.11,54,71,87,70,46,64
copz-1,74,58,74,87,65,111
del-5,16,14,12,23,24,11
F59F3.6,28,14,22,17,21,23
acox-1.6,52,33,40,34,40,43
F59F4.2,78,40,56,74,66,91
F59F4.3,28,32,22,20,23,31
acl-1,143,98,104,127,98,101
slcf-1,63,53,58,58,58,57
glo-3,52,27,20,26,32,29
H01G02.1,56,41,41,43,37,40
H01G02.3,15,17,13,12,8,14
famk-1,56,42,32,46,41,38
H03A11.2,79,45,63,49,51,50
chd-1,124,131,123,79,104,106
ctg-1,130,121,107,160,158,181
rga-5,26,33,22,29,41,31
mpst-3,67,53,68,55,59,76
H13N06.2,10,15,21,24,21,28
suox-1,57,62,60,90,92,77
erfa-3,493,393,420,457,344,516
math-33,386,291,256,305,300,352
H19N07.3,119,97,85,118,120,101
mboa-2,128,70,65,127,108,98
H21P03.2,41,26,28,35,37,42
hxk-2,270,234,206,197,199,221
H27A22.1,49,48,33,57,49,77
atp-1,4211,3389,3980,3941,3528,4693
mcrs-1,64,54,45,100,65,70
slc-36.4,14,26,19,32,34,27
H32K16.2,54,22,33,65,40,47
lpin-1,489,363,356,417,566,466
hpo-11,65,52,57,84,78,68
dcn-1,151,139,114,193,158,179
H40L08.1,62,47,49,51,36,49
JC8.2,475,372,360,242,243,270
cox-11,63,43,45,53,48,55
JC8.7,40,36,30,30,29,33
ttr-51,373,294,303,322,332,326
magi-1,78,64,67,88,67,64
K01A11.1,20,5,9,14,14,16
K01A11.2,92,54,59,41,41,51
fozi-1,24,25,24,28,24,29
K01C8.1,202,157,196,72,83,94
mrpl-10,83,72,66,70,66,89
slc-25A32,25,21,17,19,23,19
K01D12.6,73,54,65,59,57,60
cdr-4,378,288,289,205,193,204
cdr-6,234,203,193,206,164,190
cdr-7,64,45,38,77,60,73
hrg-2,38,48,30,142,120,132
K01F9.2,21,21,28,15,17,24
rnf-113,56,59,52,40,25,42
K01G5.5,1112,855,946,742,647,814
K01G5.8,66,77,46,78,55,79
tasp-1,176,99,100,256,264,236
K01G5.10,19,15,15,13,7,18
endu-1,140,131,106,110,125,104
sec-12,93,86,83,102,90,115
K02B12.5,38,35,25,26,27,34
K02B12.7,94,92,69,123,95,115
K02C4.3,99,68,82,82,84,94
K02C4.5,67,54,46,60,69,74
K02D3.1,39,36,24,57,49,46
K02E2.6,2,1,1,1,2,1
K02E11.3,43,43,34,48,43,48
K02E11.4,67,53,42,80,74,92
K02E11.5,55,60,73,104,71,101
K02E11.6,74,70,44,79,60,84
K02E11.7,18,21,11,22,15,23
K03A11.5,32,26,19,32,30,36
K03B8.6,321,276,286,220,236,297
mys-2,80,67,56,44,56,70
ttr-3,10,6,5,24,17,20
ttr-2,167,126,117,234,143,203
K03H1.5,230,195,196,278,207,271
cbp-2,12,14,11,26,23,20
K03H1.11,7,4,6,6,10,12
K04B12.2,47,40,46,47,37,47
smg-8,42,31,39,22,34,25
K04C1.2,21,19,20,27,18,22
rack-1,674,457,640,476,558,717
mspn-1,124,111,119,97,92,111
ptp-4,30,30,31,31,24,28
eif-2beta,363,336,348,381,319,436
cdc-48.3,155,115,114,82,76,94
ath-1,124,81,87,88,98,94
vacl-14,49,46,38,48,47,58
K04G2.9,127,97,96,159,116,163
wdr-5.2,16,9,16,19,15,16
K04H4.2,0,0,1,90,63,53
flp-25,51,33,48,37,37,41
K05C4.2,120,103,113,94,86,115
K05C4.5,363,322,299,194,212,225
K05C4.7,60,51,44,53,48,64
gsnl-1,341,258,305,361,311,322
haao-1,56,41,56,83,67,77
K06A4.7,31,54,88,50,41,60
K06G5.1,1360,1128,1198,1283,1078,1433
dut-1,58,44,58,91,77,105
ate-1,41,36,33,24,23,28
K07A1.10,157,117,134,168,129,175
K07A12.1,166,155,143,109,109,119
egg-6,36,26,35,17,19,15
K07A12.4,104,90,92,91,76,94
mrps-15,213,189,228,231,213,255
K07C5.2,74,72,60,83,78,76
K07C5.3,127,94,100,117,103,124
nol-56,1569,1163,1203,1198,1018,1192
ceeh-2,40,26,19,34,36,33
K07C5.6,111,117,130,125,88,117
ttll-15,74,55,51,65,68,76
cash-1,233,200,206,209,176,224
K07F5.14,213,186,210,119,106,135
K07F5.15,30,16,15,19,10,26
crml-1,85,54,65,87,90,93
K07G5.5,94,51,55,87,54,87
fecl-1,92,70,86,72,82,79
K08C7.1,79,61,58,26,18,28
K08C7.4,22,17,28,13,18,20
K08C7.6,42,20,37,17,21,37
K08C7.7,27,26,18,22,16,26
K08D8.3,169,165,166,195,146,172
K08D8.4,109,58,63,71,82,97
K08D8.5,37,35,24,33,22,29
K08D8.6,335,295,336,207,175,226
tyr-2,30,43,31,50,57,83
dbn-1,166,144,145,176,169,153
K08E3.5,586,511,483,586,490,524
K08E4.3,29,17,34,19,26,16
K08E4.6,75,57,62,60,72,79
eak-7,72,56,67,80,71,89
K08E7.5,0,0,0,28,23,16
K08E7.6,28,35,20,28,21,37
ctf-18,103,82,81,58,67,82
gtbp-1,380,263,336,282,287,339
mak-1,456,385,395,441,466,434
aipl-1,77,65,73,91,100,123
K08F9.4,40,24,16,22,30,29
uda-1,147,140,138,191,147,151
trpp-6,36,40,27,42,53,53
nipi-3,214,196,173,256,191,263
ent-2,182,104,109,147,118,134
usp-33,23,22,23,11,22,16
K09A9.6,204,188,185,221,184,176
K09A11.1,22,17,22,29,29,18
nol-9,53,32,48,28,29,30
uso-1,146,131,119,153,141,162
algn-3,59,63,65,77,64,77
K09E4.3,65,49,42,33,53,63
K09E4.4,43,54,60,63,52,61
cpg-7,4,7,6,27,26,25
K09E9.1,49,41,37,49,37,52
erv-46,40,31,38,33,22,38
K09E9.3,49,35,33,43,40,36
K09G1.1,167,146,175,268,228,298
ensa-1,64,60,54,74,55,75
K10C3.4,189,178,177,179,157,202
K10C3.5,371,291,291,142,148,171
istr-1,273,227,201,270,212,282
K10D3.4,50,26,31,192,147,188
K10D3.6,15,12,6,39,29,25
K10D6.2,204,189,189,223,189,259
K10D6.4,60,68,57,59,59,54
dod-17,95,83,86,88,69,89
K10D11.5,93,105,85,71,74,88
K10D11.6,36,34,37,30,35,35
K10G4.3,30,20,13,19,23,26
vglu-2,21,19,25,31,49,44
K10G9.2,24,17,9,13,11,18
pad-2,30,26,23,23,27,12
vnut-1,59,53,54,64,41,63
cysl-2,98,87,87,114,107,151
mrps-27,308,232,270,274,252,336
asah-1,258,248,254,196,211,231
K11D2.4,22,11,25,16,8,18
K11D2.5,60,43,55,35,33,55
K11D9.3,200,169,166,226,211,227
K11E4.1,29,24,19,33,21,27
K11E4.2,19,16,18,7,10,16
pix-1,43,43,47,43,52,50
gpdh-2,374,279,277,385,316,334
K11H3.3,94,73,87,84,71,106
mrpl-36,22,24,29,22,13,24
twk-48,20,26,28,30,18,19
top-2,272,215,249,322,274,359
sulp-4,75,66,44,141,81,85
sulp-5,44,27,23,57,32,32
sodh-1,1825,1720,1374,2321,2372,1999
LLC1.2,365,333,369,338,281,387
dld-1,701,586,685,661,583,738
clip-1,193,142,162,184,165,146
M01E5.2,20,23,22,21,16,24
M01E5.3,143,161,165,137,149,164
M01E5.4,39,29,30,43,38,37
M01F1.3,55,52,35,42,41,44
M01F1.4,203,160,159,193,177,201
hmit-1.3,281,198,181,273,199,221
mrpl-35,120,109,127,109,98,103
pitp-1,110,82,79,68,77,76
M01F1.9,16,17,27,20,27,15
M01G12.9,46,45,55,55,51,53
M02B1.2,29,25,22,23,19,24
M02B1.3,89,57,91,74,84,93
mct-3,343,269,285,435,371,436
M03B6.3,0,0,2,62,52,44
M03C11.1,23,11,15,13,18,14
chl-1,22,21,15,20,13,14
M03C11.3,94,90,108,77,82,120
ymel-1,226,183,208,154,181,171
prp-3,115,91,116,83,90,84
M03C11.8,191,153,198,174,184,203
M04B2.2,28,16,15,27,22,15
M04B2.4,96,79,95,92,68,86
M04B2.6,33,29,32,41,34,39
M04C3.1,48,31,40,48,46,45
M04C3.2,30,32,29,25,28,33
M04C9.1,32,45,41,43,36,25
M04C9.3,45,46,48,40,44,42
xbx-3,47,33,31,41,35,35
tag-260,237,158,181,166,179,194
somi-1,241,236,201,187,251,206
let-522,45,43,24,58,47,43
M05B5.4,79,61,61,94,87,72
trpa-2,23,48,35,35,30,29
M05D6.2,81,53,72,63,64,56
lact-4,229,184,123,400,276,303
M05D6.5,122,99,112,149,95,129
M05D6.6,151,140,151,180,160,173
atg-7,52,45,53,70,67,75
M7.8,26,27,14,31,19,22
M7.12,87,66,78,130,98,95
dlc-2,81,81,84,103,85,110
M18.3,17,28,19,12,10,6
ddb-1,199,126,140,134,132,135
M18.6,14,16,14,18,15,18
dhhc-6,25,20,38,31,13,33
M28.5,461,332,406,337,255,414
lact-3,182,137,145,151,121,157
M28.8,34,25,41,50,45,60
M28.10,261,229,213,270,205,284
M79.2,83,72,79,184,153,150
ugt-62,1330,1211,1215,786,722,925
mrps-34,154,125,151,168,138,148
imph-1,305,314,311,243,253,311
cisd-3.1,74,50,52,83,89,71
M106.2,27,19,21,29,24,22
M106.3,246,234,201,255,194,236
gmps-1,314,232,274,259,254,294
M110.3,13,17,16,19,6,12
M117.1,51,34,34,37,36,26
M142.5,35,38,27,44,33,41
rle-1,32,21,23,10,33,40
M153.1,18,15,17,43,35,35
M153.2,32,22,26,33,30,28
M163.1,96,48,65,68,51,68
ztf-14,19,17,16,25,31,15
gss-1,197,167,205,200,137,208
chch-3,231,190,184,225,182,231
M176.4,38,47,38,34,38,55
M176.5,117,113,97,104,83,98
chil-13,10,24,6,19,16,9
M176.11,36,21,28,24,25,22
nduo-6,61,28,36,27,55,42
ndfl-4,19,9,14,13,25,15
atp-6,168,80,81,89,171,82
nduo-2,67,22,31,28,67,40
ctc-3,183,92,115,87,234,165
nduo-4,110,44,50,27,87,63
ctc-1,531,220,319,223,516,395
ctc-2,252,186,129,159,255,144
nduo-3,62,37,39,41,61,49
glb-20,17,14,14,12,14,12
R01H10.4,14,5,8,17,11,7
R01H10.7,52,52,42,50,37,40
R02D5.1,14,20,15,14,23,34
R02D5.3,72,54,57,75,58,77
mocs-1,28,28,25,33,28,20
nkat-3,69,52,46,45,46,65
R03A10.5,33,30,32,21,20,20
sprr-1,25,19,9,14,18,16
metr-1,672,467,541,1208,1008,1217
tceb-3,87,80,59,95,78,120
vha-20,1095,1015,1048,1133,951,1203
lgc-25,36,24,21,36,33,34
R03G8.3,35,37,21,34,30,51
R04B5.5,31,31,50,34,30,31
R04B5.6,36,42,37,32,21,16
ugt-47,73,77,69,41,49,56
cyp-14A4,32,30,17,13,18,26
R04F11.2,354,238,302,345,276,338
R04F11.3,67,55,51,79,49,65
R04F11.5,51,37,48,53,57,69
R05A10.1,255,215,209,297,298,314
R05A10.2,142,135,127,209,157,192
R05A10.3,57,59,49,58,58,58
R05A10.4,23,16,12,27,19,14
R05D7.1,94,79,93,92,80,92
R05D7.3,28,18,23,30,29,22
abhd-11.2,65,67,49,64,63,70
R05D7.5,20,20,20,26,19,25
ddx-52,285,249,242,140,174,161
R05D11.5,163,151,155,154,125,154
paxt-1,79,57,68,54,41,62
snrp-27,69,63,47,74,46,68
edc-3,96,80,87,89,66,81
R05D11.9,72,56,77,34,58,63
R05H5.3,122,95,78,127,131,156
R05H5.5,24,24,32,32,23,21
R05H10.1,41,39,25,48,42,27
rbm-28,317,258,253,144,152,174
R05H10.3,13,14,12,7,17,16
gpx-2,360,291,291,390,292,374
R06A4.2,34,24,25,25,25,31
agl-1,203,179,187,244,228,254
pfs-2,65,65,78,55,68,61
arrd-13,28,20,12,32,26,22
arrd-14,103,105,106,144,103,161
fdps-1,61,55,52,45,59,82
R06C1.4,574,399,420,391,382,500
R06C1.6,79,73,49,99,75,83
wago-1,65,53,56,38,53,71
adsl-1,180,131,152,130,134,159
vps-11,138,109,86,114,127,122
set-14,41,42,39,43,29,53
msrp-7,37,32,39,46,30,58
R06F6.8,80,46,51,62,96,72
tag-209,63,52,49,98,69,73
scav-5,134,120,117,82,96,113
glo-1,21,15,12,19,29,22
kmo-1,114,60,52,80,81,89
R07B7.6,46,38,34,77,54,69
R07B7.8,16,17,18,28,20,24
R07B7.9,22,16,22,28,32,31
R07B7.10,25,12,13,19,11,28
gana-1,113,103,82,161,169,175
nhr-209,18,22,10,14,11,8
R07E3.1,1083,815,857,1114,845,1097
acl-5,113,97,101,176,155,146
R07E3.6,4,0,1,80,68,46
R07E3.7,15,17,18,20,14,20
R07E5.1,49,39,37,47,32,30
prdx-3,302,246,288,339,275,323
snfc-5,100,73,88,112,83,98
R07E5.4,50,30,47,79,67,101
R07E5.7,202,150,151,206,123,179
pdcd-2,58,47,45,37,32,39
mpc-1,301,294,344,300,250,328
cpt-2,177,138,107,151,156,173
nuaf-3,82,69,71,70,62,70
R07H5.8,507,398,404,593,494,682
R08A2.7,38,39,31,47,32,48
R08B4.3,18,17,11,18,19,20
R08D7.1,46,39,44,43,41,40
rpap-2,41,23,31,31,29,34
R08D7.4,35,13,13,9,17,19
R08D7.5,30,28,22,24,15,25
pde-2,213,162,137,204,209,217
R08D7.7,10,19,23,25,11,27
R09A8.5,49,44,43,64,49,57
rbm-3.1,31,38,30,33,33,38
rbm-3.2,196,142,182,150,148,217
chil-22,23,28,45,43,27,53
R09H10.3,103,87,82,83,69,86
R09H10.5,1468,1036,1037,1343,1104,1468
R09H10.7,30,12,17,34,23,23
R10D12.1,58,74,51,168,124,130
swt-6,40,59,51,25,23,18
algn-13,47,26,36,41,41,40
R10D12.13,23,18,23,19,25,27
sao-1,90,68,48,62,65,56
R10E4.1,103,91,87,111,98,99
R10E4.9,26,22,27,33,19,27
R10E4.11,24,17,16,31,23,24
R10E8.3,14,16,7,23,25,30
R10E8.8,27,25,18,30,23,13
usp-46,31,21,19,38,33,52
R10E11.5,69,53,66,47,42,52
R10E11.6,23,24,34,28,24,32
R10E12.2,67,71,81,87,74,75
R10H10.3,907,631,654,787,633,746
R10H10.6,26,22,13,24,14,16
R10H10.7,18,13,17,8,12,18
slc-25A21,35,29,24,33,29,41
nud-2,309,283,229,225,254,284
R11A5.3,38,25,15,29,17,38
pck-2,2100,1661,1579,2274,2122,2127
suro-1,7,6,5,52,43,37
gkow-1,45,51,43,41,48,39
pges-2,194,175,177,153,122,149
mask-1,408,305,315,304,352,369
R11D1.1,26,13,27,18,28,30
R11D1.3,30,22,30,89,53,87
mrpl-49,102,95,97,109,86,134
R11D1.10,95,79,64,85,59,66
R11H6.2,87,84,90,86,93,83
glb-22,31,30,28,22,25,41
R11H6.5,51,44,52,37,46,62
R12G8.1,15,20,23,8,8,20
best-15,30,33,34,19,27,38
miz-1,132,101,105,155,163,156
pho-8,38,27,21,47,33,55
R13H4.5,57,42,50,54,64,62
pde-12,33,26,22,20,20,20
R17.3,8,6,9,4,8,11
R31.2,193,153,164,258,219,225
flad-1,101,66,65,56,58,55
dtmk-1,34,28,31,42,34,42
R53.4,582,439,472,596,484,620
R53.5,59,65,52,59,51,56
aakg-5,37,23,29,23,27,32
asd-1,66,50,51,74,76,75
pelo-1,60,67,71,55,49,69
R74.7,103,93,112,89,96,121
R74.8,57,46,48,50,44,53
ttbk-7,106,102,96,75,88,101
ttr-27,38,23,34,54,43,53
ttr-28,20,14,21,21,30,19
ttr-29,11,6,15,31,25,24
glb-24,37,18,28,29,30,32
R102.2,219,170,180,179,186,197
R102.4,206,143,141,133,131,170
allo-1,215,175,204,211,175,195
R107.2,47,26,30,42,42,38
ikke-1,168,95,102,178,203,169
R107.5,1089,947,1003,630,696,840
R166.2,275,189,219,235,224,272
R166.3,29,20,18,18,22,32
mnk-1,632,384,376,795,747,806
R186.1,13,12,21,19,16,20
R186.3,86,66,82,102,79,87
mpst-7,27,23,31,27,38,40
pnn-1,112,107,121,102,103,120
R186.8,49,40,43,50,32,57
T01B7.5,150,149,142,94,83,120
trcs-2,98,79,81,98,87,93
T01C1.4,22,25,19,23,24,19
cdt-2,20,11,13,21,19,25
T01C3.2,21,17,20,28,20,19
fil-1,42,21,27,16,31,23
mut-15,18,30,21,24,25,33
T01D3.1,86,65,67,73,75,79
T01D3.3,78,69,66,98,85,101
zipt-9,60,48,54,78,59,79
T01D3.6,452,509,580,354,341,358
T01E8.1,78,46,44,93,84,81
nrde-2,166,132,118,129,120,160
mrps-14,158,104,124,116,120,148
T01G1.2,83,72,70,77,66,78
sec-31,86,100,67,80,112,115
T01G5.1,31,21,36,56,51,63
ugt-30,9,8,4,36,29,28
T01G9.2,107,92,88,142,126,100
dma-1,25,26,29,22,12,31
T01H3.2,47,23,36,31,35,44
T01H3.3,131,118,108,118,108,119
rskn-1,156,112,82,122,116,146
T01H8.2,66,55,80,60,59,73
lyst-1,53,35,34,54,37,42
T02B5.3,90,64,59,99,57,60
snpc-3.4,15,7,9,25,21,20
tftc-5,40,31,23,38,33,30
npr-26,24,19,16,20,12,14
T02D1.8,309,233,255,236,240,263
T02E1.2,63,51,45,76,60,84
T02E1.8,13,16,24,9,17,11
dop-5,28,21,26,21,36,29
T02E9.5,98,94,103,84,86,98
mrps-12,68,62,61,58,61,80
sbt-1,441,403,416,440,381,426
T03D8.6,118,87,90,80,89,82
qdpr-1,255,261,261,358,283,397
T03F6.3,37,45,36,30,31,37
T03F6.4,17,9,9,6,10,6
T03F7.7,49,45,64,42,40,62
nifk-1,292,208,227,184,178,176
T04A8.7,337,315,299,363,302,364
T04A8.8,41,28,40,64,29,56
sel-13,39,35,45,28,28,41
mrpl-16,177,144,141,177,148,181
T04B2.3,31,22,22,13,19,19
ipla-7,72,67,73,67,66,83
nlp-80,39,33,20,28,23,35
T04C12.7,8,11,9,31,26,24
T04C12.8,12,7,8,19,17,12
pde-1,72,62,50,56,51,54
T04F3.1,207,151,144,152,237,227
T04F3.2,19,23,13,27,17,17
T04F3.4,72,67,82,75,47,75
sfxn-1.5,139,96,146,105,98,124
T04F8.2,16,11,19,15,15,13
T04F8.6,31,24,20,26,21,18
T04F8.7,109,79,78,83,68,77
T04F8.8,59,73,93,120,121,134
T04H1.2,68,50,55,78,63,66
ttr-22,30,35,27,19,16,12
T04H1.5,43,43,32,16,8,21
ugt-56,26,15,16,21,16,18
lron-14,19,21,13,9,26,21
T05B9.1,24,24,30,20,30,38
aldo-1,1106,1068,1208,1116,915,1115
T05E11.2,30,20,15,36,27,36
enpl-1,1345,1078,1163,1710,1258,1654
imp-2,194,109,95,228,169,199
hpo-4,33,22,32,26,21,33
T05E11.8,19,12,15,20,19,22
T05E12.6,244,203,230,240,213,354
nra-2,467,394,396,466,426,533
T05F1.4,36,26,40,44,25,35
T05F1.11,128,108,100,111,113,118
T05F1.13,31,11,17,26,22,30
T05G5.1,244,281,274,243,223,271
T05G5.5,44,45,41,42,36,39
vps-53,20,28,26,17,30,21
gcc-2,41,54,49,59,56,49
T05H10.1,446,336,336,311,335,348
pdha-1,509,387,461,435,414,528
gpcp-2,233,176,156,268,239,251
cgt-1,119,101,99,174,105,142
nhr-213,22,24,10,23,23,28
srap-1,639,524,560,484,508,593
cox-15,140,94,115,103,113,130
cchl-1,230,185,167,163,133,177
fndc-1,39,46,42,40,33,26
T06D8.9,108,84,91,109,74,92
T06D8.10,1,1,0,47,44,17
rsbp-1,54,35,53,33,35,40
chaf-1,50,52,66,78,76,80
T06E6.1,125,104,101,86,96,94
acl-2,121,89,97,172,122,141
T06G6.3,34,31,27,25,24,29
umps-1,34,38,38,77,50,72
T07C4.3,41,38,26,35,34,38
ttr-15,717,611,553,926,693,829
sas-7,26,16,16,19,27,21
ugt-50,131,109,113,123,113,123
ttr-46,347,301,333,356,279,361
anmt-3,173,126,74,349,246,213
npr-20,34,33,35,41,37,46
T07D4.2,96,89,112,48,89,79
ddx-19,135,102,127,103,101,128
flp-33,20,19,19,17,18,24
anp-1,21,23,19,58,27,37
T07F10.3,45,30,36,30,32,36
bus-19,34,16,18,35,30,31
T08A11.1,72,53,66,81,74,72
sftb-1,286,251,264,280,288,272
vps-39,55,54,53,62,51,55
T08G11.1,1291,936,957,1229,1144,1224
T08G11.4,135,105,111,73,77,89
T09A5.4,15,14,12,17,14,14
T09A5.5,79,74,72,71,58,83
mdmh-35,37,27,28,25,17,36
cec-3,46,40,20,36,33,33
sds-22,111,98,99,84,91,102
ostb-1,399,296,333,369,306,400
ztf-17,120,76,114,93,106,108
T09A5.15,34,23,26,27,21,26
T09B9.3,31,14,19,12,18,12
T09B9.4,21,25,21,12,19,20
noca-1,137,110,109,123,121,142
cni-1,64,60,63,87,49,65
ztf-27,51,59,51,31,54,60
T09F3.2,167,113,72,126,160,150
T09F3.5,14,17,21,12,17,23
cyp-13A5,107,83,72,101,103,107
cyp-13A6,40,42,34,8,24,22
cyp-13A2,80,71,66,61,67,76
ucr-2.2,343,312,324,327,263,311
T10B10.3,105,87,94,58,67,53
T10B10.4,45,50,46,47,57,40
phat-6,85,76,92,84,62,91
T10B10.8,24,23,30,10,14,14
cwc-15,107,96,91,104,93,107
T10C6.6,58,44,54,61,50,81
T10G3.1,73,51,54,162,92,77
T10G3.3,260,278,284,189,177,270
eea-1,153,118,120,143,133,145
T11B7.5,87,62,64,143,120,125
T11F9.12,23,17,17,21,23,35
T11G6.2,28,16,29,22,13,11
T11G6.3,36,30,25,45,25,26
T11G6.4,8,9,6,7,13,7
T11G6.5,126,95,106,88,87,116
rbm-22,240,206,218,175,152,187
T12A7.2,157,150,114,146,120,152
lips-5,51,60,59,34,33,38
lpr-2,59,68,62,46,51,55
T12A7.6,20,15,18,32,29,22
set-16,230,193,191,215,259,265
drr-2,164,130,146,156,143,161
acbp-5,25,22,23,21,17,22
arrd-17,64,45,53,60,48,48
T12D8.5,72,48,68,86,75,60
mlc-5,148,108,104,145,138,165
hip-1,466,330,336,553,476,551
T12D8.9,538,515,469,507,509,495
sqst-1,488,347,396,554,517,548
T12G3.2,83,72,67,43,66,71
T12G3.4,27,35,41,35,38,41
mrpl-51,105,119,120,126,107,139
tgn-38,85,89,78,90,70,82
T13F2.2,144,102,105,143,100,181
sna-2,76,74,84,55,53,74
T13H5.1,100,69,74,81,95,73
ctg-2,173,154,171,132,104,142
T13H5.4,170,133,139,130,132,153
mrps-18B,95,84,76,100,59,104
T13H5.6,12,5,12,5,8,15
T13H5.8,133,96,114,134,94,104
T14B1.1,103,74,93,75,95,79
agxt-1,99,120,96,140,155,151
oac-46,103,74,70,239,194,163
T14G8.3,487,452,491,584,470,608
ttr-53,38,43,51,67,61,70
ttr-54,12,16,20,14,18,17
T14G10.5,370,339,384,385,361,390
hpo-5,74,61,68,67,60,80
nep-21,57,60,64,59,73,56
T16G1.4,64,50,41,27,25,30
T16G1.6,97,81,93,7,25,20
T16G1.7,78,67,63,25,30,24
T16G1.9,74,53,58,79,60,77
T16G12.1,1161,930,1052,1028,972,1039
ekl-6,77,59,82,78,75,74
T16G12.6,72,52,62,49,47,59
T16H12.3,48,33,20,18,29,38
gtf-2H2C,25,17,24,17,17,17
bath-43,59,50,56,76,66,51
T16H12.9,62,79,52,58,47,61
T18D3.1,30,30,42,39,25,41
cdf-2,66,55,69,113,79,84
T18D3.7,51,26,33,55,38,44
T19A6.1,89,77,87,92,75,86
nepr-1,35,22,26,30,36,24
T19A6.4,39,29,39,43,34,37
cyp-29A2,105,113,105,107,118,110
T19B10.2,25,21,24,170,106,136
bgal-1,146,102,97,141,117,134
T19B10.5,22,36,32,54,49,43
T19B10.8,13,13,18,14,23,22
T19C4.1,148,126,124,145,122,143
T19C4.5,62,39,40,70,55,54
T19C9.8,28,43,49,30,21,50
T19H5.4,138,143,138,126,125,131
T20B3.1,76,44,55,112,105,88
T20B3.14,23,19,25,36,24,26
T20D3.2,800,704,818,677,616,826
coa-4,52,37,43,64,42,58
T20D3.5,28,12,11,33,14,15
T20D3.6,59,67,66,64,39,47
T20D3.8,22,15,16,16,14,27
T20F10.2,109,91,107,79,82,93
chc-1,1127,852,943,1059,1024,1161
best-18,47,30,43,50,40,56
dod-6,92,90,91,116,96,116
T20G5.9,41,59,33,68,37,44
blos-1,30,16,18,26,21,27
cox-14,57,54,48,58,30,72
ador-1,43,27,25,25,45,28
pho-7,93,74,68,100,77,78
T21B6.3,1545,1341,1474,1404,1402,1341
mrpl-50,244,125,141,218,175,187
enol-1,1733,1764,1787,1635,1401,1718
T21B10.3,359,276,273,157,176,162
set-17,63,51,44,62,55,63
cutl-15,37,22,24,43,34,40
mics-1,74,64,54,62,45,64
del-6,268,244,242,418,381,424
erh-1,20,22,23,23,19,23
T21C9.6,300,288,267,275,263,265
ttr-23,36,33,34,67,63,58
scpl-4,95,55,69,66,57,79
hlb-1,93,87,91,74,88,74
T22C1.1,111,105,80,103,113,101
T22C1.3,65,39,36,42,44,45
T22C1.5,23,17,14,26,15,23
T22C1.6,131,111,120,138,126,128
T22C1.11,26,20,19,31,36,36
T22C8.6,17,12,18,18,16,29
T22G5.3,29,22,14,24,18,23
sptl-3,114,84,72,71,76,80
scrm-1,52,52,50,36,46,42
pgrn-1,187,176,188,210,178,237
alh-13,50,53,44,182,153,168
prmt-9,124,84,117,85,87,117
T23B5.3,98,61,61,80,66,92
T23D8.3,220,185,203,155,123,178
ppm-2,512,430,470,571,518,615
cdka-1,60,58,47,87,61,68
T23G5.2,105,96,86,118,122,87
saeg-2,57,58,44,60,49,56
T23G7.2,24,20,24,28,18,23
T23G7.3,66,54,82,46,45,71
pir-1,44,31,21,44,34,54
T23G11.4,30,35,34,21,30,29
rlbp-1,18,10,11,11,20,12
lron-9,75,76,61,128,133,131
T23G11.7,108,105,103,112,92,126
xbx-5,54,58,54,55,33,50
T24B1.1,87,89,97,94,86,78
T24B8.2,29,32,29,34,23,32
T24B8.3,406,484,535,512,385,555
T24B8.4,156,136,146,123,130,152
T24B8.5,22,26,34,37,37,53
T24B8.7,216,146,189,177,223,244
T24D1.2,18,24,30,23,25,34
T24D5.2,23,19,15,27,16,27
samp-1,58,69,63,31,24,42
rsf-1,57,51,59,46,60,42
nlp-51,2,5,11,8,6,4
T24H10.1,83,101,73,94,85,101
T24H10.4,54,57,55,64,66,70
dyrb-1,35,35,43,60,41,66
1-Jun,112,121,117,133,125,150
T25B9.1,126,126,114,164,136,163
T25B9.3,24,17,19,14,16,17
ugt-54,179,117,87,159,120,121
T25B9.8,11,10,17,25,18,19
T25B9.9,1176,964,985,760,781,918
inpp-1,18,11,8,18,16,15
T25C12.3,3499,3017,3233,3496,3273,3867
dkf-2,159,141,136,120,130,132
T25G3.1,20,24,30,15,23,22
T25G3.3,340,301,300,249,214,266
T25G3.4,377,259,316,361,295,375
T26C5.2,1,2,7,81,69,49
T26C5.3,216,188,180,235,196,239
T26C5.4,23,20,19,12,12,14
T26E3.4,123,91,107,122,94,139
T26G10.1,329,280,251,177,119,176
cpd-2,63,76,65,45,59,57
npr-15,32,17,21,29,26,12
T27D12.1,264,181,200,565,440,488
T27E9.2,319,211,224,272,252,338
abcf-2,140,125,156,70,129,137
sipa-1,144,107,103,81,124,118
zip-10,43,30,23,25,15,22
sygl-1,25,27,26,18,17,20
T27F6.6,58,59,44,49,49,63
T27F6.7,29,19,21,25,22,23
T27F6.8,51,32,36,42,49,52
T28B8.1,215,192,130,283,261,267
T28B8.3,11,10,5,9,13,18
T28B11.1,369,300,246,368,391,347
grsp-2,75,83,73,155,139,182
T28C6.7,258,226,238,286,319,286
T28D6.4,32,24,31,25,24,34
T28D6.5,88,91,98,82,79,75
T28D6.6,254,187,201,205,183,232
T28D6.7,117,98,95,101,75,113
nra-1,121,107,105,128,124,115
slc-17.4,24,28,24,29,25,36
T28F3.5,18,15,9,13,19,22
T28F3.8,71,57,73,59,52,64
T28F4.1,45,40,37,50,40,52
T28F4.4,60,39,47,49,46,51
T28F4.5,782,631,448,1470,997,1062
T28H10.2,89,58,43,77,58,75
T28H10.3,210,235,237,349,308,329
inos-1,104,93,110,111,89,113
VF13D12L.3,113,97,127,114,111,139
syx-17,43,35,39,49,27,38
cnc-10,21,36,22,30,37,36
ebp-2,13,19,17,39,30,30
adbp-1,26,27,23,28,33,35
ucr-2.1,417,364,363,396,353,434
sek-6,33,22,17,31,19,36
nuo-6,355,359,365,361,288,391
tofu-5,27,28,23,22,21,17
W01B6.3,16,36,33,20,18,24
glb-27,18,17,16,17,22,9
W01D2.1,107,63,68,65,64,86
osta-3,38,41,38,32,36,54
mnr-1,11,17,19,31,22,26
W01F3.2,61,62,72,95,69,86
mlt-11,8,4,6,587,601,425
rpb-11,58,69,70,48,45,71
W01G7.4,32,25,35,21,26,23
W02A11.1,73,59,50,44,42,46
vps-25,133,117,82,148,112,137
toe-4,106,93,74,94,93,81
W02B8.1,16,15,10,16,14,22
W02B8.2,14,18,14,34,26,27
W02B12.1,129,69,83,136,101,113
rga-1,53,43,58,79,43,64
mfn-1,49,36,51,51,36,44
W02B12.10,89,74,101,92,82,93
W02B12.11,55,61,54,62,48,58
W02D9.2,34,50,34,41,36,54
W02D9.10,122,94,87,114,121,125
W03C9.5,38,24,40,44,36,45
W03C9.6,41,25,27,35,24,22
W03G11.3,22,23,15,16,20,15
W03G11.4,21,10,16,15,20,19
cacn-1,86,71,74,67,57,76
W04A4.5,86,89,72,48,53,63
W04A4.6,22,31,21,15,20,25
W04A8.6,35,34,31,35,31,25
W04D2.4,49,40,36,54,43,34
mrps-11,31,36,38,30,39,46
rbm-25,314,249,274,264,261,280
clec-49,46,33,46,55,52,45
W04E12.7,46,30,42,57,42,64
clec-50,909,803,804,824,733,891
lpr-6,8,9,6,87,85,61
lpr-5,2,4,0,119,122,88
lpr-4,0,0,1,92,58,56
W04G3.5,176,155,145,154,135,175
sulp-7,126,98,98,102,95,79
lpr-3,2,2,0,238,179,163
dhc-4,2,3,3,2,1,3
W05B5.1,175,150,153,154,134,173
his-74,23,12,9,18,10,15
ccch-3,9,6,14,17,16,10
W05B10.4,40,29,20,58,38,35
W05E10.1,16,16,12,16,20,16
W05E10.5,27,21,22,24,20,39
W05H12.1,256,207,243,210,185,181
W06A7.2,91,88,93,99,91,92
prmt-7,82,67,86,50,53,49
W06F12.2,55,57,49,60,43,63
immt-2,18,13,14,18,18,17
ctps-1,679,545,540,624,533,608
ztf-6,149,139,134,132,131,159
ipla-3,69,67,51,49,44,60
W07A12.4,8,6,12,19,30,45
rhy-1,4,12,7,10,9,22
W07E11.1,167,148,199,187,187,151
zip-3,52,44,45,45,46,54
W07G4.3,174,118,150,155,180,176
W07G4.5,90,92,109,106,106,138
dct-15,34,23,20,33,21,17
catp-6,128,108,107,118,110,128
mtr-4,497,351,360,236,278,298
W08E3.2,155,144,159,147,136,180
ola-1,420,326,328,323,288,364
W08G11.3,21,13,26,18,13,9
pptr-1,525,435,455,538,521,526
W09C5.1,206,160,161,141,129,174
dkf-1,48,40,51,53,37,39
W09C5.7,27,18,31,34,23,31
cox-4,765,641,726,751,665,795
W09D6.5,24,18,21,16,22,18
W09D10.1,131,129,132,115,111,140
tat-3,101,57,62,73,89,85
mrpl-12,199,190,177,203,154,199
W09D10.4,167,110,104,190,157,162
zmp-4,44,46,50,62,64,59
W09G3.1,15,24,17,13,14,21
maea-1,32,21,22,26,26,30
W09G3.6,29,33,39,27,48,37
W09G3.7,21,15,21,23,19,20
W09G3.8,10,15,16,35,18,16
mecr-1,181,163,152,152,135,192
nduf-7,275,206,194,270,228,277
Y2H9A.4,47,34,37,74,52,56
ttr-16,1721,1651,1662,1742,1487,1538
ttr-17,539,445,444,478,477,436
Y5F2A.4,17,12,15,12,19,15
agef-1,150,124,137,145,158,199
Y6B3B.4,76,51,51,72,57,56
gpap-1,48,39,52,70,46,54
Y6B3B.9,75,63,50,44,41,42
Y6D1A.1,26,40,33,19,33,24
Y6D1A.2,4,4,11,25,16,14
Y7A5A.1,355,249,278,267,204,276
Y7A9A.1,138,117,135,141,103,116
Y9C2UA.1,55,46,55,28,34,50
Y10G11A.1,137,108,132,106,89,107
Y11D7A.3,29,20,16,10,9,12
Y11D7A.9,0,0,0,48,25,20
Y11D7A.10,65,56,71,59,51,75
nmy-3,103,85,79,92,114,100
Y12A6A.1,34,23,19,63,49,41
Y15E3A.4,113,95,100,125,112,154
Y15E3A.5,35,44,25,39,41,56
Y16B4A.2,2027,1857,1808,2000,1612,2078
ash-2,157,114,118,159,121,119
Y17G7B.3,65,37,59,47,56,64
dhps-1,47,27,24,31,21,30
glb-29,20,22,18,19,15,15
Y17G7B.8,42,24,26,39,37,41
Y17G7B.10,69,35,45,62,52,71
arrd-7,53,46,47,51,35,57
Y17G7B.12,106,87,98,78,64,85
ippk-1,35,31,35,59,65,43
Y17G7B.17,249,195,147,341,258,289
Y17G7B.18,73,59,32,54,50,59
Y17G7B.20,244,199,204,102,95,145
Y17G7B.21,50,38,48,22,40,36
attf-6,104,101,99,57,56,81
mxt-1,92,66,63,51,62,85
Y18D10A.9,80,66,74,33,43,58
coa-5,23,23,22,34,18,24
car-1,211,182,215,190,168,191
nhr-232,29,26,20,23,24,12
Y24F12A.1,37,24,38,38,37,37
ragc-1,140,134,116,133,109,129
Y32B12B.2,81,54,56,81,56,67
Y32B12B.4,34,17,24,12,12,25
pap-1,232,190,197,155,163,146
Y32F6A.4,270,212,233,192,187,271
Y32F6A.5,735,745,792,745,676,818
Y32F6B.1,274,193,226,222,181,250
Y37A1A.2,41,41,17,34,38,49
Y37A1A.3,32,18,22,9,13,15
Y37A1B.5,142,136,146,185,138,166
nkcc-1,111,115,107,140,126,154
Y37D8A.2,944,835,837,1007,904,885
Y37D8A.3,7,4,7,30,35,30
Y37D8A.4,53,58,51,55,36,36
Y37D8A.6,40,35,37,31,22,27
spcs-2,131,109,119,127,113,152
cec-7,16,29,14,23,11,24
cox-5A,728,629,667,717,545,772
Y37D8A.16,191,184,186,218,174,221
npp-25,88,102,80,96,88,105
mrps-10,66,69,74,86,46,74
rbm-7,46,39,73,44,42,40
epg-3,231,197,186,256,197,278
Y37H2A.1,17,5,8,9,13,15
Y37H9A.1,34,29,25,23,26,31
Y37H9A.3,107,94,99,79,92,93
clec-8,18,17,19,24,11,15
clec-4,294,279,311,263,253,316
ceh-100,110,104,122,110,124,101
lips-15,33,20,33,32,39,36
nspe-1,37,35,23,51,57,62
nspe-5,22,18,19,47,49,56
Y38E10A.20,9,16,11,8,13,21
Y38E10A.22,608,373,301,649,407,586
Y38E10A.24,85,70,78,78,72,73
nspe-2,7,4,8,7,10,9
Y38F1A.2,22,15,18,22,15,16
hphd-1,1507,1373,1548,1399,1202,1533
Y38F1A.8,13,7,12,15,20,12
dct-16,1970,2038,2090,1571,1288,1891
fbxa-150,28,28,19,21,14,14
Y38H6C.16,14,10,16,24,23,33
slc-36.3,28,32,33,26,19,27
Y38H6C.20,27,18,20,15,16,20
epg-6,102,85,82,150,124,127
Y39A1A.3,75,50,56,58,58,56
rabx-5,52,40,52,75,68,57
mrpl-22,195,132,139,185,141,171
lron-10,34,40,37,57,61,58
swt-4,28,23,19,13,22,18
Y39A1A.9,60,50,60,97,113,143
orc-1,31,12,19,23,21,34
Y39A1A.14,126,81,104,87,63,92
Y39A1A.20,18,22,12,21,11,19
Y39A1A.21,40,34,31,32,34,32
Y39A1A.22,150,92,110,129,117,131
hex-3,76,52,54,59,73,65
Y39B6A.1,400,461,415,400,587,460
pph-5,245,217,214,193,228,256
Y39B6A.3,43,48,63,73,44,61
Y39B6A.5,11,18,9,20,11,26
bed-1,32,37,27,54,41,36
Y39B6A.13,21,23,17,17,14,17
pro-3,508,416,389,324,311,370
Y39B6A.27,27,23,27,15,18,23
Y39B6A.33,542,398,437,289,244,314
Y39B6A.34,68,51,36,45,33,30
gtf-2F2,93,72,72,76,60,66
reps-1,18,17,24,12,14,13
mrps-35,170,162,175,150,152,185
nhr-145,17,29,26,12,8,10
mlt-3,35,20,32,86,59,47
ttm-1,60,48,35,36,43,54
bckd-1A,392,278,307,392,331,427
abce-1,550,391,448,444,415,491
snpc-1.2,24,15,13,14,16,8
Y39E4B.5,15,5,11,9,5,6
Y39E4B.6,34,29,32,20,32,21
dhhc-8,95,92,100,85,67,79
Y39E4B.10,39,36,20,24,31,22
Y39G8B.1,191,161,177,194,159,210
Y39G8B.9,118,86,80,100,110,101
xrn-1,289,220,233,214,213,233
Y40B1A.3,56,39,43,36,44,34
sptf-3,306,265,228,328,307,358
eif-3.J,270,228,226,252,203,284
Y40B1B.7,166,167,145,136,84,126
slc-25A46,46,51,48,37,45,45
Y40H7A.10,18,14,14,18,20,17
faah-6,19,15,20,26,40,26
Y41C4A.9,58,53,60,43,36,54
Y41C4A.12,18,19,27,28,24,28
sup-1,237,252,236,225,213,210
Y41E3.1,82,61,59,46,54,52
atln-2,17,17,17,21,34,25
Y41E3.7,120,127,143,114,135,148
Y41E3.8,29,20,31,36,36,33
fcd-2,66,31,40,29,34,49
eef-1B.2,412,374,432,328,304,435
hrpu-1,141,124,137,112,153,139
Y42A5A.1,20,27,22,18,23,18
lact-8,5,4,5,10,6,4
Y42A5A.3,19,22,7,54,21,29
cdkl-1,10,18,26,24,13,12
Y43C5A.2,555,439,495,505,475,552
Y43C5A.3,44,45,58,104,104,89
Y43E12A.2,124,114,136,130,118,143
Y43F4A.1,19,17,16,18,23,17
set-25,33,20,21,21,19,32
Y43F4B.5,588,543,551,587,505,726
Y43F4B.7,96,79,92,112,83,105
Y43F4B.9,21,24,24,12,7,17
Y43F4B.10,36,30,24,51,46,27
Y43F8A.5,19,17,23,23,12,17
Y43F8B.1,428,379,375,377,375,411
Y43F8B.2,800,565,560,427,497,595
Y43F8B.3,1,1,1,23,20,16
Y43F8B.11,34,36,18,23,24,31
Y43F8C.3,38,35,45,43,48,36
dyf-19,13,9,6,21,8,8
Y43F8C.6,32,19,19,13,22,27
Y43F8C.7,173,141,122,127,128,158
mrps-28,82,59,65,57,56,79
Y43F8C.13,198,95,146,142,122,177
ani-3,11,5,7,20,10,18
grsp-1,58,41,40,132,110,127
Y44A6C.1,294,164,136,302,322,309
Y44A6D.2,106,112,115,89,106,97
Y44A6D.3,63,62,66,71,63,89
pbo-5,68,75,69,65,73,59
Y44F5A.1,95,79,92,70,71,69
acdh-11,81,59,65,81,66,99
Y45F3A.4,73,61,55,101,65,84
seld-1,50,44,44,36,37,43
tbc-9,75,58,61,58,67,78
Y45F10A.7,23,33,33,34,38,42
Y45F10B.13,273,279,261,311,221,300
Y45F10D.4,230,128,140,243,192,196
Y45F10D.6,51,33,35,32,16,23
Y45F10D.7,471,403,389,228,253,266
sas-6,39,25,26,39,36,39
icap-1,11,18,11,19,16,12
lact-9,57,57,51,40,41,57
sorb-1,108,76,75,78,75,90
tbc-17,88,66,64,61,82,80
cox-10,42,29,28,29,33,31
snrp-200,662,552,629,570,533,597
pisy-1,93,93,70,70,47,90
cnp-2,8,8,4,6,11,6
vps-2,119,87,120,123,107,145
tiar-2,81,72,84,73,77,104
cpt-1,675,435,290,1280,979,875
Y46G5A.18,64,59,57,86,65,72
spds-1,148,106,112,142,100,124
acl-7,81,47,52,55,43,67
Y46G5A.29,2,0,0,28,26,9
alkb-7,26,11,7,21,14,22
fbxa-128,14,8,20,21,21,19
aakb-2,103,70,75,105,93,116
rsks-1,154,111,131,127,99,133
obr-1,96,91,77,80,82,94
Y47D3A.21,134,118,106,112,110,121
gly-9,52,25,31,35,48,42
mcm-10,21,11,8,22,15,23
pola-1,152,111,131,155,160,163
subs-4,8,8,19,32,23,30
bed-2,56,37,45,60,51,53
dhhc-2,19,17,15,14,21,18
eif-2Bbeta,78,61,58,62,68,61
Y47H9C.8,38,31,23,25,21,34
Y47H10A.4,19,22,17,18,14,15
Y48A6B.3,384,314,348,308,267,344
exos-1,42,38,49,48,35,43
kvs-4,15,4,8,15,17,10
Y48A6B.7,95,101,110,91,108,126
Y48A6B.9,26,21,24,28,30,25
rsa-2,27,43,44,50,47,53
spat-2,235,181,210,198,185,219
sup-35,44,20,22,40,40,55
Y48A6C.4,94,70,62,76,57,79
Y48B6A.1,418,341,348,242,231,291
efhd-1,102,99,101,141,123,134
jmjd-2,72,61,74,44,58,54
men-1,408,304,358,327,299,359
Y48B6A.13,58,47,53,39,31,56
Y48C3A.3,97,101,78,95,97,115
ztf-22,60,61,54,45,45,62
Y48C3A.5,29,32,21,22,18,20
sam-10,58,53,55,67,56,56
mrpl-20,141,98,92,71,68,85
dmsr-3,16,11,23,17,14,12
Y48C3A.12,92,91,71,71,67,98
Y48C3A.14,77,62,71,63,82,93
pinn-4,61,51,53,54,42,61
Y48C3A.18,21,16,10,9,13,24
Y48C3A.20,87,38,68,44,45,56
rpoa-1,361,256,262,200,220,242
ddl-2,14,9,11,10,10,15
Y48E1B.2,43,43,57,38,52,63
Y48E1B.3,47,42,42,60,62,59
mrpl-37,143,92,115,101,103,110
lin-38,68,66,71,68,62,86
clec-146,40,36,23,41,52,47
snx-14,59,43,51,40,56,64
Y48E1C.1,20,13,18,16,22,25
Y48E1C.2,30,31,36,37,33,42
Y48E1C.4,114,103,120,127,113,120
Y48G10A.1,116,106,100,98,92,98
Y48G10A.2,17,17,24,11,13,18
Y48G10A.3,143,129,134,162,144,143
Y48G10A.4,87,71,61,34,43,41
cept-2,65,54,50,59,55,82
vha-13,3497,2885,2827,3208,3093,3601
Y49A3A.3,25,15,17,12,20,14
glrx-5,165,97,113,119,107,118
tat-1,284,244,187,271,239,250
Y49E10.16,29,29,18,32,24,36
Y49E10.18,217,160,159,174,159,196
ani-1,167,144,117,150,160,167
scav-3,268,207,192,327,250,295
Y49E10.21,81,42,52,53,55,72
cccp-1,56,40,34,53,41,50
Y50E8A.1,18,16,21,26,16,17
Y51A2D.7,83,58,57,51,46,62
ttr-24,446,381,365,369,356,352
ttr-25,141,139,120,118,108,100
ttr-26,371,291,267,474,349,371
Y51A2D.13,193,168,141,199,198,202
Y51A2D.14,343,274,287,263,247,310
grdn-1,25,17,17,26,36,37
Y51A2D.18,65,42,53,45,54,65
Y51B9A.6,42,36,31,33,38,44
cup-14,56,43,36,55,44,57
Y51H1A.3,193,136,154,205,129,162
ing-3,53,45,38,38,38,38
mcd-1,66,56,77,50,71,74
Y51H4A.7,51,33,57,48,52,53
Y51H4A.8,53,43,39,45,44,28
set-26,85,71,74,110,102,92
Y51H4A.15,65,33,49,53,55,48
sta-1,133,128,124,193,118,136
Y51H4A.24,25,22,16,21,21,32
impt-1,14,16,12,17,8,15
Y52B11A.3,33,27,27,24,25,22
Y52B11A.4,48,62,35,53,62,41
Y52B11A.8,10,8,6,20,20,18
dxbp-1,49,51,50,28,26,43
Y52B11A.10,149,129,145,82,96,105
Y52B11C.1,12,6,4,5,9,10
strd-1,54,52,51,53,51,63
rga-2,27,13,16,20,31,18
Y53C10A.5,146,112,124,143,113,159
Y53C10A.6,36,16,31,17,22,22
Y53C12A.3,25,20,22,24,21,24
mop-25.2,123,93,83,80,89,75
Y53C12B.1,161,153,152,95,101,110
pno-1,110,100,89,72,74,116
pole-4,48,30,48,60,43,66
nsun-5,79,88,84,57,51,78
Y53F4B.9,22,19,18,31,32,43
Y53F4B.12,39,23,24,26,25,40
Y53F4B.13,78,59,67,65,69,90
Y53F4B.14,37,28,37,51,27,44
Y53F4B.18,114,87,90,80,73,83
Y53F4B.21,79,68,52,58,69,58
arp-1,248,238,197,201,187,209
Y53F4B.39,144,151,119,104,113,138
rsy-1,72,65,57,50,73,84
Y53H1A.2,26,22,20,22,16,22
cutl-10,22,27,24,24,39,34
Y53H1B.2,114,116,104,129,132,114
npr-34,24,15,17,14,16,20
smg-9,28,25,20,30,26,18
Y54E2A.4,156,102,112,101,105,158
tbc-20,15,12,15,16,14,12
ttm-5,54,54,34,45,30,60
Y54E5A.5,185,138,139,100,104,146
dus-2,49,54,38,52,32,38
Y54E5A.7,48,36,31,51,38,34
Y54E5A.8,11,12,17,10,18,14
Y54E5B.2,64,53,51,43,43,54
bub-3,83,67,55,100,85,112
Y54G9A.7,92,61,77,64,54,89
Y54G11A.1,31,32,33,36,21,23
Y54G11A.2,78,109,93,120,92,113
Y54G11A.4,64,49,49,67,67,66
Y54G11A.7,151,119,117,104,106,146
ddl-3,112,105,104,101,79,104
Y54G11A.9,32,24,30,26,16,24
Y54G11A.11,29,30,22,36,30,37
dmsr-6,23,27,22,32,29,27
efa-6,100,89,77,121,94,98
Y55D9A.2,28,25,32,40,20,22
Y56A3A.2,39,25,27,35,39,36
Y56A3A.6,59,54,47,36,49,57
Y56A3A.7,163,198,211,215,202,228
faah-4,70,51,50,58,69,81
Y56A3A.16,25,16,22,11,18,30
Y56A3A.18,81,75,75,63,47,59
Y56A3A.19,229,223,200,269,181,263
trap-4,260,220,196,241,191,272
Y56A3A.22,72,72,67,69,76,73
Y56A3A.28,20,16,20,15,17,19
ung-1,18,15,23,20,33,36
Y56A3A.30,17,20,13,20,13,15
Y56A3A.31,32,35,36,26,40,34
Y57A10A.8,15,14,19,13,16,12
tric-1B.1,108,79,101,114,89,112
Y57A10A.13,95,100,121,88,89,84
Y57A10A.14,18,17,17,22,15,14
polg-1,44,38,27,25,17,16
trpp-5,74,51,52,58,37,68
rsr-2,124,107,131,75,77,114
sinh-1,28,15,28,18,18,26
txdc-12.1,42,36,48,256,202,215
parn-2,35,42,35,29,24,46
Y57A10A.26,151,123,130,170,176,171
Y57A10A.27,196,172,174,101,104,106
tric-1B.2,19,20,26,24,30,27
Y57A10A.29,20,18,19,24,22,36
Y57A10A.31,30,31,21,18,23,22
5-Mar,28,30,28,38,40,35
btb-14,72,65,78,62,78,62
daf-22,289,248,232,250,232,271
tag-273,177,142,136,243,213,205
Y57G11A.4,60,52,67,81,62,83
Y57G11B.2,16,23,15,39,21,28
Y57G11C.3,134,95,104,158,133,119
vti-1,51,41,28,51,37,42
Y57G11C.9,143,153,142,147,141,158
nuo-3,57,63,54,80,55,69
sec-61,1391,1157,1236,1502,1350,1637
Y57G11C.22,63,72,66,62,43,59
Y57G11C.31,63,47,61,68,60,63
Y57G11C.33,38,31,33,45,28,36
mrps-7,183,143,122,134,124,165
anoh-2,32,25,27,22,22,21
Y57G11C.38,43,31,31,34,40,40
Y57G11C.42,4,3,0,15,28,20
Y57G11C.43,29,21,26,19,29,27
phf-14,49,37,25,44,29,40
tcc-1,751,709,677,840,723,837
prp-6,289,227,227,203,211,257
ebp-1,83,54,62,74,59,56
Y59A8B.8,60,42,38,53,47,59
nova-1,114,93,113,93,117,122
slr-2,21,16,17,12,25,15
lon-8,112,76,74,109,96,101
Y59A8B.21,29,17,21,20,25,17
snx-6,160,155,160,181,184,192
gck-3,228,222,208,205,244,221
abhd-3.1,42,28,28,49,34,46
Y60A3A.8,46,38,28,44,40,35
Y60A3A.9,89,74,57,78,59,89
fars-2,101,93,79,86,85,83
algn-7,82,73,71,101,84,83
Y60A3A.19,52,43,47,48,39,44
Y62E10A.6,72,65,62,57,57,75
emc-3,70,34,45,50,42,56
Y62E10A.13,96,81,94,96,92,114
gcl-1,61,49,55,108,65,72
Y62E10A.19,17,18,16,31,16,23
Y62F5A.9,58,46,43,104,55,72
Y63D3A.7,209,154,159,160,127,166
Y63D3A.8,55,53,42,48,49,56
ilcr-1,145,128,122,95,135,124
Y64G10A.7,72,45,53,57,66,53
Y65A5A.1,3,6,4,9,11,5
Y66A7A.2,63,47,34,50,40,55
Y66D12A.8,135,140,141,55,52,61
Y66D12A.9,654,430,501,170,185,174
Y66D12A.10,53,49,39,23,20,27
ztf-29,34,30,35,32,33,53
Y66D12A.13,44,58,38,71,46,71
nrps-1,9,7,18,10,11,8
xpb-1,78,60,91,49,56,53
Y66D12A.21,14,16,12,11,15,24
nars-2,57,41,44,46,35,41
Y66D12A.24,49,40,43,37,31,40
ssu-2,15,17,15,24,15,21
Y67A10A.7,20,16,16,10,16,20
Y67A10A.9,42,43,36,38,50,51
Y67A10A.10,75,60,56,79,58,73
cpsf-3,109,99,105,49,68,65
Y67H2A.2,40,47,48,32,37,52
micu-1,81,71,62,123,92,111
kdp-1,693,530,552,624,564,672
Y67H2A.7,56,29,43,25,42,50
Y67H2A.10,41,44,60,34,30,32
Y69E1A.5,159,115,117,124,118,116
Y69H2.3,339,327,339,337,326,330
Y69H2.7,30,35,31,39,34,30
col-42,564,596,702,447,537,687
hex-5,16,6,15,22,19,28
Y70G10A.3,337,330,258,375,387,387
usp-3,77,75,67,78,57,74
Y73F4A.1,66,48,50,77,57,58
Y73F4A.2,316,293,281,266,238,207
Y73F4A.3,73,66,65,81,104,89
Y73F8A.5,38,36,31,23,31,25
Y73F8A.24,29,30,25,21,28,36
ntl-11,77,58,84,65,63,79
Y73F8A.26,50,56,39,60,74,56
Y73F8A.27,73,56,82,61,42,58
acr-24,22,18,20,26,17,26
ari-1.4,34,33,43,31,20,22
Y75B8A.3,26,26,32,37,38,65
lonp-2,103,75,58,105,93,89
Y75B8A.6,84,84,86,99,106,113
Y75B8A.7,317,282,275,230,201,246
Y75B8A.8,69,51,46,54,49,58
lury-1,22,26,18,29,20,40
Y75B8A.13,72,63,69,62,55,68
Y75B8A.14,74,80,85,62,55,61
gmn-1,9,9,11,22,20,18
Y75B8A.19,34,18,19,25,31,24
Y75B8A.24,162,133,152,186,172,194
Y75B8A.25,68,48,50,62,65,56
Y75B8A.28,20,21,20,26,27,34
zip-12,73,59,56,80,85,80
Y75B8A.31,31,18,20,22,18,35
bath-36,16,17,10,9,19,11
acs-5,526,462,473,594,486,493
Y76A2B.4,10,10,2,11,8,14
Y76A2B.5,526,410,398,573,494,539
scav-2,67,45,35,113,98,122
Y79H2A.3,138,87,114,113,136,134
Y80D3A.9,22,21,19,20,13,20
nlp-42,49,47,41,40,37,47
gcn-2,25,30,31,21,27,31
Y87G2A.1,70,70,65,57,53,70
Y87G2A.2,36,24,20,40,32,24
atg-4.1,119,114,105,115,103,140
nyn-2,21,14,10,24,21,28
gpi-1,1243,1067,1226,806,752,895
vps-28,91,80,73,89,63,85
eipr-1,31,32,30,41,27,26
Y87G2A.13,106,83,93,113,89,98
soem-1,13,16,18,17,19,16
Y95D11A.1,102,83,105,71,65,64
cand-1,479,410,382,393,402,488
fbxa-90,21,16,11,13,15,22
Y105C5A.1,12,21,15,16,20,12
Y105C5A.8,38,27,25,41,25,26
Y105C5A.15,33,28,29,49,51,35
daf-38,18,13,14,16,12,17
Y105C5A.24,58,57,71,54,67,63
Y105C5B.5,107,114,95,118,127,120
Y105C5B.9,70,51,63,72,56,59
Y105C5B.15,102,102,99,113,92,118
Y105E8A.1,23,27,29,25,28,25
Y105E8A.2,73,73,52,72,81,72
Y105E8A.3,98,79,90,91,95,115
tcab-1,19,23,19,20,10,13
hpo-13,91,87,101,55,67,73
Y105E8A.11,38,44,39,37,37,45
catp-1,71,59,52,86,88,87
Y105E8A.14,56,33,31,32,47,28
ekl-4,72,52,64,56,77,71
yars-1,216,148,173,186,174,164
Y105E8A.20,49,32,30,43,35,32
Y105E8A.21,79,66,47,54,33,41
rpom-1,167,115,106,105,94,119
Y105E8A.25,214,146,170,205,225,213
zoo-1,138,133,134,115,135,131
exoc-8,66,79,73,53,67,67
riok-2,219,168,182,143,130,138
bath-40,80,69,53,70,78,57
hprt-1,321,274,314,232,226,294
Y105E8B.7,23,22,37,43,24,33
Y106G6A.1,11,11,10,8,7,8
epg-8,39,22,27,58,44,38
dsbn-1,31,40,36,50,40,49
Y106G6D.6,8,10,5,26,18,23
rbm-12,94,106,86,84,100,76
Y106G6E.4,29,30,28,22,28,39
csnk-1,175,158,147,169,173,195
Y106G6G.2,54,52,53,54,53,57
Y106G6G.4,0,0,0,0,0,1
Y106G6H.1,188,137,162,174,146,151
pdpr-1,87,75,96,63,67,69
Y106G6H.6,15,17,13,19,16,14
Y106G6H.8,24,28,31,33,25,18
Y106G6H.14,49,40,41,48,33,43
ska-1,31,33,26,47,55,57
sql-1,177,134,177,155,175,172
aakg-1,127,118,106,123,144,121
Y111B2A.10,24,24,27,65,48,35
Y111B2A.12,227,174,184,162,167,162
gtf-2A2,46,49,41,62,51,68
tpst-1,68,52,46,77,51,72
elpc-2,126,77,90,64,78,96
spin-4,54,47,42,68,37,58
hut-1,116,96,101,130,95,112
sas-1,27,12,22,28,12,23
lgc-55,22,18,26,19,14,24
nlp-69,11,13,11,10,13,19
cdkr-3,76,78,80,82,71,84
prmt-1,393,281,338,264,265,344
sld-5,39,32,43,52,37,56
Y116A8C.3,24,20,19,33,15,21
Y116A8C.9,46,40,30,50,49,43
Y116A8C.10,6,1,5,6,6,5
Y116A8C.13,34,23,24,17,17,17
snx-13,93,56,66,53,60,56
Y116A8C.27,202,192,183,213,152,212
bca-2,127,100,108,142,120,149
Y116A8C.30,70,54,56,60,50,66
sfa-1,177,120,137,138,113,150
ZC15.1,2,0,1,0,2,4
mlt-4,27,12,33,3,7,13
fbxa-31,31,16,39,35,21,19
fbxa-37,25,20,19,17,13,16
cls-3,55,31,52,29,43,47
npr-29,18,27,21,24,13,20
ZC116.1,202,203,228,168,127,188
ZC116.3,117,126,98,135,111,103
orc-5,14,14,17,20,22,14
ZC247.1,157,126,134,89,159,140
ZC247.2,66,45,47,40,45,46
cbs-1,563,382,421,355,440,460
mlck-1,58,42,37,34,45,40
ZC373.5,30,24,20,22,24,40
ZC374.2,56,56,57,105,70,72
ZC376.2,50,48,31,42,33,36
ZC376.3,25,20,13,18,15,15
ceh-74,19,19,15,17,20,23
ZC376.6,61,55,58,52,74,60
atfs-1,247,216,196,284,233,274
mppb-1,143,122,111,103,96,119
msa-1,286,269,267,348,305,289
ZC412.3,1127,1198,1144,1211,1016,1193
ZC434.4,104,83,86,84,68,99
coa-6,33,29,17,22,28,21
ZC434.8,21,22,18,27,13,18
ZC434.9,48,57,44,58,78,67
ZC443.1,29,36,29,35,47,37
ZC443.3,78,54,65,100,100,70
ZC443.4,61,37,56,52,46,64
ugt-18,16,21,15,22,21,20
ugt-16,341,304,365,72,90,113
ZC455.1,65,39,50,63,58,49
ugt-4,15,22,18,34,39,28
ugt-5,123,96,80,91,62,62
lgc-37,19,18,25,13,15,12
cdk-11.2,38,45,42,44,25,35
ZC506.1,112,119,115,120,120,124
pssy-1,263,209,239,312,278,309
best-22,48,45,52,44,45,48
ghi-1,12,16,14,13,20,13
rad-23,258,215,271,182,180,215
coa-7,67,62,55,61,50,67
nep-1,22,31,23,57,45,25
ZK131.11,85,79,77,96,103,107
ZK228.3,39,36,37,42,35,31
ZK228.4,90,77,82,42,53,64
ZK262.2,24,34,35,7,13,17
ZK262.3,30,29,30,27,28,32
sre-23,24,13,9,26,24,27
nol-16,182,126,140,120,113,122
ZK265.7,94,115,90,79,106,94
ZK287.1,31,48,34,34,36,34
sulp-8,119,87,101,121,94,95
ZK287.7,16,20,22,14,13,7
tep-1,483,378,399,570,544,502
klu-1,61,35,46,39,43,48
ZK455.5,16,6,10,13,18,23
ZK512.2,406,248,244,212,171,249
ZK512.4,27,26,37,28,27,32
sec-16,139,95,94,98,129,134
ZK512.7,41,43,59,21,23,19
ZK524.4,109,90,103,121,94,104
ZK550.2,44,45,57,33,30,35
ZK550.3,198,181,159,184,166,197
gtf-2E1,35,33,37,28,34,36
ZK550.6,42,47,44,57,49,51
pyk-2,310,326,307,248,242,319
ZK593.3,13,14,18,44,29,45
fic-1,15,9,13,17,20,8
ZK596.1,223,251,269,254,223,309
ZK632.2,92,55,62,62,66,57
riok-3,195,127,158,105,116,124
ZK632.4,264,211,220,511,473,390
ZK632.5,22,23,33,22,21,20
panl-3,136,103,112,166,137,170
ZK632.9,119,99,96,161,136,121
ZK632.10,51,46,55,62,41,65
ZK632.11,62,41,48,54,50,51
ZK632.12,54,63,47,68,55,45
ZK632.14,46,44,27,42,30,42
svop-1,67,65,66,60,61,56
ZK637.2,40,30,27,23,20,30
lnkn-1,185,145,140,183,146,134
asna-1,223,195,197,196,170,213
trxr-2,34,27,30,32,32,25
glb-1,272,271,237,321,223,251
ZK637.14,29,25,26,28,20,17
arrd-15,23,13,13,19,10,13
seb-2,18,15,20,18,17,23
ZK643.5,243,186,177,296,219,267
ZK662.2,1,1,2,23,13,15
spv-1,116,118,102,154,124,163
dbt-1,358,286,287,291,277,345
ZK669.5,26,26,24,45,44,42
ZK673.1,59,31,38,72,47,59
ZK673.2,315,315,264,497,404,413
rev-1,25,21,24,24,19,19
ZK757.2,26,38,25,22,25,19
dhhc-4,36,16,17,28,21,30
ZK792.1,23,14,15,13,15,14
ZK792.4,29,15,32,28,35,37
ZK792.5,312,270,258,167,176,217
atg-4.2,20,17,18,12,21,19
ipmk-1,19,33,20,19,26,25
ZK795.3,145,89,83,114,82,102
ZK809.3,119,115,140,129,94,154
ZK809.5,9,7,20,12,20,18
ZK809.8,91,98,81,100,98,113
ZK822.2,93,83,68,77,62,87
ZK822.4,818,596,566,964,816,924
ZK822.5,284,288,286,317,326,344
gdh-1,1610,1242,1434,1012,1130,1450
ZK829.7,344,289,290,370,314,335
ogdh-2,316,272,228,350,309,394
gopc-1,32,26,32,32,36,37
ZK856.5,34,27,23,13,15,20
ZK856.6,26,21,19,32,23,33
ZK856.7,306,312,298,384,320,361
chpf-1,223,162,139,258,177,205
rpc-25,45,60,50,46,36,48
ZK856.11,43,39,46,51,35,54
tftc-3,76,65,69,45,46,59
gld-4,189,150,161,135,133,181
ZK858.5,33,25,32,36,24,19
ZK858.6,224,255,236,263,253,262
ZK858.7,84,75,82,50,50,54
elpc-3,121,129,111,64,73,71
usip-1,58,42,51,49,46,52
ZK863.8,141,102,91,132,114,114
ZK896.4,23,28,26,20,10,22
ZK896.5,21,15,16,37,33,52
clec-187,41,40,36,40,30,47
clec-186,197,193,200,135,125,161
nstp-5,111,98,119,142,108,118
ZK899.2,164,121,134,154,105,168
ZK909.3,212,175,182,217,138,188
ZK909.6,18,17,24,19,20,13
vps-15,83,52,54,64,69,71
vab-23,11,15,15,21,28,22
arrd-4,30,40,34,31,26,36
lact-2,25,30,22,30,27,42
puf-12,836,563,589,408,367,465
nep-26,140,92,114,205,166,133
clpp-1,82,69,68,97,73,91
ZK970.7,32,33,19,32,37,37
ZK1010.2,44,42,41,28,16,41
frg-1,107,103,78,73,63,96
ZK1010.8,13,15,10,28,22,19
ZK1025.3,1,3,2,152,120,70
mmcm-1,528,493,539,573,542,584
ccdc-47,156,98,104,113,119,156
nit-1,45,25,34,25,12,20
ZK1058.9,171,147,201,124,146,185
ZK1067.2,159,118,134,123,152,144
ZK1067.3,42,51,36,54,40,58
ZK1073.1,373,310,333,322,292,302
obr-3,79,89,93,63,66,91
ZK1098.1,231,197,199,256,228,225
ZK1098.2,55,42,43,67,46,71
ZK1098.3,22,16,19,20,10,14
eif-2Balpha,72,70,68,70,64,80
trpp-3,48,39,35,49,28,49
mrps-23,79,78,63,89,59,85
ZK1128.1,63,67,46,46,36,48
gtf-2H3,21,12,15,15,19,14
ttll-4,54,47,71,55,50,54
ZK1128.7,59,34,34,52,47,61
vps-29,62,44,34,50,46,53
dcaf-1,358,280,279,188,182,203
ZK1307.1,306,234,242,305,286,289
ZK1307.2,14,21,12,21,23,20
ZK1307.7,22,15,16,21,18,17
ZK1307.8,615,500,490,624,508,614
ZK1307.9,50,23,38,44,35,50
gstk-1,100,96,94,58,47,61
ZK1320.2,528,385,405,478,417,508
ZK1320.3,549,485,580,528,389,579
cyp-13A10,21,29,29,10,21,22
ZK1320.9,381,317,287,401,346,355
ZK1320.11,49,43,48,35,32,52
shk-1,49,52,30,66,43,40
ZK1321.4,350,279,283,349,329,355
C05D12.3,461,422,464,421,396,558
zipt-2.1,167,148,135,184,117,171
cyp-25A3,14,13,11,20,16,17
C37A5.3,24,22,15,35,27,25
R13H4.2,496,453,451,434,379,423
VM106R.1,57,45,50,57,41,48
mdt-9,23,14,13,21,13,23
Y106G6D.5,26,21,27,24,23,25
best-23,64,30,34,51,57,47
B0025.4,48,60,45,50,39,44
B0034.1,27,19,22,38,45,27
ain-2,198,144,141,155,160,195
B0041.5,32,21,20,28,23,31
ptps-1,84,72,78,80,47,75
B0041.8,29,24,32,20,22,29
B0205.1,44,29,36,38,29,42
B0205.6,298,270,261,257,235,269
B0205.8,45,28,36,50,38,53
B0205.9,35,29,22,38,27,26
mrpl-9,207,105,120,100,89,116
B0207.6,28,21,26,34,19,38
nstp-6,13,8,17,19,9,16
cyp-34A8,15,25,18,27,26,26
cyp-34A9,49,24,29,37,40,34
faah-1,395,346,306,443,390,394
faah-2,492,340,281,548,427,428
clec-51,130,106,100,182,119,142
clec-52,75,44,37,90,43,54
B0222.1,40,36,44,27,27,46
pitr-3,20,24,17,7,16,15
B0222.5,103,76,70,148,112,138
gad-3,58,53,42,123,84,105
B0228.1,51,38,39,58,42,48
cpna-2,889,545,624,628,892,762
B0228.6,46,42,30,36,34,27
B0228.7,188,104,122,232,146,210
B0238.1,42,36,41,30,26,33
natc-2,210,150,114,261,209,269
B0238.11,204,168,154,171,129,161
B0238.12,30,29,24,27,25,38
B0252.1,33,22,18,8,18,16
B0252.3,37,40,37,22,25,26
B0261.1,90,76,65,80,76,80
mrpl-47,132,117,111,99,96,135
B0261.8,49,44,57,31,32,39
ggtb-1,76,52,61,51,44,62
rpia-1,134,82,109,102,95,101
B0280.9,178,151,152,146,110,135
pot-1,23,11,17,15,17,24
viro-2,18,14,21,20,15,22
B0281.3,50,51,29,36,42,37
B0286.1,8,17,11,18,6,19
pacs-1,171,127,125,141,103,138
B0294.1,47,41,42,27,31,46
B0302.5,62,46,33,57,45,66
anmt-1,34,24,18,23,32,30
B0303.3,446,266,283,587,468,499
B0303.4,183,142,124,205,212,214
B0303.7,109,83,71,105,75,98
vps-33.1,41,33,38,26,35,45
B0303.11,117,104,115,104,128,122
B0303.14,17,14,24,13,21,21
mrpl-11,370,271,264,330,243,339
B0310.1,118,101,112,117,102,91
ugt-46,431,368,357,408,330,390
rbm-26,117,92,82,97,98,133
arle-14,24,15,19,29,15,15
abi-1,56,37,55,60,40,45
B0336.7,27,17,14,20,15,16
hpo-28,106,84,71,80,86,83
B0353.1,78,62,60,76,45,55
B0361.2,107,79,86,75,69,61
B0361.3,101,74,84,107,75,85
B0361.4,35,29,26,22,24,23
psd-1,73,55,47,72,72,75
B0361.6,95,59,74,60,62,91
pho-5,32,21,23,14,21,23
algn-11,100,91,81,112,67,89
B0361.9,72,58,64,61,63,83
ykt-6,104,85,91,102,87,90
pdi-6,784,673,685,892,801,976
vang-1,18,29,16,18,21,29
B0410.3,28,19,25,47,38,45
trpp-11,88,60,60,68,78,76
vps-51,143,92,79,140,158,148
tmc-2,91,77,75,55,74,62
B0416.5,173,152,176,172,192,168
B0416.7,121,136,112,33,37,24
djr-1.1,50,23,29,32,35,39
mrpl-41,165,126,146,177,134,177
misc-1,219,196,216,243,219,249
B0432.7,16,19,19,10,13,25
trul-1,5,4,5,8,6,9
B0454.6,43,38,35,50,37,47
B0478.3,33,17,20,39,36,40
cdk-11.1,70,67,68,86,64,61
B0495.5,81,58,68,85,78,82
moa-2,34,21,32,40,31,29
B0495.7,406,370,353,350,332,370
B0495.8,80,66,58,52,65,74
B0495.9,77,88,62,67,62,83
tes-1,32,27,47,46,29,35
B0507.2,103,95,96,92,94,106
B0511.6,289,228,307,218,186,269
B0511.7,35,29,29,38,29,48
cdc-26,17,22,18,18,13,25
B0511.12,143,88,110,107,110,125
B0524.6,62,49,48,48,62,56
mai-2,494,408,501,579,503,611
otub-4,48,26,33,52,43,47
B0546.3,66,47,43,90,65,81
B0546.4,47,29,32,56,59,50
B0554.5,33,27,21,28,33,20
B0563.6,25,19,23,28,24,24
BE0003N10.1,58,47,56,52,52,72
chin-1,22,16,28,9,23,18
C01B10.3,146,115,109,145,134,134
C01B10.6,626,610,577,715,586,774
C01B10.7,15,16,19,39,28,30
C01B10.8,306,278,277,236,225,260
C01B10.9,95,77,77,74,73,80
C01B10.10,85,74,71,79,67,67
gmeb-1,70,52,50,72,78,89
best-3,54,46,60,102,73,77
best-4,18,13,20,28,16,21
C01C4.3,60,58,36,65,74,75
C01C10.2,45,27,39,45,28,36
acl-12,72,56,63,93,81,71
gtf-2F1,214,173,194,139,118,141
sco-1,208,179,209,117,123,149
C01F1.3,19,26,18,103,106,114
C01F1.6,60,75,75,54,36,56
rga-6,29,21,32,14,21,26
C01G5.5,27,10,22,15,16,18
ddi-1,99,89,88,124,87,120
C02B8.3,28,23,27,35,23,25
ivd-1,635,535,604,353,332,399
snpn-1,21,16,24,34,19,26
C02B10.3,206,219,228,229,185,195
C02B10.4,161,126,114,138,138,156
C02B10.5,57,45,41,67,61,92
tyr-1,89,58,61,96,96,102
slc-17.3,27,25,25,8,18,22
C02D5.2,20,22,15,23,18,29
C02E7.6,0,0,0,32,31,35
nra-4,418,323,349,420,379,475
C02F5.3,128,111,109,109,112,117
cids-1,35,28,26,45,16,29
henn-1,28,29,31,12,12,20
fbxl-1,96,74,67,77,105,85
C02F5.12,18,18,20,14,19,23
snet-1,168,177,156,183,167,171
tag-278,115,82,103,136,135,134
C02F12.8,12,12,11,12,14,19
fbxa-105,48,32,30,88,56,52
ugt-51,33,22,26,51,27,36
C03B1.7,20,12,17,8,16,17
C03B1.13,58,47,43,58,39,36
scav-1,83,64,58,50,50,72
sdha-1,567,540,624,632,608,668
C03G6.5,112,80,74,96,92,106
cyp-35A2,215,167,160,87,111,100
C03G6.17,41,45,37,44,38,39
clec-10,291,233,275,379,290,456
nstp-4,50,40,54,47,34,46
C03H5.3,81,65,61,54,67,67
C03H5.5,47,49,32,41,39,37
C03H5.6,26,15,25,27,28,15
tbc-6,37,27,30,33,34,40
pdhb-1,345,266,297,356,274,378
pac-1,169,146,134,161,164,176
C04E6.7,34,24,18,45,52,43
C04E6.11,31,27,27,17,25,20
C04E6.13,56,49,39,66,45,44
sor-3,44,39,44,39,32,57
C04E7.3,32,25,48,26,41,42
C04E12.4,81,100,82,148,128,134
C04F5.8,53,34,50,46,39,61
C04F5.9,11,15,15,7,10,18
C04G6.4,54,44,50,42,46,47
C05C8.1,49,33,38,41,46,56
krr-1,166,153,155,149,165,134
C05C8.5,21,13,18,25,15,18
hpo-9,18,22,15,28,23,16
C05C8.7,162,103,95,182,157,167
hyls-1,7,7,6,8,11,15
madf-11,24,20,19,28,33,32
C05D2.8,355,275,295,320,245,357
C05D2.10,36,19,23,17,18,31
lmp-2,60,43,58,54,39,42
C05D9.3,256,231,229,230,210,200
C05D9.7,22,22,19,19,20,33
attf-4,150,129,150,160,125,147
mapk-15,22,15,18,17,14,18
wht-1,19,5,10,31,14,17
C05D10.4,32,25,31,38,27,30
C05D11.1,379,324,310,275,239,273
C05D11.5,39,52,37,46,33,41
atgl-1,363,265,257,197,275,324
C05D11.8,44,26,39,23,27,24
C05D11.9,65,48,68,45,51,44
mrps-17,129,116,118,146,123,168
C05D11.13,19,12,11,19,23,18
lnp-1,28,27,34,32,25,41
C05E11.3,26,19,25,17,27,14
inst-1,161,110,135,112,106,121
C06A5.3,75,72,73,97,81,99
C06A5.6,13,7,10,4,8,12
C06A6.2,127,113,92,156,110,145
mvb-12,72,62,56,85,67,88
C06A6.4,252,220,206,271,234,297
erp-44.2,198,93,140,187,185,173
mthf-1,437,268,292,553,542,586
snpc-1.1,15,26,29,32,24,33
nlp-77,349,353,445,675,573,716
spdl-1,70,47,48,66,76,71
C06A8.8,85,75,72,70,72,83
C06E1.1,5,4,3,3,2,7
ztf-30,22,10,25,26,31,37
C06E1.9,72,59,57,43,39,74
rha-2,323,312,279,190,178,216
C06E2.1,13,9,11,20,10,20
sams-3,91,69,57,137,124,158
C06E7.2,49,40,33,40,41,43
sams-4,37,41,36,60,47,70
C06E7.4,10,9,12,27,33,25
C06G1.1,3,4,7,29,17,23
ain-1,289,284,315,325,295,332
C06G3.5,420,305,348,455,361,398
C06G3.6,141,125,107,85,90,86
trxr-1,213,151,161,171,161,197
C06G3.8,13,14,21,16,16,23
ufl-1,110,89,107,90,90,107
C06G4.1,18,12,13,14,15,24
C07A12.7,97,104,82,98,83,113
C07D8.6,331,293,294,344,291,367
bath-44,90,59,74,98,75,96
ugt-64,71,55,57,26,33,57
C07G3.10,23,4,9,26,12,18
cls-1,67,40,64,51,59,45
C07H6.4,102,76,89,52,78,94
math-4,81,77,91,64,71,83
C08G9.1,11,23,15,18,10,17
C09B7.2,32,37,37,50,41,45
C09B8.4,196,122,133,105,92,96
C09D4.1,132,102,127,118,104,110
C09D4.2,35,27,18,26,21,20
C09D4.4,31,21,36,13,21,19
C09E7.4,62,35,30,79,66,61
C09E7.7,126,78,84,127,97,119
C09E7.8,33,12,21,32,33,31
C09E8.1,58,43,49,36,51,62
mlt-10,2,0,3,76,71,55
C09F5.1,108,104,106,109,97,125
orai-1,25,31,25,31,25,25
pkg-2,420,373,335,334,388,369
tsg-101,100,106,95,82,79,79
catp-3,331,310,302,242,170,181
mct-6,540,449,437,467,425,508
mcp-1,62,64,43,67,52,41
egal-1,35,23,39,26,39,46
C10G8.8,43,25,45,33,34,49
C10G11.6,38,22,28,31,15,32
chdp-1,220,183,199,212,213,226
viln-1,16,21,25,29,17,26
ugt-25,65,45,65,123,91,85
ugt-28,70,58,62,101,79,94
ugt-26,228,184,188,156,142,183
mlst-8,42,36,36,34,35,47
C11D2.4,147,116,101,140,113,120
C11D2.7,96,69,71,91,91,115
tiam-1,30,15,25,32,34,21
cyp-33A1,150,139,152,26,21,29
C12D5.9,9,8,4,25,28,26
C12D12.1,649,526,618,461,460,640
sox-4,40,24,22,27,28,28
C13A10.2,24,26,32,26,17,20
copd-1,221,196,200,243,253,298
pdfr-1,77,68,74,65,70,81
ugt-7,44,46,39,22,28,34
C13E3.1,23,17,16,21,16,18
kxd-1,22,11,8,20,6,15
soap-1,152,124,130,123,135,132
C13F10.7,37,38,38,45,19,26
C14A11.2,9,8,17,20,18,13
C14B9.2,425,330,348,558,465,566
C14B9.8,126,99,122,144,129,119
C14B9.10,99,76,91,102,75,110
C14C6.2,90,83,98,106,89,107
C14C6.5,553,477,516,724,631,756
hex-2,183,163,162,140,127,172
C14C11.4,60,43,55,52,48,53
dct-1,89,83,74,159,124,128
sfxn-2,44,53,57,38,40,35
got-2.2,464,379,438,396,360,459
lrch-1,23,16,13,22,20,32
C14F11.6,1,1,2,34,31,19
C15B12.1,20,16,13,22,25,22
C15B12.4,35,25,28,40,32,47
actl-1,23,15,20,23,14,19
C15C7.4,192,184,190,195,183,178
C15C7.5,260,209,211,288,268,325
C15C7.7,53,48,62,58,43,50
C15F1.1,64,46,50,39,38,47
C15F1.2,2,4,1,67,54,52
C15H9.4,64,70,76,83,98,78
C15H9.5,58,51,54,67,61,65
kynu-1,198,171,157,167,120,191
C15H9.9,334,294,272,272,235,305
C15H9.11,137,122,145,148,147,153
smrc-1,47,39,26,33,38,39
C16A3.4,232,211,209,171,143,191
C16A3.5,201,142,172,217,193,195
C16A3.6,181,120,107,123,98,113
thoc-2,198,174,163,152,159,178
oatr-1,622,512,511,413,385,464
C16A11.2,49,33,43,41,37,35
C16A11.4,14,10,11,12,7,13
C16B8.3,222,160,173,180,158,219
C16B8.4,24,23,22,15,15,15
skpo-2,1,2,4,19,19,15
C16D9.1,102,90,91,81,75,60
C16D9.4,58,51,45,72,53,61
C16D9.6,23,16,15,22,16,15
C16E9.1,77,67,79,102,119,148
C16E9.2,20,20,21,16,14,18
C16H3.3,66,41,54,67,65,58
fbxa-65,12,9,16,24,32,19
C17C3.1,217,183,191,184,161,191
acdh-2,80,65,79,74,87,84
C17F4.7,4006,4147,4511,3308,2932,3974
C17G10.1,70,76,78,55,46,48
ttc-4,156,132,135,116,111,103
eif-3.L,761,616,623,646,556,753
C17H11.1,20,13,16,16,15,22
C17H11.2,25,27,30,28,27,28
C17H11.6,106,86,92,88,95,97
dyci-1,258,196,233,225,242,254
C17H12.2,66,71,76,66,71,85
C17H12.4,235,202,195,130,113,130
C17H12.6,20,22,26,20,22,32
C17H12.8,382,389,493,606,603,882
ceh-48,38,38,37,31,24,39
C17H12.10,24,15,19,15,12,21
anat-1,88,87,90,97,87,108
zipt-3,35,22,40,26,36,36
C18A3.3,467,432,347,326,223,326
osta-2,85,79,65,123,105,105
tiar-1,238,184,198,227,224,220
C18A11.1,52,35,48,43,38,49
C18A11.3,132,131,126,140,112,125
C18B2.3,367,325,313,333,315,375
C18B2.4,173,180,192,153,137,163
C18B2.5,454,354,448,372,347,450
del-9,11,11,14,7,10,12
ugt-48,252,195,223,213,162,231
C18C4.7,149,119,121,160,133,148
glb-6,21,17,26,13,16,18
swsn-2.2,71,70,67,81,66,70
C18E3.3,42,33,30,47,39,50
cas-2,18,10,23,14,14,15
C18F10.7,45,36,33,43,36,59
C18G1.1,25,54,34,26,23,33
elt-7,25,28,17,32,24,36
C18H7.1,81,75,101,126,127,112
C18H7.6,19,20,18,28,25,18
C18H9.3,461,449,434,473,390,488
C18H9.6,205,166,163,178,175,199
fln-2,611,476,560,635,838,842
C23F12.4,21,21,22,32,21,24
C23G10.2,210,181,186,224,184,222
ugt-66,79,64,64,160,99,134
C23G10.7,53,44,50,44,39,53
C23G10.8,137,112,125,114,111,127
C23H3.2,69,75,74,132,118,145
ascc-1,54,51,45,40,55,47
sptl-1,494,359,417,351,337,385
C23H3.5,44,35,48,30,32,33
C23H3.9,2,4,3,22,13,12
prmt-6,23,30,26,17,21,37
glb-7,11,8,13,8,11,10
C23H5.8,436,358,444,335,295,362
flp-24,75,93,94,65,68,79
C24A1.3,8,13,6,8,9,7
C24A3.2,131,101,99,95,73,93
C24A3.4,20,11,14,27,14,25
C24B5.1,27,23,17,33,20,28
spas-1,45,48,66,56,30,63
C24B5.4,14,14,9,23,9,17
C24B9.3,318,253,287,223,196,251
dod-3,149,114,89,183,144,127
C24D10.4,45,33,45,57,34,40
C24D10.6,107,78,87,95,77,101
hir-1,90,74,64,91,86,81
mms-19,131,102,113,79,87,88
hpo-15,37,38,33,51,43,42
cox-16,63,34,48,49,42,53
C24H10.1,34,53,40,47,35,70
C24H10.2,35,38,25,49,30,42
C24H12.4,304,252,224,197,152,168
dnsn-1,13,18,19,13,7,29
C25A11.2,11,12,26,26,12,19
C25E10.4,24,20,24,14,12,17
C25E10.5,34,44,38,25,37,35
C25E10.8,30,18,28,26,32,24
C25E10.12,52,45,59,24,28,44
dpyd-1,1034,831,742,1239,1158,1207
ddr-1,20,22,17,16,26,24
C25H3.3,18,21,19,22,17,24
eif-2D,70,47,39,54,35,41
flp-27,19,14,15,18,15,16
mdt-26,70,70,71,63,69,78
C25H3.7,57,71,60,61,60,50
C25H3.9,266,254,259,317,269,337
C25H3.10,122,65,53,179,195,159
C25H3.11,185,119,152,130,161,189
C25H3.14,28,29,28,29,20,35
dnc-4,37,37,42,30,35,54
elpc-4,47,47,38,64,42,52
C26B2.7,94,92,88,93,69,99
C26B9.1,33,25,27,32,25,30
C26B9.3,6,6,2,36,22,23
C26B9.5,726,654,633,674,593,648
flh-2,40,45,35,50,39,43
ntl-9,89,60,62,82,69,82
rpb-2,316,243,273,199,184,227
mrps-18C,212,230,175,195,154,197
eri-9,9,13,10,7,13,11
mmab-1,72,56,49,60,43,49
C26E6.12,35,40,36,26,28,38
C26F1.1,8,7,3,20,16,15
cyp-32A1,39,32,31,74,51,63
C26F1.3,61,51,74,41,36,48
hint-3,57,43,41,89,59,61
smc-5,55,47,43,37,35,49
C27A12.2,59,48,64,53,49,37
ari-1.3,20,19,10,21,17,23
ari-1.2,78,59,53,66,77,85
ari-1.1,136,118,100,166,155,174
C27A12.9,22,18,33,32,34,30
crh-2,134,114,102,146,143,120
C27F2.4,134,104,78,95,90,130
vps-22,69,56,51,64,44,66
tmem-131,190,111,131,182,194,179
C27F2.10,54,65,55,54,49,59
C27H5.2,62,69,65,66,80,82
fust-1,160,176,194,153,146,182
C27H5.4,22,18,21,14,12,11
C28C12.4,32,27,18,36,30,41
C28C12.12,19,16,22,19,17,19
glb-9,19,14,16,20,17,17
sec-15,98,78,66,76,61,72
C28G1.5,67,61,75,65,46,74
bcl-7,30,25,19,29,15,31
C28H8.3,490,389,418,323,399,433
erd-2.2,81,73,89,100,76,103
pxl-1,226,183,168,206,195,213
dpff-1,42,52,29,45,47,48
tdo-2,364,291,313,333,384,357
kle-2,83,75,84,62,63,68
tag-250,73,57,62,56,57,67
gsto-1,214,192,168,171,212,220
C29E4.11,27,19,18,18,22,11
C29E4.12,106,86,84,109,73,117
C29F5.1,150,121,124,151,142,146
glb-10,26,16,20,32,29,25
pals-22,23,17,27,27,34,14
C29F9.2,23,22,19,29,21,36
pals-23,59,68,66,57,45,77
pals-24,55,49,59,41,41,61
C29G2.6,14,6,8,17,16,11
C29H12.2,282,252,254,289,232,316
C29H12.6,55,50,37,52,48,51
mob-4,66,54,62,65,53,71
C30B5.2,43,33,40,42,36,59
rbmx-2,57,53,43,46,27,49
mrpl-32,165,180,156,188,129,182
hsp-110,5042,3417,3019,5304,4708,5228
vha-16,1081,813,933,920,835,1022
rege-1,60,60,70,40,31,47
C30F12.2,74,83,96,92,94,112
C30F12.5,94,106,98,189,182,181
trhr-1,119,81,70,142,105,105
idhg-2,295,282,270,297,263,264
C30G4.4,32,24,24,44,32,38
C30G12.2,52,29,32,38,33,46
erp-44.1,218,178,141,192,167,206
C31B8.7,23,24,24,17,18,23
zmp-3,46,54,53,87,82,107
lntl-1,184,131,133,157,146,195
tbc-7,76,89,72,88,79,98
C31H2.3,35,12,18,28,22,22
C31H2.4,43,29,31,25,27,37
C32D5.1,19,16,15,22,15,18
efr-3,92,42,61,60,62,69
set-4,46,50,30,65,44,51
C32D5.6,66,59,43,64,47,54
C32D5.7,56,62,38,47,60,55
C32D5.8,204,211,190,243,200,222
C32D5.10,41,58,32,55,33,51
C32D5.11,61,50,46,63,61,74
tppp-1,130,123,136,158,125,159
C32E8.5,58,58,71,56,39,45
C32E8.9,74,81,61,50,59,65
ubr-1,226,180,209,183,214,230
pde-5,20,20,13,22,16,14
C32E12.4,20,12,20,21,21,23
obr-4,241,196,182,275,234,237
C32F10.4,25,18,12,29,24,32
C32F10.8,751,612,553,747,633,729
gba-1,248,235,230,253,207,265
mtq-2,43,28,38,27,27,32
C33C12.10,22,21,19,16,15,20
cnnm-3,78,79,103,50,63,57
rig-6,45,37,30,31,52,64
lact-5,52,49,45,36,35,34
C33G8.2,18,21,23,100,72,92
C33G8.4,176,157,145,165,145,175
swd-2.2,54,52,42,58,37,64
rpap-3,56,45,48,27,33,40
sec-10,79,72,80,58,68,83
imp-3,143,118,130,185,148,153
C33H5.13,24,26,33,28,27,36
ntp-1,15,13,21,19,23,32
zgpa-1,41,42,34,41,37,54
cdgs-1,324,276,273,306,298,279
kbp-5,19,21,26,36,28,39
ttc-1,46,56,46,50,33,44
lonp-1,371,278,301,239,228,305
sdha-2,32,25,32,27,30,36
C34B2.8,150,122,156,178,132,177
spcs-1,83,75,75,104,84,95
C34D4.4,44,40,42,55,38,67
mutd-1,46,31,50,42,47,55
hecd-1,514,382,454,357,434,482
C34D10.1,37,30,17,62,52,59
C34D10.2,121,114,103,127,129,91
prmt-5,138,104,115,78,95,126
sumv-1,80,61,75,78,76,79
C34E10.10,45,33,23,34,40,40
mrps-26,160,126,102,152,129,158
ampd-1,847,803,795,777,702,803
C34F11.8,72,89,71,83,84,75
hpo-27,203,152,167,130,152,171
tyr-4,136,125,103,186,168,165
noah-1,38,37,20,567,556,369
C34H4.1,45,28,39,37,28,47
C34H4.2,29,31,34,39,45,49
dmsr-7,16,11,9,17,15,11
C35A11.4,169,126,138,107,95,141
C35B1.2,59,34,37,26,45,47
C35B1.5,413,296,358,383,308,355
C35B8.3,75,47,57,39,55,54
C35D10.1,156,153,107,137,122,143
C35D10.5,92,101,85,74,81,96
C35D10.6,80,72,59,90,64,65
C35D10.7,17,17,20,16,21,22
C35D10.10,135,115,102,146,102,121
tost-1,37,39,43,62,50,76
clec-5,29,19,14,39,24,39
C35D10.17,45,29,26,28,16,37
C35E7.2,67,62,56,75,63,76
C35E7.4,93,82,95,95,89,107
C35E7.6,132,130,120,138,133,142
C35E7.11,37,37,31,33,30,41
C36B7.6,125,104,90,172,160,173
fubl-3,53,49,41,68,63,79
C36E6.2,35,27,17,36,35,31
C37A2.7,418,342,462,342,316,442
C37A2.8,25,19,39,27,21,41
C37C3.1,7,8,14,7,9,5
C37C3.2,239,213,197,313,310,359
C37C3.7,40,40,27,68,55,46
memo-1,37,31,32,35,30,37
C37C3.12,53,40,56,75,53,81
ttr-33,77,66,69,174,119,138
abhd-5.1,42,30,27,40,39,50
abhd-5.2,100,73,69,114,94,119
C37H5.5,364,252,263,209,181,223
adss-1,230,170,226,187,165,211
C37H5.13,95,95,108,93,105,114
C38C3.4,60,37,36,80,75,53
C39B5.6,22,22,16,19,23,18
pcyt-2.2,34,41,28,26,26,20
C39D10.6,26,18,24,33,20,36
C39D10.8,49,56,59,100,99,126
madd-2,45,51,40,41,48,50
C39F7.5,10,10,18,22,21,13
C39H7.4,205,175,174,172,145,202
math-18,36,31,35,34,39,36
math-20,55,33,46,50,30,51
pks-1,18,13,12,14,19,16
C41D11.3,165,138,129,239,171,181
cmt-1,21,21,18,20,27,24
gnrr-4,17,15,11,15,11,23
lido-9,27,13,18,30,21,22
vps-8,34,15,26,25,32,33
tag-335,88,76,89,106,70,93
oac-59,22,27,25,17,21,28
hpo-12,33,32,29,21,17,27
ltah-1.1,115,91,92,101,75,115
C42C1.12,19,26,22,37,23,38
erl-1,27,27,36,44,30,41
C42D4.1,1148,1046,934,2162,1530,1661
C42D4.2,18,22,32,10,5,20
C42D4.3,16,14,5,36,37,33
C42D8.1,59,51,69,79,61,75
acin-1,132,124,138,104,110,138
mus-81,28,15,15,13,15,12
met-1,184,118,148,144,139,134
exoc-7,89,68,62,97,83,82
C43E11.9,242,174,178,128,128,141
cogc-5,28,40,33,49,30,40
paqr-1,362,304,289,356,280,312
bicd-1,204,166,149,221,203,240
best-9,39,35,41,51,44,44
trpp-12,11,12,19,16,14,11
C43H6.3,16,23,21,12,16,23
C43H6.4,40,28,38,37,29,25
mafr-1,48,53,59,49,57,56
psmd-9,24,23,23,29,23,21
hrpl-1,45,29,39,24,33,40
slc-36.5,62,49,49,112,66,68
C44B7.7,48,26,38,34,38,31
acer-1,2769,1889,1625,3711,3319,3137
C44B7.11,293,278,275,283,254,344
C44B7.12,22,24,24,28,21,31
C44B11.4,18,18,24,20,38,20
chil-10,62,60,51,42,42,49
vps-45,26,18,33,31,31,31
abhd-3.2,64,48,32,34,26,47
C44C1.6,27,23,22,28,23,28
ubr-4,689,460,508,547,564,600
ssb-1,785,548,577,525,445,568
C44E4.5,64,47,61,45,36,51
acbp-1,283,266,312,327,243,352
C44E12.1,20,16,26,42,28,45
C45B2.2,97,72,55,44,33,40
C45B2.6,62,63,55,45,71,53
C45E1.4,25,22,29,19,19,17
C45E5.1,63,36,45,58,50,65
C45E5.4,56,47,62,7,29,30
C45G7.4,12,9,15,9,10,11
C45G9.5,170,133,128,153,137,156
C45G9.6,94,74,66,84,86,74
nlp-43,22,32,26,14,12,22
rdl-1,37,28,16,43,27,29
hosl-1,39,18,21,31,41,32
C46C11.2,64,47,59,66,46,51
C46C11.3,44,60,66,76,65,71
fbxc-52,99,76,86,49,39,46
C46F2.1,50,29,40,40,28,56
acs-17,477,322,325,544,483,440
math-24,24,9,16,23,23,21
C46G7.1,63,45,64,43,40,57
C46G7.2,217,160,139,156,127,164
C46H3.2,23,17,21,15,30,25
C46H11.2,40,17,31,26,33,35
C46H11.10,30,22,25,29,31,36
fhod-1,88,66,79,91,86,110
pitr-1,212,161,180,205,211,185
C48B6.2,233,175,185,60,45,55
C48B6.3,64,58,55,40,42,46
C48B6.10,71,58,53,89,56,83
C48E7.1,181,135,123,257,232,244
let-611,82,70,64,45,52,59
C48E7.6,39,27,38,30,47,37
cebp-2,23,17,28,23,32,24
C49A9.3,91,61,63,86,60,75
C49A9.4,28,35,36,35,39,39
C49A9.5,48,35,37,30,34,47
C49A9.6,56,61,32,75,55,66
C49A9.9,49,27,24,36,24,32
C49A9.10,21,14,8,30,19,25
cyp-33E1,66,55,51,88,59,60
C49C8.5,373,315,309,335,269,332
C49G7.3,140,128,168,100,114,158
phat-3,17,14,15,8,4,15
cyp-35A4,51,34,30,6,16,11
C49H3.3,236,184,178,206,176,223
C49H3.6,46,37,29,55,60,49
arp-11,54,57,58,55,51,66
C49H3.9,50,60,53,75,72,79
cec-2,26,14,17,22,16,29
C50C3.5,75,64,69,69,79,69
bath-42,125,111,108,107,89,90
C50D2.1,3,6,3,28,31,18
C50D2.2,31,22,28,29,21,29
C50D2.5,146,134,146,149,115,167
C50D2.6,17,13,21,17,16,13
C50D2.7,189,124,123,169,157,153
C50D2.8,59,51,43,52,50,69
C50D2.9,66,64,50,57,63,60
C50E3.5,22,21,22,25,18,29
C50E3.6,10,14,14,20,9,11
C50F2.2,34,35,35,15,31,35
syf-1,170,149,158,137,150,166
C50F2.4,107,109,91,74,84,93
C50F2.7,19,17,9,19,24,24
magu-3,48,29,28,49,39,36
sucg-1,268,191,192,223,198,240
C50F7.5,155,111,139,335,276,312
C50F7.6,30,27,15,43,23,31
klo-1,142,93,88,103,117,109
acs-21,21,24,23,19,23,22
cyp-33C9,105,118,101,78,90,92
C52A10.1,98,71,83,76,77,99
ets-9,52,44,32,39,28,31
coel-1,25,16,18,54,45,34
C52B9.4,78,74,85,71,80,116
inso-1,37,34,35,51,30,50
C52D10.3,42,29,31,26,22,54
cnnm-1,153,156,124,236,181,208
C52E2.4,25,16,17,12,9,20
C52E12.1,221,184,192,182,163,198
lst-6,129,83,86,117,120,145
C53B7.3,610,604,588,593,522,598
clik-2,345,304,287,326,314,380
C53D5.1,44,54,47,56,49,56
ztf-3,12,17,16,24,22,6
C53D5.5,104,91,87,91,91,117
C53H9.2,200,179,205,83,90,141
drn-1,28,30,24,33,32,34
lam-2,889,826,842,740,674,814
C54D1.7,23,24,28,15,13,18
C54D2.2,22,17,9,15,7,21
test-1,360,346,345,333,329,364
C54E4.4,37,45,40,46,30,39
C54E4.5,73,60,69,74,66,75
mboa-3,267,250,267,307,231,322
ifta-1,23,19,19,25,22,17
tag-294,28,21,26,20,18,18
C55B6.1,25,18,16,37,31,29
acdh-1,2097,1537,1636,1960,1619,2274
uri-1,77,51,39,69,52,60
sulp-1,22,27,18,19,17,22
perm-5,24,22,20,11,22,31
atic-1,91,72,77,100,79,108
ilys-4,26,17,24,46,40,45
vps-33.2,16,17,9,7,15,14
vps-32.1,424,355,354,586,476,465
C56C10.7,43,33,58,60,48,46
C56C10.9,21,24,28,18,10,24
aipr-1,38,24,29,35,17,25
C56C10.11,64,48,54,52,55,56
epg-5,131,107,77,101,120,103
C56E6.2,48,30,33,28,20,24
toe-2,49,47,30,65,43,43
lron-15,27,30,28,30,30,30
nhr-173,76,74,66,82,64,78
akap-1,1122,941,1019,1186,1004,1144
C56G2.3,76,49,49,74,57,82
C56G2.4,48,35,35,40,30,47
rpn-13,206,192,189,163,149,199
npr-8,25,21,25,11,21,21
CC8.2,180,121,110,137,193,153
CD4.1,46,40,32,42,36,44
mrpl-48,98,95,85,99,75,104
vps-37,54,57,53,53,52,67
acly-1,321,280,310,313,312,355
D1005.2,34,27,30,41,44,53
cebp-1,361,316,265,485,415,422
D1007.5,30,41,44,43,45,48
nrd-1,90,108,97,89,86,106
D1007.10,23,18,15,13,13,21
D1007.15,26,18,25,18,14,17
eaf-1,22,15,24,32,20,28
acs-22,235,173,193,254,184,214
ensh-1,26,14,17,15,19,16
snap-1,227,168,173,223,190,199
D1014.4,24,27,25,48,25,31
D1014.5,0,0,0,46,27,26
D1022.4,75,52,69,70,71,110
D1037.1,23,23,30,20,30,35
D1044.1,68,82,72,68,47,84
dex-1,20,19,14,28,25,30
D1044.6,17,15,19,22,19,12
D1069.3,33,50,48,59,53,50
trk-1,37,30,32,40,38,28
D2007.1,27,34,38,21,24,32
D2007.2,17,19,5,18,22,19
mrpl-18,99,86,88,86,67,86
atg-13,97,85,80,158,137,152
utx-1,56,64,59,53,43,62
D2021.4,49,33,32,36,22,36
D2024.5,41,29,34,28,28,45
gstk-2,71,83,49,87,65,60
D2063.1,51,50,40,46,38,38
glrx-3,149,143,166,153,183,176
mctp-1,28,14,12,12,20,20
ppfr-2,84,65,67,87,63,81
D2092.4,544,516,455,554,455,511
maco-1,161,132,146,158,152,156
praf-3,124,102,102,114,75,108
aagr-1,325,260,262,325,272,360
nap-1,1270,967,1053,784,641,926
D2096.9,30,27,25,36,25,21
D2096.12,18,24,14,13,16,13
lec-12,80,74,71,82,78,68
DC2.5,78,74,71,58,47,55
E01A2.1,152,127,121,84,72,87
E01A2.2,265,223,220,240,203,238
E01A2.5,34,38,28,17,18,25
akir-1,110,130,132,104,94,108
poml-2,17,18,14,27,19,12
E02H9.3,28,16,23,27,14,30
cyp-43A1,84,72,69,80,57,68
timm-17B.1,180,159,163,182,140,192
cyc-2.1,486,403,511,451,392,514
maoc-1,283,193,194,234,159,199
E04F6.4,206,174,189,155,148,176
acdh-12,304,199,193,343,235,267
E04F6.6,189,177,185,211,217,209
E04F6.8,74,61,44,55,55,45
E04F6.9,46,48,42,55,47,52
tofu-6,53,41,44,49,61,62
pink-1,72,66,77,71,65,87
EEED8.10,102,62,62,65,85,74
brap-2,74,64,63,66,55,78
EGAP2.1,21,12,17,24,16,16
EGAP4.1,281,232,220,190,168,189
ugt-57,48,39,40,116,85,111
tyra-2,16,15,16,14,10,17
hpo-10,47,36,40,43,37,45
F01F1.2,85,73,66,119,70,89
F01F1.3,67,52,24,75,59,54
rabn-5,94,77,65,93,71,87
ddx-23,193,148,160,155,148,181
dnpp-1,613,447,478,526,475,632
eng-1,17,21,23,14,17,21
F01F1.11,10,14,20,21,13,23
aldo-2,1364,1045,1100,1498,1313,1652
F01F1.15,68,50,72,91,62,67
atg-16.1,32,26,21,42,33,50
ncam-1,407,392,393,364,378,378
F07C3.2,148,116,134,122,135,109
F07C3.3,10,14,18,18,19,20
glo-4,79,58,53,80,59,82
nhr-36,27,17,18,8,18,15
grsp-4,188,226,244,371,243,381
F07E5.5,186,128,134,125,92,96
F07F6.4,170,162,155,186,195,203
F07F6.8,211,156,130,254,265,247
pole-2,53,41,68,63,60,57
F08B4.7,45,47,69,77,59,64
F08B6.1,15,16,20,15,20,25
calu-2,52,47,55,54,50,60
pcyt-1,246,279,256,129,163,209
apy-1,640,539,607,589,493,626
srpa-72,241,214,199,207,247,274
F08D12.2,36,20,27,34,16,26
F08D12.3,101,88,106,93,86,103
F08D12.7,47,43,35,63,31,37
acl-6,55,47,55,41,43,55
F08F3.4,63,71,94,25,43,63
hmgr-1,95,94,86,109,72,93
F08F8.7,106,78,93,94,76,111
gos-28,49,49,41,46,38,51
F08F8.9,100,105,88,110,94,112
F08F8.10,74,67,60,96,89,95
usp-39,101,93,96,74,88,89
algn-2,41,29,31,45,26,34
F09E5.3,401,328,389,399,332,442
sec-6,95,69,70,77,75,71
F09E5.7,116,111,98,109,109,114
F09E5.8,109,68,71,97,74,94
F09E5.10,12,3,7,11,17,13
F09E5.11,174,110,101,180,177,202
bmy-1,42,34,43,48,32,41
F09E10.7,44,51,65,36,42,45
toca-1,104,85,100,97,93,136
molo-1,26,20,26,31,22,26
rpc-2,446,344,334,296,272,335
hach-1,493,350,364,458,316,454
F09F7.5,66,72,79,42,52,72
F09F7.6,184,118,99,246,202,149
nmad-1,41,31,30,33,24,28
F09F9.1,42,40,40,45,48,60
F09G2.1,84,50,56,77,64,85
F09G2.2,167,122,136,206,159,208
pitr-5,22,12,11,51,35,29
cpsf-2,63,47,38,38,41,49
lgc-39,49,38,35,30,29,43
F09G2.8,25,25,22,31,24,18
attf-2,513,456,459,557,443,617
mrps-9,239,198,192,225,206,235
F09G8.7,76,73,54,81,60,69
clec-160,123,95,106,95,99,131
F10C1.8,7,14,14,25,20,13
nemp-1,94,90,91,77,52,68
ugt-39,215,163,147,45,45,38
ugt-40,39,38,45,43,41,37
F10D2.8,38,49,28,1,2,4
F10D2.10,24,13,26,41,19,37
ugt-41,256,179,191,193,129,132
F10D7.1,17,16,11,14,19,15
F10D7.2,40,37,44,32,38,49
F10D7.3,25,29,23,38,36,50
F10D7.5,47,34,44,36,33,43
F10E7.5,347,254,269,268,219,259
F10E7.6,50,54,49,41,39,52
farl-11,183,145,144,173,148,171
F10E7.9,93,68,66,77,76,79
F10E9.1,48,31,28,40,31,37
F10E9.3,47,51,43,51,54,55
F10E9.4,216,180,187,133,118,145
F10E9.5,10,16,20,20,10,15
F10E9.11,51,65,41,38,31,62
F10E9.12,15,16,18,21,13,19
F10G2.1,91,70,90,85,92,108
clec-7,43,39,40,80,69,76
F10G7.5,119,89,95,105,84,128
F10G7.9,63,34,42,54,67,66
F10G7.10,158,122,128,136,131,160
ttr-41,240,208,195,273,215,218
pbo-6,12,19,16,11,18,6
F11C7.2,48,46,49,100,82,106
F11C7.7,57,42,57,15,26,30
F11D5.1,75,67,68,53,87,65
ddr-2,36,27,27,46,38,51
F11G11.5,108,97,92,109,107,101
lgc-38,18,17,10,19,16,17
F12A10.1,60,36,38,60,50,54
cal-8,32,42,33,39,37,34
slc-17.6,99,76,84,133,99,129
stg-2,20,22,22,9,7,8
F13B6.2,23,13,15,18,17,19
F13B6.3,80,96,91,69,73,90
F13B9.1,179,167,146,186,195,230
cutl-29,10,20,16,11,21,13
F13C5.2,193,206,220,190,196,213
F13C5.5,188,153,164,170,157,162
acp-5,152,136,131,112,127,155
F13D11.3,75,77,57,134,83,99
F13D11.4,36,20,33,25,28,34
bcl-11,205,189,159,201,242,224
F13H6.3,253,224,285,139,140,148
F13H8.1,138,82,74,134,110,143
F13H8.2,289,264,227,160,143,172
F13H8.5,1,0,0,40,24,21
upb-1,579,414,400,614,487,495
F13H8.11,50,33,49,32,24,24
sid-5,18,11,13,29,19,11
F14B8.5,224,208,210,219,175,239
F14B8.6,115,73,76,90,93,90
otpl-3,38,36,42,43,46,61
F14D12.1,14,15,17,8,13,22
sulp-2,30,16,20,19,25,29
F14F9.4,28,29,25,12,20,15
cst-1,16,23,17,29,27,21
F15A8.6,36,47,34,43,38,37
nstp-2,368,377,406,242,189,262
lgc-22,0,5,3,36,27,28
F15E6.6,81,67,60,68,47,69
pud-3,59,39,25,4,4,2
nhr-177,20,15,20,17,18,24
F16B4.4,28,50,40,156,108,109
F16F9.1,21,25,22,22,11,21
F16F9.3,45,29,43,47,34,25
F16F9.4,84,61,51,63,52,61
F17A9.2,62,41,52,51,46,50
F17A9.4,156,129,118,97,117,197
F17A9.5,52,31,33,40,47,45
F17E9.3,38,36,39,39,32,53
rpa-1,325,243,258,307,295,313
alfa-1,35,26,30,41,37,49
nep-8,8,17,11,8,7,26
nep-11,199,161,143,179,178,161
F18C5.10,91,62,44,160,126,136
ddo-2,86,110,92,114,123,136
F18E3.11,28,37,53,55,56,86
F18E9.1,16,20,14,23,13,14
F18E9.3,82,76,76,146,97,140
jmjd-3.1,75,53,56,46,64,74
F18F11.1,63,38,57,44,29,41
drl-1,37,36,32,47,25,38
lgc-4,12,9,16,8,15,9
F18G5.6,39,15,20,28,26,39
F19B10.1,12,22,25,21,10,27
F19C7.1,910,821,878,845,782,947
F19C7.2,3,2,7,2,3,7
F19C7.4,11,9,10,17,8,15
F19C7.8,10,15,16,18,13,19
ttr-10,29,29,34,32,25,23
F19F10.9,186,166,170,146,144,160
ets-6,21,18,21,16,13,22
F19F10.11,16,9,10,9,8,13
F19F10.12,38,43,42,23,24,38
F20A1.1,317,255,290,266,245,300
F20A1.6,27,20,22,19,21,27
F20A1.10,93,90,99,61,67,72
F20D6.5,32,30,21,16,19,26
F20D6.8,30,34,31,35,30,37
F20D6.10,26,23,28,33,26,22
F20D6.11,174,115,129,151,111,121
csr-1,69,65,66,66,68,73
F20D12.2,195,124,167,113,111,117
czw-1,138,100,111,150,138,155
exc-9,39,35,36,42,31,48
F20H11.1,36,28,36,36,33,37
F21C10.7,387,330,360,373,397,419
F21C10.9,165,171,181,107,99,134
F21C10.10,338,291,180,554,436,457
F21D12.3,229,205,192,213,205,182
ttr-37,39,26,21,59,43,37
pgal-1,540,485,495,607,454,533
F21F3.6,481,348,362,464,372,441
F21F3.7,33,23,24,25,38,27
asp-12,76,47,30,811,367,296
slc-17.5,64,63,61,44,50,56
rbbp-5,39,37,25,37,32,36
tpp-2,306,232,226,207,199,261
ets-4,47,33,28,19,30,21
ttr-35,77,58,60,84,63,80
ilys-5,153,114,90,330,225,333
F22B7.1,20,23,20,54,36,31
polk-1,22,10,17,12,23,18
F22B7.9,266,195,189,177,217,256
flcn-1,121,78,84,107,96,89
malt-1,18,20,20,10,20,16
F22F1.3,20,21,12,9,5,13
sups-1,0,0,0,56,46,34
ldp-1,1532,1255,1257,1131,997,1352
F22F7.7,24,20,10,24,21,36
F22H10.2,36,22,30,26,25,18
F22H10.3,473,483,451,474,401,527
F23C8.3,14,16,13,14,12,8
ubxn-1,74,93,70,72,68,69
F23C8.5,640,556,579,765,585,766
did-2,193,208,211,274,183,232
tipn-1,32,26,32,46,33,40
F23C8.13,6,4,3,14,5,9
nfyc-1,24,12,20,14,22,17
F23F1.4,175,153,171,178,137,152
F23F1.5,62,49,48,53,45,65
F23F1.6,21,6,14,19,17,19
F23F1.7,21,20,18,32,30,35
rpoa-49,158,121,115,121,108,108
F23F12.12,109,79,69,189,101,116
bra-2,44,33,30,38,33,37
F23H11.2,20,22,15,12,20,19
sucl-2,118,89,101,89,70,90
F23H11.4,149,83,105,118,107,121
F23H11.7,59,33,41,35,39,37
crls-1,55,48,52,62,51,49
gcst-1,633,436,430,464,446,550
peli-1,54,39,43,57,49,40
F25B4.4,24,28,20,25,14,36
F25B4.5,168,89,108,120,148,144
hmgs-1,110,79,90,111,83,80
F25B4.7,110,99,93,116,105,143
F25B4.8,50,42,31,45,28,42
clec-1,126,88,79,193,145,167
dct-6,64,44,54,47,56,65
F25B5.3,332,255,261,313,352,314
F25B5.5,103,69,75,58,79,74
F25B5.6,132,107,112,164,156,180
nono-1,77,63,80,72,86,79
gtr-1,21,18,17,20,29,31
F25E2.3,72,67,60,92,72,58
F25E5.1,44,43,44,37,35,46
F25E5.5,37,23,17,27,31,31
F25E5.8,207,233,228,180,197,237
F25F8.1,22,13,16,14,19,22
F25G6.1,4,2,2,1,7,3
symk-1,115,128,134,88,114,126
F25G6.8,100,75,87,89,62,73
F25G6.9,53,31,39,44,44,60
F26A1.1,29,14,22,27,15,31
F26A1.13,122,78,62,100,97,110
hrpk-1,150,118,125,118,132,140
cee-1,85,76,74,81,78,90
tag-340,35,30,26,34,41,47
F26F4.5,13,19,14,8,15,14
F26F4.6,8,7,11,11,16,14
F26F4.9,43,37,35,49,30,30
rpb-8,166,141,115,152,124,155
F26F4.12,33,25,32,40,35,37
kbp-2,34,25,20,35,33,41
F26F12.3,292,187,169,319,317,249
F26G1.1,41,32,31,34,36,43
F26G1.2,50,35,39,43,42,41
ttm-2,21,18,15,23,23,25
F26G1.5,12,4,4,20,27,19
nep-12,25,12,24,18,22,13
F27C1.2,114,85,95,107,82,102
F27C1.6,292,232,247,168,159,218
F27C1.11,22,13,14,17,19,11
F27D9.2,78,64,89,70,57,71
pcca-1,889,720,738,768,764,907
F27D9.7,14,12,12,14,19,28
stn-2,57,52,51,39,54,45
acdh-9,410,359,364,348,327,412
F28A12.3,29,33,40,24,29,32
asp-13,65,63,67,85,65,74
dip-2,140,117,142,102,119,129
F28B3.5,14,11,8,25,12,19
F28B3.6,23,19,12,11,9,25
acl-11,73,42,59,66,46,43
F28B3.10,103,113,97,100,85,122
rgl-1,35,39,45,38,31,40
F28B4.3,3209,2887,2922,3194,3074,3858
vrk-1,127,111,104,57,61,62
F28E10.1,86,86,95,71,103,89
igeg-1,96,87,71,89,92,94
lim-8,53,37,42,34,55,55
F28F5.6,69,42,46,59,54,77
F28F9.3,16,16,12,12,22,13
F28H1.1,19,12,10,8,4,15
F28H1.4,34,34,26,28,33,32
F29A7.4,22,20,23,14,16,15
F29A7.6,26,25,27,26,29,21
F29B9.1,27,25,28,22,15,18
jmjd-1.2,129,119,104,157,143,155
F29B9.8,92,68,76,93,78,89
mrps-21,51,37,38,51,45,53
F29B9.11,327,339,357,364,290,438
cox-6C,391,371,395,406,310,444
tut-1,84,64,64,48,42,49
grld-1,90,68,78,90,77,93
picc-1,33,23,30,40,44,41
F30B5.4,75,66,60,63,71,84
zipt-2.2,52,20,22,28,32,35
F30H5.3,2,1,0,77,71,53
F31D5.2,22,24,24,14,13,17
mth-2,32,15,25,29,19,39
mth-1,94,101,123,77,85,69
F31E3.2,43,24,38,48,45,41
panl-2,68,62,74,89,64,87
F31E8.4,44,33,30,49,34,49
nhr-180,21,11,23,31,29,29
fbxa-72,8,8,10,49,24,51
F31F7.1,148,103,99,95,113,100
ada-2,85,60,75,101,69,106
skpo-3,446,348,370,235,274,248
F32A5.3,734,570,578,500,428,571
F32A5.4,710,735,704,856,740,861
F32A5.8,88,94,91,92,67,79
ift-81,29,20,14,19,16,21
vps-41,50,41,26,28,35,46
F32B5.6,197,158,127,317,284,255
F32B5.7,125,105,98,90,106,102
figl-1,19,14,24,15,12,31
hpo-18,163,114,128,160,144,156
F32D1.3,10,10,8,12,11,11
F32D1.5,106,81,91,83,93,98
fipp-1,93,82,70,84,71,105
nol-10,188,153,124,90,97,94
cec-4,35,32,44,51,47,51
clec-180,4,3,6,103,68,75
F32E10.5,19,13,13,16,16,12
cec-5,371,283,321,341,323,386
F33D4.4,60,46,48,66,56,57
mrpl-1,191,160,175,189,153,200
F33D4.6,7,4,2,137,114,88
emc-6,58,50,52,64,57,80
hpo-3,112,73,86,85,91,80
F33D11.10,117,127,128,123,117,138
vpr-1,269,228,230,330,249,325
dhhc-3,20,16,24,21,17,27
F33E11.3,17,12,6,9,16,21
phf-10,56,32,44,39,39,33
F33G12.3,36,43,40,36,20,31
golg-2,144,98,93,121,132,129
F33G12.6,118,79,68,91,115,95
F35A5.1,294,221,240,243,291,279
F35A5.2,19,18,19,21,10,28
F35B3.7,39,29,19,52,38,48
sek-4,28,22,23,27,19,27
F35C8.5,77,73,78,91,62,77
chtl-1,40,25,27,43,40,34
F35D2.3,11,15,13,17,14,20
F35D11.3,24,16,22,6,7,12
F35D11.4,200,202,189,183,117,202
coa-3,139,114,93,128,95,132
che-10,77,51,67,62,56,64
F35F10.1,1,3,1,35,26,27
arrd-18,36,32,37,27,35,39
arrd-19,13,16,23,13,17,22
cdc-73,65,59,48,57,54,65
F35H10.2,33,29,28,41,28,34
F35H10.6,30,38,22,28,30,35
nprl-3,44,28,37,24,26,34
F35H10.10,111,71,92,148,154,102
F35H12.1,31,37,35,19,20,21
tbc-11,40,45,48,38,46,57
pifk-1,20,27,26,34,26,36
F35H12.5,34,13,29,22,19,21
ttr-20,36,37,28,37,32,44
trpp-4,39,34,39,35,34,42
F36D4.5,132,112,104,121,106,125
math-26,40,13,22,21,21,31
F36H9.4,22,14,19,30,9,19
F36H9.7,19,16,24,17,17,16
nlp-47,51,77,64,68,50,64
F37A4.1,188,149,157,141,143,162
F37A4.2,45,33,36,72,23,42
bath-41,10,9,10,15,11,8
folt-2,873,718,835,418,468,695
F37C4.4,46,45,31,54,53,53
F37C4.5,504,415,486,392,360,432
F37C4.6,109,87,112,119,91,111
F37C12.1,93,85,90,92,58,76
epg-4,54,49,57,76,58,38
F37C12.3,136,128,144,130,134,153
acs-4,460,457,521,384,367,455
exos-9,148,113,96,148,109,145
ncbp-1,225,181,202,163,166,207
F37F2.2,103,76,81,96,71,94
odr-8,127,110,103,86,106,120
F38A5.2,130,86,102,105,91,132
sup-36,86,87,84,89,65,93
F38B6.4,68,59,60,62,55,79
mpdu-1,166,140,143,163,146,177
F38E9.1,25,8,18,12,12,14
twf-2,146,152,152,150,133,165
F39C12.1,284,190,183,196,255,249
ugt-61,97,100,97,87,94,107
F39G3.3,61,50,52,55,63,85
F39G3.5,72,53,73,85,59,76
F39H12.1,16,14,20,20,26,30
F39H12.3,110,82,104,93,91,96
igcm-1,12,13,19,41,36,28
F40A3.1,45,54,45,36,37,31
F40A3.2,71,61,63,100,87,109
F40A3.3,111,104,117,147,95,149
F40A3.6,318,252,252,342,300,295
F40A3.7,19,14,20,8,10,14
F40B5.2,42,35,53,47,38,52
mage-1,35,38,45,38,28,29
irg-7,3454,2916,3127,3620,3023,3804
F40F4.7,97,94,95,51,56,67
sec-20,31,26,34,27,31,33
cox-17,34,24,31,34,21,46
F40G9.5,29,12,14,28,20,21
F40H3.1,126,106,80,150,129,110
F40H3.2,24,22,25,18,21,28
F41B4.1,185,155,161,107,129,127
F41B4.2,25,25,23,25,22,29
F41B4.3,21,15,28,30,17,23
cyp-33C7,64,47,42,59,45,60
nhr-182,69,56,53,56,68,71
F41C3.2,208,299,293,150,244,221
acs-11,223,172,186,268,319,284
eas-1,26,23,21,30,25,33
F41C3.5,3424,2617,2628,3165,2454,2894
F41C3.8,49,46,35,57,43,48
F41C6.7,34,31,28,33,30,36
tbc-18,27,26,31,16,22,22
F41D9.2,19,18,22,16,13,24
smk-1,458,353,346,591,523,530
F41E6.5,26,20,21,15,29,22
F41E6.7,16,13,12,28,25,24
vps-60,228,145,156,224,224,251
F41E6.12,50,61,48,77,67,87
atg-18,241,179,142,306,234,283
F41F3.3,3,3,1,356,282,235
nlp-50,37,49,42,19,28,45
F41G3.6,16,21,32,28,21,34
F41G3.10,248,156,158,204,173,204
agr-1,110,84,89,71,86,86
exos-8,68,48,58,45,43,54
F41G4.8,19,30,25,37,24,34
F41H10.3,111,123,132,91,107,91
F41H10.4,50,48,43,54,57,63
hda-6,59,36,54,49,39,55
sand-1,27,16,21,28,24,34
F42A6.6,30,21,15,29,29,23
elks-1,64,49,51,32,32,42
cyp-33E2,136,104,128,85,82,120
abcf-3,236,203,191,185,193,216
anmt-2,51,34,45,68,52,57
F42A10.5,263,244,254,230,182,257
F42A10.6,202,127,158,210,156,185
F42A10.7,69,26,22,81,52,49
npr-27,15,8,21,19,15,14
F42C5.4,61,27,25,65,36,30
F42C5.9,169,131,136,154,154,163
ifo-1,268,156,173,161,232,242
F42G2.2,66,67,40,74,60,53
islo-1,26,22,15,23,23,28
moc-3,58,41,38,42,37,48
F42G8.10,209,199,198,181,170,203
ppm-1.G,323,309,295,304,233,339
dagl-2,40,18,33,31,31,33
F42H10.2,23,16,20,19,15,26
F42H10.3,88,94,67,89,95,96
mig-39,57,47,46,90,61,68
F42H10.6,46,37,42,38,40,40
ess-2,26,23,25,33,28,29
F43B10.1,106,94,93,77,89,99
tag-343,103,85,89,95,109,112
F43C9.1,33,26,20,19,28,31
F43C9.2,76,78,68,82,66,65
F43C11.9,14,13,18,21,17,14
F43E2.1,58,57,47,44,52,48
rpb-4,79,53,61,76,55,71
insc-1,23,18,16,21,23,23
msra-1,203,174,175,301,226,348
mtch-1,415,350,372,376,343,438
sptl-2,488,392,414,348,349,363
F43H9.4,104,113,107,39,77,100
kvs-3,29,30,27,22,25,18
F44A2.3,30,28,43,7,23,13
F44A2.5,43,32,56,38,31,53
F44B9.2,160,138,137,143,147,143
F44B9.5,93,69,72,83,67,81
F44B9.8,61,55,67,75,83,91
F44E2.3,45,47,42,28,44,41
F44E2.4,17,13,14,186,209,168
F44E2.6,50,61,48,48,38,46
F44E2.7,40,33,44,39,32,43
F44E2.8,90,74,74,106,70,81
F44E2.9,57,65,52,80,54,70
F44E7.4,801,617,642,586,567,655
F44E7.7,28,14,16,11,10,16
F44E7.9,38,36,45,60,44,52
F45E1.4,109,72,73,94,79,99
F45E1.5,20,17,10,13,16,11
sdpn-1,74,65,56,90,74,76
cla-1,315,176,200,156,312,266
cima-1,12,13,17,20,16,19
cnep-1,52,34,34,57,43,50
mrpl-14,84,90,80,76,67,97
F45F2.9,61,52,43,57,43,48
F45F2.10,147,99,89,130,141,143
F46C8.3,63,46,43,54,50,40
F46C8.8,9,8,7,30,26,27
acs-1,462,404,455,324,292,450
mdh-1,1239,1090,1194,1402,1283,1458
hpo-26,42,45,38,39,60,45
F46F11.1,212,182,169,169,208,181
xrep-4,135,102,106,151,138,152
trpp-8,116,83,115,98,120,129
F46F11.10,18,20,16,11,8,9
twnk-1,43,31,30,41,40,35
gakh-1,36,18,23,20,19,26
F46H5.2,60,48,56,34,34,53
F46H5.3,3813,3260,3702,3053,2846,3252
F46H5.4,96,73,80,70,95,83
F46H5.7,202,152,158,217,209,197
lact-1,39,30,29,36,44,40
F47B7.1,165,160,155,221,174,204
F47B7.2,57,63,56,84,105,85
marg-1,115,131,133,100,125,109
F47D12.9,206,146,123,287,233,234
F47E1.2,29,11,24,28,33,47
F47F2.1,34,30,21,27,27,26
lin-42,0,1,2,9,28,22
F47G3.1,59,34,45,35,43,51
F47G3.3,33,13,16,14,13,22
acs-16,56,44,52,67,51,59
F48A9.2,47,47,36,49,52,48
F48A11.4,20,15,11,24,20,25
ubxn-3,140,116,121,118,119,141
nlp-37,69,50,65,72,67,67
F48B9.8,34,31,32,28,35,29
aman-3,49,37,35,59,56,66
F48C1.6,88,68,72,95,78,98
F48D6.4,194,190,162,380,280,230
uggt-1,274,203,209,299,251,335
F48E3.8,73,56,46,65,85,50
F48E8.2,78,70,61,58,44,55
F48E8.3,116,85,113,72,93,92
F48E8.4,106,89,104,88,87,115
disl-2,117,109,104,97,93,88
F48G7.4,22,23,24,20,34,31
nhr-190,12,13,10,16,11,9
prp-17,135,129,137,119,103,121
tag-296,26,21,20,35,36,22
nprl-2,45,24,33,41,30,38
F49E8.6,9,4,4,5,7,2
F49E8.7,74,39,41,61,43,63
tbc-16,66,59,55,38,50,40
F49E10.2,0,2,0,29,14,9
mul-1,19,21,15,9,12,8
txdc-12.2,114,163,139,350,288,326
acl-4,170,176,153,248,195,198
sorf-2,38,28,25,38,36,25
F52C9.3,149,126,128,144,106,136
F52C12.1,28,12,12,15,19,25
F52C12.2,69,54,58,43,42,41
denn-4,141,100,99,133,143,149
aagr-4,34,31,25,138,124,101
F52E1.2,51,27,52,45,38,29
pho-6,30,31,18,45,27,39
F52E1.9,20,12,25,31,21,17
lmd-3,254,202,206,241,236,241
pccb-1,660,612,685,767,710,814
F52E4.5,57,27,19,45,35,47
sec-3,65,58,57,58,61,56
oac-32,22,23,32,17,22,26
F52G3.1,123,96,99,113,100,111
F52H2.1,21,22,15,15,14,19
F52H2.3,21,15,24,22,19,16
F52H2.6,229,193,234,235,202,248
F52H2.7,14,13,28,14,13,11
F53A3.7,30,26,24,18,19,26
F53A9.6,119,161,152,194,122,169
F53A9.7,26,33,32,44,38,40
F53A9.8,102,94,105,102,100,109
F53A9.9,46,51,44,52,44,57
F53A10.2,96,100,81,81,101,101
F53B1.2,22,21,9,13,15,14
F53B1.4,0,1,0,87,54,52
F53B1.8,55,53,55,38,56,43
tra-4,63,57,49,74,73,85
F53B3.5,50,45,44,91,92,124
F53B3.6,135,111,117,168,166,215
F53C3.4,12,16,11,18,15,19
F53C3.6,14,6,4,30,30,12
bcmo-2,90,82,80,72,71,105
plpp-1.1,138,106,110,121,106,111
tag-304,70,73,71,80,72,87
F53E10.1,107,78,92,162,120,109
irg-3,75,52,56,56,44,39
F53E10.6,105,115,142,100,63,87
F53F10.1,25,11,12,33,18,26
F53F10.2,403,276,278,363,415,425
mpc-2,112,90,87,117,95,138
mnat-1,86,74,71,75,79,86
F53H1.1,195,142,170,136,157,150
F53H1.3,33,25,26,29,27,32
F53H1.4,261,199,241,294,265,256
F53H8.3,88,74,74,54,73,65
F54A3.2,42,42,36,59,64,70
cct-3,723,477,479,810,733,848
F54A3.5,113,82,87,121,91,103
F54A3.6,28,22,24,12,18,34
cutl-20,23,17,24,16,21,16
shc-1,32,21,38,28,31,48
F54C1.1,7,13,15,38,32,38
mrpl-40,55,52,70,52,46,61
attf-3,57,37,53,52,69,70
ept-1,184,131,135,172,167,175
F54D8.6,124,108,119,110,102,133
lido-15,40,21,20,46,31,39
pmt-2,874,727,794,922,833,1117
sumv-2,230,147,166,100,128,132
F54D11.4,52,35,48,32,26,34
rog-1,70,46,33,65,59,44
F54E2.1,669,683,731,557,528,778
pst-2,16,20,18,21,18,18
ska-3,17,12,19,25,11,20
F54E7.9,23,18,8,17,7,18
F54F2.7,31,18,23,8,9,18
F54F2.9,17,27,26,29,19,22
F54G2.1,134,142,111,113,114,111
eef-1B.1,337,235,333,273,272,303
6-Mar,199,134,163,133,138,121
F55A3.2,7,4,6,4,7,8
spt-16,403,309,310,460,394,441
sec-22,77,66,75,68,52,80
nlf-1,27,26,22,25,31,37
stau-1,28,16,33,24,35,27
vpat-1,70,45,37,40,36,47
F55A12.2,50,37,37,24,27,32
F55A12.5,119,99,102,83,96,88
nath-10,409,366,339,278,287,291
rfip-1,226,199,197,235,215,229
F55C12.4,21,22,14,12,15,13
F55C12.5,84,67,56,102,96,84
tag-234,42,44,36,35,41,35
aman-1,37,28,33,52,54,47
glit-1,19,18,20,15,16,18
F55D10.4,21,21,22,14,16,21
drd-5,62,60,51,56,40,59
npr-28,31,36,33,24,25,32
F55F8.2,229,192,155,169,131,133
F55F8.3,346,281,260,247,211,245
cir-1,88,86,104,53,61,70
wdr-12,332,287,252,156,143,168
mff-2,30,46,39,33,19,37
zipt-2.4,73,82,97,67,48,81
F55F10.1,1132,809,893,478,625,634
rod-1,172,133,135,198,203,230
F55G1.9,45,30,36,34,32,26
F55G1.15,58,52,38,60,46,60
fncm-1,12,11,7,16,21,8
slx-1,27,15,9,12,14,13
F56A11.5,74,49,68,78,67,76
ugt-52,17,18,15,29,16,15
mrpl-2,131,109,126,145,116,144
F56B3.11,45,51,59,40,29,51
skr-18,27,38,32,28,23,34
F56B6.6,1,0,2,2,2,4
fbxa-190,24,27,26,27,19,28
F56C9.7,912,842,919,804,758,986
F56C9.8,61,45,58,99,83,66
F56C9.10,387,313,276,521,504,472
F56C11.5,22,11,12,19,15,33
F56C11.6,53,46,41,40,42,40
F56D1.1,17,19,17,13,11,16
ilcr-2,21,9,7,7,8,10
mrps-16,66,52,49,69,66,63
ucr-1,1015,859,959,909,836,1163
F56D2.3,1,0,1,29,24,22
ddx-15,170,166,150,120,123,147
F56D3.1,70,70,88,164,159,135
clec-67,693,651,750,533,512,725
fcho-1,89,86,92,85,75,98
F56E10.1,76,46,65,66,64,48
daam-1,24,21,20,21,20,22
F56F10.1,751,584,683,617,505,682
cdo-1,138,115,90,133,131,133
lgl-1,21,18,26,19,18,23
F56F11.2,34,29,31,39,32,21
klf-1,36,37,40,47,34,37
ccpp-1,32,20,33,29,41,25
F57B9.1,28,27,33,57,44,46
flap-1,69,54,35,55,55,56
ipgm-1,587,553,605,574,503,614
F57B10.5,173,114,99,165,135,165
xpg-1,46,33,21,29,28,18
F57B10.8,129,99,103,104,83,105
spg-20,30,28,41,40,37,21
ucr-11,206,189,151,205,150,201
pdxk-1,108,70,88,84,75,73
clec-90,9,8,14,12,15,12
F57C9.4,38,41,36,36,43,19
F57C12.2,23,12,17,31,28,38
F57F4.4,583,476,545,586,472,630
abts-3,106,100,75,74,100,106
F57H12.6,39,20,9,18,28,32
F58A6.1,47,53,47,46,33,45
F58F9.3,146,93,88,192,100,150
F58F9.4,33,25,25,36,32,32
acox-3,111,83,105,102,98,65
F58F12.1,362,262,318,287,275,375
myo-5,430,297,350,317,365,418
faah-3,42,42,22,30,27,31
lgc-30,43,29,32,36,44,41
cpd-1,97,68,84,119,87,97
F59A3.2,20,17,23,22,11,18
mrpl-24,160,145,145,158,143,152
zipt-11,45,27,42,49,45,37
rpa-4,10,2,10,8,10,21
F59A6.5,57,47,48,79,65,67
F59A7.2,145,97,115,45,36,44
F59A7.5,75,76,65,94,67,94
F59B1.2,636,616,569,638,487,546
F59B1.8,59,57,42,33,27,42
F59C12.3,30,17,37,28,47,32
asp-8,149,137,141,158,115,148
chpf-2,42,43,33,48,32,52
F59E11.2,24,18,17,13,12,10
F59E11.5,67,60,66,92,71,77
F59E11.7,24,17,18,26,31,34
nhr-143,53,42,37,44,41,46
F59E12.1,87,77,73,57,89,96
F59E12.9,120,104,104,106,108,101
sam-4,2,5,2,3,2,2
cgt-3,191,196,194,145,157,187
F59G1.4,17,12,15,14,15,12
gbas-1,17,17,21,12,20,20
H01M10.1,58,47,28,59,41,40
H02F09.3,38,22,23,32,27,36
H03E18.1,2,5,1,145,124,81
glf-1,0,2,1,130,91,66
H04M03.12,25,24,26,21,22,30
H05C05.1,236,186,217,197,190,191
H05C05.2,112,99,100,92,78,103
nlp-49,218,173,182,231,221,201
eif-1.A,768,664,659,698,578,743
ubxn-6,54,49,51,62,44,53
H06H21.8,153,127,115,112,100,122
tat-2,91,72,61,86,88,84
H06I04.1,26,18,10,16,16,14
H06I04.3,670,528,516,452,381,486
H06I04.6,100,91,70,104,79,94
H10D18.5,42,29,34,39,32,47
H10E21.1,20,33,18,13,21,19
H10E21.4,0,1,0,48,33,30
H10E21.5,74,52,67,78,60,71
H11E01.3,101,96,94,95,105,100
H14A12.3,60,43,44,70,52,56
strm-1,46,36,36,67,74,51
H14E04.2,80,63,53,69,85,73
H14E04.3,23,17,11,12,27,17
ttr-47,188,169,148,197,196,203
H14N18.4,131,126,122,109,90,132
kcc-2,516,382,384,466,450,477
fgt-1,438,400,445,418,394,404
emc-1,584,457,443,559,518,570
H18N23.2,48,38,36,39,53,45
zmp-2,2,1,3,5,11,3
H20E11.1,56,39,56,28,20,40
athp-2,118,71,68,98,89,106
madf-3,70,52,52,50,34,58
H20J04.4,66,54,53,45,37,59
pfd-2,189,121,140,178,138,176
H20J04.6,47,42,52,77,42,82
gnrr-5,8,15,7,13,14,14
bgal-2,111,99,86,96,99,104
sgca-1,48,47,47,59,55,61
ugt-13,239,246,206,384,311,324
ugt-8,59,66,55,98,83,91
H24G06.1,190,146,147,192,206,216
H24K24.3,220,171,175,170,160,197
trm-2A,185,124,131,132,133,121
H25P19.1,14,15,20,22,14,21
sacy-1,69,69,63,53,62,75
rpb-5,220,176,165,169,135,145
H28G03.1,427,396,360,353,350,334
H28G03.2,54,47,46,56,59,77
H34C03.2,251,206,178,225,248,214
H34I24.2,608,469,497,533,506,690
H35B03.1,103,77,78,98,78,61
H35B03.2,56,30,41,34,24,47
H41C03.1,3,7,4,25,22,19
H41C03.3,31,30,33,35,30,31
H42K12.3,1,1,2,95,104,50
H43E16.1,131,133,133,99,89,134
H43I07.1,61,42,35,28,34,44
rpac-40,259,166,201,149,93,143
algn-5,86,62,71,77,87,84
sgcb-1,32,22,34,34,43,36
K01A2.4,32,21,28,41,43,61
K01A2.5,56,47,52,110,80,85
mps-2,13,9,17,17,9,21
K01A2.10,41,34,38,62,55,54
cbn-1,26,26,38,65,58,46
kcc-3,74,70,63,56,49,45
K02A6.3,91,79,58,97,96,127
pfkb-1.2,122,98,105,145,98,112
mcu-1,40,33,28,43,34,29
K02D7.1,777,627,658,863,742,760
swt-1,92,77,62,37,74,82
K02D10.1,263,192,226,225,188,256
K02D10.4,23,18,22,40,35,33
snap-29,187,136,172,145,118,156
K02E10.4,4,1,1,34,31,28
K02E10.7,21,12,10,18,18,16
ahcy-1,3574,2793,2970,3197,2742,3693
teg-4,322,259,249,238,274,305
K02F2.5,154,164,138,176,102,132
K02F3.2,354,270,312,374,301,337
zip-2,431,328,377,446,398,475
clec-149,110,105,110,103,105,116
ceeh-1,50,39,59,61,45,57
K02F3.9,146,153,122,135,134,130
moma-1,283,204,220,219,169,244
K02F3.12,20,13,27,11,12,19
dhhc-10,20,28,23,26,22,26
tmem-135,56,53,61,29,40,45
K02G10.5,15,20,12,16,17,21
mbl-1,56,57,75,46,50,53
lron-7,185,165,177,254,200,223
K03A1.4,20,19,13,24,13,15
K03B4.1,69,70,59,84,61,76
K03B4.2,66,67,77,95,76,73
K03B4.4,18,24,27,16,17,12
cpg-8,31,37,42,90,84,70
clik-3,131,104,120,126,106,163
rei-2,112,96,94,122,117,119
K03H6.2,37,28,32,23,20,25
K03H6.5,9,19,15,9,4,14
K04A8.1,161,104,96,178,150,179
K04C2.2,522,380,378,300,279,309
K04C2.3,91,64,53,118,93,86
K04F1.9,17,17,19,17,18,16
K04F10.7,104,84,87,128,105,112
K04G7.1,61,39,37,85,75,79
nuo-4,756,616,631,650,625,749
syf-2,78,97,83,81,64,110
K05B2.2,25,18,23,27,17,25
lect-2,43,57,45,60,52,63
K05F1.6,73,54,54,48,55,50
K05F1.10,47,39,31,42,51,43
atg-16.2,43,33,25,45,39,47
dgk-5,39,42,35,28,44,49
K06A5.1,10,16,12,4,8,12
knl-2,93,46,91,116,103,123
acdh-3,346,270,321,365,336,356
nmtn-1,19,14,25,14,28,20
K06A9.1,170,125,155,195,174,214
K06A9.2,20,15,20,39,30,22
K06H7.2,48,32,27,40,32,34
vms-1,91,87,100,83,73,105
idi-1,54,74,78,55,50,51
K07B1.4,36,30,31,35,28,29
acl-14,241,241,247,288,229,265
tos-1,119,89,99,74,97,80
K07B1.7,21,11,9,13,15,18
cyp-35A5,26,13,19,6,10,7
timp-1,53,40,40,46,36,46
K07C11.4,61,54,64,92,55,58
cri-2,82,60,68,99,75,93
K07C11.7,294,297,271,313,257,274
K07C11.8,32,33,31,35,27,34
cogc-6,72,58,63,79,57,55
ephx-1,20,14,13,19,17,22
K07D4.9,26,17,17,29,19,22
K07E1.1,131,108,81,134,134,157
K07E3.1,59,39,39,63,70,87
K07E3.2,24,19,20,35,27,27
K07E3.4,456,372,381,442,410,505
catp-5,200,140,124,186,180,189
sdz-24,262,171,185,212,221,248
K07E8.6,16,13,12,15,10,19
K07E8.7,41,28,32,29,21,23
tbce-1,30,36,28,35,26,34
K07H8.2,164,147,133,212,173,188
K07H8.10,2693,2312,2411,1390,1316,1668
lido-8,28,16,18,31,29,36
lido-7,27,15,22,32,27,36
ugt-19,148,145,116,67,70,83
ugt-20,26,29,32,23,20,17
K08B5.2,20,16,13,19,23,12
K08B12.1,0,0,0,31,28,22
dmd-7,129,113,132,97,84,111
K08B12.3,13,19,14,5,10,15
K08D9.4,50,24,18,69,48,30
rpi-2,23,16,12,19,16,22
K08D12.3,549,418,474,474,452,478
K08D12.6,206,150,171,262,250,286
cif-1,619,528,505,550,467,583
miro-1,99,65,92,86,84,103
K09C4.1,20,9,26,17,22,27
K09C4.10,50,41,44,34,35,38
K09C6.9,6,6,13,28,19,26
cyp-35A3,158,126,133,17,41,43
K09E2.3,72,70,64,81,78,84
K09H9.5,62,37,43,44,38,52
acds-10,160,140,130,175,156,164
ctsa-1,750,688,736,719,667,870
K10B2.4,86,63,80,86,76,106
ani-2,29,19,13,22,8,18
K10B3.1,16,13,16,35,28,32
K10B3.5,20,17,23,28,23,21
gpcp-1,77,74,81,93,69,74
K10B4.3,52,55,57,55,48,62
K10C2.1,2051,1814,2038,1924,1787,2404
asp-14,808,625,579,644,484,591
fah-1,443,371,363,380,339,397
rnst-2,81,53,63,72,100,82
hira-1,51,29,38,49,49,58
pup-2,40,29,29,33,20,37
cid-1,143,100,107,87,115,95
gsto-3,11,12,16,15,24,24
K11C4.2,31,44,34,43,32,39
cpt-4,132,91,65,246,163,163
swt-7,158,141,152,91,90,114
K11D12.7,34,37,45,32,41,48
K11D12.9,18,16,14,15,13,15
K11G9.1,29,20,16,26,17,29
slc-25A10,230,199,224,221,200,227
K11G12.6,52,32,36,48,41,47
K11H12.1,32,26,31,29,27,33
K11H12.4,100,101,115,42,57,77
K11H12.7,133,128,131,176,120,162
K11H12.8,231,188,149,277,196,245
K11H12.9,47,33,36,38,34,30
sago-1,28,32,28,40,33,40
K12C11.1,438,362,354,433,316,458
K12H4.2,31,22,17,22,16,21
K12H4.3,304,324,339,233,206,233
spcs-3,211,145,161,212,149,219
K12H4.5,206,181,204,180,151,203
K12H4.7,2025,1611,1725,1770,1479,1955
K12H6.6,112,109,85,155,108,113
ostd-1,284,197,250,311,234,310
M01B12.4,116,76,72,83,66,95
riok-1,158,109,137,108,93,128
M01E11.1,25,16,24,25,15,28
M01E11.2,82,68,80,67,72,79
pqn-52,159,157,180,229,166,213
M01G5.1,59,56,70,42,45,52
M01G5.3,168,151,167,181,183,218
trx-3,51,36,33,72,59,62
M01H9.2,7,2,1,2,6,11
M01H9.3,405,297,206,536,441,499
M01H9.4,18,29,22,19,27,36
algn-14,24,35,32,33,31,25
bris-1,99,90,82,75,77,87
zig-12,548,488,448,616,525,552
M02D8.3,21,17,21,29,26,32
asns-2,516,416,357,693,521,645
M02E1.1,92,69,72,69,68,74
nlp-64,20,30,35,28,16,24
clec-265,626,617,664,537,594,727
nhr-201,38,30,38,45,30,26
nhr-202,21,20,19,21,21,15
nhr-203,36,34,27,17,19,21
M02H5.8,43,19,43,52,40,40
ipla-1,224,136,169,160,144,140
atg-2,336,223,179,443,376,360
M03A8.3,20,19,16,13,21,16
M03D4.3,15,10,10,11,9,10
M03D4.4,32,45,68,50,44,69
memb-2,14,13,8,19,15,21
calu-1,472,379,449,737,604,703
M03F8.3,270,260,244,223,204,262
M4.1,37,40,39,38,44,45
rpa-2,247,176,170,257,252,239
M04F3.4,103,76,92,130,82,114
M04F3.5,48,35,37,54,46,52
M04G7.1,81,64,81,91,80,89
M04G7.3,19,20,32,28,21,28
M57.2,74,91,81,70,89,95
endu-2,484,321,329,360,330,411
M60.4,464,456,465,512,474,530
M60.6,29,25,25,20,40,29
M70.4,86,63,69,71,71,85
M70.5,14,18,19,18,8,16
mtss-1,153,144,145,147,128,156
aak-1,64,39,41,17,25,13
PDB1.1,61,57,70,64,61,75
R01B10.3,35,18,21,22,17,21
jamp-1,16,4,17,13,12,16
R01B10.6,18,18,11,21,18,20
ger-1,152,125,121,129,112,128
nhr-204,32,29,20,29,32,32
R02C2.7,40,57,48,24,33,26
aass-1,748,686,645,950,974,1016
cogc-8,38,48,37,41,50,48
gtf-2H1,48,47,49,30,44,29
R02D3.4,65,48,40,45,38,50
fnta-1,92,62,64,62,85,101
R02D3.7,38,38,38,62,39,42
R02D3.8,22,20,19,14,15,11
mop-25.1,148,137,123,203,165,204
hrg-1,211,190,182,242,210,220
R02F2.1,89,54,57,79,76,94
osg-1,14,11,6,8,17,6
R02F2.7,178,113,125,82,101,107
R02F2.8,29,16,24,26,16,31
R02F2.9,83,77,85,90,65,107
R02F11.1,0,0,0,33,21,19
R02F11.2,46,40,47,58,48,48
R02F11.3,48,51,63,50,56,63
R02F11.4,44,26,39,42,41,51
R03E9.2,20,19,17,31,19,31
abts-4,80,69,78,103,105,102
gpx-7,50,37,48,53,31,46
R03H10.2,146,168,149,157,145,187
R03H10.6,43,28,34,9,13,8
R03H10.7,25,13,23,29,22,24
nrde-3,53,48,65,56,51,76
R04A9.3,29,25,34,21,16,30
ceh-93,19,23,12,28,21,34
R04B3.2,27,15,15,25,34,32
cnnm-2,76,65,73,75,66,58
R04E5.8,67,54,72,50,63,89
arrd-26,10,7,9,7,8,4
mca-2,470,391,412,493,434,520
R05D3.2,94,83,79,156,104,112
R05D3.8,17,18,12,27,26,16
R05D3.9,160,124,119,203,156,193
met-2,116,94,97,125,107,102
R05D3.12,15,12,14,9,19,13
btbd-10,59,47,54,58,68,77
R05F9.6,976,797,695,950,767,957
R05F9.9,71,45,41,73,50,65
sgt-1,995,725,693,1044,733,998
aagr-2,604,499,526,455,390,533
R05G6.4,46,32,44,60,42,58
vdac-1,2109,1712,1732,2170,1931,2223
R05G6.10,89,65,75,88,64,55
twk-49,163,154,149,136,132,124
R05H11.1,25,15,12,19,15,23
R05H11.2,12,17,14,16,14,25
R06A10.4,18,20,20,23,27,17
clec-150,185,131,134,183,150,216
tbc-10,44,62,46,56,41,48
fbxc-36,17,10,12,10,17,12
R07E4.1,30,30,23,28,42,30
R07E4.3,139,106,123,150,112,137
R07E4.5,24,25,26,21,27,24
npp-21,699,509,585,372,403,421
pgam-5,78,59,69,70,69,87
R07G3.7,25,20,24,33,27,34
R07G3.8,105,81,76,110,100,126
chat-1,107,99,113,142,134,137
htz-1,195,144,192,191,218,258
wapl-1,89,78,93,97,78,81
R08C7.12,29,25,26,17,17,20
R08E3.1,1071,852,791,1151,963,1176
R08E3.3,25,18,17,11,8,19
ztf-16,68,56,43,90,83,96
cysl-3,100,71,91,63,54,87
R08E5.3,21,23,18,18,28,34
R08F11.1,82,81,85,73,65,83
cyp-33C8,132,117,116,76,90,99
R08F11.4,45,39,38,47,43,52
R08F11.7,2,4,7,27,27,18
ergo-1,167,119,115,138,150,163
R09A1.3,25,12,19,28,13,22
hacd-1,59,50,61,27,26,57
R09B5.11,15,19,17,10,9,7
sti-1,640,589,499,1109,810,977
R09F10.1,209,173,168,194,161,175
R09F10.3,12,11,16,3,9,18
R09F10.5,27,19,12,19,26,25
cdh-1,84,56,75,71,97,105
R11F4.1,586,457,385,530,545,546
R11F4.3,4,5,7,8,5,7
R11G1.6,118,92,110,110,123,131
gldc-1,854,701,751,559,560,700
frpr-16,18,17,8,29,23,21
R12C12.5,163,185,173,196,155,179
R12C12.6,71,54,53,79,60,63
R12C12.7,79,53,59,45,38,52
R12C12.9,232,198,177,222,186,210
kel-20,39,17,19,40,35,32
suco-1,202,122,108,349,236,279
R12E2.11,350,268,247,451,375,398
mrps-6,69,59,51,66,64,72
R12E2.13,91,79,97,112,78,101
R13A1.5,21,13,10,25,17,21
ttr-32,25,29,27,78,42,58
ttr-8,71,56,47,167,149,155
mfsd-6,192,145,172,171,152,152
R13A5.10,50,51,41,68,42,79
R13D7.2,177,130,116,218,192,230
R13D11.4,48,42,59,47,49,41
cra-1,304,274,233,228,249,257
R13H7.2,61,28,41,59,40,38
gcp-2.1,609,480,510,514,462,557
R119.2,49,27,38,40,40,37
R119.3,59,38,50,37,39,44
pcf-11,116,100,101,81,97,102
R144.3,14,21,19,21,14,21
wip-1,36,23,27,54,32,44
smcr-8,38,16,28,30,31,33
R144.6,37,54,37,53,48,55
larp-1,1399,1110,1091,1119,1090,1166
R144.11,45,34,30,41,29,27
lmtr-5,59,42,33,47,40,45
R148.3,218,224,209,259,213,273
R148.5,34,39,31,68,55,58
R151.1,84,79,78,87,86,97
R151.2,388,264,274,287,278,319
R151.6,82,64,66,71,69,72
hsp-75,352,269,300,306,297,328
R151.8,43,28,43,38,28,40
pfd-5,158,114,124,195,162,180
R151.10,51,47,34,45,42,35
pde-4,176,160,155,182,170,189
mboa-6,232,216,225,244,209,276
R173.3,30,26,24,23,17,16
flp-26,21,14,14,35,16,27
R193.2,1512,1536,1654,1571,1440,1412
gcy-28,300,215,250,238,285,288
T01B6.1,18,20,8,22,20,27
aakg-4,36,33,51,52,40,38
eppl-1,286,259,288,145,172,247
lmd-5,131,104,101,230,212,203
aak-2,310,238,225,365,303,299
T01C8.2,118,100,97,137,125,184
got-1.2,539,438,529,582,489,586
T01D1.3,16,19,24,33,28,29
T01D1.4,14,14,8,24,19,21
nhr-212,27,23,10,20,25,26
T02B11.3,396,383,330,514,377,575
T02B11.4,125,93,87,33,48,27
T02C5.1,631,534,538,735,524,708
igcm-3,64,55,71,84,100,115
T02G5.7,466,424,453,322,341,386
mmaa-1,86,67,78,92,76,131
T02H6.1,201,162,158,134,119,156
thoc-1,42,24,33,26,32,38
T02H6.11,547,463,532,593,482,607
T03D3.5,10,6,17,11,12,7
uba-5,81,82,76,101,81,89
pgk-1,606,496,507,583,558,567
tfbm-1,40,29,34,22,18,21
guk-1,187,172,149,180,166,187
clec-53,28,35,31,43,40,45
T03F1.11,232,153,167,216,146,202
T03G6.1,1,0,0,51,49,32
T03G6.3,282,239,218,252,225,211
mans-3,50,52,25,38,40,45
T03G11.6,20,16,14,25,20,25
T04A6.1,33,37,20,63,52,37
T04B8.5,103,92,101,130,113,143
T04C4.1,79,47,51,107,134,107
T04C9.1,212,167,170,251,213,239
attf-5,42,31,25,36,36,36
T04G9.4,31,34,25,53,40,50
trap-2,356,363,379,487,359,493
T05A7.1,50,37,36,40,42,43
fut-6,31,33,23,39,24,36
T05A8.3,42,47,52,60,44,62
nep-2,196,169,187,193,160,182
T05A12.3,85,82,71,98,92,104
T05A12.4,76,65,69,56,60,67
phat-4,42,25,29,60,48,73
phat-5,27,34,27,21,27,20
T05B11.1,7,10,11,21,14,10
clic-1,192,136,150,236,172,194
T05C1.1,21,22,16,27,13,35
camt-1,123,85,90,136,117,127
T05C3.6,126,112,85,92,72,98
T05E7.1,76,51,47,74,55,51
T05E7.3,71,40,43,57,51,61
T05E7.4,29,32,43,36,35,28
let-355,131,108,87,67,87,100
acl-8,43,53,34,39,37,32
hpo-19,410,352,346,405,390,398
erfa-1,369,240,303,375,312,359
T05H4.10,106,86,80,66,70,69
atp-4,306,309,306,266,294,345
T05H4.15,16,14,14,17,23,25
glb-25,42,24,21,31,22,27
T06A1.5,44,34,33,50,28,48
mel-46,83,66,71,46,66,63
gtsf-1,17,13,17,15,10,16
lsy-13,82,67,73,63,40,60
T06F4.1,47,37,48,53,40,43
rrp-8,156,114,118,68,64,81
nog-1,553,382,429,173,253,245
T07A9.10,66,83,56,56,65,62
tag-261,9,10,12,7,8,10
T07D1.2,26,17,12,11,18,23
T07D3.4,27,21,18,10,14,24
T07D3.9,91,62,79,74,75,93
T07E3.3,36,33,47,40,42,42
T07E3.4,127,75,67,147,150,153
brc-2,24,18,23,28,18,28
pdf-1,225,196,182,261,221,205
T07F8.4,24,10,13,14,13,20
T07F12.1,23,18,27,22,22,16
T07F12.2,9,3,4,8,9,13
T07F12.4,109,91,69,141,114,144
bath-46,14,19,18,5,17,16
bath-26,35,22,24,28,16,39
T07H6.1,44,40,42,42,68,67
epg-7,139,117,91,191,179,140
ttr-30,45,31,29,71,54,46
ttr-59,32,35,33,51,42,43
T08B1.1,251,185,192,192,162,245
T08B1.4,21,12,17,12,14,16
rbm-5,96,77,67,76,94,86
ech-1.2,690,466,522,760,706,736
mrpl-23,129,101,99,104,84,136
math-39,22,16,12,16,16,17
math-41,35,15,24,19,34,29
acdh-10,267,212,215,466,343,356
ast-1,33,24,18,23,17,22
T08H10.1,578,549,622,664,536,777
T09A12.5,50,42,35,52,55,52
pigv-1,33,23,24,23,17,23
T09B4.2,27,17,21,27,21,34
T09B4.4,14,18,12,17,17,25
T09B4.5,50,64,55,85,94,110
T09B4.8,973,750,678,929,789,794
tin-44,316,258,275,193,176,219
T10B5.3,145,102,134,108,111,141
T10B5.4,31,34,21,30,31,26
cct-7,911,591,647,1007,853,1009
knl-3,31,28,21,35,24,38
T10B5.7,54,39,49,70,51,61
pcbd-1,58,62,66,89,72,102
cerk-1,159,147,170,110,120,123
ztf-4,85,58,71,89,68,78
T10B11.5,15,12,13,18,9,10
T10B11.6,185,122,108,209,160,187
hrde-4,44,19,27,15,30,27
T10D4.6,17,11,15,16,23,23
T10E9.1,12,16,16,13,19,20
T10E9.2,20,3,22,20,15,29
T10E9.3,30,31,36,28,21,35
nuo-2,294,195,231,230,193,253
T10E10.4,5,3,1,8,4,0
T10F2.2,119,99,98,131,85,128
prp-19,249,216,237,244,197,274
syx-18,42,36,32,39,47,50
T10H10.2,66,59,64,53,58,61
sav-1,41,30,26,29,27,28
stt-3,441,400,412,428,370,542
bcas-2,80,78,86,67,52,86
gen-1,65,50,48,58,35,47
esyt-2,89,90,102,85,93,88
T12B3.2,80,77,82,114,111,124
mob-3,39,33,35,39,29,44
ari-2,67,42,48,64,52,40
cec-6,18,16,20,15,16,17
T12E12.3,38,32,37,24,17,33
pho-14,74,64,77,72,70,88
lips-11,48,54,29,24,21,23
sut-1,43,33,38,32,28,33
T13C2.3,83,63,75,49,60,79
ssup-72,24,23,21,29,30,23
T13C2.6,837,699,717,812,688,843
T13C5.6,12,16,12,18,22,10
tmc-1,49,42,42,35,42,42
spat-3,129,82,78,104,101,104
T14A8.2,89,95,104,123,85,161
T14B4.1,214,163,179,142,155,143
mrps-18.C,54,35,61,46,46,46
T14B4.3,27,32,31,19,26,35
T14B4.8,18,19,41,12,20,30
svh-2,82,50,71,45,61,69
dop-3,19,15,15,17,19,29
vha-15,1040,811,869,935,764,1068
T14F9.2,45,29,22,27,27,37
hex-1,117,99,101,111,94,113
T14G11.1,60,60,59,66,63,72
immt-1,552,452,443,505,428,536
T15B7.1,117,106,90,111,70,88
hpo-8,83,49,64,61,60,76
T15B12.1,107,77,98,93,92,110
pals-25,5,8,10,7,8,7
nmt-1,177,150,139,134,91,167
T17H7.7,32,33,27,40,19,22
ttc-17,148,115,124,155,139,143
T19A5.3,4,1,1,74,60,32
pamn-1,53,49,50,74,73,75
T19B4.3,203,201,181,215,173,223
T19B4.5,70,55,60,77,60,88
best-17,43,34,32,35,26,28
T19C3.3,26,34,27,63,48,48
T19C3.4,115,83,89,104,95,99
T19C3.5,37,38,38,34,33,32
ttr-7,42,34,44,51,30,37
lgc-32,25,30,40,37,57,48
rund-1,30,29,23,37,22,24
T19D7.7,21,28,19,19,18,23
T19D12.1,477,407,383,408,362,454
T19D12.2,5,7,10,7,11,11
T19D12.4,2053,1943,2087,1683,1706,2127
T19D12.6,163,160,151,154,138,136
oig-8,55,38,29,48,38,41
T19D12.9,54,47,44,23,28,33
clec-178,34,13,18,16,21,15
frpr-18,25,18,29,27,26,16
ugt-9,173,184,174,202,147,163
T19H12.2,24,16,29,30,25,32
T19H12.3,74,76,59,104,69,95
ugt-12,404,321,282,715,612,664
ugt-11,64,51,52,87,70,69
T20B5.2,34,22,24,15,27,39
oga-1,195,155,92,283,227,239
trd-1,277,232,218,168,154,154
T20B12.3,261,202,188,109,110,129
T20B12.7,115,96,116,92,84,106
lgc-50,39,29,42,40,41,26
arrd-22,16,16,16,15,16,10
mrrf-1,47,31,40,37,53,38
T20F5.6,93,90,103,67,78,79
T20F5.7,25,15,27,28,19,26
T20F7.1,57,32,59,46,47,50
aakg-2,102,100,91,140,131,137
T20H4.5,381,285,272,299,276,330
pqbp-1.1,53,52,51,57,43,52
sma-10,28,18,20,27,34,37
T21D12.12,55,47,53,76,64,80
T21F4.1,161,130,121,130,170,180
T21H3.1,1248,1036,1139,1141,984,1324
T22B7.3,56,42,44,113,70,78
T22B11.4,296,257,287,254,234,297
ogdh-1,1381,1122,1252,1203,1163,1323
T22D1.3,376,327,303,323,273,368
ribo-1,626,505,496,534,515,656
ruvb-2,282,244,258,205,150,210
npr-12,38,36,27,29,32,28
T22E5.6,12,16,22,15,15,20
lron-8,62,45,48,64,53,71
T22F3.2,44,45,80,58,47,62
pygl-1,1193,1089,1205,1412,1275,1416
T22F7.1,33,30,25,27,29,43
T22F7.4,118,106,87,116,79,87
T22H9.1,107,90,84,80,75,94
atg-9,155,110,141,208,208,196
dmd-8,24,12,16,29,24,16
T23B3.1,99,74,89,88,71,104
T23B3.2,73,62,61,65,47,72
ckr-1,22,14,17,20,21,24
T23B3.6,46,37,28,29,26,34
phf-30,17,22,27,17,18,23
mrpl-4,176,180,128,142,137,168
mrps-2,100,79,95,74,67,87
natc-1,106,92,93,81,73,109
T23B12.6,16,15,15,27,24,18
T23B12.8,27,29,19,29,26,25
cnp-3,162,141,119,101,135,126
T23C6.4,29,35,25,21,20,26
T23E7.2,565,477,598,636,529,665
T23F2.2,82,51,64,59,79,83
T23F2.3,24,25,25,20,25,22
T23F2.5,11,11,16,22,12,24
T23F4.2,51,49,45,57,46,54
T23H2.3,79,61,78,88,67,72
T24A6.20,52,42,29,37,44,31
ucr-2.3,15,12,9,17,16,22
T24C4.4,24,24,27,21,15,38
zer-1,237,168,206,267,247,240
ztf-18,46,35,29,32,31,32
T24C12.3,49,29,35,54,40,54
lgc-40,34,31,30,24,30,30
eat-17,125,107,118,137,153,139
T24E12.5,22,28,16,22,15,23
T24E12.10,11,10,11,3,6,10
T24G10.2,77,75,71,81,83,98
T24H7.2,182,163,141,149,169,177
T24H7.3,48,44,41,45,44,46
tat-4,135,114,105,119,110,133
nep-22,982,827,905,827,759,984
mrpl-28,169,149,133,151,142,144
T25D3.4,51,56,56,64,66,69
T25D10.1,57,42,26,38,36,33
zig-10,15,24,20,18,15,10
T25D10.4,29,28,25,20,22,23
T25F10.3,36,23,14,30,24,21
clik-1,2159,1779,1649,2283,1971,2254
T25G12.3,24,17,23,17,19,27
acdh-7,277,166,155,426,315,305
T25G12.6,44,31,33,49,42,75
algn-1,43,33,43,46,39,42
jhdm-1,152,112,120,103,122,128
T26A5.6,50,50,43,63,53,35
T26A5.8,37,39,33,48,43,40
T26A8.1,47,55,56,54,56,56
T26A8.4,75,62,69,71,81,68
T26C12.1,218,225,205,214,205,239
lgc-34,254,231,231,226,246,224
slc-36.2,444,378,335,410,333,425
trak-1,220,190,193,184,156,205
usp-5,230,260,233,220,223,233
nmrk-1,86,70,74,75,83,62
T27A3.7,19,13,21,28,20,23
T27A10.6,16,15,16,95,66,55
cgr-1,125,71,91,94,99,105
nhr-228,41,48,32,35,34,32
T27C4.1,138,111,118,168,164,144
hpo-36,5,7,11,22,13,16
fip-2,45,47,49,67,45,60
T27E4.7,58,33,38,63,52,38
vps-24,102,79,86,117,80,99
shc-2,27,29,36,29,30,30
eif-1,354,267,320,340,248,317
T28A11.2,51,72,53,85,75,87
fbxa-64,16,20,30,27,33,37
T28B4.1,107,87,89,80,91,90
ttr-6,133,116,119,130,132,121
hic-1,78,102,78,116,87,116
T28C12.2,36,31,37,22,30,32
T28C12.4,428,373,360,332,450,480
T28D9.1,303,305,341,371,309,399
plpp-1.2,67,64,70,62,50,53
del-10,62,61,54,54,60,51
T28F2.2,23,16,18,30,25,26
jmjc-1,238,181,213,185,183,189
acd-5,9,20,15,18,13,19
T28H11.8,62,58,46,36,48,48
VC5.2,70,58,55,76,75,56
W01A11.1,93,73,65,60,40,53
cpt-6,30,32,25,52,39,55
W01A11.7,133,141,109,155,139,163
nol-58,1446,1322,1390,1109,975,1279
W01B11.6,320,263,250,452,416,421
set-19,30,26,25,22,23,27
W01C8.5,73,62,41,124,107,111
W02C12.2,48,55,59,40,41,36
hlh-30,537,578,545,435,511,604
cytb-5.2,103,71,68,56,73,89
dhod-1,121,74,83,109,86,137
W02D3.4,94,73,43,86,76,55
fnci-1,148,94,86,125,109,117
hrpf-1,86,64,60,97,82,100
W02D3.12,46,23,27,36,23,52
W02D7.6,29,29,25,24,29,41
W02F12.2,59,39,34,40,69,47
W02F12.4,36,43,35,38,33,56
dlst-1,529,396,428,457,423,475
sna-1,36,18,18,36,28,31
kel-8,32,28,34,32,32,47
W02G9.3,41,35,34,31,27,35
W02G9.4,49,64,60,46,54,62
angl-1,45,35,31,39,27,38
W02H5.2,8,9,13,6,8,12
W02H5.8,19,18,19,28,18,32
polq-1,16,6,7,13,10,13
W03A5.2,29,22,22,13,23,15
W03A5.6,74,59,47,70,68,73
trpl-2,18,17,32,23,29,26
W03D8.8,66,55,58,115,85,118
W03F8.3,63,44,59,44,40,65
W03F8.4,104,102,98,109,107,96
gpa-18,9,14,6,18,21,16
W03F9.1,389,364,297,326,242,388
W03F9.4,60,46,38,56,46,42
sftb-2,218,177,194,176,176,210
afd-1,219,191,221,178,210,253
W03G1.5,20,20,18,18,16,8
pig-1,45,28,25,35,30,42
W04B5.3,103,90,87,94,73,104
mrpl-30,120,90,79,79,68,98
W04B5.5,35,42,25,37,38,41
W04C9.2,85,69,56,61,77,71
W04C9.4,215,195,186,168,160,193
W05F2.4,125,83,112,90,127,131
W05F2.7,37,33,44,73,57,62
pck-1,1534,1623,1690,1310,1434,1505
W05H7.1,27,18,32,39,39,39
zfp-3,52,61,46,38,33,65
W05H9.1,813,720,704,793,590,553
W05H9.2,50,40,35,26,32,46
W05H9.4,29,20,24,24,31,18
W06B4.2,28,19,27,17,21,20
vps-18,70,67,87,55,61,92
atat-2,30,24,25,28,29,34
dct-11,59,52,55,51,50,63
W06E11.1,81,66,57,43,46,59
sbds-1,135,106,112,66,90,96
W06H8.2,14,12,10,10,17,19
W06H8.6,338,259,266,397,349,374
cpr-8,175,161,188,192,157,179
nol-2,862,639,697,505,444,567
W07E6.2,253,165,196,98,97,93
unc-132,108,75,84,83,94,86
zip-11,8,7,3,2,3,6
W08E12.7,1302,1101,1047,1351,1038,1379
W08F4.3,61,42,48,46,51,55
mlt-8,0,2,0,86,62,50
cdc-37,251,210,221,321,257,326
eri-3,8,3,7,2,9,12
W09B6.4,69,39,31,22,34,38
W09C3.4,48,48,51,70,49,56
ncs-6,24,29,24,25,30,25
W09G12.7,21,16,11,30,25,21
W10C8.4,43,40,31,48,51,51
W10C8.5,126,120,138,133,127,179
nfyb-1,38,44,54,34,29,49
tomm-22,198,164,164,172,144,184
lgc-45,32,23,22,33,29,34
W10G11.19,141,102,125,134,113,113
dnc-3,46,49,28,39,33,45
mgl-3,19,15,15,10,26,20
Y4C6B.1,15,10,10,21,14,21
Y4C6B.2,40,16,10,95,63,51
Y4C6B.3,16,25,23,46,46,17
Y4C6B.5,47,40,36,35,29,33
gba-4,360,242,265,274,261,274
Y4C6B.7,84,74,64,75,65,69
arx-4,200,203,196,176,182,212
Y8A9A.2,20,11,11,3,23,18
Y9C9A.8,40,52,43,30,27,39
Y9C12A.1,16,22,14,24,20,16
Y14H12A.1,28,17,16,22,15,20
Y14H12B.1,29,28,21,25,24,26
Y17G9B.5,35,38,25,35,31,38
Y18H1A.2,40,34,26,33,21,20
hgap-1,126,109,103,97,122,124
Y18H1A.4,57,40,44,30,42,39
crtc-1,82,61,55,65,80,94
gap-3,28,32,24,27,40,44
Y20F4.4,18,11,16,27,22,25
Y22D7AL.9,18,10,21,21,25,29
Y22D7AL.10,764,601,715,838,651,812
Y22D7AL.15,37,26,59,40,31,42
Y22D7AR.6,28,24,34,15,30,25
pid-3,70,74,58,81,82,118
Y23H5B.5,258,200,209,184,173,177
Y23H5B.6,139,131,152,71,97,110
ell-1,155,138,130,139,158,156
tald-1,596,483,534,411,370,468
copb-1,533,437,436,526,520,561
Y25C1A.7,77,88,101,103,89,106
Y25C1A.8,49,31,29,38,37,54
Y25C1A.13,71,57,76,103,58,95
nphp-2,22,13,22,19,17,17
zig-11,388,308,360,274,268,309
thoc-5,65,60,86,60,47,55
szy-2,173,109,122,205,143,155
paqr-2,103,96,94,153,133,150
Y32H12A.6,27,17,22,25,21,21
Y32H12A.7,58,50,47,42,44,40
Y32H12A.8,186,145,140,138,189,184
Y34B4A.2,16,18,19,12,17,16
Y34B4A.4,56,43,35,37,34,33
Y34B4A.5,16,13,9,25,8,23
Y34B4A.6,600,538,555,556,490,623
Y34B4A.7,30,26,31,24,29,26
rga-8,26,34,41,27,24,31
Y34B4A.9,287,282,308,246,199,304
Y34B4A.10,7,6,3,23,19,15
mrpl-38,251,190,221,234,214,264
npr-23,12,20,17,18,11,14
Y34D9A.3,21,17,26,11,14,11
glrx-10,135,134,143,153,113,180
Y34D9A.7,48,44,34,40,43,50
vps-4,213,183,200,166,152,202
spp-23,93,79,98,143,85,145
Y34F4.5,36,36,31,28,30,44
rev-3,9,12,14,13,10,5
Y37E3.1,34,35,36,19,20,32
rpb-10,57,45,49,47,39,55
moag-4,86,69,55,109,82,105
Y37E3.8,784,567,754,709,567,822
eif-2alpha,550,494,551,526,439,588
pcyt-2.1,223,215,234,258,175,183
iglr-3,20,18,15,19,14,15
fpn-1.1,28,19,23,18,14,20
Y37E3.17,812,723,754,804,699,848
Y37E11AL.3,50,43,37,37,38,51
fmil-1,46,53,51,27,36,40
taf-6.2,49,50,41,45,43,51
smgl-2,48,31,34,19,27,30
Y37E11AM.2,19,12,19,24,21,30
Y37E11AM.3,84,77,96,95,96,88
siah-1,78,52,40,97,80,87
nape-2,29,30,31,24,24,29
nape-1,13,9,7,8,13,11
ugt-45,138,127,126,62,41,60
Y37E11B.5,74,76,84,68,46,77
Y37E11B.7,11,14,10,22,6,10
Y37F4.7,26,20,20,15,13,24
smut-1,22,26,25,20,20,17
Y38A10A.7,41,46,28,59,36,47
Y38C1AA.1,57,53,63,62,58,69
pnc-1,74,55,58,71,52,71
Y38C1AA.6,45,33,27,36,30,32
Y38C1AA.9,44,39,53,37,32,30
prdx-6,94,67,59,50,45,53
Y38C1AA.12,18,9,11,19,14,18
cyp-29A3,15,25,16,10,4,10
nsy-4,135,110,104,159,132,193
trap-3,291,296,273,380,321,415
Y38F2AR.3,51,37,36,43,46,60
tftc-1,156,117,102,102,132,147
ppgn-1,106,84,102,78,75,92
Y38F2AR.9,143,147,147,166,155,215
Y38F2AR.12,111,120,105,102,121,119
ckr-2,53,53,36,64,52,52
Y39A3CL.1,79,52,55,37,27,38
Y39A3CL.3,77,93,86,99,69,91
Y39A3CL.4,50,48,60,47,43,57
Y39A3CL.7,88,50,49,60,57,61
ttc-7,58,48,56,57,44,51
hlh-33,77,60,51,68,62,60
rfip-2,81,88,102,87,84,83
zwl-1,75,35,45,81,72,104
ugt-31,44,34,37,23,24,34
eif-2gamma,438,348,343,354,325,391
Y39G10AR.9,16,11,12,8,11,16
epg-2,104,91,67,87,72,90
Y39G10AR.11,385,292,274,524,447,443
tpxl-1,93,55,78,83,65,81
sydn-1,12,13,15,4,14,17
dot-1.1,165,95,124,119,129,145
tbca-1,62,58,69,66,38,72
nsun-4,86,65,64,54,45,73
Y39H10A.6,28,22,20,33,30,35
lbp-9,393,273,260,414,398,484
comt-3,128,102,122,52,66,81
comt-5,34,35,21,22,20,14
Y40B10B.1,31,35,20,19,20,19
sqst-2,100,71,62,108,64,103
Y40D12A.1,23,21,12,18,13,23
ctsa-2,649,571,600,611,605,667
Y41D4A.4,289,240,254,260,283,320
Y41D4A.5,152,126,116,122,148,143
Y41D4A.6,21,16,25,30,25,37
Y41D4A.7,67,83,54,112,96,102
frpr-19,27,21,22,17,22,19
Y41D4B.4,32,26,22,20,24,24
Y41D4B.11,231,198,210,150,127,147
hpo-6,97,114,125,97,87,145
Y41D4B.17,37,26,32,50,41,57
nhr-274,69,39,55,61,57,56
aakg-3,13,15,14,5,9,15
gbb-1,36,29,30,40,45,43
Y41G9A.5,30,28,26,46,33,44
Y42G9A.1,36,24,22,41,31,55
Y42G9A.2,73,65,65,95,69,75
Y42G9A.3,204,220,263,150,176,170
mvk-1,404,384,360,416,366,433
wht-7,39,31,28,58,37,44
Y42H9AR.1,96,84,96,99,83,112
rabs-5,26,26,25,23,19,27
Y42H9AR.4,54,52,44,69,65,60
Y43B11AR.1,72,72,79,53,63,53
Y43B11AR.3,31,19,13,11,14,14
Y43H11AL.1,55,37,34,29,42,42
laat-1,153,147,116,118,94,123
trx-4,90,88,77,97,57,112
cdap-2,104,92,95,92,91,91
edc-4,131,88,87,118,101,137
zip-4,104,104,75,93,105,93
Y45G5AL.1,81,74,70,75,67,82
Y45G5AM.3,69,56,69,28,28,37
Y45G5AM.6,17,17,14,9,14,12
Y45G5AM.7,32,19,20,19,25,27
Y45G5AM.9,44,29,26,37,31,41
nuo-5,723,616,628,619,619,692
Y45G12B.2,42,53,39,44,37,42
Y45G12B.3,87,84,72,64,66,78
Y45G12C.1,20,14,23,17,21,19
clec-72,306,233,230,364,274,356
clec-76,31,33,39,20,15,23
Y46D2A.2,43,47,38,15,21,22
Y46E12BL.2,352,233,292,271,262,312
spsb-1,158,125,114,203,181,160
clec-205,21,17,16,13,12,20
ttc-37,52,52,48,50,46,63
Y47A7.2,267,395,422,336,296,344
Y47D7A.13,2,0,3,184,182,162
rft-2,51,42,27,47,43,48
Y47D9A.1,117,108,111,111,75,94
scpl-3,37,28,19,31,24,32
rde-10,53,35,29,24,42,40
Y47G6A.5,105,84,87,119,91,120
pcaf-1,43,41,49,41,48,55
Y47G6A.7,32,23,29,42,29,29
Y47G6A.9,98,79,81,68,74,100
ccep-290,8,11,6,8,9,8
Y47G6A.18,177,156,147,190,155,216
Y47G6A.19,109,85,108,57,66,59
Y47G6A.21,72,64,88,59,59,77
Y47G6A.22,89,82,82,72,57,81
mis-12,15,19,11,18,19,27
Y48A5A.1,66,70,61,59,49,57
Y48G1A.1,32,32,38,12,14,27
nol-14,276,188,234,146,148,194
Y48G1BR.1,21,9,10,40,38,37
pid-2,7,7,7,4,3,2
pgs-1,36,23,22,26,20,18
Y48G1C.8,92,46,47,68,70,73
Y48G1C.9,51,33,36,57,30,42
Y48G1C.10,35,29,42,38,42,33
herc-1,116,85,89,103,105,108
Y48G8AL.5,459,339,367,361,304,327
Y48G8AL.10,29,17,29,23,19,23
Y48G8AL.12,0,0,0,4,2,1
Y48G8AL.13,127,99,75,142,129,138
Y48G8AR.2,28,18,14,13,21,16
gcn-1,443,335,427,403,395,459
frl-1,124,88,81,78,113,101
Y48G9A.9,114,105,94,102,86,132
ugt-29,35,38,40,10,11,11
cyh-1,63,38,37,30,18,25
Y49F6B.2,356,195,225,71,63,73
Y49G5B.1,28,37,40,48,44,39
otub-2,78,60,67,80,97,74
Y50D4A.1,37,33,47,34,36,56
wrb-1,20,28,26,33,23,38
Y50D4A.4,25,24,22,15,24,23
Y50D4B.1,73,63,59,81,78,63
Y50D4B.4,137,142,136,325,264,375
Y50D4B.6,16,15,13,17,13,20
Y50D4C.3,67,61,48,57,57,51
Y50D4C.5,40,22,33,35,29,38
Y50D7A.1,25,14,11,16,26,21
xpd-1,40,52,54,53,51,55
Y50D7A.3,87,57,65,86,76,100
hpo-29,495,340,370,411,381,440
Y50D7A.8,38,29,35,47,55,46
taco-1,126,111,125,135,113,139
Y50D7A.10,35,37,22,41,31,38
Y51F10.3,47,33,30,33,33,29
Y51F10.4,21,16,34,17,34,27
hex-4,19,14,10,20,18,17
Y51F10.7,719,809,857,577,553,757
spe-48,61,63,55,35,37,58
alkb-1,80,66,56,65,53,68
cogc-4,66,60,43,52,70,63
Y51H7C.7,39,31,35,34,29,35
nol-6,345,232,227,189,158,187
Y52E8A.3,28,26,25,35,23,36
Y53G8AL.2,717,546,608,606,544,694
Y53G8AM.8,110,67,62,142,102,118
phf-15,66,50,55,57,40,53
ral-1,119,92,89,123,126,105
Y53G8AR.5,31,17,14,25,18,21
Y53G8AR.6,111,68,101,99,84,119
Y53G8AR.7,100,71,87,100,77,101
Y53G8AR.8,79,59,61,57,63,71
Y53G8AR.9,127,99,124,112,112,112
Y53G8B.2,39,39,49,85,72,50
nipa-1,93,74,79,116,110,104
txl-1,223,163,176,169,176,197
dnc-6,30,34,25,39,19,43
Y54E10A.6,84,79,75,60,60,67
mrpl-17,116,87,97,85,82,94
Y54E10A.10,366,352,394,305,239,308
Y54E10A.11,215,161,180,157,168,171
mab-31,66,69,65,40,63,76
Y54E10A.17,25,24,24,44,40,41
Y54E10BL.3,6,17,14,7,8,12
nduf-5,173,102,101,153,103,130
pign-1,23,26,28,31,18,17
Y54E10BR.3,104,83,75,113,85,92
Y54E10BR.4,224,186,172,199,154,197
sec-11,193,169,202,190,160,202
rpb-7,67,79,77,87,64,95
ztf-23,19,20,14,22,12,16
Y54F10AL.1,74,64,65,66,49,68
Y54F10AM.5,184,141,144,172,114,153
Y54F10AM.8,495,311,351,321,307,450
Y54F10AR.1,198,190,177,192,161,165
Y54F10AR.2,30,29,23,24,22,20
ppm-1.D,85,83,72,56,57,79
iffb-1,763,641,647,648,635,742
Y54F10BM.9,19,18,20,21,11,21
atln-1,329,267,289,325,295,290
samt-1,46,35,37,60,52,43
clec-85,245,227,240,151,158,208
Y54G2A.10,17,20,20,99,81,101
Y54G2A.11,146,111,89,260,206,187
clec-83,77,69,69,84,81,95
nprt-1,174,135,121,132,160,139
Y54G2A.18,224,245,243,241,199,259
manf-1,243,202,191,288,220,272
Y54G2A.26,263,217,221,291,306,301
ndnf-1,134,117,96,137,114,122
Y54G2A.32,95,112,123,161,124,153
clec-84,56,31,52,49,47,51
ser-6,16,3,5,15,13,15
Y54H5A.1,333,325,287,273,216,309
Y54H5A.2,189,181,151,131,90,119
rbm-42,73,40,42,67,33,46
oxy-4,30,34,37,18,32,29
gtf-2H5,35,25,25,35,31,38
helq-1,34,21,31,30,24,19
Y55B1AR.2,82,52,66,61,60,66
Y55B1BL.1,4,6,5,3,11,8
stim-1,146,128,151,119,112,143
Y55B1BR.2,8,10,15,12,13,14
magu-1,25,16,19,16,23,27
Y55D5A.1,15,11,14,24,17,20
Y55D5A.4,24,28,18,47,38,44
mrps-25,92,64,71,81,63,79
rbm-39,133,111,91,128,109,130
atg-3,104,80,70,143,111,130
Y55F3AM.5,36,16,25,11,13,21
immp-2,21,17,14,27,25,25
Y55F3AM.9,72,93,88,137,92,122
Y55F3AM.11,15,22,24,19,31,14
dcap-1,106,99,87,90,96,107
Y55F3AM.13,180,129,134,144,129,176
cox-18,89,64,69,73,56,83
Y55F3AR.2,103,75,81,111,95,111
cct-8,943,665,703,1135,910,1051
mrpl-46,125,112,105,120,103,106
zipt-15,173,155,156,176,146,157
Y55F3BR.1,103,81,79,66,55,98
Y55F3BR.2,9,8,3,20,20,25
Y55F3BR.6,80,62,66,78,73,58
lem-4,47,44,21,47,30,35
kvs-5,204,222,255,214,209,246
cutl-26,17,20,22,24,17,20
vha-19,1410,921,955,1011,942,1100
Y57E12AL.1,253,215,185,288,225,231
Y57E12AL.6,132,116,141,129,122,134
Y57E12AM.1,92,74,70,90,66,106
emc-2,118,95,68,85,79,137
Y58A7A.3,20,27,20,5,28,19
glb-32,24,15,22,15,15,20
lgc-26,49,29,19,38,30,45
npr-5,34,38,23,29,35,36
Y59C2A.1,38,32,35,36,18,29
Y59C2A.2,62,53,68,65,57,53
Y59C2A.3,36,23,38,42,44,47
npr-22,28,30,24,15,14,30
catp-7,316,218,177,612,385,417
Y61A9LA.1,38,27,37,21,34,35
Y61A9LA.3,97,90,93,98,118,107
sut-2,256,234,227,158,145,157
Y61A9LA.10,657,572,579,256,251,321
Y61A9LA.11,55,55,55,57,33,53
cus-2,85,76,75,74,51,63
Y65B4A.2,74,80,70,63,71,75
vps-20,76,66,64,57,45,55
Y65B4A.6,399,300,318,199,220,231
Y65B4A.8,34,34,36,44,33,44
Y65B4BL.1,30,35,33,42,53,44
deps-1,28,27,33,27,20,30
acs-13,320,279,334,260,293,334
icd-2,816,636,697,833,657,889
dpm-1,113,101,110,120,102,124
mrpl-55,49,53,50,48,45,45
Y66H1A.4,721,562,561,570,471,600
Y66H1A.5,144,115,119,118,114,115
fln-1,1411,1199,1174,1522,1410,1399
rep-1,58,55,45,51,65,71
Y67D2.2,43,35,51,35,43,35
cisd-3.2,241,177,202,220,177,215
Y67D2.4,17,16,18,18,10,10
ddx-35,29,22,25,8,27,23
Y67D2.7,43,51,51,51,37,40
Y67D8A.2,129,105,114,131,127,129
dmd-9,24,15,18,33,7,19
Y67D8C.3,51,32,37,26,32,26
eel-1,1079,778,884,650,875,924
cpg-9,56,44,48,54,34,39
Y67D8C.9,49,39,45,27,45,39
Y69A2AR.1,44,68,54,42,58,48
Y69A2AR.3,124,79,99,95,86,97
daao-1,23,26,19,24,21,33
vamp-7,84,50,34,68,59,80
epg-9,76,61,48,141,117,114
Y69A2AR.16,90,55,68,68,78,90
Y69A2AR.18,1054,765,845,900,782,1064
Y69A2AR.21,46,36,54,51,44,47
Y69A2AR.22,117,89,103,117,89,136
Y69A2AR.28,62,51,64,65,65,72
Y69A2AR.31,82,71,75,74,70,60
cdh-12,6,5,1,128,143,96
acsd-1,20,17,31,27,19,33
lgc-46,25,27,33,22,17,21
Y71F9AL.1,35,31,29,23,27,27
Y71F9AL.9,420,408,399,465,423,549
Y71F9AL.10,59,31,23,49,56,50
Y71F9AL.12,53,51,40,50,43,48
dnc-5,38,51,45,47,47,61
copa-1,611,523,528,569,581,731
cogc-3,97,71,73,57,45,57
trap-1,372,344,397,438,402,493
supr-1,16,21,21,20,18,23
Y71F9B.1,32,40,39,26,22,62
Y71F9B.2,53,43,34,40,31,38
yop-1,303,297,262,233,240,286
Y71F9B.6,21,17,17,19,26,26
lron-11,40,36,34,32,31,39
Y71F9B.13,59,55,68,69,71,87
hrpu-2,309,254,243,348,279,340
trpp-10,53,45,39,41,40,55
tub-2,87,60,57,75,89,78
chaf-2,43,36,39,55,51,68
pghm-1,358,339,329,350,325,336
Y71G12B.6,34,13,21,44,64,50
ddx-27,460,352,377,328,288,323
lin-65,101,85,80,74,64,87
Y71G12B.10,130,102,112,86,107,108
atg-5,85,68,73,77,57,87
Y71G12B.13,62,41,59,55,42,60
Y71G12B.17,23,13,30,26,21,15
mppa-1,271,217,242,310,224,279
Y71G12B.25,6,8,13,53,54,45
Y71G12B.26,11,11,8,19,9,19
Y71H2AM.1,78,54,55,47,39,54
Y71H2AM.2,59,68,55,60,59,61
Y71H2AM.3,128,103,86,153,128,117
Y71H2AM.4,214,189,179,241,178,242
cox-6B,534,474,484,526,472,590
Y71H2AM.6,37,30,25,27,19,32
set-27,159,127,136,206,162,173
Y71H2AM.9,79,89,63,62,63,67
Y71H2AM.10,35,26,36,23,25,26
Y71H2AM.11,243,189,248,250,233,279
Y71H2AM.13,231,215,228,190,149,244
Y71H2AM.15,140,91,109,109,126,130
pho-9,149,106,119,181,141,187
swsn-3,138,110,109,142,120,143
Y71H2AM.20,66,54,58,63,55,75
Y71H2AR.1,82,62,68,88,72,91
Y71H2B.2,88,80,93,94,69,85
ppfr-4,71,40,50,60,47,74
Y71H2B.4,77,84,88,84,90,90
Y71H2B.5,68,57,63,54,46,50
gpa-17,112,82,86,106,98,96
Y71H2B.8,16,23,10,24,12,21
pfk-1.1,734,612,621,696,735,769
fard-1,142,119,118,86,102,138
Y71H10B.1,451,320,376,334,322,413
Y72A10A.1,57,57,44,56,44,65
Y73B3A.1,6,5,3,1,3,4
Y73B6A.3,91,81,90,111,90,122
tyr-6,71,85,86,77,86,78
exos-2,52,45,35,32,41,37
ipla-6,232,169,144,281,263,226
sqd-1,245,185,240,180,197,267
shl-1,59,44,38,53,56,49
sfrp-1,70,71,63,56,77,52
acp-6,342,376,430,469,410,534
acp-7,28,22,35,23,12,20
lgc-10,33,19,20,22,14,20
Y73B6BL.27,47,43,48,80,64,65
blos-2,37,38,40,40,36,27
Y73B6BL.31,82,54,80,38,35,43
hrpf-2,122,92,78,142,119,128
nlp-71,28,34,30,24,24,31
Y73C8B.1,35,38,24,48,52,36
Y73C8B.2,25,32,28,38,23,35
Y73C8B.3,71,63,61,45,28,50
Y73E7A.1,68,74,55,66,56,80
Y73E7A.2,119,85,92,62,56,93
Y73E7A.3,22,25,36,19,20,33
cpx-1,176,185,154,168,134,171
Y73E7A.8,3,0,0,43,30,26
nlp-40,390,402,445,458,330,453
homt-1,56,53,57,50,35,56
rcor-1,36,32,36,17,26,29
sesn-1,86,61,75,46,43,60
Y74C10AL.2,45,68,58,61,51,66
abtm-1,286,248,253,208,203,224
lgc-27,8,6,6,42,33,21
glb-33,86,62,69,79,92,87
rga-4,84,74,59,71,92,93
Y75B7AR.1,0,0,0,22,25,20
xpc-1,98,75,85,83,82,83
Y76B12C.3,71,42,45,62,54,62
Y76B12C.6,31,22,27,25,33,33
cpsf-1,181,151,147,146,148,170
Y76B12C.8,22,20,26,20,22,20
hxk-3,277,236,231,288,245,270
Y77E11A.2,38,55,38,43,37,50
Y77E11A.7,142,120,133,170,124,138
Y77E11A.12,12,15,15,18,8,19
fbxa-79,37,29,30,24,22,29
fbxa-19,20,9,21,26,16,22
Y82E9BR.3,1124,1062,1281,1119,909,1347
pals-17,35,21,29,38,27,50
Y82E9BR.14,181,144,163,153,130,182
Y82E9BR.16,258,221,244,231,184,263
Y82E9BR.18,137,121,93,99,98,121
Y82E9BR.19,23,12,18,26,21,25
kbp-4,13,13,6,26,18,20
Y92H12A.2,46,50,49,58,52,79
Y92H12A.4,100,93,89,82,101,119
Y92H12A.5,75,34,51,35,56,74
Y92H12BL.1,136,127,137,94,104,88
Y92H12BL.4,51,36,45,24,30,36
Y92H12BL.5,24,25,25,54,20,45
Y92H12BR.2,40,41,28,34,31,49
Y92H12BR.3,274,212,232,266,249,257
set-29,76,58,69,52,52,59
Y92H12BR.7,12,7,7,13,17,16
mrpl-15,237,203,208,224,215,244
nhr-277,25,24,20,32,23,26
Y94H6A.3,17,15,17,23,16,16
Y94H6A.5,259,131,150,152,155,158
Y94H6A.7,22,27,29,23,22,28
Y94H6A.8,221,188,150,197,176,211
ubxn-2,76,78,80,86,84,92
Y94H6A.10,2590,2113,1922,2942,2227,2778
Y95B8A.6,17,19,22,17,27,18
Y95B8A.8,109,90,82,75,89,100
pde-6,106,83,77,90,96,87
prhg-1,54,54,62,45,47,46
abhd-12,47,31,22,36,40,58
natb-1,56,53,41,62,61,64
Y97E10AR.1,121,82,75,91,82,90
Y97E10AR.2,38,25,25,13,16,16
rpb-9,77,69,64,90,50,86
Y97E10AR.6,227,182,187,303,250,275
lmtr-2,59,48,61,77,54,58
Y97E10C.1,8,4,3,3,3,4
Y102A11A.2,19,18,25,28,29,36
Y102A11A.3,73,63,69,49,73,73
igcm-4,42,25,44,41,37,45
wdr-4,126,106,109,101,100,100
nhr-41,90,49,61,109,81,88
plst-1,325,262,213,259,218,273
Y104H12D.2,23,22,21,21,23,12
spl-3,140,135,126,142,137,146
Y108G3AL.2,67,53,55,36,31,46
cfap-36,34,37,24,27,23,28
Y110A2AL.4,1,0,1,1,1,0
hpo-20,21,12,20,22,19,22
pinn-1,79,89,72,83,68,85
ubc-26,37,28,27,36,30,39
ncap-1,76,46,39,64,59,57
tyms-1,82,90,93,97,69,119
pfkb-1.1,197,142,140,201,228,220
Y110A7A.7,10,19,11,16,12,10
prp-31,135,110,118,79,91,115
Y110A7A.9,66,54,48,48,53,71
use-1,25,26,17,36,22,25
elpc-1,222,159,175,140,163,184
Y119C1A.1,45,27,35,32,26,39
Y119C1B.3,25,21,11,17,17,17
mrpl-19,206,178,189,188,172,210
rnf-145,75,61,66,110,57,90
Y119C1B.6,30,34,26,35,24,27
bet-1,245,203,188,236,212,195
zig-9,88,87,84,98,72,88
Y119C1B.10,44,28,36,46,41,34
orc-3,24,22,26,34,36,41
Y119D3B.12,137,107,94,117,89,116
Y119D3B.13,24,23,23,32,28,22
Y119D3B.14,39,34,34,26,30,30
dss-1,162,161,139,170,121,168
mrpl-45,272,172,189,223,163,214
fbxa-92,21,22,17,33,16,17
Y119D3B.21,336,313,399,312,230,451
set-30,80,57,65,102,62,70
lfi-1,1126,805,918,823,1019,886
ZC8.6,56,48,59,40,46,65
ZC13.1,17,25,21,21,24,21
ZC21.3,119,124,86,110,118,137
ttr-48,128,92,114,159,105,143
mtx-2,84,77,94,73,72,91
ZC123.1,4,7,5,51,48,22
zfh-2,147,110,111,133,135,131
ZC123.4,40,37,31,36,35,39
morc-1,67,69,58,57,63,72
syx-16,33,19,24,24,29,23
ZC190.4,164,152,169,190,200,171
ZC196.5,32,22,17,22,20,30
duxl-1,10,10,14,22,14,12
ZC204.12,62,47,46,50,61,73
ZC239.6,38,32,22,35,51,41
ZC250.2,11,17,16,18,22,16
ZC262.2,66,67,64,63,60,66
iglr-2,235,195,225,188,203,227
mrps-18A,105,79,84,130,95,100
cuti-1,4,1,3,40,50,36
klu-2,28,38,22,26,19,35
ZC328.3,59,35,72,41,56,51
ZC395.5,94,67,57,158,107,106
ztf-8,98,75,83,113,86,102
daf-41,721,602,636,1049,758,1033
gck-2,44,26,31,42,37,34
madf-9,31,31,41,15,25,28
ltah-1.2,190,213,168,166,168,194
sek-3,103,63,58,52,49,49
ZC449.4,22,14,8,17,13,15
ZC449.5,259,230,256,247,238,257
ZC477.3,105,93,74,68,79,96
rde-8,23,17,17,21,16,13
ZC487.1,15,7,7,17,12,17
algn-12,27,38,36,26,52,33
nekl-2,24,17,11,30,28,25
ZC581.3,30,22,29,36,26,29
ZC581.9,59,49,43,59,58,35
ZK6.6,46,33,29,37,28,37
lipl-5,474,430,489,340,315,382
dod-19,872,873,1045,850,851,1161
ZK6.11,512,478,524,752,612,959
acl-9,102,116,116,151,113,109
slc-17.1,42,33,44,36,39,40
ZK84.1,31,32,33,7,7,15
ZK105.6,11,19,9,50,40,41
glrx-21,55,49,43,44,39,48
ZK121.2,132,112,99,111,114,119
ZK154.1,290,258,266,219,177,186
ZK154.4,65,61,57,69,54,80
ZK154.5,63,43,46,53,52,49
ZK154.6,26,14,17,29,29,19
npp-24,132,95,84,80,82,71
ZK177.8,183,153,165,175,129,141
gbb-2,64,57,45,43,71,55
rfth-1,62,25,42,48,51,43
sar-1,218,191,180,236,193,229
ZK180.5,3,0,1,278,235,160
ZK180.6,0,1,1,62,43,38
ZK185.3,133,86,125,85,62,85
gcna-1,29,20,23,21,17,19
ZK328.6,34,20,25,35,29,42
ift-139,18,8,16,4,16,8
cyy-1,46,31,33,40,40,42
cutc-1,43,42,26,29,44,28
ubxn-4,74,62,65,74,64,80
ZK353.9,53,36,39,48,29,39
ZK355.2,55,56,56,49,45,70
hipr-1,245,182,208,216,212,229
ZK370.4,320,219,184,437,347,325
pdhk-2,165,126,131,197,182,204
ugtp-1,24,23,29,24,28,31
tomm-70,504,405,442,402,361,438
prkl-1,44,21,19,23,23,24
ZK418.5,56,50,50,50,46,69
ZK418.6,22,16,19,26,22,20
fubl-2,168,152,164,159,144,203
toe-1,352,251,262,230,213,236
ZK430.7,165,137,133,111,107,120
mlt-7,224,193,187,250,254,242
ZK470.2,142,128,133,145,107,140
oaz-1,240,168,149,234,228,211
ZK484.3,115,100,98,157,125,137
ZK484.4,70,61,66,89,81,80
ZK546.2,149,112,105,132,137,151
ZK546.5,20,25,31,28,30,16
ZK546.14,388,348,386,269,258,305
cblc-1,66,46,41,55,57,85
acp-1,45,47,44,33,37,34
ZK616.3,28,17,21,19,14,24
swsn-6,91,87,73,109,103,118
perm-3,86,71,76,93,72,85
pmt-1,862,634,690,801,766,996
ZK622.4,76,45,60,56,61,54
tomm-7,98,68,82,88,71,116
ZK652.6,60,52,63,67,59,59
ZK652.8,22,21,19,36,18,34
tag-307,80,66,66,84,53,75
slc-17.7,41,66,64,27,37,35
lron-2,2,2,2,37,30,8
ZK686.1,5,3,1,2,1,7
ZK686.2,175,146,133,117,91,112
ZK686.3,417,333,346,456,387,513
snu-23,78,64,65,81,62,67
best-24,244,176,189,250,281,261
fahd-1,95,83,74,72,80,87
ZK688.5,123,94,103,94,87,115
pcp-5,255,213,178,270,225,239
ZK688.7,13,9,8,25,19,27
ZK688.9,46,49,43,16,28,23
nhr-256,27,14,24,19,21,28
uvs-1,22,14,13,18,19,14
ZK742.3,64,62,86,32,34,47
ZK742.4,138,138,128,41,58,56
fbn-1,22,14,8,226,249,163
upp-1,455,342,359,351,314,398
ZK813.4,34,30,27,35,30,47
ZK973.1,34,36,39,39,37,35
cec-10,63,54,47,61,62,62
pdp-1,46,39,56,54,46,53
ZK973.9,13,18,24,23,21,25
ZK973.11,95,95,95,84,88,92
ZK1055.6,47,45,52,20,27,35
ZK1055.7,296,234,238,64,89,106
ZK1127.3,42,39,31,32,28,38
ZK1127.4,179,172,169,140,104,132
ZK1127.5,111,72,89,50,56,60
tcer-1,254,194,202,151,174,150
cth-2,629,559,582,260,273,309
ZK1193.2,105,96,87,132,125,150
dve-1,78,56,68,94,99,86
ZK1236.1,47,20,39,35,37,36
ZK1236.5,93,73,78,103,59,80
ufbp-1,148,148,122,174,135,161
ZK1240.2,25,21,28,28,20,30
tbc-2,79,49,72,43,45,50
ZK1248.11,49,47,44,43,48,46
ZK1248.13,24,15,23,21,18,22
ZK1248.19,20,14,21,24,11,22
ZK1290.5,210,155,130,152,108,158
ZK1290.13,28,27,23,46,33,40
rpl-41.1,30,13,13,22,17,27
rpl-41.2,219,126,101,231,183,243
plr-1,23,18,21,12,19,19
sor-1,172,118,121,178,156,136
cex-1,67,51,39,47,40,54
cex-2,101,78,77,130,102,100
mbd-2,31,26,20,34,35,39
F16C3.3,8,9,3,7,15,7
R06F6.12,35,35,16,46,30,34
F53F4.16,22,12,16,28,24,18
rde-11,33,28,28,25,39,46
mrpl-21,152,105,133,118,100,133
K12B6.9,59,64,63,89,65,59
ttr-49,44,21,29,70,35,45
mrps-24,76,81,78,85,91,72
F42A10.9,41,32,35,29,25,48
tsp-21,7,11,14,13,20,17
lin-15B,98,64,80,92,89,78
lin-15A,20,23,31,27,25,14
C11H1.9,79,59,66,82,95,99
F26F2.8,21,15,24,27,26,17
oig-4,35,35,31,25,29,24
M142.8,31,25,22,27,22,27
R144.12,56,36,46,37,39,30
clec-80,29,29,25,39,26,42
nbet-1,32,23,32,31,35,36
C02D5.4,249,249,241,236,180,236
C27F2.9,63,50,61,77,63,70
C39D10.11,15,14,20,16,5,18
C44C10.11,21,22,16,13,19,23
C07A9.12,27,27,25,18,16,19
ZK1320.13,35,46,43,46,32,45
gip-2,58,42,53,69,64,62
ZK822.6,36,29,33,34,28,23
C55A6.12,56,71,55,77,69,91
T01G1.4,48,37,39,36,41,40
cisd-1,190,175,196,214,171,256
C05D12.7,21,14,10,19,25,24
sfxn-5,79,71,62,73,68,86
tbc-12,39,23,27,25,29,31
bpnt-1,78,86,77,91,76,99
tag-229,24,22,30,26,24,25
syd-9,139,90,93,137,112,108
hat-1,78,63,70,72,52,70
set-18,216,154,161,290,225,207
dhhc-14,23,18,24,24,33,36
ham-3,58,43,62,83,78,67
tag-244,62,43,59,28,35,54
tag-232,87,82,89,91,92,105
tag-243,69,56,47,83,74,59
tag-241,86,72,75,87,94,87
D1086.12,26,27,21,16,21,15
tin-9.2,28,25,25,16,17,15
fitm-2,159,134,136,166,158,187
F58G6.9,249,218,240,244,202,308
K02E11.10,0,0,0,51,43,24
C23H4.8,51,41,55,14,17,23
D1025.10,28,23,33,24,24,19
K09E9.4,16,16,18,30,26,20
C30G7.2,28,19,32,37,40,29
F43D2.6,51,57,61,85,59,54
suds-3,17,13,16,24,19,28
Y51A2D.21,36,45,32,26,18,33
F41G3.18,19,15,17,23,26,14
C17E4.11,40,37,22,17,16,7
Y87G2A.19,57,53,40,57,49,52
W02A2.9,20,18,21,31,25,31
C25F9.10,17,18,9,14,18,30
C01B10.11,302,257,237,326,251,346
F10C1.9,246,160,178,184,133,185
rad-8,82,71,88,88,87,91
H20J04.9,52,34,30,45,30,27
F41G3.21,25,28,26,20,20,22
tag-267,34,27,36,46,22,46
tag-266,16,14,17,21,11,19
mrps-30,233,197,202,204,177,244
tag-280,36,21,25,26,15,32
tag-281,12,10,22,16,17,26
ufm-1,37,43,33,56,37,50
tag-321,33,18,18,34,24,22
tag-322,58,43,39,74,57,49
cpsf-4,38,38,31,45,22,32
alr-1,54,23,40,24,41,34
mrpl-39,148,139,115,120,103,158
Y48G1C.12,25,20,24,23,26,27
Y73B6BL.44,46,45,48,31,23,32
C27D6.12,42,47,46,87,55,64
ZK1290.14,95,63,60,73,85,102
Y55B1BR.6,44,36,40,47,43,38
fbxa-219,18,11,9,22,19,26
C08G5.7,29,26,23,24,42,28
W10C8.6,27,23,23,30,18,22
Y51F10.11,31,31,15,28,25,21
adpr-1,29,18,21,29,25,26
Y102E9.5,21,19,23,24,19,17
F23F12.13,43,32,26,21,23,32
Y48A5A.3,19,28,10,19,21,15
R05C11.4,63,64,44,48,44,53
Y69A2AL.2,35,28,26,28,28,37
clec-173,134,128,129,130,121,111
ZK185.5,40,37,35,16,16,23
F29B9.12,16,17,12,7,10,14
H06H21.11,33,29,32,17,19,20
Y54G2A.41,24,31,23,30,25,28
Y54G2A.45,254,233,277,211,211,235
T19E7.6,43,51,42,47,30,55
nsy-7,46,37,32,49,34,35
nlp-70,2,15,3,12,12,12
R09E12.9,25,19,12,6,28,11
T23B12.11,20,17,15,9,14,15
ntc-1,8,14,19,16,17,19
T10F2.5,25,23,24,22,16,18
ttr-36,69,53,49,60,54,60
K02A11.4,49,29,26,37,21,28
glrx-22,49,49,61,59,55,56
tbcc-1,22,18,20,13,18,16
bus-8,3,2,3,31,37,22
B0393.9,19,19,13,27,19,9
rft-1,40,30,39,24,33,38
F23A7.8,0,0,1,0,0,0
B0432.14,16,18,15,24,18,16
B0205.13,36,44,36,15,18,26
Y71G10AR.4,237,189,174,201,202,237
egrh-3,57,25,34,51,45,66
F33G12.7,32,24,19,26,24,30
ZK353.10,31,19,26,36,18,21
flp-28,12,11,16,9,14,15
arid-1,75,62,65,59,72,68
F52E1.14,285,245,260,337,327,387
K09F5.6,112,97,107,101,96,92
AH9.6,15,22,12,23,11,25
metl-2,31,28,25,40,27,35
R02E4.3,1,1,1,54,29,19
T03G11.10,6,4,5,6,3,5
ttr-45,163,179,161,165,120,151
crb-3,15,19,26,26,21,23
Y62E10A.20,31,29,20,23,20,26
C53H9.3,53,60,44,46,37,42
pals-19,33,37,20,14,25,42
ZK688.11,24,20,16,10,26,13
C53C11.5,23,16,20,34,24,23
F16B3.3,19,16,13,20,11,16
T10H9.8,25,14,14,42,27,26
F13H10.8,86,76,82,85,70,108
T07A9.14,19,20,26,12,16,16
F59C6.14,19,22,13,26,26,26
F13E9.13,18,17,15,26,23,16
F12E12.11,32,22,22,7,7,3
T07C4.12,18,14,27,20,12,21
Y41G9A.10,12,6,10,18,19,30
F40F8.11,84,61,59,56,59,74
F53C11.9,39,36,35,28,29,31
M106.7,44,48,40,48,28,41
Y49A10A.2,20,38,26,22,21,30
W01A8.8,29,22,24,38,25,35
Y37A1B.17,203,146,140,155,150,156
K12C11.6,34,10,9,30,18,21
Y37A1A.4,32,28,33,22,30,27
aho-3,52,47,50,48,44,48
F13E9.15,38,45,28,51,59,46
Y110A7A.21,34,20,16,27,27,18
C29E4.15,4,5,7,30,21,29
T07A9.15,18,21,26,17,22,25
F18E3.12,18,40,22,46,50,75
F18E3.13,53,91,82,92,91,181
C45B11.6,29,15,20,39,22,30
sup-46,166,112,102,146,138,133
nlp-76,10,16,22,14,18,17
K09H9.8,52,44,43,70,76,73
C38C3.10,17,20,12,30,17,17
Y54G2A.52,27,15,14,41,24,25
C25F9.11,118,78,64,89,101,99
C25F9.12,17,14,13,31,26,28
F15B9.10,217,231,254,217,182,240
lsy-12,79,65,65,70,96,87
F49D11.10,334,271,259,191,156,205
F26G1.11,25,19,24,43,15,31
C25F9.14,29,30,36,31,35,29
oxy-5,91,73,68,94,70,96
F10A3.17,101,95,91,92,86,118
Y69H2.15,30,17,20,19,20,29
T10C6.15,36,23,14,23,17,15
Y70C5A.3,39,21,15,33,28,32
R02D5.8,10,16,21,13,21,15
C33F10.14,75,52,52,54,54,66
C14A11.9,47,45,39,36,30,39
M03A1.8,55,28,28,22,19,35
maf-1,13,11,8,21,20,26
C41G7.8,35,14,26,35,23,26
C25A1.16,18,18,9,11,11,8
trpp-1,28,22,26,18,20,25
M106.8,25,12,22,26,22,22
mtp-18,38,35,30,41,30,43
T04C12.11,105,84,94,158,124,141
poml-3,29,29,29,46,28,50
E02H4.7,26,13,16,31,22,18
zip-9,4,3,9,6,6,18
F59C6.16,29,24,27,56,63,51
M04D5.3,40,40,32,41,32,39
C41G7.9,281,264,264,304,266,332
cil-1,43,36,43,34,36,41
C08H9.16,14,13,22,25,16,15
F38A6.5,35,31,27,31,26,20
T04A8.18,18,13,18,23,21,12
F52C12.6,35,39,49,23,35,37
F58H1.8,18,15,25,19,10,18
Y53C12A.10,21,24,22,23,26,27
F56A8.9,23,12,22,24,23,31
F17C8.9,79,65,61,82,87,96
Y54G11A.17,110,93,98,105,80,106
F40G9.17,51,49,36,37,32,53
W10D9.6,64,52,57,49,36,60
F45H11.8,33,22,27,25,13,23
F47G3.4,49,41,55,52,50,39
C25H3.17,31,23,26,24,15,28
C33D9.13,40,34,39,18,16,16
R09E10.13,34,32,25,78,58,51
T02C12.5,20,34,25,24,35,34
C53A5.16,18,21,19,16,13,16
C53A5.17,35,27,30,28,26,27
F19B10.13,22,13,17,0,0,3
ZC513.14,12,7,16,29,26,24
T27F7.4,8,9,9,19,12,14
coa-1,25,21,26,19,16,29
Y59E9AL.36,31,17,30,22,20,31
Y43F8B.24,31,21,22,13,21,23
C07B5.8,12,12,11,36,21,26
ZK1127.13,19,16,16,12,13,17
emc-5,28,17,21,23,28,24
F27E5.9,29,19,25,19,18,28
best-19,41,33,36,48,32,36
F14D2.19,15,13,22,9,13,12
R74.10,26,24,26,30,27,32
Y39G10AR.32,20,27,24,40,22,26
C17E4.20,34,20,24,46,31,32
C02B8.12,15,15,19,20,24,25
Y54G2A.75,73,41,63,77,53,80
C01G5.25,10,10,7,18,16,20
F54H5.14,23,22,26,23,17,28
R06F6.14,43,45,53,62,40,56
sqst-5,20,16,13,27,28,31
Y62E10A.23,19,11,14,16,18,13
Y65B4BM.3,4,0,1,44,42,34
F49E8.8,4,7,12,7,12,4
C42C1.19,33,23,20,28,34,37
F53E2.2,210,141,192,134,177,187
Y37E11AM.4,11,32,20,25,11,23
C24G6.13,38,23,22,22,22,32
H06H21.37,24,28,28,24,25,28
F53G2.12,51,50,41,50,39,34
C37C3.18,185,154,156,215,171,203
Y48E1B.17,10,6,9,8,6,7
mrpl-42,62,42,44,38,35,55
F17C11.26,65,70,79,123,109,103
F20C5.11,21,15,16,17,17,38
F02A9.10,362,270,275,340,279,354
K07F5.22,21,34,26,27,17,25
T20D3.14,57,55,54,65,44,50
C25A1.20,26,25,20,19,13,18
C07G2.5,5,21,13,28,14,32
R07E5.19,34,21,31,36,36,39
