gene_symbol,Aux_rep1_RNA,Aux_rep2_RNA,Aux_rep3_RNA,noAux_rep1_RNA,noAux_rep2_RNA,noAux_rep3_RNA
aap-1,12,7,6,12,1,12
aat-1,0,6,2,2,3,1
aat-2,16,13,12,8,5,5
aat-3,21,45,39,22,26,19
aat-5,36,43,50,32,33,29
aat-6,4,23,21,6,4,11
aat-9,12,4,5,3,8,14
abf-5,8,12,21,11,20,13
abf-6,7,7,12,11,12,5
abl-1,18,23,26,17,31,11
abt-2,69,119,93,65,77,93
abt-4,65,92,89,33,60,43
abu-8,3,1,1,9,16,5
ace-1,9,13,6,2,10,2
ace-2,22,27,24,25,15,23
ace-3,10,18,30,11,16,6
ace-4,3,0,5,4,1,1
acn-1,9,10,12,15,36,18
aco-1,315,538,458,318,344,363
aco-2,448,437,486,438,446,286
acr-8,9,8,17,1,0,6
acr-12,1,8,1,0,3,2
acr-19,4,6,13,5,9,3
lgc-11,5,3,1,1,3,4
acr-23,6,3,3,0,0,3
act-1,111,173,151,112,128,147
act-2,82,66,115,141,150,100
act-3,80,84,99,88,81,64
act-4,1820,2426,2407,1704,1954,1694
act-5,1053,1069,1356,855,1141,652
acy-1,42,48,72,40,22,31
acy-2,0,3,14,0,0,3
acy-3,13,14,29,29,29,19
acy-4,19,6,10,14,9,3
add-1,6,6,15,7,9,5
add-2,6,4,8,13,8,6
adm-2,31,37,40,28,31,32
adm-4,9,15,14,13,7,6
adr-1,59,89,65,58,62,62
adr-2,3,2,21,7,12,6
ads-1,95,68,71,83,102,61
adt-1,1,7,5,10,11,2
adt-2,40,66,81,80,70,62
aex-1,2,4,0,3,4,3
aex-3,29,30,31,18,26,18
aex-5,21,10,15,12,21,12
aex-6,4,10,7,11,8,1
age-1,21,49,19,13,14,17
ags-3,20,10,19,22,28,17
agt-1,3,0,2,2,2,2
agt-2,2,2,1,2,0,3
aha-1,6,3,24,12,10,8
aip-1,82,59,77,44,78,35
air-1,5,11,5,7,4,2
air-2,3,4,4,3,5,2
ajm-1,220,180,217,185,208,173
aka-1,39,50,53,44,40,30
akt-1,27,15,23,21,22,17
akt-2,36,24,20,36,37,17
alg-1,98,91,113,69,97,92
alg-2,43,78,54,33,60,57
alh-1,188,202,246,99,171,140
alh-3,35,38,51,52,53,26
alh-4,54,55,55,58,75,59
alh-5,16,18,24,14,16,2
alh-6,108,118,125,58,80,41
alh-7,35,50,38,31,29,32
alh-8,630,590,790,568,650,441
alh-9,57,43,66,84,106,34
alh-10,6,4,4,6,14,4
alh-11,10,14,10,15,9,5
alh-12,170,221,215,102,141,145
aly-1,28,16,21,11,20,8
aly-2,25,20,18,29,32,7
aly-3,20,37,25,26,27,23
ama-1,319,349,346,159,178,186
amt-1,7,4,3,0,1,0
amt-4,29,25,42,24,21,9
amx-1,10,7,8,10,14,8
amx-2,6,4,14,13,13,4
anc-1,414,332,385,277,297,363
aos-1,12,7,7,4,9,2
apc-2,10,2,3,2,7,5
ape-1,20,8,24,17,14,10
aph-1,8,6,7,0,8,6
aph-2,7,9,17,4,14,7
apl-1,272,334,393,353,395,220
apm-1,32,37,38,43,45,24
apn-1,4,9,4,2,11,9
app-1,27,22,19,15,18,20
1-Apr,16,17,23,10,18,7
aps-2,0,3,4,2,4,1
apg-1,93,117,122,77,101,95
aps-1,7,6,12,7,3,7
apb-1,76,105,118,70,97,75
apa-2,41,47,37,27,49,22
apd-3,12,13,30,18,6,15
apb-3,39,41,35,31,31,23
apm-3,4,4,2,10,3,4
aps-3,2,10,9,4,5,9
apt-9,3,2,5,6,6,3
aqp-1,13,31,39,19,33,16
aqp-2,160,160,215,139,144,120
aqp-4,5,21,7,7,6,9
aqp-7,330,440,470,356,373,224
aqp-8,21,30,21,22,21,15
aqp-9,5,14,11,9,10,3
aqp-10,15,26,23,13,16,14
aqp-11,26,32,35,18,16,11
arc-1,18,13,10,17,20,8
ard-1,58,100,108,78,77,56
arf-1.2,56,57,69,68,77,35
arf-3,65,78,69,66,90,45
arf-6,7,14,15,13,13,7
ark-1,63,45,70,39,53,41
arl-1,4,0,0,2,1,3
arl-3,8,0,0,1,4,5
arl-5,0,7,0,1,1,0
arl-8,13,16,20,19,20,10
arr-1,5,6,8,10,14,8
aars-1,10,12,9,16,15,3
aars-2,184,220,212,137,172,149
art-1,128,217,205,123,175,92
arx-1,11,27,43,21,31,9
arx-2,20,22,17,9,25,21
arx-3,35,44,36,41,36,22
exos-4.2,7,13,11,3,9,7
arx-5,12,15,9,8,19,13
arx-6,12,27,18,25,20,17
arx-7,9,17,19,13,13,18
asb-1,6,7,0,7,10,7
asb-2,230,179,281,210,250,122
trip-4,16,6,22,16,16,10
asg-1,4,2,10,12,8,2
asg-2,36,59,56,36,51,18
asm-1,5,10,4,8,8,3
asm-2,14,3,6,5,3,8
asm-3,0,3,1,0,1,5
asp-1,2071,1879,2692,2041,2276,1668
asp-2,316,286,374,255,296,207
asp-3,703,941,1026,814,935,649
asp-4,27,39,36,39,51,35
asp-5,338,366,398,390,459,310
asp-6,644,567,853,661,765,520
atf-5,21,18,24,38,30,23
atf-6,10,10,10,8,15,12
atf-7,201,119,158,177,215,117
atgp-1,68,61,68,60,47,28
atgp-2,43,36,42,38,27,19
atl-1,56,20,51,12,21,13
atm-1,39,57,52,57,45,19
atn-1,144,197,152,127,138,113
atp-2,1767,2503,2353,1847,1924,1829
atp-3,432,475,481,428,505,308
atx-2,129,159,164,133,145,97
avr-14,6,8,5,15,6,6
avr-15,20,7,12,11,6,3
baf-1,13,15,11,8,14,3
bag-1,8,21,11,17,32,17
bam-2,42,52,37,28,27,27
bar-1,10,8,10,11,8,6
bas-1,12,18,10,10,26,18
pah-1,43,58,43,31,29,31
bca-1,35,46,20,42,50,32
bcc-1,0,1,0,0,1,3
bec-1,46,26,36,28,44,16
ben-1,25,36,35,29,16,12
bir-1,3,3,0,4,1,3
bli-3,11,14,21,17,13,9
bli-4,45,40,40,49,39,39
bmk-1,6,14,21,28,37,12
bpl-1,25,33,21,10,15,16
bra-1,9,4,4,10,11,4
F23H11.5,214,325,265,179,243,201
brc-1,0,3,5,7,1,0
brd-1,2,4,1,1,4,4
bre-1,19,56,40,28,31,20
bre-3,65,99,78,51,38,69
bre-4,5,19,21,4,8,10
bre-5,5,4,8,2,4,6
brf-1,14,26,20,16,24,21
brp-1,179,185,163,177,184,89
btf-1,30,38,47,25,17,15
bub-1,20,22,23,13,23,19
byn-1,179,206,174,127,133,122
cab-1,182,107,133,125,140,83
cah-2,16,8,12,15,2,8
cah-3,55,53,46,29,48,24
cah-4,36,50,55,44,69,36
cah-5,32,43,47,26,44,21
cah-6,34,48,71,37,35,36
cal-1,3,0,5,3,3,0
cal-2,8,6,27,4,13,1
cal-3,1,1,0,0,0,0
cal-4,11,15,9,5,15,0
cam-1,24,25,38,41,22,6
cap-1,28,16,52,23,28,20
cap-2,71,51,66,89,74,70
cas-1,25,64,41,28,38,26
cat-1,3,6,5,7,3,7
cat-4,6,7,6,3,10,1
cav-1,4,8,7,1,2,4
cav-2,6,10,0,1,4,5
cbp-1,187,126,200,136,145,128
cca-1,50,60,58,42,21,27
ccb-1,14,25,18,9,12,11
ccf-1,18,34,29,24,40,27
ccg-1,69,57,65,67,90,50
cox-5B,68,78,88,79,66,58
cyp-14A5,6,3,12,2,3,0
cyp-44A1,6,9,10,11,9,8
ccr-4,21,26,27,25,10,25
cct-1,230,291,265,303,294,253
cct-2,137,119,142,168,176,89
cct-4,194,175,210,198,243,164
cct-5,306,369,435,319,348,306
cct-6,217,256,236,265,319,209
cdc-6,10,1,4,4,8,9
cdc-14,36,22,32,32,42,24
cdc-25.1,4,7,11,7,6,4
cdc-25.2,5,8,9,11,9,4
cdc-42,70,78,69,49,62,57
cdd-1,21,21,21,15,23,7
cdd-2,0,0,0,3,0,1
cdf-1,25,15,29,19,17,7
cdh-3,9,6,3,4,16,1
cdh-4,151,96,159,112,114,121
cdh-7,1,0,0,10,14,3
cdh-10,2,4,0,10,14,9
casy-1,204,234,245,212,214,148
cdk-1,21,36,27,18,16,17
cdk-4,4,3,8,1,1,1
cdk-5,1,18,3,11,5,10
cdk-7,9,5,8,1,3,2
cdk-8,5,6,14,4,4,9
cdk-9,15,24,24,18,13,8
cdl-1,32,79,70,45,83,37
cdr-1,8,5,9,2,3,7
cdt-1,16,10,8,9,9,7
cec-1,27,14,25,31,19,14
ced-1,36,38,32,33,24,28
ced-2,4,0,1,3,4,0
ced-3,4,4,8,0,9,8
ced-4,1,3,6,3,8,4
ced-5,35,52,33,27,33,35
ced-6,12,29,12,19,10,12
ced-7,60,55,72,48,44,34
ced-9,9,4,17,22,7,12
ced-10,24,25,17,10,12,9
ced-11,0,4,7,9,8,5
ced-12,10,0,2,9,5,3
ceh-13,6,0,2,3,2,5
ceh-16,3,5,3,3,8,4
ceh-18,17,12,27,14,16,11
ceh-20,7,17,26,13,16,4
ceh-23,10,4,11,7,7,11
pros-1,32,23,18,11,22,12
ceh-27,4,9,7,2,11,10
ceh-32,19,21,15,11,17,15
ceh-34,3,1,3,3,6,1
ceh-37,2,4,13,2,8,6
ceh-38,71,78,66,68,73,44
ceh-39,1,0,5,4,1,5
ceh-43,7,2,3,3,7,0
ceh-44,8,18,35,29,37,25
cel-1,10,15,15,13,8,15
cey-1,113,159,122,89,82,92
cey-4,288,252,302,243,300,160
cfi-1,43,84,59,30,36,59
cft-1,20,25,18,20,23,18
cfz-2,15,24,24,12,22,20
cgh-1,92,116,129,90,110,75
cgp-1,42,17,24,34,16,19
cha-1,11,22,10,12,8,4
chd-3,107,85,116,66,103,66
che-3,17,11,13,17,7,12
che-11,3,0,10,7,4,1
che-12,10,6,8,3,5,3
chs-2,2,1,2,4,8,4
chk-1,3,4,1,4,3,8
chn-1,7,5,1,7,5,4
cho-1,12,10,10,5,19,4
chp-1,22,11,17,30,30,7
cic-1,5,20,12,4,12,5
cit-1.1,7,3,4,2,8,1
cit-1.2,40,53,45,39,46,33
cka-1,12,9,13,10,26,8
cka-2,9,5,9,7,7,2
ckb-1,9,7,3,4,4,2
ckb-2,0,3,2,11,7,16
ckb-4,8,3,11,2,3,7
ckc-1,12,18,11,11,15,11
cki-1,1,4,1,4,4,2
ckk-1,9,6,17,13,13,10
cku-70,18,17,10,17,12,10
cku-80,9,10,13,10,7,8
clc-1,3,17,10,5,22,6
clc-2,2,5,6,0,0,3
clc-5,5,11,2,3,8,3
cle-1,11,12,17,25,14,14
clh-1,44,63,52,53,31,36
clh-2,5,6,17,10,9,7
clh-3,12,11,5,7,12,5
clh-4,6,4,5,0,3,4
clh-5,39,33,12,17,35,14
clh-6,5,8,6,7,6,0
cpi-2,13,20,23,25,23,10
cpi-1,1,0,0,3,0,0
clk-1,4,5,6,5,1,5
clk-2,10,5,5,1,8,6
cln-3.1,5,0,1,3,0,0
cln-3.2,5,6,5,8,10,0
cln-3.3,4,5,1,8,10,2
clp-1,78,73,70,95,97,54
clp-2,7,4,19,1,13,2
clp-4,43,45,39,42,35,35
clp-7,14,10,12,8,9,6
clr-1,47,55,64,48,42,46
cls-2,89,148,125,64,92,97
clu-1,267,242,301,197,194,189
cmd-1,160,131,174,133,153,78
cmk-1,18,25,35,18,14,18
cnb-1,14,11,14,15,14,9
cnc-3,0,0,2,3,1,0
cnc-4,4,3,1,0,0,5
cnk-1,23,15,39,15,28,30
cnt-1,25,29,28,19,24,27
cnt-2,57,34,44,33,36,62
cnx-1,78,86,88,80,109,60
cof-2,1,2,1,10,2,5
cogc-2,7,10,10,7,4,4
coh-1,18,9,24,5,10,9
col-10,435,638,673,558,688,587
col-14,0,1,3,11,11,7
col-17,0,0,0,108,96,64
col-34,5,1,3,4,8,3
col-39,58,68,51,92,93,80
col-41,6,0,0,66,68,35
col-48,4,4,3,15,20,8
col-73,1,1,1,61,49,17
col-76,11,1,13,6,8,6
col-80,34,28,34,69,65,31
col-90,0,0,0,44,49,15
col-91,9,6,13,6,7,8
col-93,0,0,1,8,10,6
col-94,18,7,9,13,6,8
col-97,0,1,0,11,7,2
col-98,69,81,121,100,101,56
col-99,10,27,21,9,9,23
col-103,123,97,153,123,147,78
col-104,0,0,0,1,2,0
col-107,63,41,121,96,101,62
col-109,1,1,0,3,7,0
col-111,0,0,0,6,6,4
col-118,6,4,5,4,1,0
col-125,8,3,1,28,30,19
col-142,4,1,9,5,10,7
col-144,145,270,304,240,311,248
col-147,41,19,41,40,44,33
col-149,1,3,1,5,7,3
col-155,2,1,1,4,2,3
col-160,158,118,187,171,179,137
col-166,261,289,316,252,332,272
col-167,24,18,34,29,37,22
col-168,12,12,16,17,11,9
col-169,43,66,72,50,54,75
col-170,7,5,5,18,11,15
col-173,0,0,0,2,0,0
col-176,4,3,6,2,13,23
col-180,0,0,0,9,13,9
coq-1,20,13,19,14,17,10
coq-2,2,3,9,6,5,0
coq-3,6,12,7,9,8,5
coq-4,10,1,6,0,2,0
coq-5,13,8,8,10,4,3
coq-6,14,23,33,11,24,23
coq-8,39,26,38,36,39,21
cor-1,27,26,30,32,28,17
cpf-1,7,14,8,4,9,5
cpf-2,17,8,14,8,9,4
cpin-1,2,5,6,2,7,0
cpl-1,111,90,107,154,186,75
cpn-1,5,5,12,7,2,0
cpn-3,68,54,89,60,46,35
cpn-4,12,14,10,15,13,11
cpr-1,296,315,319,238,373,233
cpr-3,20,20,21,18,10,15
cpr-4,254,321,272,321,433,271
cpr-5,419,586,642,495,567,427
cpr-6,139,233,181,181,215,166
cps-6,32,9,31,28,23,21
cpz-1,14,20,14,33,55,11
cpz-2,186,191,223,161,215,137
crb-1,6,4,1,4,13,1
crh-1,57,50,58,46,67,41
crn-1,12,20,4,8,15,8
crn-2,4,15,10,6,13,13
crn-3,50,45,47,38,25,22
crn-5,14,7,2,1,1,4
crn-6,6,10,1,6,7,4
cars-1,72,59,104,69,80,77
crt-1,530,483,629,681,615,403
csb-1,8,9,9,7,1,2
csc-1,1,7,12,9,3,1
csk-1,22,38,21,12,28,17
csn-1,27,17,7,17,23,9
csn-2,14,5,10,8,4,6
csn-3,29,23,22,11,17,18
csn-4,17,14,15,17,6,8
csn-5,2,5,6,10,4,8
csn-6,8,11,36,14,11,7
csq-1,163,95,150,166,112,79
ctb-1,390,279,420,283,313,219
ctl-2,26,48,47,40,35,29
ctn-1,41,40,31,25,35,24
cts-1,413,608,563,474,527,355
cua-1,40,48,34,28,32,26
cuc-1,0,0,0,2,0,0
cul-1,44,70,41,38,34,31
cul-2,31,38,39,40,25,27
cul-3,50,79,71,48,43,58
cul-4,29,42,32,29,41,23
cul-5,26,6,14,19,10,11
cul-6,1,2,5,0,0,1
cup-2,15,15,16,29,18,9
cup-4,8,4,4,2,6,6
cup-5,5,14,15,4,4,10
cux-7,18,17,13,8,20,17
cwn-1,10,7,9,6,13,6
cwn-2,9,6,3,2,5,6
cya-1,4,1,9,1,13,8
cyb-1,1,2,8,2,7,1
cyb-3,13,20,24,18,27,13
cyc-1,137,122,120,124,95,55
cyd-1,10,16,9,9,4,4
cye-1,3,2,1,1,1,2
cyk-1,27,14,21,23,14,13
cyk-3,45,24,29,35,19,21
cyk-4,14,4,13,11,22,11
cyl-1,27,24,19,22,24,21
cyn-1,80,60,94,76,83,53
cyn-3,49,33,59,50,63,43
cyn-4,12,9,24,10,7,3
cyn-5,63,40,79,90,90,33
cyn-6,7,7,7,8,16,5
cyn-7,150,119,160,187,192,93
cyn-8,13,8,11,16,5,5
cyn-10,4,0,6,0,0,0
cyn-11,7,1,1,1,4,0
cyn-12,9,10,18,11,5,6
cyn-13,22,27,21,10,23,3
sig-7,20,7,13,7,10,1
cyn-15,13,30,21,8,15,12
cyn-16,17,6,10,13,6,6
dab-1,21,35,30,41,40,27
dad-1,16,23,19,27,21,25
daf-1,28,31,34,26,20,14
daf-2,145,144,130,79,112,79
daf-3,38,76,79,47,63,49
daf-4,42,27,30,16,22,31
daf-5,197,300,299,173,258,172
daf-7,28,29,33,36,28,21
daf-8,12,12,11,6,8,4
daf-12,15,17,32,12,31,17
daf-14,20,8,20,17,7,14
daf-15,99,99,120,81,105,64
daf-16,104,153,120,53,87,50
daf-18,20,14,25,16,25,22
daf-19,39,28,48,17,18,26
hsp-90,1501,1312,1366,1880,1801,1250
daf-25,7,3,7,7,4,1
daf-28,4,9,5,3,9,2
daf-31,14,26,19,16,26,11
dao-2,0,2,0,19,25,9
dao-3,4,1,6,3,3,5
dao-5,239,226,208,131,167,134
dap-3,26,79,48,46,46,39
dat-1,8,8,13,9,5,2
daz-1,3,4,3,0,8,5
dbl-1,22,14,14,20,29,6
dbr-1,10,10,12,9,9,4
dcp-66,61,43,56,51,40,18
dcr-1,56,61,60,43,58,56
dcs-1,11,11,9,9,0,5
ddp-1,22,60,37,47,33,21
deb-1,348,307,385,331,361,251
deg-3,2,1,3,5,2,2
del-2,5,4,6,1,3,4
des-2,0,3,12,5,4,0
dgk-1,13,22,41,21,18,27
dgk-2,3,15,18,12,5,12
dgk-3,4,5,2,1,4,1
dgn-1,23,26,43,32,26,25
dhc-1,771,738,765,548,543,501
dhp-1,12,5,14,29,12,7
dhp-2,22,30,28,18,29,10
dhs-1,11,5,5,2,2,1
dhs-2,6,3,1,5,5,1
dhs-3,10,16,20,15,24,16
dhs-4,2,0,2,2,7,3
dhs-5,4,13,11,8,4,6
dhs-6,30,20,29,24,25,14
dhs-9,29,32,57,45,39,15
dhs-12,13,9,7,11,15,14
dhs-13,26,33,40,26,31,14
dhs-14,0,0,5,0,1,2
dhs-15,2,0,3,2,1,4
dhs-17,9,15,19,16,15,6
dhs-18,10,36,31,27,16,19
dhs-19,2,4,1,1,3,1
dhs-20,1,6,2,8,3,3
dhs-21,5,1,0,11,3,4
dhs-22,23,37,28,19,16,12
dhs-23,6,6,0,1,5,1
dhs-24,17,20,19,12,15,17
dhs-25,29,24,22,21,22,15
dhs-27,4,2,10,7,8,2
dhs-28,62,104,87,57,81,43
dhs-29,9,1,3,6,9,9
dhs-30,10,3,9,8,5,3
dic-1,8,7,14,2,15,2
die-1,7,18,6,11,9,8
dif-1,9,18,15,11,19,11
dig-1,1303,1300,1380,932,1036,955
dim-1,161,293,252,181,205,170
dis-3,68,29,66,25,24,25
div-1,7,27,16,6,23,10
dlc-1,26,25,39,36,38,12
dlg-1,98,106,99,85,112,90
dli-1,33,48,61,36,44,36
dlk-1,47,88,83,63,36,38
dna-2,7,3,9,6,6,3
dnc-1,54,47,61,41,62,28
dnc-2,6,9,13,7,9,12
dnj-1,5,4,16,16,9,7
dnj-2,1,6,4,2,8,4
dnj-5,94,181,165,106,128,124
dnj-7,36,20,22,30,20,10
dnj-8,12,9,27,16,9,12
dnj-9,24,30,37,33,36,18
dnj-10,63,60,84,54,61,26
dnj-11,36,15,45,10,18,5
dnj-12,157,149,199,192,167,153
dnj-13,250,283,294,213,265,176
dnj-14,8,23,19,21,13,7
dnj-15,0,7,6,2,5,3
dnj-16,12,7,9,12,12,6
dnj-17,13,3,15,8,20,8
dnj-18,8,11,8,13,9,13
dnj-19,107,124,134,168,161,112
dnj-20,27,9,33,18,33,11
dnj-21,2,3,4,1,2,3
dnj-22,6,0,5,1,0,0
dnj-23,6,6,11,17,23,2
dnj-24,22,19,30,31,48,8
dnj-25,24,24,36,10,11,14
dnj-27,18,10,12,9,15,19
dnj-28,5,0,1,1,3,2
dnj-29,77,85,103,69,100,48
dnj-30,11,18,9,10,5,8
dog-1,5,16,11,10,28,10
dom-3,0,0,1,1,6,0
cks-1,1,1,7,3,3,0
dop-1,11,26,11,5,11,8
dop-2,4,14,6,2,8,4
dpf-1,13,4,14,12,7,13
dpf-2,9,9,11,4,12,4
dpf-3,50,62,56,31,58,31
dpf-4,30,25,23,19,30,24
dpf-5,29,64,41,35,42,21
dpf-6,2,1,5,6,3,9
dpf-7,13,6,27,8,10,11
dpl-1,5,4,19,7,13,9
dpy-2,0,0,1,3,9,2
dpy-3,0,0,0,4,8,4
dpy-4,0,1,1,47,34,21
dpy-5,0,0,0,45,50,9
dpy-6,40,32,62,101,108,75
dpy-7,0,0,0,15,11,9
dpy-8,1,0,0,40,40,27
dpy-9,0,0,0,4,7,1
dpy-10,0,0,0,9,17,5
dpy-11,7,25,20,13,31,25
dpy-13,0,0,1,65,69,12
dpy-18,29,43,20,35,40,21
dpy-19,5,3,3,8,1,2
dpy-21,205,163,191,166,186,125
dpy-22,98,59,113,65,55,47
dpy-23,19,21,26,18,30,19
dpy-26,64,62,69,45,44,30
dpy-27,62,43,60,67,57,51
dpy-28,35,45,44,49,51,31
dpy-30,2,3,3,10,6,11
dre-1,48,78,90,56,63,62
drh-1,7,15,9,21,11,14
dro-1,2,1,4,2,2,0
drp-1,29,22,40,23,20,22
dars-1,80,50,80,56,73,54
dars-2,12,5,8,5,1,4
dsc-4,85,139,128,92,105,63
dsh-1,26,37,26,24,33,23
dsh-2,4,15,9,6,5,5
duo-3,7,7,9,11,6,5
dur-1,52,27,74,44,57,23
dyb-1,11,16,12,8,21,14
dyc-1,23,23,39,22,23,13
dyf-1,0,4,5,1,2,3
dyf-2,10,10,6,2,10,8
dyf-6,2,3,4,9,6,3
dyn-1,89,73,90,64,83,37
dys-1,259,291,266,260,269,228
alp-1,56,67,51,45,53,38
eat-3,56,59,72,45,36,20
eat-4,13,6,7,11,10,4
eat-5,1,3,0,1,6,0
eat-6,923,1081,1193,869,996,796
eat-16,18,12,7,17,19,11
eat-20,21,5,8,22,21,20
bcat-1,167,221,213,131,162,113
ech-2,4,4,11,6,5,3
ech-3,11,5,1,4,2,6
ech-4,15,17,28,14,29,14
ech-5,18,21,14,17,23,20
ech-6,88,61,112,86,97,34
ech-7,16,26,28,12,9,11
ech-8,5,10,4,5,7,3
ech-9,5,0,5,3,2,0
eff-1,0,5,0,2,6,0
efk-1,69,32,34,55,54,49
efl-1,5,0,8,2,5,5
efl-2,3,8,9,5,2,7
efn-2,1,0,5,2,1,3
efn-4,4,3,1,7,1,4
eftu-2,92,74,87,67,65,46
eef-2,3406,3857,4137,3411,3714,3293
eef-1A.1,2566,2102,2793,2453,2561,2011
eef-1A.2,1138,957,1287,899,948,661
egl-2,15,2,3,10,4,3
egl-3,288,447,343,283,310,243
egl-4,175,162,176,193,176,109
egl-8,129,167,230,96,146,150
egl-9,26,32,37,25,35,28
egl-10,24,12,32,10,20,9
egl-13,15,15,11,14,22,14
egl-15,26,21,37,18,19,30
egl-18,10,9,11,9,9,15
egl-19,109,141,128,67,108,72
egl-20,10,7,9,4,14,7
egl-21,167,181,231,130,186,102
egl-23,11,7,16,15,5,2
egl-26,4,0,11,2,1,0
egl-27,82,53,54,66,77,43
egl-30,161,234,194,160,171,176
egl-43,14,10,7,8,6,5
egl-44,18,22,20,19,35,28
egl-45,215,168,197,187,211,144
egl-46,2,10,4,5,4,6
ego-1,4,1,4,3,2,4
ego-2,45,58,43,18,43,32
ehs-1,30,32,32,30,28,18
eif-3.B,125,123,142,133,159,130
eif-3.C,215,249,272,208,226,151
eif-3.D,120,148,150,123,148,103
eif-3.E,38,47,64,52,36,41
eif-3.F,37,34,34,31,32,18
eif-3.G,61,50,69,58,92,35
eif-3.H,43,45,31,39,28,26
eif-3.I,119,104,130,132,115,65
eif-3.K,17,22,25,17,13,11
eif-6,66,52,76,51,56,20
elb-1,3,11,13,10,10,3
elc-1,21,27,20,14,8,23
elo-1,144,169,215,105,151,185
elo-2,42,59,89,41,38,49
elo-3,62,103,102,59,73,43
elo-5,87,63,106,26,19,34
elo-6,65,101,79,43,60,37
elo-9,7,9,10,5,8,0
elp-1,4,5,4,4,4,0
elt-1,13,9,12,6,9,6
elt-2,2,1,12,8,2,0
elt-3,7,3,12,10,4,7
elt-6,10,5,3,11,10,6
emb-4,78,79,105,91,73,84
emb-5,129,123,112,100,81,59
emb-8,103,91,99,99,123,86
emb-9,484,333,434,351,334,244
emb-27,10,10,3,9,5,4
emb-30,44,21,27,25,38,13
emo-1,6,7,15,8,22,3
emr-1,4,8,10,2,15,11
ent-1,33,53,56,37,37,36
eor-1,8,11,29,4,13,13
eor-2,6,11,9,12,11,2
epi-1,433,304,400,331,348,256
epn-1,38,45,38,30,32,22
eps-8,238,305,275,217,250,183
erd-2.1,8,7,14,7,11,2
eri-1,1,4,7,5,2,3
erm-1,167,143,192,153,180,104
ero-1,38,6,31,27,19,5
F35A5.8,4,6,3,2,3,5
qars-1,99,84,69,59,80,51
ears-1,136,90,133,121,127,101
ears-2,5,6,10,6,5,3
etr-1,23,30,34,10,17,13
fos-1,80,96,73,92,79,79
evl-14,63,27,64,32,44,26
evl-20,2,0,3,0,1,0
exc-1,4,3,22,9,11,1
exc-4,19,15,23,12,12,5
exc-5,26,23,24,8,19,9
exc-7,10,2,19,11,4,4
exl-1,4,10,7,2,8,4
exo-3,7,3,2,6,12,3
exp-2,4,9,19,11,2,3
far-1,339,387,436,348,436,174
far-2,28,37,50,33,35,21
far-3,2,1,0,4,0,0
far-5,0,0,1,4,4,1
far-7,3,0,0,1,0,2
far-8,23,18,30,20,31,33
fat-1,100,114,165,102,128,88
fat-2,173,187,208,150,193,141
fat-3,57,38,38,51,38,41
fat-4,94,93,108,72,95,69
fat-5,0,2,0,2,2,3
fat-6,209,401,354,224,325,225
fbl-1,20,16,16,8,18,7
fbp-1,39,43,74,50,38,29
fce-1,23,13,32,24,24,7
fce-2,3,5,5,4,1,1
feh-1,37,19,30,31,36,10
fem-1,18,21,24,10,6,20
fem-2,23,14,19,20,22,8
fib-1,426,580,475,295,386,292
fis-2,5,1,0,8,3,4
fkb-1,21,20,23,22,18,11
fkb-2,51,25,51,43,62,35
fkb-3,2,1,0,9,6,10
fkb-4,3,0,4,0,3,0
fkb-5,4,9,5,19,46,20
fkb-6,91,82,77,118,134,69
fkh-7,47,36,46,51,57,20
fkh-8,4,1,2,2,3,0
fkh-9,37,18,52,28,18,16
fli-1,30,16,37,20,15,22
flp-1,75,71,61,59,111,43
flp-2,2,2,10,5,1,3
flp-3,23,13,21,12,21,7
flp-4,6,3,2,6,4,1
flp-5,3,19,14,10,3,6
flp-6,68,77,43,64,64,49
flp-7,2,0,3,0,1,3
flp-8,7,2,4,3,3,1
flp-9,20,12,29,15,11,13
flp-11,0,7,1,6,5,4
flp-12,6,2,2,6,3,0
flp-13,23,23,21,10,8,10
flp-14,70,60,79,59,85,29
flp-15,4,1,5,1,5,6
flp-16,10,36,16,21,12,24
flp-17,24,12,34,26,38,7
flp-18,33,27,27,20,18,23
flp-19,20,4,3,6,18,5
flr-1,3,0,2,2,2,1
flr-4,1,4,16,0,5,3
baz-2,17,18,14,20,28,28
fmi-1,12,29,29,29,29,12
fmo-1,10,8,11,15,13,6
fmo-2,9,13,22,1,2,8
fmo-3,2,4,2,10,10,4
fmo-4,4,10,9,8,18,1
fmo-5,8,11,24,14,12,11
fox-1,6,10,6,4,6,2
fre-1,4,4,5,5,1,2
frh-1,0,0,0,3,1,0
frm-1,355,257,362,245,251,232
frm-2,10,1,5,5,16,8
frm-3,18,17,19,6,13,14
frm-4,37,39,50,26,31,13
frm-5.1,21,3,8,10,5,18
frm-7,104,61,78,79,79,60
frm-8,13,18,17,11,13,7
frm-9,14,5,18,15,9,11
frm-10,23,30,26,24,55,27
fars-1,38,46,63,33,49,39
fars-3,47,61,56,47,53,52
fsn-1,2,2,10,5,6,6
ftn-1,3,2,4,6,11,1
ftn-2,269,341,318,291,354,222
ftt-2,277,342,359,224,320,198
fum-1,123,166,170,148,153,90
fut-1,7,4,4,12,2,5
fut-8,9,10,8,5,10,3
fzo-1,31,25,40,16,20,33
fzr-1,20,21,29,16,31,19
fzy-1,7,5,3,6,7,4
gab-1,3,2,3,4,1,5
gad-1,34,10,27,11,17,11
gap-1,4,1,8,3,12,4
gap-2,39,36,34,24,25,22
gar-1,8,11,3,7,11,0
gar-2,36,67,70,49,66,34
gar-3,15,4,12,11,12,5
gas-1,167,187,227,166,173,107
gbh-1,3,4,5,1,3,1
gbh-2,1,1,0,3,7,8
gck-1,20,26,31,16,16,18
gcs-1,35,29,43,38,32,11
gcy-3,6,0,1,2,0,3
gcy-8,7,6,6,8,3,4
gcy-11,9,3,6,12,3,1
gcy-12,85,66,79,52,61,38
gcy-18,7,2,1,2,2,4
gcy-19,5,4,4,5,5,1
gcy-22,1,0,1,4,3,1
gcy-23,8,10,5,6,4,1
gcy-35,2,2,1,1,3,5
gcy-37,0,1,6,0,2,0
gdi-1,122,126,127,98,116,83
gei-1,20,29,29,20,18,24
gei-3,35,21,28,24,39,24
gei-4,96,65,90,114,114,54
lin-66,41,57,84,44,83,58
gei-6,20,38,26,17,26,24
icl-1,842,773,669,1362,1267,757
gei-8,66,62,70,47,67,67
acdh-13,19,10,23,18,15,12
snpc-4,27,37,36,16,25,21
gei-13,10,8,18,3,13,8
gei-15,30,35,31,26,31,14
gei-17,65,57,74,54,60,28
gem-4,0,0,0,1,5,0
ges-1,17,15,18,11,19,4
gex-2,19,34,28,27,23,12
gex-3,23,26,24,33,21,15
gfi-1,443,770,729,475,525,454
gfi-2,12,15,22,17,14,15
gfi-3,10,1,10,3,4,5
nrde-4,5,18,12,4,6,9
gfl-1,3,5,1,5,6,0
ggr-1,0,4,13,1,6,2
gip-1,37,27,31,22,25,15
C45G3.3,1,1,2,2,6,1
glc-1,1,0,2,1,0,1
glc-2,9,5,6,5,5,4
glc-3,8,5,8,4,3,0
glc-4,22,16,8,9,23,5
gld-1,6,6,3,5,4,3
gld-2,22,17,37,23,28,21
glh-1,24,27,44,21,24,27
glh-4,16,7,10,11,7,8
gln-1,17,14,18,6,16,10
gln-3,159,128,133,256,213,129
glr-1,8,2,7,2,2,10
glr-2,4,10,6,1,0,3
glr-4,21,9,16,11,13,12
glr-5,32,10,19,10,10,8
glr-6,3,4,6,6,10,0
glt-1,214,253,245,183,224,164
glt-3,11,12,22,10,17,4
glt-4,19,16,8,8,15,8
glt-5,1,0,0,2,2,0
glt-6,3,5,0,3,2,1
glt-7,2,1,2,5,2,0
gly-3,30,43,38,16,26,15
gly-4,19,23,42,18,31,10
gly-5,38,33,65,37,63,38
gly-6,31,43,40,26,40,48
gly-7,27,35,38,29,22,33
gly-8,4,1,11,18,11,6
gly-10,8,10,24,10,12,11
gly-11,0,1,16,0,1,0
gly-12,1,5,5,7,7,10
gly-13,7,7,9,2,9,8
gly-19,1,2,1,0,5,5
gly-20,21,23,26,18,17,26
goa-1,89,53,90,80,70,44
gob-1,41,55,55,26,66,24
gon-1,111,127,126,75,112,80
gon-2,69,61,68,52,46,42
gon-4,21,9,18,8,10,8
gop-1,15,18,24,10,10,11
gop-2,23,11,14,15,13,11
gop-3,18,18,25,23,28,21
gpa-2,6,5,1,7,4,2
gpa-3,2,3,0,4,3,2
gpa-4,1,1,0,0,4,0
gpa-7,2,7,7,8,18,3
gpa-12,4,13,7,5,8,2
gpa-16,6,4,0,4,1,5
gpb-1,122,95,99,57,84,45
gpb-2,15,15,21,16,16,10
gpc-1,14,15,5,3,16,7
gpc-2,7,5,8,7,11,5
gpd-2,107,105,90,103,116,40
gpd-3,106,78,147,121,108,58
grd-3,9,3,6,20,19,12
grd-5,0,0,0,0,2,1
grd-10,36,47,48,28,47,40
grd-13,11,22,18,10,24,14
grd-14,1,0,1,8,2,4
grh-1,5,3,5,4,16,7
grk-1,20,26,23,15,15,25
grk-2,20,34,21,15,10,5
grl-4,37,76,53,45,46,66
grl-5,0,0,0,8,1,1
grl-7,0,0,0,14,7,5
grl-10,2,0,5,5,6,0
grl-15,0,0,0,3,10,1
grl-16,0,0,3,28,50,9
grl-21,5,7,8,2,6,2
gro-1,2,2,5,2,4,0
grp-1,2,4,5,3,3,7
gars-1,88,68,118,86,74,34
gsa-1,39,35,47,39,51,31
gsk-3,37,26,39,20,18,13
gsp-1,58,94,74,34,50,32
gsp-2,174,190,181,140,185,139
gst-1,85,87,139,77,69,65
gst-4,13,8,13,10,10,11
gst-5,47,48,48,18,10,19
gst-6,21,7,22,16,19,8
gst-7,37,76,48,20,25,13
gst-10,20,15,15,13,16,2
gst-11,3,3,11,6,3,0
gst-12,1,9,1,0,4,2
gst-13,20,42,46,22,40,15
gst-14,10,8,6,8,4,3
gst-15,18,7,16,4,7,1
gst-20,32,54,39,38,30,32
gst-21,1,15,6,0,0,5
gst-22,0,7,4,1,8,4
gst-24,184,203,274,19,18,17
gst-26,52,89,75,37,70,38
gst-27,36,34,44,45,48,16
gst-28,7,15,10,8,6,3
gst-31,7,5,10,1,0,1
gst-35,6,13,9,7,7,8
gst-36,130,175,161,101,195,117
gst-38,1,7,2,0,3,0
gst-39,10,10,19,4,1,2
gst-40,3,4,1,0,11,2
gst-41,0,0,1,5,0,0
gst-42,13,16,39,28,17,1
gst-43,0,6,5,0,2,0
gsy-1,53,59,48,55,53,27
gta-1,157,161,207,146,170,127
gtl-1,128,110,111,94,101,77
gtl-2,7,12,25,18,16,9
lite-1,11,10,5,4,18,4
gur-4,1,1,3,0,9,9
gut-2,0,5,13,1,1,0
haf-1,4,7,6,4,2,2
haf-2,11,12,9,13,11,8
haf-3,45,39,51,22,21,23
haf-4,268,319,332,239,239,201
hmt-1,40,59,46,43,48,39
haf-6,24,33,30,12,17,9
haf-7,12,2,7,9,5,8
haf-9,168,208,184,191,168,136
ham-1,8,8,4,6,7,1
ham-2,1,4,2,0,5,9
hap-1,0,1,1,3,0,1
hbl-1,27,24,23,14,21,13
hcf-1,26,10,37,11,28,18
hcp-1,27,25,34,45,51,29
hcp-2,14,17,8,20,10,7
hcp-3,6,1,8,5,13,1
hcp-4,13,12,11,12,13,16
hcp-6,46,33,33,28,22,30
hda-1,37,25,20,22,27,13
hda-2,2,1,5,6,2,0
hda-3,15,25,26,11,20,7
hda-4,31,40,52,40,37,26
hda-10,9,1,13,5,9,3
hel-1,125,103,136,104,125,72
hgo-1,30,34,36,21,22,18
hid-1,15,12,11,6,6,9
hif-1,315,310,357,269,361,200
hil-1,2,1,0,1,0,0
hil-2,23,7,32,36,28,20
hil-3,20,15,19,43,37,6
hil-4,5,6,4,6,5,2
hil-5,1,2,3,5,4,0
him-1,50,24,17,29,31,24
him-4,224,217,241,170,170,144
him-6,2,2,7,10,6,5
him-10,13,16,15,17,19,14
him-17,30,27,31,30,28,24
his-1,29,19,20,26,22,28
his-2,19,15,32,28,36,35
his-3,14,17,24,29,35,21
his-4,1,3,2,3,1,2
his-5,6,2,4,6,6,4
his-6,14,17,32,22,13,19
his-7,10,3,6,12,9,11
his-8,7,4,13,10,4,8
his-11,8,4,2,5,4,5
his-17,8,16,14,17,9,9
his-24,47,25,37,76,59,26
his-25,16,16,16,6,10,5
his-31,1,3,1,7,2,2
his-32,21,40,48,27,41,32
his-35,12,11,18,23,13,10
C50F4.6,1,3,1,0,2,0
his-37,26,25,35,18,19,12
his-40,7,6,9,8,11,11
his-41,30,82,56,55,33,27
his-48,1,0,1,1,0,0
his-59,74,71,93,96,99,77
his-60,36,25,30,37,46,31
his-61,17,14,14,16,21,11
his-62,13,12,13,13,30,15
his-63,7,2,5,7,4,7
his-64,13,6,18,14,24,14
his-67,31,21,22,14,33,13
his-68,8,5,4,4,4,7
his-71,13,26,27,18,29,20
his-72,31,36,41,50,47,24
hlh-1,21,16,14,10,11,5
hlh-2,2,3,17,8,3,11
hlh-11,95,102,141,83,89,88
hmg-1.1,52,49,61,53,46,36
hmg-1.2,30,31,55,44,40,33
hmg-3,1,1,7,3,2,1
hmg-4,42,44,45,23,42,24
hmg-5,10,18,13,8,16,0
hmg-11,9,10,13,19,10,3
hmg-12,8,9,15,6,5,6
hmp-1,27,29,46,32,32,33
hmp-2,28,22,29,19,27,24
hmr-1,98,114,134,82,105,75
hoe-1,12,3,16,4,8,7
hot-5,2,1,1,10,2,0
hpd-1,108,120,97,98,87,55
hpk-1,64,80,73,76,78,67
hpl-1,4,1,3,2,5,0
hpl-2,1,3,12,6,2,1
hrp-1,42,36,62,43,73,29
hrp-2,95,106,74,93,90,66
hars-1,50,56,68,30,53,39
hsb-1,5,0,0,2,1,0
hse-5,3,4,8,1,10,0
hsf-1,14,10,25,12,18,15
hsp-1,2624,2711,2639,2939,2898,2254
hsp-3,583,727,815,673,788,523
hsp-4,122,93,108,148,136,68
hsp-6,611,580,640,655,582,398
hsp-12.2,44,58,62,42,51,41
hsp-16.2,156,131,118,191,133,82
hsp-16.41,133,88,104,111,134,76
hsp-17,57,52,61,72,51,34
hsp-25,37,37,44,48,58,23
hsp-43,81,58,76,50,33,47
hsp-60,1235,1466,1379,1309,1294,1064
hsp-70,46,43,45,27,35,25
hsr-9,60,45,59,49,72,58
hst-1,12,5,10,15,1,1
hst-2,1,0,2,1,2,3
hum-1,67,54,51,53,54,30
hum-2,48,27,36,30,33,39
hum-4,33,42,43,32,42,25
hum-5,74,73,85,65,57,48
hum-6,43,42,43,36,59,52
hum-7,48,68,73,52,53,45
hum-8,32,39,39,39,26,12
hyl-1,7,8,11,8,2,1
hyl-2,10,33,15,15,19,9
icd-1,304,167,233,233,253,168
icln-1,12,7,13,12,17,9
icp-1,33,21,20,15,21,10
ida-1,132,160,143,172,165,111
ifa-1,112,89,71,91,92,63
ifa-4,23,16,28,15,13,5
ifb-1,154,188,180,209,212,150
ifb-2,424,652,597,501,557,359
ifc-1,76,80,86,35,59,44
ifc-2,188,299,275,172,193,143
ifd-1,38,31,37,23,29,29
ifd-2,22,7,14,8,28,3
ife-1,37,38,51,18,38,11
ife-2,20,17,29,15,27,11
ife-3,12,10,11,3,5,5
ife-4,3,2,6,5,1,3
iff-1,10,7,8,6,6,4
iff-2,172,157,229,154,174,136
ifg-1,278,263,332,235,246,200
ifp-1,86,80,69,82,54,47
ify-1,1,0,2,4,9,2
ikb-1,6,6,10,16,5,5
ile-1,27,12,26,26,6,13
ile-2,22,15,22,24,24,23
ima-1,21,30,24,11,13,21
ima-2,26,40,41,16,33,17
ima-3,110,147,112,83,113,78
imb-1,39,33,41,22,47,25
imb-2,27,42,37,27,23,36
imb-3,554,620,642,411,405,302
xpo-1,128,122,140,105,102,97
xpo-2,23,31,36,23,42,21
xpo-3,26,8,33,14,20,23
ina-1,31,30,30,23,28,13
inf-1,308,313,386,251,255,203
ins-1,1,3,8,4,6,3
ins-3,1,0,1,0,5,0
ins-5,6,14,6,4,6,6
ins-17,15,5,12,3,4,2
ins-18,2,4,7,6,9,6
ins-26,11,5,6,7,1,6
ins-30,14,17,13,3,10,10
ins-35,1,1,1,0,0,0
inx-1,13,12,7,6,14,3
inx-3,32,23,13,10,29,12
inx-5,54,84,65,65,59,55
inx-6,22,15,26,9,10,5
inx-7,3,5,6,3,0,1
inx-10,5,3,22,14,4,5
inx-11,4,3,1,0,2,1
inx-12,89,104,103,75,86,61
inx-13,67,72,88,92,87,40
inx-15,26,24,33,22,22,25
inx-16,41,34,30,44,42,27
inx-17,18,29,25,20,20,14
inx-18,11,1,4,0,1,0
inx-20,3,0,4,3,4,1
ipp-5,10,10,10,0,10,5
ire-1,12,18,28,15,6,8
gon-14,13,21,29,4,9,11
irk-1,7,5,10,3,2,3
irk-3,4,2,2,3,1,0
iars-1,130,127,147,133,107,69
iars-2,71,67,61,39,49,55
isp-1,280,414,385,275,308,345
ist-1,39,19,34,29,31,18
isw-1,63,34,40,30,48,43
itr-1,168,198,260,135,165,126
itx-1,84,106,102,77,82,66
jac-1,52,66,72,32,67,46
jip-1,13,25,24,16,22,5
jkk-1,4,18,13,6,4,4
jnk-1,4,17,16,10,10,23
jph-1,43,29,56,39,27,18
jtr-1,2,0,2,0,1,0
kal-1,9,8,3,4,8,5
kat-1,119,148,174,83,136,78
kel-1,5,5,4,2,2,4
kel-3,9,14,11,13,4,0
kgb-1,28,29,29,25,39,16
kin-1,114,117,118,73,113,84
kin-2,143,198,199,153,144,103
kin-3,55,92,89,65,83,43
kin-4,56,59,82,37,41,57
kin-9,5,8,2,3,3,11
kin-10,23,26,31,29,30,19
kin-15,7,4,5,4,3,0
kin-16,1,8,2,9,9,3
kin-18,32,33,69,37,34,44
kin-19,109,149,163,109,125,95
kin-20,28,25,32,19,39,18
sid-3,28,41,40,20,30,21
kin-29,34,32,23,17,36,14
kin-32,9,6,9,7,5,7
klc-2,30,32,26,21,18,17
klp-3,11,10,15,12,3,5
klp-4,75,46,54,67,55,37
klp-7,25,15,34,23,21,15
gcc-1,4,4,8,3,0,5
klp-11,20,22,24,18,26,19
klp-12,44,23,27,34,46,33
klp-16,2,5,10,4,5,2
klp-18,9,11,8,5,3,10
klp-19,30,33,47,45,38,20
klp-20,3,10,1,7,3,0
knl-1,23,16,19,18,37,16
kpc-1,50,49,56,51,34,23
kqt-1,3,9,13,2,1,2
kqt-2,7,2,3,3,2,1
kqt-3,4,8,5,1,5,0
kars-1,91,77,90,57,86,38
ksr-1,12,4,9,11,3,4
ksr-2,9,8,4,3,5,1
kup-1,17,6,11,20,12,5
kvs-1,2,3,12,1,1,0
lad-2,14,11,7,9,6,12
laf-1,50,80,88,63,33,49
lag-1,9,7,7,6,7,0
lam-1,240,208,247,178,214,172
lap-1,65,56,75,72,37,39
lap-2,81,119,120,69,81,77
lat-1,26,27,41,9,21,26
lat-2,8,5,7,10,10,11
lbp-1,16,10,11,16,10,9
lbp-2,34,38,39,24,48,21
lbp-3,28,30,34,18,16,1
lbp-4,12,1,1,8,3,3
lbp-5,13,4,8,10,6,0
lbp-6,82,85,94,86,110,61
lbp-7,7,29,13,16,9,2
ldb-1,18,19,17,13,14,10
ldh-1,111,154,153,117,141,88
lea-1,144,239,236,145,121,118
lec-1,442,461,533,379,480,290
lec-2,129,84,193,132,135,55
lec-3,117,193,188,117,160,126
lec-4,41,7,27,14,28,6
lec-5,104,79,111,60,61,44
lec-6,62,48,72,80,52,39
lec-7,0,0,1,2,0,0
lec-8,23,21,26,19,16,20
lec-9,118,295,260,150,142,120
lec-10,229,347,364,181,219,193
lec-11,8,17,15,7,18,6
lem-2,37,68,61,32,40,16
lem-3,11,7,8,3,10,9
lep-2,15,16,22,4,10,11
let-2,504,402,448,441,360,313
let-4,0,0,0,1,3,1
let-19,113,101,164,109,105,92
ect-2,17,5,14,8,11,7
let-23,12,7,6,15,15,7
let-49,10,9,8,6,10,1
let-60,9,13,29,9,15,5
let-70,182,285,289,182,233,185
myo-1,869,783,988,655,692,487
let-92,52,74,91,61,71,48
let-268,6,13,17,6,15,8
let-363,125,121,150,107,112,84
let-413,29,18,22,16,21,17
let-418,185,222,184,165,169,116
let-502,30,27,21,32,19,30
let-504,21,22,38,16,13,15
let-526,144,72,152,130,109,91
let-607,156,126,126,113,132,116
let-630,33,29,32,37,32,17
let-653,3,1,5,9,7,4
let-711,192,260,233,184,167,176
let-716,190,228,208,115,141,128
let-721,42,21,42,40,53,15
let-754,45,30,62,52,65,35
let-756,37,25,26,30,37,39
let-765,183,138,186,109,124,87
let-767,335,354,396,269,280,241
let-805,1413,1806,1790,1524,1719,1549
let-858,74,63,67,24,28,26
lev-1,6,7,10,2,0,8
lev-9,5,9,5,4,4,1
lev-10,34,30,50,27,40,32
lev-11,269,218,275,226,243,132
lfe-2,24,12,33,10,17,7
lgg-1,144,218,158,198,194,131
lgg-2,15,15,7,16,26,7
lgx-1,0,0,0,9,7,2
lig-1,19,9,5,5,13,5
lig-4,15,10,9,4,6,7
lim-4,2,3,3,2,1,2
lim-7,11,11,1,5,5,8
lin-1,32,58,32,38,48,42
lin-2,23,17,17,13,19,7
lin-3,1,5,1,5,2,4
lin-5,18,20,12,16,35,16
lin-7,2,19,17,7,8,8
lin-8,9,9,9,1,5,3
lin-9,33,11,13,21,19,8
lin-10,10,11,4,21,13,6
lin-13,93,80,85,80,52,50
lin-14,86,80,78,59,79,63
lin-17,1,18,15,8,6,10
lin-18,7,9,5,4,2,5
lin-23,27,26,20,14,32,22
lin-24,15,10,14,16,22,15
lin-25,8,26,17,7,12,12
lin-26,1,2,5,7,2,6
lin-28,40,39,51,25,43,27
lin-33,13,13,16,11,17,8
lin-35,17,23,24,27,27,12
lin-36,34,22,42,28,35,16
lin-37,17,12,2,3,9,6
lin-39,8,4,9,7,8,2
lin-40,62,68,72,56,67,42
lin-41,131,120,100,75,86,63
lin-45,22,32,33,19,29,22
lin-49,25,31,31,19,31,16
lin-53,36,30,40,32,35,38
lin-54,2,9,1,9,1,5
lin-56,3,6,0,0,0,0
lin-59,91,69,83,91,66,50
lin-61,7,2,6,3,3,5
lip-1,21,30,28,14,28,25
lir-1,3,6,3,0,10,1
lir-2,6,3,8,8,1,1
lis-1,31,26,78,41,58,26
lit-1,23,44,37,36,52,34
lmn-1,161,79,115,76,78,59
lmp-1,95,118,117,87,83,57
lon-1,9,17,15,22,16,29
lon-2,4,4,0,3,7,2
lon-3,1,0,2,6,7,0
lpd-2,10,4,9,1,9,5
lpd-3,144,138,176,112,122,120
lpd-5,56,42,37,50,59,28
lpd-6,112,81,100,47,40,25
lpd-7,229,204,258,165,165,117
lpd-8,19,15,19,12,22,15
lpd-9,26,29,32,40,29,23
lpl-1,16,19,8,18,12,4
lrk-1,53,53,47,35,31,41
lrp-1,232,169,234,314,281,264
lrp-2,144,90,106,136,104,103
lars-1,205,248,264,194,165,175
lars-2,47,32,30,39,30,16
lsm-1,0,4,4,1,3,0
lsm-3,9,9,7,10,5,7
lsm-4,3,15,4,4,13,4
lsm-5,16,11,4,6,12,4
lsm-6,0,1,0,2,2,1
lsm-7,11,8,11,9,11,7
lsm-8,3,2,10,5,7,1
lst-2,30,42,23,22,43,31
ccar-1,133,203,141,143,173,132
lst-4,34,30,35,29,37,14
lsy-2,13,5,9,4,4,11
ltd-1,20,21,19,18,7,13
lys-1,223,232,245,151,189,130
lys-2,93,126,144,45,54,44
lys-3,0,2,3,0,0,0
lys-4,11,12,10,41,35,17
lys-7,0,5,7,15,9,6
lys-8,58,53,54,46,52,21
mab-5,1,0,0,1,3,0
mab-20,29,18,14,30,12,11
mab-21,7,2,9,2,1,2
mac-1,84,86,89,57,35,34
mag-1,25,20,30,14,18,12
map-1,8,16,23,12,8,12
map-2,48,44,52,26,31,22
mat-1,20,35,21,18,16,18
mat-2,33,43,29,30,34,31
mat-3,17,14,21,18,15,19
mau-2,6,5,7,3,2,0
mau-8,5,4,3,2,2,1
max-1,10,20,23,16,13,13
max-2,48,64,38,20,25,34
mbf-1,26,20,27,27,46,10
mbk-1,34,66,42,44,41,33
mbk-2,56,54,37,42,28,13
mca-1,171,176,165,116,191,123
mca-3,569,406,595,425,395,350
mcm-2,23,49,43,40,45,54
mcm-3,36,46,57,35,54,40
mcm-4,35,45,55,38,35,28
mcm-5,20,32,36,21,30,24
mcm-6,33,47,34,36,34,28
mcm-7,31,20,13,16,36,25
mdf-1,19,15,19,2,6,6
mdf-2,5,3,9,8,10,10
mdh-2,281,475,419,308,368,294
mdl-1,183,328,314,169,249,201
mdt-6,5,1,3,2,3,4
mec-1,28,48,35,37,33,22
mec-2,16,24,13,15,10,14
mec-4,3,2,6,4,2,2
mec-5,4,10,21,8,8,2
mec-6,5,0,2,1,0,1
mec-7,65,75,45,62,65,50
mec-8,13,26,24,11,12,13
mec-9,3,6,6,2,3,2
mec-10,0,1,0,6,2,0
mec-12,42,47,45,66,64,38
mec-17,36,72,59,41,48,32
mec-18,12,11,0,16,7,3
mef-2,84,104,111,80,111,85
mei-1,11,23,13,8,10,3
mek-1,13,16,15,8,12,6
mek-2,23,14,12,26,15,10
mel-11,66,45,41,25,24,37
mel-26,12,9,14,14,6,0
mel-28,86,72,62,36,63,32
mel-32,77,101,117,94,121,104
mep-1,67,46,68,59,59,50
mes-2,16,10,26,13,25,9
mes-3,18,10,13,18,25,23
mes-4,3,17,9,24,18,18
mes-6,7,4,3,13,6,2
mev-1,30,34,39,20,13,25
mex-3,13,8,11,10,2,9
mgl-1,1,1,7,0,0,4
mgl-2,23,6,17,18,10,5
mif-1,1,6,1,1,4,2
mif-2,22,25,16,17,22,5
mif-3,1,7,5,3,2,4
mif-4,0,0,0,0,0,1
mig-1,16,20,31,14,20,16
mig-2,1,1,1,2,3,3
mig-5,8,11,9,17,15,6
mig-6,650,744,727,563,594,517
mig-10,46,45,65,25,41,40
mig-14,5,18,13,24,9,8
mig-15,42,56,53,60,52,53
mig-18,0,0,0,5,0,0
mig-22,24,12,19,36,19,17
mig-23,8,1,10,5,5,2
cogc-1,27,32,21,19,24,20
mix-1,62,33,53,45,52,31
mkk-4,8,5,2,9,5,8
mlc-1,171,136,223,162,188,107
mlc-2,312,290,341,280,298,182
mlc-3,232,281,307,231,215,150
mlc-4,14,11,14,6,18,7
mlh-1,6,3,2,5,7,4
mlk-1,32,26,25,26,27,18
mlp-1,5,4,3,0,5,0
mls-2,1,6,2,5,0,0
mml-1,66,82,67,52,66,64
moc-1,2,3,0,1,0,1
moc-2,2,1,1,4,2,0
mod-1,1,0,4,3,1,1
mod-5,0,2,2,5,2,2
moe-3,6,6,7,20,17,18
mog-1,58,45,55,74,61,40
mog-2,19,4,40,21,15,13
mog-3,14,10,15,15,23,12
mog-4,28,23,32,19,19,12
mog-5,64,116,70,57,45,25
mom-4,6,8,6,9,9,1
mom-5,6,35,17,16,9,15
dapk-1,45,88,85,52,68,45
mpk-1,18,19,28,9,9,14
mpk-2,2,4,9,2,4,1
mpz-1,119,128,141,101,104,96
mre-11,6,12,12,11,4,8
mrg-1,16,7,33,10,16,10
mrp-1,121,102,128,80,114,105
mrp-2,151,145,139,31,62,36
mrp-3,33,38,26,14,26,8
mrp-4,85,103,98,77,73,63
mrp-5,116,120,166,94,139,94
mrp-6,17,21,25,6,10,1
mrp-7,74,48,59,29,31,33
mrp-8,33,37,32,19,35,22
mars-1,54,51,84,54,57,43
mrt-2,5,8,5,2,8,3
msh-2,11,13,4,5,19,4
msh-6,26,24,12,12,12,12
msi-1,26,38,37,19,16,11
mtd-1,0,3,2,1,1,3
mtk-1,62,41,56,71,60,56
mtl-1,0,0,0,0,0,0
mtl-2,4,6,6,0,0,0
mtm-1,4,2,8,7,16,2
mtm-3,130,117,123,129,135,110
mtm-5,20,14,16,27,29,27
mtm-6,17,14,13,21,23,13
mtm-9,9,29,13,6,12,5
klf-3,2,5,9,1,4,8
mua-3,35,37,21,61,76,54
mua-6,82,77,72,129,144,113
mup-2,465,377,388,348,384,243
mup-4,239,285,316,268,354,267
mut-7,4,5,12,7,2,4
mut-14,3,6,8,0,1,0
mut-16,22,40,25,23,28,27
mxl-1,1,3,2,1,5,0
mxl-2,9,7,4,7,8,1
mxl-3,63,98,91,44,71,59
myo-2,696,706,819,555,639,505
myo-3,693,789,764,608,635,466
nab-1,33,29,35,19,26,23
nac-1,10,17,23,33,52,19
nac-2,4,6,5,10,14,13
nac-3,25,47,51,31,23,17
nas-9,5,1,7,12,8,0
nas-11,8,8,17,14,11,5
nas-25,2,7,0,2,0,2
nas-31,7,3,8,5,7,0
nas-32,2,6,5,7,2,5
nas-37,1,0,0,3,4,1
nas-39,6,13,8,2,8,3
nca-2,12,11,17,4,10,8
ncl-1,174,145,149,147,142,126
ncr-1,49,35,28,33,18,21
ncs-2,48,49,36,62,37,25
ncs-3,1,0,3,4,1,0
ncx-1,53,49,66,63,66,42
ncx-2,433,343,499,342,402,218
ncx-3,26,20,39,36,31,45
ncx-4,15,9,21,22,6,6
ncx-6,0,1,2,2,6,4
ncx-7,3,9,2,7,4,2
ncx-8,4,1,0,2,2,3
ndc-80,13,8,6,8,20,2
ndg-4,6,13,6,8,8,10
ndx-1,3,2,8,2,4,0
ndx-2,2,7,11,3,5,2
ndx-3,4,7,5,3,1,5
ndx-4,1,0,4,1,2,3
dcap-2,15,25,33,18,19,15
ndx-6,0,8,4,6,1,0
ndx-7,7,2,13,5,5,5
ndx-9,9,5,10,3,5,0
ned-8,4,1,3,4,9,3
nex-1,42,54,54,53,49,30
nex-2,28,14,23,14,32,21
nex-3,3,4,1,4,7,2
nex-4,18,21,13,10,4,11
nfi-1,11,7,25,20,26,14
nfm-1,22,15,22,29,15,9
nft-1,7,14,17,16,12,7
ngp-1,194,150,141,142,127,86
nhl-1,10,26,31,10,14,20
nhl-2,61,64,41,81,50,72
nhl-3,24,15,14,23,23,20
nhr-1,59,67,53,42,48,10
nhr-3,17,37,38,27,18,26
nhr-4,11,8,7,4,1,2
nhr-5,7,4,4,4,2,3
nhr-6,25,39,19,33,41,19
nhr-7,30,20,41,26,24,34
nhr-8,13,10,11,12,8,6
nhr-10,13,20,22,12,18,10
nhr-11,4,8,4,6,12,1
nhr-13,1,1,4,6,0,6
nhr-14,1,7,10,7,10,4
nhr-17,38,59,39,37,47,13
nhr-19,33,42,51,18,27,19
nhr-20,5,12,11,1,7,1
nhr-21,83,138,93,62,52,73
nhr-22,19,28,21,11,10,11
nhr-23,5,5,3,1,2,5
nhr-25,28,75,75,27,35,57
nhr-28,11,20,15,8,15,4
nhr-31,37,40,37,26,28,10
nhr-32,1,7,9,7,6,1
nhr-34,35,28,59,13,49,21
nhr-35,15,29,29,9,27,19
nhr-40,20,18,12,23,18,21
nhr-42,11,3,8,5,8,2
nhr-43,7,7,3,11,7,8
nhr-44,10,6,7,6,10,11
nhr-45,17,13,26,12,16,17
nhr-46,45,63,41,36,45,45
nhr-47,7,10,16,8,2,7
nhr-48,48,72,68,47,70,45
nhr-49,34,42,54,47,42,31
nhr-50,5,2,3,2,1,4
nhr-53,3,1,2,7,2,0
nhr-55,4,1,3,2,4,2
nhr-56,6,4,7,3,0,2
nhr-57,0,15,8,0,3,5
nhr-59,1,1,5,4,4,0
nhr-60,15,8,5,0,3,8
nhr-61,14,15,8,6,21,14
nhr-62,6,2,6,0,3,2
nhr-63,1,0,1,2,2,1
nhr-64,6,10,8,12,4,7
nhr-65,4,1,9,5,4,0
nhr-66,23,12,22,8,23,10
nhr-68,11,26,25,17,15,9
nhr-69,8,2,7,8,9,2
nhr-70,8,26,27,21,29,12
nhr-71,16,17,14,2,7,5
nhr-79,6,7,7,4,3,3
nhr-80,3,4,9,5,4,5
nhr-84,19,14,9,14,18,15
nhr-85,8,11,18,8,12,23
nhr-86,11,2,17,4,7,9
nhr-87,0,1,1,4,6,0
nhr-88,86,100,127,102,98,86
nhr-90,8,7,4,7,2,4
nhr-91,1,4,11,6,5,7
nhr-95,3,3,5,0,4,1
nhr-97,187,160,178,155,166,170
nhr-98,8,2,1,0,2,1
nhr-99,1,1,3,5,6,0
nhr-100,10,10,11,9,13,3
nhr-101,15,17,15,26,14,11
nhr-102,3,1,10,7,3,1
nhr-103,0,0,0,8,2,0
nhr-104,4,2,1,1,4,7
nhr-105,25,10,25,20,23,11
nhr-107,3,6,6,3,2,4
nhr-109,2,2,0,2,5,4
nhr-112,3,6,2,0,3,0
nhr-114,46,90,73,17,44,55
nhr-117,4,5,10,8,8,0
nhr-119,27,40,39,28,40,20
nhr-120,13,21,24,8,20,9
nhr-121,1,5,2,5,6,0
nhr-122,1,8,8,7,6,4
nhr-126,2,2,0,0,3,1
nhr-130,7,5,12,6,5,5
nhr-131,4,13,8,10,3,8
nhr-132,7,5,1,1,6,0
nhr-133,3,6,10,13,5,2
nhr-134,6,11,16,9,8,7
nhr-135,6,4,1,1,2,2
nhr-136,4,1,3,2,0,2
nhr-137,16,17,19,14,15,20
nhr-138,15,1,15,5,10,6
nhx-1,3,1,11,3,1,0
nhx-2,28,22,32,41,25,9
nhx-3,5,5,3,11,9,9
nhx-4,8,11,13,6,12,16
nhx-5,15,12,10,7,6,8
nhx-8,33,57,54,33,32,38
nhx-9,11,7,8,7,11,5
nid-1,109,67,100,69,79,73
nlp-1,4,3,18,8,18,5
nlp-3,8,7,12,12,15,3
nlp-5,1,2,6,1,7,3
nlp-6,9,4,7,3,3,2
nlp-7,1,0,0,3,5,1
nlp-8,7,24,26,14,20,9
nlp-9,1,3,6,2,4,1
nlp-10,14,8,15,3,16,11
nlp-11,4,4,4,4,5,0
nlp-12,9,8,22,5,11,8
nlp-13,36,35,37,14,29,28
nlp-14,10,34,43,15,21,18
nlp-15,14,8,20,14,18,5
nlp-16,57,38,75,27,26,10
nlp-17,5,4,8,1,3,0
nlp-18,7,20,9,20,6,3
nlp-20,2,2,1,4,6,0
nlp-21,19,35,24,29,33,17
nlp-24,14,27,14,60,49,28
nlp-25,0,0,0,0,0,0
nlp-26,4,0,1,4,2,1
nlp-27,0,1,0,1,0,0
nlp-28,1,0,0,0,1,0
nlp-29,1,3,5,2,1,0
nlp-31,1,2,1,1,2,2
nlp-33,0,2,0,7,2,0
nlr-1,26,8,16,19,15,3
nlt-1,16,8,25,20,19,6
nmr-2,1,1,0,2,6,0
nmy-1,140,90,112,110,126,106
nmy-2,165,107,157,117,137,87
nnt-1,6,5,1,0,8,4
nob-1,1,1,5,6,0,2
nos-3,32,28,37,29,32,26
npa-1,654,499,655,456,529,254
npp-1,17,1,2,11,6,1
npp-2,20,22,37,10,6,6
npp-3,197,233,266,98,110,109
npp-4,29,20,29,13,14,8
npp-5,28,44,38,36,19,28
npp-6,62,43,82,45,41,34
npp-7,98,135,148,67,84,96
npp-8,62,104,88,80,65,52
npp-9,134,139,149,64,74,57
npp-10,133,138,166,115,82,100
npp-11,42,68,54,16,30,26
npp-12,131,160,149,101,95,59
npp-13,52,55,41,31,27,28
npp-14,52,40,56,41,20,16
npp-15,23,47,40,25,23,26
npp-16,22,24,16,8,7,0
rae-1,15,20,19,14,12,5
npp-18,22,22,23,15,11,16
npp-19,5,18,16,10,4,8
npp-20,15,12,17,3,10,11
npr-2,4,1,4,1,7,2
nrf-5,36,18,39,22,27,11
nrf-6,20,16,16,16,9,14
nars-1,53,24,53,38,21,19
asns-1,5,6,11,10,14,0
nsf-1,66,46,80,50,43,27
nst-1,120,78,68,94,81,48
nsy-1,54,46,63,56,60,38
ntl-2,55,41,48,47,49,42
ntl-3,67,49,46,32,55,27
ntl-4,78,61,100,80,79,66
nuc-1,26,18,37,30,19,18
nud-1,15,16,21,13,19,9
num-1,16,21,29,10,14,6
nuo-1,253,275,325,240,288,163
nxf-1,57,49,45,64,58,29
nxt-1,2,14,1,1,4,3
oat-1,13,13,12,16,16,1
ocr-2,0,0,1,1,2,0
2-Oct,8,2,3,12,7,4
odc-1,57,54,72,58,67,36
odd-2,2,11,7,1,5,2
blmp-1,18,11,15,18,12,17
odr-2,7,7,14,4,11,3
odr-3,2,5,13,11,7,1
odr-4,5,9,15,13,22,4
ogt-1,117,78,81,89,109,67
oig-1,3,0,3,0,8,0
oig-2,3,1,0,3,3,0
oig-3,5,1,3,0,2,1
ooc-3,8,7,15,3,8,5
ooc-5,1,8,8,7,9,1
pept-2,8,6,6,2,6,7
pept-1,214,292,297,192,201,174
pept-3,8,6,7,6,4,7
orc-2,5,3,7,2,4,5
osm-1,20,10,13,8,8,4
osm-7,12,17,8,2,17,6
osm-9,15,3,9,6,18,2
osm-10,15,9,10,13,6,12
osm-11,43,63,73,47,73,34
ost-1,479,531,580,440,456,262
oxi-1,23,14,23,3,5,13
paa-1,117,155,180,123,121,89
pab-1,973,984,1159,977,991,792
pab-2,83,111,127,84,90,63
pabp-2,27,37,37,15,31,12
pad-1,148,183,151,126,106,103
paf-2,8,2,6,8,4,3
pak-1,20,7,17,10,15,5
pam-1,60,43,62,28,25,53
pan-1,41,35,29,34,33,24
par-1,168,210,197,173,200,114
par-2,4,1,3,4,3,3
par-3,22,22,27,22,31,36
par-4,18,12,12,13,17,8
par-5,212,187,261,221,258,137
par-6,13,3,13,6,6,8
pas-1,29,47,43,21,34,16
pas-2,58,49,43,38,48,31
pas-3,61,35,39,43,34,12
pas-4,18,25,32,33,17,15
pas-5,32,54,65,33,41,35
pas-6,47,64,76,52,52,59
pas-7,79,59,83,35,62,44
pat-2,114,87,104,65,108,81
pat-3,134,122,164,141,140,80
pat-4,39,33,33,25,25,19
pat-6,33,32,31,31,35,18
pat-9,6,6,5,1,7,1
pat-10,212,203,252,194,233,118
pat-12,40,43,26,34,36,21
pbo-1,23,43,44,32,41,7
pbo-4,27,16,17,12,11,13
pbs-1,51,74,79,44,60,25
pbs-2,48,73,51,27,61,27
pbs-3,33,36,39,27,25,17
pbs-4,17,12,14,10,14,9
pbs-5,37,45,36,34,32,23
pbs-6,31,41,48,26,46,21
pbs-7,30,18,26,26,19,10
pcm-1,7,0,2,3,7,2
pcn-1,28,22,14,20,21,11
pcp-1,41,33,47,45,37,24
pcp-2,92,108,125,57,66,72
pcp-3,67,74,93,86,68,55
pcp-4,25,29,43,15,23,37
pcs-1,21,43,22,11,17,17
pct-1,29,32,23,34,37,26
pdi-1,91,119,146,99,128,102
pdi-2,327,363,414,361,451,253
pdi-3,218,194,248,224,212,151
pdk-1,22,13,15,13,11,5
pdl-1,0,0,4,0,7,2
pdr-1,25,12,16,15,29,13
pef-1,15,8,8,3,4,7
pek-1,67,61,59,85,85,49
pes-4,19,19,26,18,24,15
pes-5,8,4,6,3,11,6
pes-7,63,100,89,56,81,73
pes-9,126,204,206,113,145,103
mct-4,36,49,49,28,48,22
pfn-1,11,10,18,9,10,2
pfn-2,10,11,9,11,9,17
pfn-3,5,4,6,1,8,2
pgl-1,8,1,3,5,5,10
pgp-1,41,48,98,4,23,13
pgp-2,57,66,54,40,44,26
pgp-3,46,44,55,15,28,12
pgp-4,12,13,9,5,2,3
pgp-5,7,4,8,2,2,1
pgp-6,2,9,14,3,2,2
pgp-8,51,52,57,0,1,1
pgp-9,41,58,49,26,21,28
pgp-10,22,20,17,16,18,17
pgp-11,3,8,7,14,8,4
pgp-12,16,18,28,14,15,2
pgp-14,125,146,183,46,77,63
pha-1,7,9,3,5,1,8
pha-4,40,30,31,16,24,25
phb-1,132,167,164,133,118,120
phb-2,130,197,214,131,156,111
phf-5,3,2,10,3,3,11
phg-1,0,3,1,7,5,2
pho-1,36,20,17,22,34,25
pho-4,18,18,8,5,15,10
php-3,3,3,0,1,1,2
phy-2,22,17,26,26,22,18
pik-1,3,3,6,5,4,2
pin-2,0,7,3,1,2,2
pis-1,35,34,19,20,24,9
pkc-1,37,31,54,49,22,17
pkc-2,25,42,60,44,35,33
pkc-3,23,10,11,26,8,11
plc-1,41,71,46,46,44,48
plc-2,13,21,26,14,13,5
plc-3,21,15,30,18,15,27
plc-4,26,4,22,14,14,11
pld-1,69,45,57,76,103,36
plk-1,15,17,16,10,26,14
pll-1,33,64,32,26,21,28
plp-1,33,24,34,28,18,47
plx-1,64,104,108,51,62,52
plx-2,23,38,25,28,22,26
parp-1,20,25,19,7,10,12
parp-2,4,1,11,3,4,13
parg-1,11,12,11,7,7,3
tank-1,250,318,379,184,267,188
pmk-1,15,19,12,24,32,19
pmk-2,3,3,9,4,5,4
pmk-3,11,13,4,5,10,8
pmp-1,41,34,33,35,44,20
pmp-2,32,17,24,18,14,11
pmp-3,40,38,34,24,29,11
pmp-4,11,27,14,12,12,9
pmp-5,48,83,54,40,49,39
pmr-1,45,64,63,34,31,38
pms-2,7,24,11,9,14,8
pnk-1,30,11,10,9,11,19
pod-1,61,79,103,47,65,66
pod-2,574,735,704,549,704,517
pop-1,14,12,11,11,24,13
pph-1,12,14,4,14,6,10
pph-4.1,16,16,10,16,21,17
ppk-1,22,38,30,20,25,17
ppk-2,10,17,25,14,16,18
ppk-3,20,26,25,14,14,28
eif-2Bgamma,13,8,15,18,15,6
pps-1,11,12,6,4,15,10
ppw-2,22,32,28,17,18,16
pqe-1,81,110,96,102,102,55
pqm-1,43,24,35,24,22,20
pqn-8,0,2,6,5,0,3
hgrs-1,23,40,32,26,19,18
pqn-13,1,0,0,11,12,6
szy-20,12,19,9,10,9,6
pqn-15,43,54,52,45,47,36
pqn-18,23,33,43,23,23,23
stam-1,13,7,17,11,12,19
pqn-20,37,73,81,49,46,36
pqn-21,15,11,10,5,12,6
pqn-22,82,91,148,77,80,65
pqn-24,5,1,6,7,6,7
pqn-25,44,76,52,33,33,42
pqn-27,31,27,33,35,32,21
sin-3,55,15,55,30,32,19
pqn-31,18,27,28,19,7,9
pqn-32,2,1,0,20,25,5
ptrn-1,31,32,34,15,18,19
pqn-35,30,7,9,12,14,15
pqn-36,4,5,6,5,4,6
pqn-37,14,24,16,6,7,16
mdt-30,18,9,5,4,9,13
pqn-39,10,14,7,11,9,12
pqn-41,82,84,98,50,96,47
pqn-42,4,3,2,6,2,4
ketn-1,510,458,540,391,462,342
pqn-44,262,280,229,256,245,201
ifet-1,50,90,78,55,66,50
abu-13,0,1,1,13,8,5
myrf-1,52,89,80,79,88,61
pqn-48,15,25,14,30,19,13
pqn-51,8,15,8,12,7,11
pqn-53,27,87,84,39,36,53
ebax-1,20,27,16,26,32,14
pqn-59,189,134,231,167,197,128
pqn-60,8,12,14,7,10,3
pqn-62,37,41,36,34,45,36
larp-5,44,72,72,48,47,60
pqn-65,45,39,55,32,37,33
pqn-70,16,11,16,28,12,13
pqn-74,11,36,29,28,22,12
pqn-75,19,17,20,14,19,15
pqn-80,32,24,42,24,20,20
pqn-83,39,28,39,36,35,30
pqn-85,78,91,97,66,57,53
pqn-87,320,248,316,226,227,136
pqn-88,5,4,1,1,0,0
pqn-89,27,23,33,26,30,17
pqn-92,12,8,8,12,7,5
pqn-94,34,73,75,49,27,38
abu-14,0,0,1,24,42,11
pqn-96,24,24,26,23,23,23
pqn-98,0,0,2,1,0,1
prg-1,12,10,17,8,15,9
pri-1,5,2,1,4,10,9
pri-2,8,12,7,7,6,5
prk-1,23,14,12,18,30,14
prk-2,4,1,3,6,4,5
T19D2.2,27,62,44,19,21,46
pro-1,13,30,19,5,15,19
prpf-4,35,31,29,19,31,20
prp-8,332,299,339,257,282,260
prp-21,30,27,52,30,23,39
pars-1,46,65,58,56,61,27
pars-2,4,18,9,4,3,1
prx-1,7,2,6,4,10,7
prx-3,0,10,1,0,2,1
prx-5,10,7,11,5,14,1
prx-6,6,9,8,2,5,6
prx-11,0,0,1,2,0,0
prx-12,2,1,8,6,0,2
prx-13,3,0,5,4,1,0
prx-14,7,5,13,12,18,3
prx-19,23,8,14,8,18,7
pry-1,21,21,33,18,23,17
swsn-1,59,43,70,45,38,13
swsn-4,130,77,103,83,101,96
psr-1,13,17,6,9,13,13
pst-1,6,5,3,13,16,2
ptb-1,5,2,20,3,13,1
ptc-1,135,105,138,125,158,148
ptc-3,36,57,37,53,79,36
ptl-1,49,66,68,68,62,61
ptp-1,43,36,36,36,55,26
ptp-2,21,22,25,23,29,14
ptp-3,70,72,104,77,91,88
ptr-1,2,1,0,5,5,8
ptr-2,0,0,0,12,3,0
ptr-3,10,9,3,7,3,7
ptr-4,3,0,0,29,20,23
ptr-5,12,28,16,23,30,19
ptr-6,13,8,7,11,4,3
ptr-8,26,30,35,52,27,41
ptr-10,1,0,1,0,4,2
ptr-11,9,7,9,14,6,18
ptr-12,22,30,49,22,36,31
ptr-13,12,11,14,15,9,7
ptr-14,12,11,6,14,7,4
ptr-18,2,9,6,27,8,6
ptr-21,51,40,67,32,51,34
ptr-22,0,10,2,3,0,0
ptr-23,29,19,28,20,26,16
ptr-24,22,12,22,22,12,6
puf-9,57,73,75,56,64,46
pus-1,10,14,20,19,16,14
pvf-1,4,6,7,12,3,6
pxf-1,17,31,44,12,14,13
pxn-1,12,15,19,11,16,28
pxn-2,6,13,22,14,16,8
pyc-1,274,314,252,319,322,265
pyr-1,127,123,104,63,74,39
qua-1,0,0,5,21,35,5
qui-1,13,29,33,25,24,10
rab-1,38,36,61,67,45,32
rab-3,28,63,52,22,21,20
rab-5,19,27,32,52,32,18
rab-6.1,3,8,3,7,3,4
rab-6.2,7,15,10,2,8,10
rab-7,43,68,57,55,61,47
rab-8,21,52,32,27,31,23
rab-10,31,38,28,24,22,17
rab-11.1,68,97,100,58,92,87
rab-14,4,6,9,7,13,5
rab-18,6,13,5,9,0,3
rab-19,6,7,6,4,5,11
rab-28,2,9,1,4,2,3
rab-33,2,5,6,8,5,5
rab-35,14,11,7,4,6,5
rab-37,1,3,1,2,3,0
rab-39,13,22,8,4,8,7
rad-50,42,40,42,17,21,16
rad-51,2,6,1,0,6,0
ram-2,99,66,104,74,106,64
ran-1,110,107,108,82,103,35
ran-2,62,32,51,34,27,20
ran-3,50,25,51,38,43,23
ran-4,9,21,17,10,14,8
ran-5,12,36,16,26,21,13
rap-1,7,12,21,22,19,5
rap-2,5,7,4,11,7,10
ras-1,24,4,10,18,18,13
ras-2,12,4,13,6,2,7
rba-1,20,11,11,18,24,7
rbc-1,234,275,281,157,217,205
rbc-2,20,22,37,23,27,32
rbd-1,49,52,50,27,42,19
rbf-1,31,32,28,22,35,28
rbg-1,15,7,29,17,13,23
rbg-2,35,22,24,23,30,18
rbr-2,46,28,52,38,34,39
rbx-1,11,3,7,3,3,8
rcan-1,16,11,6,5,6,6
rcq-5,25,17,30,15,17,20
rde-1,16,13,17,7,26,13
rde-2,33,26,11,15,13,11
rde-4,9,15,16,13,8,10
ret-1,165,162,174,120,123,106
rfc-1,12,24,13,14,18,13
rfc-2,4,2,2,6,7,6
rfc-3,10,6,5,9,15,2
rfc-4,3,18,11,13,11,8
rfl-1,8,13,4,4,0,0
rgr-1,26,20,34,29,30,17
rgs-1,3,11,8,9,4,2
rgs-2,10,9,2,6,6,6
rgs-3,5,19,8,5,1,3
rgs-4,16,18,22,15,16,25
rgs-6,12,23,17,9,12,4
rgs-7,14,11,13,20,7,9
rha-1,41,24,55,37,28,23
rhi-1,12,10,10,7,10,5
rho-1,186,186,175,147,143,120
rhr-1,65,103,89,75,110,81
rhr-2,1,2,1,14,5,2
rib-1,9,6,4,2,0,2
rib-2,3,6,3,7,6,3
ric-3,23,8,20,11,10,8
ric-4,29,24,28,17,22,9
ric-8,17,34,20,8,11,13
ric-19,1,8,8,1,5,1
rig-1,6,13,6,5,12,5
rig-3,30,62,64,30,33,50
rig-4,55,73,86,61,75,87
rig-5,6,1,0,3,1,0
rme-1,44,40,65,42,64,46
rme-4,12,7,15,4,9,6
rme-6,10,18,10,15,2,6
rme-8,103,77,107,88,114,60
rnf-5,9,10,11,2,6,5
rnh-1.0,7,2,4,1,5,2
rnh-2,1,2,1,0,0,1
rnp-1,10,11,12,11,11,9
rnp-2,12,7,10,8,8,4
rnp-3,11,10,10,4,3,5
rnp-4,14,18,27,13,28,10
rnp-5,16,17,32,13,19,21
rnp-6,34,15,28,13,27,15
rnp-7,9,12,18,19,11,7
rnr-1,31,42,44,43,50,41
rnr-2,16,19,24,23,23,16
rol-3,17,17,23,8,12,11
rol-6,0,0,0,21,21,1
rol-8,1,0,0,54,68,23
rom-1,2,6,3,5,5,2
rom-4,19,25,24,22,19,19
rom-5,2,4,2,4,8,0
rop-1,105,150,138,49,68,37
rla-0,1226,1300,1355,1119,1274,1176
rla-1,369,299,390,340,370,246
rla-2,99,100,128,101,98,55
rpc-1,45,29,58,25,32,38
rpl-1,281,189,261,329,322,246
rpl-2,1505,1079,1550,1493,1479,1062
rpl-3,1076,1013,1325,1332,1395,1046
rpl-4,1669,1908,1960,1595,1812,1690
rpl-5,785,627,926,786,888,594
rpl-6,1226,960,1322,1113,1254,1035
rpl-7,582,595,683,592,670,477
rpl-7A,403,479,533,459,590,507
rpl-9,431,398,489,386,502,400
rpl-10,529,478,607,462,566,379
rpl-11.1,38,48,30,28,34,17
rpl-11.2,647,455,681,675,736,484
rpl-12,395,496,498,431,522,364
rpl-13,692,587,726,710,757,502
rpl-14,240,197,224,248,249,165
rpl-15,831,851,995,825,944,817
rpl-16,567,466,608,529,655,460
rpl-17,733,725,860,729,714,593
rpl-18,556,534,617,567,617,432
rpl-19,577,463,654,616,622,446
rpl-20,482,527,618,537,584,532
rpl-21,408,382,421,429,471,291
rpl-22,118,66,153,156,142,93
rpl-23,244,266,256,255,269,222
rpl-24.1,318,220,315,268,294,185
rpl-24.2,83,103,93,75,89,77
rpl-25.1,317,324,382,302,358,248
rpl-25.2,641,444,647,568,670,441
rpl-26,867,1153,1127,968,1256,1034
rpl-27,237,146,289,270,298,143
rpl-28,219,189,229,223,221,164
rpl-29,90,38,65,66,61,22
rpl-30,268,344,362,357,367,304
rpl-31,180,207,232,202,268,150
rpl-32,586,498,645,601,611,423
rpl-33,211,176,218,209,229,156
rpl-34,176,147,188,191,185,93
rpl-35,206,134,189,165,173,140
rpl-36,184,92,168,170,158,99
rpl-38,82,39,76,69,75,30
rpl-39,34,21,23,22,35,13
rpl-36.A,132,67,116,119,104,42
rpl-43,218,146,188,190,130,95
rpm-1,22,34,25,17,22,25
rpn-1,95,80,113,68,76,50
rpn-2,111,98,90,78,84,48
rpn-3,79,84,111,90,93,76
rpn-5,56,52,64,35,75,26
rpn-6.1,108,158,152,92,109,69
rpn-7,29,20,34,34,26,17
rpn-8,32,34,51,35,30,24
rpn-9,59,64,75,41,59,23
rpn-10,35,46,58,40,28,23
rpn-11,45,27,36,54,39,19
rpn-12,20,29,28,21,39,11
rps-0,1084,1294,1385,1125,1244,1198
rps-1,769,610,783,823,834,602
rps-2,992,1175,1269,1042,1194,862
rps-3,905,648,932,817,878,665
rps-4,1293,1669,1726,1428,1642,1505
rps-5,897,784,1037,861,947,724
rps-6,961,797,944,968,985,801
rps-7,694,566,708,629,739,522
rps-8,1220,1289,1427,1185,1413,1131
rps-9,298,188,267,246,269,177
rps-10,519,554,597,579,580,391
rps-11,457,355,490,429,440,279
rps-12,280,195,255,270,286,175
rps-13,128,66,120,134,137,87
rps-14,725,700,852,772,766,574
rps-15,394,247,432,355,384,224
rps-16,197,176,253,203,238,160
rps-17,216,171,226,232,246,159
rps-18,440,324,435,427,483,264
rps-19,212,181,252,231,233,219
rps-20,159,141,186,154,161,93
rps-21,430,589,516,369,512,389
rps-22,327,381,438,321,418,348
rps-23,411,279,460,422,415,263
rps-24,367,221,355,377,358,213
rps-25,282,405,372,298,314,325
rps-26,730,926,914,785,831,632
rps-27,94,61,85,91,87,75
rps-28,65,27,53,54,61,23
rps-29,62,44,53,58,32,23
rps-30,295,317,379,296,339,288
rpt-1,36,30,30,40,31,38
rpt-2,136,196,154,116,101,109
rpt-3,47,74,72,38,43,57
rpt-4,31,40,41,34,36,10
rpt-5,51,96,115,61,68,38
rpt-6,54,68,79,56,61,50
rpy-1,9,18,26,11,14,1
rrf-1,26,25,31,12,17,18
rrf-2,31,19,16,14,21,3
rrf-3,14,8,5,16,8,15
rars-1,34,20,56,38,57,29
rars-2,2,1,12,6,9,6
rsd-2,26,29,31,11,7,7
rsd-3,23,21,26,23,22,17
rsd-6,35,33,36,18,30,31
rsp-1,43,34,40,31,30,28
rsp-2,40,39,82,45,63,48
rsp-3,59,43,62,44,73,44
rsp-4,17,9,13,14,6,5
rsp-5,7,17,28,21,23,15
rsp-6,38,38,57,51,55,29
rsp-7,33,23,22,20,36,18
rsp-8,28,21,34,17,18,16
rsr-1,49,41,53,29,41,26
sad-1,22,34,34,24,19,7
san-1,0,0,3,3,5,2
sap-49,35,36,45,27,30,21
sas-4,28,60,36,26,32,38
sax-1,18,19,15,24,22,15
sax-2,75,54,77,56,46,45
sax-3,43,33,30,34,28,27
sax-7,109,88,125,88,135,82
sbp-1,44,56,59,32,53,23
sca-1,1768,2084,2262,1706,1817,1527
scc-1,8,21,3,1,9,10
scc-3,35,62,57,38,33,63
scd-1,101,71,95,83,122,84
scd-2,15,24,18,10,15,9
scm-1,21,13,25,28,19,4
scp-1,76,68,49,48,55,46
sdc-1,6,15,8,8,14,6
sdc-2,28,25,32,26,31,23
sdc-3,51,37,42,36,54,24
sdn-1,14,9,15,11,25,16
sea-2,136,121,147,133,156,90
sec-5,26,49,35,14,22,23
sec-8,13,9,25,5,17,10
sec-23,83,126,96,69,77,58
sec-24.1,94,97,103,81,64,54
sec-24.2,63,142,113,60,75,68
sek-1,8,4,19,11,22,15
sel-1,45,31,56,27,29,6
sel-2,156,125,166,114,127,107
sel-5,22,23,25,21,21,24
sel-8,22,15,20,16,28,7
sel-9,12,20,13,18,24,10
sel-10,11,15,25,28,17,7
sel-11,19,34,26,21,36,19
sel-12,3,9,8,4,2,2
sem-2,5,1,3,9,3,1
sem-4,53,57,43,50,31,41
sem-5,5,5,4,6,4,5
1-Sep,8,3,3,15,11,7
ser-1,6,11,13,2,2,2
ser-2,0,3,4,0,8,3
ser-3,6,16,12,18,4,10
ser-4,6,22,23,6,15,16
set-1,10,16,21,8,19,9
set-2,59,91,59,28,56,53
seu-1,41,41,58,33,38,33
sex-1,3,7,8,5,4,2
sft-1,4,1,3,7,1,0
sft-4,44,89,50,39,38,34
sgk-1,28,72,49,33,36,22
sgn-1,2,1,11,3,2,4
sid-1,1,3,2,4,8,2
sid-2,6,5,5,11,11,4
sip-1,6,14,7,11,9,8
sir-2.1,18,23,49,10,25,20
sir-2.2,7,16,7,16,11,6
skn-1,98,91,94,60,65,28
skp-1,30,30,39,30,31,12
skr-1,82,97,81,84,80,44
skr-2,1,0,0,2,1,0
skr-3,8,20,15,11,25,20
skr-16,0,0,3,3,6,2
F56B3.4,35,21,12,3,13,11
skr-19,9,30,24,12,22,19
skr-20,1,5,5,5,2,9
skr-21,0,0,2,0,5,0
sli-1,13,8,9,17,10,8
slo-1,41,34,47,34,48,36
slo-2,19,43,20,32,28,42
slt-1,42,22,32,26,25,15
sma-1,276,145,228,161,169,196
sma-2,2,6,5,3,4,6
sma-3,10,13,8,6,8,6
sma-4,20,18,28,17,21,9
sma-5,16,17,12,15,18,11
sma-6,9,30,15,11,11,7
sma-9,165,175,166,199,188,145
smc-3,41,31,42,29,43,19
smc-4,57,49,58,72,64,57
smd-1,98,124,113,90,95,84
smf-1,1,0,3,2,6,4
smf-3,1,5,2,0,1,6
smg-1,61,57,72,45,62,27
smg-2,55,83,84,44,60,61
smg-3,35,19,44,29,42,39
smg-4,18,12,14,12,6,11
smg-5,7,9,13,4,6,1
smg-6,78,70,88,55,54,45
smg-7,0,2,0,5,4,1
smi-1,1,3,1,1,5,1
smn-1,1,2,3,5,8,0
smo-1,25,37,29,37,34,29
smp-1,13,16,11,12,16,9
smp-2,16,19,18,21,15,5
smr-1,13,21,5,11,4,3
sms-1,20,32,27,13,31,10
sms-2,17,21,20,12,9,17
sms-3,7,7,4,9,12,13
smu-1,19,8,21,12,7,4
smu-2,33,28,23,31,20,14
snb-1,23,26,20,27,17,24
snb-2,0,5,2,2,2,0
snf-1,24,15,25,23,14,7
snf-3,64,84,74,45,51,43
snf-6,12,8,13,5,4,2
snf-11,26,24,23,20,19,10
snf-12,13,29,26,2,11,10
sng-1,25,47,39,29,24,21
snn-1,6,8,13,11,12,4
snr-1,142,79,130,93,136,74
snr-2,14,16,11,14,20,8
snr-3,9,10,16,17,20,7
snr-4,13,11,36,17,6,5
snr-5,2,2,1,8,3,2
snr-6,35,27,44,30,14,10
snr-7,5,2,0,5,5,9
snt-1,19,28,29,30,23,20
snt-2,15,24,13,8,6,5
snt-3,13,9,12,9,9,5
snt-4,73,80,73,74,94,48
snt-5,22,23,11,9,11,3
snt-6,6,6,4,10,8,6
snx-1,8,11,34,16,9,19
soc-1,9,12,6,4,12,10
soc-2,26,52,41,34,37,24
sod-1,42,97,63,44,53,23
sod-2,19,11,19,20,16,12
sod-4,16,9,17,21,9,10
sol-1,10,2,3,12,11,10
sop-2,27,45,38,36,38,31
sop-3,32,39,33,31,47,28
sos-1,54,65,53,54,55,38
sox-2,15,5,15,13,10,3
sox-3,4,7,2,5,7,8
spc-1,555,501,638,442,509,432
spd-1,27,28,20,16,19,16
spd-2,17,14,15,9,28,10
spd-5,41,28,27,32,52,24
spe-15,1,2,9,4,0,5
spe-39,14,13,20,9,0,13
spg-7,143,148,173,132,142,93
sph-1,10,9,18,16,25,15
spk-1,99,111,138,113,96,81
spl-1,52,35,31,32,28,30
spp-1,40,38,29,42,66,34
spp-2,16,17,18,19,9,7
spp-3,73,79,90,76,101,43
spp-4,2,0,2,1,0,0
spp-5,89,87,126,101,101,57
spp-8,57,78,80,37,60,47
spp-10,63,75,78,60,60,34
spp-14,81,89,86,103,118,35
spp-15,5,2,7,11,11,0
spp-16,15,25,25,16,21,8
spp-17,157,99,128,117,113,84
spp-18,34,43,42,26,30,11
spr-1,10,4,5,8,10,4
spr-2,2,18,23,9,14,13
spr-4,51,36,57,33,50,40
spr-5,32,53,45,23,46,41
spt-4,4,3,6,7,3,1
spt-5,91,75,88,68,81,42
sqt-1,0,0,0,64,55,14
sqt-2,0,0,0,33,16,7
sqt-3,0,1,0,70,69,27
sqv-1,5,7,31,23,9,6
sqv-3,4,2,9,0,1,0
sqv-4,3,5,11,6,7,6
sqv-5,27,30,18,18,25,27
sqv-6,9,15,14,6,15,10
sqv-7,12,24,29,18,20,23
sqv-8,4,16,11,3,9,15
src-1,13,20,27,22,17,19
src-2,8,5,1,4,2,0
srf-3,3,4,6,2,1,2
srp-3,3,3,2,0,3,2
srp-6,6,16,11,9,17,2
srp-7,33,48,30,31,30,26
srr-1,0,2,0,0,1,0
srr-4,9,12,11,10,14,15
sars-2,19,15,9,9,7,1
sars-1,104,72,81,75,100,52
srv-1,1,2,7,7,5,0
srw-85,0,5,7,10,2,5
ssr-2,9,5,3,4,3,0
stc-1,14,10,16,26,14,8
stl-1,17,14,17,8,14,16
stn-1,13,37,30,11,9,18
sto-2,3,1,0,1,2,0
sto-4,10,11,15,1,8,5
sto-5,2,8,6,4,7,5
sto-6,0,0,3,2,0,3
str-176,3,0,3,4,1,2
sue-1,14,27,32,45,34,11
suf-1,15,23,29,14,12,10
sul-2,10,6,9,8,12,3
sup-9,3,4,3,3,0,4
sup-10,5,4,3,2,0,0
sup-12,7,11,20,11,8,11
sup-17,32,36,25,42,30,30
sup-26,51,75,82,79,90,48
sup-37,53,28,58,41,46,22
sur-2,34,22,23,27,48,22
sur-5,72,67,76,48,38,28
sur-6,41,39,57,37,32,47
sur-7,6,14,7,1,10,6
swp-1,10,18,20,7,15,15
syd-1,29,26,48,12,20,19
syd-2,17,22,27,11,14,7
syg-1,10,15,5,9,14,5
sym-1,1,5,5,53,57,50
sym-2,5,12,24,19,30,8
sym-4,40,44,46,32,48,33
syx-3,1,1,11,4,13,4
syx-2,25,32,17,14,28,16
syx-5,21,19,28,21,15,13
sys-1,7,4,8,3,3,0
tac-1,12,22,20,12,10,18
taf-1,46,34,51,41,38,43
taf-2,23,10,14,11,22,8
taf-3,18,16,19,16,11,16
taf-4,2,2,8,6,5,9
taf-5,4,4,8,5,6,10
taf-6.1,2,10,12,2,7,5
taf-7.2,6,11,9,1,4,2
taf-8,4,4,5,3,5,9
taf-9,6,0,3,5,7,1
taf-10,12,5,8,7,16,1
taf-11.1,4,1,6,3,2,2
taf-12,16,6,6,5,7,4
taf-13,3,5,12,5,4,3
fut-3,1,4,4,6,7,11
tag-10,244,426,429,232,280,229
itsn-1,97,157,129,101,138,66
srgp-1,32,41,45,37,35,43
lim-9,51,52,64,46,69,45
tag-18,45,86,64,61,51,41
nck-1,30,32,27,21,27,21
nlg-1,32,32,18,35,17,19
raga-1,6,13,7,8,12,7
tag-30,16,23,24,13,22,25
asd-2,36,26,29,29,31,14
ctbp-1,11,19,15,10,16,14
tag-51,8,2,5,4,3,1
tag-52,19,43,35,35,50,30
atrn-1,39,42,57,40,54,37
sdhb-1,101,125,145,55,84,87
prdx-2,677,1035,990,767,860,761
ttn-1,442,278,399,286,305,261
mrck-1,61,64,79,57,65,52
nrfl-1,80,66,97,77,78,42
ant-1.1,1877,2500,2533,1910,2128,1992
tag-63,2,1,5,1,1,4
cpna-4,1,3,2,0,4,1
tag-65,11,10,19,7,11,8
pak-2,7,7,12,7,4,7
shn-1,35,36,27,33,34,29
tag-68,3,5,4,1,2,0
atx-3,5,8,9,3,9,0
tag-72,14,18,17,13,12,9
glod-4,18,8,11,8,9,8
tag-77,28,18,14,13,20,12
heh-1,17,12,12,10,16,8
tag-89,7,0,0,0,2,0
ppm-1.A,34,21,59,46,46,30
svh-5,12,8,19,9,2,14
nduf-2.2,2,6,7,2,1,0
bath-47,5,17,17,8,12,9
fntb-1,19,16,7,12,11,6
magu-2,27,23,21,13,15,20
rhgf-1,7,7,19,20,14,8
tag-120,4,0,0,4,5,4
tag-123,33,23,50,36,32,35
tag-124,5,2,15,3,1,1
wdr-5.1,8,17,21,13,18,13
tyra-3,2,5,9,4,4,2
rhgf-2,21,15,11,8,31,10
chup-1,6,1,0,0,0,0
tag-131,5,17,28,15,13,8
tmbi-4,24,47,31,44,28,49
plrg-1,28,15,22,20,18,9
dgk-4,51,78,84,51,67,72
zhit-3,29,24,30,21,9,5
kdin-1,69,75,85,67,28,48
acl-3,6,23,11,1,9,2
let-391,4,10,3,7,5,5
ivns-1,23,13,36,49,36,25
zipt-7.2,33,35,26,21,25,28
cpna-1,106,153,152,103,119,112
cgef-1,10,29,15,5,14,12
tag-151,230,198,236,128,126,124
ten-1,79,62,59,44,60,49
tag-153,9,8,5,6,2,4
snx-3,29,47,31,33,33,26
kcc-1,182,176,149,159,142,85
lagr-1,8,15,3,6,2,8
tns-1,68,64,77,52,65,37
mtrr-1,31,17,25,24,30,27
abcf-1,50,33,55,35,41,26
rimb-1,38,40,56,42,43,22
tdp-1,15,20,8,8,5,8
txdc-9,10,8,11,14,6,10
vps-16,21,22,20,15,23,14
madd-3,38,82,68,25,36,32
bckd-1B,25,33,44,26,27,22
cox-6A,33,22,32,36,42,20
tag-175,1,2,1,0,1,0
tam-1,71,68,51,37,63,43
tap-1,2,4,10,1,6,11
tax-6,132,204,165,129,163,134
tba-1,263,336,311,288,312,200
tba-2,236,240,320,302,318,222
tba-4,36,63,45,59,44,42
tba-5,7,5,0,4,2,0
tba-7,29,51,50,19,44,34
tba-8,2,5,8,8,18,6
tba-9,12,6,13,11,2,2
tbb-1,148,279,236,198,213,205
tbb-2,248,326,342,276,317,290
tbb-4,5,5,3,12,5,6
tbb-6,4,2,5,0,2,0
tbg-1,8,4,4,7,6,5
tbp-1,7,5,11,1,4,5
tbx-2,10,17,12,11,11,14
tcl-2,6,25,15,3,8,6
tdc-1,10,8,13,15,16,6
teg-1,4,4,7,9,7,6
tfg-1,29,102,106,66,97,59
tgt-1,7,8,12,2,12,1
tgt-2,7,10,14,3,9,5
tig-2,10,11,5,8,15,13
tim-1,30,13,12,23,23,23
tin-9.1,22,40,39,31,31,37
tin-10,13,6,13,2,6,1
tin-13,13,17,21,17,10,12
tir-1,49,70,54,43,31,17
tlf-1,18,21,12,6,7,2
tli-1,2,2,5,2,4,2
tlk-1,93,143,114,88,107,74
tlp-1,11,9,6,12,12,1
tmd-2,18,16,32,13,16,14
tnc-2,43,36,31,35,22,23
tni-1,366,394,370,302,370,212
tni-3,60,65,47,34,60,23
tni-4,102,83,109,76,92,64
tnt-2,410,507,434,368,390,270
tnt-3,142,174,227,118,156,110
tnt-4,171,114,135,157,163,85
toc-1,16,6,13,28,14,8
toh-1,6,9,13,17,13,11
dpy-31,10,18,5,6,10,3
tol-1,44,57,52,33,36,16
tom-1,45,42,34,25,41,21
top-1,45,55,50,51,70,36
top-3,7,9,3,4,10,6
tpa-1,55,75,59,41,66,39
tph-1,2,1,0,4,3,1
tpi-1,98,74,95,95,95,54
tps-1,63,50,79,83,48,66
tps-2,95,73,86,103,77,59
tra-1,44,51,56,28,47,28
tra-2,30,38,30,26,29,28
tra-3,14,5,11,2,15,3
tre-1,24,16,22,20,20,9
tre-2,14,18,18,16,21,15
tre-3,14,13,9,3,16,6
tre-4,3,5,1,2,0,1
tre-5,0,0,2,6,11,7
trm-1,10,11,22,7,8,7
trp-1,10,10,13,9,6,1
trp-2,10,6,3,0,14,3
trp-4,5,5,4,7,11,4
tars-1,168,189,238,159,181,122
tsn-1,240,272,263,285,319,193
tsp-3,4,1,1,1,3,0
tsp-6,2,0,1,5,11,3
tsp-7,7,3,16,7,7,10
tsp-8,26,30,30,19,21,28
tsp-9,15,2,11,10,3,1
tsp-10,3,12,5,5,4,8
tsp-11,0,0,0,2,2,1
tsp-12,4,12,5,2,11,16
tsp-14,4,3,6,3,8,6
tsp-15,2,4,6,1,7,1
tsp-17,2,2,1,5,5,1
tsp-20,0,3,0,1,5,0
tsr-1,10,15,35,20,10,9
ttb-1,9,14,9,0,5,7
tth-1,4,8,7,11,9,4
ttx-1,9,7,13,2,6,2
tub-1,6,1,2,5,6,5
twk-1,6,9,5,1,0,10
twk-2,15,12,18,8,6,10
twk-5,1,1,4,0,3,0
twk-7,5,15,7,7,8,3
twk-8,22,26,27,20,41,15
twk-9,9,3,3,1,4,7
twk-12,15,10,11,5,5,0
twk-13,4,4,18,5,5,2
twk-14,0,0,0,4,5,2
twk-17,8,4,1,4,1,7
twk-18,50,12,36,20,21,23
twk-22,1,3,5,1,0,4
twk-24,5,1,4,1,4,2
twk-29,3,3,6,6,5,2
twk-30,2,5,5,1,0,2
twk-31,11,14,12,13,21,2
twk-33,3,2,5,1,3,0
twk-34,6,4,6,0,1,8
twk-39,12,0,2,3,9,0
twk-40,2,5,6,1,0,5
twk-42,1,0,7,1,5,1
twk-43,9,8,18,5,7,4
twk-46,3,7,9,4,5,3
uaf-1,47,36,46,31,44,32
uaf-2,37,39,53,40,50,17
uba-1,275,275,326,178,172,152
uba-2,12,24,16,8,7,2
ubc-1,13,9,11,14,8,5
ubc-3,34,29,45,40,51,43
ubc-6,11,25,15,7,13,8
ubc-7,26,21,30,22,35,11
ubc-8,2,7,5,6,18,4
ubc-9,12,23,25,29,27,12
ubc-12,28,33,47,28,26,14
ubc-13,9,10,10,6,13,13
ubc-14,10,37,13,10,5,9
ubc-15,2,10,1,2,6,12
ubc-16,10,24,29,18,12,7
ubc-17,6,2,3,5,3,3
ubc-18,11,3,5,5,9,5
ubc-19,5,5,5,1,8,3
ubc-20,9,18,29,11,18,5
ubc-25,38,58,57,59,74,30
ubh-2,0,1,4,2,0,0
ubh-3,19,24,15,13,2,5
ubh-4,20,17,16,23,18,9
ubl-1,379,283,453,389,466,285
ubl-5,5,1,2,2,0,4
ubq-1,331,251,342,319,299,180
ubq-2,390,431,530,406,521,380
ucp-4,2,2,0,1,0,1
uev-1,20,14,25,27,14,14
uev-3,1,3,5,3,3,3
ufd-1,8,21,19,18,10,8
ufd-2,17,6,17,19,11,17
ula-1,3,18,8,1,4,8
ulp-1,20,6,19,21,14,18
ulp-2,4,10,7,10,13,6
ulp-4,60,27,35,51,27,30
unc-1,110,198,125,83,115,132
unc-2,63,60,96,46,41,65
unc-5,20,28,16,14,15,13
unc-6,6,20,13,9,5,8
unc-7,13,16,20,11,9,12
unc-8,4,5,4,2,1,0
unc-9,13,11,18,22,19,13
unc-10,36,31,45,24,14,10
unc-11,44,50,51,47,37,32
unc-13,88,49,85,44,74,56
unc-14,45,73,71,47,74,33
unc-15,1150,1144,1224,993,979,985
unc-16,86,53,86,66,69,53
unc-17,8,22,24,26,14,11
unc-18,51,58,55,25,23,31
unc-22,1443,1053,1318,1015,1075,833
unc-23,198,175,239,198,243,166
unc-24,3,2,2,4,0,0
unc-25,31,39,40,34,37,21
unc-26,44,54,32,24,22,36
unc-27,119,100,141,114,135,70
unc-29,1,4,3,6,0,2
unc-31,32,23,43,14,32,15
unc-32,107,99,81,89,67,71
unc-33,23,38,31,16,24,29
unc-34,24,22,34,24,19,18
tln-1,308,328,334,273,269,274
unc-36,19,19,30,14,19,20
unc-37,26,20,17,9,18,15
unc-38,4,9,11,1,7,6
unc-40,47,53,84,60,38,42
unc-41,30,47,41,39,28,38
unc-43,76,69,77,51,75,46
unc-44,542,522,627,413,433,371
unc-45,31,42,28,50,55,33
unc-46,0,3,6,2,4,0
unc-47,1,3,4,2,11,0
unc-49,1,4,4,5,3,5
unc-50,17,27,48,22,26,13
unc-51,124,304,181,137,184,142
unc-52,499,673,710,631,740,579
unc-53,76,90,76,54,58,44
unc-54,2704,2709,2957,2256,2780,2008
unc-57,17,11,23,20,30,13
unc-58,14,5,5,1,7,8
unc-59,7,8,10,9,17,9
unc-60,26,25,22,18,17,13
unc-61,22,13,13,8,10,14
unc-62,32,38,32,23,25,41
unc-63,25,9,18,6,15,6
unc-64,34,17,35,18,25,4
unc-68,421,351,364,279,306,280
unc-69,2,4,2,2,1,0
unc-70,383,457,512,405,386,327
unc-71,27,27,32,29,24,23
unc-73,142,131,122,108,128,77
unc-75,16,2,11,11,2,7
unc-76,38,14,31,13,15,2
unc-77,16,27,27,22,12,15
unc-78,21,19,29,17,20,18
unc-79,55,45,46,28,40,54
unc-80,101,75,108,75,92,72
unc-82,73,94,71,66,61,46
unc-83,114,89,125,64,131,77
unc-84,48,39,65,25,41,39
unc-85,22,23,11,26,16,2
unc-86,12,22,34,12,8,18
unc-87,337,312,353,306,298,175
unc-89,918,627,828,666,657,633
unc-93,4,7,7,1,9,7
unc-94,68,72,54,62,55,42
unc-95,58,40,30,24,32,12
unc-96,40,45,44,47,46,19
unc-97,48,58,65,36,31,29
unc-98,15,21,15,12,19,3
unc-101,1,3,9,6,3,6
unc-103,26,23,46,34,35,13
unc-104,75,64,59,27,44,39
unc-105,16,7,9,2,12,5
unc-108,67,100,105,96,137,68
unc-112,68,51,99,58,79,40
unc-115,56,64,78,59,72,39
unc-116,137,126,141,130,126,75
unc-119,4,1,8,7,10,13
unc-120,3,1,15,2,6,1
unc-122,13,7,8,9,7,4
unc-129,7,11,17,14,19,11
unc-130,5,11,3,7,1,0
usp-14,20,30,25,23,18,17
cal-5,12,11,8,8,11,3
pnk-4,11,9,7,18,23,4
gyg-1,98,62,88,63,83,51
npr-16,4,11,5,5,4,12
vab-1,22,29,28,19,34,11
vab-2,1,6,3,2,0,0
vab-3,8,14,12,8,8,5
vab-8,43,45,64,9,18,24
vab-9,0,5,3,11,3,7
vab-10,528,592,647,563,663,655
vab-19,18,22,22,10,30,19
vap-1,15,21,30,34,42,18
vav-1,20,19,14,21,30,9
vbh-1,53,55,56,34,41,27
pfd-3,27,24,24,28,17,22
vem-1,26,14,34,19,22,9
spon-1,26,31,10,12,8,16
ver-3,19,6,28,13,7,17
vha-1,101,148,149,107,117,93
vha-2,192,177,247,199,231,156
vha-3,68,96,96,112,104,72
vha-4,86,123,174,107,126,102
vha-5,125,91,123,123,151,72
vha-6,407,564,570,370,453,348
vha-7,21,29,22,20,10,9
vha-8,137,111,160,133,162,90
vha-9,30,30,29,46,42,8
vha-10,110,124,127,139,99,79
vha-11,274,251,311,236,289,192
vha-12,896,1295,1206,930,1174,920
vhp-1,115,150,128,126,120,139
vig-1,587,544,738,617,621,508
vps-26,19,14,8,18,13,4
vps-34,59,21,49,17,37,24
vps-35,18,19,27,21,15,12
vps-54,18,33,37,21,28,12
vars-1,27,13,26,15,14,8
glp-4,145,204,184,157,106,123
wah-1,123,62,119,76,99,55
wee-1.3,7,1,16,6,27,3
wnk-1,148,93,125,179,164,167
wrk-1,28,21,16,28,35,17
wrm-1,8,10,12,11,12,4
wrn-1,12,20,15,11,16,13
wars-1,62,96,89,51,84,58
prx-10,10,3,9,3,1,3
wrt-1,0,0,0,5,6,0
wrt-2,0,0,0,14,15,16
wrt-4,0,1,0,6,2,3
wrt-5,2,1,3,11,4,8
wrt-9,0,0,2,6,0,0
wrt-10,0,0,0,14,1,5
wsp-1,19,18,12,11,17,6
wve-1,11,8,10,10,12,8
xbp-1,299,404,284,360,354,302
xnp-1,81,76,42,53,61,58
xpa-1,2,7,5,7,15,1
xrn-2,42,58,54,26,43,56
xtr-1,1,2,2,2,0,1
yars-2,7,7,7,14,14,3
zag-1,13,5,13,3,16,7
zak-1,12,8,7,3,7,11
zen-4,7,7,10,5,9,14
zfp-1,67,45,69,46,51,47
zig-1,11,10,14,7,11,5
zig-3,3,0,11,0,0,0
zig-4,18,9,22,0,2,0
zig-5,5,1,17,18,3,3
zig-7,5,3,5,5,15,0
zig-8,10,1,3,1,4,0
zip-1,6,1,3,6,4,1
zyg-1,2,7,4,4,0,0
zyg-8,34,45,20,15,24,24
zyg-9,68,89,79,65,76,78
zyg-11,71,108,118,62,83,57
zyg-12,5,9,6,10,25,7
zyx-1,172,188,169,146,171,139
tufm-1,176,145,202,162,147,96
tufm-2,12,19,25,18,22,9
npr-3,2,6,6,5,5,0
mak-2,40,23,28,22,10,18
rfp-1,26,43,29,13,27,36
wwp-1,60,64,91,77,58,50
alx-1,58,76,111,58,58,61
mdt-1.2,2,1,2,3,0,1
mdt-4,8,13,10,12,10,6
mdt-8,19,45,17,15,19,26
mdt-10,0,0,2,5,1,1
mdt-11,5,0,3,9,1,1
mdt-15,96,55,90,107,112,64
mdt-17,17,18,15,13,27,26
mdt-18,9,9,8,10,2,2
mdt-19,11,17,18,1,15,9
mdt-20,1,4,0,0,1,2
immp-1,1,0,1,2,0,1
mdt-22,2,1,7,7,4,0
mdt-27,7,3,9,8,7,9
plin-1,37,50,61,38,37,24
mdt-29,17,16,18,15,17,18
mdt-31,2,0,2,2,0,0
ssl-1,178,183,211,187,144,134
trr-1,129,101,115,108,102,105
mys-1,7,10,20,9,6,5
epc-1,283,225,316,194,271,213
tag-180,28,18,17,14,25,19
pbrm-1,101,95,122,135,129,100
algn-10,5,2,3,7,3,4
cpna-5,19,47,41,34,28,21
tag-189,2,2,0,2,3,0
wts-1,8,11,20,13,5,3
nfx-1,12,36,24,20,13,9
utp-20,219,191,204,149,159,137
chd-7,232,152,208,145,175,132
scpl-1,25,37,27,16,18,17
tag-196,40,28,38,42,45,11
dmd-6,106,154,173,59,100,56
vps-52,9,5,6,11,0,1
rga-9,12,12,9,10,4,9
cTel55X.1,23,44,34,30,35,18
ugt-49,8,12,14,17,15,11
AC3.5,64,46,58,51,77,64
ugt-1,12,11,8,9,11,4
ugt-2,12,20,13,14,6,7
B0001.3,17,8,4,18,28,6
B0001.4,8,4,5,6,5,8
B0001.5,16,9,15,5,15,11
eri-12,86,63,69,51,57,39
B0001.8,6,7,12,3,3,7
B0019.2,4,5,2,0,3,5
trx-2,21,6,22,12,13,12
asps-1,10,8,6,7,2,7
B0024.11,27,22,24,11,15,14
B0024.13,1,1,12,1,3,1
crm-1,33,34,43,17,30,29
znf-207,6,7,5,14,10,2
B0035.3,1,4,1,0,3,0
pfd-4,16,6,14,8,9,6
gspd-1,67,89,89,30,52,40
edg-1,2,4,3,2,6,0
leo-1,31,83,42,32,29,24
sart-3,46,28,52,27,35,11
B0035.13,9,2,9,7,2,1
B0035.15,2,10,11,1,8,5
B0198.3,6,13,8,3,2,4
npp-22,4,10,13,11,13,16
calf-1,4,2,0,4,1,1
B0250.5,20,16,21,20,26,25
dhcr-7,8,9,16,10,11,7
memb-1,0,1,2,7,2,0
B0272.3,28,18,42,33,51,23
B0272.4,2,0,0,1,1,0
cdk-12,27,26,33,24,30,14
lcmt-1,3,4,6,5,10,0
B0285.6,5,5,5,3,2,6
mnp-1,35,42,42,17,39,14
ttr-18,33,27,54,36,38,24
B0334.3,144,175,156,103,149,99
B0334.4,3,2,1,0,2,3
B0334.5,35,31,30,10,18,28
acly-2,21,26,29,27,40,35
clec-41,43,29,66,46,75,31
B0379.1,4,22,12,8,8,3
fbxa-152,1,1,0,5,0,0
rbg-3,12,14,14,9,7,11
B0393.3,8,4,3,4,5,5
B0393.5,1,0,0,3,0,0
B0395.3,32,25,16,29,26,16
kcnl-1,20,40,26,13,25,20
B0457.2,1,1,7,5,4,3
B0457.6,3,10,0,3,1,2
ctr-9,47,28,46,23,33,24
nlp-36,20,22,8,17,19,5
B0464.6,47,49,43,12,17,31
tag-342,2,1,5,1,4,1
B0464.9,4,6,14,1,4,1
B0491.1,12,10,2,1,10,10
lgc-20,1,3,1,1,8,1
B0491.5,109,114,107,78,97,81
B0491.6,12,15,12,6,9,8
B0491.7,17,20,14,14,19,5
thoc-7,4,5,0,3,4,1
prdh-1,62,39,54,32,29,27
vamp-8,2,2,0,1,2,0
exos-4.1,3,6,4,1,4,3
best-1,9,1,6,8,8,4
B0564.7,6,11,13,7,17,13
C01A2.2,11,12,2,5,7,6
oxa-1,13,11,42,16,15,13
C01A2.4,8,1,10,2,2,1
tads-1,6,2,4,4,4,1
nlp-38,1,1,0,0,4,0
C01B9.1,7,10,12,3,1,4
cpna-3,3,3,10,10,13,4
C01F6.9,14,5,5,12,12,1
C01G6.4,2,6,3,7,3,4
C01G6.5,108,69,104,94,88,76
acs-7,17,14,17,22,8,3
C01G10.4,19,42,28,22,28,15
C01G10.5,3,12,3,3,1,0
C01G10.6,6,5,19,9,3,5
C01G10.7,6,3,2,2,1,4
ahsa-1,86,81,95,142,119,84
C01G10.9,7,3,10,5,3,2
C01G10.15,11,13,22,11,11,9
madf-5,13,14,13,6,17,6
C01G12.7,3,9,2,5,9,0
C01H6.4,0,4,2,2,2,2
swsn-9,18,14,17,8,15,7
C01H6.8,1,0,5,3,1,0
hasp-1,1,3,6,10,16,0
olrn-1,35,40,29,33,36,41
lron-3,15,13,18,14,9,18
C03A3.1,3,3,3,0,3,3
C03A3.2,29,56,69,51,39,23
rei-1,12,18,10,16,23,2
C03D6.1,3,2,3,6,3,3
C03H12.1,6,4,9,6,3,5
C04A11.1,5,6,3,1,0,9
gck-4,30,18,28,22,32,15
arrd-25,50,83,104,75,95,55
C04F12.1,12,12,7,8,5,7
C04F12.8,10,10,8,12,8,3
ttr-39,1,4,5,2,3,0
C04H5.1,8,13,4,5,0,3
nlp-41,1,5,4,6,3,10
C05A9.2,3,1,5,1,3,3
C05B5.4,2,11,2,5,3,5
C05B5.8,5,2,2,7,3,0
C05C10.2,51,39,51,19,20,18
C05C10.3,262,260,312,183,203,154
pho-11,33,34,37,34,32,13
ufd-3,30,29,37,29,34,19
C05C12.4,5,4,9,8,8,6
C05D12.1,2,3,7,3,0,2
C05D12.2,1,1,5,5,1,6
C05G5.1,9,27,9,11,10,11
C05G5.2,6,3,10,10,5,5
C05G5.3,1,1,2,1,6,0
sucl-1,96,68,115,95,90,69
cdc-48.1,190,278,313,181,235,172
C06A1.2,16,13,15,10,13,9
rpb-6,43,76,54,36,48,35
C06A12.3,5,1,0,1,0,1
cyp-35C1,5,8,14,2,4,2
stdh-1,16,8,21,9,15,7
C06B3.6,36,19,30,46,31,29
C06B8.7,11,31,23,21,20,7
swt-3,15,6,8,15,19,8
atp-5,131,143,141,144,156,104
C06H2.2,4,8,8,5,16,5
jmjd-5,14,11,11,8,3,1
folt-1,4,1,6,2,7,2
glb-3,0,2,2,0,2,0
lmtr-3,7,4,3,2,4,2
C06H5.6,23,33,34,13,34,18
dcar-1,12,11,8,19,13,14
tiar-3,2,7,12,1,1,4
C07A4.2,0,5,1,6,1,1
bud-31,5,7,8,5,10,4
ugt-60,7,4,7,12,8,3
set-3,7,3,7,1,3,0
best-5,3,1,1,0,1,1
C07A9.9,3,3,9,2,4,3
C07B5.4,7,7,8,7,14,8
stip-1,12,21,23,17,8,15
pro-2,120,95,129,63,61,44
C07E3.3,7,4,10,3,6,9
ceh-58,3,0,1,3,3,1
C07E3.9,0,0,1,4,1,1
C07H4.1,1,1,0,1,0,2
ugt-17,2,11,7,11,11,3
C08B6.3,0,0,1,0,1,0
wdr-20,39,37,46,28,38,28
C08B6.8,7,5,7,6,4,5
C08B6.11,3,3,0,1,3,0
swsn-7,38,38,66,42,63,25
arp-6,2,18,7,6,4,4
algn-6,4,3,1,8,5,1
C08B11.9,5,2,19,7,6,1
C08E8.4,3,15,6,2,3,2
pfd-1,30,75,67,49,46,38
C08F8.2,18,11,27,11,21,13
C08F8.9,1,0,0,1,1,0
C08F11.1,0,1,0,1,0,0
ugt-22,76,58,79,33,39,19
C08F11.13,25,16,14,14,19,10
vgln-1,647,734,837,573,687,558
algn-8,9,9,2,2,3,1
C09E9.1,2,0,5,0,1,0
C09F9.2,6,1,14,49,31,39
glna-1,24,36,31,20,16,21
C09F12.2,2,4,1,1,4,2
C09G1.4,7,10,12,8,7,2
C09G1.5,16,5,7,6,4,6
dph-2,11,10,9,7,10,7
mks-5,6,0,4,5,8,0
C09G9.1,18,17,16,17,13,25
npp-23,10,7,12,2,3,0
C09G9.5,1,0,2,0,2,0
nasp-1,9,11,21,14,20,6
apc-17,4,2,6,2,8,11
glb-4,8,10,11,8,6,5
nbs-1,16,41,16,8,5,7
pezo-1,113,119,103,68,108,74
wht-2,6,6,6,1,8,8
catp-8,56,41,50,74,57,49
gpx-5,3,0,3,10,2,5
gpx-3,0,2,3,0,8,0
C11E4.6,10,21,11,17,10,5
C11H1.3,11,1,2,6,17,11
cbl-1,8,3,5,4,1,3
fubl-1,26,11,25,33,27,38
daf-36,8,20,14,11,13,15
C13B4.1,13,16,9,10,22,11
nhr-153,2,0,1,2,0,2
nhr-154,4,2,3,7,5,8
spin-1,14,9,21,14,10,12
C13C12.2,0,0,0,3,6,0
C13G3.1,5,6,7,2,3,0
pptr-2,27,28,12,21,17,5
dohh-1,25,18,22,11,17,8
algn-9,16,21,14,6,16,14
C14A4.6,6,3,1,5,3,1
C14A4.7,2,7,3,0,2,2
ccm-3,9,9,6,11,8,15
C14A4.12,28,19,15,10,7,7
mrps-22,44,33,44,41,23,34
clec-48,13,2,17,30,22,6
C14B1.3,4,4,0,3,9,11
dph-1,8,8,16,4,15,3
nrde-1,9,6,9,19,6,3
C14B1.8,2,11,4,4,5,1
alkb-8,19,8,20,17,17,8
C14B4.2,37,35,46,23,25,23
C14C10.2,9,2,3,0,7,1
ril-2,81,79,85,67,55,53
mma-1,89,74,80,77,66,52
C14C10.5,130,145,163,78,91,64
ttr-43,0,5,0,0,3,0
zipt-13,10,12,14,4,9,11
C14H10.2,27,9,29,24,5,3
C14H10.3,35,38,26,29,32,25
C15A11.7,11,7,15,6,7,15
C15C6.3,38,57,40,21,28,26
xbx-9,17,14,15,17,18,15
hrg-7,211,275,382,214,288,138
C15C8.4,1,5,2,0,2,4
C15C8.7,2,0,0,0,0,0
rpoa-12,14,6,6,6,13,6
rrbs-1,99,94,93,74,64,55
ocrl-1,13,14,9,10,13,8
C16C2.4,9,8,3,3,8,2
C16C10.1,5,0,1,3,1,0
C16C10.2,8,7,13,6,13,4
hrde-1,6,20,13,14,18,18
C16C10.4,16,11,19,14,7,5
rnf-121,4,5,6,7,7,5
ccdc-55,5,6,6,12,8,5
C16C10.8,23,7,12,15,13,3
har-1,65,64,78,76,73,37
npr-4,2,6,7,1,0,0
dhhc-7,10,9,6,11,7,6
C17D12.7,5,1,2,1,6,0
C17E4.6,12,21,29,5,9,11
nkb-1,295,420,353,340,318,301
C17E4.10,23,21,44,33,33,32
ugt-23,8,8,7,8,10,4
nra-3,19,38,32,20,8,9
C17G1.5,3,1,4,1,0,1
cysl-1,12,7,21,14,12,7
seb-3,5,6,2,3,0,2
C18B12.4,23,22,24,36,32,18
C18B12.6,10,13,11,9,13,7
fbxa-136,0,2,7,6,1,5
C18D4.6,3,0,5,2,5,6
C18D11.1,26,42,47,40,55,36
C18D11.3,19,16,30,10,13,11
C18E9.2,18,18,11,17,11,12
C18E9.4,6,8,11,5,11,3
C18E9.5,11,8,14,13,7,8
tomm-40,64,115,85,66,99,52
C18E9.9,2,2,11,6,6,2
sftd-3,2,8,5,1,3,3
C23H4.3,6,8,1,5,8,4
C23H4.7,9,12,12,5,5,4
tram-1,13,34,45,27,46,36
qns-1,16,22,23,12,30,6
gbf-1,112,135,177,126,152,126
C25A1.1,1,1,2,2,0,6
fath-1,17,12,10,4,8,7
rsa-1,0,0,0,1,1,0
lid-1,4,1,1,7,4,3
mrpl-34,12,7,28,20,7,4
otub-1,19,49,41,18,22,17
C25D7.10,24,63,61,39,40,20
C25F9.4,0,1,2,2,0,1
C25G4.2,8,25,22,13,20,7
C25G4.3,4,4,7,10,4,1
igdb-2,14,10,29,24,17,14
glb-8,4,1,4,1,3,3
C26C6.9,1,5,2,3,17,0
C26D10.4,1,0,2,1,0,2
C26D10.6,12,7,34,5,9,6
C26E1.2,4,0,8,1,6,0
ceh-79,4,6,8,0,9,3
syg-2,21,22,21,10,10,13
wdfy-3,109,98,144,92,77,99
C27A7.1,8,6,5,7,13,2
C27A7.5,8,9,5,6,7,12
C27B7.2,2,7,7,1,4,0
rad-26,62,20,26,61,41,38
C27B7.5,0,0,5,8,4,0
C27B7.7,13,3,12,2,6,19
egrh-1,4,2,14,22,20,18
C27C12.4,9,9,16,6,8,6
acd-3,1,2,8,6,1,0
C27D8.3,16,28,21,14,12,18
ruvb-1,35,16,33,24,20,21
rmd-2,50,87,74,47,47,54
C27H6.8,11,4,11,12,20,4
nrx-1,30,32,17,26,23,39
trpa-1,13,6,16,8,10,2
C29F3.7,23,58,45,8,24,5
best-7,5,3,4,5,9,1
C29F7.1,5,2,6,0,1,7
C29F7.2,62,91,103,21,24,12
C29F7.3,26,49,35,35,42,18
C30F2.3,7,23,29,3,21,13
clec-199,6,7,10,12,8,9
dlat-2,26,26,28,23,30,14
C30H6.8,5,3,5,2,5,3
C30H6.9,12,51,37,16,20,18
trh-1,2,0,1,1,2,0
oac-6,5,10,4,3,0,0
C31C9.2,24,25,25,34,72,28
fbxa-167,3,0,4,8,5,0
C31C9.6,2,5,8,1,4,0
C31C9.7,5,8,3,6,11,3
C31E10.5,10,5,12,12,14,12
C31E10.6,3,0,4,4,4,2
cytb-5.1,37,58,59,39,29,20
tbc-19,1,2,0,3,5,3
C31H5.4,1,1,0,1,4,2
C31H5.5,2,0,0,1,2,1
C31H5.6,12,2,12,6,17,7
mrps-31,37,6,21,18,29,17
rilp-1,20,9,14,9,17,9
C32C4.1,4,0,0,3,5,0
irg-6,12,4,7,1,1,0
C32H11.4,25,31,22,15,28,14
dod-24,5,8,4,15,27,24
nfki-1,73,85,69,50,59,77
C33A11.2,2,8,1,5,10,5
C33A12.1,21,9,24,21,15,5
nlp-35,14,19,16,10,14,3
C33A12.3,9,9,16,10,7,6
C33A12.4,9,0,1,1,4,6
ugt-21,7,11,11,3,8,7
ethe-1,8,1,1,2,3,0
C33A12.19,1,0,2,0,2,1
C33B4.4,0,0,5,1,5,1
C33D9.6,10,9,9,5,2,4
lgc-21,1,1,2,9,10,3
C33G3.4,2,4,3,4,10,6
C33G3.6,4,5,4,6,3,4
C34B4.2,54,75,84,51,40,66
C34B4.3,4,10,7,3,2,2
C34B7.1,2,0,0,0,1,0
C34B7.2,16,10,17,13,13,4
cyp-36A1,12,25,25,21,25,15
mys-4,9,2,6,7,2,3
C34C6.3,2,2,9,3,7,3
C34C6.4,12,5,9,10,11,9
sphk-1,10,17,14,11,11,5
C34C12.2,10,8,11,10,7,6
pph-6,8,11,15,17,5,3
C34C12.4,1,9,2,6,8,4
rsu-1,18,25,19,21,11,13
C34C12.6,9,1,6,10,6,12
C34C12.8,25,19,25,15,20,17
C34D1.4,2,9,13,4,1,1
zip-5,0,3,1,2,0,1
C34E7.4,51,136,93,107,159,121
C34F6.1,0,0,0,3,12,8
C34F6.7,2,2,6,2,0,3
idh-2,14,16,13,28,29,22
C34F6.9,23,9,14,11,7,8
C34F6.10,18,22,14,32,15,19
C35A5.3,8,2,5,6,13,3
C35A5.6,0,2,3,0,0,1
C35A5.8,87,112,142,56,59,63
selt-1.1,10,6,9,23,13,7
trpp-9,7,8,13,5,7,5
C35C5.8,0,0,4,0,3,0
C35C5.10,32,52,27,16,20,16
cyp-25A2,7,17,15,9,15,7
C36A4.4,8,14,8,8,13,5
cyp-25A4,5,2,0,0,0,0
acs-19,105,131,116,88,106,37
rpb-3,19,28,17,14,18,13
prp-4,11,4,14,2,2,7
dhfr-1,1,0,6,0,2,2
gls-1,44,38,36,34,27,16
C36B1.9,9,10,16,14,14,20
imp-1,13,17,13,10,13,6
C36E8.1,69,56,65,39,46,49
glb-11,16,4,6,9,15,13
pxd-1,12,6,6,12,9,10
C36E8.4,11,3,5,4,2,2
irx-1,11,9,11,8,3,5
best-8,0,7,15,1,4,5
fipr-22,3,2,4,8,9,2
C37A5.7,1,3,16,4,5,5
fipr-24,4,9,3,5,2,8
idhb-1,50,32,61,61,36,35
tag-297,0,0,0,2,10,1
slc-17.2,14,26,21,32,26,13
tag-325,20,33,43,41,28,25
C38D4.9,3,1,2,0,2,1
tbc-8,12,13,7,12,3,7
C38H2.2,10,32,30,11,21,20
lgc-41,2,2,0,0,0,0
scl-5,4,11,16,5,10,6
scl-6,3,2,4,3,4,0
C39E9.7,3,16,15,13,9,8
C39E9.8,31,41,37,35,29,26
spin-2,1,0,5,2,6,5
C39E9.11,7,1,7,6,4,7
C39E9.12,24,17,23,13,19,6
ttr-5,25,34,32,15,8,7
ufc-1,10,3,21,9,11,5
C40H1.7,1,0,5,0,2,6
C40H1.8,8,12,12,4,1,2
lron-4,0,3,3,4,2,0
ctns-1,6,3,3,5,5,2
cdc-48.2,97,140,146,89,143,73
vps-50,11,7,9,4,1,7
athp-1,15,16,26,9,12,12
com-1,6,4,3,5,5,1
C44C10.9,17,36,20,19,26,28
C44F1.1,4,8,5,7,2,1
C44H4.4,11,10,12,9,9,11
C44H9.5,11,9,9,13,14,2
C44H9.6,6,7,14,6,6,10
aspm-1,14,12,23,31,19,17
C46C2.2,87,113,94,63,75,32
gsr-1,93,105,156,135,158,91
madf-8,4,4,2,3,1,0
C46F11.4,19,15,35,11,14,9
C46F11.5,11,22,22,16,19,16
C46F11.6,3,5,9,3,7,4
ent-4,6,2,4,6,9,4
ddo-1,2,0,1,2,5,3
C47B2.2,4,1,6,2,6,1
gale-1,21,27,58,25,29,20
C47B2.9,3,1,11,2,5,7
C47D12.2,10,33,30,19,30,31
xpf-1,4,15,16,15,3,5
C47E8.3,9,3,5,7,2,0
C47E8.4,21,18,13,22,32,8
C47E12.2,5,9,4,1,2,3
C47E12.3,14,3,15,3,4,5
pyp-1,56,43,52,62,51,27
rrp-1,20,22,29,25,27,8
C47G2.3,10,7,9,7,9,5
C47G2.4,6,11,15,8,10,2
saps-1,21,42,35,26,24,35
acox-1.5,33,58,47,26,33,27
C48B4.9,8,6,4,0,1,5
rin-1,24,22,32,20,15,20
C49A1.10,24,31,35,17,19,11
C49C3.4,101,111,115,117,134,109
ceh-88,0,5,3,4,3,0
C49C3.6,5,2,2,1,0,1
C49C3.7,1,0,6,1,3,1
C49C3.9,8,2,9,6,7,2
C49C3.10,7,0,10,3,4,1
clec-198,7,3,5,7,1,1
sams-1,255,275,329,354,377,274
set-6,17,9,10,5,11,4
C49F5.7,0,0,0,1,1,1
C49F8.1,1,5,2,7,1,4
gem-1,12,6,8,11,6,10
C49F8.3,3,4,5,4,6,8
nasp-2,26,15,14,18,12,10
C50B6.3,8,2,4,1,5,7
C50B6.7,3,1,0,2,4,5
nhr-168,3,1,1,3,6,3
slrp-1,11,2,10,10,13,5
nuaf-1,28,20,21,26,29,9
C50B8.4,3,0,0,2,0,1
C50B8.5,1,8,0,1,0,3
C50B8.6,6,4,4,0,10,0
C50F4.1,35,22,37,31,26,11
C50F4.8,6,1,2,6,8,1
C50F4.9,1,0,3,1,3,0
C50F4.12,0,1,3,3,0,0
nstp-10,5,9,15,8,9,1
C50F4.16,15,7,7,10,8,7
fshr-1,12,19,12,16,22,8
C50H2.13,5,6,17,6,3,0
C51E3.6,8,10,10,13,8,7
C51E3.9,20,6,8,11,16,7
C51E3.10,11,2,4,6,7,8
mans-2,7,22,38,16,17,27
ril-1,146,213,237,134,187,104
C53A5.6,30,15,14,25,20,9
C53A5.13,3,6,6,3,7,7
C53B4.3,7,36,31,7,28,3
C53B4.4,92,81,83,107,62,87
C53D6.4,1,4,4,6,4,2
C53D6.6,4,2,2,0,5,0
C53D6.7,3,8,11,2,8,0
C54C6.6,3,7,4,3,1,4
cdr-2,8,6,9,2,9,6
C54D10.3,38,57,61,32,30,37
C54D10.5,1,3,8,0,0,3
C54D10.10,7,7,6,4,4,0
ncs-5,5,2,5,14,9,0
C54E10.6,16,4,15,5,12,11
rskn-2,51,57,45,39,44,25
dod-18,1,1,4,1,2,0
C54G4.7,19,15,21,23,27,21
C54G4.9,2,0,3,0,7,0
C55A1.6,0,1,0,0,2,0
C55A6.1,2,3,2,2,2,5
ttll-5,38,51,52,30,24,13
C55A6.3,4,5,0,0,1,0
C55A6.4,2,3,2,10,4,6
sdz-8,4,5,10,4,2,5
C55A6.6,1,6,3,2,0,3
C55A6.7,1,2,2,2,4,1
pafo-1,11,13,12,10,14,8
C55A6.10,9,9,5,14,10,1
ttr-44,13,16,11,18,9,2
frpr-5,1,3,0,3,3,0
C56A3.4,2,4,4,3,1,0
C56A3.5,6,2,16,15,8,1
C56A3.6,5,1,1,5,10,0
C56G7.3,4,3,1,8,3,0
fbxa-6,2,1,5,2,0,1
D1025.1,6,12,9,0,1,3
gcsh-1,6,3,14,11,11,1
nspc-20,2,0,7,1,0,8
D1043.1,7,18,14,3,8,6
cfim-2,19,18,23,19,21,10
D1046.2,0,2,1,1,5,0
slc-25A26,1,0,1,1,4,1
tpra-1,16,7,11,14,8,7
D1053.3,3,7,7,3,3,1
D1053.4,2,4,1,0,1,3
D1054.1,4,10,10,2,6,2
D1054.3,6,10,13,13,9,4
D1054.5,18,20,13,6,13,5
D1054.8,3,0,12,2,7,2
D1054.9,0,0,0,3,5,2
prp-38,8,4,10,3,12,7
D1081.7,7,0,4,3,0,0
cdc-5L,65,62,81,47,48,27
D1086.5,2,4,6,10,9,3
D1086.8,2,4,4,4,6,5
D2005.3,5,6,7,1,8,1
drh-3,21,18,8,20,16,13
wdfy-2,13,11,10,4,12,6
D2013.6,18,20,8,18,7,6
ttll-12,47,36,20,49,33,26
D2023.3,1,5,2,3,2,7
D2023.4,12,10,7,11,6,10
mpst-1,2,11,12,13,8,2
D2023.6,26,30,31,10,10,8
mans-1,10,17,17,10,13,17
D2030.2,51,58,56,84,80,48
D2030.3,17,12,15,4,11,2
D2030.4,12,4,23,14,15,7
mce-1,10,10,12,9,9,7
D2030.8,1,2,2,1,4,0
wdr-23,51,51,60,37,30,40
D2030.11,1,0,2,1,0,0
D2045.2,81,84,106,45,79,54
D2045.8,3,10,5,0,10,1
D2045.9,3,3,1,6,5,2
eif-2Bepsilon,25,12,13,12,21,10
etc-1,20,18,16,10,18,16
hgap-2,73,74,79,38,51,57
D2085.7,0,0,0,1,0,0
glna-2,8,19,13,10,15,1
DH11.2,5,4,9,9,15,18
DH11.5,46,67,61,49,48,40
mfb-1,15,39,17,15,12,13
usp-50,22,17,13,7,20,10
E01B7.2,1,2,2,0,1,2
pde-3,21,37,17,28,24,20
tbc-14,47,56,45,47,46,38
E01G4.3,20,18,18,28,29,13
E01G6.1,0,0,0,5,12,4
E01G6.2,4,4,3,5,1,5
E01G6.3,0,2,1,4,2,1
mrps-5,75,81,50,38,79,37
E02A10.3,2,1,3,0,2,1
E02H1.1,6,6,7,3,6,5
eral-1,12,11,6,8,8,2
E02H1.5,6,3,3,1,1,1
E02H1.6,8,3,0,5,3,4
mrpl-53,19,13,22,18,13,4
E02H4.4,6,5,6,1,2,1
E03H4.8,0,1,3,4,4,1
clec-17,8,13,15,8,15,9
eif-2A,105,120,103,42,45,47
E04D5.2,1,1,0,5,0,0
ugt-44,19,15,28,14,25,23
F01D4.8,2,9,8,2,1,8
F01D5.1,7,12,5,7,9,5
F01D5.2,1,12,7,4,8,2
F01D5.3,0,0,3,0,0,0
F01D5.5,5,11,5,3,4,8
F01D5.8,5,12,13,8,7,8
cyp-37A1,6,8,7,8,20,4
skih-2,35,26,37,36,31,20
F01G4.4,5,2,1,4,9,10
F01G4.5,6,17,6,5,14,16
F01G4.6,359,360,436,321,353,320
tkt-1,375,342,414,314,339,256
F01G10.6,0,0,0,0,1,0
lipl-7,6,4,2,6,1,4
mrpl-44,62,101,67,58,70,49
F02C12.1,14,4,7,6,7,6
cyp-13B1,0,0,1,0,1,3
F02D8.4,22,8,8,11,15,7
F02E9.1,4,3,8,1,11,8
F02E9.5,10,5,7,17,11,15
F02E9.7,6,2,2,9,0,1
dpt-1,28,21,29,21,19,24
F02E9.10,25,5,17,11,13,14
scav-6,7,8,16,8,4,3
F07A5.4,0,0,0,0,0,0
gfat-1,35,43,45,26,58,37
F07A11.4,48,35,49,26,42,10
F07A11.5,8,8,3,7,12,14
din-1,177,182,203,123,139,104
F07C6.3,4,10,3,11,8,0
F07C6.4,58,48,38,27,41,44
pho-13,1,5,3,1,6,3
acox-1.1,27,16,36,14,13,19
acox-1.2,11,7,10,20,17,6
acox-1.4,10,6,11,3,4,2
kcnl-2,11,14,20,9,18,2
prmn-1,4,0,8,3,4,5
F08B12.4,9,31,11,27,29,20
scl-24,3,3,5,1,0,0
F08G2.4,5,6,4,8,2,4
F08G2.5,3,11,6,0,3,0
F08G2.7,8,10,6,8,2,1
F08G2.8,10,29,20,6,11,7
F08G5.3,11,5,3,4,1,1
ugt-65,7,10,15,2,10,4
irg-4,90,64,96,36,54,25
F08G12.1,3,5,0,4,7,8
snrp-40.1,5,11,6,8,8,2
nlp-57,6,4,7,8,3,1
F08H9.3,1,0,0,2,5,0
clec-227,0,0,0,1,3,0
clec-57,14,18,18,18,7,5
clec-56,7,15,29,15,18,10
clec-54,3,0,1,0,4,2
F09A5.2,3,3,7,1,3,0
mob-2,19,22,27,40,24,19
oac-14,12,13,16,18,10,12
F09B9.4,36,48,30,18,31,18
mlt-9,3,4,2,4,10,0
dhhc-1,12,11,14,1,6,1
F09B12.3,350,521,494,330,363,342
F09C3.2,20,14,11,24,22,6
fbxa-44,1,3,10,7,1,0
F09C8.1,11,9,15,5,15,6
F09C8.2,35,45,17,16,19,21
crld-1,2,4,7,7,5,6
ttr-21,19,21,21,13,23,12
cpt-5,3,0,5,4,6,1
F10A3.4,5,6,8,12,22,10
F10B5.2,7,8,11,4,4,5
pch-2,3,4,4,2,3,1
F10B5.8,11,2,12,5,9,8
F10C2.3,6,7,4,4,6,3
F10C2.4,25,22,15,13,17,5
F10C2.5,16,4,5,7,4,5
F10D11.2,12,14,7,4,2,4
F10D11.6,1,6,0,14,31,12
pfas-1,24,13,29,11,19,7
lron-5,11,17,19,8,13,14
nubp-1,13,15,30,9,22,7
ercc-1,4,5,5,4,11,0
F10G8.8,28,13,29,25,38,17
F10G8.9,6,2,2,1,8,4
acs-14,39,33,32,26,35,15
eif-2Bdelta,12,6,6,8,8,7
F11A5.9,4,15,1,5,10,13
scrm-4,8,10,4,3,14,4
lex-1,54,38,59,36,45,47
repo-1,2,1,3,4,4,0
mig-32,9,4,1,7,9,6
mon-2,33,53,42,39,44,44
F11A10.5,6,19,14,11,8,8
F11A10.6,8,21,16,14,14,18
rbm-34,37,32,46,18,46,29
F11C1.1,0,0,0,3,4,0
mff-1,1,4,0,3,1,0
scav-4,9,13,7,1,2,6
vwa-8,136,152,171,127,121,116
gba-3,24,11,6,15,27,10
F11E6.3,47,45,75,80,96,49
F11E6.7,15,9,12,10,17,4
F11E6.8,5,3,7,3,6,4
F12F6.1,34,28,35,29,35,35
F12F6.7,5,2,4,2,10,0
F13A7.11,0,0,1,0,3,0
F13B12.1,19,37,28,20,16,15
F13B12.6,11,3,9,7,14,6
F13D2.1,14,6,27,13,24,9
F13D12.6,327,440,504,299,308,226
F13D12.8,2,5,7,0,3,5
F13D12.10,0,1,3,2,0,0
F13E6.1,26,30,20,35,33,24
F13E6.2,7,7,3,3,6,3
yap-1,33,23,31,21,19,8
plpp-1.3,8,15,18,5,7,1
F13E9.1,7,9,10,5,5,8
F13E9.11,8,6,11,4,5,5
ztf-2,4,1,1,13,6,3
dylt-1,6,13,5,1,9,7
ttx-7,17,9,8,15,8,5
F13G3.6,5,8,3,9,7,5
F13G3.7,5,5,15,3,12,2
F13G3.10,11,3,2,3,5,1
mrpl-13,9,3,15,16,13,3
F13G3.12,1,0,0,0,0,1
F13H10.3,5,19,18,1,9,9
mogs-1,14,15,28,17,18,15
F13H10.6,3,3,0,3,0,0
hxk-1,26,42,36,28,56,21
rpoa-2,97,93,108,36,42,39
F14B6.2,24,27,25,12,21,12
F14B6.6,2,2,1,5,3,0
F14D7.6,9,7,8,3,1,3
F14E5.2,80,115,100,61,94,77
lips-10,11,25,17,18,24,13
git-1,5,6,18,8,15,9
mboa-7,6,3,5,7,8,4
cyp-13A12,3,7,2,4,0,1
shw-1,11,3,4,10,3,5
nlp-55,14,12,11,12,13,19
cyp-35D1,1,0,0,0,3,1
obr-2,16,9,6,5,11,5
F15A4.5,5,9,10,8,5,8
F15A4.6,19,28,24,24,31,19
inft-2,4,4,2,1,3,9
F15B9.6,1,1,0,0,1,0
F15B9.8,0,1,0,2,6,1
ubql-1,40,63,49,38,31,32
F15D3.6,16,8,10,17,5,10
timm-23,46,66,50,53,42,34
F15D4.2,16,6,6,2,3,0
romo-1,17,8,21,12,13,7
F15D4.4,3,8,7,1,8,2
F15G9.1,3,0,13,4,5,4
F16A11.1,26,15,22,15,26,10
rtcb-1,2,4,6,4,3,12
ppfr-1,61,70,62,41,46,59
F16B12.4,7,4,4,1,10,2
F16B12.6,27,33,52,35,48,30
F16C3.2,0,0,0,1,2,1
tbcd-1,15,10,12,11,12,16
clec-42,7,17,16,31,20,20
F16H6.10,11,9,13,5,2,7
F17C8.3,10,4,6,9,20,4
F17C11.2,23,8,6,9,10,4
F17C11.4,28,15,8,14,20,15
F17C11.6,0,0,0,0,1,2
F17C11.7,9,11,8,3,7,10
vps-36,16,27,34,15,27,18
eef-1G,778,793,818,754,776,629
ctf-4,45,43,34,49,51,45
F17C11.11,9,15,10,18,15,10
F17C11.12,11,5,4,8,6,0
F17E5.2,5,3,3,5,7,7
F17H10.1,27,37,28,29,40,12
F17H10.2,0,5,9,3,5,3
snx-17,20,20,24,18,31,9
F18A11.2,0,2,1,7,1,1
F18A11.3,3,2,2,3,3,2
F18A11.5,11,1,6,5,7,2
F18C12.3,23,8,17,10,7,6
papl-1,13,19,28,12,24,9
F18H3.1,7,4,5,1,2,1
F18H3.4,24,25,17,7,21,17
F19B2.5,64,59,56,58,64,41
F19B2.6,3,5,6,2,3,2
F19B6.1,45,87,60,23,42,41
F19C6.2,16,4,8,14,10,5
F19C6.3,2,0,3,4,1,1
F19C6.4,1,2,6,0,0,1
nekl-3,0,9,6,7,3,5
F19H8.2,5,8,8,7,6,10
mltn-9,0,1,0,7,1,3
F20C5.4,6,7,6,4,3,8
F20C5.6,13,26,26,10,12,4
F20D1.1,19,26,29,28,21,22
tbc-1,7,2,10,9,9,2
F20D1.3,55,52,40,50,64,45
slc-25A18.1,48,88,72,33,53,49
emre-1,6,1,1,2,4,1
F20G2.2,12,12,10,6,2,1
F20G2.3,1,3,2,1,1,2
F20G2.5,3,2,1,0,0,0
smgl-1,42,39,26,19,29,21
glb-14,0,0,1,2,6,0
lgc-31,10,13,7,3,2,7
ncs-4,0,0,6,0,2,4
myrf-2,88,101,84,70,97,55
hint-1,3,2,2,3,0,1
pfd-6,10,16,16,10,18,8
F21D5.1,4,0,10,10,6,1
otub-3,4,3,2,1,2,2
F21D5.3,45,23,30,25,31,13
F21D5.5,4,11,9,3,8,3
F21D5.6,7,6,12,5,8,2
F21D5.7,45,58,56,67,63,35
mrps-33,8,12,11,11,14,8
F21G4.1,7,11,18,6,13,8
F21G4.6,7,13,15,8,26,8
F22B5.10,8,16,13,13,9,12
cth-1,7,4,5,5,4,4
F22B8.7,20,15,13,13,9,2
F22D6.2,60,64,67,86,115,42
nduf-6,19,11,11,18,11,4
ekl-1,12,11,15,11,16,2
F22D6.15,4,3,3,7,2,0
cept-1,14,23,17,18,14,9
F22E12.1,51,60,69,39,44,26
F22G12.4,25,21,29,11,20,10
F22G12.5,51,42,31,30,34,33
F23A7.3,2,5,2,5,1,2
rpb-12,0,2,4,2,2,1
F23B12.4,11,14,5,14,15,12
dlat-1,155,141,176,132,125,115
F23B12.7,107,107,125,67,98,63
F23D12.7,2,8,4,0,2,0
tomm-20,34,4,15,21,17,16
F23H12.3,0,2,3,0,0,2
F23H12.5,1,3,0,4,3,4
fipr-1,8,15,11,9,5,6
fipr-2,7,1,16,4,1,1
ehbp-1,36,27,34,17,21,20
rgef-1,5,0,8,4,0,5
F25B3.5,4,4,7,9,8,2
rtfo-1,32,48,36,23,39,17
acs-12,14,8,3,5,11,1
degt-1,4,5,1,4,2,3
F25D1.5,3,0,3,4,0,0
tag-353,7,22,5,24,20,12
snx-27,11,8,19,5,12,5
F25H2.4,10,19,20,10,24,18
ndk-1,164,196,207,228,199,127
F25H2.6,29,18,51,33,26,11
tct-1,239,284,327,269,313,233
rtel-1,7,1,5,5,1,3
pyk-1,114,98,99,57,101,55
clsp-1,15,12,18,12,15,38
mrpl-54,1,4,1,1,3,3
F25H8.1,0,0,17,0,2,3
F25H8.2,20,20,26,3,27,8
bed-3,1,0,0,5,5,1
F25H9.7,8,4,1,3,1,2
F26A3.1,13,13,17,21,16,5
ncbp-2,14,14,14,10,12,5
F26A3.4,85,108,108,56,105,61
F26A3.7,6,2,5,2,0,0
F26C11.1,3,11,10,8,9,2
F26E4.2,0,0,0,0,0,0
F26E4.3,32,41,32,36,36,18
F26E4.4,1,11,4,4,3,5
cox-7C,55,33,44,39,45,25
F26E4.7,1,1,8,4,4,2
drsh-1,4,2,9,1,2,0
hrdl-1,32,14,29,25,41,29
gpx-1,2,7,8,7,5,2
F26F2.7,10,11,6,5,5,6
F26H9.2,11,12,34,10,8,2
nmat-2,0,7,0,1,0,1
F26H9.5,23,15,22,26,35,18
kbp-3,4,1,7,0,0,1
nurf-1,261,192,274,188,258,172
F27D4.1,73,60,85,65,83,55
lsy-22,9,3,9,12,4,1
F27D4.4,53,35,50,45,54,21
F27D4.6,6,6,4,1,11,10
F27D4.7,2,2,6,2,0,3
asah-2,4,8,9,2,11,9
F28C1.1,19,14,20,11,13,6
F28C1.3,43,47,58,26,41,64
F28C6.4,0,9,6,1,6,0
F28C6.5,3,1,2,5,5,7
F28C6.8,16,42,23,23,23,7
wdr-46,50,21,19,27,18,24
F28D1.6,3,0,0,0,1,0
acs-20,3,2,7,8,18,5
dpm-3,4,1,3,2,1,1
F28D9.4,5,2,2,7,3,0
acs-2,14,23,13,59,52,32
fbxa-95,1,3,0,5,0,4
mdt-28,5,1,2,3,10,4
F28H6.4,15,14,15,9,6,4
F28H6.6,7,8,12,3,13,5
F28H7.3,32,46,48,36,40,36
F28H7.8,5,7,9,5,17,3
F29C6.1,4,10,14,3,2,3
rict-1,20,32,44,25,21,14
gfm-1,172,168,145,130,151,140
capg-1,26,33,26,19,40,29
tut-2,4,5,9,1,7,6
F29G6.1,1,4,0,5,3,4
hpo-34,284,423,412,219,288,284
calm-1,5,1,5,0,5,0
F30A10.3,8,2,4,7,3,0
sac-1,20,19,12,7,12,4
F30A10.9,13,28,15,24,16,17
usp-48,28,67,48,34,34,37
gras-1,1,2,3,4,1,0
F30F8.5,1,0,2,0,1,0
F30F8.9,2,4,8,8,0,0
F30F8.10,2,5,1,1,8,3
F31C3.2,20,32,28,5,9,13
F31C3.3,53,51,45,36,25,48
zipt-1,6,0,6,9,3,7
F31C3.6,5,2,6,2,6,8
exos-7,5,8,5,2,5,0
F31D4.2,47,38,31,44,36,49
clec-264,1,0,0,2,2,3
F31D4.8,7,6,4,0,5,7
F31D4.9,9,1,7,5,5,2
eva-1,2,5,10,9,11,2
F32A7.4,14,7,11,8,7,2
maph-1.1,44,77,49,42,59,45
F32A11.1,54,57,73,40,59,41
F32B4.4,42,54,44,53,46,38
F32B4.5,4,8,6,4,5,2
mccc-1,64,61,61,45,68,46
F32B6.3,5,7,9,2,9,3
tbc-3,14,7,17,17,18,1
best-13,4,6,8,6,6,5
F32D8.4,4,3,6,2,7,0
F32D8.5,2,4,6,3,4,2
F32D8.10,6,7,16,17,1,0
F32D8.12,29,35,65,38,36,16
F32D8.14,2,1,2,10,3,2
uig-1,46,24,38,11,34,15
best-14,32,45,57,24,35,22
thoc-3,13,11,6,6,1,5
fasn-1,370,470,500,521,623,558
F32H5.1,25,29,42,36,33,23
F32H5.4,7,10,5,3,12,1
F33A8.4,17,32,29,17,14,21
sdhd-1,25,60,60,29,31,35
F33C8.4,0,3,3,0,3,0
F33H1.3,14,17,39,23,15,4
F33H1.4,28,28,33,10,19,15
F33H2.2,19,28,41,8,11,10
F33H2.3,42,64,55,38,45,23
pole-1,43,44,32,55,28,44
F33H2.6,11,3,10,7,6,0
evl-18,3,16,3,10,9,8
F34D10.4,16,18,14,26,25,19
F34D10.6,26,24,19,20,27,12
F34H10.3,3,5,7,5,4,2
F35B12.3,27,27,34,33,34,11
sas-5,4,3,3,5,3,3
tag-290,4,3,0,5,0,1
F35B12.9,17,12,22,29,13,8
F35B12.10,19,16,19,15,18,8
clec-62,2,10,13,8,19,16
clec-63,1021,1300,1485,1003,1230,1038
clec-64,1,7,10,4,7,1
clec-65,47,71,69,46,51,56
clec-66,22,45,47,13,28,13
ddn-2,0,0,0,0,3,1
F35C11.4,0,4,7,0,3,4
F35C11.6,2,1,2,3,5,3
F35C11.7,1,2,0,0,0,2
F35C12.3,2,2,8,1,2,1
irg-5,9,3,9,3,6,3
F35E12.6,16,13,18,7,8,3
dct-17,9,10,11,8,9,2
cld-9,6,5,11,2,4,4
F35E12.9,10,0,3,1,2,4
F35E12.10,10,10,26,8,5,2
F35G2.1,40,30,32,30,29,30
marb-1,10,15,7,14,7,4
mlcd-1,10,15,7,16,15,7
idhg-1,56,55,73,47,74,49
wdr-48,6,1,8,4,7,4
erh-2,4,1,3,2,8,1
F35G12.12,15,5,20,13,16,9
F35H8.2,0,4,1,2,1,3
zfp-2,6,15,16,2,6,4
ugt-58,19,9,18,12,24,13
cids-2,15,23,28,8,12,14
F36A2.2,14,15,11,12,29,10
F36A2.3,51,18,19,27,47,31
F36A2.7,155,199,228,175,197,155
phip-1,2,3,0,3,1,1
F36A2.9,25,40,34,21,24,21
ubr-5,146,140,173,94,131,106
madf-2,3,4,6,2,5,3
F36D1.7,1,0,2,0,0,0
F36D3.1,9,2,9,4,2,4
F36F2.1,1,2,3,3,2,0
rbpl-1,74,46,84,56,58,27
syx-7,13,13,6,9,8,2
fcp-1,17,14,26,7,7,7
F36G3.1,20,21,33,8,19,22
F36G3.2,7,4,4,1,10,2
hrg-4,0,2,4,2,6,0
tat-5,28,35,53,27,30,19
ent-6,14,6,10,5,7,3
F36H2.3,8,5,12,6,9,1
F37A8.5,7,4,5,13,21,8
F37B12.3,13,11,8,12,10,2
mus-101,11,23,14,13,24,11
row-1,4,12,11,15,12,6
bigr-1,4,5,8,5,2,4
F37H8.5,49,111,97,47,77,50
clec-170,1,1,8,10,3,1
clec-166,1,0,0,2,0,0
F38A1.8,18,31,37,32,59,25
F38B2.2,0,2,2,5,6,0
F38B2.4,17,22,20,11,15,6
ccch-1,40,50,62,41,35,17
F38B7.2,8,9,6,12,5,6
F38B7.3,25,16,9,25,4,9
copb-2,114,115,165,82,150,94
F38E11.9,0,2,0,0,3,0
F38H4.3,15,9,10,16,13,6
piki-1,30,43,31,26,31,28
hinf-1,15,13,13,16,9,11
F39B2.3,5,16,1,1,3,1
F39B2.5,4,1,3,8,0,1
F39B2.8,8,6,20,12,19,9
mtx-1,15,12,29,11,24,5
flp-22,11,7,14,12,12,11
F39H2.3,5,4,9,3,5,2
F39H11.1,9,0,1,4,11,2
F40E10.6,47,107,78,53,76,52
F40F8.1,12,18,10,11,18,6
F40F8.4,20,14,22,16,29,7
F40F8.5,66,88,68,65,63,34
arrd-6,9,31,7,12,14,9
xbx-6,22,31,42,19,29,12
F40F9.5,2,4,3,7,0,1
aagr-3,214,261,231,142,182,164
drap-1,27,26,28,41,35,19
F40F9.10,15,6,11,1,1,1
mig-38,105,91,95,86,76,52
cyld-1,57,58,64,46,51,40
cbp-3,3,5,2,7,5,2
F41E7.1,15,15,7,4,10,7
F41E7.2,12,5,4,3,5,3
npr-6,5,0,0,5,0,1
fip-5,21,32,21,30,46,34
fipr-21,14,8,10,18,17,6
cnc-8,1,0,0,3,0,0
F42A8.1,7,4,4,11,8,1
cup-15,3,0,0,2,4,1
tatn-1,82,128,130,37,76,62
ttyh-1,15,15,31,13,15,13
F42F12.3,6,4,8,1,1,8
F42F12.4,7,0,3,2,0,1
F42G4.5,7,12,9,2,8,1
F42G10.1,2,1,10,2,2,11
zhit-2,5,1,2,1,1,1
ccnk-1,2,1,8,9,4,2
F43D9.1,3,7,3,6,5,4
sly-1,16,19,14,12,13,8
F43G6.8,2,1,3,2,4,2
patr-1,49,109,103,50,90,70
idha-1,263,366,352,287,331,241
lmd-1,2,6,7,5,11,1
slc-25A42,48,79,48,47,55,41
F43G9.4,4,5,11,4,8,3
cfim-1,10,12,13,15,22,13
mfap-1,39,59,54,47,35,28
F43G9.12,12,21,17,15,17,8
nucb-1,53,47,65,42,52,34
F44A6.4,5,4,1,0,0,0
F44A6.5,2,7,3,11,2,1
magu-4,14,14,15,12,12,15
F44D12.2,9,9,7,2,8,4
ent-7,6,3,3,1,3,1
F44E5.1,64,42,90,71,79,56
lurp-1,1,2,2,1,1,3
F44G3.10,3,8,7,2,5,2
F44G4.1,40,38,41,39,23,16
F44G4.2,26,38,59,47,50,36
F44G4.6,0,2,1,4,0,0
F44G4.7,4,5,6,6,13,3
dep-1,36,29,26,36,19,27
F45D3.2,22,13,20,19,12,11
F45D3.3,9,27,33,14,18,12
F45D3.4,24,37,34,25,23,11
tbc-13,3,27,13,11,12,8
F45E10.2,8,4,4,8,10,4
myo-6,67,45,61,51,44,34
exo-1,3,6,7,2,8,7
cope-1,12,11,14,9,7,3
F45G2.7,8,3,2,1,8,3
F45G2.8,8,8,29,9,20,3
F45G2.10,6,1,7,2,4,3
hecw-1,7,4,7,0,4,5
F45H10.2,24,37,31,17,20,11
F45H10.3,64,77,101,62,58,42
drr-1,4,2,6,8,3,1
hpo-35,5,17,14,11,18,20
cox-19,6,14,3,1,6,8
F46B6.4,3,7,5,3,13,5
F46B6.5,30,14,29,22,37,19
F46B6.6,31,51,51,35,48,46
ztf-7,385,381,375,375,384,271
lipl-2,3,13,3,1,1,0
F46B6.9,2,7,0,2,7,6
F46B6.12,8,3,8,10,6,3
F46C5.6,8,10,10,8,5,0
rer-1,11,7,17,13,20,10
F46C5.9,11,22,25,11,14,8
F46C5.10,4,10,0,4,1,6
F46F2.3,372,363,450,350,360,231
F46F2.5,1,4,4,8,6,5
lgc-44,0,4,0,5,2,0
pkn-1,35,56,40,22,30,15
F46G10.1,28,26,27,12,21,7
F46G10.2,23,12,10,12,26,25
F46G10.4,2,1,8,2,2,0
lgc-47,0,5,6,3,3,5
rrc-1,20,31,23,17,22,9
ipla-2,19,16,22,25,14,9
F47B8.2,4,19,11,1,14,5
F47B8.3,14,4,2,7,16,1
F47B8.8,0,0,1,0,0,3
suca-1,97,117,168,122,125,63
haly-1,60,43,40,44,73,37
acbp-3,16,4,3,5,3,0
F47B10.9,2,1,0,0,1,1
gadr-6,25,13,18,0,0,1
F47G4.4,13,19,21,3,9,17
F47G9.1,15,25,16,30,33,13
F47G9.4,17,9,15,17,19,13
F47H4.2,7,4,6,4,0,2
igeg-2,3,5,4,0,1,3
F48C5.2,0,0,0,3,3,0
F48F5.6,9,10,15,9,6,12
F48F7.5,3,0,3,10,4,3
F48F7.6,12,7,3,10,14,2
F49B2.6,27,45,40,36,44,19
F49C12.6,1,3,2,3,2,2
F49C12.7,5,1,5,2,3,4
F49C12.9,6,9,15,8,4,9
F49C12.11,7,5,5,6,6,1
F49C12.12,20,23,25,28,35,17
vha-17,45,74,73,52,66,49
F49C12.14,2,0,0,0,0,0
F49E2.2,75,61,80,43,58,57
glb-17,2,0,2,4,2,2
F49E2.5,271,261,265,269,295,189
scl-2,11,17,9,16,24,5
scl-3,11,8,23,16,10,0
efl-3,17,19,18,20,17,28
drd-1,1,0,0,0,6,2
F49E12.12,3,7,8,5,6,10
F52A8.1,27,69,39,26,19,24
glb-18,10,1,8,2,4,2
gcsh-2,13,21,39,23,31,11
kbrl-1,23,7,23,2,20,9
abts-1,180,155,230,165,178,116
F52B5.2,3,1,6,0,1,0
F52B5.3,16,8,3,9,4,2
cfp-1,19,22,11,9,15,10
F52B11.2,11,1,8,3,8,6
noah-2,5,14,6,77,81,68
abts-2,8,16,5,1,16,7
F52D10.2,7,12,6,7,12,4
F52E10.4,0,0,0,3,0,0
ztf-11,10,9,10,8,6,5
strl-1,5,9,6,2,13,3
F52G2.3,6,6,7,5,7,5
mtcu-2,13,5,17,12,7,7
bath-38,6,3,5,9,10,5
ttc-36,0,3,5,4,1,0
F53A2.1,6,1,0,3,4,1
acaa-2,85,91,93,68,110,61
F53A2.9,2,6,0,3,1,11
F53B2.8,4,9,7,5,4,1
madd-4,36,37,54,41,23,19
isy-1,7,10,13,4,1,6
fig-1,90,70,73,54,68,89
F53C11.1,1,3,2,12,2,5
F53C11.3,41,24,26,13,35,1
F53C11.4,92,94,89,89,101,108
F53C11.5,62,89,85,81,71,50
swan-2,15,33,27,3,19,19
swan-1,10,8,4,5,9,3
F53E4.1,15,14,9,21,13,9
F53F1.2,9,9,12,13,11,9
F53F1.3,9,17,27,10,15,4
F53F1.4,45,42,69,41,70,30
cut-2,0,2,3,115,105,45
F53F1.6,0,1,2,4,1,0
tbcb-1,9,11,15,4,4,4
F53F4.10,32,43,33,53,48,22
F53F4.11,323,530,421,257,284,264
F53F4.12,6,8,3,2,1,1
F53F4.13,19,16,15,17,27,4
F53F4.14,29,31,21,18,23,15
F53F8.4,15,19,16,16,15,13
F53F8.5,6,15,10,6,16,9
F53H2.3,33,16,28,6,15,23
gmeb-2,1,5,8,0,6,2
saeg-1,82,62,80,55,53,61
F54B3.1,110,87,161,108,85,63
atad-3,154,86,147,90,105,63
F54B8.4,0,0,1,0,1,0
F54B11.5,8,1,1,3,0,6
F54B11.9,6,5,2,1,1,0
F54C8.4,18,16,16,25,14,7
rheb-1,4,3,1,3,3,3
F54C8.6,2,2,2,5,0,4
F54C8.7,14,7,17,10,14,0
F54C9.3,6,8,8,13,6,2
bcs-1,14,21,26,9,13,17
F54C9.7,2,4,0,3,2,3
F54C9.9,23,20,44,25,27,8
F54C9.11,7,8,8,8,3,4
F54D1.6,146,135,173,123,122,81
F54D5.3,67,113,79,49,89,56
F54D5.4,32,46,42,20,48,15
F54D5.5,11,12,6,6,7,11
F54D5.7,83,69,102,68,63,39
gtf-2E2,2,3,8,1,14,3
F54D5.12,67,68,75,70,63,53
smc-6,14,22,18,9,18,15
F54D5.15,12,2,5,11,3,1
F54E4.3,17,26,20,16,17,12
F54E12.2,8,10,12,7,21,16
lipl-1,9,10,11,3,6,7
dhrs-4,0,3,2,2,7,2
nep-17,987,1179,1314,868,1082,862
F55A11.1,4,6,1,10,7,11
F55A11.6,4,4,4,10,9,2
F55A11.7,4,17,17,5,9,8
xdh-1,79,91,84,91,81,57
F55B11.4,6,2,5,3,0,1
hpo-31,17,4,9,8,11,4
capg-2,21,9,22,17,26,11
tsfm-1,29,28,38,23,17,19
rskd-1,14,39,24,22,22,15
srpa-68,68,80,118,60,59,52
F55C10.5,9,3,3,1,4,1
F55D12.1,1,0,0,1,1,2
F55D12.2,5,12,11,9,6,4
F55D12.5,19,41,11,6,27,17
aakb-1,6,16,25,10,19,5
F55F3.2,15,24,20,24,20,13
nkb-3,64,47,45,64,39,42
F55G11.2,3,5,6,1,1,3
F55G11.4,4,6,8,6,10,4
dod-22,2,1,3,10,9,3
F55G11.8,18,19,13,11,13,11
vha-14,169,118,165,143,204,93
F55H2.5,4,4,16,8,8,10
F55H2.7,7,6,4,2,6,5
F55H12.2,3,3,2,12,0,0
F55H12.3,28,31,31,22,26,30
F55H12.4,6,9,5,10,7,3
ztf-26,2,0,8,5,0,4
F56A8.3,54,19,36,57,39,31
F56A8.5,4,5,9,6,2,0
glb-19,0,0,4,1,0,0
F56D5.3,18,2,2,12,10,3
F56D5.6,35,29,42,38,34,17
F56G4.4,8,11,11,2,8,7
png-1,8,10,8,8,6,6
F56G4.6,11,12,4,12,12,3
F56H9.2,2,0,3,1,3,2
F56H11.2,21,57,39,19,31,20
F57A8.1,22,10,13,16,24,8
yif-1,9,4,7,8,3,4
F57A8.4,0,0,7,0,0,1
dmsr-1,16,24,23,22,24,24
F57B7.2,5,2,7,3,4,2
F57C2.5,10,13,22,11,10,5
spat-1,11,4,3,3,5,0
bet-2,70,66,61,71,66,63
F57C7.4,10,2,13,4,2,0
F57F5.1,216,304,353,253,284,186
F57G8.5,10,10,1,1,6,0
F57G12.1,18,16,23,26,18,22
ttr-31,1,6,13,11,12,8
rpac-19,21,1,19,7,7,2
F58B3.4,53,37,37,27,34,30
F58B3.6,46,63,58,72,74,50
rbm-17,9,5,3,4,2,3
F58B4.3,16,9,10,9,7,9
F58B4.5,11,13,15,8,9,8
F58B4.6,4,7,9,9,4,1
F58D5.2,5,4,6,2,5,1
F58D5.5,77,189,137,105,111,163
sta-2,10,5,9,14,13,8
hrg-3,1,1,0,2,0,0
ric-7,64,57,78,43,63,60
ddx-17,172,149,160,144,148,88
droe-4,15,30,23,25,19,28
F58G1.2,4,9,12,2,0,12
dct-18,165,198,250,132,210,145
arrd-10,3,3,6,2,10,4
amph-1,16,18,12,12,21,8
F58G6.3,1,2,3,0,1,2
acc-1,7,0,2,6,7,0
F58G6.7,3,5,11,4,12,1
letm-1,46,40,42,23,55,26
rde-12,58,64,76,46,57,40
ccz-1,5,9,4,11,7,17
aman-2,53,30,75,47,59,28
F58H1.3,3,1,0,7,2,0
F58H1.7,3,2,6,9,6,0
F58H10.1,0,0,0,1,0,0
dgat-2,18,25,24,22,26,16
cri-3,181,282,289,185,187,142
clpf-1,6,7,6,15,11,9
F59A2.5,3,0,0,2,3,0
golg-4,96,63,75,71,68,48
skat-1,19,32,7,20,9,8
F59B2.3,1,8,7,4,3,3
F59B2.13,10,1,1,9,2,7
F59B8.1,1,3,9,1,4,0
idh-1,216,214,241,206,241,141
F59B10.4,5,5,10,4,6,4
F59B10.5,9,9,9,3,7,7
exos-3,0,4,7,3,3,2
F59C6.5,75,44,75,62,62,45
F59C6.11,4,0,5,1,2,0
copz-1,15,23,20,10,30,8
del-5,4,10,6,8,8,2
F59F3.6,3,0,1,2,0,1
acox-1.6,11,13,11,8,8,6
F59F4.2,19,9,15,13,17,9
F59F4.3,15,10,9,3,14,7
acl-1,18,26,27,15,19,28
slcf-1,1,2,0,8,6,2
glo-3,11,5,2,11,6,1
H01G02.1,0,0,2,1,2,0
H01G02.3,13,11,21,6,14,7
famk-1,28,12,14,17,18,3
H03A11.2,16,13,26,22,19,17
chd-1,24,38,35,29,15,14
ctg-1,11,7,22,6,19,13
rga-5,4,26,17,16,15,15
mpst-3,8,7,6,3,6,3
H13N06.2,3,4,0,3,10,0
suox-1,16,16,17,19,11,10
erfa-3,40,36,47,62,61,31
math-33,114,97,89,67,84,64
H19N07.3,1,1,1,4,4,0
mboa-2,15,15,20,17,18,23
H21P03.2,17,12,9,11,7,4
hxk-2,72,60,57,37,47,30
H27A22.1,3,4,8,12,5,10
atp-1,1241,1369,1620,1349,1468,1118
mcrs-1,16,5,10,10,7,16
slc-36.4,5,10,3,3,10,10
H32K16.2,0,0,0,0,2,0
lpin-1,162,238,206,148,217,141
hpo-11,19,7,17,27,22,17
dcn-1,47,69,60,44,62,38
H40L08.1,14,22,23,9,16,10
JC8.2,75,56,60,20,41,20
cox-11,4,5,9,2,1,2
JC8.7,3,1,2,7,3,3
ttr-51,10,14,8,6,6,2
magi-1,44,56,39,32,24,27
K01A11.1,3,6,8,16,7,5
K01A11.2,17,27,9,7,10,5
fozi-1,4,7,3,5,7,9
K01C8.1,34,41,31,14,10,12
mrpl-10,20,21,25,15,18,2
slc-25A32,1,2,1,1,0,0
K01D12.6,11,5,20,10,2,4
cdr-4,34,15,28,7,13,9
cdr-6,12,11,12,6,15,3
cdr-7,4,2,21,6,16,4
hrg-2,1,5,9,17,23,6
K01F9.2,0,0,2,1,0,2
rnf-113,10,17,12,8,10,9
K01G5.5,246,314,259,177,165,124
K01G5.8,1,1,0,2,0,0
tasp-1,11,7,4,15,10,12
K01G5.10,4,2,3,6,5,0
endu-1,22,29,17,9,7,8
sec-12,23,39,42,29,33,32
K02B12.5,6,9,7,3,5,8
K02B12.7,6,9,17,16,10,9
K02C4.3,20,9,31,21,17,7
K02C4.5,15,25,13,18,25,11
K02D3.1,1,1,1,0,3,2
K02E2.6,8,3,7,4,6,6
K02E11.3,0,0,1,2,0,0
K02E11.4,2,4,0,3,0,0
K02E11.5,11,2,3,7,4,0
K02E11.6,1,0,3,1,0,1
K02E11.7,0,0,3,0,4,0
K03A11.5,0,5,3,3,5,6
K03B8.6,29,33,24,12,22,21
mys-2,12,8,6,5,2,2
ttr-3,0,1,0,2,2,0
ttr-2,14,11,17,20,20,18
K03H1.5,24,22,43,24,31,19
cbp-2,1,2,1,4,2,0
K03H1.11,5,9,0,5,1,2
K04B12.2,22,16,19,17,30,15
smg-8,8,7,11,6,6,2
K04C1.2,3,7,10,7,7,5
rack-1,725,568,803,744,653,565
mspn-1,13,8,4,9,8,6
ptp-4,26,8,13,6,13,9
eif-2beta,45,37,25,29,41,25
cdc-48.3,22,28,30,14,15,10
ath-1,8,16,27,8,10,20
vacl-14,11,13,20,24,15,9
K04G2.9,1,0,4,9,5,0
wdr-5.2,4,4,2,9,3,4
K04H4.2,0,2,0,15,6,11
flp-25,8,16,20,11,5,7
K05C4.2,48,69,56,41,44,51
K05C4.5,46,70,88,24,49,29
K05C4.7,6,1,0,4,3,6
gsnl-1,13,13,14,25,20,14
haao-1,3,7,3,7,5,1
K06A4.7,0,3,1,0,0,4
K06G5.1,134,197,199,131,176,111
dut-1,27,21,28,29,32,16
ate-1,11,12,22,13,4,14
K07A1.10,24,8,22,10,14,7
K07A12.1,20,15,37,20,18,13
egg-6,3,5,8,3,4,6
K07A12.4,11,45,22,22,30,23
mrps-15,22,4,13,20,13,11
K07C5.2,9,9,6,5,6,9
K07C5.3,18,17,10,11,18,8
nol-56,332,364,375,274,299,270
ceeh-2,6,0,0,5,1,0
K07C5.6,13,10,16,15,7,6
ttll-15,0,3,1,1,5,1
cash-1,37,23,44,32,29,14
K07F5.14,43,36,30,13,18,6
K07F5.15,1,7,2,4,7,6
crml-1,51,71,63,24,57,38
K07G5.5,4,2,5,6,4,3
fecl-1,21,21,31,26,21,16
K08C7.1,4,2,9,2,2,0
K08C7.4,4,7,3,1,3,2
K08C7.6,1,2,3,0,0,0
K08C7.7,0,0,0,1,0,0
K08D8.3,5,14,4,14,12,7
K08D8.4,13,12,18,15,28,10
K08D8.5,3,0,5,0,1,1
K08D8.6,34,63,76,31,35,29
tyr-2,6,15,14,9,6,13
dbn-1,38,36,81,39,62,29
K08E3.5,76,140,104,100,115,77
K08E4.3,2,9,1,4,1,3
K08E4.6,6,1,11,2,4,1
eak-7,7,10,13,13,13,9
K08E7.5,1,0,0,2,5,3
K08E7.6,4,4,2,2,3,0
ctf-18,19,20,41,12,18,12
gtbp-1,52,51,40,30,52,21
mak-1,74,63,76,67,73,43
aipl-1,14,13,7,17,8,20
K08F9.4,7,0,10,7,5,0
uda-1,14,31,38,32,38,21
trpp-6,1,0,6,0,1,0
nipi-3,46,60,53,62,64,44
ent-2,18,41,21,27,15,15
usp-33,6,9,2,2,6,7
K09A9.6,45,26,34,44,37,21
K09A11.1,5,7,1,6,1,1
nol-9,5,12,6,6,4,2
uso-1,18,32,29,17,20,19
algn-3,42,20,27,23,27,26
K09E4.3,8,9,1,9,10,3
K09E4.4,8,14,9,11,8,2
cpg-7,0,2,0,2,2,0
K09E9.1,6,6,8,4,4,2
erv-46,6,3,5,4,9,7
K09E9.3,6,6,14,9,1,2
K09G1.1,19,8,21,24,19,19
ensa-1,16,46,25,31,36,6
K10C3.4,32,26,37,30,24,15
K10C3.5,60,48,61,18,28,12
istr-1,41,51,45,39,49,22
K10D3.4,6,12,4,31,39,39
K10D3.6,0,3,2,2,5,8
K10D6.2,28,21,26,28,40,16
K10D6.4,23,28,28,12,8,15
dod-17,9,14,12,4,10,2
K10D11.5,8,5,7,2,4,1
K10D11.6,2,7,7,6,2,0
K10G4.3,0,3,3,0,2,0
vglu-2,9,10,0,8,13,7
K10G9.2,11,5,8,3,16,5
pad-2,5,1,2,4,2,2
vnut-1,4,8,5,12,7,14
cysl-2,12,17,15,12,16,12
mrps-27,43,33,51,46,46,17
asah-1,52,68,43,52,30,34
K11D2.4,11,20,7,2,5,2
K11D2.5,11,8,9,3,8,7
K11D9.3,21,20,23,18,16,11
K11E4.1,3,7,3,3,6,5
K11E4.2,0,0,2,0,0,0
pix-1,19,10,22,12,15,5
gpdh-2,28,16,32,33,28,18
K11H3.3,35,24,46,39,23,28
mrpl-36,1,3,1,0,5,1
twk-48,1,1,0,3,3,1
top-2,86,61,107,65,104,91
sulp-4,8,2,3,4,5,0
sulp-5,2,4,0,2,1,0
sodh-1,134,178,150,186,226,108
LLC1.2,37,24,39,26,40,30
dld-1,112,136,168,104,118,87
clip-1,45,112,85,48,56,38
M01E5.2,10,18,9,9,5,2
M01E5.3,39,53,64,34,50,36
M01E5.4,3,8,9,4,3,3
M01F1.3,57,116,75,38,73,58
M01F1.4,22,32,34,26,26,15
hmit-1.3,20,36,46,19,28,16
mrpl-35,3,11,3,10,7,6
pitp-1,51,57,55,36,48,56
M01F1.9,3,5,3,2,2,1
M01G12.9,5,11,12,11,8,6
M02B1.2,1,0,0,4,1,0
M02B1.3,9,8,11,13,4,7
mct-3,59,66,67,69,85,44
M03B6.3,0,0,0,2,5,2
M03C11.1,12,4,22,12,7,3
chl-1,1,4,3,5,5,4
M03C11.3,37,30,36,30,45,19
ymel-1,37,18,40,26,19,12
prp-3,31,26,41,22,40,28
M03C11.8,31,31,24,19,29,18
M04B2.2,3,11,2,6,4,8
M04B2.4,12,18,19,17,22,12
M04B2.6,0,3,1,2,3,0
M04C3.1,10,3,9,18,10,7
M04C3.2,4,4,6,3,2,0
M04C9.1,1,0,3,1,2,1
M04C9.3,0,4,3,1,1,2
xbx-3,1,0,4,0,4,1
tag-260,18,28,34,14,29,21
somi-1,74,87,94,62,69,45
let-522,2,2,2,1,8,1
M05B5.4,5,0,7,5,8,1
trpa-2,0,1,4,0,4,0
M05D6.2,13,35,35,13,23,20
lact-4,15,8,16,21,14,10
M05D6.5,7,8,5,5,13,8
M05D6.6,11,17,6,8,12,13
atg-7,13,21,11,13,16,22
M7.8,0,3,3,1,1,1
M7.12,9,1,4,12,7,8
dlc-2,7,4,6,1,10,4
M18.3,1,6,3,1,2,1
ddb-1,85,67,92,40,47,32
M18.6,1,2,1,4,2,2
dhhc-6,2,2,6,2,8,1
M28.5,133,158,171,76,104,81
lact-3,15,33,18,11,12,8
M28.8,5,1,2,3,0,0
M28.10,13,47,28,26,28,28
M79.2,4,3,5,21,4,4
ugt-62,82,84,92,36,64,30
mrps-34,8,12,26,15,10,4
imph-1,50,76,73,36,46,46
cisd-3.1,6,3,13,7,5,3
M106.2,7,12,8,7,12,12
M106.3,26,40,38,19,42,29
gmps-1,54,59,58,42,61,46
M110.3,4,5,10,5,0,0
M117.1,23,18,16,17,19,11
M142.5,5,3,0,4,5,1
rle-1,42,52,45,38,50,53
M153.1,1,4,7,2,4,3
M153.2,8,4,3,2,4,0
M163.1,30,16,23,29,34,25
ztf-14,7,17,9,9,8,4
gss-1,9,6,8,19,19,12
chch-3,39,26,33,25,41,16
M176.4,18,12,6,8,21,14
M176.5,13,9,20,6,7,2
chil-13,2,2,4,5,3,2
M176.11,2,6,2,0,5,1
nduo-6,43,14,21,25,29,7
ndfl-4,9,3,5,8,14,3
atp-6,150,90,128,140,116,68
nduo-2,104,63,109,64,54,50
ctc-3,463,247,382,391,371,203
nduo-4,119,69,139,90,75,66
ctc-1,923,516,817,729,711,467
ctc-2,285,125,205,247,265,146
nduo-3,38,25,46,67,41,25
glb-20,6,5,8,1,7,5
R01H10.4,1,2,6,8,6,1
R01H10.7,14,6,23,10,16,3
R02D5.1,8,12,20,7,7,4
R02D5.3,5,5,9,7,2,3
mocs-1,2,3,3,5,4,0
nkat-3,9,11,16,11,19,12
R03A10.5,4,3,2,3,1,3
sprr-1,4,0,6,1,1,0
metr-1,207,282,270,364,347,322
tceb-3,19,11,22,13,22,15
vha-20,214,207,284,206,226,190
lgc-25,3,2,8,2,2,1
R03G8.3,0,2,7,4,5,1
R04B5.5,1,4,6,0,2,4
R04B5.6,14,15,3,5,3,5
ugt-47,5,1,2,2,0,3
cyp-14A4,4,2,0,2,1,0
R04F11.2,153,124,229,150,212,127
R04F11.3,6,11,7,10,14,5
R04F11.5,1,2,4,0,1,0
R05A10.1,28,33,59,42,48,30
R05A10.2,14,6,16,16,6,8
R05A10.3,9,7,5,4,13,3
R05A10.4,1,0,3,2,1,2
R05D7.1,20,10,20,18,21,6
R05D7.3,0,4,2,2,2,3
abhd-11.2,2,9,3,8,3,3
R05D7.5,5,2,4,2,8,2
ddx-52,75,70,70,25,51,40
R05D11.5,17,27,30,14,23,12
paxt-1,12,11,8,7,7,1
snrp-27,8,3,4,2,4,3
edc-3,27,17,12,10,14,3
R05D11.9,4,16,10,10,9,3
R05H5.3,3,14,9,12,10,8
R05H5.5,0,8,5,8,14,2
R05H10.1,16,39,42,20,12,10
rbm-28,41,43,62,32,50,27
R05H10.3,3,4,18,4,2,6
gpx-2,18,15,22,17,28,15
R06A4.2,9,4,3,4,5,0
agl-1,27,77,32,52,51,39
pfs-2,36,42,43,13,26,13
arrd-13,5,2,7,5,11,5
arrd-14,12,9,10,11,19,12
fdps-1,0,6,6,9,5,1
R06C1.4,62,59,78,63,55,31
R06C1.6,34,42,35,27,41,14
wago-1,9,6,11,8,12,1
adsl-1,41,42,25,25,24,20
vps-11,27,34,32,19,30,21
set-14,1,6,8,6,2,3
msrp-7,32,38,27,18,41,28
R06F6.8,29,32,38,17,27,37
tag-209,14,20,13,8,9,9
scav-5,2,4,8,4,10,7
glo-1,2,8,4,1,0,1
kmo-1,2,6,1,10,2,5
R07B7.6,5,0,0,9,12,0
R07B7.8,4,0,0,1,2,1
R07B7.9,2,1,1,1,1,2
R07B7.10,5,2,5,6,1,2
gana-1,8,5,4,13,13,7
nhr-209,5,7,4,2,1,0
R07E3.1,88,62,108,111,96,49
acl-5,16,17,8,21,10,7
R07E3.6,0,0,1,9,13,2
R07E3.7,1,1,5,0,1,0
R07E5.1,7,11,12,1,15,5
prdx-3,51,58,51,58,57,40
snfc-5,12,17,19,14,11,11
R07E5.4,4,4,2,1,4,10
R07E5.7,9,9,22,5,13,13
pdcd-2,46,41,51,30,35,7
mpc-1,368,587,501,268,347,317
cpt-2,37,29,45,35,29,25
nuaf-3,5,6,9,7,10,1
R07H5.8,150,203,250,234,257,212
R08A2.7,1,0,3,1,2,2
R08B4.3,4,3,0,2,0,1
R08D7.1,11,4,14,6,7,2
rpap-2,7,7,7,5,7,2
R08D7.4,3,1,2,3,5,5
R08D7.5,3,2,3,6,0,2
pde-2,68,54,69,70,67,58
R08D7.7,0,2,2,0,0,0
R09A8.5,27,56,32,28,32,33
rbm-3.1,1,0,4,2,3,8
rbm-3.2,264,256,288,258,244,193
chil-22,1,1,0,1,1,2
R09H10.3,31,14,31,16,15,3
R09H10.5,228,246,317,223,204,143
R09H10.7,1,0,0,2,2,0
R10D12.1,12,20,20,17,25,19
swt-6,3,0,2,0,3,0
algn-13,1,0,1,0,2,1
R10D12.13,5,0,1,0,0,0
sao-1,25,18,29,14,30,7
R10E4.1,11,6,10,11,13,7
R10E4.9,1,0,6,8,1,0
R10E4.11,1,1,2,2,5,0
R10E8.3,1,5,3,11,4,1
R10E8.8,1,3,0,1,3,1
usp-46,5,7,15,10,1,4
R10E11.5,3,8,5,9,15,0
R10E11.6,11,21,24,10,13,6
R10E12.2,4,8,3,11,9,2
R10H10.3,22,24,39,41,30,6
R10H10.6,0,1,1,5,0,2
R10H10.7,3,4,3,6,6,3
slc-25A21,0,1,3,1,2,1
nud-2,26,19,37,27,39,32
R11A5.3,2,0,0,2,0,1
pck-2,410,516,436,519,585,369
suro-1,0,4,4,6,9,11
gkow-1,11,5,11,5,10,9
pges-2,23,40,58,18,31,25
mask-1,142,90,119,99,93,72
R11D1.1,11,4,18,7,14,7
R11D1.3,0,0,2,1,0,1
mrpl-49,5,14,14,12,6,6
R11D1.10,18,19,19,9,8,2
R11H6.2,13,39,21,22,12,4
glb-22,2,4,6,3,7,4
R11H6.5,2,5,7,1,6,0
R12G8.1,8,5,5,1,2,5
best-15,0,0,1,1,5,1
miz-1,24,28,35,36,48,30
pho-8,1,5,4,3,3,1
R13H4.5,5,13,14,8,8,4
pde-12,6,6,4,1,0,2
R17.3,8,5,5,2,1,2
R31.2,34,31,40,31,46,21
flad-1,10,4,19,8,12,5
dtmk-1,6,7,4,6,10,8
R53.4,257,241,321,226,274,166
R53.5,4,11,11,7,10,4
aakg-5,20,19,27,19,22,7
asd-1,20,41,30,35,32,29
pelo-1,4,3,4,5,3,5
R74.7,17,41,38,28,38,17
R74.8,16,16,16,13,9,3
ttbk-7,27,19,27,29,38,15
ttr-27,14,4,6,7,9,8
ttr-28,1,2,0,1,0,0
ttr-29,0,0,0,1,3,4
glb-24,8,6,9,14,5,4
R102.2,46,61,79,42,77,37
R102.4,13,9,25,20,12,13
allo-1,27,21,43,25,30,10
R107.2,6,9,5,3,5,8
ikke-1,47,38,40,50,54,30
R107.5,265,224,312,153,201,126
R166.2,27,18,37,21,42,20
R166.3,5,5,5,3,7,0
mnk-1,296,329,282,435,419,312
R186.1,1,0,3,1,0,0
R186.3,11,2,6,7,10,3
mpst-7,2,3,6,4,4,3
pnn-1,19,13,23,20,20,16
R186.8,3,3,2,2,2,0
T01B7.5,65,41,34,17,47,12
trcs-2,36,37,37,16,34,3
T01C1.4,0,0,2,3,1,0
cdt-2,4,17,4,6,7,2
T01C3.2,3,0,5,1,2,0
fil-1,9,4,2,3,1,2
mut-15,25,26,19,10,14,11
T01D3.1,48,58,38,21,21,34
T01D3.3,30,42,34,40,41,36
zipt-9,9,6,4,7,9,4
T01D3.6,113,140,150,68,90,69
T01E8.1,20,55,39,31,35,10
nrde-2,43,28,43,46,52,23
mrps-14,11,13,18,18,14,9
T01G1.2,5,29,13,10,8,14
sec-31,27,29,26,12,16,24
T01G5.1,3,2,0,8,9,5
ugt-30,1,0,0,1,1,1
T01G9.2,5,2,9,8,9,5
dma-1,5,5,2,7,4,5
T01H3.2,15,11,21,15,13,9
T01H3.3,21,33,37,23,19,23
rskn-1,27,39,57,24,33,27
T01H8.2,2,6,4,7,12,1
lyst-1,7,11,7,5,8,7
T02B5.3,4,3,4,3,4,2
snpc-3.4,2,1,2,2,4,0
tftc-5,9,8,17,5,1,0
npr-26,0,4,1,7,5,10
T02D1.8,28,19,17,16,35,24
T02E1.2,5,18,13,14,3,2
T02E1.8,2,0,1,0,1,0
dop-5,11,17,17,6,16,3
T02E9.5,5,8,14,10,7,5
mrps-12,26,58,30,21,33,23
sbt-1,64,63,103,77,85,38
T03D8.6,5,8,16,14,6,2
qdpr-1,36,45,29,39,40,24
T03F6.3,1,3,1,0,8,3
T03F6.4,8,18,2,1,0,4
T03F7.7,10,3,1,2,5,0
nifk-1,21,44,75,26,37,17
T04A8.7,52,67,66,49,51,23
T04A8.8,0,0,3,7,4,5
sel-13,7,4,10,6,1,4
mrpl-16,21,4,14,16,3,6
T04B2.3,4,1,6,0,3,4
ipla-7,51,26,40,40,27,17
nlp-80,8,21,21,6,10,7
T04C12.7,1,0,0,0,2,0
T04C12.8,0,0,1,3,0,4
pde-1,13,14,22,8,6,13
T04F3.1,125,97,114,80,101,88
T04F3.2,0,2,1,3,5,0
T04F3.4,4,1,2,3,2,3
sfxn-1.5,14,15,15,6,11,7
T04F8.2,5,6,7,8,7,4
T04F8.6,5,19,22,7,7,7
T04F8.7,13,9,24,8,11,2
T04F8.8,16,18,30,31,43,18
T04H1.2,37,37,28,10,18,9
ttr-22,0,0,2,0,1,0
T04H1.5,4,2,6,3,1,2
ugt-56,6,3,6,2,3,0
lron-14,3,4,13,1,0,0
T05B9.1,8,1,3,3,3,2
aldo-1,147,122,175,127,187,106
T05E11.2,0,2,0,3,0,1
enpl-1,442,404,525,522,495,350
imp-2,30,39,28,53,38,32
hpo-4,10,9,5,1,6,5
T05E11.8,2,0,2,2,0,1
T05E12.6,5,10,11,13,13,6
nra-2,68,66,81,62,61,58
T05F1.4,5,1,3,6,2,2
T05F1.11,21,12,8,20,11,4
T05F1.13,8,0,7,5,3,0
T05G5.1,24,19,35,20,20,17
T05G5.5,7,14,5,2,14,3
vps-53,15,15,17,11,8,7
gcc-2,11,2,14,9,7,4
T05H10.1,117,84,113,75,76,50
pdha-1,100,112,122,112,121,89
gpcp-2,93,108,118,112,88,67
cgt-1,34,8,28,15,22,20
nhr-213,0,2,4,3,4,7
srap-1,405,550,511,380,481,342
cox-15,18,18,32,16,30,11
cchl-1,29,39,42,31,39,18
fndc-1,2,4,0,0,2,0
T06D8.9,17,23,19,11,27,12
T06D8.10,0,0,0,5,8,10
rsbp-1,17,36,39,7,17,10
chaf-1,9,4,12,13,21,6
T06E6.1,56,59,73,37,46,30
acl-2,5,0,2,4,6,7
T06G6.3,6,6,6,3,3,4
umps-1,4,3,8,24,17,11
T07C4.3,7,5,15,10,9,4
ttr-15,120,75,117,104,115,55
sas-7,20,13,9,3,10,8
ugt-50,11,11,14,27,6,9
ttr-46,25,24,23,22,13,9
anmt-3,11,11,1,20,19,9
npr-20,4,2,0,1,6,1
T07D4.2,9,3,9,6,16,1
ddx-19,9,16,24,6,36,21
flp-33,3,1,2,3,3,1
anp-1,2,8,7,9,6,1
T07F10.3,4,11,2,16,5,3
bus-19,3,4,2,5,2,1
T08A11.1,34,23,31,30,26,20
sftb-1,48,63,61,50,56,45
vps-39,26,79,42,40,28,25
T08G11.1,309,213,301,232,278,196
T08G11.4,20,14,12,14,9,2
T09A5.4,7,9,5,4,11,1
T09A5.5,18,53,22,20,28,30
mdmh-35,1,0,2,1,1,0
cec-3,5,26,5,1,7,0
sds-22,5,2,3,11,3,4
ostb-1,56,53,103,48,44,56
ztf-17,50,80,48,54,59,43
T09A5.15,0,1,0,0,0,2
T09B9.3,6,8,8,7,9,7
T09B9.4,5,7,1,0,2,5
noca-1,48,45,51,44,56,14
cni-1,13,17,9,9,13,4
ztf-27,6,15,7,8,8,4
T09F3.2,18,21,17,15,18,13
T09F3.5,4,3,10,2,2,2
cyp-13A5,11,8,9,7,4,7
cyp-13A6,2,1,0,5,2,0
cyp-13A2,12,10,11,3,10,0
ucr-2.2,54,65,77,67,62,40
T10B10.3,19,16,22,11,6,12
T10B10.4,7,16,13,11,12,19
phat-6,7,26,18,9,11,15
T10B10.8,2,1,4,4,3,3
cwc-15,29,15,23,15,26,18
T10C6.6,9,6,3,5,9,9
T10G3.1,9,12,4,8,8,2
T10G3.3,16,7,29,5,7,2
eea-1,33,18,30,20,26,15
T11B7.5,9,1,4,1,3,1
T11F9.12,4,9,3,13,3,7
T11G6.2,14,3,12,5,7,1
T11G6.3,4,5,3,4,8,1
T11G6.4,7,1,7,8,8,2
T11G6.5,26,34,45,28,38,6
rbm-22,33,33,39,24,26,26
T12A7.2,3,8,30,19,21,4
lips-5,6,4,10,4,3,2
lpr-2,3,7,4,3,2,3
T12A7.6,0,0,0,0,3,1
set-16,138,158,152,114,143,93
drr-2,38,45,44,33,38,29
acbp-5,2,4,1,0,0,0
arrd-17,18,19,28,11,25,7
T12D8.5,3,4,8,5,5,0
mlc-5,22,31,38,26,32,31
hip-1,57,47,46,69,66,41
T12D8.9,169,152,183,125,126,109
sqst-1,170,119,150,120,131,98
T12G3.2,27,43,52,44,41,37
T12G3.4,3,2,3,4,3,2
mrpl-51,16,9,21,19,51,19
tgn-38,13,10,13,7,6,7
T13F2.2,5,0,5,1,6,2
sna-2,22,17,24,6,3,2
T13H5.1,17,24,23,14,13,9
ctg-2,18,14,11,13,15,11
T13H5.4,38,38,49,30,27,23
mrps-18B,21,30,19,11,19,6
T13H5.6,10,10,11,9,4,9
T13H5.8,7,11,16,5,9,9
T14B1.1,30,23,32,31,22,19
agxt-1,9,18,8,20,23,8
oac-46,4,16,17,36,35,13
T14G8.3,103,71,83,60,98,44
ttr-53,3,0,6,1,2,2
ttr-54,1,0,0,0,0,0
T14G10.5,106,92,116,86,117,85
hpo-5,7,5,3,9,4,5
nep-21,9,18,7,20,7,4
T16G1.4,8,4,7,1,1,3
T16G1.6,8,11,11,0,2,1
T16G1.7,6,4,8,1,1,2
T16G1.9,19,11,29,6,20,10
T16G12.1,102,153,152,90,104,73
ekl-6,14,10,27,9,12,10
T16G12.6,15,15,10,6,14,13
T16H12.3,7,7,5,3,4,3
gtf-2H2C,2,6,5,5,4,3
bath-43,16,9,19,8,9,11
T16H12.9,17,5,7,3,14,8
T18D3.1,10,2,7,0,8,3
cdf-2,14,14,9,5,14,3
T18D3.7,12,2,0,4,6,2
T19A6.1,26,40,46,19,25,23
nepr-1,5,2,1,2,6,1
T19A6.4,3,1,0,0,2,2
cyp-29A2,7,6,18,9,8,3
T19B10.2,2,8,19,26,64,22
bgal-1,5,1,9,3,8,3
T19B10.5,8,3,4,9,15,10
T19B10.8,7,9,14,8,5,0
T19C4.1,23,20,21,26,26,23
T19C4.5,7,3,9,8,3,0
T19C9.8,4,6,13,3,2,5
T19H5.4,30,39,28,36,41,31
T20B3.1,17,15,13,26,23,10
T20B3.14,2,3,0,0,0,0
T20D3.2,84,86,142,59,84,63
coa-4,16,12,12,7,15,5
T20D3.5,3,2,4,0,0,4
T20D3.6,10,5,5,0,2,7
T20D3.8,1,0,5,2,4,2
T20F10.2,6,15,16,4,14,3
chc-1,366,417,363,270,343,323
best-18,11,7,3,10,5,4
dod-6,43,26,55,37,49,21
T20G5.9,4,2,4,3,4,2
blos-1,0,0,0,0,0,1
cox-14,2,3,13,7,7,3
ador-1,3,0,5,12,4,5
pho-7,5,3,2,6,6,0
T21B6.3,280,311,366,247,309,189
mrpl-50,39,64,77,48,49,46
enol-1,384,648,535,393,414,358
T21B10.3,43,44,43,25,24,11
set-17,2,7,5,5,9,9
cutl-15,3,6,5,4,3,5
mics-1,13,10,8,5,7,17
del-6,47,39,66,80,74,61
erh-1,2,1,0,0,2,0
T21C9.6,17,18,25,21,25,16
ttr-23,0,1,6,1,0,0
scpl-4,36,37,62,51,44,46
hlb-1,30,64,55,26,36,50
T22C1.1,4,17,11,15,1,1
T22C1.3,1,3,10,4,7,6
T22C1.5,1,0,2,4,5,0
T22C1.6,15,4,18,18,15,10
T22C1.11,9,1,3,11,2,3
T22C8.6,6,0,4,10,5,0
T22G5.3,2,0,1,0,0,1
sptl-3,27,27,35,18,26,19
scrm-1,1,8,5,6,6,6
pgrn-1,29,28,39,19,46,25
alh-13,3,9,6,19,21,14
prmt-9,13,29,24,15,28,8
T23B5.3,24,22,28,15,19,36
T23D8.3,150,74,121,80,90,55
ppm-2,36,38,66,38,71,37
cdka-1,13,32,7,23,21,6
T23G5.2,37,14,46,33,10,8
saeg-2,0,12,4,5,15,6
T23G7.2,15,4,4,2,1,3
T23G7.3,102,204,171,97,124,134
pir-1,3,7,3,6,7,6
T23G11.4,0,2,4,1,2,0
rlbp-1,8,13,6,11,7,2
lron-9,6,12,3,12,14,9
T23G11.7,43,21,26,24,20,18
xbx-5,8,23,34,9,17,14
T24B1.1,24,21,47,29,14,12
T24B8.2,10,8,2,5,14,10
T24B8.3,43,21,46,37,47,13
T24B8.4,24,35,46,25,47,22
T24B8.5,3,0,1,2,3,0
T24B8.7,115,97,148,90,106,96
T24D1.2,3,8,22,3,7,5
T24D5.2,3,4,1,3,0,1
samp-1,32,45,46,28,31,32
rsf-1,12,11,16,9,14,2
nlp-51,18,23,25,22,15,21
T24H10.1,7,13,17,11,15,11
T24H10.4,2,15,15,7,20,12
dyrb-1,4,1,5,9,0,4
1-Jun,21,42,54,40,27,26
T25B9.1,13,7,13,13,9,10
T25B9.3,0,0,0,0,0,0
ugt-54,7,5,7,5,4,8
T25B9.8,3,1,7,3,3,1
T25B9.9,74,96,77,70,74,45
inpp-1,3,5,6,4,4,8
T25C12.3,716,902,965,622,678,598
dkf-2,56,54,57,79,82,55
T25G3.1,0,0,0,0,2,0
T25G3.3,78,54,53,63,57,56
T25G3.4,60,75,49,50,63,41
T26C5.2,0,0,0,5,15,9
T26C5.3,11,32,21,16,42,5
T26C5.4,0,2,0,3,0,0
T26E3.4,21,25,20,24,4,12
T26G10.1,49,62,41,25,24,19
cpd-2,9,7,16,14,13,0
npr-15,0,6,6,3,2,1
T27D12.1,30,23,36,49,67,37
T27E9.2,16,17,11,15,15,11
abcf-2,434,509,490,371,395,356
sipa-1,57,74,89,52,36,30
zip-10,4,0,0,2,0,2
sygl-1,4,11,2,5,4,4
T27F6.6,20,8,12,12,19,8
T27F6.7,5,2,2,0,1,7
T27F6.8,7,12,8,3,2,2
T28B8.1,76,47,45,81,82,69
T28B8.3,2,5,7,2,3,5
T28B11.1,99,100,95,102,106,84
grsp-2,1,2,4,0,6,2
T28C6.7,151,134,175,127,159,109
T28D6.4,9,14,18,14,19,14
T28D6.5,18,40,51,19,32,31
T28D6.6,21,31,26,17,34,20
T28D6.7,6,4,30,10,2,5
nra-1,17,25,13,11,25,12
slc-17.4,6,5,5,9,10,11
T28F3.5,2,4,3,6,4,7
T28F3.8,16,8,10,12,12,20
T28F4.1,29,49,40,20,23,32
T28F4.4,15,11,12,8,10,3
T28F4.5,33,31,33,63,74,12
T28H10.2,8,11,10,9,11,6
T28H10.3,41,44,41,42,41,22
inos-1,110,111,136,74,113,81
VF13D12L.3,17,16,30,24,26,11
syx-17,5,5,1,3,6,0
cnc-10,0,0,1,1,3,1
ebp-2,6,7,1,6,4,4
adbp-1,8,2,14,0,2,2
ucr-2.1,161,140,184,118,129,84
sek-6,1,2,6,2,2,0
nuo-6,41,48,65,36,59,35
tofu-5,7,1,2,2,5,0
W01B6.3,2,2,12,3,3,1
glb-27,0,0,0,1,5,3
W01D2.1,9,6,17,17,14,5
osta-3,11,45,22,22,29,19
mnr-1,8,9,12,9,5,1
W01F3.2,9,4,4,6,7,1
mlt-11,0,2,2,144,182,71
rpb-11,6,5,5,2,10,0
W01G7.4,6,6,9,2,7,4
W02A11.1,10,11,21,13,12,12
vps-25,9,10,10,11,19,13
toe-4,33,32,29,40,42,18
W02B8.1,5,1,4,5,8,0
W02B8.2,4,3,9,4,9,12
W02B12.1,11,7,11,5,13,2
rga-1,8,8,14,6,5,6
mfn-1,22,13,19,21,17,24
W02B12.10,14,7,10,12,11,3
W02B12.11,16,13,22,8,13,17
W02D9.2,4,22,19,17,11,8
W02D9.10,17,26,24,27,18,9
W03C9.5,0,2,2,3,0,0
W03C9.6,0,6,3,3,2,2
W03G11.3,1,1,0,1,3,2
W03G11.4,42,20,21,32,26,29
cacn-1,12,10,16,6,14,12
W04A4.5,32,17,22,5,15,15
W04A4.6,0,3,0,0,1,0
W04A8.6,7,19,9,9,10,13
W04D2.4,5,6,3,1,10,2
mrps-11,66,136,100,77,57,70
rbm-25,40,34,54,35,44,33
clec-49,8,7,1,12,9,6
W04E12.7,3,6,4,12,8,3
clec-50,117,219,217,138,183,123
lpr-6,0,0,0,5,8,3
lpr-5,0,0,4,18,10,2
lpr-4,0,0,0,4,7,0
W04G3.5,17,31,23,16,14,16
sulp-7,6,6,5,5,7,2
lpr-3,0,0,0,18,24,15
dhc-4,9,3,3,5,5,2
W05B5.1,44,83,48,37,45,29
his-74,3,2,5,3,4,2
ccch-3,4,13,5,3,1,3
W05B10.4,0,0,0,4,4,0
W05E10.1,0,1,5,5,0,1
W05E10.5,0,1,0,0,2,0
W05H12.1,51,12,36,39,45,17
W06A7.2,11,17,32,17,16,4
prmt-7,21,20,20,7,21,21
W06F12.2,28,39,23,14,30,14
immt-2,1,5,0,5,7,1
ctps-1,52,53,50,57,60,33
ztf-6,20,42,47,21,26,32
ipla-3,13,33,24,4,12,11
W07A12.4,0,3,1,6,13,1
rhy-1,0,0,5,1,5,5
W07E11.1,39,59,59,57,74,49
zip-3,11,18,17,10,16,11
W07G4.3,35,32,29,23,44,18
W07G4.5,33,51,38,21,27,20
dct-15,1,5,2,2,3,3
catp-6,42,48,43,35,30,25
mtr-4,78,71,91,40,65,59
W08E3.2,50,71,88,55,59,44
ola-1,119,137,152,108,90,68
W08G11.3,12,5,7,7,8,1
pptr-1,36,29,37,32,37,16
W09C5.1,176,112,182,119,126,76
dkf-1,9,29,29,20,19,21
W09C5.7,11,9,8,10,9,10
cox-4,129,160,156,140,188,112
W09D6.5,10,5,23,17,4,2
W09D10.1,24,18,49,20,34,17
tat-3,36,19,44,27,25,16
mrpl-12,73,134,108,78,101,88
W09D10.4,17,21,24,17,14,9
zmp-4,8,1,7,10,6,2
W09G3.1,1,6,0,9,4,11
maea-1,12,8,10,12,4,8
W09G3.6,35,31,36,24,28,22
W09G3.7,5,1,2,2,3,4
W09G3.8,0,0,0,0,0,0
mecr-1,29,20,29,23,28,15
nduf-7,19,26,38,35,51,20
Y2H9A.4,5,7,0,8,8,3
ttr-16,355,285,340,327,313,154
ttr-17,14,14,38,10,16,5
Y5F2A.4,2,2,5,5,11,0
agef-1,74,81,107,71,66,83
Y6B3B.4,35,23,28,34,27,22
gpap-1,4,0,15,3,3,2
Y6B3B.9,15,26,17,20,18,6
Y6D1A.1,9,18,6,4,18,6
Y6D1A.2,0,0,0,4,3,0
Y7A5A.1,41,61,60,39,42,10
Y7A9A.1,8,15,10,9,9,5
Y9C2UA.1,5,10,13,12,4,1
Y10G11A.1,9,5,6,5,2,3
Y11D7A.3,0,0,5,0,2,0
Y11D7A.9,0,0,0,3,2,0
Y11D7A.10,9,4,5,4,16,3
nmy-3,12,8,13,12,16,15
Y12A6A.1,5,0,1,0,0,3
Y15E3A.4,46,49,75,60,76,40
Y15E3A.5,4,3,8,15,17,5
Y16B4A.2,361,495,567,333,362,289
ash-2,17,7,4,12,27,18
Y17G7B.3,0,0,4,7,0,0
dhps-1,4,14,8,3,5,3
glb-29,1,0,1,1,1,4
Y17G7B.8,0,5,3,7,6,6
Y17G7B.10,14,24,17,8,14,8
arrd-7,6,5,2,4,5,2
Y17G7B.12,12,10,13,6,5,13
ippk-1,15,12,11,13,14,9
Y17G7B.17,56,45,42,61,67,24
Y17G7B.18,7,0,5,3,1,4
Y17G7B.20,138,128,179,74,115,57
Y17G7B.21,43,42,49,12,14,15
attf-6,45,24,26,10,18,9
mxt-1,23,20,32,17,8,22
Y18D10A.9,7,10,10,9,10,8
coa-5,2,0,4,0,4,0
car-1,31,23,45,23,39,8
nhr-232,11,1,5,0,4,3
Y24F12A.1,2,9,10,5,4,0
ragc-1,17,14,27,29,15,5
Y32B12B.2,21,8,16,12,30,6
Y32B12B.4,12,9,16,10,11,8
pap-1,52,64,56,32,33,26
Y32F6A.4,33,65,64,22,35,49
Y32F6A.5,99,189,188,97,142,81
Y32F6B.1,40,31,45,35,26,20
Y37A1A.2,1,0,2,3,4,1
Y37A1A.3,4,0,2,2,0,7
Y37A1B.5,20,21,11,15,16,2
nkcc-1,29,22,55,47,41,15
Y37D8A.2,41,34,46,48,51,24
Y37D8A.3,1,2,0,6,9,1
Y37D8A.4,13,0,9,14,7,3
Y37D8A.6,12,36,36,14,15,7
spcs-2,16,26,31,12,29,27
cec-7,2,5,7,3,7,6
cox-5A,147,204,226,149,183,144
Y37D8A.16,9,13,6,22,8,17
npp-25,17,18,26,19,37,21
mrps-10,33,32,26,26,22,18
rbm-7,8,3,3,3,5,2
epg-3,38,74,57,31,61,45
Y37H2A.1,7,4,7,4,9,5
Y37H9A.1,4,5,5,12,5,3
Y37H9A.3,19,34,37,26,35,37
clec-8,1,0,5,0,0,0
clec-4,14,25,25,8,16,14
ceh-100,29,31,16,27,36,12
lips-15,2,5,5,1,1,4
nspe-1,10,15,19,23,20,14
nspe-5,4,3,0,6,1,2
Y38E10A.20,1,5,0,3,3,5
Y38E10A.22,82,97,101,92,52,71
Y38E10A.24,0,3,2,2,2,1
nspe-2,1,1,6,6,6,5
Y38F1A.2,9,15,9,6,14,8
hphd-1,158,218,272,145,165,100
Y38F1A.8,3,6,0,4,6,2
dct-16,166,147,197,102,151,78
fbxa-150,2,5,3,2,4,2
Y38H6C.16,3,0,1,1,0,1
slc-36.3,1,5,2,3,0,0
Y38H6C.20,6,4,4,4,9,4
epg-6,15,9,13,24,29,6
Y39A1A.3,15,9,18,6,8,7
rabx-5,13,13,6,14,8,7
mrpl-22,23,17,27,17,9,1
lron-10,2,2,6,5,7,2
swt-4,2,6,2,4,1,1
Y39A1A.9,22,39,24,24,28,41
orc-1,1,1,2,6,6,1
Y39A1A.14,10,4,17,8,2,1
Y39A1A.20,0,0,1,0,0,0
Y39A1A.21,3,12,2,2,3,0
Y39A1A.22,17,21,33,18,28,13
hex-3,14,7,17,8,13,9
Y39B6A.1,95,86,161,134,156,80
pph-5,18,6,12,11,16,10
Y39B6A.3,2,0,5,2,1,1
Y39B6A.5,3,1,1,1,2,0
bed-1,11,8,10,11,14,1
Y39B6A.13,0,4,3,2,0,2
pro-3,123,100,131,104,86,60
Y39B6A.27,2,3,1,5,0,0
Y39B6A.33,153,131,157,103,90,58
Y39B6A.34,8,8,4,10,21,7
gtf-2F2,11,6,16,5,4,4
reps-1,4,14,8,7,8,13
mrps-35,24,25,50,37,32,18
nhr-145,0,1,0,4,5,5
mlt-3,3,5,3,5,5,4
ttm-1,11,24,15,14,9,13
bckd-1A,105,150,155,123,137,105
abce-1,128,166,182,99,141,80
snpc-1.2,10,5,6,5,4,1
Y39E4B.5,5,14,0,5,4,0
Y39E4B.6,9,5,6,9,8,2
dhhc-8,20,19,31,41,26,20
Y39E4B.10,9,7,2,8,6,3
Y39G8B.1,19,31,46,35,41,21
Y39G8B.9,19,22,27,24,13,13
xrn-1,105,117,132,91,102,70
Y40B1A.3,11,16,20,9,12,20
sptf-3,53,85,63,46,56,47
eif-3.J,33,27,36,25,32,25
Y40B1B.7,29,11,20,15,20,8
slc-25A46,8,30,25,17,15,12
Y40H7A.10,2,0,0,1,5,1
faah-6,2,2,1,7,8,0
Y41C4A.9,18,34,30,19,11,9
Y41C4A.12,2,3,1,1,1,0
sup-1,6,10,10,8,12,3
Y41E3.1,29,36,38,13,30,20
atln-2,7,0,0,0,0,7
Y41E3.7,16,24,28,21,18,19
Y41E3.8,3,6,1,0,1,2
fcd-2,10,7,14,20,2,14
eef-1B.2,182,160,189,191,172,102
hrpu-1,100,167,129,92,93,93
Y42A5A.1,12,4,0,8,6,1
lact-8,6,0,1,5,4,4
Y42A5A.3,3,0,2,5,1,3
cdkl-1,3,4,5,2,4,4
Y43C5A.2,57,74,78,73,81,55
Y43C5A.3,6,2,0,7,14,2
Y43E12A.2,74,99,53,45,60,34
Y43F4A.1,1,0,1,6,0,1
set-25,10,17,15,5,7,20
Y43F4B.5,61,99,85,42,74,53
Y43F4B.7,16,17,11,13,8,15
Y43F4B.9,1,2,3,3,3,0
Y43F4B.10,3,4,2,1,1,0
Y43F8A.5,5,0,3,2,0,3
Y43F8B.1,73,93,79,67,71,33
Y43F8B.2,134,120,103,101,120,69
Y43F8B.3,0,0,0,5,4,3
Y43F8B.11,1,0,1,1,1,2
Y43F8C.3,9,10,15,3,11,9
dyf-19,1,1,0,11,5,4
Y43F8C.6,11,3,7,4,1,3
Y43F8C.7,21,8,13,21,11,12
mrps-28,8,22,5,6,16,10
Y43F8C.13,18,37,24,15,33,13
ani-3,2,7,1,4,5,6
grsp-1,0,1,0,0,2,0
Y44A6C.1,20,13,9,20,26,13
Y44A6D.2,9,17,29,6,14,11
Y44A6D.3,15,12,13,7,19,4
pbo-5,2,1,2,6,5,1
Y44F5A.1,12,9,12,9,9,2
acdh-11,22,14,15,13,6,6
Y45F3A.4,0,6,4,5,9,6
seld-1,2,1,8,5,7,2
tbc-9,22,35,41,35,15,16
Y45F10A.7,7,15,9,13,14,7
Y45F10B.13,42,35,52,31,36,19
Y45F10D.4,13,21,13,17,15,13
Y45F10D.6,0,4,2,9,0,0
Y45F10D.7,81,43,66,18,35,30
sas-6,8,1,2,3,12,1
icap-1,1,3,1,0,3,2
lact-9,3,8,4,13,4,10
sorb-1,21,16,40,16,37,28
tbc-17,69,61,57,40,50,37
cox-10,13,19,24,23,5,11
snrp-200,279,266,313,162,219,182
pisy-1,11,16,17,10,10,15
cnp-2,2,3,8,5,2,5
vps-2,5,26,16,9,8,18
tiar-2,7,14,11,7,17,15
cpt-1,220,217,182,282,333,199
Y46G5A.18,16,17,6,12,11,4
spds-1,16,18,16,2,12,9
acl-7,18,16,29,20,19,12
Y46G5A.29,0,0,1,4,2,1
alkb-7,1,3,1,8,3,0
fbxa-128,1,4,3,0,0,0
aakb-2,11,21,26,20,18,13
rsks-1,82,73,80,75,82,41
obr-1,12,21,31,5,22,11
Y47D3A.21,15,30,30,15,13,16
gly-9,18,26,18,18,9,21
mcm-10,8,3,1,3,0,0
pola-1,26,33,39,26,27,31
subs-4,1,1,0,3,1,0
bed-2,5,15,19,20,9,8
dhhc-2,3,10,12,3,5,0
eif-2Bbeta,9,4,15,13,14,4
Y47H9C.8,10,1,13,5,6,14
Y47H10A.4,7,12,14,2,7,6
Y48A6B.3,51,79,65,69,51,31
exos-1,10,3,6,7,4,2
kvs-4,5,3,5,5,10,2
Y48A6B.7,10,17,25,4,7,3
Y48A6B.9,1,0,1,1,0,0
rsa-2,9,7,2,14,11,6
spat-2,104,65,89,64,99,41
sup-35,15,8,3,5,9,8
Y48A6C.4,22,35,29,24,19,28
Y48B6A.1,130,169,173,94,83,75
efhd-1,20,24,12,20,22,19
jmjd-2,15,45,32,18,16,15
men-1,93,97,89,86,59,61
Y48B6A.13,5,16,10,2,15,5
Y48C3A.3,26,14,26,24,27,12
ztf-22,40,55,37,22,28,24
Y48C3A.5,6,8,10,6,12,2
sam-10,19,8,17,15,14,8
mrpl-20,10,6,6,3,3,2
dmsr-3,0,6,4,5,1,8
Y48C3A.12,35,36,34,29,43,13
Y48C3A.14,12,19,27,20,21,8
pinn-4,11,11,6,10,14,4
Y48C3A.18,13,3,9,2,4,4
Y48C3A.20,9,10,10,1,6,3
rpoa-1,156,135,134,78,97,68
ddl-2,11,4,10,9,8,3
Y48E1B.2,28,30,46,24,26,27
Y48E1B.3,9,16,8,11,9,4
mrpl-37,26,17,42,42,28,18
lin-38,15,17,6,14,13,10
clec-146,3,0,5,1,5,2
snx-14,31,26,39,28,40,16
Y48E1C.1,5,3,4,8,6,2
Y48E1C.2,7,5,3,9,4,2
Y48E1C.4,7,9,13,8,8,8
Y48G10A.1,3,19,11,11,12,2
Y48G10A.2,5,0,3,4,0,3
Y48G10A.3,15,29,28,17,25,12
Y48G10A.4,20,21,18,6,9,6
cept-2,13,7,9,6,12,7
vha-13,573,843,794,652,725,503
Y49A3A.3,8,4,3,7,8,3
glrx-5,20,11,15,15,23,11
tat-1,65,39,61,41,50,25
Y49E10.16,8,19,16,9,12,10
Y49E10.18,16,8,32,13,5,7
ani-1,74,60,62,32,44,36
scav-3,25,17,15,29,19,10
Y49E10.21,10,11,11,6,11,8
cccp-1,16,20,18,28,13,8
Y50E8A.1,0,0,0,2,0,0
Y51A2D.7,15,6,10,2,9,8
ttr-24,13,6,11,6,5,0
ttr-25,9,8,11,3,11,1
ttr-26,30,55,34,34,25,36
Y51A2D.13,4,18,15,12,26,6
Y51A2D.14,10,6,13,8,2,1
grdn-1,16,13,7,14,5,5
Y51A2D.18,10,12,10,3,10,5
Y51B9A.6,4,2,3,3,1,2
cup-14,25,28,36,29,46,19
Y51H1A.3,37,42,47,39,35,27
ing-3,11,4,9,9,12,4
mcd-1,12,25,20,15,13,12
Y51H4A.7,10,4,10,12,11,3
Y51H4A.8,4,6,1,6,7,7
set-26,53,90,115,59,56,73
Y51H4A.15,6,8,11,14,7,6
sta-1,11,8,9,16,10,2
Y51H4A.24,3,4,1,0,3,0
impt-1,2,5,0,4,2,1
Y52B11A.3,8,4,2,8,8,13
Y52B11A.4,22,21,22,20,22,22
Y52B11A.8,2,0,7,0,0,1
dxbp-1,5,3,11,3,7,2
Y52B11A.10,55,37,59,18,24,17
Y52B11C.1,25,32,13,25,23,12
strd-1,4,18,13,8,2,8
rga-2,14,11,4,9,8,6
Y53C10A.5,11,14,14,9,16,7
Y53C10A.6,7,0,2,2,2,0
Y53C12A.3,3,5,5,4,2,8
mop-25.2,15,11,9,6,8,6
Y53C12B.1,34,31,23,17,14,12
pno-1,89,49,81,80,79,33
pole-4,1,9,3,5,10,0
nsun-5,5,13,20,4,3,3
Y53F4B.9,6,12,24,13,16,5
Y53F4B.12,5,20,8,6,20,15
Y53F4B.13,37,17,28,11,17,14
Y53F4B.14,1,8,12,2,13,5
Y53F4B.18,20,29,45,16,27,27
Y53F4B.21,22,23,29,9,4,9
arp-1,43,50,47,35,46,34
Y53F4B.39,17,25,40,15,19,5
rsy-1,32,16,25,21,28,16
Y53H1A.2,0,0,2,0,1,0
cutl-10,4,12,7,8,3,9
Y53H1B.2,8,24,13,10,11,19
npr-34,3,0,3,3,1,2
smg-9,2,3,1,6,2,0
Y54E2A.4,64,81,100,79,52,44
tbc-20,8,6,15,6,6,5
ttm-5,2,6,5,4,0,1
Y54E5A.5,25,18,20,19,17,4
dus-2,5,3,7,4,10,9
Y54E5A.7,4,8,11,5,6,4
Y54E5A.8,8,10,24,14,9,18
Y54E5B.2,14,4,7,4,3,0
bub-3,19,29,22,12,26,12
Y54G9A.7,27,41,55,25,46,12
Y54G11A.1,6,4,5,1,8,1
Y54G11A.2,20,14,15,15,27,8
Y54G11A.4,13,11,12,22,14,4
Y54G11A.7,16,19,31,17,22,18
ddl-3,42,47,49,39,37,34
Y54G11A.9,1,1,0,1,0,3
Y54G11A.11,2,0,8,0,0,0
dmsr-6,1,1,0,4,2,0
efa-6,28,11,24,27,19,20
Y55D9A.2,2,12,2,0,3,7
Y56A3A.2,37,61,47,46,22,20
Y56A3A.6,15,17,15,13,18,17
Y56A3A.7,34,30,33,18,32,26
faah-4,19,29,13,16,33,25
Y56A3A.16,4,3,4,2,8,0
Y56A3A.18,33,45,45,24,35,21
Y56A3A.19,26,26,26,27,20,18
trap-4,50,30,39,42,41,32
Y56A3A.22,4,8,3,13,9,3
Y56A3A.28,9,1,16,3,14,0
ung-1,4,4,0,4,1,0
Y56A3A.30,10,8,7,6,4,0
Y56A3A.31,13,8,14,11,12,3
Y57A10A.8,1,4,7,1,8,0
tric-1B.1,27,26,30,25,23,22
Y57A10A.13,20,29,17,15,20,22
Y57A10A.14,5,1,4,0,0,0
polg-1,9,4,6,10,1,4
trpp-5,2,3,1,5,1,6
rsr-2,37,14,23,26,16,6
sinh-1,1,1,2,5,2,2
txdc-12.1,2,3,5,12,16,12
parn-2,8,8,6,6,4,4
Y57A10A.26,30,43,47,36,37,32
Y57A10A.27,45,56,52,23,25,21
tric-1B.2,4,12,10,10,12,7
Y57A10A.29,2,2,0,7,3,0
Y57A10A.31,5,13,4,2,12,2
5-Mar,5,5,6,8,4,8
btb-14,5,12,12,9,11,5
daf-22,16,16,30,14,17,14
tag-273,31,33,26,36,32,23
Y57G11A.4,8,8,22,12,10,2
Y57G11B.2,0,1,0,0,1,0
Y57G11C.3,16,16,23,21,18,10
vti-1,11,8,4,7,3,4
Y57G11C.9,58,46,41,45,50,26
nuo-3,34,43,33,30,43,35
sec-61,329,465,433,395,492,314
Y57G11C.22,5,8,19,7,3,11
Y57G11C.31,15,23,36,20,24,27
Y57G11C.33,6,2,1,5,9,3
mrps-7,8,4,9,4,11,10
anoh-2,4,3,8,10,0,1
Y57G11C.38,15,17,20,10,12,8
Y57G11C.42,0,3,0,2,0,4
Y57G11C.43,3,6,8,1,6,1
phf-14,9,3,14,3,8,0
tcc-1,109,68,78,132,98,65
prp-6,57,63,78,41,61,41
ebp-1,6,0,4,3,6,1
Y59A8B.8,11,4,8,1,7,3
nova-1,9,9,7,5,8,10
slr-2,11,17,14,6,6,11
lon-8,4,4,11,9,6,8
Y59A8B.21,3,4,1,4,2,0
snx-6,25,16,10,8,13,7
gck-3,91,190,122,100,76,128
abhd-3.1,7,18,13,12,17,6
Y60A3A.8,0,4,10,5,3,1
Y60A3A.9,18,16,23,25,23,16
fars-2,32,11,26,10,15,8
algn-7,11,4,5,6,2,2
Y60A3A.19,17,34,17,11,15,16
Y62E10A.6,7,6,9,3,5,0
emc-3,22,28,36,23,15,17
Y62E10A.13,21,24,33,10,18,16
gcl-1,4,0,8,14,14,8
Y62E10A.19,0,4,0,0,3,2
Y62F5A.9,0,2,2,0,0,0
Y63D3A.7,9,18,10,16,12,3
Y63D3A.8,26,42,32,30,35,11
ilcr-1,54,70,75,33,34,33
Y64G10A.7,16,11,23,12,16,7
Y65A5A.1,6,6,6,4,5,4
Y66A7A.2,10,6,3,4,7,6
Y66D12A.8,25,20,15,3,9,7
Y66D12A.9,95,126,139,19,48,33
Y66D12A.10,6,5,4,1,2,7
ztf-29,11,8,6,7,11,3
Y66D12A.13,6,12,10,8,7,11
nrps-1,8,8,4,9,5,0
xpb-1,22,8,36,4,15,12
Y66D12A.21,7,3,6,4,0,0
nars-2,9,23,9,10,15,2
Y66D12A.24,18,26,12,18,19,15
ssu-2,2,0,11,3,3,4
Y67A10A.7,3,1,8,0,1,0
Y67A10A.9,27,27,26,17,17,13
Y67A10A.10,2,3,6,6,1,1
cpsf-3,29,19,31,5,12,12
Y67H2A.2,11,12,10,4,9,11
micu-1,28,5,14,12,9,10
kdp-1,115,110,131,112,144,76
Y67H2A.7,6,8,11,9,6,3
Y67H2A.10,9,18,17,7,19,11
Y69E1A.5,17,10,17,6,10,1
Y69H2.3,111,209,166,111,130,112
Y69H2.7,11,18,11,5,14,9
col-42,285,220,328,246,280,199
hex-5,1,3,0,6,1,0
Y70G10A.3,33,86,67,60,65,57
usp-3,2,13,5,3,2,5
Y73F4A.1,4,3,0,0,0,0
Y73F4A.2,32,42,57,22,32,24
Y73F4A.3,3,7,1,6,8,4
Y73F8A.5,7,12,6,4,7,4
Y73F8A.24,20,32,18,13,21,14
ntl-11,17,29,22,16,15,8
Y73F8A.26,4,0,6,5,2,4
Y73F8A.27,6,2,9,10,2,0
acr-24,5,2,0,0,5,0
ari-1.4,19,24,32,9,9,4
Y75B8A.3,3,4,2,3,5,0
lonp-2,20,22,8,20,22,14
Y75B8A.6,24,14,7,24,23,11
Y75B8A.7,74,50,68,42,46,34
Y75B8A.8,50,31,45,29,40,20
lury-1,0,3,0,2,0,0
Y75B8A.13,31,37,53,15,37,25
Y75B8A.14,21,55,44,35,21,26
gmn-1,2,0,7,2,7,1
Y75B8A.19,3,10,7,3,14,4
Y75B8A.24,73,64,67,57,48,41
Y75B8A.25,10,13,34,15,27,15
Y75B8A.28,0,1,1,6,3,2
zip-12,15,13,17,21,12,6
Y75B8A.31,3,6,1,4,1,3
bath-36,0,0,0,9,1,5
acs-5,66,49,67,48,42,27
Y76A2B.4,9,14,5,17,11,3
Y76A2B.5,55,65,75,70,65,40
scav-2,12,10,11,15,11,8
Y79H2A.3,63,63,56,38,48,32
Y80D3A.9,5,5,0,2,3,0
nlp-42,3,2,3,5,0,3
gcn-2,64,77,64,52,30,46
Y87G2A.1,17,21,25,22,9,7
Y87G2A.2,6,2,2,9,2,2
atg-4.1,19,22,18,32,22,12
nyn-2,4,2,7,3,7,6
gpi-1,131,178,194,97,120,80
vps-28,5,14,10,3,4,2
eipr-1,7,5,0,3,3,9
Y87G2A.13,5,23,15,7,14,12
soem-1,2,3,2,1,4,3
Y95D11A.1,10,15,14,9,5,8
cand-1,85,113,115,89,103,67
fbxa-90,0,1,0,0,0,0
Y105C5A.1,7,12,8,5,4,3
Y105C5A.8,3,6,1,1,6,3
Y105C5A.15,16,18,26,15,25,25
daf-38,5,6,2,2,5,1
Y105C5A.24,10,21,15,8,9,14
Y105C5B.5,16,12,13,11,26,17
Y105C5B.9,10,10,25,17,28,9
Y105C5B.15,24,42,50,25,32,19
Y105E8A.1,5,2,1,6,9,4
Y105E8A.2,10,33,25,22,18,7
Y105E8A.3,21,25,36,39,26,29
tcab-1,0,5,0,0,4,1
hpo-13,70,113,91,30,60,62
Y105E8A.11,3,3,4,3,2,2
catp-1,16,22,38,23,30,17
Y105E8A.14,6,23,17,8,21,13
ekl-4,15,6,13,10,15,5
yars-1,49,42,46,53,41,26
Y105E8A.20,7,5,3,0,9,0
Y105E8A.21,13,6,15,5,12,9
rpom-1,30,52,41,28,31,20
Y105E8A.25,121,114,140,116,143,107
zoo-1,57,86,108,52,76,53
exoc-8,24,32,31,14,19,19
riok-2,69,73,75,52,62,45
bath-40,8,4,14,9,8,10
hprt-1,51,42,78,31,53,33
Y105E8B.7,3,0,4,5,1,3
Y106G6A.1,6,6,4,6,6,5
epg-8,3,3,1,5,8,7
dsbn-1,4,5,5,5,0,2
Y106G6D.6,0,0,0,0,0,0
rbm-12,35,29,29,21,34,23
Y106G6E.4,3,0,1,5,2,0
csnk-1,20,48,30,26,46,30
Y106G6G.2,15,15,12,19,10,20
Y106G6G.4,0,8,5,0,5,0
Y106G6H.1,12,20,26,6,15,6
pdpr-1,13,16,22,22,24,12
Y106G6H.6,5,3,4,2,3,4
Y106G6H.8,0,6,5,2,5,0
Y106G6H.14,5,2,6,4,5,0
ska-1,4,1,1,0,0,8
sql-1,46,34,56,42,45,21
aakg-1,91,92,75,66,61,45
Y111B2A.10,11,2,6,6,2,9
Y111B2A.12,53,47,79,53,45,35
gtf-2A2,10,0,5,4,7,7
tpst-1,9,10,14,8,17,14
elpc-2,25,23,17,9,26,11
spin-4,30,38,24,38,38,41
hut-1,12,6,15,6,12,0
sas-1,10,6,14,7,4,2
lgc-55,3,14,10,3,3,5
nlp-69,4,3,5,4,5,5
cdkr-3,26,20,27,8,11,8
prmt-1,130,108,127,97,90,98
sld-5,8,3,4,6,7,3
Y116A8C.3,0,1,0,2,3,0
Y116A8C.9,7,14,15,7,24,2
Y116A8C.10,1,8,9,10,5,6
Y116A8C.13,6,24,10,5,11,1
snx-13,18,20,25,21,25,18
Y116A8C.27,17,32,20,9,22,11
bca-2,9,11,11,16,14,10
Y116A8C.30,9,11,11,3,5,3
sfa-1,36,44,30,20,34,26
ZC15.1,6,3,5,3,0,7
mlt-4,5,5,3,1,0,0
fbxa-31,3,4,1,2,5,4
fbxa-37,0,0,0,0,4,0
cls-3,17,5,18,14,13,4
npr-29,0,5,5,0,2,1
ZC116.1,21,16,13,8,12,7
ZC116.3,13,18,11,8,14,15
orc-5,2,3,4,0,1,1
ZC247.1,112,81,132,110,116,108
ZC247.2,4,5,3,11,6,8
cbs-1,54,78,86,62,46,35
mlck-1,13,8,11,13,6,9
ZC373.5,5,2,6,2,5,4
ZC374.2,7,5,10,3,8,2
ZC376.2,2,1,2,3,0,2
ZC376.3,1,0,7,0,2,0
ceh-74,10,2,7,9,12,3
ZC376.6,15,9,15,2,5,5
atfs-1,76,66,57,54,57,47
mppb-1,21,12,13,5,20,9
msa-1,8,7,13,15,10,8
ZC412.3,121,91,126,80,95,50
ZC434.4,9,1,15,14,10,4
coa-6,2,0,0,2,0,2
ZC434.8,2,3,2,3,2,2
ZC434.9,11,11,6,14,6,4
ZC443.1,6,3,0,5,2,0
ZC443.3,19,9,9,8,3,8
ZC443.4,9,2,28,4,14,5
ugt-18,0,0,4,1,0,1
ugt-16,25,34,49,7,5,0
ZC455.1,21,33,35,21,23,25
ugt-4,4,2,0,2,3,1
ugt-5,14,5,14,5,4,5
lgc-37,0,15,7,9,4,9
cdk-11.2,11,2,12,9,7,8
ZC506.1,20,30,30,20,22,22
pssy-1,43,20,36,31,21,22
best-22,12,24,15,10,8,4
ghi-1,7,13,8,11,1,11
rad-23,8,31,31,20,10,8
coa-7,11,10,7,8,7,8
nep-1,7,0,5,6,11,3
ZK131.11,22,58,41,33,61,28
ZK228.3,10,0,6,2,2,4
ZK228.4,7,4,8,4,0,1
ZK262.2,1,1,5,0,3,1
ZK262.3,9,6,0,5,9,8
sre-23,1,0,0,0,0,0
nol-16,11,15,23,10,11,11
ZK265.7,17,10,5,8,5,5
ZK287.1,10,5,6,4,2,5
sulp-8,10,4,14,5,9,2
ZK287.7,0,2,3,0,0,4
tep-1,81,89,68,93,76,62
klu-1,12,16,27,11,22,11
ZK455.5,0,2,2,1,5,1
ZK512.2,60,67,65,39,36,33
ZK512.4,0,0,0,0,0,0
sec-16,29,55,77,45,76,39
ZK512.7,0,0,0,0,0,1
ZK524.4,29,34,32,41,25,35
ZK550.2,2,1,0,6,3,0
ZK550.3,72,76,53,72,65,47
gtf-2E1,8,1,11,13,7,4
ZK550.6,3,3,1,9,1,5
pyk-2,45,23,41,39,29,20
ZK593.3,0,0,0,0,2,0
fic-1,6,7,2,5,4,2
ZK596.1,20,31,35,16,22,19
ZK632.2,14,25,20,12,11,12
riok-3,28,28,33,15,34,14
ZK632.4,43,69,52,66,59,38
ZK632.5,3,8,3,1,0,2
panl-3,43,34,43,40,45,24
ZK632.9,6,10,6,8,16,6
ZK632.10,11,12,16,9,22,11
ZK632.11,12,7,4,4,7,8
ZK632.12,11,7,16,8,10,7
ZK632.14,0,1,0,0,3,2
svop-1,6,8,7,4,7,3
ZK637.2,14,7,8,1,0,4
lnkn-1,32,39,37,29,39,13
asna-1,28,94,77,51,55,34
trxr-2,2,6,2,2,2,4
glb-1,8,15,13,16,4,12
ZK637.14,3,5,8,3,1,3
arrd-15,17,41,19,13,12,17
seb-2,2,1,5,4,1,2
ZK643.5,36,36,43,51,48,23
ZK662.2,0,1,0,4,6,1
spv-1,46,34,44,24,34,26
dbt-1,44,37,46,36,56,35
ZK669.5,1,1,1,6,5,2
ZK673.1,4,1,6,8,5,3
ZK673.2,85,80,95,109,120,54
rev-1,4,6,12,9,1,0
ZK757.2,0,6,11,9,11,2
dhhc-4,1,2,7,3,3,8
ZK792.1,6,2,4,1,6,3
ZK792.4,7,7,2,6,1,3
ZK792.5,29,35,31,20,19,14
atg-4.2,4,7,5,2,1,2
ipmk-1,10,6,8,15,9,6
ZK795.3,7,14,10,1,9,6
ZK809.3,25,27,26,36,26,8
ZK809.5,9,30,14,15,15,20
ZK809.8,9,4,4,3,4,1
ZK822.2,11,6,11,9,16,14
ZK822.4,59,37,93,42,52,46
ZK822.5,21,39,24,17,36,20
gdh-1,753,528,729,574,683,397
ZK829.7,25,16,24,15,11,6
ogdh-2,75,85,70,103,79,49
gopc-1,9,8,13,11,13,6
ZK856.5,11,10,8,13,3,2
ZK856.6,0,0,0,0,3,3
ZK856.7,41,15,42,33,33,16
chpf-1,20,14,17,24,26,24
rpc-25,3,0,9,0,2,0
ZK856.11,5,3,7,7,12,2
tftc-3,21,9,28,12,14,6
gld-4,54,52,57,46,41,32
ZK858.5,3,1,3,2,3,3
ZK858.6,28,47,42,36,42,32
ZK858.7,11,8,16,11,7,0
elpc-3,7,23,24,5,10,8
usip-1,5,9,5,6,9,12
ZK863.8,6,2,4,5,9,0
ZK896.4,4,3,0,2,8,1
ZK896.5,4,0,1,5,4,0
clec-187,9,5,5,0,4,3
clec-186,48,128,103,36,61,23
nstp-5,27,37,23,20,27,23
ZK899.2,6,18,3,6,10,5
ZK909.3,9,12,4,15,7,0
ZK909.6,3,3,3,0,1,0
vps-15,32,44,39,26,32,36
vab-23,4,10,10,4,4,4
arrd-4,3,0,2,3,7,0
lact-2,3,14,14,26,15,8
puf-12,157,141,175,88,96,67
nep-26,41,46,35,72,55,30
clpp-1,23,69,40,28,38,31
ZK970.7,1,0,1,2,2,0
ZK1010.2,4,0,10,2,4,4
frg-1,16,4,18,13,3,1
ZK1010.8,4,2,3,7,3,0
ZK1025.3,0,0,0,14,12,4
mmcm-1,72,70,114,59,65,50
ccdc-47,88,59,73,57,67,49
nit-1,5,6,6,4,0,3
ZK1058.9,60,87,78,44,71,46
ZK1067.2,26,27,39,27,28,23
ZK1067.3,4,7,5,4,5,2
ZK1073.1,34,35,45,38,43,34
obr-3,21,25,21,15,16,14
ZK1098.1,34,18,28,23,26,30
ZK1098.2,9,1,10,4,2,6
ZK1098.3,1,2,2,0,0,1
eif-2Balpha,10,3,8,5,2,8
trpp-3,5,7,11,3,3,0
mrps-23,12,27,20,15,21,11
ZK1128.1,16,8,4,13,7,3
gtf-2H3,4,7,7,0,1,0
ttll-4,16,19,33,7,25,21
ZK1128.7,5,1,10,3,1,0
vps-29,7,21,13,22,16,2
dcaf-1,117,85,119,41,47,27
ZK1307.1,20,38,56,49,27,31
ZK1307.2,0,2,0,1,0,0
ZK1307.7,4,1,3,0,0,0
ZK1307.8,80,70,61,54,61,38
ZK1307.9,7,9,6,15,5,10
gstk-1,1,6,8,0,5,1
ZK1320.2,38,57,58,48,54,36
ZK1320.3,52,64,93,50,46,28
cyp-13A10,8,9,4,3,2,2
ZK1320.9,51,42,65,45,73,34
ZK1320.11,30,38,36,20,39,25
shk-1,6,19,23,10,9,10
ZK1321.4,25,55,23,30,28,20
C05D12.3,56,100,90,49,68,36
zipt-2.1,11,12,12,1,12,5
cyp-25A3,0,0,0,0,0,4
C37A5.3,3,2,0,0,4,0
R13H4.2,41,51,44,43,45,19
VM106R.1,6,9,14,11,10,5
mdt-9,9,8,5,3,2,0
Y106G6D.5,7,15,15,8,9,11
best-23,5,1,2,7,6,5
B0025.4,2,1,5,2,0,5
B0034.1,2,1,4,9,12,3
ain-2,60,40,40,46,66,49
B0041.5,14,16,16,3,19,6
ptps-1,0,2,7,1,0,0
B0041.8,6,1,7,1,0,5
B0205.1,12,1,13,5,7,1
B0205.6,35,25,32,19,35,23
B0205.8,4,3,1,0,1,0
B0205.9,9,8,10,12,5,5
mrpl-9,18,24,11,15,16,15
B0207.6,2,3,9,9,6,2
nstp-6,0,2,0,3,1,5
cyp-34A8,0,7,1,1,1,8
cyp-34A9,3,0,5,2,2,5
faah-1,36,45,27,34,35,34
faah-2,36,21,41,38,25,9
clec-51,5,6,19,9,13,8
clec-52,15,1,6,6,10,5
B0222.1,3,0,4,1,0,0
pitr-3,0,0,0,2,0,0
B0222.5,3,1,6,3,1,8
gad-3,17,1,18,31,8,14
B0228.1,5,2,7,0,3,5
cpna-2,325,226,325,236,248,187
B0228.6,8,7,5,2,6,2
B0228.7,9,13,21,16,8,10
B0238.1,2,0,9,4,4,2
natc-2,21,15,16,20,34,23
B0238.11,10,14,15,22,20,6
B0238.12,8,2,6,0,3,2
B0252.1,1,8,1,2,1,5
B0252.3,3,7,6,5,13,3
B0261.1,26,18,24,18,18,11
mrpl-47,28,18,39,35,30,24
B0261.8,8,0,5,1,3,2
ggtb-1,16,20,35,16,9,5
rpia-1,10,13,20,6,18,0
B0280.9,29,49,31,20,14,21
pot-1,5,0,1,2,1,1
viro-2,13,12,15,6,18,18
B0281.3,3,3,4,1,4,0
B0286.1,5,1,14,6,5,3
pacs-1,28,13,26,17,25,14
B0294.1,3,7,8,7,10,3
B0302.5,5,0,2,8,2,1
anmt-1,1,1,0,3,8,0
B0303.3,35,39,40,70,75,26
B0303.4,44,17,37,28,31,16
B0303.7,13,13,18,9,13,18
vps-33.1,8,8,11,7,5,15
B0303.11,16,25,30,14,21,19
B0303.14,3,0,4,0,9,3
mrpl-11,27,15,24,19,24,10
B0310.1,14,21,33,16,26,14
ugt-46,30,31,31,29,27,11
rbm-26,16,22,24,32,45,27
arle-14,2,7,3,2,0,2
abi-1,9,5,10,10,5,6
B0336.7,1,3,2,0,0,3
hpo-28,8,17,11,5,11,10
B0353.1,6,21,16,21,10,9
B0361.2,22,10,11,4,9,3
B0361.3,6,9,12,12,5,7
B0361.4,1,6,5,6,6,1
psd-1,9,2,10,8,6,9
B0361.6,14,5,2,0,0,4
pho-5,8,3,8,7,12,5
algn-11,11,9,20,12,6,6
B0361.9,2,0,7,1,2,0
ykt-6,9,12,14,2,7,15
pdi-6,117,136,156,129,112,82
vang-1,2,0,3,0,0,2
B0410.3,6,0,7,2,3,3
trpp-11,44,23,50,32,48,35
vps-51,28,27,27,26,25,23
tmc-2,30,43,37,14,28,22
B0416.5,34,50,39,46,43,45
B0416.7,4,1,6,0,0,0
djr-1.1,4,2,1,0,4,0
mrpl-41,5,9,9,3,19,13
misc-1,13,5,20,6,15,1
B0432.7,4,3,4,4,2,2
trul-1,2,0,7,4,5,0
B0454.6,5,2,1,8,4,2
B0478.3,0,0,0,0,1,0
cdk-11.1,23,10,14,16,13,5
B0495.5,6,5,14,3,8,1
moa-2,0,3,2,1,0,3
B0495.7,106,176,153,97,142,83
B0495.8,11,21,14,7,19,7
B0495.9,6,7,12,5,6,4
tes-1,7,0,5,2,3,1
B0507.2,5,12,9,5,4,3
B0511.6,142,178,178,116,153,135
B0511.7,1,4,6,7,10,2
cdc-26,4,8,10,2,8,8
B0511.12,61,48,58,46,48,23
B0524.6,8,5,6,0,5,6
mai-2,54,68,82,73,81,33
otub-4,6,4,7,10,14,1
B0546.3,14,6,16,23,32,6
B0546.4,5,4,0,2,3,7
B0554.5,0,11,5,1,3,0
B0563.6,0,3,1,3,0,0
BE0003N10.1,8,11,8,3,8,4
chin-1,5,7,12,3,1,2
C01B10.3,17,10,2,17,5,0
C01B10.6,112,218,168,117,170,105
C01B10.7,0,0,2,1,1,0
C01B10.8,34,39,42,26,33,25
C01B10.9,23,10,21,10,13,13
C01B10.10,3,1,0,3,1,5
gmeb-1,6,6,12,9,4,13
best-3,4,4,12,9,4,8
best-4,0,0,3,2,0,3
C01C4.3,8,17,11,15,20,20
C01C10.2,0,1,2,2,3,2
acl-12,9,10,9,12,15,17
gtf-2F1,44,23,36,13,11,9
sco-1,23,42,35,19,19,11
C01F1.3,1,4,6,11,14,6
C01F1.6,12,13,16,7,11,4
rga-6,9,17,10,9,14,6
C01G5.5,2,2,1,4,2,4
ddi-1,5,0,9,8,4,0
C02B8.3,2,11,9,0,5,1
ivd-1,180,158,195,88,89,56
snpn-1,1,0,4,1,2,0
C02B10.3,38,20,34,23,28,30
C02B10.4,21,31,34,12,25,15
C02B10.5,5,13,29,17,20,9
tyr-1,4,2,3,12,11,7
slc-17.3,2,0,6,1,0,5
C02D5.2,3,4,5,3,3,6
C02E7.6,0,0,0,7,13,5
nra-4,125,168,185,134,159,116
C02F5.3,25,40,30,21,20,11
cids-1,5,8,8,5,4,2
henn-1,1,6,5,3,0,2
fbxl-1,12,15,6,18,7,3
C02F5.12,3,4,0,0,6,0
snet-1,17,15,14,13,16,11
tag-278,62,67,33,49,49,47
C02F12.8,4,14,0,9,4,9
fbxa-105,6,2,9,2,7,3
ugt-51,2,4,0,0,0,4
C03B1.7,4,3,0,1,3,3
C03B1.13,3,9,9,15,4,5
scav-1,24,34,56,32,23,16
sdha-1,169,170,200,190,223,108
C03G6.5,7,3,3,7,5,0
cyp-35A2,6,4,23,1,8,9
C03G6.17,9,1,4,1,3,1
clec-10,4,15,18,12,12,21
nstp-4,26,23,35,15,35,13
C03H5.3,8,17,22,4,4,3
C03H5.5,12,6,0,8,8,0
C03H5.6,2,15,14,3,8,2
tbc-6,10,4,8,6,11,6
pdhb-1,120,83,126,83,129,91
pac-1,88,105,74,56,72,44
C04E6.7,4,1,1,5,3,1
C04E6.11,11,8,16,6,11,3
C04E6.13,6,5,5,2,3,0
sor-3,7,1,5,1,3,9
C04E7.3,14,7,8,13,7,6
C04E12.4,7,5,11,19,21,8
C04F5.8,10,10,12,16,7,4
C04F5.9,10,5,8,1,8,0
C04G6.4,10,3,8,7,6,7
C05C8.1,2,3,0,7,1,0
krr-1,14,6,18,13,10,2
C05C8.5,5,7,10,12,3,1
hpo-9,5,6,0,5,2,2
C05C8.7,56,27,51,56,65,70
hyls-1,6,7,6,6,10,2
madf-11,5,5,8,12,0,1
C05D2.8,20,12,28,30,18,9
C05D2.10,10,26,13,18,20,4
lmp-2,1,9,9,7,2,3
C05D9.3,36,40,37,23,26,12
C05D9.7,1,0,6,2,3,1
attf-4,22,40,34,18,22,5
mapk-15,10,8,3,8,4,10
wht-1,1,3,0,3,5,2
C05D10.4,26,39,25,18,17,23
C05D11.1,118,77,136,93,84,69
C05D11.5,5,1,4,0,0,2
atgl-1,79,93,57,37,48,47
C05D11.8,6,7,7,7,9,12
C05D11.9,7,7,11,3,3,4
mrps-17,21,8,25,24,28,10
C05D11.13,6,4,8,2,2,3
lnp-1,15,17,20,7,23,11
C05E11.3,4,11,2,1,0,0
inst-1,43,84,95,19,40,51
C06A5.3,40,34,28,36,20,15
C06A5.6,5,5,1,5,3,4
C06A6.2,10,14,9,15,19,4
mvb-12,8,5,8,8,6,10
C06A6.4,24,21,32,11,24,12
erp-44.2,14,4,7,15,23,6
mthf-1,53,46,64,68,68,62
snpc-1.1,1,2,10,0,1,0
nlp-77,115,234,165,193,204,148
spdl-1,3,11,7,8,7,10
C06A8.8,3,2,8,5,2,0
C06E1.1,4,7,12,2,4,5
ztf-30,2,1,0,5,4,4
C06E1.9,18,1,16,3,14,0
rha-2,64,49,62,24,40,42
C06E2.1,2,4,4,0,3,5
sams-3,9,6,13,15,17,10
C06E7.2,13,8,9,12,11,2
sams-4,15,29,24,18,11,17
C06E7.4,4,4,5,10,11,13
C06G1.1,0,0,0,3,1,7
ain-1,49,37,59,39,58,28
C06G3.5,46,26,33,39,42,21
C06G3.6,9,6,26,8,17,18
trxr-1,33,26,36,48,30,24
C06G3.8,2,2,5,3,3,2
ufl-1,9,11,26,3,13,11
C06G4.1,1,4,10,0,9,3
C07A12.7,3,16,17,12,16,8
C07D8.6,57,105,80,38,72,52
bath-44,13,16,10,7,7,19
ugt-64,1,0,12,4,4,1
C07G3.10,5,5,1,1,4,2
cls-1,26,35,39,27,31,18
C07H6.4,43,37,44,31,29,26
math-4,8,9,10,10,7,4
C08G9.1,16,8,7,6,1,0
C09B7.2,3,1,1,0,0,0
C09B8.4,12,18,7,8,2,6
C09D4.1,9,10,31,12,18,11
C09D4.2,2,4,7,3,6,0
C09D4.4,13,21,18,5,8,4
C09E7.4,3,2,4,16,10,4
C09E7.7,23,10,19,7,13,6
C09E7.8,2,3,15,5,5,3
C09E8.1,22,20,26,9,15,6
mlt-10,4,1,0,23,23,11
C09F5.1,19,33,33,30,21,27
orai-1,6,18,19,6,7,11
pkg-2,44,67,50,40,56,35
tsg-101,17,44,31,19,21,28
catp-3,47,25,62,40,26,26
mct-6,93,138,118,86,105,63
mcp-1,7,6,10,12,8,6
egal-1,29,32,32,28,21,21
C10G8.8,39,14,43,25,29,8
C10G11.6,1,3,10,3,5,4
chdp-1,27,22,38,37,31,30
viln-1,7,12,13,5,10,10
ugt-25,7,6,11,10,20,4
ugt-28,4,4,3,4,7,1
ugt-26,8,7,3,10,13,8
mlst-8,3,0,0,1,6,1
C11D2.4,9,6,17,5,15,4
C11D2.7,18,30,14,20,11,17
tiam-1,3,7,7,6,5,2
cyp-33A1,17,18,21,8,1,2
C12D5.9,0,0,0,0,1,4
C12D12.1,100,140,189,70,100,61
sox-4,0,10,2,1,2,0
C13A10.2,1,1,0,6,1,5
copd-1,37,38,35,24,42,28
pdfr-1,7,5,11,9,8,4
ugt-7,3,3,3,4,1,0
C13E3.1,10,4,5,5,4,6
kxd-1,6,2,2,3,2,0
soap-1,81,99,81,66,73,84
C13F10.7,1,7,1,10,4,4
C14A11.2,0,1,0,0,1,1
C14B9.2,40,52,69,50,52,38
C14B9.8,52,39,42,33,24,23
C14B9.10,16,16,17,18,26,4
C14C6.2,4,20,9,10,19,13
C14C6.5,55,52,77,83,134,45
hex-2,47,39,50,26,25,32
C14C11.4,12,0,3,3,2,6
dct-1,11,8,4,3,11,2
sfxn-2,8,3,3,3,11,7
got-2.2,56,69,87,51,52,33
lrch-1,9,8,20,11,15,14
C14F11.6,1,0,0,2,15,0
C15B12.1,2,2,6,0,10,0
C15B12.4,4,8,7,5,6,3
actl-1,2,1,5,1,3,2
C15C7.4,26,7,18,11,7,5
C15C7.5,38,17,45,41,40,22
C15C7.7,17,4,12,4,10,6
C15F1.1,7,6,5,2,3,0
C15F1.2,1,0,3,6,2,1
C15H9.4,14,18,12,7,7,9
C15H9.5,7,8,0,4,10,5
kynu-1,21,13,12,19,13,13
C15H9.9,33,26,38,19,31,26
C15H9.11,4,1,4,0,1,1
smrc-1,18,19,13,6,19,13
C16A3.4,61,83,54,47,59,32
C16A3.5,71,122,91,75,110,84
C16A3.6,78,43,54,41,50,50
thoc-2,37,27,55,46,32,32
oatr-1,73,131,94,59,70,50
C16A11.2,4,8,5,4,2,10
C16A11.4,2,5,0,5,2,5
C16B8.3,176,285,251,164,206,165
C16B8.4,6,7,0,0,3,0
skpo-2,0,4,1,10,1,1
C16D9.1,12,16,5,7,12,4
C16D9.4,4,3,5,2,6,1
C16D9.6,2,8,1,0,2,0
C16E9.1,4,2,7,9,20,4
C16E9.2,8,4,4,4,14,2
C16H3.3,18,23,30,29,29,25
fbxa-65,2,15,10,3,7,1
C17C3.1,30,28,33,17,31,13
acdh-2,6,6,11,3,5,3
C17F4.7,200,321,414,191,271,178
C17G10.1,19,26,25,14,20,6
ttc-4,22,14,25,7,10,4
eif-3.L,59,71,75,42,42,44
C17H11.1,0,0,0,1,1,0
C17H11.2,6,10,3,8,18,7
C17H11.6,30,11,25,16,34,16
dyci-1,53,23,43,32,56,28
C17H12.2,0,4,2,5,7,4
C17H12.4,9,22,17,2,10,2
C17H12.6,1,1,0,0,0,0
C17H12.8,13,18,28,22,19,28
ceh-48,3,8,10,3,14,1
C17H12.10,0,4,2,3,10,0
anat-1,26,30,32,23,31,18
zipt-3,8,9,10,2,1,3
C18A3.3,38,44,64,48,43,9
osta-2,11,13,9,20,16,14
tiar-1,29,11,27,32,37,5
C18A11.1,5,2,2,0,2,0
C18A11.3,7,13,7,7,15,8
C18B2.3,55,92,86,50,40,52
C18B2.4,22,6,20,9,9,6
C18B2.5,332,497,457,334,410,332
del-9,6,1,5,4,0,3
ugt-48,8,15,19,5,11,3
C18C4.7,36,33,58,45,36,19
glb-6,4,11,8,5,1,1
swsn-2.2,11,9,11,3,14,3
C18E3.3,15,13,7,14,18,9
cas-2,9,4,2,2,3,6
C18F10.7,8,9,8,11,7,17
C18G1.1,4,3,0,1,0,0
elt-7,6,5,1,9,1,0
C18H7.1,9,25,5,22,20,11
C18H7.6,2,5,1,1,3,0
C18H9.3,84,67,86,76,93,69
C18H9.6,5,9,8,8,9,3
fln-2,268,293,292,227,256,242
C23F12.4,4,0,6,4,4,4
C23G10.2,14,11,16,12,11,12
ugt-66,2,7,5,22,9,3
C23G10.7,11,5,10,10,5,4
C23G10.8,31,26,31,28,20,14
C23H3.2,4,6,5,12,9,6
ascc-1,1,0,3,9,6,0
sptl-1,43,47,81,53,49,37
C23H3.5,2,2,1,0,1,3
C23H3.9,6,0,1,8,1,1
prmt-6,1,1,4,0,0,0
glb-7,6,5,6,7,4,7
C23H5.8,16,8,14,11,10,2
flp-24,8,4,17,4,3,4
C24A1.3,16,14,15,11,4,5
C24A3.2,48,78,57,35,55,34
C24A3.4,3,5,3,1,0,0
C24B5.1,3,4,0,4,3,5
spas-1,2,6,15,6,3,3
C24B5.4,1,5,2,1,5,0
C24B9.3,46,33,71,27,46,15
dod-3,7,13,9,19,14,3
C24D10.4,1,7,7,9,16,10
C24D10.6,6,9,16,15,20,14
hir-1,23,48,11,17,24,18
mms-19,13,4,16,6,9,5
hpo-15,21,18,16,18,20,4
cox-16,25,36,17,28,21,12
C24H10.1,1,2,1,9,0,3
C24H10.2,1,0,2,9,1,1
C24H12.4,134,95,129,87,55,42
dnsn-1,8,3,1,4,6,3
C25A11.2,3,6,4,1,11,4
C25E10.4,0,0,0,1,0,0
C25E10.5,3,4,0,4,4,1
C25E10.8,3,5,3,1,2,3
C25E10.12,5,1,2,3,0,1
dpyd-1,196,261,256,234,289,183
ddr-1,3,9,11,2,9,15
C25H3.3,2,0,1,0,0,0
eif-2D,6,1,14,6,2,3
flp-27,6,13,3,10,8,12
mdt-26,37,36,30,10,34,23
C25H3.7,19,23,19,10,20,17
C25H3.9,116,211,172,119,166,136
C25H3.10,9,3,12,11,18,9
C25H3.11,122,116,130,78,103,83
C25H3.14,8,10,6,6,5,6
dnc-4,15,25,15,10,8,5
elpc-4,16,13,12,4,8,8
C26B2.7,5,6,9,1,1,4
C26B9.1,4,2,2,8,5,2
C26B9.3,0,1,1,1,1,3
C26B9.5,35,58,51,26,45,19
flh-2,14,18,27,3,16,8
ntl-9,7,13,9,14,18,7
rpb-2,180,158,177,86,104,81
mrps-18C,20,13,31,19,31,15
eri-9,10,18,8,8,8,11
mmab-1,6,2,13,7,6,8
C26E6.12,0,4,3,4,4,7
C26F1.1,0,10,4,3,9,4
cyp-32A1,3,3,4,6,5,0
C26F1.3,5,2,2,0,3,1
hint-3,4,5,2,4,11,0
smc-5,17,20,19,14,3,6
C27A12.2,12,3,12,4,5,2
ari-1.3,2,6,0,2,4,3
ari-1.2,13,8,18,19,15,3
ari-1.1,8,7,9,21,17,5
C27A12.9,7,3,3,7,0,4
crh-2,24,14,11,13,17,5
C27F2.4,14,20,29,10,22,4
vps-22,11,3,6,6,11,13
tmem-131,76,68,80,48,77,49
C27F2.10,8,15,13,2,8,1
C27H5.2,16,5,7,11,4,7
fust-1,33,51,42,25,31,29
C27H5.4,1,4,0,0,1,0
C28C12.4,5,3,2,5,7,3
C28C12.12,1,3,0,0,1,2
glb-9,1,5,4,8,2,1
sec-15,18,10,25,14,11,14
C28G1.5,5,10,4,3,5,3
bcl-7,2,0,7,0,3,4
C28H8.3,325,376,394,198,261,223
erd-2.2,18,21,35,16,28,6
pxl-1,38,77,55,44,63,49
dpff-1,21,19,29,11,18,6
tdo-2,28,17,41,27,42,27
kle-2,12,16,26,17,8,13
tag-250,13,39,25,5,16,25
gsto-1,31,32,33,11,28,27
C29E4.11,2,0,1,1,1,0
C29E4.12,2,5,1,3,5,1
C29F5.1,17,16,14,14,10,7
glb-10,2,6,4,0,1,3
pals-22,1,0,4,5,1,0
C29F9.2,1,1,2,0,3,0
pals-23,6,1,16,2,8,6
pals-24,0,3,13,1,6,2
C29G2.6,9,3,5,6,3,5
C29H12.2,50,51,48,43,35,37
C29H12.6,5,7,10,6,3,0
mob-4,2,9,10,5,4,4
C30B5.2,20,24,22,26,34,20
rbmx-2,6,7,6,2,2,3
mrpl-32,6,10,7,9,7,3
hsp-110,830,632,783,759,817,440
vha-16,169,124,128,143,139,89
rege-1,11,9,10,6,11,4
C30F12.2,12,15,13,5,15,5
C30F12.5,12,7,25,19,17,7
trhr-1,13,5,5,12,1,6
idhg-2,25,34,34,22,24,23
C30G4.4,8,8,3,2,2,2
C30G12.2,2,0,0,0,0,0
erp-44.1,52,68,59,25,30,47
C31B8.7,1,2,7,4,1,0
zmp-3,19,15,17,13,16,13
lntl-1,10,16,8,9,16,11
tbc-7,17,10,26,14,21,12
C31H2.3,1,0,2,2,1,0
C31H2.4,4,6,1,2,0,4
C32D5.1,3,0,6,0,1,4
efr-3,26,9,29,28,25,18
set-4,8,5,5,5,4,2
C32D5.6,7,9,2,0,2,0
C32D5.7,4,2,3,4,7,6
C32D5.8,23,46,23,13,21,15
C32D5.10,11,9,5,10,15,4
C32D5.11,22,33,28,29,27,27
tppp-1,19,14,14,18,11,6
C32E8.5,10,7,12,8,13,11
C32E8.9,5,7,14,8,9,2
ubr-1,94,94,145,73,85,97
pde-5,1,2,4,2,1,1
C32E12.4,4,12,11,1,5,7
obr-4,48,31,30,47,31,24
C32F10.4,9,16,39,19,9,18
C32F10.8,101,40,96,63,62,42
gba-1,13,27,25,11,10,13
mtq-2,4,18,17,9,14,11
C33C12.10,6,8,2,6,6,7
cnnm-3,22,15,22,2,10,21
rig-6,31,15,26,14,17,26
lact-5,11,6,13,6,13,4
C33G8.2,2,0,2,5,1,4
C33G8.4,21,21,39,18,24,9
swd-2.2,3,7,7,1,3,1
rpap-3,11,12,9,7,8,1
sec-10,8,3,19,3,8,3
imp-3,12,15,8,17,9,2
C33H5.13,2,6,3,8,4,0
ntp-1,4,4,3,3,6,2
zgpa-1,5,15,4,5,5,1
cdgs-1,19,62,63,32,55,28
kbp-5,0,0,1,0,3,0
ttc-1,9,5,2,0,2,1
lonp-1,58,51,78,21,46,34
sdha-2,3,2,11,6,19,6
C34B2.8,42,26,30,30,29,12
spcs-1,2,9,16,9,3,8
C34D4.4,1,2,11,2,0,1
mutd-1,9,1,8,6,6,3
hecd-1,468,629,553,350,373,430
C34D10.1,6,12,2,3,14,5
C34D10.2,40,48,37,25,37,30
prmt-5,29,42,25,25,28,29
sumv-1,19,19,11,25,15,15
C34E10.10,4,2,6,0,4,6
mrps-26,19,8,21,18,18,9
ampd-1,139,122,164,85,145,83
C34F11.8,6,10,14,4,6,1
hpo-27,32,36,39,22,25,33
tyr-4,20,9,6,28,24,18
noah-1,3,8,1,47,68,25
C34H4.1,8,3,6,3,0,1
C34H4.2,10,12,9,11,13,5
dmsr-7,2,5,7,0,3,4
C35A11.4,12,5,15,15,12,12
C35B1.2,12,4,7,11,4,1
C35B1.5,36,43,45,30,29,15
C35B8.3,22,7,14,12,10,3
C35D10.1,11,1,6,14,10,9
C35D10.5,10,1,4,1,7,5
C35D10.6,3,3,3,2,4,1
C35D10.7,5,2,5,9,0,1
C35D10.10,12,15,17,16,14,8
tost-1,6,0,2,8,2,0
clec-5,1,1,4,0,1,1
C35D10.17,8,3,12,2,2,6
C35E7.2,13,7,12,10,8,5
C35E7.4,13,13,17,9,10,4
C35E7.6,14,15,20,10,12,15
C35E7.11,8,2,11,2,9,0
C36B7.6,50,44,54,37,53,39
fubl-3,23,32,26,26,43,34
C36E6.2,5,1,7,4,3,1
C37A2.7,533,550,698,556,586,497
C37A2.8,9,5,3,0,8,1
C37C3.1,5,6,4,9,8,4
C37C3.2,65,73,92,65,66,35
C37C3.7,2,0,0,6,12,0
memo-1,7,8,5,12,14,3
C37C3.12,16,15,11,7,16,8
ttr-33,5,12,6,13,3,10
abhd-5.1,9,11,2,11,4,3
abhd-5.2,27,24,18,30,24,31
C37H5.5,89,87,88,69,64,49
adss-1,146,204,265,123,170,140
C37H5.13,23,38,36,36,37,19
C38C3.4,7,4,1,1,3,2
C39B5.6,4,6,13,9,5,2
pcyt-2.2,11,19,18,3,5,5
C39D10.6,4,1,4,2,3,7
C39D10.8,1,3,2,3,3,3
madd-2,20,25,35,20,16,6
C39F7.5,4,0,1,9,0,0
C39H7.4,20,15,17,15,21,7
math-18,1,6,4,0,9,1
math-20,3,3,8,7,2,2
pks-1,16,8,6,8,6,9
C41D11.3,41,37,44,56,62,38
cmt-1,3,9,0,3,2,7
gnrr-4,5,2,8,2,3,6
lido-9,6,11,6,13,14,8
vps-8,18,8,6,8,13,4
tag-335,11,6,9,5,4,7
oac-59,0,0,3,4,0,0
hpo-12,1,8,5,5,2,6
ltah-1.1,11,8,11,11,10,4
C42C1.12,6,5,6,1,8,4
erl-1,3,5,3,3,4,0
C42D4.1,52,51,52,58,60,30
C42D4.2,0,0,3,1,0,0
C42D4.3,2,4,7,8,11,5
C42D8.1,2,4,10,3,5,6
acin-1,21,17,30,24,23,13
mus-81,10,5,11,6,8,2
met-1,29,38,51,55,46,32
exoc-7,12,14,12,17,20,2
C43E11.9,10,2,7,9,1,4
cogc-5,14,12,24,4,25,13
paqr-1,28,21,35,35,37,15
bicd-1,27,32,38,35,28,21
best-9,1,2,5,0,0,0
trpp-12,2,5,1,7,3,0
C43H6.3,2,1,6,5,4,0
C43H6.4,6,3,6,4,5,0
mafr-1,3,4,8,3,5,9
psmd-9,2,2,2,4,1,1
hrpl-1,9,6,14,3,4,0
slc-36.5,5,0,1,10,9,0
C44B7.7,4,6,11,1,9,1
acer-1,391,356,458,553,611,350
C44B7.11,41,32,42,54,35,26
C44B7.12,0,7,1,2,9,0
C44B11.4,31,51,47,31,33,46
chil-10,4,5,2,2,2,6
vps-45,3,2,5,3,6,0
abhd-3.2,4,16,10,9,11,5
C44C1.6,2,0,4,0,1,0
ubr-4,224,176,213,164,140,149
ssb-1,83,79,98,97,82,38
C44E4.5,6,17,15,5,7,10
acbp-1,41,60,51,42,47,20
C44E12.1,0,1,1,0,2,0
C45B2.2,14,2,3,2,13,4
C45B2.6,6,6,11,3,7,8
C45E1.4,14,9,2,1,3,2
C45E5.1,13,13,16,5,1,8
C45E5.4,4,8,1,0,0,3
C45G7.4,5,3,1,6,4,4
C45G9.5,23,13,12,14,15,2
C45G9.6,6,3,4,2,2,0
nlp-43,0,1,2,1,4,4
rdl-1,2,2,4,1,0,0
hosl-1,8,7,12,8,14,6
C46C11.2,9,5,7,5,11,4
C46C11.3,3,8,9,7,3,6
fbxc-52,10,13,16,7,15,0
C46F2.1,0,9,8,0,7,0
acs-17,31,26,42,45,34,19
math-24,4,1,3,4,0,1
C46G7.1,5,14,11,13,23,0
C46G7.2,17,8,24,31,22,5
C46H3.2,12,9,6,3,18,3
C46H11.2,0,2,3,2,3,1
C46H11.10,5,2,8,2,9,7
fhod-1,27,30,38,29,34,18
pitr-1,117,126,115,112,106,108
C48B6.2,38,54,60,12,10,17
C48B6.3,6,8,4,6,12,5
C48B6.10,5,0,3,2,4,0
C48E7.1,23,19,29,20,27,22
let-611,10,3,10,4,15,6
C48E7.6,21,13,9,8,9,13
cebp-2,1,2,1,0,3,0
C49A9.3,6,6,8,4,4,8
C49A9.4,13,10,6,0,4,2
C49A9.5,5,5,16,3,5,3
C49A9.6,6,0,16,3,5,2
C49A9.9,8,7,9,9,2,10
C49A9.10,0,0,0,1,0,2
cyp-33E1,1,5,7,5,8,0
C49C8.5,16,32,38,27,10,5
C49G7.3,90,97,123,65,89,69
phat-3,5,4,10,1,6,11
cyp-35A4,2,0,0,0,3,0
C49H3.3,14,2,19,6,16,3
C49H3.6,8,11,15,10,10,8
arp-11,5,10,4,1,4,3
C49H3.9,6,5,4,4,9,5
cec-2,7,10,5,7,1,5
C50C3.5,2,4,9,1,5,2
bath-42,21,15,15,15,14,14
C50D2.1,0,0,5,4,4,2
C50D2.2,4,10,8,6,7,7
C50D2.5,12,6,19,3,20,4
C50D2.6,8,8,15,6,15,4
C50D2.7,6,13,16,8,22,14
C50D2.8,12,8,9,18,13,7
C50D2.9,3,10,4,6,5,4
C50E3.5,4,0,5,5,9,3
C50E3.6,2,9,2,4,3,2
C50F2.2,29,37,30,13,24,11
syf-1,62,71,58,37,64,59
C50F2.4,11,6,7,6,9,0
C50F2.7,1,2,0,3,1,1
magu-3,1,0,3,1,14,0
sucg-1,17,17,17,17,14,9
C50F7.5,30,82,46,70,60,53
C50F7.6,11,3,7,10,5,3
klo-1,15,14,16,9,15,15
acs-21,5,1,6,2,2,0
cyp-33C9,14,5,13,4,13,17
C52A10.1,8,18,11,11,13,11
ets-9,3,7,5,2,3,0
coel-1,3,7,11,17,32,4
C52B9.4,19,21,45,17,29,19
inso-1,9,10,18,4,4,9
C52D10.3,7,1,10,5,7,6
cnnm-1,24,10,13,35,24,14
C52E2.4,1,3,0,7,0,5
C52E12.1,35,43,36,47,59,31
lst-6,54,64,50,47,49,53
C53B7.3,210,374,283,171,202,155
clik-2,178,165,197,160,181,129
C53D5.1,14,3,3,11,10,4
ztf-3,4,1,2,1,3,1
C53D5.5,12,12,17,14,24,4
C53H9.2,45,47,45,30,34,18
drn-1,11,11,6,4,7,4
lam-2,183,178,200,112,126,75
C54D1.7,5,4,0,0,2,1
C54D2.2,3,1,1,2,0,0
test-1,87,109,95,54,55,60
C54E4.4,10,11,11,6,8,1
C54E4.5,5,1,8,13,7,0
mboa-3,46,50,54,45,42,17
ifta-1,10,0,3,1,5,0
tag-294,13,0,4,5,9,0
C55B6.1,14,15,8,6,19,14
acdh-1,165,133,215,157,216,98
uri-1,13,1,5,12,11,6
sulp-1,8,16,12,7,10,6
perm-5,8,6,9,5,1,0
atic-1,26,37,41,27,33,15
ilys-4,21,17,14,10,15,14
vps-33.2,6,0,10,3,3,1
vps-32.1,35,15,35,28,34,21
C56C10.7,13,12,8,7,6,12
C56C10.9,1,1,4,1,0,0
aipr-1,12,4,5,10,17,7
C56C10.11,24,21,29,18,19,12
epg-5,33,27,37,31,26,12
C56E6.2,14,9,2,3,4,8
toe-2,11,19,12,11,11,6
lron-15,0,1,2,3,6,0
nhr-173,8,14,11,9,14,10
akap-1,285,211,292,262,249,171
C56G2.3,21,6,10,22,11,22
C56G2.4,7,1,0,4,3,0
rpn-13,51,63,51,32,50,35
npr-8,2,2,2,0,1,3
CC8.2,29,26,21,24,38,21
CD4.1,3,4,9,5,2,3
mrpl-48,11,18,21,15,15,22
vps-37,3,8,11,10,8,4
acly-1,57,56,80,57,48,40
D1005.2,3,0,5,10,5,0
cebp-1,68,125,90,120,140,95
D1007.5,6,5,5,2,4,1
nrd-1,49,73,74,32,38,33
D1007.10,6,0,2,1,1,1
D1007.15,10,30,16,9,9,7
eaf-1,2,4,7,2,2,1
acs-22,32,45,38,48,45,28
ensh-1,2,3,2,1,2,3
snap-1,11,6,29,10,9,2
D1014.4,4,2,1,4,7,1
D1014.5,0,0,0,5,7,1
D1022.4,7,0,8,2,9,4
D1037.1,12,10,17,7,9,2
D1044.1,1,10,3,4,11,4
dex-1,16,8,5,13,5,9
D1044.6,11,16,18,10,16,9
D1069.3,12,10,15,6,10,6
trk-1,5,4,12,11,9,7
D2007.1,0,0,0,0,0,0
D2007.2,1,3,3,2,4,4
mrpl-18,18,10,4,10,1,2
atg-13,21,11,28,14,18,12
utx-1,10,10,4,8,3,15
D2021.4,0,2,4,0,0,1
D2024.5,1,3,2,6,2,1
gstk-2,8,13,30,27,21,7
D2063.1,1,3,11,1,6,5
glrx-3,28,18,29,17,14,18
mctp-1,11,3,8,8,0,3
ppfr-2,2,5,5,3,3,2
D2092.4,43,29,39,26,26,38
maco-1,16,18,14,23,19,10
praf-3,7,7,27,3,6,8
aagr-1,38,26,27,21,25,15
nap-1,357,254,315,206,218,129
D2096.9,1,0,0,0,0,0
D2096.12,7,3,3,2,3,3
lec-12,28,16,12,9,21,5
DC2.5,5,1,11,4,11,4
E01A2.1,16,23,30,16,20,10
E01A2.2,45,44,57,47,47,40
E01A2.5,5,14,6,2,3,3
akir-1,22,19,29,23,16,9
poml-2,7,0,2,1,0,0
E02H9.3,1,4,0,7,5,2
cyp-43A1,4,7,4,8,11,6
timm-17B.1,81,127,126,91,108,74
cyc-2.1,192,223,221,150,175,146
maoc-1,18,14,24,11,26,7
E04F6.4,43,31,37,14,16,12
acdh-12,31,30,50,25,18,6
E04F6.6,20,25,25,20,22,8
E04F6.8,1,0,0,0,2,0
E04F6.9,0,5,2,0,2,4
tofu-6,3,3,3,0,3,7
pink-1,8,1,5,5,3,0
EEED8.10,15,23,17,14,13,11
brap-2,4,8,8,7,2,5
EGAP2.1,2,2,1,1,1,2
EGAP4.1,78,111,90,37,39,72
ugt-57,9,5,7,18,14,4
tyra-2,1,9,3,1,7,7
hpo-10,16,5,6,15,8,6
F01F1.2,17,16,9,13,7,1
F01F1.3,17,7,8,14,18,11
rabn-5,29,27,23,16,24,13
ddx-23,33,24,46,34,18,24
dnpp-1,41,53,50,52,64,34
eng-1,0,4,1,3,2,1
F01F1.11,4,8,2,5,4,2
aldo-2,304,361,437,343,420,281
F01F1.15,6,4,8,1,4,1
atg-16.1,10,8,4,10,14,7
ncam-1,55,45,54,34,46,18
F07C3.2,4,4,2,8,0,2
F07C3.3,2,0,1,7,3,3
glo-4,24,26,46,36,25,14
nhr-36,2,4,5,5,6,0
grsp-4,13,13,8,5,9,12
F07E5.5,51,47,54,38,46,37
F07F6.4,18,23,18,14,21,17
F07F6.8,17,5,12,18,18,6
pole-2,11,16,10,16,16,12
F08B4.7,1,3,0,1,1,1
F08B6.1,2,0,4,1,3,1
calu-2,2,1,3,6,1,8
pcyt-1,33,30,35,21,14,22
apy-1,37,41,57,49,54,32
srpa-72,65,53,102,55,57,52
F08D12.2,12,14,15,8,3,3
F08D12.3,11,4,18,9,6,1
F08D12.7,1,2,2,2,4,9
acl-6,8,6,10,16,9,2
F08F3.4,2,12,15,10,6,5
hmgr-1,13,28,10,21,23,10
F08F8.7,9,26,13,9,15,13
gos-28,6,5,6,3,0,1
F08F8.9,23,19,20,14,22,5
F08F8.10,13,20,19,9,22,10
usp-39,22,7,19,18,12,7
algn-2,7,16,18,7,13,12
F09E5.3,25,17,29,24,35,20
sec-6,27,14,6,12,17,10
F09E5.7,29,19,31,22,22,15
F09E5.8,10,11,14,17,11,6
F09E5.10,8,17,13,7,8,9
F09E5.11,16,14,11,13,17,8
bmy-1,1,2,1,6,2,1
F09E10.7,7,16,3,4,14,6
toca-1,11,10,34,22,14,5
molo-1,2,6,0,1,1,0
rpc-2,131,124,141,84,96,69
hach-1,72,97,108,71,109,83
F09F7.5,25,37,34,24,28,22
F09F7.6,10,7,1,10,8,2
nmad-1,24,18,19,7,19,5
F09F9.1,6,10,5,4,8,2
F09G2.1,26,48,44,41,40,34
F09G2.2,13,24,30,28,23,14
pitr-5,3,0,1,11,8,2
cpsf-2,14,10,13,17,14,10
lgc-39,12,21,17,13,4,3
F09G2.8,4,6,12,3,7,1
attf-2,128,155,139,125,182,69
mrps-9,19,32,17,20,16,11
F09G8.7,2,5,2,4,7,2
clec-160,2,1,1,4,9,3
F10C1.8,1,19,15,10,5,8
nemp-1,19,17,39,16,13,6
ugt-39,11,15,12,6,3,6
ugt-40,2,2,7,3,5,1
F10D2.8,3,1,0,0,0,0
F10D2.10,9,13,13,4,9,5
ugt-41,15,15,13,7,15,12
F10D7.1,4,3,4,4,2,9
F10D7.2,5,6,2,4,2,1
F10D7.3,1,0,0,5,0,0
F10D7.5,23,45,46,19,21,25
F10E7.5,26,10,11,9,12,5
F10E7.6,8,2,3,8,9,1
farl-11,45,42,48,30,44,44
F10E7.9,17,18,10,13,18,7
F10E9.1,4,0,7,4,4,3
F10E9.3,14,9,7,7,8,11
F10E9.4,34,41,50,23,21,10
F10E9.5,2,3,5,6,3,2
F10E9.11,0,0,4,1,3,0
F10E9.12,1,1,0,1,0,1
F10G2.1,3,4,7,2,3,6
clec-7,2,7,1,6,2,0
F10G7.5,21,6,15,9,21,14
F10G7.9,33,37,57,25,32,38
F10G7.10,60,51,58,43,48,27
ttr-41,3,19,10,6,6,2
pbo-6,0,0,4,4,0,0
F11C7.2,5,2,5,8,16,7
F11C7.7,3,8,12,2,3,4
F11D5.1,24,8,23,21,14,19
ddr-2,6,13,4,9,15,16
F11G11.5,31,43,31,22,23,16
lgc-38,1,1,1,2,2,1
F12A10.1,2,0,0,1,0,0
cal-8,1,1,2,2,6,2
slc-17.6,8,22,20,7,11,4
stg-2,0,0,5,0,0,0
F13B6.2,0,1,5,0,1,0
F13B6.3,8,2,6,7,4,2
F13B9.1,96,102,97,72,105,69
cutl-29,2,0,2,3,1,0
F13C5.2,47,36,40,28,41,21
F13C5.5,22,23,17,13,28,12
acp-5,12,5,9,9,11,5
F13D11.3,4,3,7,7,11,6
F13D11.4,4,2,4,3,2,4
bcl-11,63,37,47,33,64,38
F13H6.3,44,30,41,11,15,11
F13H8.1,13,4,10,17,12,5
F13H8.2,35,45,48,26,23,29
F13H8.5,0,2,2,8,6,1
upb-1,93,100,91,87,112,58
F13H8.11,1,1,2,3,3,1
sid-5,1,0,0,0,5,0
F14B8.5,29,9,23,21,30,9
F14B8.6,19,48,28,33,37,19
otpl-3,1,4,2,9,1,1
F14D12.1,1,4,11,1,10,4
sulp-2,4,8,6,8,5,5
F14F9.4,8,9,11,2,6,6
cst-1,8,1,6,6,5,0
F15A8.6,9,2,5,6,4,6
nstp-2,47,90,91,36,45,20
lgc-22,0,2,1,2,3,2
F15E6.6,16,14,25,15,16,11
pud-3,16,8,5,4,0,0
nhr-177,1,1,0,0,2,2
F16B4.4,2,0,7,2,8,5
F16F9.1,0,1,0,7,0,5
F16F9.3,3,0,1,0,0,0
F16F9.4,6,1,11,6,4,0
F17A9.2,9,6,13,4,2,1
F17A9.4,12,12,13,17,8,13
F17A9.5,2,0,13,6,13,3
F17E9.3,0,0,0,0,0,0
rpa-1,34,21,46,36,26,6
alfa-1,6,6,12,15,4,4
nep-8,1,4,3,3,5,0
nep-11,27,32,41,48,30,40
F18C5.10,10,15,10,15,18,17
ddo-2,14,11,18,5,19,17
F18E3.11,2,2,3,6,1,5
F18E9.1,0,4,4,4,1,0
F18E9.3,7,6,5,11,7,2
jmjd-3.1,38,25,30,8,31,15
F18F11.1,6,5,10,8,6,5
drl-1,10,12,10,7,9,11
lgc-4,5,8,3,4,3,2
F18G5.6,3,4,5,6,4,2
F19B10.1,12,7,10,4,4,2
F19C7.1,140,185,204,144,189,73
F19C7.2,4,6,5,2,7,6
F19C7.4,5,5,10,2,5,9
F19C7.8,2,1,3,0,2,0
ttr-10,6,1,3,0,2,1
F19F10.9,68,42,58,39,35,18
ets-6,3,3,6,4,11,1
F19F10.11,8,8,12,8,10,6
F19F10.12,14,33,31,21,15,9
F20A1.1,20,19,15,18,20,6
F20A1.6,0,1,1,2,0,0
F20A1.10,17,16,23,9,12,6
F20D6.5,2,0,1,3,1,0
F20D6.8,4,4,6,9,6,6
F20D6.10,2,4,1,6,0,0
F20D6.11,14,19,17,12,4,7
csr-1,15,11,13,6,13,2
F20D12.2,58,33,64,25,37,18
czw-1,23,6,22,22,28,17
exc-9,3,5,0,2,4,1
F20H11.1,9,6,5,4,8,1
F21C10.7,94,97,90,87,75,66
F21C10.9,19,32,28,18,13,4
F21C10.10,33,22,19,45,31,18
F21D12.3,10,9,13,21,13,6
ttr-37,0,2,5,4,2,1
pgal-1,124,100,153,122,130,71
F21F3.6,83,116,91,85,78,82
F21F3.7,0,0,2,1,1,4
asp-12,2,2,1,51,38,11
slc-17.5,7,4,7,1,2,0
rbbp-5,8,7,8,0,2,1
tpp-2,48,84,88,43,40,30
ets-4,6,9,17,5,2,1
ttr-35,2,5,10,7,6,1
ilys-5,20,44,27,62,80,37
F22B7.1,2,0,1,3,0,1
polk-1,0,4,0,0,2,3
F22B7.9,11,17,19,13,13,8
flcn-1,18,15,22,19,18,24
malt-1,3,7,5,9,6,3
F22F1.3,7,12,7,5,10,6
sups-1,0,0,0,5,4,2
ldp-1,204,206,253,150,181,172
F22F7.7,2,2,7,5,7,4
F22H10.2,2,0,6,0,1,0
F22H10.3,21,22,35,21,33,8
F23C8.3,0,0,5,4,1,0
ubxn-1,8,9,27,10,14,8
F23C8.5,199,269,255,203,286,185
did-2,12,16,20,17,25,10
tipn-1,5,2,3,2,2,0
F23C8.13,4,11,2,2,6,6
nfyc-1,2,2,0,5,1,0
F23F1.4,12,8,14,10,19,4
F23F1.5,15,29,16,22,13,15
F23F1.6,5,3,0,2,1,0
F23F1.7,1,1,0,2,1,0
rpoa-49,10,10,5,4,12,14
F23F12.12,16,8,2,12,6,1
bra-2,6,12,6,6,4,5
F23H11.2,6,7,7,4,3,1
sucl-2,8,1,14,7,9,6
F23H11.4,24,58,53,51,29,29
F23H11.7,2,9,6,4,0,12
crls-1,6,9,17,9,8,8
gcst-1,85,82,96,88,82,42
peli-1,10,3,9,2,8,0
F25B4.4,1,5,0,0,2,0
F25B4.5,45,17,24,20,38,21
hmgs-1,19,4,15,20,17,11
F25B4.7,8,3,12,12,15,5
F25B4.8,4,1,15,2,3,7
clec-1,53,82,67,108,105,76
dct-6,39,28,26,13,17,30
F25B5.3,28,34,27,43,37,31
F25B5.5,33,52,23,25,17,18
F25B5.6,31,29,20,33,22,20
nono-1,13,7,8,12,7,15
gtr-1,2,0,1,0,0,0
F25E2.3,3,8,3,10,7,4
F25E5.1,25,19,27,19,13,13
F25E5.5,2,0,8,6,2,0
F25E5.8,20,16,14,15,16,16
F25F8.1,1,11,5,5,2,0
F25G6.1,10,5,6,2,1,3
symk-1,39,28,33,11,25,10
F25G6.8,4,2,8,0,1,4
F25G6.9,12,3,18,12,7,3
F26A1.1,4,12,1,4,3,1
F26A1.13,7,8,6,14,13,8
hrpk-1,14,13,19,17,8,14
cee-1,11,10,19,30,8,10
tag-340,10,6,7,5,7,4
F26F4.5,6,9,10,1,6,11
F26F4.6,9,18,9,18,9,10
F26F4.9,4,8,4,0,6,1
rpb-8,6,3,3,10,8,9
F26F4.12,0,3,3,6,0,3
kbp-2,5,3,0,5,3,2
F26F12.3,119,66,70,117,154,75
F26G1.1,15,15,23,12,14,9
F26G1.2,5,5,7,6,4,4
ttm-2,6,0,5,4,4,1
F26G1.5,1,1,0,3,2,1
nep-12,5,3,5,3,2,4
F27C1.2,9,7,4,9,11,2
F27C1.6,43,30,69,22,24,19
F27C1.11,5,6,7,5,4,1
F27D9.2,4,11,10,4,2,2
pcca-1,126,147,162,145,169,107
F27D9.7,1,4,2,4,2,8
stn-2,14,14,13,7,18,8
acdh-9,42,48,38,20,33,20
F28A12.3,0,4,4,2,3,0
asp-13,15,4,16,11,4,2
dip-2,111,153,132,75,61,96
F28B3.5,1,1,6,2,7,3
F28B3.6,5,4,15,10,4,7
acl-11,9,6,9,8,2,0
F28B3.10,13,22,7,3,6,5
rgl-1,10,29,36,16,24,13
F28B4.3,758,1067,1143,818,888,647
vrk-1,25,9,19,20,20,4
F28E10.1,51,54,46,44,39,26
igeg-1,19,6,7,10,12,8
lim-8,31,24,21,15,19,9
F28F5.6,9,45,27,15,21,19
F28F9.3,5,0,3,2,9,0
F28H1.1,5,6,8,2,6,3
F28H1.4,1,3,1,2,0,1
F29A7.4,2,7,1,5,1,0
F29A7.6,2,4,3,3,7,0
F29B9.1,4,1,4,4,2,2
jmjd-1.2,43,34,41,38,51,29
F29B9.8,22,36,29,25,36,28
mrps-21,4,0,1,5,1,2
F29B9.11,77,76,92,97,82,37
cox-6C,53,60,58,55,71,39
tut-1,4,7,10,3,9,4
grld-1,13,21,21,15,13,10
picc-1,6,6,5,3,16,2
F30B5.4,12,26,21,21,24,19
zipt-2.2,3,5,5,9,3,2
F30H5.3,0,0,0,40,38,25
F31D5.2,6,5,3,1,0,0
mth-2,3,12,6,7,10,11
mth-1,17,15,43,12,30,13
F31E3.2,10,0,5,2,10,9
panl-2,15,10,13,14,12,10
F31E8.4,4,1,1,2,0,2
nhr-180,1,7,4,3,3,1
fbxa-72,3,0,0,0,0,8
F31F7.1,23,32,23,35,36,16
ada-2,18,11,6,15,7,8
skpo-3,48,39,71,32,26,19
F32A5.3,64,49,62,29,54,21
F32A5.4,106,150,152,130,138,81
F32A5.8,7,5,7,13,5,3
ift-81,2,0,4,2,2,0
vps-41,6,22,11,11,3,9
F32B5.6,44,40,43,52,49,30
F32B5.7,29,17,32,11,34,10
figl-1,21,2,13,10,13,6
hpo-18,8,11,4,9,10,2
F32D1.3,4,8,12,6,7,6
F32D1.5,68,53,71,59,62,51
fipp-1,73,96,60,48,65,55
nol-10,30,21,24,14,10,22
cec-4,7,0,3,1,8,3
clec-180,3,0,0,19,6,4
F32E10.5,0,3,0,4,2,0
cec-5,45,16,40,48,57,47
F33D4.4,7,5,11,22,14,0
mrpl-1,22,38,51,44,36,42
F33D4.6,3,0,4,10,17,4
emc-6,1,1,1,7,2,2
hpo-3,20,28,18,19,10,7
F33D11.10,25,9,25,15,12,10
vpr-1,45,65,61,44,47,28
dhhc-3,4,4,2,1,3,0
F33E11.3,18,4,14,8,5,7
phf-10,11,12,17,2,6,0
F33G12.3,3,1,2,3,7,4
golg-2,55,19,44,21,35,23
F33G12.6,36,18,20,27,33,26
F35A5.1,113,51,116,41,103,42
F35A5.2,8,27,30,7,17,15
F35B3.7,12,20,22,12,18,20
sek-4,5,3,7,4,9,4
F35C8.5,25,52,48,50,41,37
chtl-1,6,10,6,18,6,2
F35D2.3,3,3,4,2,5,7
F35D11.3,8,9,7,0,4,6
F35D11.4,8,19,20,10,10,2
coa-3,3,4,12,6,3,3
che-10,36,33,27,28,36,19
F35F10.1,0,0,0,10,1,1
arrd-18,9,7,10,6,10,8
arrd-19,5,12,6,6,13,4
cdc-73,11,11,15,11,11,5
F35H10.2,8,2,0,0,1,0
F35H10.6,4,1,1,1,0,3
nprl-3,2,9,4,7,5,3
F35H10.10,59,65,40,62,83,48
F35H12.1,4,1,8,0,4,1
tbc-11,23,11,20,17,10,9
pifk-1,6,6,6,4,5,3
F35H12.5,0,2,8,4,6,2
ttr-20,2,0,5,0,2,2
trpp-4,10,1,3,4,4,0
F36D4.5,13,20,11,16,13,11
math-26,8,4,4,0,8,2
F36H9.4,0,1,0,0,0,1
F36H9.7,3,9,11,3,2,5
nlp-47,5,3,2,6,2,1
F37A4.1,22,38,23,22,31,24
F37A4.2,10,1,1,5,1,1
bath-41,5,14,6,6,10,1
folt-2,55,70,85,39,42,24
F37C4.4,11,8,5,8,15,7
F37C4.5,117,116,107,81,103,71
F37C4.6,20,36,33,16,30,23
F37C12.1,7,3,7,12,6,8
epg-4,3,1,3,2,5,3
F37C12.3,27,32,22,19,26,17
acs-4,58,63,118,30,67,31
exos-9,27,38,42,31,36,16
ncbp-1,21,27,32,18,33,20
F37F2.2,7,1,12,9,1,3
odr-8,10,13,18,16,10,5
F38A5.2,15,25,25,17,24,12
sup-36,10,7,12,1,9,17
F38B6.4,9,6,6,10,8,7
mpdu-1,8,4,13,10,11,6
F38E9.1,2,7,10,0,4,4
twf-2,25,20,21,17,12,9
F39C12.1,120,137,137,133,118,79
ugt-61,5,22,15,13,9,11
F39G3.3,17,12,19,19,18,24
F39G3.5,3,7,13,8,12,2
F39H12.1,3,1,0,2,3,0
F39H12.3,11,19,22,18,12,15
igcm-1,4,3,3,6,16,4
F40A3.1,2,1,0,2,3,0
F40A3.2,6,1,5,8,6,1
F40A3.3,35,34,35,20,29,39
F40A3.6,17,18,20,26,14,10
F40A3.7,1,2,5,1,4,7
F40B5.2,4,16,11,6,3,12
mage-1,4,5,6,4,1,2
irg-7,1029,1741,1700,977,1177,1069
F40F4.7,2,4,5,4,7,9
sec-20,10,3,2,2,1,3
cox-17,0,1,0,2,1,0
F40G9.5,1,2,0,6,5,1
F40H3.1,9,4,5,9,9,2
F40H3.2,0,0,1,3,0,1
F41B4.1,20,29,37,15,16,10
F41B4.2,0,3,1,3,0,1
F41B4.3,4,2,3,2,1,5
cyp-33C7,0,2,8,5,2,0
nhr-182,10,7,8,6,5,1
F41C3.2,28,29,47,15,27,18
acs-11,23,14,22,27,33,20
eas-1,3,0,1,0,2,1
F41C3.5,355,303,408,300,298,236
F41C3.8,12,6,6,4,2,2
F41C6.7,0,4,1,0,3,4
tbc-18,10,6,7,9,1,7
F41D9.2,2,2,5,0,7,0
smk-1,91,116,107,116,128,80
F41E6.5,0,0,3,3,7,4
F41E6.7,0,3,0,0,1,0
vps-60,7,8,8,12,13,12
F41E6.12,3,0,8,0,3,0
atg-18,27,11,7,36,20,23
F41F3.3,6,0,0,163,128,46
nlp-50,7,8,8,3,9,6
F41G3.6,9,1,8,9,6,4
F41G3.10,24,16,10,18,15,16
agr-1,13,10,5,7,14,7
exos-8,2,0,4,2,5,2
F41G4.8,1,2,9,2,1,1
F41H10.3,40,68,57,39,52,53
F41H10.4,7,9,17,4,5,5
hda-6,12,11,9,12,8,5
sand-1,0,12,5,11,11,6
F42A6.6,1,5,2,0,1,0
elks-1,15,13,33,12,18,17
cyp-33E2,6,10,3,8,8,10
abcf-3,81,46,72,52,42,52
anmt-2,9,10,14,16,10,8
F42A10.5,33,57,38,42,49,33
F42A10.6,6,3,12,4,9,11
F42A10.7,4,3,2,11,3,3
npr-27,0,6,7,2,3,0
F42C5.4,1,6,13,3,3,12
F42C5.9,23,13,20,21,20,10
ifo-1,77,76,82,71,71,55
F42G2.2,8,2,3,4,2,0
islo-1,8,5,3,8,15,9
moc-3,13,8,14,9,8,1
F42G8.10,44,71,60,65,61,27
ppm-1.G,27,32,42,44,28,31
dagl-2,19,13,21,6,19,16
F42H10.2,2,0,0,0,2,0
F42H10.3,10,5,7,6,6,3
mig-39,10,10,11,6,11,10
F42H10.6,3,2,1,1,3,2
ess-2,8,12,5,0,11,7
F43B10.1,28,52,53,29,45,29
tag-343,23,39,61,19,29,26
F43C9.1,2,7,0,6,11,1
F43C9.2,15,6,9,11,12,9
F43C11.9,6,2,3,5,4,3
F43E2.1,6,7,7,8,7,3
rpb-4,8,2,4,5,9,0
insc-1,6,12,14,8,16,18
msra-1,6,8,4,17,17,5
mtch-1,40,76,53,60,40,36
sptl-2,41,38,48,40,35,22
F43H9.4,10,5,3,2,7,8
kvs-3,3,7,2,0,9,3
F44A2.3,3,7,13,7,7,4
F44A2.5,15,17,25,26,18,13
F44B9.2,17,21,20,13,30,3
F44B9.5,8,19,9,13,32,10
F44B9.8,9,8,5,9,4,10
F44E2.3,7,3,13,9,6,3
F44E2.4,5,4,4,22,15,13
F44E2.6,1,5,5,4,2,0
F44E2.7,13,7,17,13,11,14
F44E2.8,20,41,32,28,30,34
F44E2.9,4,7,3,3,6,5
F44E7.4,148,226,231,95,136,106
F44E7.7,0,3,1,0,5,2
F44E7.9,9,6,8,3,4,5
F45E1.4,16,13,13,11,12,8
F45E1.5,1,3,0,0,0,1
sdpn-1,12,6,17,9,17,8
cla-1,196,171,254,157,206,128
cima-1,2,6,2,3,2,4
cnep-1,8,18,12,18,15,8
mrpl-14,24,15,18,13,34,11
F45F2.9,4,3,8,2,3,3
F45F2.10,47,44,51,30,38,27
F46C8.3,6,9,11,4,5,0
F46C8.8,0,0,0,0,0,2
acs-1,48,94,79,26,59,39
mdh-1,296,468,454,318,453,280
hpo-26,0,2,2,3,5,4
F46F11.1,46,44,48,43,42,17
xrep-4,10,14,18,17,7,6
trpp-8,30,28,37,21,30,17
F46F11.10,4,12,8,3,5,0
twnk-1,5,15,8,2,13,10
gakh-1,10,14,29,14,9,12
F46H5.2,10,31,21,16,16,7
F46H5.3,603,823,731,527,612,504
F46H5.4,30,35,53,26,23,17
F46H5.7,39,47,47,42,45,38
lact-1,6,4,9,4,8,4
F47B7.1,132,208,174,143,178,146
F47B7.2,28,44,32,36,31,32
marg-1,48,54,48,30,22,16
F47D12.9,30,47,31,66,55,37
F47E1.2,11,9,3,8,11,15
F47F2.1,6,2,15,12,5,11
lin-42,8,10,6,45,44,53
F47G3.1,5,2,5,0,11,1
F47G3.3,3,2,3,7,3,3
acs-16,19,44,17,11,13,9
F48A9.2,13,4,11,2,9,5
F48A11.4,2,5,4,3,5,6
ubxn-3,51,72,58,33,46,45
nlp-37,10,2,4,2,0,0
F48B9.8,1,5,4,0,2,1
aman-3,6,12,12,8,8,4
F48C1.6,7,9,11,4,9,4
F48D6.4,2,2,9,5,15,9
uggt-1,99,111,116,98,129,97
F48E3.8,4,7,2,2,1,5
F48E8.2,13,7,15,9,7,3
F48E8.3,9,6,19,19,10,2
F48E8.4,18,21,8,21,11,16
disl-2,24,34,26,26,15,3
F48G7.4,4,3,0,3,1,0
nhr-190,5,9,24,4,1,9
prp-17,17,33,17,17,10,15
tag-296,2,2,6,2,2,0
nprl-2,4,16,11,10,9,7
F49E8.6,2,9,5,8,3,5
F49E8.7,15,19,36,6,18,8
tbc-16,9,10,26,10,8,8
F49E10.2,1,0,2,4,1,4
mul-1,0,0,2,5,1,1
txdc-12.2,7,9,10,25,27,19
acl-4,31,34,39,59,47,38
sorf-2,13,21,20,15,16,17
F52C9.3,30,22,34,26,24,20
F52C12.1,5,15,9,5,4,8
F52C12.2,9,11,17,8,11,3
denn-4,40,29,21,29,30,18
aagr-4,0,6,0,13,17,9
F52E1.2,1,0,5,4,3,3
pho-6,7,1,4,1,9,10
F52E1.9,3,1,1,5,3,1
lmd-3,43,25,51,46,36,20
pccb-1,161,222,203,206,181,131
F52E4.5,2,2,1,3,3,5
sec-3,4,11,11,10,4,9
oac-32,1,4,4,3,2,2
F52G3.1,59,130,89,80,79,70
F52H2.1,3,3,2,0,2,2
F52H2.3,8,0,0,3,4,0
F52H2.6,31,17,35,35,27,18
F52H2.7,3,7,6,7,7,3
F53A3.7,0,0,0,3,0,3
F53A9.6,7,15,13,18,10,4
F53A9.7,3,3,1,3,2,0
F53A9.8,18,15,20,8,31,14
F53A9.9,5,2,9,8,5,4
F53A10.2,29,26,23,28,28,13
F53B1.2,3,1,6,4,2,3
F53B1.4,0,0,0,19,5,9
F53B1.8,13,25,22,15,20,16
tra-4,14,24,18,16,10,18
F53B3.5,0,14,5,6,10,6
F53B3.6,36,56,44,59,78,55
F53C3.4,0,0,0,1,2,0
F53C3.6,2,4,3,5,4,0
bcmo-2,29,21,27,8,30,12
plpp-1.1,161,241,235,155,158,179
tag-304,12,33,21,15,29,27
F53E10.1,8,12,10,17,12,4
irg-3,0,5,7,3,4,6
F53E10.6,9,13,24,5,8,11
F53F10.1,2,2,2,11,8,0
F53F10.2,68,73,72,84,72,44
mpc-2,25,43,35,41,46,32
mnat-1,39,22,52,46,18,26
F53H1.1,55,25,37,41,31,22
F53H1.3,6,6,8,1,4,2
F53H1.4,54,60,69,46,65,33
F53H8.3,14,6,13,12,19,2
F54A3.2,10,14,15,9,10,8
cct-3,142,87,114,133,112,121
F54A3.5,41,47,35,40,41,24
F54A3.6,6,8,10,10,9,5
cutl-20,5,15,10,8,2,6
shc-1,3,0,1,4,4,5
F54C1.1,0,4,2,0,5,3
mrpl-40,10,8,9,8,19,13
attf-3,14,50,33,20,26,24
ept-1,22,24,24,11,12,9
F54D8.6,32,37,28,37,27,19
lido-15,6,6,3,5,7,8
pmt-2,179,232,262,217,229,201
sumv-2,119,150,118,70,78,42
F54D11.4,12,20,15,6,8,7
rog-1,9,25,22,12,9,15
F54E2.1,48,41,60,34,60,27
pst-2,0,2,2,4,6,7
ska-3,0,0,0,0,0,0
F54E7.9,7,0,4,2,2,1
F54F2.7,3,2,2,0,0,0
F54F2.9,1,0,1,1,5,3
F54G2.1,49,40,53,36,39,19
eef-1B.1,233,179,233,209,224,160
6-Mar,40,32,48,42,40,26
F55A3.2,3,7,12,3,0,7
spt-16,82,58,77,87,99,50
sec-22,9,7,8,12,8,3
nlf-1,13,18,14,7,10,16
stau-1,8,16,14,4,11,4
vpat-1,2,5,7,3,7,12
F55A12.2,7,19,20,2,8,9
F55A12.5,10,6,22,3,11,15
nath-10,86,69,113,62,57,35
rfip-1,32,25,44,27,35,43
F55C12.4,2,1,5,0,1,0
F55C12.5,47,26,35,33,39,23
tag-234,0,2,1,0,0,0
aman-1,0,2,1,0,5,4
glit-1,9,14,16,6,5,5
F55D10.4,3,2,4,4,5,0
drd-5,6,6,4,9,2,3
npr-28,6,2,5,5,3,3
F55F8.2,77,77,68,27,45,31
F55F8.3,54,56,58,26,77,40
cir-1,28,12,51,28,15,13
wdr-12,42,30,49,15,35,12
mff-2,8,1,12,0,2,8
zipt-2.4,3,1,5,5,6,2
F55F10.1,1058,835,885,446,494,419
rod-1,41,48,63,40,37,51
F55G1.9,3,2,3,1,3,7
F55G1.15,2,5,5,1,5,1
fncm-1,7,2,5,5,4,3
slx-1,3,3,5,4,3,4
F56A11.5,5,22,33,11,16,11
ugt-52,1,4,0,7,0,0
mrpl-2,44,39,43,11,33,13
F56B3.11,18,10,18,17,20,8
skr-18,2,3,23,7,4,7
F56B6.6,3,9,8,7,3,6
fbxa-190,1,1,1,0,0,0
F56C9.7,77,78,92,76,80,27
F56C9.8,4,4,1,5,4,2
F56C9.10,82,62,52,62,70,36
F56C11.5,4,2,0,0,1,2
F56C11.6,3,20,5,6,17,8
F56D1.1,6,1,9,3,5,4
ilcr-2,27,20,32,27,21,15
mrps-16,7,3,6,2,4,3
ucr-1,212,199,231,196,229,148
F56D2.3,0,0,0,1,1,1
ddx-15,56,70,89,37,66,26
F56D3.1,19,18,10,30,14,11
clec-67,184,371,327,112,240,190
fcho-1,29,21,35,39,29,21
F56E10.1,20,31,24,25,22,9
daam-1,10,9,5,4,14,2
F56F10.1,57,50,64,59,56,27
cdo-1,10,7,2,3,7,4
lgl-1,20,23,16,13,7,6
F56F11.2,1,2,6,4,6,0
klf-1,3,7,7,7,9,3
ccpp-1,11,8,17,12,16,16
F57B9.1,4,4,12,8,9,5
flap-1,4,5,4,10,8,4
ipgm-1,186,217,211,143,169,164
F57B10.5,18,24,27,21,20,21
xpg-1,19,4,8,7,7,18
F57B10.8,10,6,7,9,2,5
spg-20,8,10,8,2,5,3
ucr-11,8,3,5,8,6,1
pdxk-1,22,18,13,15,12,14
clec-90,7,7,4,0,5,3
F57C9.4,17,4,10,16,7,6
F57C12.2,3,0,1,2,5,1
F57F4.4,300,414,447,264,346,253
abts-3,31,14,26,22,24,32
F57H12.6,3,6,0,1,0,0
F58A6.1,1,3,5,3,9,0
F58F9.3,5,6,7,10,10,2
F58F9.4,0,0,6,1,2,0
acox-3,13,5,20,17,19,7
F58F12.1,56,64,78,56,72,52
myo-5,255,336,311,171,201,185
faah-3,17,18,23,10,16,9
lgc-30,8,5,16,2,8,5
cpd-1,11,17,27,21,18,13
F59A3.2,7,9,12,6,1,3
mrpl-24,22,8,17,10,17,7
zipt-11,1,2,6,11,8,2
rpa-4,3,12,8,6,1,5
F59A6.5,17,11,20,16,16,6
F59A7.2,0,3,9,3,0,0
F59A7.5,0,5,0,1,5,3
F59B1.2,45,18,18,28,31,22
F59B1.8,3,9,7,11,4,4
F59C12.3,18,15,19,19,26,18
asp-8,22,41,26,20,20,8
chpf-2,2,0,1,1,1,2
F59E11.2,0,2,2,3,0,0
F59E11.5,0,2,3,4,1,3
F59E11.7,1,0,2,1,0,0
nhr-143,11,8,16,11,30,6
F59E12.1,15,4,14,14,15,9
F59E12.9,67,53,90,59,72,44
sam-4,8,5,10,1,2,0
cgt-3,19,21,20,24,23,17
F59G1.4,2,4,7,6,8,3
gbas-1,0,3,1,3,1,2
H01M10.1,2,1,13,6,11,5
H02F09.3,2,8,1,3,3,8
H03E18.1,0,0,0,1,3,7
glf-1,0,0,0,13,6,6
H04M03.12,6,3,4,3,5,4
H05C05.1,47,24,105,65,61,43
H05C05.2,18,8,7,11,6,11
nlp-49,20,12,23,12,28,10
eif-1.A,163,122,156,135,163,93
ubxn-6,5,6,3,5,2,1
H06H21.8,12,8,14,5,11,2
tat-2,16,17,11,11,8,18
H06I04.1,5,19,8,8,13,9
H06I04.3,188,174,183,122,116,79
H06I04.6,16,12,21,11,8,11
H10D18.5,3,7,6,0,4,3
H10E21.1,1,6,9,3,2,3
H10E21.4,0,1,0,2,4,0
H10E21.5,21,21,23,11,15,14
H11E01.3,56,46,61,40,66,40
H14A12.3,13,19,8,10,11,10
strm-1,5,6,1,2,3,1
H14E04.2,8,2,16,11,12,6
H14E04.3,0,0,0,0,0,0
ttr-47,5,10,4,8,6,0
H14N18.4,33,31,31,12,17,7
kcc-2,111,112,127,93,113,110
fgt-1,93,113,114,81,80,67
emc-1,52,81,93,50,86,42
H18N23.2,2,6,9,7,6,9
zmp-2,3,0,5,4,9,7
H20E11.1,3,6,2,2,0,0
athp-2,30,31,31,26,19,19
madf-3,6,3,2,1,11,2
H20J04.4,3,14,5,7,3,3
pfd-2,12,15,17,3,13,7
H20J04.6,6,5,6,5,5,2
gnrr-5,0,3,9,4,5,2
bgal-2,5,11,6,5,5,2
sgca-1,5,2,8,8,6,5
ugt-13,8,4,15,17,14,4
ugt-8,2,4,6,5,14,16
H24G06.1,72,95,71,85,111,70
H24K24.3,30,32,36,26,30,20
trm-2A,42,50,43,31,46,22
H25P19.1,8,15,10,14,2,1
sacy-1,8,13,6,3,8,5
rpb-5,30,28,33,18,24,10
H28G03.1,60,35,77,60,42,26
H28G03.2,20,40,29,25,22,15
H34C03.2,50,51,43,45,60,33
H34I24.2,53,71,50,30,59,53
H35B03.1,10,5,8,9,9,7
H35B03.2,5,3,8,2,3,5
H41C03.1,0,2,0,1,4,3
H41C03.3,0,0,2,3,7,1
H42K12.3,0,0,0,5,14,12
H43E16.1,26,44,68,16,13,24
H43I07.1,12,15,16,17,15,9
rpac-40,13,9,20,9,18,2
algn-5,21,4,12,7,13,7
sgcb-1,2,2,0,2,1,0
K01A2.4,1,2,8,6,6,5
K01A2.5,4,9,12,7,11,4
mps-2,7,4,4,1,1,4
K01A2.10,6,5,6,10,5,2
cbn-1,9,7,1,4,4,4
kcc-3,4,3,15,4,18,9
K02A6.3,12,8,8,15,16,6
pfkb-1.2,25,17,14,16,13,5
mcu-1,7,6,10,16,7,4
K02D7.1,66,77,92,53,77,40
swt-1,13,7,4,1,0,3
K02D10.1,34,46,59,27,28,36
K02D10.4,0,1,5,7,2,0
snap-29,40,50,39,30,39,20
K02E10.4,2,0,0,11,5,0
K02E10.7,6,3,3,7,2,1
ahcy-1,759,704,798,712,794,544
teg-4,79,71,78,60,69,60
K02F2.5,8,20,26,18,23,4
K02F3.2,60,47,44,48,49,30
zip-2,203,268,292,224,215,175
clec-149,1,15,4,10,12,0
ceeh-1,8,1,3,4,8,1
K02F3.9,8,0,2,3,2,0
moma-1,65,98,90,93,81,48
K02F3.12,25,11,30,19,19,6
dhhc-10,7,8,3,11,3,2
tmem-135,4,13,11,7,8,2
K02G10.5,0,3,2,4,1,2
mbl-1,15,11,12,7,9,7
lron-7,18,19,14,20,15,8
K03A1.4,1,0,3,0,0,1
K03B4.1,11,37,10,5,13,5
K03B4.2,14,15,11,13,16,5
K03B4.4,1,1,5,2,1,0
cpg-8,10,43,22,18,41,27
clik-3,7,19,6,18,23,12
rei-2,18,10,15,16,28,10
K03H6.2,12,16,8,5,17,7
K03H6.5,6,5,3,1,0,5
K04A8.1,2,10,11,10,6,4
K04C2.2,89,103,63,42,44,50
K04C2.3,26,27,24,30,44,13
K04F1.9,3,0,0,0,0,0
K04F10.7,32,4,23,14,26,5
K04G7.1,7,2,4,8,6,7
nuo-4,118,80,130,90,83,52
syf-2,14,19,17,9,11,6
K05B2.2,6,1,5,3,1,1
lect-2,8,6,5,10,4,4
K05F1.6,15,17,15,18,12,10
K05F1.10,10,14,12,6,12,11
atg-16.2,4,5,8,4,4,10
dgk-5,16,13,12,12,12,9
K06A5.1,4,4,6,2,6,0
knl-2,23,17,17,25,29,14
acdh-3,35,33,43,33,38,39
nmtn-1,4,4,8,3,0,0
K06A9.1,78,140,99,74,95,92
K06A9.2,7,8,8,14,5,3
K06H7.2,5,3,8,3,2,1
vms-1,17,6,26,9,8,8
idi-1,2,6,3,4,1,3
K07B1.4,1,6,7,3,0,2
acl-14,16,6,24,16,18,9
tos-1,27,31,20,11,30,23
K07B1.7,8,3,4,8,9,7
cyp-35A5,1,0,1,4,0,1
timp-1,1,2,0,6,0,0
K07C11.4,6,15,14,15,11,15
cri-2,5,1,2,0,2,0
K07C11.7,15,36,25,12,19,19
K07C11.8,6,1,1,1,3,1
cogc-6,11,17,16,10,21,5
ephx-1,12,15,12,9,13,24
K07D4.9,5,10,3,3,8,6
K07E1.1,4,4,8,5,4,5
K07E3.1,29,17,31,51,35,22
K07E3.2,3,3,4,4,0,1
K07E3.4,48,49,82,45,75,42
catp-5,30,9,33,22,22,27
sdz-24,33,30,44,37,52,26
K07E8.6,0,0,1,4,5,1
K07E8.7,4,7,6,7,3,1
tbce-1,1,3,7,8,3,0
K07H8.2,21,35,35,17,19,13
K07H8.10,1249,1404,1400,767,814,651
lido-8,12,14,8,16,20,7
lido-7,12,6,3,2,2,1
ugt-19,7,9,4,6,10,3
ugt-20,6,2,1,2,0,2
K08B5.2,2,3,9,8,5,5
K08B12.1,0,0,0,5,2,0
dmd-7,50,33,62,31,31,21
K08B12.3,2,5,10,5,20,7
K08D9.4,1,0,2,3,8,1
rpi-2,0,0,5,0,0,0
K08D12.3,67,70,88,69,73,64
K08D12.6,113,139,219,224,280,247
cif-1,151,243,199,149,172,125
miro-1,13,31,18,11,10,8
K09C4.1,1,0,0,0,1,0
K09C4.10,7,7,9,7,9,9
K09C6.9,4,0,0,3,2,2
cyp-35A3,9,3,2,2,7,2
K09E2.3,11,5,8,11,10,12
K09H9.5,20,12,12,5,9,15
acds-10,15,15,21,27,20,16
ctsa-1,22,28,41,10,27,12
K10B2.4,2,16,2,3,4,2
ani-2,3,0,7,5,1,7
K10B3.1,3,1,0,8,2,1
K10B3.5,4,3,4,3,7,2
gpcp-1,17,16,17,23,34,18
K10B4.3,22,11,5,11,6,18
K10C2.1,987,1297,1362,833,889,778
asp-14,87,69,121,85,72,54
fah-1,49,56,92,55,54,34
rnst-2,5,6,20,12,7,6
hira-1,20,10,8,8,13,11
pup-2,7,13,10,13,18,11
cid-1,43,14,33,18,26,15
gsto-3,2,1,2,1,3,0
K11C4.2,3,4,9,2,1,1
cpt-4,11,13,10,14,20,1
swt-7,46,111,126,34,44,52
K11D12.7,2,1,0,0,2,0
K11D12.9,6,7,5,14,4,3
K11G9.1,1,1,2,3,1,4
slc-25A10,20,14,26,15,21,12
K11G12.6,16,12,8,20,8,11
K11H12.1,0,5,4,3,2,3
K11H12.4,7,4,15,5,13,0
K11H12.7,18,18,34,9,11,12
K11H12.8,32,54,22,22,22,27
K11H12.9,5,10,3,3,5,0
sago-1,7,7,6,2,8,5
K12C11.1,68,96,83,70,62,58
K12H4.2,3,7,2,3,0,3
K12H4.3,25,13,20,21,16,15
spcs-3,44,79,64,33,51,27
K12H4.5,20,44,41,33,30,18
K12H4.7,259,213,267,231,248,184
K12H6.6,16,25,21,13,13,4
ostd-1,53,60,42,38,49,45
M01B12.4,21,29,31,24,31,17
riok-1,53,54,67,34,52,39
M01E11.1,0,2,0,0,0,2
M01E11.2,5,11,12,10,8,4
pqn-52,10,8,19,17,19,13
M01G5.1,23,41,30,3,13,9
M01G5.3,26,5,24,20,31,13
trx-3,3,4,1,2,7,1
M01H9.2,1,5,3,14,5,6
M01H9.3,27,47,52,66,73,33
M01H9.4,4,2,5,3,6,6
algn-14,2,5,2,1,4,2
bris-1,12,18,24,12,27,14
zig-12,39,22,33,41,39,19
M02D8.3,16,9,19,7,12,4
asns-2,52,62,85,101,93,64
M02E1.1,20,10,25,20,22,10
nlp-64,1,0,6,0,1,0
clec-265,36,49,55,30,50,19
nhr-201,2,1,5,1,4,5
nhr-202,11,0,2,0,0,2
nhr-203,7,5,5,8,3,1
M02H5.8,0,0,0,3,0,2
ipla-1,36,43,37,31,25,26
atg-2,105,99,75,175,139,118
M03A8.3,1,1,6,0,2,0
M03D4.3,2,5,10,12,14,3
M03D4.4,9,4,4,0,5,1
memb-2,4,0,2,5,1,2
calu-1,58,66,89,63,102,57
M03F8.3,34,46,58,19,32,19
M4.1,17,21,29,13,18,16
rpa-2,33,31,17,29,33,20
M04F3.4,4,2,5,12,8,5
M04F3.5,7,4,19,21,14,13
M04G7.1,14,23,25,22,21,18
M04G7.3,7,6,4,2,1,8
M57.2,11,8,19,13,23,7
endu-2,118,151,192,132,134,96
M60.4,55,70,70,72,58,32
M60.6,5,9,12,4,4,7
M70.4,14,24,7,10,11,9
M70.5,7,8,10,1,8,8
mtss-1,14,28,23,13,12,11
aak-1,19,35,27,19,18,14
PDB1.1,15,17,14,14,14,9
R01B10.3,1,2,7,5,7,1
jamp-1,4,12,6,2,9,3
R01B10.6,3,15,10,7,15,6
ger-1,4,6,11,12,12,9
nhr-204,2,1,5,4,4,1
R02C2.7,1,0,0,2,0,2
aass-1,164,190,167,162,196,159
cogc-8,12,20,23,11,10,7
gtf-2H1,19,20,17,3,10,6
R02D3.4,10,24,11,14,8,7
fnta-1,19,24,16,15,15,28
R02D3.7,9,2,2,3,14,0
R02D3.8,0,0,2,0,0,0
mop-25.1,14,29,39,15,23,7
hrg-1,24,38,27,25,27,21
R02F2.1,253,298,256,190,236,141
osg-1,3,7,4,2,5,9
R02F2.7,19,11,12,15,7,21
R02F2.8,6,3,5,3,7,6
R02F2.9,11,9,14,9,12,7
R02F11.1,0,0,0,4,5,1
R02F11.2,5,4,3,8,3,1
R02F11.3,8,18,14,9,12,9
R02F11.4,5,11,16,7,28,13
R03E9.2,1,0,2,8,2,1
abts-4,12,17,34,13,26,16
gpx-7,4,0,2,1,3,0
R03H10.2,18,20,13,13,8,23
R03H10.6,4,3,5,1,4,3
R03H10.7,0,0,3,1,1,0
nrde-3,9,14,23,18,26,8
R04A9.3,7,5,11,8,1,1
ceh-93,3,5,4,2,6,4
R04B3.2,0,4,2,4,0,1
cnnm-2,3,3,5,3,0,0
R04E5.8,35,48,45,40,51,22
arrd-26,0,16,5,9,7,5
mca-2,100,71,96,91,105,76
R05D3.2,37,34,31,43,25,45
R05D3.8,3,0,5,8,2,5
R05D3.9,12,10,17,20,18,9
met-2,27,23,48,26,19,23
R05D3.12,18,3,12,12,17,4
btbd-10,36,15,29,33,11,15
R05F9.6,125,136,165,104,107,58
R05F9.9,6,4,6,7,7,4
sgt-1,166,284,238,241,225,161
aagr-2,100,122,133,56,99,55
R05G6.4,8,8,2,1,9,2
vdac-1,397,643,530,449,512,435
R05G6.10,26,28,30,23,20,22
twk-49,19,28,23,8,12,13
R05H11.1,6,0,3,0,8,2
R05H11.2,4,7,9,1,1,8
R06A10.4,8,1,7,3,4,1
clec-150,21,17,37,19,28,6
tbc-10,3,5,11,10,11,2
fbxc-36,6,1,6,7,4,1
R07E4.1,5,7,12,8,10,3
R07E4.3,2,7,12,9,2,0
R07E4.5,4,6,4,7,4,8
npp-21,175,101,153,90,86,56
pgam-5,26,24,17,18,29,4
R07G3.7,4,1,0,1,0,1
R07G3.8,2,1,2,4,4,2
chat-1,24,27,21,23,25,13
htz-1,10,4,27,12,17,19
wapl-1,23,23,36,14,17,23
R08C7.12,10,14,11,4,7,12
R08E3.1,93,72,99,92,107,65
R08E3.3,11,14,25,23,12,7
ztf-16,31,14,7,25,16,10
cysl-3,5,10,20,6,6,9
R08E5.3,5,1,3,1,3,0
R08F11.1,19,12,11,11,16,14
cyp-33C8,9,6,12,8,18,4
R08F11.4,4,2,0,3,2,4
R08F11.7,0,0,1,6,9,0
ergo-1,12,29,21,18,26,16
R09A1.3,4,1,1,2,2,0
hacd-1,3,1,5,2,2,1
R09B5.11,6,3,2,1,1,1
sti-1,87,119,109,146,156,105
R09F10.1,18,6,1,3,9,0
R09F10.3,3,2,7,4,0,2
R09F10.5,2,4,3,3,5,2
cdh-1,38,45,43,44,45,31
R11F4.1,77,120,84,70,99,66
R11F4.3,0,3,0,8,6,13
R11G1.6,33,27,61,33,29,23
gldc-1,119,154,173,110,118,90
frpr-16,0,3,2,1,3,0
R12C12.5,19,19,19,15,13,4
R12C12.6,8,12,3,1,4,0
R12C12.7,4,6,13,9,6,4
R12C12.9,9,2,4,8,9,6
kel-20,9,6,7,7,13,5
suco-1,65,70,47,103,101,52
R12E2.11,72,76,74,68,86,52
mrps-6,8,4,12,10,11,2
R12E2.13,8,12,14,5,8,5
R13A1.5,3,7,4,0,3,2
ttr-32,3,16,6,11,14,22
ttr-8,0,0,1,5,8,2
mfsd-6,38,36,53,37,32,29
R13A5.10,2,2,1,3,3,6
R13D7.2,17,1,17,12,23,9
R13D11.4,5,9,4,6,7,0
cra-1,56,40,51,32,41,41
R13H7.2,6,5,2,1,5,6
gcp-2.1,59,41,67,71,60,23
R119.2,17,19,14,2,15,5
R119.3,21,6,13,7,14,5
pcf-11,57,79,53,50,30,38
R144.3,6,3,4,4,1,4
wip-1,18,27,25,10,15,15
smcr-8,5,4,13,5,6,0
R144.6,1,1,3,0,0,1
larp-1,333,342,397,278,289,238
R144.11,2,1,4,10,0,2
lmtr-5,0,6,5,1,0,3
R148.3,52,55,89,91,81,44
R148.5,14,5,7,10,15,13
R151.1,5,9,8,6,7,3
R151.2,61,59,79,46,55,44
R151.6,9,17,16,13,5,3
hsp-75,50,38,32,41,29,19
R151.8,10,3,7,4,3,4
pfd-5,9,14,10,21,13,3
R151.10,10,16,14,14,10,9
pde-4,73,66,93,65,60,68
mboa-6,34,46,39,20,49,35
R173.3,6,3,8,5,6,2
flp-26,17,42,44,13,28,19
R193.2,243,428,443,251,292,215
gcy-28,141,128,129,74,106,71
T01B6.1,2,0,2,1,4,0
aakg-4,5,2,5,8,4,1
eppl-1,52,52,51,26,34,18
lmd-5,15,16,14,32,23,19
aak-2,40,59,52,56,45,33
T01C8.2,1,0,1,4,1,3
got-1.2,87,131,130,85,101,42
T01D1.3,0,0,3,1,3,5
T01D1.4,2,0,0,0,2,0
nhr-212,2,10,1,0,3,1
T02B11.3,78,107,112,92,104,48
T02B11.4,19,28,24,8,4,3
T02C5.1,57,50,64,61,86,42
igcm-3,7,5,16,4,5,6
T02G5.7,50,60,51,24,42,26
mmaa-1,14,21,11,13,27,20
T02H6.1,91,75,104,29,47,31
thoc-1,2,6,3,2,12,3
T02H6.11,104,62,116,77,93,57
T03D3.5,1,9,2,5,4,4
uba-5,13,13,11,20,11,5
pgk-1,60,51,60,57,68,37
tfbm-1,12,17,19,9,4,0
guk-1,21,45,33,23,31,13
clec-53,2,2,7,3,6,2
T03F1.11,8,3,9,14,5,9
T03G6.1,0,0,0,3,5,0
T03G6.3,37,41,37,32,27,23
mans-3,18,21,10,10,17,7
T03G11.6,3,5,1,4,1,4
T04A6.1,1,4,1,10,3,3
T04B8.5,35,75,57,37,31,57
T04C4.1,38,35,59,64,54,64
T04C9.1,54,26,81,59,56,39
attf-5,18,21,16,19,9,12
T04G9.4,13,6,15,8,4,18
trap-2,34,34,58,57,39,34
T05A7.1,4,0,1,1,3,0
fut-6,1,0,3,3,7,1
T05A8.3,12,9,18,9,25,11
nep-2,39,66,75,66,53,28
T05A12.3,24,2,7,10,11,6
T05A12.4,20,7,7,5,6,5
phat-4,6,1,0,8,7,2
phat-5,7,13,16,3,7,8
T05B11.1,2,5,4,2,1,5
clic-1,30,19,18,16,20,30
T05C1.1,2,0,6,2,0,0
camt-1,53,41,64,28,37,41
T05C3.6,7,8,3,8,12,5
T05E7.1,5,5,6,13,0,1
T05E7.3,13,18,7,14,6,14
T05E7.4,2,2,1,2,1,0
let-355,15,10,16,15,22,9
acl-8,31,19,23,8,15,23
hpo-19,73,103,106,60,86,51
erfa-1,40,36,62,46,37,29
T05H4.10,22,17,24,12,22,11
atp-4,68,105,63,48,60,49
T05H4.15,4,1,6,2,3,0
glb-25,3,0,1,3,3,0
T06A1.5,6,5,9,11,12,0
mel-46,56,47,68,22,28,22
gtsf-1,1,2,7,3,7,1
lsy-13,1,4,11,8,9,3
T06F4.1,16,15,4,5,11,6
rrp-8,25,11,19,9,8,8
nog-1,456,335,444,249,223,130
T07A9.10,7,21,16,9,7,4
tag-261,6,23,1,3,8,10
T07D1.2,6,5,5,7,12,6
T07D3.4,3,13,7,7,0,5
T07D3.9,9,19,12,3,15,8
T07E3.3,5,2,9,8,5,3
T07E3.4,18,22,13,14,26,15
brc-2,3,1,3,4,2,1
pdf-1,63,89,81,51,77,62
T07F8.4,6,2,2,0,3,3
T07F12.1,1,4,5,2,3,5
T07F12.2,0,5,6,3,3,4
T07F12.4,16,20,13,8,22,26
bath-46,1,2,5,4,0,1
bath-26,3,1,0,1,3,3
T07H6.1,3,5,0,3,3,0
epg-7,35,10,45,44,42,26
ttr-30,1,4,2,4,3,2
ttr-59,0,1,0,3,1,1
T08B1.1,45,57,88,43,79,40
T08B1.4,0,0,0,6,2,0
rbm-5,20,27,19,28,30,23
ech-1.2,115,114,100,128,157,85
mrpl-23,10,7,8,6,4,1
math-39,1,0,0,0,1,0
math-41,42,15,18,29,25,21
acdh-10,101,158,83,121,130,87
ast-1,10,8,8,0,6,3
T08H10.1,78,120,131,104,116,83
T09A12.5,2,0,0,3,0,1
pigv-1,6,20,21,13,17,9
T09B4.2,0,2,3,3,5,2
T09B4.4,5,0,12,0,2,2
T09B4.5,22,9,15,12,17,20
T09B4.8,72,57,95,46,46,24
tin-44,13,20,30,18,5,1
T10B5.3,37,23,24,27,40,25
T10B5.4,1,1,0,0,2,0
cct-7,229,181,239,228,290,198
knl-3,8,18,7,3,9,9
T10B5.7,15,6,16,17,10,4
pcbd-1,2,4,0,8,10,4
cerk-1,33,20,33,8,20,6
ztf-4,12,3,13,10,10,12
T10B11.5,3,2,9,1,5,0
T10B11.6,11,13,9,27,7,10
hrde-4,7,10,11,7,6,5
T10D4.6,11,21,9,9,12,18
T10E9.1,3,0,0,0,2,1
T10E9.2,5,5,9,3,13,3
T10E9.3,3,4,2,2,0,0
nuo-2,42,54,66,54,53,26
T10E10.4,1,6,1,4,12,0
T10F2.2,10,16,13,7,9,3
prp-19,36,49,62,30,60,35
syx-18,11,17,16,6,5,4
T10H10.2,4,8,3,5,7,5
sav-1,1,6,4,1,5,2
stt-3,123,165,141,110,140,101
bcas-2,14,33,15,17,11,10
gen-1,6,10,6,6,3,7
esyt-2,13,11,21,16,19,17
T12B3.2,2,0,0,4,8,4
mob-3,5,5,14,5,1,4
ari-2,15,9,10,12,8,9
cec-6,9,5,4,5,4,5
T12E12.3,10,7,10,3,21,2
pho-14,11,17,8,5,4,4
lips-11,2,9,0,0,1,0
sut-1,7,5,3,2,5,0
T13C2.3,5,5,16,9,12,8
ssup-72,0,0,8,2,3,0
T13C2.6,86,82,123,67,88,57
T13C5.6,0,3,0,1,2,1
tmc-1,22,20,14,8,14,12
spat-3,63,61,70,44,45,40
T14A8.2,11,13,12,7,8,2
T14B4.1,31,36,32,10,10,13
mrps-18.C,3,9,8,3,12,6
T14B4.3,2,2,5,7,6,2
T14B4.8,2,3,6,5,4,2
svh-2,31,49,36,16,50,25
dop-3,1,3,12,4,3,9
vha-15,260,359,405,279,327,263
T14F9.2,5,16,14,10,15,11
hex-1,11,3,5,2,6,7
T14G11.1,8,19,19,8,21,5
immt-1,78,71,98,75,95,39
T15B7.1,12,27,21,14,9,13
hpo-8,84,101,96,68,85,65
T15B12.1,12,21,8,19,18,11
pals-25,7,9,7,3,1,4
nmt-1,60,68,61,46,50,55
T17H7.7,8,15,8,3,11,0
ttc-17,31,71,51,53,56,38
T19A5.3,0,2,1,6,12,2
pamn-1,7,5,8,5,12,7
T19B4.3,38,58,55,46,30,19
T19B4.5,5,12,14,1,4,1
best-17,10,8,14,5,3,4
T19C3.3,1,6,4,8,6,4
T19C3.4,18,12,14,18,14,7
T19C3.5,6,2,1,2,2,0
ttr-7,0,4,3,1,1,5
lgc-32,0,3,1,8,3,1
rund-1,9,7,11,4,4,1
T19D7.7,5,12,5,3,2,0
T19D12.1,99,125,114,82,99,65
T19D12.2,0,0,9,4,5,3
T19D12.4,141,169,201,141,140,111
T19D12.6,25,13,13,17,8,16
oig-8,6,7,4,5,4,5
T19D12.9,5,0,2,0,3,6
clec-178,1,2,5,5,3,4
frpr-18,4,3,0,1,4,0
ugt-9,13,9,9,12,3,2
T19H12.2,5,13,1,6,9,10
T19H12.3,4,1,16,3,11,3
ugt-12,41,48,71,76,72,72
ugt-11,12,9,15,8,15,3
T20B5.2,5,6,13,8,12,1
oga-1,55,49,42,71,71,37
trd-1,31,33,30,22,14,7
T20B12.3,30,45,32,19,11,5
T20B12.7,52,55,76,51,43,19
lgc-50,6,9,3,7,3,2
arrd-22,0,5,3,0,2,0
mrrf-1,4,2,9,5,5,0
T20F5.6,11,23,23,14,16,16
T20F5.7,4,8,6,14,8,17
T20F7.1,15,2,7,2,10,5
aakg-2,24,27,28,23,31,17
T20H4.5,90,86,86,55,89,54
pqbp-1.1,8,15,6,5,8,5
sma-10,8,8,14,13,15,6
T21D12.12,6,3,3,6,10,4
T21F4.1,26,29,30,27,45,35
T21H3.1,157,225,211,149,158,103
T22B7.3,9,6,8,7,1,2
T22B11.4,112,174,166,81,104,90
ogdh-1,390,410,485,298,338,301
T22D1.3,28,22,49,31,28,17
ribo-1,139,150,181,126,175,120
ruvb-2,42,64,87,34,47,35
npr-12,6,2,3,5,5,4
T22E5.6,0,0,1,2,1,2
lron-8,6,6,7,10,6,3
T22F3.2,18,6,15,10,8,14
pygl-1,240,247,281,190,228,224
T22F7.1,12,12,24,10,8,12
T22F7.4,7,7,6,8,8,1
T22H9.1,41,35,39,12,40,13
atg-9,41,26,32,53,50,28
dmd-8,8,9,2,4,7,5
T23B3.1,6,17,11,14,7,4
T23B3.2,3,2,2,3,0,0
ckr-1,6,5,1,1,5,6
T23B3.6,8,6,8,8,5,9
phf-30,5,4,3,0,1,0
mrpl-4,51,63,59,39,76,47
mrps-2,9,19,14,17,7,14
natc-1,31,15,29,18,28,23
T23B12.6,6,1,13,9,0,7
T23B12.8,2,0,1,0,1,0
cnp-3,45,21,51,41,48,22
T23C6.4,5,1,2,1,1,0
T23E7.2,205,224,304,211,239,143
T23F2.2,31,43,31,13,34,25
T23F2.3,8,11,12,7,5,11
T23F2.5,2,5,5,2,5,2
T23F4.2,27,33,25,27,13,19
T23H2.3,11,19,19,22,16,17
T24A6.20,3,7,5,7,5,6
ucr-2.3,8,5,6,3,0,3
T24C4.4,2,1,3,2,4,0
zer-1,77,73,85,59,77,53
ztf-18,6,5,10,11,5,4
T24C12.3,1,2,6,4,6,4
lgc-40,4,11,7,4,5,8
eat-17,21,14,18,23,22,20
T24E12.5,6,3,2,2,4,5
T24E12.10,2,7,12,2,1,5
T24G10.2,15,6,15,20,8,7
T24H7.2,44,35,80,46,42,35
T24H7.3,3,0,0,4,0,1
tat-4,13,24,17,17,13,7
nep-22,189,293,270,174,266,169
mrpl-28,29,24,22,30,20,12
T25D3.4,5,3,13,11,24,5
T25D10.1,3,2,6,2,13,7
zig-10,0,1,0,2,1,2
T25D10.4,1,1,0,4,7,3
T25F10.3,12,6,0,5,8,9
clik-1,494,381,483,434,417,245
T25G12.3,2,0,0,3,2,2
acdh-7,40,34,23,49,41,19
T25G12.6,11,5,7,3,8,5
algn-1,7,7,10,5,5,7
jhdm-1,38,32,28,25,31,27
T26A5.6,11,19,5,10,9,5
T26A5.8,1,5,11,7,4,3
T26A8.1,7,14,19,5,13,7
T26A8.4,16,20,10,18,10,4
T26C12.1,54,61,65,65,46,45
lgc-34,24,11,22,10,18,13
slc-36.2,7,10,16,12,17,6
trak-1,44,59,64,44,56,45
usp-5,23,52,65,23,26,21
nmrk-1,15,9,5,4,3,3
T27A3.7,2,0,1,4,4,0
T27A10.6,3,7,5,10,4,10
cgr-1,8,10,10,6,3,2
nhr-228,8,1,11,2,4,6
T27C4.1,73,85,108,91,121,59
hpo-36,5,0,5,0,10,5
fip-2,10,13,11,5,10,6
T27E4.7,8,14,9,6,5,4
vps-24,7,6,4,8,5,4
shc-2,8,14,17,11,7,17
eif-1,36,33,40,30,45,22
T28A11.2,2,2,2,5,2,5
fbxa-64,3,0,1,2,1,0
T28B4.1,8,9,8,5,14,9
ttr-6,3,11,14,16,24,2
hic-1,23,60,43,25,21,23
T28C12.2,1,2,3,0,0,3
T28C12.4,112,121,104,77,152,102
T28D9.1,45,43,58,47,60,29
plpp-1.2,4,4,1,2,13,4
del-10,3,5,5,5,4,4
T28F2.2,0,0,3,2,4,1
jmjc-1,32,30,59,46,32,25
acd-5,1,5,6,3,0,2
T28H11.8,11,25,28,5,12,1
VC5.2,1,4,4,1,1,1
W01A11.1,19,20,10,9,10,1
cpt-6,4,9,4,4,7,2
W01A11.7,13,15,13,13,4,0
nol-58,419,480,523,312,342,322
W01B11.6,8,12,11,15,10,15
set-19,8,3,11,14,4,2
W01C8.5,13,3,11,10,10,15
W02C12.2,1,7,6,3,2,2
hlh-30,142,146,209,100,157,96
cytb-5.2,17,18,28,12,11,7
dhod-1,16,7,20,15,22,23
W02D3.4,5,14,8,7,9,3
fnci-1,29,41,38,16,25,15
hrpf-1,21,26,16,32,30,16
W02D3.12,7,4,4,5,2,2
W02D7.6,8,6,8,4,0,4
W02F12.2,3,3,10,7,1,4
W02F12.4,8,13,10,8,12,3
dlst-1,154,120,168,130,173,98
sna-1,15,5,6,1,1,1
kel-8,9,13,16,12,10,10
W02G9.3,5,0,0,2,3,5
W02G9.4,12,12,12,10,15,12
angl-1,6,4,10,4,6,12
W02H5.2,13,11,5,12,7,5
W02H5.8,3,12,8,12,4,6
polq-1,16,6,6,5,6,13
W03A5.2,5,11,4,0,10,5
W03A5.6,7,20,26,17,14,16
trpl-2,2,8,6,1,4,8
W03D8.8,16,10,8,14,20,4
W03F8.3,13,7,20,18,12,6
W03F8.4,7,0,1,8,2,0
gpa-18,3,0,9,2,0,0
W03F9.1,131,192,129,91,107,108
W03F9.4,15,8,12,3,6,2
sftb-2,78,129,83,71,82,68
afd-1,86,91,80,75,91,67
W03G1.5,10,9,6,2,4,1
pig-1,15,13,12,10,14,9
W04B5.3,23,14,27,17,17,16
mrpl-30,17,5,7,15,6,2
W04B5.5,7,2,10,10,9,0
W04C9.2,3,4,3,1,4,5
W04C9.4,29,23,33,24,12,15
W05F2.4,62,83,99,67,80,66
W05F2.7,5,3,12,15,16,5
pck-1,234,325,356,215,232,149
W05H7.1,2,2,3,3,5,5
zfp-3,17,6,19,13,17,13
W05H9.1,53,48,57,49,38,17
W05H9.2,19,15,11,11,4,6
W05H9.4,2,5,5,10,1,6
W06B4.2,8,13,6,5,5,4
vps-18,22,21,22,6,15,20
atat-2,3,1,4,3,1,5
dct-11,2,4,5,1,0,0
W06E11.1,18,22,16,17,28,17
sbds-1,13,5,15,12,7,5
W06H8.2,9,5,7,10,3,1
W06H8.6,102,97,96,94,137,90
cpr-8,25,53,33,26,36,33
nol-2,101,122,140,70,115,63
W07E6.2,88,80,57,22,38,23
unc-132,57,98,105,69,94,74
zip-11,3,7,7,4,0,5
W08E12.7,317,363,405,332,377,247
W08F4.3,12,20,12,15,27,12
mlt-8,0,0,0,19,24,11
cdc-37,39,34,45,43,51,21
eri-3,0,7,2,10,7,9
W09B6.4,3,2,11,0,3,4
W09C3.4,6,8,2,5,10,2
ncs-6,3,2,8,1,3,7
W09G12.7,2,6,6,3,1,2
W10C8.4,5,10,2,4,7,1
W10C8.5,30,38,39,35,40,17
nfyb-1,11,6,9,7,10,1
tomm-22,13,2,6,2,8,0
lgc-45,29,35,36,34,24,25
W10G11.19,4,4,18,10,10,11
dnc-3,1,0,3,2,2,3
mgl-3,11,11,10,6,4,10
Y4C6B.1,5,6,7,1,3,7
Y4C6B.2,5,0,1,3,8,8
Y4C6B.3,2,2,2,8,6,7
Y4C6B.5,7,2,5,1,4,3
gba-4,26,17,26,12,24,5
Y4C6B.7,3,5,1,1,1,4
arx-4,17,23,27,17,23,15
Y8A9A.2,5,3,9,12,0,12
Y9C9A.8,1,5,10,1,3,1
Y9C12A.1,0,1,0,2,0,1
Y14H12A.1,0,0,1,0,2,0
Y14H12B.1,2,3,4,7,5,4
Y17G9B.5,5,3,10,5,6,1
Y18H1A.2,4,12,7,7,8,2
hgap-1,26,43,25,30,46,29
Y18H1A.4,2,2,6,1,3,2
crtc-1,21,20,12,27,37,22
gap-3,23,26,18,9,16,15
Y20F4.4,8,7,10,8,5,13
Y22D7AL.9,1,0,6,4,2,7
Y22D7AL.10,73,83,91,72,71,32
Y22D7AL.15,0,1,4,7,2,3
Y22D7AR.6,5,5,5,0,1,5
pid-3,2,8,9,11,11,2
Y23H5B.5,35,18,37,20,20,13
Y23H5B.6,57,43,60,26,32,34
ell-1,97,132,145,97,117,115
tald-1,104,118,125,73,68,63
copb-1,105,141,102,100,127,99
Y25C1A.7,8,13,18,8,14,3
Y25C1A.8,6,9,12,3,8,7
Y25C1A.13,5,5,5,9,9,6
nphp-2,10,1,6,1,9,3
zig-11,19,21,27,21,6,8
thoc-5,3,3,5,8,3,5
szy-2,7,3,16,1,6,4
paqr-2,22,8,13,7,5,3
Y32H12A.6,7,2,3,5,1,2
Y32H12A.7,6,10,11,4,2,0
Y32H12A.8,103,91,84,67,92,62
Y34B4A.2,3,3,0,9,5,2
Y34B4A.4,12,17,10,14,19,8
Y34B4A.5,4,1,3,1,5,0
Y34B4A.6,83,172,161,85,101,113
Y34B4A.7,11,7,5,2,7,5
rga-8,10,10,5,6,11,4
Y34B4A.9,22,44,51,21,33,33
Y34B4A.10,1,2,3,0,5,1
mrpl-38,29,28,38,35,31,19
npr-23,5,1,8,2,3,5
Y34D9A.3,6,5,5,2,0,3
glrx-10,13,19,11,20,29,9
Y34D9A.7,11,10,21,15,20,7
vps-4,21,36,33,24,15,21
spp-23,7,9,13,9,8,7
Y34F4.5,5,12,9,4,12,13
rev-3,6,6,5,0,4,0
Y37E3.1,9,2,5,1,0,0
rpb-10,4,4,3,2,13,0
moag-4,2,7,3,0,3,2
Y37E3.8,609,354,591,573,591,346
eif-2alpha,85,89,102,74,69,59
pcyt-2.1,53,61,59,53,41,34
iglr-3,8,3,8,10,9,0
fpn-1.1,11,31,11,12,13,6
Y37E3.17,96,79,101,96,79,75
Y37E11AL.3,13,3,8,3,3,11
fmil-1,23,34,35,18,46,35
taf-6.2,8,19,17,12,19,11
smgl-2,32,27,27,7,10,10
Y37E11AM.2,1,0,8,0,3,2
Y37E11AM.3,19,45,37,25,21,29
siah-1,28,19,35,39,23,33
nape-2,8,3,9,2,13,9
nape-1,9,9,5,3,5,10
ugt-45,33,36,38,8,14,8
Y37E11B.5,25,30,29,23,27,21
Y37E11B.7,2,5,6,7,3,3
Y37F4.7,0,3,1,0,4,2
smut-1,3,4,5,5,6,2
Y38A10A.7,0,1,3,0,1,1
Y38C1AA.1,25,28,22,21,13,15
pnc-1,6,5,15,5,6,6
Y38C1AA.6,1,0,2,0,1,0
Y38C1AA.9,7,4,2,1,1,0
prdx-6,5,0,7,3,2,6
Y38C1AA.12,8,1,11,1,1,2
cyp-29A3,1,3,5,5,0,0
nsy-4,38,34,46,33,39,28
trap-3,68,74,94,92,103,64
Y38F2AR.3,19,6,10,11,6,10
tftc-1,40,25,44,23,40,24
ppgn-1,13,17,8,13,14,8
Y38F2AR.9,4,7,9,23,15,17
Y38F2AR.12,40,37,55,32,31,31
ckr-2,17,20,17,13,12,4
Y39A3CL.1,14,13,32,12,6,3
Y39A3CL.3,0,3,2,0,0,0
Y39A3CL.4,12,13,14,5,5,1
Y39A3CL.7,14,5,7,7,6,3
ttc-7,24,17,13,20,8,15
hlh-33,10,12,19,11,8,12
rfip-2,22,38,17,21,34,17
zwl-1,15,22,6,23,26,17
ugt-31,9,0,2,0,0,0
eif-2gamma,100,99,123,114,124,95
Y39G10AR.9,2,1,6,10,4,6
epg-2,25,23,31,19,20,19
Y39G10AR.11,120,105,125,114,132,73
tpxl-1,25,24,27,13,19,13
sydn-1,9,16,8,7,11,11
dot-1.1,62,68,66,50,60,51
tbca-1,1,6,2,3,2,1
nsun-4,10,33,31,18,32,25
Y39H10A.6,11,8,21,11,10,4
lbp-9,76,84,75,104,66,39
comt-3,8,16,4,2,3,3
comt-5,9,14,8,8,4,3
Y40B10B.1,0,7,4,0,0,1
sqst-2,7,1,12,5,11,1
Y40D12A.1,4,12,6,11,3,5
ctsa-2,27,47,40,26,25,11
Y41D4A.4,101,124,121,96,99,90
Y41D4A.5,39,44,51,34,19,26
Y41D4A.6,6,9,7,6,9,11
Y41D4A.7,10,16,16,13,28,10
frpr-19,9,7,13,6,5,10
Y41D4B.4,20,30,42,11,17,24
Y41D4B.11,22,18,36,8,21,9
hpo-6,6,7,10,10,0,8
Y41D4B.17,2,0,7,6,1,1
nhr-274,2,5,6,12,5,3
aakg-3,8,0,8,0,8,2
gbb-1,23,12,19,11,20,9
Y41G9A.5,3,4,0,4,2,0
Y42G9A.1,5,8,7,7,4,2
Y42G9A.2,1,3,5,8,9,6
Y42G9A.3,35,167,125,43,46,37
mvk-1,82,121,132,77,118,59
wht-7,18,15,1,8,9,13
Y42H9AR.1,21,26,23,24,25,29
rabs-5,10,4,5,7,8,2
Y42H9AR.4,7,7,15,14,8,2
Y43B11AR.1,15,15,8,3,1,3
Y43B11AR.3,13,7,7,2,5,1
Y43H11AL.1,18,18,20,8,10,5
laat-1,26,20,33,20,21,29
trx-4,1,5,7,3,3,0
cdap-2,19,33,10,11,17,12
edc-4,27,29,27,18,34,31
zip-4,14,13,14,9,19,7
Y45G5AL.1,41,38,31,21,38,34
Y45G5AM.3,17,12,15,5,2,2
Y45G5AM.6,5,10,2,4,7,4
Y45G5AM.7,10,0,12,1,5,3
Y45G5AM.9,19,19,10,8,10,11
nuo-5,174,295,264,196,203,149
Y45G12B.2,10,24,25,8,31,13
Y45G12B.3,5,11,23,10,6,9
Y45G12C.1,1,4,2,2,2,1
clec-72,32,37,24,29,49,42
clec-76,2,2,7,1,3,0
Y46D2A.2,8,6,20,2,2,0
Y46E12BL.2,148,103,102,88,144,100
spsb-1,72,36,41,50,50,38
clec-205,7,0,2,2,0,1
ttc-37,27,24,27,10,19,14
Y47A7.2,40,35,42,24,47,17
Y47D7A.13,3,4,2,32,52,12
rft-2,1,5,4,0,7,7
Y47D9A.1,24,23,39,26,34,26
scpl-3,9,11,13,10,15,8
rde-10,7,4,14,3,2,3
Y47G6A.5,33,20,10,34,34,25
pcaf-1,2,8,8,4,4,5
Y47G6A.7,8,11,5,9,3,8
Y47G6A.9,10,14,15,4,5,10
ccep-290,7,1,6,0,4,5
Y47G6A.18,13,45,18,13,38,12
Y47G6A.19,23,35,39,28,27,25
Y47G6A.21,8,11,13,7,15,3
Y47G6A.22,23,42,16,15,16,19
mis-12,6,0,0,3,4,0
Y48A5A.1,8,14,16,7,8,4
Y48G1A.1,3,6,4,3,5,7
nol-14,92,145,124,50,88,65
Y48G1BR.1,2,3,7,7,7,2
pid-2,5,8,7,2,5,0
pgs-1,5,2,1,0,0,3
Y48G1C.8,23,34,25,26,45,21
Y48G1C.9,1,0,3,0,0,2
Y48G1C.10,12,24,15,5,12,4
herc-1,24,25,22,25,21,23
Y48G8AL.5,89,66,82,53,98,37
Y48G8AL.10,6,11,5,9,6,7
Y48G8AL.12,0,0,0,5,8,4
Y48G8AL.13,35,72,65,49,51,45
Y48G8AR.2,2,1,5,7,2,0
gcn-1,300,349,392,237,244,217
frl-1,18,36,20,21,20,15
Y48G9A.9,2,17,18,8,8,3
ugt-29,4,6,7,2,2,1
cyh-1,2,8,6,9,3,2
Y49F6B.2,13,10,17,4,4,7
Y49G5B.1,18,0,4,6,7,8
otub-2,28,45,28,36,31,29
Y50D4A.1,14,14,24,4,13,2
wrb-1,3,0,1,5,0,6
Y50D4A.4,2,5,9,5,8,2
Y50D4B.1,4,9,9,9,2,4
Y50D4B.4,16,14,9,16,25,18
Y50D4B.6,1,18,5,2,1,11
Y50D4C.3,13,12,22,9,15,6
Y50D4C.5,7,13,7,4,12,5
Y50D7A.1,7,13,5,4,2,5
xpd-1,15,6,7,9,11,15
Y50D7A.3,7,2,10,17,7,10
hpo-29,92,77,112,59,86,51
Y50D7A.8,23,14,14,18,10,8
taco-1,14,15,9,4,19,5
Y50D7A.10,1,2,1,3,0,1
Y51F10.3,4,12,15,10,13,10
Y51F10.4,17,3,4,6,2,4
hex-4,0,2,4,12,2,0
Y51F10.7,100,75,136,46,63,43
spe-48,5,2,5,0,1,0
alkb-1,27,22,31,29,14,24
cogc-4,21,17,25,14,16,17
Y51H7C.7,4,2,4,0,1,0
nol-6,45,53,57,33,27,28
Y52E8A.3,5,9,5,1,4,0
Y53G8AL.2,101,119,149,96,99,79
Y53G8AM.8,13,6,15,20,21,13
phf-15,8,18,33,28,15,13
ral-1,5,4,1,3,6,9
Y53G8AR.5,2,3,2,4,6,3
Y53G8AR.6,28,28,23,27,34,15
Y53G8AR.7,6,2,9,5,3,3
Y53G8AR.8,4,5,13,6,17,2
Y53G8AR.9,29,38,28,22,32,22
Y53G8B.2,6,15,7,5,10,4
nipa-1,16,31,22,21,10,8
txl-1,12,1,20,10,9,14
dnc-6,0,0,3,0,0,1
Y54E10A.6,13,27,28,14,21,4
mrpl-17,4,17,12,8,12,13
Y54E10A.10,35,36,32,30,16,21
Y54E10A.11,27,31,39,25,25,27
mab-31,13,18,22,10,18,14
Y54E10A.17,3,3,6,5,4,6
Y54E10BL.3,2,12,4,1,2,5
nduf-5,21,15,32,16,13,3
pign-1,3,3,5,4,3,3
Y54E10BR.3,8,13,18,16,10,13
Y54E10BR.4,74,47,63,54,48,40
sec-11,18,35,14,18,18,9
rpb-7,10,4,14,3,18,7
ztf-23,4,4,0,0,3,0
Y54F10AL.1,14,7,10,14,8,4
Y54F10AM.5,32,12,12,15,14,9
Y54F10AM.8,160,110,150,111,149,75
Y54F10AR.1,31,44,27,19,26,17
Y54F10AR.2,8,18,9,14,9,18
ppm-1.D,15,6,12,14,14,3
iffb-1,109,92,113,91,107,55
Y54F10BM.9,4,4,8,1,4,3
atln-1,39,42,55,44,36,33
samt-1,2,5,9,12,4,9
clec-85,32,48,56,31,39,26
Y54G2A.10,0,0,0,0,2,3
Y54G2A.11,38,15,27,74,72,44
clec-83,5,8,13,10,11,5
nprt-1,37,39,36,30,18,14
Y54G2A.18,24,33,50,23,35,27
manf-1,20,17,17,29,26,16
Y54G2A.26,58,48,59,45,53,49
ndnf-1,24,45,36,25,33,27
Y54G2A.32,6,2,3,15,5,4
clec-84,7,3,6,17,3,5
ser-6,3,6,2,2,10,7
Y54H5A.1,84,73,79,35,57,30
Y54H5A.2,62,92,58,32,49,36
rbm-42,9,20,19,12,19,17
oxy-4,3,1,3,4,10,0
gtf-2H5,0,2,0,1,2,0
helq-1,11,11,6,4,11,14
Y55B1AR.2,12,6,24,22,8,10
Y55B1BL.1,14,7,6,19,14,7
stim-1,24,34,42,12,28,25
Y55B1BR.2,9,1,1,4,2,15
magu-1,1,0,0,5,5,1
Y55D5A.1,9,15,11,14,9,12
Y55D5A.4,3,0,0,0,3,0
mrps-25,9,7,9,4,23,2
rbm-39,27,19,37,24,23,7
atg-3,9,19,18,21,18,7
Y55F3AM.5,10,0,2,7,6,2
immp-2,10,2,0,5,1,0
Y55F3AM.9,11,8,12,9,12,11
Y55F3AM.11,2,0,2,6,3,0
dcap-1,5,4,6,4,8,4
Y55F3AM.13,32,37,33,37,26,24
cox-18,7,6,14,3,7,10
Y55F3AR.2,29,33,28,17,36,32
cct-8,146,91,145,181,170,119
mrpl-46,10,4,9,0,21,11
zipt-15,11,17,10,20,8,19
Y55F3BR.1,9,15,13,7,14,9
Y55F3BR.2,5,2,6,4,6,1
Y55F3BR.6,6,11,0,4,1,0
lem-4,6,1,4,10,5,4
kvs-5,22,23,38,12,20,19
cutl-26,8,3,12,11,2,2
vha-19,158,128,162,133,151,93
Y57E12AL.1,19,10,18,14,17,19
Y57E12AL.6,7,11,16,6,10,8
Y57E12AM.1,6,3,6,4,5,3
emc-2,23,93,45,19,39,28
Y58A7A.3,5,1,1,0,1,1
glb-32,6,11,5,0,8,2
lgc-26,2,4,2,1,3,0
npr-5,10,3,16,4,8,10
Y59C2A.1,5,1,5,8,11,2
Y59C2A.2,8,12,12,8,7,6
Y59C2A.3,27,11,6,16,15,15
npr-22,4,9,3,3,5,3
catp-7,101,136,123,184,135,131
Y61A9LA.1,15,14,13,7,12,10
Y61A9LA.3,43,61,61,34,52,46
sut-2,111,76,81,37,49,41
Y61A9LA.10,147,104,165,63,56,36
Y61A9LA.11,7,3,13,5,10,17
cus-2,24,25,18,15,14,9
Y65B4A.2,1,4,4,6,9,13
vps-20,6,10,11,13,8,4
Y65B4A.6,67,78,87,43,40,36
Y65B4A.8,1,8,4,10,4,6
Y65B4BL.1,17,21,13,17,16,8
deps-1,3,5,1,0,6,2
acs-13,65,79,104,64,83,84
icd-2,537,733,646,544,654,557
dpm-1,12,8,12,14,7,5
mrpl-55,8,6,9,2,1,2
Y66H1A.4,128,195,139,129,131,99
Y66H1A.5,11,7,10,18,9,4
fln-1,217,234,225,192,238,156
rep-1,17,15,9,21,19,5
Y67D2.2,13,6,8,7,8,4
cisd-3.2,25,22,26,13,36,23
Y67D2.4,3,2,4,0,0,0
ddx-35,7,11,14,2,0,5
Y67D2.7,13,15,36,6,9,4
Y67D8A.2,24,36,31,23,39,19
dmd-9,3,11,3,9,10,11
Y67D8C.3,14,4,5,20,7,4
eel-1,776,836,898,623,673,630
cpg-9,5,4,4,3,5,4
Y67D8C.9,18,15,17,17,17,10
Y69A2AR.1,8,17,18,6,10,4
Y69A2AR.3,3,0,4,6,4,1
daao-1,1,1,8,0,6,0
vamp-7,8,4,4,15,0,1
epg-9,18,36,30,50,49,56
Y69A2AR.16,43,27,33,37,33,14
Y69A2AR.18,212,301,317,205,287,208
Y69A2AR.21,7,6,12,6,7,7
Y69A2AR.22,9,4,12,8,8,2
Y69A2AR.28,5,12,6,1,12,9
Y69A2AR.31,22,35,35,21,28,17
cdh-12,4,2,7,40,23,10
acsd-1,3,1,3,7,1,1
lgc-46,6,5,3,7,1,6
Y71F9AL.1,3,2,6,5,0,3
Y71F9AL.9,63,83,70,80,90,38
Y71F9AL.10,10,8,7,3,3,4
Y71F9AL.12,12,7,8,11,7,12
dnc-5,6,0,0,4,2,1
copa-1,93,187,167,104,142,119
cogc-3,14,11,13,14,18,12
trap-1,58,38,76,84,98,49
supr-1,8,15,13,8,9,2
Y71F9B.1,1,1,6,5,1,1
Y71F9B.2,13,14,7,0,5,0
yop-1,89,168,154,86,126,99
Y71F9B.6,8,2,20,9,8,13
lron-11,16,28,36,29,23,20
Y71F9B.13,13,16,23,12,18,8
hrpu-2,49,32,62,37,44,22
trpp-10,17,6,4,3,8,15
tub-2,40,76,56,49,49,47
chaf-2,17,28,25,23,26,18
pghm-1,77,78,68,65,83,38
Y71G12B.6,3,4,3,4,3,4
ddx-27,97,136,128,68,84,36
lin-65,24,9,17,11,9,6
Y71G12B.10,13,6,14,7,5,15
atg-5,13,5,16,13,9,13
Y71G12B.13,23,5,18,11,4,2
Y71G12B.17,0,3,4,1,3,1
mppa-1,41,29,29,36,34,23
Y71G12B.25,4,4,3,24,12,6
Y71G12B.26,1,10,2,5,3,0
Y71H2AM.1,16,5,17,8,4,11
Y71H2AM.2,7,6,14,10,1,4
Y71H2AM.3,16,12,15,5,17,8
Y71H2AM.4,29,41,50,71,68,40
cox-6B,82,129,138,92,118,72
Y71H2AM.6,3,12,4,5,0,4
set-27,21,10,23,23,24,17
Y71H2AM.9,15,10,7,5,13,5
Y71H2AM.10,18,25,23,13,9,10
Y71H2AM.11,34,54,38,23,39,33
Y71H2AM.13,26,14,33,14,13,12
Y71H2AM.15,46,28,28,19,27,19
pho-9,21,34,32,20,29,24
swsn-3,15,11,23,15,15,12
Y71H2AM.20,1,4,4,9,3,1
Y71H2AR.1,11,5,7,11,10,3
Y71H2B.2,7,5,9,8,10,12
ppfr-4,11,4,7,15,7,8
Y71H2B.4,2,3,1,5,4,1
Y71H2B.5,31,27,18,6,19,15
gpa-17,12,11,29,13,4,8
Y71H2B.8,0,1,2,1,0,0
pfk-1.1,153,145,137,100,118,90
fard-1,70,58,90,45,96,41
Y71H10B.1,54,52,86,59,59,27
Y72A10A.1,3,3,3,6,14,7
Y73B3A.1,5,7,10,0,4,4
Y73B6A.3,11,7,12,15,8,14
tyr-6,13,3,6,12,14,7
exos-2,5,14,0,5,6,0
ipla-6,35,24,22,37,37,11
sqd-1,211,187,229,210,173,187
shl-1,6,14,8,12,5,8
sfrp-1,11,6,5,0,6,0
acp-6,96,136,127,128,119,68
acp-7,0,3,2,0,2,3
lgc-10,0,2,1,0,0,0
Y73B6BL.27,8,12,9,6,10,7
blos-2,5,5,4,8,3,4
Y73B6BL.31,10,7,3,4,1,1
hrpf-2,19,11,13,14,17,10
nlp-71,4,19,14,4,13,12
Y73C8B.1,2,6,6,10,4,2
Y73C8B.2,9,1,11,2,3,4
Y73C8B.3,7,8,14,5,13,1
Y73E7A.1,8,8,7,6,12,11
Y73E7A.2,29,18,29,7,21,5
Y73E7A.3,5,15,33,7,16,6
cpx-1,7,3,4,7,8,2
Y73E7A.8,0,0,0,5,4,7
nlp-40,20,19,22,17,26,15
homt-1,6,10,11,7,4,3
rcor-1,8,3,10,2,8,2
sesn-1,16,14,17,7,19,8
Y74C10AL.2,0,1,1,3,6,1
abtm-1,19,24,30,17,20,11
lgc-27,1,0,0,9,3,1
glb-33,22,14,30,24,14,13
rga-4,18,30,41,32,18,26
Y75B7AR.1,0,0,0,2,2,1
xpc-1,18,15,19,11,11,8
Y76B12C.3,6,22,7,7,12,6
Y76B12C.6,9,4,17,2,6,6
cpsf-1,46,55,50,30,46,34
Y76B12C.8,0,1,14,1,6,3
hxk-3,23,32,13,30,31,17
Y77E11A.2,8,23,25,13,5,16
Y77E11A.7,23,8,7,20,4,3
Y77E11A.12,5,8,7,2,6,8
fbxa-79,4,5,3,3,0,0
fbxa-19,5,1,1,1,5,2
Y82E9BR.3,302,355,429,376,352,276
pals-17,0,4,3,1,2,0
Y82E9BR.14,14,15,25,10,16,9
Y82E9BR.16,28,41,38,29,43,17
Y82E9BR.18,10,18,20,15,12,8
Y82E9BR.19,4,6,1,9,3,4
kbp-4,0,0,1,0,0,0
Y92H12A.2,23,14,33,27,26,27
Y92H12A.4,29,27,39,28,33,15
Y92H12A.5,43,46,56,64,45,28
Y92H12BL.1,35,70,40,42,19,13
Y92H12BL.4,5,10,8,3,3,3
Y92H12BL.5,4,2,7,7,4,8
Y92H12BR.2,11,3,8,3,8,7
Y92H12BR.3,44,65,61,52,36,40
set-29,10,6,14,10,7,2
Y92H12BR.7,1,6,2,13,1,3
mrpl-15,39,23,31,23,45,21
nhr-277,6,5,3,3,8,3
Y94H6A.3,1,3,2,6,4,1
Y94H6A.5,127,119,121,56,81,56
Y94H6A.7,0,4,5,1,0,0
Y94H6A.8,11,18,14,8,23,6
ubxn-2,13,8,5,7,23,7
Y94H6A.10,102,69,78,99,137,64
Y95B8A.6,7,10,7,3,6,1
Y95B8A.8,45,36,29,37,23,33
pde-6,104,154,151,79,109,113
prhg-1,12,2,18,8,10,3
abhd-12,2,13,6,6,6,13
natb-1,16,7,12,11,10,6
Y97E10AR.1,12,5,11,15,18,16
Y97E10AR.2,5,2,14,5,5,2
rpb-9,3,3,6,7,2,1
Y97E10AR.6,31,22,27,32,32,21
lmtr-2,0,3,3,2,4,2
Y97E10C.1,3,3,7,3,5,6
Y102A11A.2,6,17,9,12,14,12
Y102A11A.3,62,78,115,83,106,71
igcm-4,2,1,4,0,5,1
wdr-4,23,10,13,11,17,7
nhr-41,6,13,7,17,14,18
plst-1,66,42,47,67,50,48
Y104H12D.2,4,0,2,6,0,4
spl-3,50,55,51,39,44,37
Y108G3AL.2,9,7,10,13,10,4
cfap-36,7,8,14,2,0,2
Y110A2AL.4,1,5,5,3,0,5
hpo-20,7,5,3,15,7,2
pinn-1,14,9,9,7,3,4
ubc-26,6,4,13,7,3,5
ncap-1,7,6,5,8,5,5
tyms-1,10,7,10,10,11,5
pfkb-1.1,46,42,52,49,57,27
Y110A7A.7,6,13,4,5,0,6
prp-31,20,13,18,17,11,4
Y110A7A.9,8,16,5,9,15,6
use-1,2,5,1,4,1,0
elpc-1,30,16,30,10,18,9
Y119C1A.1,4,2,5,4,7,2
Y119C1B.3,0,1,3,0,0,1
mrpl-19,24,11,17,11,15,13
rnf-145,2,18,9,22,15,7
Y119C1B.6,1,0,0,0,1,0
bet-1,61,19,34,30,53,32
zig-9,15,25,22,15,15,5
Y119C1B.10,5,1,10,5,11,2
orc-3,4,2,2,3,3,3
Y119D3B.12,25,21,30,14,37,15
Y119D3B.13,1,0,4,6,3,1
Y119D3B.14,1,4,4,4,11,4
dss-1,9,5,3,9,5,3
mrpl-45,40,19,41,33,20,18
fbxa-92,3,1,2,3,0,3
Y119D3B.21,21,35,31,7,18,17
set-30,12,10,10,18,12,15
lfi-1,501,369,539,344,412,308
ZC8.6,9,23,18,10,9,19
ZC13.1,7,14,13,8,13,10
ZC21.3,38,75,61,29,24,26
ttr-48,5,6,6,4,0,4
mtx-2,26,17,11,16,7,12
ZC123.1,5,0,1,10,9,5
zfh-2,84,93,73,82,61,79
ZC123.4,16,9,13,13,17,11
morc-1,14,23,36,17,24,12
syx-16,0,2,2,4,0,1
ZC190.4,30,29,33,23,29,35
ZC196.5,8,2,4,6,10,6
duxl-1,6,3,7,7,5,1
ZC204.12,8,20,8,19,17,10
ZC239.6,13,9,1,14,7,16
ZC250.2,1,0,0,0,0,2
ZC262.2,9,7,8,8,8,6
iglr-2,35,30,35,29,31,27
mrps-18A,16,18,23,25,24,12
cuti-1,0,0,0,3,9,7
klu-2,17,18,11,14,17,3
ZC328.3,12,11,13,6,15,7
ZC395.5,1,0,0,0,0,0
ztf-8,24,25,43,23,21,17
daf-41,90,91,98,122,139,65
gck-2,22,26,28,22,21,23
madf-9,10,13,11,3,5,4
ltah-1.2,15,20,33,19,25,18
sek-3,13,21,7,9,15,4
ZC449.4,9,6,15,9,5,3
ZC449.5,47,34,64,50,39,26
ZC477.3,10,14,12,14,18,2
rde-8,22,22,28,9,13,8
ZC487.1,5,9,8,6,3,2
algn-12,2,7,2,12,6,3
nekl-2,4,17,11,8,11,15
ZC581.3,23,11,12,5,7,5
ZC581.9,11,16,6,5,9,3
ZK6.6,1,4,2,0,4,0
lipl-5,88,196,180,94,133,55
dod-19,63,83,82,36,55,40
ZK6.11,27,18,51,42,64,33
acl-9,16,24,19,9,14,12
slc-17.1,10,12,10,17,4,3
ZK84.1,13,5,16,0,10,3
ZK105.6,3,0,1,4,7,5
glrx-21,4,13,3,7,1,0
ZK121.2,46,52,65,32,50,23
ZK154.1,35,57,55,30,32,30
ZK154.4,21,12,5,7,17,4
ZK154.5,13,17,20,18,22,16
ZK154.6,4,0,5,0,4,2
npp-24,24,21,24,7,5,5
ZK177.8,16,22,16,17,18,15
gbb-2,9,17,21,23,22,8
rfth-1,6,10,20,14,13,13
sar-1,26,27,37,38,48,18
ZK180.5,0,1,1,42,53,13
ZK180.6,0,0,0,18,13,7
ZK185.3,15,21,17,6,16,2
gcna-1,1,3,2,2,2,8
ZK328.6,7,17,8,9,9,7
ift-139,6,3,0,1,0,1
cyy-1,1,3,7,7,1,9
cutc-1,2,2,4,6,10,3
ubxn-4,13,5,19,7,3,1
ZK353.9,5,2,8,5,1,1
ZK355.2,17,12,19,12,13,22
hipr-1,51,32,50,37,50,28
ZK370.4,112,80,74,101,101,40
pdhk-2,14,4,25,7,10,3
ugtp-1,1,9,3,4,1,0
tomm-70,64,63,67,43,42,33
prkl-1,3,6,6,4,3,1
ZK418.5,31,44,48,21,25,46
ZK418.6,0,0,3,0,1,0
fubl-2,57,59,64,54,60,31
toe-1,216,172,220,111,127,122
ZK430.7,28,39,22,14,13,40
mlt-7,38,51,41,20,37,30
ZK470.2,28,19,34,28,30,15
oaz-1,83,103,103,80,117,52
ZK484.3,29,21,22,19,25,19
ZK484.4,39,40,33,36,32,37
ZK546.2,8,6,16,5,12,11
ZK546.5,8,5,4,6,12,4
ZK546.14,45,25,46,29,29,19
cblc-1,20,27,17,15,15,17
acp-1,4,7,0,0,5,1
ZK616.3,0,2,5,1,2,3
swsn-6,17,13,10,13,14,6
perm-3,5,15,9,8,10,5
pmt-1,337,451,453,393,427,352
ZK622.4,12,7,4,3,5,5
tomm-7,2,4,7,7,5,1
ZK652.6,8,18,10,17,18,13
ZK652.8,2,3,3,3,12,3
tag-307,9,8,5,3,7,13
slc-17.7,8,8,20,2,2,5
lron-2,0,0,0,1,4,4
ZK686.1,5,16,13,4,6,15
ZK686.2,49,47,40,24,31,20
ZK686.3,102,150,121,87,96,75
snu-23,17,10,16,8,6,10
best-24,16,17,21,26,35,18
fahd-1,4,10,6,7,3,3
ZK688.5,40,65,66,37,63,58
pcp-5,13,52,14,9,26,9
ZK688.7,2,0,0,1,0,0
ZK688.9,20,14,10,7,8,9
nhr-256,9,4,5,1,4,0
uvs-1,1,0,4,7,2,2
ZK742.3,10,5,14,4,3,1
ZK742.4,21,18,15,8,5,3
fbn-1,2,5,7,54,65,37
upp-1,32,34,37,44,58,24
ZK813.4,0,0,0,0,2,0
ZK973.1,1,6,8,5,11,6
cec-10,18,20,43,14,22,16
pdp-1,15,27,17,18,20,19
ZK973.9,3,12,4,6,1,4
ZK973.11,21,30,9,16,10,10
ZK1055.6,10,3,4,2,4,1
ZK1055.7,25,16,34,10,5,4
ZK1127.3,11,5,10,2,12,5
ZK1127.4,21,17,13,8,15,12
ZK1127.5,11,14,13,6,12,11
tcer-1,58,52,62,47,41,30
cth-2,173,290,222,43,119,75
ZK1193.2,25,11,32,12,22,6
dve-1,11,5,7,15,6,15
ZK1236.1,5,14,12,19,6,14
ZK1236.5,2,1,2,2,2,1
ufbp-1,25,17,17,11,24,7
ZK1240.2,1,11,10,2,2,0
tbc-2,13,28,23,7,13,3
ZK1248.11,2,0,0,0,1,1
ZK1248.13,5,3,11,13,8,7
ZK1248.19,0,0,1,0,0,1
ZK1290.5,18,10,13,13,13,15
ZK1290.13,2,1,0,2,3,1
rpl-41.1,0,0,0,0,0,0
rpl-41.2,10,4,8,14,21,7
plr-1,8,7,10,4,9,13
sor-1,55,61,53,52,56,28
cex-1,5,8,7,7,8,1
cex-2,4,6,2,9,4,5
mbd-2,3,2,2,5,1,6
F16C3.3,2,3,7,4,6,8
R06F6.12,3,12,17,0,9,4
F53F4.16,7,3,2,4,2,0
rde-11,11,5,5,4,4,7
mrpl-21,18,18,9,19,10,5
K12B6.9,4,5,1,4,9,4
ttr-49,5,3,4,4,5,2
mrps-24,2,4,2,11,0,7
F42A10.9,5,0,8,3,3,2
tsp-21,3,6,4,3,9,6
lin-15B,34,53,56,35,47,38
lin-15A,12,0,8,10,9,6
C11H1.9,6,8,5,2,5,6
F26F2.8,2,2,1,3,3,0
oig-4,4,4,0,1,2,3
M142.8,4,3,2,1,3,0
R144.12,15,8,5,15,3,9
clec-80,7,21,4,8,6,10
nbet-1,6,0,0,4,4,4
C02D5.4,27,43,14,30,25,13
C27F2.9,3,0,8,1,2,5
C39D10.11,20,19,19,4,10,12
C44C10.11,3,0,0,0,0,0
C07A9.12,2,1,1,0,2,0
ZK1320.13,0,0,2,0,1,0
gip-2,9,9,14,7,10,5
ZK822.6,0,0,3,1,0,0
C55A6.12,4,8,6,2,9,2
T01G1.4,10,4,11,2,6,4
cisd-1,53,50,60,58,47,35
C05D12.7,11,17,10,16,13,15
sfxn-5,1,3,6,8,7,4
tbc-12,8,13,23,10,9,4
bpnt-1,31,23,23,19,21,9
tag-229,0,0,0,4,0,1
syd-9,23,36,16,26,16,9
hat-1,18,12,25,15,9,7
set-18,29,15,8,22,15,18
dhhc-14,15,15,14,8,10,3
ham-3,9,4,10,3,12,9
tag-244,0,3,5,3,6,3
tag-232,33,32,21,29,37,18
tag-243,16,5,10,5,8,1
tag-241,35,3,45,31,36,21
D1086.12,0,0,0,0,1,0
tin-9.2,3,1,2,4,0,2
fitm-2,17,12,22,17,27,18
F58G6.9,6,2,9,8,5,1
K02E11.10,0,0,0,15,10,5
C23H4.8,3,9,4,3,5,0
D1025.10,14,3,9,2,12,4
K09E9.4,2,6,3,0,3,7
C30G7.2,2,23,13,5,5,6
F43D2.6,4,7,1,6,3,2
suds-3,1,1,1,2,0,0
Y51A2D.21,0,6,3,7,3,2
F41G3.18,0,0,1,0,0,0
C17E4.11,27,64,31,9,17,15
Y87G2A.19,45,49,42,33,53,32
W02A2.9,1,0,1,0,0,0
C25F9.10,0,0,0,1,0,0
C01B10.11,69,52,60,56,70,33
F10C1.9,10,12,10,11,11,5
rad-8,5,10,15,17,1,3
H20J04.9,4,11,7,7,0,2
F41G3.21,5,4,5,2,9,2
tag-267,9,3,11,11,12,10
tag-266,1,1,1,1,0,0
mrps-30,32,32,29,34,57,25
tag-280,1,4,2,3,2,1
tag-281,6,9,6,2,7,3
ufm-1,9,0,11,8,4,8
tag-321,0,2,4,0,3,0
tag-322,7,3,13,6,2,1
cpsf-4,5,6,3,7,4,3
alr-1,1,3,1,2,0,0
mrpl-39,25,13,26,15,15,17
Y48G1C.12,6,1,4,7,9,2
Y73B6BL.44,5,7,3,0,3,3
C27D6.12,1,3,5,4,4,6
ZK1290.14,7,0,2,0,10,3
Y55B1BR.6,4,4,4,2,7,0
fbxa-219,2,2,2,1,0,0
C08G5.7,3,13,4,1,9,2
W10C8.6,0,0,0,0,0,0
Y51F10.11,10,2,3,7,1,1
adpr-1,9,26,8,5,9,14
Y102E9.5,1,0,3,4,3,3
F23F12.13,3,1,5,2,1,0
Y48A5A.3,4,0,4,0,0,0
R05C11.4,5,0,7,1,0,0
Y69A2AL.2,0,0,3,0,4,0
clec-173,3,5,10,6,6,2
ZK185.5,10,2,11,6,6,2
F29B9.12,13,11,4,1,7,2
H06H21.11,8,4,11,6,0,6
Y54G2A.41,2,0,6,2,8,0
Y54G2A.45,22,14,27,18,18,14
T19E7.6,5,1,4,8,4,1
nsy-7,5,0,0,5,0,1
nlp-70,10,9,4,15,13,10
R09E12.9,1,1,1,0,0,0
T23B12.11,6,7,4,6,13,2
ntc-1,2,1,0,5,0,0
T10F2.5,3,3,5,0,3,0
ttr-36,8,3,5,4,4,4
K02A11.4,0,0,0,2,1,0
glrx-22,8,7,1,0,5,0
tbcc-1,2,0,0,1,7,0
bus-8,1,0,1,3,2,2
B0393.9,0,1,2,2,1,1
rft-1,10,0,2,2,0,1
F23A7.8,5,6,6,5,0,0
B0432.14,5,1,0,3,1,1
B0205.13,8,7,9,1,9,2
Y71G10AR.4,35,59,59,49,45,22
egrh-3,15,24,16,12,8,16
F33G12.7,1,0,1,1,0,0
ZK353.10,3,2,6,1,0,0
flp-28,8,8,9,2,3,1
arid-1,55,78,76,40,45,22
F52E1.14,11,7,12,13,11,10
K09F5.6,20,24,21,21,24,9
AH9.6,3,5,15,0,2,2
metl-2,7,8,3,3,4,5
R02E4.3,0,0,0,0,2,0
T03G11.10,12,5,10,16,19,5
ttr-45,7,7,17,12,5,5
crb-3,7,2,4,2,6,0
Y62E10A.20,0,0,0,2,3,1
C53H9.3,1,3,4,0,3,2
pals-19,7,3,5,1,2,4
ZK688.11,5,6,6,2,5,1
C53C11.5,2,10,1,2,2,4
F16B3.3,3,2,3,10,4,9
T10H9.8,2,1,0,2,0,2
F13H10.8,4,2,1,1,0,1
T07A9.14,6,15,28,7,4,5
F59C6.14,2,0,1,0,3,2
F13E9.13,0,0,3,0,0,0
F12E12.11,3,2,6,0,0,0
T07C4.12,4,7,6,4,2,2
Y41G9A.10,0,3,0,0,4,0
F40F8.11,15,17,15,12,7,8
F53C11.9,0,1,1,2,2,0
M106.7,5,7,5,7,8,5
Y49A10A.2,4,4,10,7,8,0
W01A8.8,2,3,5,2,0,1
Y37A1B.17,47,67,56,32,32,45
K12C11.6,0,1,2,0,0,0
Y37A1A.4,7,8,4,8,6,5
aho-3,10,12,15,5,8,4
F13E9.15,1,2,0,3,7,1
Y110A7A.21,1,1,2,1,1,0
C29E4.15,0,0,0,0,6,1
T07A9.15,3,0,0,0,0,0
F18E3.12,0,3,0,2,7,0
F18E3.13,4,2,5,12,6,13
C45B11.6,2,1,2,0,0,0
sup-46,9,11,9,21,15,7
nlp-76,21,33,25,19,42,13
K09H9.8,5,8,9,1,3,1
C38C3.10,2,0,1,0,0,2
Y54G2A.52,8,2,0,2,6,0
C25F9.11,8,8,14,3,2,2
C25F9.12,2,0,0,2,2,0
F15B9.10,5,12,10,10,15,2
lsy-12,50,34,52,39,32,26
F49D11.10,65,56,53,37,40,14
F26G1.11,0,1,0,4,0,0
C25F9.14,0,4,2,2,2,0
oxy-5,26,45,26,19,27,28
F10A3.17,1,0,5,4,3,1
Y69H2.15,9,8,3,6,5,1
T10C6.15,3,3,3,0,1,0
Y70C5A.3,3,13,6,7,5,2
R02D5.8,0,1,8,1,1,0
C33F10.14,7,6,6,7,13,5
C14A11.9,13,11,8,11,15,0
M03A1.8,7,3,3,0,3,2
maf-1,2,11,3,7,5,11
C41G7.8,0,0,0,3,2,0
C25A1.16,58,26,61,44,42,15
trpp-1,0,1,2,1,0,2
M106.8,7,8,2,8,6,1
mtp-18,5,13,21,11,13,12
T04C12.11,4,2,2,3,3,2
poml-3,1,3,1,3,4,2
E02H4.7,0,1,0,2,1,0
zip-9,91,100,116,109,96,98
F59C6.16,0,1,0,0,0,0
M04D5.3,0,1,1,3,4,0
C41G7.9,23,32,25,19,21,9
cil-1,6,0,8,5,9,2
C08H9.16,0,1,0,2,0,0
F38A6.5,1,1,2,0,2,0
T04A8.18,5,4,4,2,9,0
F52C12.6,2,1,1,2,2,0
F58H1.8,6,2,20,6,2,4
Y53C12A.10,10,12,6,4,3,6
F56A8.9,3,3,1,2,3,0
F17C8.9,4,7,2,10,4,9
Y54G11A.17,15,16,21,11,14,0
F40G9.17,9,7,13,1,10,1
W10D9.6,6,6,1,0,3,0
F45H11.8,1,0,0,5,4,2
F47G3.4,5,1,9,1,1,0
C25H3.17,0,0,0,0,1,0
C33D9.13,1,4,4,0,0,1
R09E10.13,0,1,3,3,0,0
T02C12.5,0,1,2,0,0,1
C53A5.16,2,0,2,1,5,0
C53A5.17,2,2,7,5,3,0
F19B10.13,1,2,5,0,0,1
ZC513.14,1,0,1,0,1,0
T27F7.4,5,11,4,1,6,6
coa-1,4,2,2,4,4,5
Y59E9AL.36,11,13,5,3,15,7
Y43F8B.24,4,0,0,1,0,0
C07B5.8,0,0,2,0,1,0
ZK1127.13,2,0,0,0,0,0
emc-5,6,18,18,11,23,5
F27E5.9,0,0,1,0,3,0
best-19,8,5,4,3,5,2
F14D2.19,5,0,6,5,4,5
R74.10,2,6,0,4,1,0
Y39G10AR.32,2,0,6,3,1,1
C17E4.20,12,7,7,5,3,5
C02B8.12,4,0,3,0,0,0
Y54G2A.75,3,3,12,8,5,9
C01G5.25,0,1,0,0,0,0
F54H5.14,1,4,4,3,0,0
R06F6.14,0,4,5,2,3,1
sqst-5,0,1,5,3,3,2
Y62E10A.23,2,4,14,12,2,7
Y65B4BM.3,28,41,53,60,66,37
F49E8.8,1,1,7,6,3,6
C42C1.19,2,3,8,5,2,2
F53E2.2,97,156,146,89,108,125
Y37E11AM.4,1,8,2,3,4,8
C24G6.13,2,1,6,4,1,0
H06H21.37,4,1,2,1,5,0
F53G2.12,0,3,3,1,1,6
C37C3.18,28,30,23,30,32,18
Y48E1B.17,8,3,6,9,5,9
mrpl-42,3,3,6,2,6,7
F17C11.26,8,14,22,12,11,19
F20C5.11,19,36,25,22,22,12
F02A9.10,87,74,94,61,54,40
K07F5.22,8,12,18,8,8,13
T20D3.14,7,17,16,8,13,9
C25A1.20,6,11,5,6,5,0
C07G2.5,0,0,0,0,0,0
R07E5.19,12,20,14,7,19,11
