"logFC","logCPM","F","PValue","FDR","gene"
4.83087606715163,8.12998780876559,946.842686496242,4.94227269595369e-18,4.39417465397243e-14,"pgp-8"
3.44447696497739,8.92322274651256,863.306939564556,1.19540075441284e-17,5.31415405374227e-14,"gst-24"
4.46768120118684,6.96686413951391,693.868113655299,9.67449888456604e-17,2.75345325605573e-13,"mtl-2"
-6.41898393041371,7.56417401184684,680.560077321357,1.23875975978213e-16,2.75345325605573e-13,"mlt-11"
-7.58457935894582,5.79839064721092,452.670955846411,1.74316429030103e-16,3.09969474101329e-13,"sqt-2"
-4.21156022744662,6.82181519413263,583.505747809344,5.01247231718841e-16,7.42764856202036e-13,"sym-1"
-8.07445981111584,6.27370365051415,391.095681673464,8.42960559732244e-16,1.02495081640948e-12,"dpy-4"
-6.84449541476016,6.68122518831159,534.404845665,9.22236703551438e-16,1.02495081640948e-12,"F41F3.3"
-7.14115531620148,5.86308214869851,413.509559780991,1.67384622304653e-15,1.6535740854563e-12,"dpy-13"
-6.57548484952327,5.97238245193377,453.676177925106,2.62776616273989e-15,2.29023918521112e-12,"Y47D7A.13"
-7.81835670830976,6.02536149649581,349.313430728064,2.83349803591523e-15,2.29023918521112e-12,"sqt-3"
-7.00692587919559,6.10002708805096,419.845919546775,3.36134498294345e-15,2.49047652027918e-12,"lpr-3"
-8.23050370956316,5.65479903460767,297.428598554647,2.36319203834635e-14,1.61624157022595e-11,"col-17"
-7.22715289701956,6.31190481979604,334.310102028671,3.13675023265164e-14,1.99206045132184e-11,"ZK180.5"
-3.62352482244895,6.15803306440423,344.887634089143,6.96586172744063e-14,4.12889844124498e-11,"F44E2.4"
-3.93063805750353,7.52688015147564,338.512445533424,8.24905742084173e-14,4.58389809554399e-11,"noah-1"
-7.10719639913491,5.3393296529985,249.663189343975,9.84504807362554e-14,4.99153633831894e-11,"rol-6"
-7.69625430308084,5.90744828725108,248.691034504865,1.0253872825267e-13,4.99153633831894e-11,"col-90"
-2.8518803111889,6.34680680744138,329.258450758013,1.06668755402159e-13,4.99153633831894e-11,"C09F9.2"
3.00948848913212,6.73145491143066,326.136144677919,1.16444764923025e-13,5.17655202465308e-11,"zig-4"
-6.65702616936059,6.05153913163382,293.871077406701,1.68696763419341e-13,7.14229963600647e-11,"cut-2"
-7.60969702091048,5.058758005675,241.880046080548,1.98477105021199e-13,8.02118154883399e-11,"grl-16"
-10.7250409523274,6.23783773912522,377.622194626739,2.58340881083067e-13,9.9865598856937e-11,"dpy-5"
-6.41317075731146,5.16556705080523,246.263410092841,3.09904388374261e-13,1.14806663209815e-10,"wrt-10"
-7.60239800939382,5.81633558170838,220.318189708616,3.60551356237652e-13,1.23568339353542e-10,"col-41"
-6.44006286759438,5.84235928594386,271.115895611155,3.61351571610854e-13,1.23568339353542e-10,"dao-2"
1.38825036907431,9.45556489030815,268.562804913186,6.9453711010049e-13,2.28708497996424e-10,"irg-4"
-10.7923130068051,6.30272639482038,327.014038504033,8.62772848136977e-13,2.73961192599495e-10,"sqt-1"
-6.23861977586573,5.8887127265039,252.182981835,9.08513022156585e-13,2.7853756137911e-10,"rol-8"
2.58512367046013,5.94318493467178,256.123954862869,1.07223080744721e-12,3.17773470300438e-10,"cyp-33A1"
-4.35577530621665,6.79731503982152,249.782857942109,1.35140645414047e-12,3.77509919276295e-10,"noah-2"
-2.36302011605121,6.54504393674873,249.529152645838,1.35871301505359e-12,3.77509919276295e-10,"txdc-12.1"
-3.80961738359081,6.32421745044734,236.693588046035,2.20278094311897e-12,5.93482586826386e-10,"fbn-1"
-5.64834353588278,5.32456461248934,225.384701157243,2.55956342933389e-12,6.69325836770812e-10,"lpr-5"
1.74050049925937,8.26624720645538,224.762516172113,3.50333881807268e-12,8.89948155185264e-10,"mrp-2"
-5.80812576181103,5.47542527844367,216.920297343287,3.63532546051633e-12,8.97824407484741e-10,"qua-1"
-4.62154886602792,5.39211397324896,223.294173598187,3.94334945979187e-12,9.37296867484486e-10,"F33D4.6"
-4.85079788340679,5.49717733924041,222.826703118309,4.00599268523344e-12,9.37296867484486e-10,"cdh-12"
-7.18730092004389,4.65897173241887,177.31368363193,4.53333046764846e-12,1.03348310738109e-09,"lpr-4"
-7.18857802951381,4.65975067355846,176.37684662711,4.77794240182315e-12,1.06201714736524e-09,"K04H4.2"
-5.85591720532388,4.64072234250193,184.33713407175,5.26511043830558e-12,1.14175846114573e-09,"F30H5.3"
1.44626927908151,7.97544365713668,213.962937618895,5.4605868763789e-12,1.15595423614011e-09,"C29F7.2"
1.93507381509293,6.4713922697204,211.470050574579,6.06909618709987e-12,1.25489149301174e-09,"C48B6.2"
-6.36804031399001,5.12352468855915,180.439312305452,6.48037339679055e-12,1.30947726979238e-09,"glf-1"
1.62032498533417,7.94613798744852,205.133230343528,7.97283599461276e-12,1.57525521840227e-09,"Y66D12A.9"
-7.09329696057727,4.57091748494296,164.819092101206,9.3330460536993e-12,1.80391548833566e-09,"F53B1.4"
1.93095923769431,7.240300038705,200.768718391247,9.66712787575194e-12,1.81041081255643e-09,"ugt-16"
-4.16660764553811,5.4903128344083,201.321909320083,9.77389708724649e-12,1.81041081255643e-09,"ptr-4"
-6.88952786599823,4.37881376075556,161.510955500629,1.14039724205381e-11,2.0692391590001e-09,"dpy-7"
-4.69943966968256,4.97157563416003,195.842728760721,1.20188387383689e-11,2.0963280909453e-09,"dpy-2"
-5.34354679377372,5.41739194686479,194.731764682728,1.20248265254989e-11,2.0963280909453e-09,"H03E18.1"
-2.2488720712148,6.21381906430681,192.115181071063,1.43359014206395e-11,2.40726793634813e-09,"K10D3.4"
-4.1535836326475,4.96542493045366,193.267214045656,1.43499269628221e-11,2.40726793634813e-09,"clec-180"
-9.39217996213449,4.94684850842879,231.569613339382,1.50071027697117e-11,2.47089168010198e-09,"grl-7"
2.07631772637943,6.26924589389026,186.616062509379,1.85633577166343e-11,3.00085115379265e-09,"ugt-39"
-1.75905129925039,7.14948154878805,185.370668518919,1.96956085774879e-11,3.12702956897223e-09,"mua-3"
-5.87071421285325,4.18034290227765,142.311777178607,2.9793165395125e-11,4.57734846423523e-09,"ZK180.6"
-6.34015081956766,4.61338126148134,142.278958559819,2.98601069537333e-11,4.57734846423523e-09,"mlt-8"
-5.19018074086492,4.66058880742173,166.898269034168,3.21370933309986e-11,4.84289655603235e-09,"mlt-10"
-5.7048079613975,5.37829657379287,169.08675722272,3.47134079325285e-11,5.06337926759893e-09,"ZK1025.3"
1.79085427524042,6.85765197652146,173.872034907128,3.47391896663519e-11,5.06337926759893e-09,"cyp-35C1"
-2.49839471120563,5.82923343329981,173.453573751251,3.55256439309235e-11,5.09449193854582e-09,"T19B10.2"
-4.11232934089634,5.02498011809881,173.50124116788,3.72538358088467e-11,5.25752149486438e-09,"col-149"
-6.77066458713811,4.26957430354001,142.161774759131,3.95525926542294e-11,5.49472033263678e-09,"abu-14"
-4.63839267007749,4.76012606449936,167.335439359924,4.6285636882017e-11,6.32117891305463e-09,"col-14"
-8.8025549916645,4.39179402901563,201.345887897787,4.6923609072276e-11,6.32117891305463e-09,"dpy-8"
-4.50723337888415,4.47021430204283,163.713141991959,5.21608959843132e-11,6.92182874920192e-09,"C15F1.2"
-6.01512097961784,4.31212255666012,133.696794410914,5.49504698706521e-11,7.18477393558776e-09,"M03B6.3"
1.94078263812841,6.84468265068779,161.280299718792,6.73261804561859e-11,8.67531986139056e-09,"Y49F6B.2"
-5.79371533880005,4.93839535006056,147.735337066371,7.16356361538909e-11,9.09874915777491e-09,"H42K12.3"
1.38284672473554,7.57683087050462,159.540474699163,7.40318270201778e-11,9.2706616061465e-09,"pgp-3"
1.18005342662273,8.26602968032431,151.900314838488,1.13654056465686e-10,1.40346974449502e-08,"Y61A9LA.10"
-4.80587661819732,4.7431403405086,148.381682335176,1.2406197810128e-10,1.50043600800887e-08,"pqn-32"
-6.75311390702296,4.25348515223174,126.093802562395,1.24881638277647e-10,1.50043600800887e-08,"wrt-2"
-6.54996082305365,4.0668072762208,125.739897357219,1.28362690235915e-10,1.52169690518336e-08,"T03G6.1"
-5.8381661499779,4.98298310903463,138.194699916526,1.31407081959235e-10,1.53728995486784e-08,"col-73"
-2.30002127981704,5.52147701502992,148.72862632041,1.3675744716323e-10,1.57910449704971e-08,"C01F1.3"
-5.38280013213264,4.20681515505723,130.277304166338,1.40984939979479e-10,1.60704756584301e-08,"tag-297"
-2.98176674841717,4.86781737034149,147.049575567212,1.52705915883945e-10,1.70996526511551e-08,"col-125"
-1.72044523805892,6.25443172455663,146.706011441126,1.53860332031538e-10,1.70996526511551e-08,"alh-13"
-4.29579122229732,5.19127242841631,146.524806629099,1.62849099649188e-10,1.7875201789888e-08,"F10D11.6"
-1.60225163614494,7.62413005467488,145.150819834331,1.68721212646563e-10,1.82850574886319e-08,"nlp-33"
1.012839635651,9.32649864099712,144.955198315852,1.7069618395641e-10,1.82850574886319e-08,"ugt-22"
1.7689541699288,6.20410705821666,141.634100492432,2.08686809233231e-10,2.20885050106269e-08,"pgp-4"
2.19047811231422,7.00700219582936,140.902656221106,2.18200535185159e-10,2.28237759803676e-08,"pgp-1"
-3.27435202919504,4.95279579316729,140.838041863298,2.23023584923625e-10,2.30570080646041e-08,"lpr-6"
-2.24106383920909,5.33508451184767,140.087721690537,2.29776955397135e-10,2.34070832055689e-08,"Y54G2A.10"
1.12389714137378,8.25442306631411,139.926445593071,2.31675100898668e-10,2.34070832055689e-08,"cth-2"
1.61456287888946,6.91414793142688,135.800770377513,2.99873746941641e-10,2.99570503826756e-08,"ZK1055.7"
-5.13363075726697,4.60700638527709,129.71959314129,3.0461226369486e-10,3.00923070723444e-08,"R07E3.6"
1.23431267163102,8.16265000990195,130.485661634377,4.2238635798032e-10,4.12685396571761e-08,"C29F3.7"
-6.29751269933053,3.84021595687752,108.548649477201,5.11284492599791e-10,4.94112002576603e-08,"H10E21.4"
-9.04197417893595,4.61470376657983,146.971493422341,5.82722113585949e-10,5.57094872246524e-08,"abu-13"
-6.1768768644009,3.73221221482256,106.265393478045,6.22857913467079e-10,5.89130820067638e-08,"dpy-3"
3.38624734424605,4.64448636836958,123.695454673899,6.86608689474244e-10,6.42593458749001e-08,"gadr-6"
-1.68487725538477,5.81568638486137,120.236456448359,8.48161419152178e-10,7.85521164341877e-08,"lys-7"
-1.35058430309027,7.6122612483641,119.919452074836,8.67000411872601e-10,7.94690789892711e-08,"nlp-24"
-4.96973471741239,4.18157026430257,111.575758762202,8.84611292553176e-10,8.00798001897856e-08,"dpy-9"
-5.08133628853871,4.79316449874117,116.766783582603,8.91677001325923e-10,8.00798001897856e-08,"wrt-1"
-8.4844065780874,4.09583256839856,138.956214927841,9.05931652624772e-10,8.05463832348685e-08,"sups-1"
-0.985129840465909,9.20105589930547,118.554759543394,9.55137680978932e-10,8.40804863523137e-08,"metr-1"
-4.21793413252245,4.67469550565384,117.659304489843,1.03875879113656e-09,9.05451412940703e-08,"T26C5.2"
-1.94188049377826,5.32302338768366,117.215030978328,1.05256520643688e-09,9.08578373828181e-08,"F19H8.2"
-1.30098949085109,7.65201544278866,116.364857148737,1.11806804544012e-09,9.55840672308472e-08,"fipr-21"
-1.16616247720947,7.94947461488721,115.827223186313,1.16258189257004e-09,9.77805493191919e-08,"T27D12.1"
-3.21928554888309,4.24268083947755,116.343826660709,1.16575618353777e-09,9.77805493191919e-08,"dpy-10"
-1.60765313357439,6.3427743892353,115.591791280833,1.18290276334444e-09,9.82914810177143e-08,"fkb-5"
1.71256783349553,6.44980926820459,115.019736464147,1.23336242553653e-09,1.00936267901122e-07,"cyp-14A5"
-6.43854641289027,3.96499299503318,98.638254544561,1.23743709382772e-09,1.00936267901122e-07,"cdh-7"
-8.01072895353305,3.66703080292434,133.361439186606,1.24985962605038e-09,1.00963730551558e-07,"C02E7.6"
-8.19177545904951,3.82907248110453,133.214944798216,1.26048522002283e-09,1.00963730551558e-07,"grl-15"
2.02098060537691,5.78918703295053,114.408898319392,1.29036568910824e-09,1.02434297695191e-07,"B0416.7"
-1.96191187987703,5.7469592245196,112.477532158243,1.48896117556243e-09,1.17153573556863e-07,"aagr-4"
-4.27173869808348,4.0655036733956,107.883262935079,1.75119718204668e-09,1.36578018820851e-07,"C34F6.1"
1.0923887461261,7.77253172673395,108.138445523687,2.06862110975387e-09,1.59931393798449e-07,"pro-2"
2.08937276218895,5.94304573522831,107.671150598159,2.14566576032349e-09,1.64457881681346e-07,"cyp-35A3"
1.0941541463399,7.36939097520728,107.125256239677,2.23764905220075e-09,1.70042202761682e-07,"K10C3.5"
-3.22467992112866,7.55431326690473,106.78277892571,2.29854245055873e-09,1.73189329897608e-07,"asp-12"
-2.02991050686443,5.28506579436426,105.576757702435,2.52902418646496e-09,1.88954235645882e-07,"C33G8.2"
1.16369074385822,7.9344548266393,105.352751104341,2.57111878917195e-09,1.90498476287732e-07,"gst-5"
0.981329740165189,8.17934370744089,105.105682650587,2.62174565715705e-09,1.92644137502342e-07,"lpd-6"
-1.13956882245428,7.26972584265368,103.938609356908,2.87666844006421e-09,2.09643107382057e-07,"C50F7.5"
-3.87084195684185,4.07677442792318,102.362212778558,3.1468836915015e-09,2.27471080497072e-07,"cuti-1"
2.15759855448843,5.26368971664669,102.508473346341,3.23075847665431e-09,2.31024394668359e-07,"fmo-2"
1.55746338433226,5.83764470031457,102.430949894793,3.24800914785119e-09,2.31024394668359e-07,"F59A7.2"
-1.70838683398244,5.91268620995623,102.030063637134,3.35531166172492e-09,2.36762507812669e-07,"hrg-2"
-4.44038032825633,3.98401880564759,97.6809003851841,3.5173906119832e-09,2.46245038827895e-07,"Y65B4BM.3"
-4.48856619861575,3.75634300242293,95.0066133954324,3.5652565613648e-09,2.47646063180425e-07,"col-104"
-4.94324263159324,3.36224965345807,84.8736520191132,3.97616395446359e-09,2.74047083094076e-07,"F56D2.3"
-2.03047032233347,5.28342786010004,99.8021677098016,4.02994389528777e-09,2.75617162869258e-07,"F23H12.5"
0.816164008589351,10.4211359145003,99.2652143152024,4.20841676479078e-09,2.85620002032629e-07,"K07H8.10"
-1.38832663990862,6.24319831805709,99.1761184946529,4.24044992332775e-09,2.85620002032629e-07,"ttr-8"
1.28492119578728,6.47094777137535,99.0311008017707,4.29159926261889e-09,2.86891797322891e-07,"aly-1"
1.07955563630956,7.92071726588382,97.2221081844932,4.99399662024581e-09,3.31355402616459e-07,"tag-151"
1.91610680664786,5.21272361024456,97.0503928491681,5.07194643238334e-09,3.34034635039409e-07,"mrp-6"
-4.66335234082701,4.41052213160548,94.9410660916871,5.11232211787158e-09,3.34218058455854e-07,"T19A5.3"
-1.15538745334747,7.32320210339697,96.4563902273958,5.3290111566338e-09,3.45841154698037e-07,"Y50D4B.4"
2.42214184080942,5.28158502664993,95.8828905474481,5.60485487419585e-09,3.61106990481705e-07,"T16G1.6"
-1.47133742635237,7.51703708399465,92.9908600812374,7.18846249993013e-09,4.59803022207761e-07,"acs-2"
4.01935800623637,3.95790691271864,91.1592793777061,7.78928760776578e-09,4.94675400861754e-07,"F10D2.8"
-1.00608766741716,8.37555711385729,91.3766774676852,8.29001230643572e-09,5.22741130613617e-07,"his-24"
1.36186309799329,6.11440415070986,90.7804934319849,8.74462391495732e-09,5.47524304421729e-07,"Y66D12A.8"
-5.94842966408889,3.53094208868758,79.0812658825632,8.96782987498094e-09,5.57573254674514e-07,"wrt-4"
-5.91439195586588,3.50086821599461,78.8862315098836,9.1697609363365e-09,5.6368864485118e-07,"F13H8.5"
-0.938406400921608,8.43662461654766,90.2210885926394,9.19298768455978e-09,5.6368864485118e-07,"ugt-12"
-1.67214005530266,5.8813756511288,89.4405879300207,9.86721891102556e-09,6.00886598204988e-07,"gly-8"
-7.62669978479458,3.32918095899818,100.492962186537,1.09768298724218e-08,6.63911526501373e-07,"let-4"
-4.1161357278402,3.4414669573728,82.7219937731886,1.151185262549e-08,6.88348755038047e-07,"nas-37"
-1.52857918183444,5.58090471921226,87.7308692316562,1.15357062760847e-08,6.88348755038047e-07,"let-653"
-2.80126820009121,4.22615115788515,87.8399000144266,1.16927613716446e-08,6.93068942368617e-07,"suro-1"
-8.02561063119091,3.68023853168048,99.0106275310113,1.22723133805611e-08,7.22603564679262e-07,"D1014.5"
-8.28130740134823,3.90971989984336,98.093067169735,1.31603009627263e-08,7.697910253921e-07,"K02E11.10"
-3.82631219877444,3.68049921060517,84.558807841986,1.32551727445551e-08,7.70272816155815e-07,"K02E10.4"
-3.25312354958362,3.8398779550989,86.2566549242277,1.34349699016824e-08,7.75651411661415e-07,"col-97"
-3.99095365890705,3.60061412599478,82.8032214108995,1.39330620252019e-08,7.99218415910132e-07,"F35F10.1"
-1.03972085020631,7.97169129500333,85.4336633567429,1.4279888751733e-08,8.13862121100373e-07,"dpy-6"
-7.73853097239918,3.42602491294216,96.9107733941891,1.44190024206569e-08,8.16556372751977e-07,"K08B12.1"
1.10601156047534,7.03587636455003,84.8709217448243,1.50591696691747e-08,8.4613028443751e-07,"npp-11"
-1.35853504962022,5.90525431542964,84.8221621551488,1.51315617169682e-08,8.4613028443751e-07,"grsp-1"
-5.47129281861613,3.81909404360579,72.9122974794029,1.53739572231887e-08,8.54311585446066e-07,"T06D8.10"
3.61524036246167,4.06764924306298,84.2907257259847,1.61863554088559e-08,8.9386885677104e-07,"pud-3"
1.32674004644764,6.63435933711217,83.4414507379392,1.72568720956943e-08,9.47104011128507e-07,"C40H1.8"
-1.50650491506909,6.08229308297444,83.0956044693798,1.78422689442378e-08,9.73203263309556e-07,"lys-4"
1.43174351939941,6.05250933450846,83.0321440901184,1.79513367655795e-08,9.73203263309556e-07,"ZK742.4"
1.20487543514276,6.56514116276423,82.9580012673068,1.80781406003084e-08,9.74137867135404e-07,"K01C8.1"
-1.2635104219675,7.17228904199211,82.2559712783139,1.93475732441643e-08,1.03626068502328e-06,"ilys-5"
-5.5506657699897,3.19001109672952,71.6889419110297,2.10381598584595e-08,1.12006155270397e-06,"C13C12.2"
-3.72524680182272,3.95300767889628,80.554438964475,2.21597702549371e-08,1.17275307938479e-06,"lgx-1"
1.31466245760822,6.03676573170452,80.5049159482858,2.29698529435538e-08,1.2084317308943e-06,"ugt-45"
-0.735429537517821,10.3890651815928,79.8864780560846,2.44172567769479e-08,1.27702252943437e-06,"fasn-1"
-4.83497298311427,3.71869802554908,72.5484933265563,2.51179654383473e-08,1.30598731410728e-06,"Y73E7A.8"
-5.55125139182106,3.1909475310005,69.9433788076304,2.59680946662907e-08,1.34233912603483e-06,"lon-3"
-1.29362685849294,6.61344006634116,79.1470955712227,2.62894275116243e-08,1.35109421968701e-06,"C31C9.2"
0.948283677594498,7.29059861455129,78.7805577039012,2.72729486568118e-08,1.39358497992939e-06,"wdr-12"
1.13266824725511,6.72566146461975,77.8107250353963,3.00824688766091e-08,1.52107201824597e-06,"W07E6.2"
-4.22419555063568,3.53143884869391,73.6043572177189,3.01889562897742e-08,1.52107201824597e-06,"C14F11.6"
-4.87742566912651,3.75698072384244,70.9511976168567,3.02811547890605e-08,1.52107201824597e-06,"R02E4.3"
-1.49071344493181,6.95747529832604,76.367274474915,3.48708036871072e-08,1.73721168689022e-06,"cpz-1"
-1.146063689797,6.37835823197692,76.3387910978874,3.49747938312169e-08,1.73721168689022e-06,"acn-1"
-1.83075634097828,4.83520898662373,74.0406568243399,4.45229727631041e-08,2.19571951730113e-06,"tre-5"
-2.4277961488911,4.4649283911478,74.0585250112806,4.46997224869535e-08,2.19571951730113e-06,"Y71G12B.25"
-7.46611577419547,3.19090005897813,82.9997582263002,4.54792616038925e-08,2.22173689516598e-06,"Y75B7AR.1"
-2.14315279706369,4.98944629766849,73.361780747431,4.78573058740727e-08,2.32513282254853e-06,"T27A10.6"
0.880020823455457,7.31124422427284,72.6916042141336,5.13259369845355e-08,2.48010274852992e-06,"ech-7"
-0.775146598255558,8.48121853903489,71.5932295641889,5.7784770994198e-08,2.77710485896981e-06,"cah-4"
-4.0909635362719,3.09662122428269,64.9169589531967,6.31084255405641e-08,3.01665059936105e-06,"Y43F8B.3"
-7.58823700932904,3.29585954519315,79.0137791228901,6.51023876132309e-08,3.09532261106543e-06,"R02F11.1"
0.763457250554106,8.3804065619657,70.0122341940864,6.87136417736791e-08,3.24496608376743e-06,"ivd-1"
-0.931230755993726,7.03433367607398,69.9776478340287,6.89797086752947e-08,3.24496608376743e-06,"dpy-11"
-4.29930872135242,4.08595741555579,68.4552449223177,7.15095935937363e-08,3.34627261390479e-06,"E01G6.1"
-7.30699784529781,3.05671103823978,77.6155428605684,7.41263876948295e-08,3.45056394238078e-06,"col-173"
-3.70144363954288,3.93007279601403,68.3099728496097,8.08399373087577e-08,3.74347855527169e-06,"cdh-10"
-0.836250840300429,9.23216432036397,67.7412170781944,8.86134363261233e-08,4.06376728156822e-06,"lrp-1"
-0.798541069196983,9.57934229154581,67.7355239530424,8.86706616380873e-08,4.06376728156822e-06,"gln-3"
0.916992760421367,7.3585563694115,66.9735131960337,9.67191719127153e-08,4.40989824346642e-06,"T21B10.3"
1.06175570774505,7.89089675972667,66.7719374024778,9.89792753153878e-08,4.48992212667915e-06,"nog-1"
-7.93626730268177,3.60047526687254,74.2006678667586,1.02470468588258e-07,4.62469510770663e-06,"Y11D7A.9"
-1.14951994018836,7.32986582597031,66.1097323745119,1.06827480110713e-07,4.79698548315328e-06,"txdc-12.2"
-7.46621447355848,3.19095682920418,73.142206217644,1.13637411909279e-07,5.07667894984646e-06,"K08E7.5"
0.864564388724491,7.24663837523625,65.5348391568384,1.14198154309897e-07,5.07667894984646e-06,"rbm-28"
0.766193098107261,8.47657114540412,65.4557585294278,1.15252097610437e-07,5.09804179032037e-06,"npp-9"
-3.38653575281243,3.66923261944363,65.0851740693483,1.17267320748408e-07,5.16150370680245e-06,"bus-8"
0.762852479037514,8.0471035295243,65.2545102374981,1.17991394159928e-07,5.1677905688469e-06,"rop-1"
0.949137655578724,6.87118855912906,65.2124976192908,1.18578088945818e-07,5.16802837655524e-06,"T20B12.3"
-7.82429360388569,3.50133119018732,72.5563237053509,1.20332508385034e-07,5.20748305511326e-06,"grl-5"
0.805208611174345,7.87506480059552,65.0637538553445,1.2065476429573e-07,5.20748305511326e-06,"Y45F10D.7"
3.66728088386253,3.47331863420201,63.3883151006932,1.30190754453229e-07,5.59191303306114e-06,"F08G2.5"
0.683201805325695,9.49237594759883,63.6164527608762,1.43153825232005e-07,6.11913778912383e-06,"ugt-62"
-1.24277629496448,5.7004507138846,63.4913009724271,1.45339349747723e-07,6.18283329477035e-06,"ugt-57"
-0.768977057883176,8.55686058337011,63.2096051547541,1.50285317150961e-07,6.36279407042475e-06,"mua-6"
-0.941387783723127,7.90958478035127,62.89675602478,1.56037565651689e-07,6.57502367871642e-06,"ZK632.4"
-1.22784872450393,6.62429026044835,62.4501915203393,1.6467957029013e-07,6.90644367664878e-06,"oac-46"
-0.744078253102255,8.61462970840873,62.2887553531042,1.67917267782785e-07,7.00916632796591e-06,"alh-9"
1.50392084740154,5.02831383899243,60.8552732818346,2.0020187558271e-07,8.31773306451342e-06,"K08C7.1"
1.53620391463739,5.62283278744256,60.7406831472639,2.02986203647831e-07,8.39418761224587e-06,"T02B11.4"
-5.31397504739637,2.99496246089209,54.4713285493203,2.06089554484499e-07,8.4830658746374e-06,"grd-14"
0.749000002732726,8.01540206010823,60.2474911076061,2.15721382299368e-07,8.83861202775888e-06,"Y39B6A.33"
-0.851418040818495,7.7145507011961,59.8337918633255,2.27140738657744e-07,9.26379957525689e-06,"tps-2"
0.972072958494376,6.85708694448727,59.5777113585556,2.34547286754071e-07,9.5221914453445e-06,"Y17G7B.20"
-7.61054235775507,3.31426618393933,65.8930769772286,2.38227224463012e-07,9.62762842136654e-06,"pqn-13"
-0.85848098680578,7.22728122799228,59.202654472711,2.45863448917813e-07,9.89127567569354e-06,"vap-1"
0.918256416312265,7.28215934365412,58.8752089417794,2.56241318587034e-07,1.02623493853933e-05,"T26G10.1"
-4.88628790313532,3.31446276140624,51.995751091654,2.63717063913297e-07,1.05099897916474e-05,"col-109"
0.885797889115476,6.98771679978418,58.6164375599449,2.64788855396358e-07,1.05099897916474e-05,"lem-2"
1.4403267400326,5.11529904383957,58.5440736522454,2.67353731922387e-07,1.05646312467642e-05,"T16G1.7"
-1.60105318867045,5.86165882863228,58.0415384598758,2.84968728586011e-07,1.12108715303461e-05,"F16B4.4"
-3.39754305705678,3.68133910397665,57.3589619498893,3.0392378977391e-07,1.19039049113649e-05,"lgc-22"
-1.00712332462602,6.40374964293851,55.8792589470513,3.77221349848886e-07,1.46951777912207e-05,"M79.2"
-0.895015555173859,6.84090829009836,55.8534886827586,3.78494625372798e-07,1.46951777912207e-05,"lmd-5"
0.807425208387072,7.66402330864746,55.7165483818258,3.85377993019914e-07,1.48973727649568e-05,"gst-7"
0.887141836474496,8.00173760033473,55.3462502256265,4.04721134248544e-07,1.55773835697134e-05,"pyr-1"
-0.843199744384481,8.25312217478918,55.14698112515,4.15571725449941e-07,1.59260698748941e-05,"D2030.2"
-1.14801219752242,11.3208358480243,54.9615166693493,4.25960126719475e-07,1.62541265522011e-05,"icl-1"
0.722180675270614,7.83720682930985,54.8195220114118,4.34112606483623e-07,1.64944238642987e-05,"JC8.2"
-0.59676203327185,9.58223035581896,54.6110983355367,4.46381968952503e-07,1.68884344083264e-05,"mup-4"
0.888555483961823,7.12556433993387,54.0741472393435,4.79818234109341e-07,1.80765420316362e-05,"F13H6.3"
0.810501580126684,6.88152089300232,53.8548597969757,4.94256959594394e-07,1.85419351382015e-05,"C17H12.4"
-2.32858979895208,3.85274764027458,53.9229062384057,4.97775200581511e-07,1.85458489825807e-05,"Y37D8A.3"
-3.63427842104329,3.70822672643207,53.3842905001543,4.98533112904824e-07,1.85458489825807e-05,"F15B9.8"
-0.761986147635551,7.29768501366328,53.656477408329,5.07718290110781e-07,1.8808847155729e-05,"phy-2"
-0.966075849909668,6.97490516495842,53.1721486746904,5.42349275479321e-07,2.00084124825172e-05,"oac-14"
0.723409170424248,8.54768306783729,52.8589764057789,5.66097673840362e-07,2.0798241397168e-05,"puf-12"
-0.985532668919025,6.37484130940915,52.7793973740619,5.72358669014347e-07,2.09417322066114e-05,"grsp-2"
1.15534348033275,6.1138182177988,52.5390885725572,5.91627008090753e-07,2.155801528252e-05,"atl-1"
-3.12389223831679,3.60092557571405,52.4953147508819,5.94329187834818e-07,2.15680849348546e-05,"ptr-2"
0.850284170882562,6.64932657305294,52.1637434762643,6.23109557772358e-07,2.25205978786749e-05,"Y57A10A.27"
0.724500575043192,7.44287062185507,51.8826598994335,6.47900303739043e-07,2.33217878564528e-05,"dcaf-1"
-0.859913282905534,6.88054514914096,51.6291476264499,6.71229258343779e-07,2.40641102255425e-05,"ttr-31"
0.696469541187357,8.19924031364761,51.0088344039423,7.32243238977291e-07,2.61460828825184e-05,"elo-5"
-3.20766517246863,3.36231032400226,50.1849746855867,7.81206480376518e-07,2.77828272681105e-05,"col-180"
1.86043265687491,4.18611864432809,50.3852312055168,8.02486876052584e-07,2.84259395019264e-05,"ugt-29"
-0.658956014856844,12.6015721784473,49.9891012332171,8.46335077773314e-07,2.98601792717561e-05,"hsp-90"
1.05108360671822,6.18546361725351,49.9201288322683,8.54801090805841e-07,3.00396699539713e-05,"C05C10.2"
0.737132140870042,8.47022204976988,49.827614415905,8.6614154294191e-07,3.03183640090414e-05,"sur-5"
0.766861948222739,7.19895268111694,49.6300902608907,8.91089675234265e-07,3.10693266765014e-05,"F13H8.2"
0.811918692962343,6.83027111422578,49.3526858614619,9.27448386969976e-07,3.22107172208986e-05,"K07F5.14"
0.638726448458591,8.79568600518168,49.1878925844812,9.49773738149126e-07,3.27742138447597e-05,"npp-12"
-2.18319833042228,4.22369213728496,49.2192892745204,9.51045683494319e-07,3.27742138447597e-05,"fbxa-72"
0.710050848376021,7.50564599272218,49.1500931333651,9.55003794525503e-07,3.27835472475917e-05,"cdr-4"
0.756741941326023,7.40172767146467,48.9221498435997,9.87120026454587e-07,3.37557082892605e-05,"F58B4.5"
0.768190757080408,7.51528734883228,48.8770619259366,9.93611163830049e-07,3.3847497538747e-05,"dis-3"
-2.84445293211574,4.10806106751796,48.9249526258669,1.00473394887707e-06,3.40913869236644e-05,"ZC123.1"
-1.42384189104381,5.21822907846186,48.7778246328663,1.00843940624494e-06,3.40913869236644e-05,"R11D1.3"
0.79419707802549,7.75378944197439,48.6988032211047,1.01974252613968e-06,3.4342919696621e-05,"nstp-2"
0.973535924050936,5.95214641185655,48.5825449685285,1.03728263886842e-06,3.48018111025627e-05,"vrk-1"
-0.649869165642453,8.20820882620105,48.5466947191633,1.04262835735718e-06,3.48471711452923e-05,"cpr-6"
1.43740078261567,5.0021043326348,48.5248738417085,1.04647336585233e-06,3.48471711452923e-05,"scl-24"
0.723431012398358,7.52393630871532,48.1307624127132,1.10821180785443e-06,3.67653402374393e-05,"K08D8.6"
-1.0884670776944,5.72346991626365,47.8782384024337,1.15038730636506e-06,3.80226525683709e-05,"F53B3.5"
-1.13131472270874,5.82461203844865,47.6069476364829,1.197485722333e-06,3.94327613231952e-05,"scav-2"
-4.90360106828317,2.66827453593254,42.9954142802266,1.29078704671202e-06,4.22166783832141e-05,"col-48"
0.837416148165629,6.43328419251019,47.0984802351319,1.29152362166621e-06,4.22166783832141e-05,"mac-1"
-0.723213727167431,9.93524260904844,46.8730740478921,1.33576772754453e-06,4.35029702036571e-05,"C42D4.1"
-1.14980785685968,6.15581161036774,46.6345633786283,1.38462618617542e-06,4.492960372732e-05,"R10D12.1"
-1.03893057621156,7.25424318915336,46.5662753470679,1.39883851608326e-06,4.5212188682861e-05,"hil-3"
-0.691218229115185,9.06089613980052,46.5440176655101,1.40350512613538e-06,4.5212188682861e-05,"sti-1"
-0.64555296909367,7.8435090563619,46.4399705647762,1.42572042365212e-06,4.57620226956352e-05,"del-6"
0.745336075171526,9.05331826738629,46.2935914454345,1.45759528225719e-06,4.66168332897435e-05,"F55F10.1"
0.911475094113216,6.14814381370714,46.2338165109727,1.4709492631761e-06,4.6875304297128e-05,"rrp-8"
0.905356700131828,6.62597462428661,46.1303033729996,1.49417092468342e-06,4.74452631834296e-05,"cyp-35A2"
0.581938157127491,9.44484155549051,46.0791690232587,1.50573860744124e-06,4.76424268995021e-05,"gpi-1"
-0.97669286928769,7.04081765936272,45.729313363594,1.5881483479356e-06,5.00717268138136e-05,"tasp-1"
1.136492158125,5.92576480845006,45.6897531329353,1.5979055491556e-06,5.02013365284185e-05,"F55G11.2"
-3.50565893011042,2.95279250309963,43.7095850967084,1.65043541999316e-06,5.16690891519688e-05,"ZK662.2"
0.945548104033677,6.21619846255728,45.3756296207006,1.67655875962905e-06,5.23027506381119e-05,"ugt-19"
-2.19354179058669,3.88724441946232,45.2838596736749,1.71923013295864e-06,5.34464164759975e-05,"dpf-6"
-1.59001898401186,4.45582308903332,44.9172135029613,1.80169997127628e-06,5.58150329080746e-05,"fkb-3"
0.700452137962587,7.45350817411651,44.7764072187332,1.83879050194765e-06,5.67472801926544e-05,"rha-2"
-2.21368512540891,4.18837864620819,44.795429410078,1.84455786477079e-06,5.67472801926544e-05,"F49E12.12"
-0.970995556162046,6.23980670395986,44.6805385287744,1.86642839802837e-06,5.72221202995524e-05,"ttr-33"
-2.85016287220917,3.51659701866973,44.6732930412285,1.8862764949644e-06,5.76319048684829e-05,"mltn-9"
-0.699127685907808,7.40274261291792,44.359573787896,1.96190798033117e-06,5.95834724325187e-05,"ptr-23"
1.03646123216588,7.23457610450309,44.3542245211259,1.96355386601372e-06,5.95834724325187e-05,"elo-2"
0.696456351943633,7.36889394274389,44.3236891864284,1.97292465465835e-06,5.96641942332223e-05,"F49D11.10"
0.689758043380431,7.560929849491,44.2762429985727,1.98759139622486e-06,5.99039834028313e-05,"K05C4.5"
0.689715652831177,7.60384142031102,44.2537536459016,1.99458658028262e-06,5.99117205584215e-05,"Y65B4A.6"
-0.716516456355283,8.27323678789635,44.1016003048277,2.04261031521996e-06,6.11476374162313e-05,"mthf-1"
-3.05554833138527,3.24535483392259,43.5955384950803,2.11370583141439e-06,6.30636192855883e-05,"ptr-10"
-1.13567055904627,9.02774920081701,43.7035528815185,2.17446269424574e-06,6.46593572392605e-05,"cpt-1"
-2.07888026300247,3.86371468771583,43.7146217047038,2.19155176489592e-06,6.49502891389654e-05,"ugt-30"
1.8408341415781,4.08881700462116,43.3505290027557,2.30723726852357e-06,6.81516496825351e-05,"R03H10.6"
0.788484256729545,7.10716177202762,43.1972607719404,2.35599239158714e-06,6.92733350327537e-05,"baf-1"
-1.07645906732691,5.4255748194819,43.185534149864,2.36079411932565e-06,6.92733350327537e-05,"nhr-85"
-2.24410344167651,3.64119505510692,43.2338090121554,2.38084882689103e-06,6.96319964470004e-05,"C29E4.15"
0.998674856315693,6.25317183757367,43.0218384543548,2.42279877881033e-06,7.06265703029595e-05,"rad-50"
0.828976859454512,6.54161994477683,42.8438519868018,2.49259342444593e-06,7.24236867214013e-05,"B0024.11"
0.584036424045238,8.75154845214937,42.8048322295844,2.50808425855672e-06,7.24560827535384e-05,"nol-2"
0.627145984586624,8.44193078472732,42.8000466672309,2.51000714071419e-06,7.24560827535384e-05,"npp-21"
1.48973201206189,4.62492400522491,42.6616338026781,2.56840228186244e-06,7.39018274693817e-05,"C23H4.8"
1.00912257064498,5.5584955394629,42.3198998964479,2.71168218031408e-06,7.77727944037821e-05,"fbxc-52"
-0.614223658361224,9.92131607101016,42.2420641808889,2.74554567988794e-06,7.83136820750144e-05,"cpl-1"
-0.645900805811306,8.66220704788199,42.2311852282555,2.75037725290784e-06,7.83136820750144e-05,"act-2"
0.691449713638129,7.10839644704775,42.2165382114255,2.75696575070065e-06,7.83136820750144e-05,"sut-2"
-0.601161238698534,8.59627373202349,42.1800345192913,2.77320537671271e-06,7.85241051094035e-05,"calu-1"
0.951875900107655,6.72175820978381,41.8862634881585,2.90854116010908e-06,8.20947284270789e-05,"C53H9.2"
-0.899919813794787,6.22236982856079,41.5330262461225,3.08093080643409e-06,8.66853031645743e-05,"sams-3"
-2.98065626690594,3.34602291012865,41.2767707863316,3.15829765633552e-06,8.85817806387355e-05,"D1054.9"
4.00202244414225,2.9540535340516,38.8746906288194,3.17849592534598e-06,8.8867947397016e-05,"F19B10.13"
0.754315450479649,7.19652997079243,41.1323562331788,3.29002474022067e-06,9.16978368818245e-05,"ddx-52"
-0.592181472016904,8.60515887447301,40.9350936949939,3.39866125277739e-06,9.44296787451367e-05,"gei-4"
-0.835297324892019,6.64008448751557,40.8921150411311,3.423010727538e-06,9.48099326434279e-05,"C30F12.5"
-1.31018296208434,4.68692296713207,40.7151290256143,3.5269623531907e-06,9.71414324269229e-05,"nspe-5"
-2.45218237729267,3.62772217877808,40.8134582558629,3.52903865413296e-06,9.71414324269229e-05,"C26B9.3"
-2.73314214496526,3.29640604947546,40.6397387801174,3.5658175884095e-06,9.78508770942866e-05,"B0393.5"
-0.720592316421292,8.75162023064665,40.6187053295363,3.58140314568766e-06,9.79761703640275e-05,"mnk-1"
-0.958908780776823,7.231129487528,40.544969607604,3.62560446911809e-06,9.888113292923e-05,"suco-1"
-1.00064466569398,5.94818722121569,40.468034573875,3.6725611407378e-06,9.98554773770636e-05,"Y39A1A.9"
-0.880765396366445,9.27840179792686,40.3112669019666,3.76940918019858e-06,0.000102150896307784,"T28F4.5"
-1.05425168869445,6.1836803398965,40.2949285345716,3.77996230854357e-06,0.000102150896307784,"F18C5.10"
-1.34441342436549,4.68843551077091,40.0849022859989,3.9174818818533e-06,0.000105313226243932,"far-5"
-0.748074082155514,6.74365762767495,40.0761745246456,3.92067010310892e-06,0.000105313226243932,"C34E7.4"
-2.12362507181289,3.62897122273121,39.8314745905595,4.14162967110715e-06,0.000110913341583776,"cpg-7"
-2.5974224338272,3.54664205169343,39.6878836704491,4.25419569901584e-06,0.000113585747627477,"C50D2.1"
1.00857499123439,6.05006524468309,39.3493854138266,4.43194050385089e-06,0.000117977194669875,"ptr-13"
-0.954657501788266,5.67661407779559,39.0851578420066,4.63586325557802e-06,0.000123037194642818,"F11C7.2"
2.18272039837077,3.60300562325134,39.0687576388282,4.71136112968036e-06,0.000124668785130917,"F12E12.11"
-2.1952680374806,3.88740851218074,39.0162277407361,4.73554801311506e-06,0.000124936965532955,"lgc-27"
-0.960601709358701,6.03733080749447,38.8889169199102,4.79362952946491e-06,0.000126095148362345,"epg-9"
-1.68707181845658,4.39505087496223,38.7457425706302,4.9199191994332e-06,0.000129035402956226,"ZK105.6"
-0.712853326603512,8.49473554851931,38.6958887291563,4.95442912537426e-06,0.000129285385501964,"nlp-77"
-0.621903367053828,7.6032569444547,38.6911381760466,4.95853294974351e-06,0.000129285385501964,"AC3.5"
-0.775878611903755,6.45767995478518,38.6129392583046,5.02574641133402e-06,0.000130654711529739,"C27A7.1"
-0.951047700455512,7.93981288804308,38.4969044043785,5.12691047723681e-06,0.000132896096364759,"catp-7"
0.662870527854931,7.80936792551665,38.4460237894989,5.1720442071721e-06,0.000133317019279823,"skpo-3"
-0.495521673428158,9.89603593107709,38.4447575294703,5.17313819047788e-06,0.000133317019279823,"ifb-1"
0.88592885896063,6.40926962989273,38.1800102247767,5.41556660776013e-06,0.000139161279507501,"bigr-1"
-0.955002671156432,6.33641320195767,38.0284048948534,5.55990113482937e-06,0.000142458446656392,"F56D3.1"
-0.634244183682153,8.96785759412065,37.9129922821302,5.67229682289681e-06,0.000144740564057588,"fkb-6"
-2.39965938183733,3.58818000345349,37.9978167348893,5.68152703364054e-06,0.000144740564057588,"lgc-21"
0.535553583087164,8.63060008268899,37.7850566694202,5.80017032567068e-06,0.000147340898187252,"C14C10.5"
-0.513730098092372,9.48973009708536,37.5861166391492,6.00536948898637e-06,0.000152118917739538,"cpr-4"
1.83412656963244,4.21051628932041,37.5210243156379,6.08821802400334e-06,0.00015377939332788,"cyp-35A4"
-0.786497565530403,7.28389717264321,37.3613222007067,6.24704160756449e-06,0.000157344042302708,"F32B5.6"
-1.11720748289496,6.4993798589345,37.2592639666825,6.36043244899272e-06,0.00015974747148021,"C25H3.10"
-0.768753943928435,6.82780265129572,37.2269502154606,6.39664682763822e-06,0.0001597968722898,"clec-42"
-1.70030348377296,4.33071651463303,37.2350515250237,6.39834512823855e-06,0.0001597968722898,"F16C3.2"
-0.700067808261625,7.75350354224878,36.9829664974367,6.67815816241685e-06,0.000166317938997334,"acdh-10"
-0.695188574159538,7.09307796310409,36.8714907989631,6.81148112248395e-06,0.00016916446553074,"C48E7.1"
1.10906934462935,5.11403502280257,36.7514660556321,6.95977475800415e-06,0.000172217832991374,"Y45G5AM.3"
0.768035047436897,6.24510184997475,36.7395342187777,6.97316610919972e-06,0.000172217832991374,"E01A2.1"
0.709271569888675,7.77469828241027,36.6884122515709,7.03657456568512e-06,0.000173302450037414,"elo-6"
-1.40940749113453,4.44719422928637,36.4588085635159,7.33780167000695e-06,0.000180222084663071,"ckb-2"
0.585520981276158,7.76866986000456,36.3758489604899,7.44025520164114e-06,0.000182068699200143,"Y48B6A.1"
0.657477289827371,7.13807669853421,36.3656753449708,7.45394292080216e-06,0.000182068699200143,"trd-1"
0.665413024826566,6.97720372804402,36.2736469074961,7.57791564973941e-06,0.000184589720662556,"pabp-2"
0.562335070308546,8.25228171388725,36.174509158445,7.7137682492991e-06,0.000187385556023274,"F23B12.7"
0.722111418756223,7.49009740756538,36.1497559211369,7.7482531499835e-06,0.000187710405331072,"catp-3"
-0.974867205240601,5.7822238323809,36.0814057193251,7.84479295273131e-06,0.000189532755822647,"gad-3"
-0.584031628720557,7.94474465879883,35.926325362849,8.06635083170235e-06,0.000194357520988254,"W01B11.6"
0.554870818614373,8.0853083928354,35.8605544438579,8.16273497905904e-06,0.0001961483154022,"gspd-1"
1.76694647647107,3.98796523121956,35.7891245384846,8.2952432895968e-06,0.000198795170047992,"ZK84.1"
1.83804829323714,3.68285075699354,35.7195745325007,8.43205290282404e-06,0.00020122140352141,"amt-1"
-0.543553557564318,10.2210860961301,35.6748843041105,8.44174823006253e-06,0.00020122140352141,"sams-1"
-0.838147268444587,9.71976174578406,35.5938754277667,8.56677711990464e-06,0.000203655656077733,"hsp-4"
0.701530919988118,7.38063684390401,35.5596012740165,8.62041568139244e-06,0.000204384308862027,"pgp-14"
-0.836207227141693,6.15423618405544,35.4914390012336,8.72830448729254e-06,0.000206391902118399,"lron-9"
-0.818159210485309,6.14432154268359,35.2728333050341,9.08325975534341e-06,0.000214215550357449,"T11B7.5"
1.09183942261793,5.43276589778326,35.1702188242847,9.25624720291523e-06,0.00021771770868021,"tgt-2"
-1.3009088004632,4.85219917748188,35.1453740688781,9.30115028723728e-06,0.000218196641698751,"mlt-9"
0.490275916807039,10.2445406606883,35.1268561269246,9.32862481545237e-06,0.000218265271668913,"imb-3"
-0.873657411236753,6.86579449236357,35.0971017408372,9.37992915529055e-06,0.000218889632860074,"Y54G2A.11"
0.642902685380114,6.96144540446941,35.0273062826832,9.50077318769358e-06,0.000221129252386868,"Y41D4B.11"
-2.80736628703763,3.05769650310149,34.7116094338272,9.71240214213341e-06,0.000225464666960073,"skpo-2"
-1.93515122858184,3.81602993807938,34.9093665762684,9.77559960236969e-06,0.000226340771001742,"bed-3"
0.635946312787155,7.35439204454761,34.8314612020974,9.84909831379616e-06,0.000227450215864835,"ZK792.5"
-1.72516918855781,3.78156910169973,34.7643232517893,1.00258121941897e-05,0.000230931337353733,"F46C8.8"
-0.929270316434237,5.85531876940003,34.613555336285,1.0254198673702e-05,0.000235281067141272,"C39D10.8"
0.727785718753555,9.49408882668437,34.606042286344,1.02675800304593e-05,0.000235281067141272,"lys-2"
-3.05765681699119,3.24508342695351,34.1768416327897,1.07280743974838e-05,0.000245201309686449,"Y57G11C.42"
-0.663980463323586,10.8870828527957,34.2721189671258,1.09242447309112e-05,0.000249044768980849,"acer-1"
0.678172715553115,7.27838972953284,34.1646322166814,1.11455745810004e-05,0.000253440674167965,"npp-14"
0.552704086919792,8.14548159646496,34.1253825766475,1.12273743188779e-05,0.000254649451706999,"npp-10"
0.570279200739563,7.97812562001142,34.0638705696602,1.13571940522018e-05,0.00025693845373569,"K04C2.2"
0.857194846920851,5.76148641249783,33.9132466247417,1.16831277628856e-05,0.000263641342486841,"gstk-1"
-0.800978350436005,6.17437833243418,33.8841333978476,1.17466827640865e-05,0.000264404446722768,"C23H3.2"
-0.719946716860665,6.37951763742515,33.8317250596067,1.18627135087936e-05,0.000266341883350212,"atg-13"
0.596290078773463,7.52491722068788,33.7102988792184,1.21363639948467e-05,0.000271799527149074,"rbd-1"
-2.38763170544428,3.48824781714027,33.6915888182079,1.23594754949588e-05,0.00027610074529065,"R08F11.7"
0.53764945882335,9.35196195377494,33.5803181881708,1.24372837295447e-05,0.00027714258054983,"nap-1"
0.58081300564204,7.39088956900065,33.544499244833,1.25218583864023e-05,0.000278329607283757,"tin-44"
-0.646017705689156,7.22214140861171,33.4668858753613,1.27069950293744e-05,0.000281740381062763,"K09G1.1"
0.848851094388319,6.01017231122555,33.4398183142256,1.27727783515094e-05,0.000282156626287804,"nxt-1"
0.846832402826867,6.07632055502945,33.4329915748841,1.27892386001558e-05,0.000282156626287804,"elpc-3"
-1.80775015895384,4.36972411260756,33.3443130442553,1.30267027157582e-05,0.000286684192687639,"ptr-18"
-1.14734577278994,5.02646413505819,33.2300484277183,1.32941903509609e-05,0.000291848509655291,"ikb-1"
0.789059385985852,6.43272692270893,33.1695248427942,1.3444827597793e-05,0.000294428478256101,"nubp-1"
0.541735027836413,9.24202379009153,32.9237504176868,1.40896209220382e-05,0.000307790711591749,"R107.5"
-2.21984653932855,3.45647968073036,32.9782498873427,1.41439292273342e-05,0.00030821979107899,"C06G1.1"
0.842843320963524,6.30446529233782,32.8772437428344,1.42161614975924e-05,0.000309036410452553,"npp-4"
-0.846271129144963,6.54138243789786,32.8302804151304,1.43444797076954e-05,0.000311065290441756,"grl-4"
-1.84492119858754,3.694283091284,32.6374639011676,1.49928381797213e-05,0.000324291683751623,"C12D5.9"
0.872246431932189,6.0275776133865,32.5830967684891,1.50421477456204e-05,0.000324291683751623,"comt-3"
-0.470236876014389,10.0277666358022,32.5753184206405,1.5063824697944e-05,0.000324291683751623,"unc-52"
-0.87159905838425,6.14049983495892,32.5485678948051,1.51424487955404e-05,0.000325196889471376,"ugt-66"
0.835449471664714,6.43161065138731,32.4320827032372,1.54862806937447e-05,0.000331779570236348,"fcp-1"
1.0997517932733,5.32961130362655,32.2301296785688,1.61053680802646e-05,0.00034421352788854,"irg-6"
-1.39112917052017,4.25276821976577,32.2080123777521,1.61911997658031e-05,0.000345218122584545,"ptr-6"
-2.20326147241542,3.82790822618459,32.0661360257662,1.67723774122862e-05,0.000356754085102002,"col-93"
1.3354547981487,4.33292427704794,31.9995439908386,1.68553158568725e-05,0.000357662561535689,"sdz-8"
-1.09593011526193,5.40489741693375,31.9700908549022,1.69403066037263e-05,0.00035861015717555,"cpg-8"
0.770323535769725,6.45597695624202,31.8856632379784,1.72195769109008e-05,0.000362986263733377,"nol-10"
1.39794361304638,4.34759917934418,31.8873452716123,1.72286810589906e-05,0.000362986263733377,"cyp-13A12"
-0.760066184447731,6.12950856215409,31.8503951039298,1.73388376705956e-05,0.000364443512362331,"zipt-13"
-0.910381551118957,5.93475950752356,31.8295895798309,1.7409846760786e-05,0.000365072989505067,"W01C8.5"
-0.755711322879635,6.41936432382616,31.6162049003462,1.81523588833889e-05,0.000379747347840495,"sta-2"
-0.803050841686851,6.81798040373493,31.5657825253527,1.83328284285435e-05,0.00038262248253094,"pek-1"
-0.779080853086202,7.12143251478325,31.4764345715108,1.86576742712872e-05,0.000388454939414487,"wnk-1"
-0.659315540067748,6.95448298911748,31.4525485373995,1.87457579478488e-05,0.000388454939414487,"nac-1"
-1.06264564659445,6.3824594374413,31.4437769066434,1.87785306529067e-05,0.000388454939414487,"F46G10.2"
0.640669967351599,7.24408976762138,31.439010543001,1.87956939303664e-05,0.000388454939414487,"C24H12.4"
-2.15761882857078,3.41138159293476,31.498654863939,1.88307365749234e-05,0.000388454939414487,"H41C03.1"
1.42500910526073,4.60986921712007,31.3605506420793,1.90995353376753e-05,0.000393087890479794,"aak-1"
0.668158063800343,6.85339320925578,31.2224346726028,1.96170465599092e-05,0.00040280637636063,"sco-1"
-0.794965125101609,8.02922797342724,31.1802692541612,1.97810650980288e-05,0.000405238363563534,"F21C10.10"
0.613701721691306,7.87706342921407,31.0613605935794,2.02530064301388e-05,0.000413952827977849,"mtr-4"
-1.46930665536033,4.26904903017368,30.9313005599429,2.08085220344283e-05,0.000424331581211243,"Y48G1BR.1"
0.692203657686619,6.41202556095331,30.9128374092323,2.08607762559824e-05,0.000424423710965537,"hrg-4"
-0.71234778955373,6.55693584539841,30.8282102106567,2.12155865790986e-05,0.00043065703259079,"gana-1"
-1.56238245379733,4.16364554749415,30.7890001662391,2.14169293360412e-05,0.000433753801199869,"F54C1.1"
-1.22580617537184,4.84703012873123,30.7186959417461,2.16920155152309e-05,0.000438326613513449,"dhs-29"
-1.07695276506902,7.10231143732925,30.6831011313164,2.18393779356841e-05,0.000440303649038929,"anmt-3"
-0.542228799031049,8.76869253531392,30.6468367178616,2.19981248416656e-05,0.000441545786271106,"F22D6.2"
2.12503872553832,3.22948351844746,30.715050123967,2.20003130489371e-05,0.000441545786271106,"mtl-1"
0.608674445916332,6.8427972193926,30.5885442493994,2.22571397235358e-05,0.000445694210094498,"F10E9.4"
-0.962596764051066,5.72207208127922,30.5541759602846,2.24125888202657e-05,0.000447798488092096,"Y43C5A.3"
0.675260440281893,8.86358987159981,30.5319631335729,2.25106583712107e-05,0.000448749469906804,"folt-2"
-0.667886223198141,6.60366431210936,30.3763913630189,2.32266068417462e-05,0.000461986043467485,"hil-2"
-0.575195672964318,8.16480290987892,30.3539398406995,2.33312184154388e-05,0.000463030944043899,"F56C9.10"
-0.978578527858596,5.30876901671136,30.0954475999714,2.45857053294057e-05,0.000486840770787852,"pcm-1"
-0.824338991004275,7.45767031023693,29.8998436379618,2.55780101193037e-05,0.000505364639934954,"lact-4"
-0.546357375185864,7.56749988477623,29.85261416068,2.58250123694877e-05,0.000509113492188725,"C37C3.2"
-1.786644469484,4.11714422007167,29.8025947027181,2.61521394907544e-05,0.000513679949812707,"ptr-1"
-0.93484057129393,5.95481650231731,29.78734714497,2.61721985451756e-05,0.000513679949812707,"T04C4.1"
-0.565543198908889,7.34360775250988,29.6489934090203,2.69207005082611e-05,0.000527206934402971,"ptr-8"
-0.690624047029134,7.7807738477329,29.549011373324,2.74772597378294e-05,0.000536151886082976,"F58B3.6"
0.632002677125044,7.28448662136521,29.5453547472592,2.74980609665771e-05,0.000536151886082976,"nol-6"
-0.619892795133556,8.12198701313252,29.4696813571898,2.79278419546461e-05,0.000543340137458989,"mbf-1"
0.625147401724527,6.85827588815329,29.3146353896529,2.88331937362221e-05,0.000559729094997272,"C43E11.9"
0.748608372342154,6.88395607016813,29.2822938977157,2.90259573373381e-05,0.000562243543978809,"rpac-40"
-0.842085634075925,5.99949545433127,29.2266573189792,2.93618741359819e-05,0.000567513962919597,"tre-2"
0.529466821193683,8.47130289509697,29.196505022041,2.95435364757184e-05,0.000569786513678117,"rpoa-2"
0.85617744133205,5.92364927216469,29.1834654894964,2.96249390283836e-05,0.00057011976818476,"D2030.3"
1.43610488964893,4.34007718044395,29.1679789743342,2.97435050730081e-05,0.000571165234566124,"T04H1.5"
-0.656035604579592,9.29787145139115,29.0138893591103,3.06810554460927e-05,0.000587899275800022,"xbp-1"
-0.739416486740486,6.54419680422702,28.8641030604872,3.16512125493132e-05,0.000605184797367621,"clec-1"
-0.608566723338967,6.95533524816617,28.7163970287566,3.2639890600215e-05,0.000622749500700668,"F26H9.5"
0.452952979344678,9.21278635832651,28.6853481408014,3.28513439764749e-05,0.000625441754378669,"K01G5.5"
1.22034910947293,4.34105652680081,28.654938187611,3.30832588067302e-05,0.000628511226603928,"C33D9.13"
0.596134186553313,6.8428812925245,28.6356467262969,3.3194966623002e-05,0.000629288802228381,"gtf-2F1"
-0.893405190290986,5.24314419610155,28.6247986469176,3.32744803379796e-05,0.000629454052521227,"C53A5.13"
-1.0211338981109,5.09012765000318,28.5814706507188,3.3579137171851e-05,0.000633868595742945,"tba-8"
-1.61698491004533,5.04815270673244,28.5115554227697,3.40794377317379e-05,0.000641949747612037,"Y4C6B.2"
0.491552327990507,8.82635703526808,28.4976470786324,3.4166988508304e-05,0.000642238255448902,"mca-1"
-0.639813486792806,7.20875736665176,28.4263022274323,3.46827444374977e-05,0.000650557554417282,"ech-4"
-0.775058595322318,5.87574179633273,28.3756884926187,3.50551601232838e-05,0.000654842353537126,"W03D8.8"
0.658584079896834,6.50734169188154,28.3750776956894,3.5058481642523e-05,0.000654842353537126,"Y53C12B.1"
-1.17502711734454,4.79182976862275,28.3032057975704,3.56039467120023e-05,0.000663512830094675,"grd-3"
0.936707904533201,5.336759270111,28.2930809745289,3.56719303548819e-05,0.000663512830094675,"Y48G10A.4"
0.665254323183387,6.45719660628683,28.2762707707824,3.57950428708596e-05,0.000664412789488127,"swt-7"
0.830894741856211,5.8783583426892,28.2482857142134,3.60077646436362e-05,0.00066696882384702,"cpsf-3"
0.68379711873631,6.33779304979997,28.2009489093431,3.6368111274995e-05,0.000672242988245282,"rae-1"
0.413196626158449,10.0480689896016,28.1079524860919,3.70881995884224e-05,0.00068413108410926,"C05C10.3"
-0.551351000113642,7.26875531717411,28.0604777697661,3.74630745243597e-05,0.00068961531179313,"K08D12.6"
-0.947602530046706,6.64990239067832,28.0192601928916,3.77920360269591e-05,0.000692932596004723,"cpt-4"
-1.11776269933748,5.16855740779103,28.0191122367985,3.77991574696087e-05,0.000692932596004723,"fip-5"
0.674743534465935,6.9998395515634,27.9785561230348,3.81191457551924e-05,0.000697360750842418,"ugt-1"
0.564210211105968,7.44091591744312,27.9298475620022,3.85146648723002e-05,0.000703149661970475,"C37H5.5"
0.697463329676991,6.80927496243813,27.8948827328906,3.88021847551059e-05,0.000706947181675504,"ttll-5"
-0.607374644774889,7.37226469369885,27.870659367711,3.90019246431173e-05,0.000709133153378233,"msra-1"
-1.33000916207461,4.33719267220777,27.816663973103,3.94842519075703e-05,0.000716437721857567,"ZK593.3"
0.943603379832402,5.31513541895163,27.7676065184441,3.9871196368095e-05,0.000721985350119619,"Y73B6BL.31"
-0.477283514714751,8.28369108532659,27.684677083849,4.05773295333148e-05,0.000733278530245329,"C14B9.2"
0.980756928227091,5.3508474764339,27.6735898358617,4.06784543255802e-05,0.000733614883182016,"C45B2.2"
-0.636470232168705,7.77661511337554,27.66279353502,4.07675582806242e-05,0.000733733523629615,"lgg-2"
-0.657295674159818,7.0052425517692,27.6240739503929,4.11067196135962e-05,0.000738343119362594,"fos-1"
-1.5414226070134,4.14402157253334,27.5418786084485,4.18968614688005e-05,0.000751018135724002,"C42D4.3"
-1.08612816182547,5.0324845152651,27.4516833991251,4.26607305226567e-05,0.000763172143011953,"cnc-8"
1.04879229128706,5.09132331401929,27.4093528151686,4.30485343958212e-05,0.000768563291793667,"gst-15"
0.583992888855345,7.58545620771049,27.1630479036219,4.53853149053229e-05,0.000808658987621696,"K12H4.3"
0.560862787309647,7.0121316050218,27.1005433462495,4.60028830295648e-05,0.000816940464109837,"crn-3"
-0.771102209603422,7.5736447168554,27.0973827063236,4.60338738633482e-05,0.000816940464109837,"acdh-7"
0.757337631681048,6.09298402309489,26.8969630526259,4.80789171612671e-05,0.000851533172272561,"spin-1"
-1.03341325728489,4.79329871870663,26.8301895033813,4.87942587618309e-05,0.000862484601692721,"fkb-4"
-0.770951463735069,6.72137044634141,26.6487444513423,5.07491720332986e-05,0.000895259699500116,"rps-12"
-1.0370433702887,4.92140191745313,26.6386335761899,5.08723809076066e-05,0.000895656116137684,"F59C6.16"
-0.449988620608721,9.18427770423044,26.6100900624907,5.11784098662653e-05,0.00089814366564416,"aass-1"
0.849867734959815,7.2787723976308,26.6068125431139,5.1215705599099e-05,0.00089814366564416,"tatn-1"
1.23074164148514,4.66086613752709,26.5667459074001,5.16855153503669e-05,0.000904565555081698,"ZK512.7"
1.18093750821757,4.79062549565628,26.5575758121455,5.17853860686744e-05,0.000904565555081698,"F11C7.7"
-1.08215089316169,5.06682605237238,26.4882605826184,5.25723182052736e-05,0.000916510747378603,"C34C12.6"
1.18847129203594,4.52027236617515,26.4532172980868,5.29915150311474e-05,0.000922010880903976,"Y46D2A.2"
-0.830478389150056,5.37449618561873,26.2863851556138,5.49520895338567e-05,0.0009541210434586,"clec-7"
0.95011493499787,6.18808038233654,26.2778506010869,5.50516359570647e-05,0.0009541210434586,"eif-2A"
0.4543784156328,8.4082049622787,26.1714990526963,5.63560814962096e-05,0.000974828639266148,"F53F4.11"
0.885975716156208,5.42859699277541,26.1364325004313,5.68000150616148e-05,0.000980599871675373,"nhr-154"
-0.441793328713309,9.42117127974278,26.0821517985173,5.74802189600269e-05,0.00099041981932868,"cct-6"
1.05701712392238,4.69005033505075,26.0673783569542,5.76865857863105e-05,0.000992053064267092,"Y66D12A.10"
0.76892285444424,5.77421317630799,26.0179213392488,5.83072827832493e-05,0.00100079160468314,"F40F4.7"
-0.479864986610432,9.11375816304537,25.9510804515032,5.91744645355544e-05,0.00101371900613798,"daf-41"
0.669352354330004,6.66042955095826,25.8528165899447,6.04822437744824e-05,0.00103413005653639,"Y54H5A.2"
-1.78777399281321,3.93025389467994,25.8399163923809,6.08443824939544e-05,0.00103735737624258,"W07A12.4"
-0.553262186754951,8.79185746277366,25.8214606333814,6.09043471374005e-05,0.00103735737624258,"ZK6.11"
0.777238526442899,5.84568514278605,25.8013577480047,6.11809275187243e-05,0.00104007576781831,"Y47G6A.19"
0.611072405421403,8.24818565628101,25.7043426279638,6.25155328735635e-05,0.00106073588316575,"T01D3.6"
-0.61471028302623,6.592680036419,25.6851210022382,6.27859296729329e-05,0.00106200672134027,"C36B7.6"
0.662930262512098,6.65643209723537,25.6748394511676,6.2930205307107e-05,0.00106200672134027,"F21C10.9"
-0.539129176782384,7.71510445921496,25.6734414213337,6.29487731578361e-05,0.00106200672134027,"catp-8"
1.02450739532937,5.11543946736996,25.6585504959378,6.31683421138304e-05,0.00106369266995088,"samp-1"
-0.607013944424689,8.20183838272949,25.6067532407233,6.38940198266354e-05,0.00107387850714294,"B0303.3"
1.29409404803709,4.05787904225208,25.5481203962203,6.4807108504106e-05,0.00108716981454718,"tbb-6"
1.3131047953536,4.13726980703592,25.4883712686259,6.56726837048477e-05,0.00109961550060226,"F53A2.9"
1.23502541934726,4.72693227303748,25.4425092933044,6.63122607655183e-05,0.00110504664163451,"swt-6"
0.551906767220917,7.26357282032961,25.4375118212294,6.63657665802269e-05,0.00110504664163451,"F27C1.6"
0.774096960068032,5.87178563249254,25.4322992693328,6.64460310280969e-05,0.00110504664163451,"cdr-1"
0.899320734697562,5.87004088953204,25.4290955502422,6.6494202370314e-05,0.00110504664163451,"K11H12.4"
-0.530031804838573,8.09912343617325,25.3470069494247,6.7729412439022e-05,0.00112347426491669,"Y39G10AR.11"
-0.906496721184522,5.47565867784554,25.3073088195881,6.8344236241666e-05,0.00113156164697328,"R07E5.4"
1.27147702046572,4.29213341653321,25.2881184600285,6.86801333344216e-05,0.00113500941538354,"twk-34"
0.654211240660909,6.22761745446873,25.2746373534992,6.8844996649481e-05,0.00113562312655016,"cdc-48.3"
-0.475927726553294,8.70492019607352,25.2447498246376,6.93084367843497e-05,0.00114115057675862,"mel-32"
-0.409187529998739,12.7827863822583,25.2094034963633,6.98636386050146e-05,0.00114816563925542,"hsp-1"
-1.17338245719854,4.42396583967165,25.0149112105263,7.30473119317538e-05,0.00119827241768491,"ZK896.5"
-0.658814664347266,8.60158620335904,24.9141639106005,7.46982965112814e-05,0.00122309862666999,"C17H12.8"
0.575101334112316,7.26681895426565,24.8797994022333,7.52856395640456e-05,0.0012287521312611,"rbm-34"
-0.800148613230935,6.13181176075735,24.8779039520071,7.53199765535148e-05,0.0012287521312611,"his-60"
-0.858976507389826,5.68799181979621,24.7992193175788,7.66850108908307e-05,0.00124872972862706,"dhs-21"
-0.689529699528506,6.27250940358729,24.7595225300192,7.73796081282163e-05,0.00125773692114803,"dct-1"
-0.441977467373529,8.22886129290946,24.7356340887082,7.78003986540644e-05,0.00126226887670308,"asp-4"
0.481934987724363,8.14702028170912,24.6732875684802,7.89170226785427e-05,0.00127805327620205,"lipl-5"
0.535039925930809,7.35181480561115,24.5680293796764,8.08432462938052e-05,0.00130667753560473,"ZK154.1"
0.485755812712976,7.83373846537998,24.5607100835879,8.09784413584754e-05,0.00130667753560473,"ZK546.14"
0.63221250893902,6.29692675532269,24.5411009414762,8.13458600319144e-05,0.00131022833612998,"suf-1"
-0.550032376789095,7.6954268258271,24.39911279382,8.40424409342552e-05,0.00135121400062651,"myrf-1"
-0.660988708126544,8.10595222014784,24.3522324552071,8.49546159653621e-05,0.00136341424286649,"M01H9.3"
0.911570462205204,5.11571274452812,24.2402684104677,8.71911304924213e-05,0.0013956680363079,"Y39A3CL.1"
0.490883132029608,8.20660342142354,24.2353276343441,8.72783070731293e-05,0.0013956680363079,"lap-1"
-0.597515536337655,8.78402227632129,24.2207107705786,8.75736898922324e-05,0.00139787733722054,"ahsa-1"
-0.966286984647646,4.85851390657353,24.1642367209182,8.87457109759028e-05,0.00141404680338128,"C01A2.2"
-1.4699980402724,3.80664542328905,24.1599001399577,8.9027146837369e-05,0.00141599349289991,"T04C12.7"
0.687767276597686,6.12249502457158,24.1351456391183,8.93285800705229e-05,0.00141825072394111,"C16C10.8"
0.700661469040677,7.23358635397414,24.0896025700484,9.02747626379866e-05,0.0014307182078687,"pcyt-1"
0.432289607472527,8.40086409540214,24.0672301878295,9.07435569658729e-05,0.00143558890566473,"oatr-1"
0.728946213611915,5.73370753041621,24.0391089311464,9.13432368928979e-05,0.00144250927036369,"dhs-20"
0.497091902689458,7.39471699567147,24.0177515652844,9.17930597788825e-05,0.00144704272073412,"rpb-2"
-0.793704708569171,5.67166922924285,23.7325023765742,9.8112246862415e-05,0.00154392210062607,"zmp-3"
-1.15446404544181,4.81212406146502,23.6951010590012,9.89954168976819e-05,0.00155506758239804,"acs-20"
-0.772608698042899,5.76214972129906,23.6695911096367,9.95674837666525e-05,0.00156129541123335,"F11A5.9"
0.963255759940917,4.84811662610474,23.6443213336068,0.000100174192503789,0.00156575833680966,"T16G1.4"
-1.29388948983269,4.36762385027068,23.644813581328,0.000100204307012113,0.00156575833680966,"F47B10.9"
0.662656153537904,6.44867119989542,23.4712684677225,0.000104312881844703,0.0016270979517215,"C09B8.4"
0.785590287922331,7.14095556084392,23.3770200820991,0.000106655733494108,0.00166072876794416,"dct-17"
-0.515970540988629,7.53217464941723,23.3413653739109,0.000107556897394279,0.00166767634068373,"tram-1"
0.961304282774089,4.81315382456872,23.3404784058184,0.00010760189942035,0.00166767634068373,"irg-5"
-0.477838397551676,10.177295130274,23.3344501413902,0.000107731877518209,0.00166767634068373,"pyc-1"
0.756437004071389,5.70192734272836,23.3299850316231,0.000107852198390861,0.00166767634068373,"ZK1127.5"
0.56592063474264,7.94788040353931,23.2927231129875,0.000108800154059552,0.00167941348913799,"C18A3.3"
-0.463368167906232,8.34265220191754,23.274995721744,0.000109257365876705,0.00168354807627346,"smk-1"
-1.12109949497686,4.33820616983665,23.2436012920839,0.000110132559066297,0.00169409789387275,"M153.1"
0.961209607843636,5.28853471008552,23.2338354630249,0.000110339248045686,0.00169434586247702,"ZK742.3"
-0.456752942463545,8.9512530813348,23.1351369211635,0.000112940501979082,0.00173130000533796,"hsp-17"
-0.497137578506513,7.5127738600113,23.0939156000817,0.000114053002409649,0.00174324359150403,"alh-3"
0.527766318566647,7.30016749861196,23.0917603350671,0.000114111772607732,0.00174324359150403,"ruvb-2"
-0.775652389744695,5.67421622580731,23.044516419937,0.00011540763523653,0.00175954562405669,"K01A2.5"
-1.07803000124474,4.96817705915474,23.0385519793577,0.000115586859188698,0.00175954562405669,"ttr-32"
-2.2880356231564,2.9749465508484,23.0303504430064,0.000115772600390638,0.00175954562405669,"C23H3.9"
0.630146759194638,6.37951120556715,22.968447106117,0.000117513629087109,0.00178295849183189,"Y52B11A.10"
-0.428226287692202,8.41252937037435,22.8101963930074,0.000122039041597167,0.00184846527911484,"cyn-5"
-0.884334289442507,5.13369291547425,22.7660917039094,0.000123351734285566,0.00186517052641661,"sym-2"
-1.39624490297723,3.88818947720795,22.7065340118998,0.000125320070856127,0.00189171604411176,"C06E7.4"
-0.470741512831519,8.874773714927,22.6298819366826,0.000127435205790319,0.00192038375369783,"cct-3"
-0.6253396527645,7.16024513472309,22.5818533273538,0.000128918167814725,0.00193944404406214,"F47D12.9"
0.426014459880486,8.41593067115257,22.565579497707,0.000129422960407,0.00194374922462608,"skn-1"
-1.01819795137869,4.7627086268802,22.5566469386883,0.000129734232240858,0.00194513837917955,"cyn-6"
-0.424052200025386,9.48781806203918,22.5274966908961,0.000130616211123313,0.00195369658047931,"dpyd-1"
-0.771609700655742,5.79690601132846,22.523646577872,0.000130744513033988,0.00195369658047931,"tag-52"
0.6266280829825,6.44179220594985,22.4764266035926,0.000132238829168755,0.00197271045325402,"T01B7.5"
-0.485626684897515,8.1378919057841,22.4448149629652,0.000133249314629048,0.00198445503579039,"rpl-1"
-0.987823089430237,5.06704836229497,22.3682407014059,0.000135760911696294,0.00201643082649166,"R09E10.13"
1.12224657404056,4.43042303217744,22.3665998527135,0.000135849967952818,0.00201643082649166,"C29F7.1"
0.429800790570577,8.35010988933405,22.3369648215844,0.000136772217292838,0.00202673630658437,"ama-1"
-0.597764455817277,7.09631826645926,22.3114253078902,0.000137623290857145,0.00203595454078348,"F15D3.6"
-0.452135928992252,8.32471917647142,22.2790942988447,0.000138704921068123,0.00204854726447953,"cnx-1"
-0.604092901250638,6.59767493120544,22.2424558490835,0.000139946968171408,0.00206346350582419,"col-80"
1.07230353828021,4.37302270888454,22.2351909110651,0.000140251537406663,0.00206453049516994,"ZK185.5"
0.439162653449512,9.1535304494611,22.1804680777598,0.000142068544013136,0.00208782053689387,"F46F2.3"
0.563670396223989,7.11363557105115,22.1257607705477,0.000143975101418826,0.00211234756883628,"nol-14"
-0.508653271273463,7.35276102784936,22.1129488673329,0.000144424528541255,0.0021154505490285,"ncx-1"
1.08870819133149,4.6531864846516,22.0533776071921,0.000146577810928456,0.0021373138072056,"ZK688.9"
1.36735855392047,4.81620888172537,22.0480204446665,0.000146768354480817,0.0021373138072056,"C45E5.4"
0.729648277589828,5.78650969307173,22.0456350988621,0.000146820921743974,0.0021373138072056,"T10B10.3"
0.427112226568977,8.45980705819428,22.0438279888052,0.000146878724125815,0.0021373138072056,"H06I04.3"
-1.43696609744524,3.99514290073731,22.0365464718246,0.000147340510822003,0.00214053019888632,"K10D3.6"
-0.991319615674527,4.95660034146688,21.956695165405,0.000150066529546511,0.00217416060962714,"C34D10.1"
-0.551229377524695,6.95277487270179,21.9539116572666,0.000150144484794856,0.00217416060962714,"R13D7.2"
-0.459113751945342,9.25620555328394,21.9273960978193,0.000151119584797844,0.00218472232266282,"lgg-1"
-0.640717983832266,7.79501553919585,21.9175912933875,0.000151483639579681,0.00218583605058107,"atg-2"
-0.541862712567242,7.40348452579292,21.9120908224257,0.000151688318885223,0.00218583605058107,"acs-11"
0.42112760209471,8.37839499963094,21.8682963951033,0.000153323979472853,0.00220583090856495,"tald-1"
-0.584193599063906,7.20121024643744,21.7681354467284,0.000157143019533219,0.00225712211093675,"F07F6.8"
-1.63289019311027,3.48627088014767,21.6588977685866,0.000162273919710179,0.00232706035506968,"Y55F3BR.2"
-0.4797959039416,8.5071810483604,21.6273221907385,0.000162686907153782,0.00232922591224521,"asns-2"
0.70210398663155,5.88486741772308,21.55579208107,0.000165593247654973,0.00236702502395557,"attf-6"
0.395001646320627,9.34036821182305,21.4677702668265,0.000169233165974901,0.00241517187589541,"T25B9.9"
-0.917715802912312,5.95740365595266,21.4547543970044,0.000169787596392727,0.00241920115308931,"zig-7"
0.543359773391255,6.8908649390882,21.4205214105801,0.000171230050670015,0.00243585020881137,"clec-186"
-0.717330167682634,5.68253795215226,21.3894197874246,0.000172563948450193,0.00245090425825985,"dut-1"
0.379521040964806,9.61602875624579,21.3797226117343,0.000172969988081837,0.00245275305268838,"lmn-1"
0.515802815064771,6.84369489197951,21.3729681169786,0.000173263326893339,0.00245300038122401,"riok-2"
0.81529178435238,5.27058312962942,21.3388927177511,0.000174750057932827,0.00246739633661165,"F39B2.3"
-1.17030725096385,4.78091071702881,21.3375902722251,0.000174835191999251,0.00246739633661165,"Y71G12B.6"
-1.12186734985401,4.55939126755325,21.3296268100997,0.00017519790298825,0.00246859675985503,"coel-1"
1.19475396164542,4.05882028758517,21.2885256497335,0.000177074758031733,0.00249109442034832,"zig-3"
0.433939286756869,8.07510168297642,21.27561560436,0.000177506734906062,0.00249322650876745,"pro-3"
-0.930709407736306,4.81731358946074,21.2461947496817,0.000178848527375951,0.00250811081529902,"kin-16"
-0.702514981095072,6.39627096150946,21.2379970504151,0.000179182428516155,0.00250883617627896,"T07E3.4"
0.632975441573042,6.72508976659585,21.1153793740679,0.000184751414229014,0.00258274343382102,"sumv-2"
-1.09283703158085,5.0712667596571,21.0827916371648,0.000186289008579405,0.00259736577602316,"mlt-3"
-0.627943590429629,6.24755457853566,21.0802987338528,0.000186381662929117,0.00259736577602316,"B0222.5"
-0.519306165527752,7.49942411233939,21.0600952291451,0.000187323176923102,0.00260640119878451,"xnp-1"
-1.30068520567623,4.31219309137207,21.0486367614586,0.00018797356783343,0.00260927173060764,"pitr-5"
-0.544570456627779,6.73622802315923,21.0322052028073,0.000188638538913822,0.00260927173060764,"F53B3.6"
-0.490154757296113,8.89464764749894,21.0299157539106,0.000188743510927836,0.00260927173060764,"dnj-12"
-0.644119974765743,6.1458092522464,21.0253159213152,0.000188966828232254,0.00260927173060764,"C54G4.7"
1.11124647840961,4.29903495584901,21.0264459822068,0.000188996850130618,0.00260927173060764,"gst-14"
-0.395695393512433,8.72665323980081,21.0089797803338,0.000189736783978843,0.00261542596334248,"C14C6.5"
0.427069291067418,8.89224949014316,20.9814377480784,0.000191052231857465,0.00262948203319616,"pes-9"
-0.503308818575115,8.00415991889488,20.8982732544889,0.000195086147059279,0.002680851520099,"ZK673.2"
1.45239319205267,3.53360984499462,20.8769730957844,0.000196748505132787,0.00269952308508581,"stg-2"
-0.437341555446082,8.29335615108596,20.8492759044226,0.000197506548437785,0.00270574841627173,"hip-1"
-1.76122781011295,3.29666627637865,20.8727281844531,0.000197856438745977,0.00270637168752382,"Y34B4A.10"
0.602076716378465,6.12267259144572,20.8313451463331,0.000198406216112122,0.00270972299147908,"T08G11.4"
0.619979828888393,7.35211562844947,20.802134527457,0.000199868197883975,0.00272461838328089,"eppl-1"
-0.522903929216493,7.13364029749209,20.7973618327296,0.000200109751915693,0.00272461838328089,"mtrr-1"
-0.501956672567437,7.43594144992436,20.7909136690594,0.000200434474024942,0.00272486683265407,"mcm-5"
0.675240136937046,5.87581014134774,20.7621598395712,0.0002019000695416,0.00273823000961448,"npp-16"
-0.654611875808884,6.18144226855865,20.7595064101051,0.000202033391779001,0.00273823000961448,"F18E9.3"
0.695969344188248,5.55969211823035,20.7032029163178,0.000204934061596504,0.00277331619734326,"ZK858.7"
-0.827557212001278,5.58195286876414,20.6608248223692,0.000207143769374029,0.00279895935183054,"T22B7.3"
-0.475807529359932,7.40422197902167,20.6503164314105,0.000207683534166835,0.00280015765410554,"far-8"
-0.718291374140953,7.11474168498557,20.6399209060468,0.000208231712215043,0.00280015765410554,"oga-1"
-0.816833203460153,5.13098779358349,20.633703397692,0.000208581600012112,0.00280015765410554,"ttr-23"
-1.11072328940566,4.18945206857687,20.6353417039819,0.000208597761221344,0.00280015765410554,"F20G2.3"
-0.425781243351256,8.74629693322888,20.6289804253811,0.000208807167323357,0.00280015765410554,"dnj-19"
0.470365601392888,7.22489056946811,20.6059167336775,0.000210033369823194,0.00281235947454521,"EGAP4.1"
-0.499175851053415,7.36614975823985,20.5388218020843,0.000213638304978092,0.00285632807452664,"tre-1"
-0.673145392571999,6.12449159241244,20.5034112587406,0.00021557357208564,0.00287787481893908,"C16E9.1"
-0.420418201220412,7.95491250872994,20.4965670281336,0.000215942769932645,0.00287848151045149,"mct-3"
0.724884112958524,5.97790655756252,20.4442653818862,0.000218842183263769,0.00291276325059607,"C07A9.9"
-0.82938631313335,5.12393047925671,20.4115301329052,0.000220692436180015,0.00293299917799179,"cyp-32A1"
-0.758600420085891,5.828230945114,20.4009530431245,0.00022127244772971,0.00293631840711172,"T20B3.1"
-0.536767581250019,6.77140751638353,20.3290294177274,0.000225363365900115,0.00298614856366308,"F53C11.4"
-0.547213124812312,6.89512705922183,20.2859196667546,0.000227859191200544,0.00301472629310125,"atg-9"
-0.756212913427736,5.48453715938179,20.1459742582567,0.000236187453290912,0.00312027139258469,"K04G7.1"
-0.896370906629874,4.96283806100122,20.086216607086,0.000239859746124477,0.00316408457387645,"T01G5.1"
0.553938534452487,6.50711032577358,20.0171662944491,0.000244127164272103,0.00321560684080485,"ZK686.2"
-0.956969112463463,4.60632340974926,19.9185242817222,0.00025047718110531,0.00329436777693389,"F43D9.1"
-0.568578776507524,6.53149810056335,19.8820224616281,0.000252789035187469,0.00331986308988447,"acl-5"
-0.506935758948316,7.63788978680138,19.8271877060139,0.000256396364791396,0.00336227150348127,"ugt-13"
-0.862839001091678,5.05835032586214,19.8052173871541,0.000257889982680742,0.00337687751990351,"phat-4"
-1.47679317925995,3.55922640725948,19.8111077075065,0.000258321799407344,0.00337755752725103,"Y106G6D.6"
0.588573056705068,6.36016404504047,19.7239222558227,0.000263356884394101,0.00343833488861667,"F18C12.3"
-0.595774491741895,7.13871686990744,19.6364309969829,0.000269411168009155,0.00351222096007243,"natc-2"
-0.443703566068355,8.16151223610899,19.5988029282762,0.00027206044016901,0.00354156570064812,"F20D1.3"
0.517430981856055,7.16885545910436,19.5527685834078,0.000275347288019371,0.00357511194714428,"clec-85"
-1.04958671047778,4.5604066051073,19.5525331642182,0.000275441647035635,0.00357511194714428,"F55D12.2"
1.37556194566638,4.04135355531831,19.4505487350883,0.00028304044318494,0.00366838568565204,"ZK262.2"
0.394049955013336,8.90417250915543,19.3974898475459,0.000286749083615476,0.00371104236160873,"gldc-1"
0.811327801665881,5.56535006549555,19.3764507149691,0.000288350754678865,0.00372634674396771,"hoe-1"
-0.548817904992413,6.93816614231699,19.3392628768552,0.000291163675895184,0.00375723692653712,"lin-35"
-0.50501486487806,7.01296960048319,19.3124993489407,0.00029321583224852,0.00377823473119071,"dpy-27"
-0.638824968740479,6.9172441520519,19.2704974292967,0.000296469454547169,0.00381463085438333,"DH11.2"
-0.456706200928738,7.92069809006665,19.2416506497831,0.000298722913825683,0.00383807142604646,"R12E2.11"
-0.904880665774489,4.75062452664507,19.2024413261278,0.000301880266813847,0.00387304105662613,"dod-22"
-1.48017450299245,3.66833190549738,19.1785130074009,0.000304497582680804,0.00390099136543952,"K09C6.9"
-1.65908136225688,3.50153153414229,19.1348944302629,0.000308639104245571,0.00394836010913291,"F26G1.5"
-0.407190488172774,9.07883869606192,19.0078073261607,0.000317739810983922,0.00405894347623283,"ZK822.4"
0.428359702066158,7.8451375976326,18.9864831944347,0.000319539957241707,0.00407608286920519,"nath-10"
-1.19813664548542,4.2194787347706,18.9708940785293,0.00032104417460705,0.004089403662509,"igcm-1"
-0.914534517267609,4.60046178583909,18.9575631382824,0.000322076101925301,0.00409667900174228,"ilys-4"
0.476744572182846,7.20732839767665,18.9404551328788,0.000323466102100225,0.00410848159110443,"nifk-1"
0.582751607069469,6.24128051653892,18.8409014958331,0.000332139387785987,0.00421262667161942,"gop-2"
-0.404516297243285,9.8038003099893,18.7859008523328,0.000337031028602375,0.00426857959444974,"unc-23"
0.421611237987649,7.60635186830709,18.7625148098098,0.000339140002661795,0.00428918031815935,"T25G3.3"
1.34625537811424,4.12813792771405,18.7546886573771,0.000340080391327986,0.00429496414672887,"C17E4.11"
-1.47326679921013,3.44086358823842,18.7471052428525,0.00034188861570614,0.00431167614502595,"ttr-3"
-0.656670011598921,7.38858933632287,18.7043069729707,0.000344449633476499,0.0043378210924073,"F48D6.4"
0.414060463408567,7.71348539220886,18.6824709574952,0.000346463401612982,0.00435701004772422,"C05D11.1"
0.535765956506437,6.64234107574909,18.6595500812521,0.000348597292703311,0.0043776532901485,"rnp-6"
0.435084542241327,7.45698348478615,18.6442031257157,0.000350027733992836,0.00438941690117109,"eif-6"
0.655217044995542,6.36878739672893,18.6245459218912,0.000351878804933508,0.00440641472487862,"Y23H5B.6"
-0.619033000003786,6.19910354919012,18.5873334197892,0.000355404272187711,0.0044434613794708,"slrp-1"
-0.447896266134075,7.1913924819125,18.5827442621437,0.00035583674526861,0.0044434613794708,"lin-53"
-0.717439069595861,5.76495548241436,18.4974551050497,0.000364085395372265,0.00454008871003479,"T09B4.5"
-0.64150236645442,5.87661902953415,18.4879515314695,0.000365013450457407,0.00454528653783866,"pop-1"
0.522818470962779,6.7177811690476,18.4662508042518,0.000367141437845024,0.00456539094248966,"ZK1127.4"
0.644269808184824,7.03023336579938,18.4419401181213,0.000369549080987446,0.00458891184226171,"ifc-1"
0.477816959170296,7.14463312791917,18.4221564495329,0.00037152114240211,0.00460696579790399,"gst-20"
0.858556591306867,4.84919780976764,18.4140597562768,0.000372382586462229,0.00461121667999398,"mex-3"
0.504316449690618,7.24567978719335,18.3616690111965,0.000377625628675281,0.00466963764193592,"snt-1"
0.512180287983062,6.55848628034038,18.2956365851958,0.000384419491737361,0.00474640967271293,"K07A12.1"
-0.472606643728968,6.96582106478572,18.2909836082641,0.000384901740414579,0.00474640967271293,"rod-1"
0.421268136994381,7.50050719127636,18.2711136083841,0.000386971914238572,0.00476532865581045,"Y75B8A.7"
0.696709836254554,5.60421242962506,18.2541555246294,0.000388767428027121,0.00478081770759216,"ZK228.4"
0.623051044063562,7.17769206512057,18.2424392978414,0.000389986650390301,0.00478918689035935,"dnj-11"
0.554741157279955,6.60060101085091,18.236620366493,0.000390603571998652,0.00479014670157244,"F20D12.2"
0.66921861996034,6.09097936805758,18.2280174723587,0.000391517912848092,0.0047947462302099,"F01D4.8"
-1.35219651667693,3.53147220371805,18.1917131056709,0.000396443659335672,0.00484839143762511,"grd-5"
-0.520951441061426,6.42030588841405,18.166706329393,0.000398073612144305,0.004861638029636,"paqr-2"
-0.347977385514642,10.5424440096063,18.0620942890463,0.000409538348090758,0.00499479485991075,"pdi-2"
-0.659893716150971,5.82977099914708,18.0454666385704,0.000411410859308097,0.00501075883576478,"air-1"
-0.580240138422582,7.73106229661277,18.0116099292325,0.000415207051147486,0.00505007645930547,"ZK370.4"
0.36493560365205,9.7707158886042,17.9961911551554,0.000416953240667279,0.00506438697100106,"nol-58"
-0.548962412012673,7.29480868538582,17.9722653873989,0.000419684823359996,0.00509061086561217,"T28B8.1"
-0.493230748410334,7.02594413807497,17.9329045104227,0.000424218973447861,0.00513164816907129,"tag-273"
-0.563983264495028,7.18120119917899,17.9328627242878,0.000424222405158857,0.00513164816907129,"F54C9.3"
0.961123999344917,4.68712441095373,17.9088905006259,0.000427086513395285,0.00515927471548571,"cyh-1"
0.764987719437036,5.40504235703069,17.88435465964,0.00042990527001599,0.00518627918007079,"Y18D10A.9"
0.428559571430341,10.3008424474561,17.8666935144077,0.000431959710539495,0.00520400242060522,"dct-16"
1.25684147890439,4.16358247783282,17.8606394376364,0.000432915741039691,0.0052084625894234,"dhs-23"
-0.91947227028269,5.03912237670554,17.7784296536692,0.0004425816071561,0.00531755820165525,"far-7"
-0.721621307781244,6.11543015374408,17.7571791048305,0.000445129103872715,0.00533443468502535,"ZC395.5"
-0.436012037869491,7.78963274930839,17.747184308813,0.000446341569002608,0.00533443468502535,"hrp-1"
0.409804003643989,8.12428459843533,17.7466392565276,0.000446407510762655,0.00533443468502535,"T02G5.7"
0.607927744483488,6.03363300668189,17.741333848077,0.000447069313682776,0.00533443468502535,"mrpl-20"
0.83477101121558,4.80213831696896,17.7390020158593,0.000447410135597856,0.00533443468502535,"T19D12.9"
-0.614598193548962,5.97042773240078,17.7371360995496,0.000447586129235059,0.00533443468502535,"dpy-19"
0.559087021177658,6.90648589916985,17.7074948540135,0.000451238557957438,0.00536644184501621,"msi-1"
-0.797830148484901,5.21278270968777,17.7058168562381,0.000451478855030044,0.00536644184501621,"umps-1"
-0.44203158510699,8.03843858955688,17.6924173481335,0.000453107244757431,0.00537860682661992,"cebp-1"
-0.960587285743677,4.79911899762002,17.6568417607034,0.000457640681557765,0.00542517773297346,"Y12A6A.1"
-0.44190046072316,8.00633985253004,17.6338845016295,0.000460464701453773,0.00544141661994059,"lbp-9"
0.527126741967527,6.24121205388417,17.6293021524574,0.000461055351070186,0.00544141661994059,"ekl-1"
-0.558064525521773,6.32488347260547,17.6291422250681,0.000461075388774084,0.00544141661994059,"cal-2"
1.14625706392117,4.51574508878378,17.6231450625719,0.000461956704115504,0.00544141661994059,"F45G2.10"
0.647014170533247,5.57409346435357,17.6214160673958,0.000462070582392885,0.00544141661994059,"cogc-3"
-0.379524312497601,8.20035095002217,17.5964724446773,0.000465236351211057,0.00547145026272158,"pdi-1"
1.02480979598304,4.43747241105769,17.5907571032209,0.000466102813754168,0.00547439909787095,"B0205.13"
-0.49147706033459,7.4072089461815,17.5726152228054,0.000468310436397802,0.00549307135885602,"rps-13"
0.379149581284054,9.07833647253609,17.5613110735431,0.000469770680851163,0.00549688388029604,"ran-1"
-0.38528131757743,9.54340839450215,17.560529470294,0.000469871977170734,0.00549688388029604,"cct-4"
-0.542644968152135,7.42454681127017,17.547747329245,0.000471535933239928,0.00550413372877379,"Y17G7B.17"
-0.533104185162159,8.77059995796289,17.5462365648585,0.000471729828064968,0.00550413372877379,"C06B3.6"
0.39497128870613,8.02497846594895,17.5260480907724,0.000474368012135976,0.00552766185570244,"rrbs-1"
0.344002950375927,10.9601892729775,17.5033781966506,0.000477349005541391,0.00555511781186978,"myo-3"
0.401622616928919,7.77224137341675,17.489725191432,0.00047915542502617,0.00556885082863749,"C35A5.8"
0.548214047431243,7.4721395748474,17.4516922406001,0.00048422752894448,0.00561477300527287,"ZK512.2"
-1.02174277778133,4.13477471273325,17.452431874958,0.000484369687891609,0.00561477300527287,"K10B3.1"
0.562002841507326,6.22617085953936,17.4420691355684,0.000485527022080752,0.00562086035588538,"C06G3.6"
0.478077770967499,7.47223204787076,17.3875895478076,0.000492907489196612,0.00569888229707032,"nhr-68"
0.839397624279551,4.77263838619311,17.3676913952094,0.00049570832191947,0.00572382167556625,"athp-1"
-0.52924860729214,6.37359688018509,17.3139686396464,0.000503095816135578,0.00579765334044129,"T04C12.11"
-0.724064058928678,5.81138446447794,17.3118147466843,0.00050340663354186,0.00579765334044129,"ugt-25"
-1.38223467970179,3.60019656919906,17.305816692879,0.000505369504429197,0.00581272996620956,"F01G4.4"
0.443609956676602,7.84130023692891,17.2811471628282,0.000507701111451228,0.00583200333580474,"Y54E10A.10"
0.37847573681115,8.61512290018547,17.2607790265539,0.000510587499720093,0.00585759156130496,"F32A5.3"
0.38723552663435,7.95214051993581,17.2338259598964,0.000514436061730935,0.00589413791862081,"ddx-27"
0.545859444396594,7.5452575550231,17.221179914276,0.000516254984609333,0.00590736559608955,"pah-1"
0.384954996063824,8.50019911704363,17.2151158661871,0.000517125882334541,0.00590972521829873,"let-716"
0.511909767235518,6.66615710180215,17.1644828094691,0.00052449172105733,0.00598620782018065,"F41B4.1"
-0.490061588016475,7.06988308748332,17.1307761315249,0.000529452939980823,0.00602962483628825,"bag-1"
0.676747346747808,5.53134941971541,17.1255972018238,0.000530240091576072,0.00602962483628825,"prmt-7"
-0.943567618499554,4.58007725940114,17.1256159980526,0.000530330291528221,0.00602962483628825,"C34C6.3"
-1.26168207781243,3.75723991522571,17.059878103418,0.000540775611239201,0.00614053123822189,"F31C3.6"
0.451295524429683,7.4882786542997,17.0178381653248,0.000546460997974651,0.00619717440432732,"rpoa-1"
-0.473520154265517,7.60445771978551,17.0013505339383,0.000548993848397262,0.00621796726891727,"T28H10.3"
-1.18615244309006,3.90910583032832,16.9574429791981,0.000556288765092109,0.00628761934101865,"C07B5.8"
0.655803697094513,5.3920677078322,16.9528101579806,0.00055655791490065,0.00628761934101865,"tut-1"
0.494245889694262,7.04203063548096,16.9381050042931,0.000558837816643504,0.00630536424844847,"tcer-1"
-0.42582571229267,7.37322046767343,16.9213014869667,0.000561482068256826,0.006327169922524,"Y97E10AR.6"
-0.638422103658543,5.6926228268025,16.9060672531768,0.000563913251755254,0.00634652243209616,"ztf-16"
-0.378542966474004,9.28521356540004,16.8986379317221,0.000565070876258715,0.00634710909496422,"cct-8"
-0.518886638817381,6.54268724880414,16.896667768282,0.000565393139490683,0.00634710909496422,"plk-1"
-1.12639991111805,3.94278804270748,16.8820894911477,0.000568142646838025,0.00636993224847021,"C35C5.8"
0.477761188795146,6.80018237887259,16.8429363322626,0.000574015650279554,0.00642767398820594,"zhit-3"
-0.547671098494329,7.41389139329559,16.8240575270747,0.0005770762594076,0.00645381763823016,"dpy-18"
-0.43098720134362,7.74667191229949,16.7918333133041,0.000582347751289703,0.00650459027225722,"best-14"
-1.26292273771362,3.84137135448873,16.735259394541,0.000592374016250514,0.00660827776472186,"ttr-29"
0.380904657206961,7.93024252684555,16.7219902857201,0.000593958404283509,0.00661764933895323,"alh-6"
1.15886065672533,4.27109758995579,16.715992737035,0.000595197105209179,0.00662315076647661,"xpf-1"
0.993019824256217,4.61109185514756,16.6602424263978,0.000604558073997013,0.00671504734765482,"lips-11"
1.34698128335284,3.51738157715918,16.6647263355664,0.000604966024684682,0.00671504734765482,"F35D11.3"
-0.667731696864773,6.15038969877837,16.6420676839487,0.000607574962527232,0.00673200577441125,"pole-1"
-0.586251753173912,6.45360541948352,16.6395351610564,0.000608008169705572,0.00673200577441125,"D2005.3"
-0.409770219076913,7.31281917105371,16.5989763499351,0.000615043137810529,0.00680142853019081,"hrdl-1"
0.616905620011804,6.08709259995293,16.5862136229967,0.000617286738284213,0.00681775949078874,"ZK185.3"
1.6797895880608,3.62957611335952,16.5762897082109,0.000620632689880573,0.00684620998229303,"mlt-4"
0.469586711968921,6.96024204673004,16.5520320161213,0.000623307779199053,0.00686719884121286,"T23D8.3"
-0.521733329610048,6.40308767064955,16.545270070484,0.000624511591820734,0.00687194624118582,"ltd-1"
-0.382298769585913,8.47484837722133,16.4869436091925,0.00063496027336554,0.00697828404263661,"R07H5.8"
0.56076373720666,6.48167528274476,16.4383852034322,0.000643825621517031,0.00706697975420732,"F07E5.5"
-0.678430209878662,6.14721076839853,16.4156092611078,0.000648030623550727,0.00710436531934588,"T04F8.8"
0.408429694779352,7.4775786449939,16.4087445555924,0.000649291729622687,0.00710942459122576,"C24B9.3"
0.530377711536752,6.924782438604,16.3614723131689,0.000658130732646836,0.00719734359651047,"gst-4"
0.35571481838293,9.6739875879305,16.3390301029981,0.000662363931552447,0.00723473920814841,"uba-1"
-0.462004532784576,6.79920243583929,16.3294776526319,0.000664186590724021,0.00724574598543224,"mcm-7"
0.420193029421308,7.5312640861246,16.297393082648,0.000670315863395682,0.00730364992824878,"gst-6"
1.02986772666051,4.1083700449255,16.2741846056503,0.000675087964978297,0.00734664271312368,"clpf-1"
0.675974405725737,5.53058911438501,16.2676620281945,0.000676083682378432,0.0073484841320619,"rpoa-12"
-0.708972323623435,5.25164553995893,16.24299927316,0.000680902200192857,0.0073817441033333,"R07B7.6"
-0.584674949655483,6.30933304721039,16.2404643311152,0.000681364026496997,0.0073817441033333,"C04E12.4"
1.14782718564486,4.39861204858303,16.2400635397186,0.000681634451561876,0.0073817441033333,"cyp-13A6"
-0.460579041392719,6.63898885989275,16.2186083118693,0.000685652044988195,0.00741621938198302,"F25B5.6"
-0.527244013946425,6.30013276965224,16.2069260425432,0.000687961462250239,0.00743215718209827,"epg-6"
-1.18297880931901,3.7061523783933,16.1980979159408,0.000690570097348994,0.00743607742315837,"ZK688.7"
0.421745680264351,7.1067357754104,16.1903939451255,0.000691233835719325,0.00743607742315837,"rbm-22"
0.648701064610344,5.78102478102024,16.1882260544517,0.000691680308401618,0.00743607742315837,"cir-1"
0.740955878050525,5.21240630582968,16.1854798410895,0.000692253497473728,0.00743607742315837,"rege-1"
-1.02393667311624,4.33161774256123,16.1851001581735,0.000692506141758535,0.00743607742315837,"ptr-3"
0.519625387663947,6.59689785273737,16.1598059530966,0.000697347446230147,0.00747903033104009,"riok-3"
-0.661252725421862,6.3177911744638,16.1509263033188,0.000699135844322671,0.00748917685767816,"F53E4.1"
0.368792677014575,8.04110170419469,16.131038851088,0.000703140023997948,0.00752300596072895,"sod-1"
-1.26000087642752,3.5734042458387,16.0983722791431,0.000711118702399596,0.00759922642191684,"pqn-98"
-0.6216857120323,7.46782629678916,16.0594332370314,0.000717818171951322,0.00764562943292123,"Y44A6C.1"
-0.405042301317831,7.85596395571091,16.0578360574151,0.000718146194450129,0.00764562943292123,"frm-10"
-0.455865761827655,7.02992940817085,16.055341183785,0.000718670605847193,0.00764562943292123,"smc-4"
-0.44689529618982,8.84386515578141,16.0541966723497,0.000718900709247795,0.00764562943292123,"fln-2"
-0.505302108104788,7.32956996597768,16.0472882132961,0.000720340922489577,0.00764819490707991,"atg-18"
-0.523616698127642,6.67340203553913,16.0448087736523,0.000720862370052071,0.00764819490707991,"dnj-24"
0.460852758625434,6.98836880335489,16.000589562413,0.000730135314975608,0.00773383843151631,"pap-1"
0.862258389524169,4.78513838068635,15.9949955641479,0.000731408776769859,0.00773383843151631,"ZK1055.6"
-0.635170789713301,6.11621337205843,15.9923673024675,0.000731882650606784,0.00773383843151631,"dgat-2"
-0.547981634487028,6.22860088875603,15.9898503652518,0.000732413897124815,0.00773383843151631,"atg-3"
-0.788171415610518,5.00042184108505,15.9393250840343,0.000743270851727978,0.00783126442226817,"nspe-1"
0.697661176392472,5.36821667284999,15.9385602392871,0.00074340199891962,0.00783126442226817,"rpl-11.1"
-0.46654421546583,7.58844289754589,15.911476927877,0.000749225355713618,0.00788326939366837,"chp-1"
-0.433510789595658,7.55146302917392,15.8118217371031,0.000771236960668626,0.00810528110792525,"odc-1"
-0.745500910868761,5.10217104859315,15.7771969545968,0.000779113447707533,0.00817839157446006,"R148.5"
-0.549598716104906,5.86032026302523,15.7528451829966,0.000784618533227267,0.0082264662487307,"F40A3.2"
0.58506078403861,5.86244890338713,15.7350182022538,0.000788707745928499,0.00825727151197737,"Y95D11A.1"
-0.80953228297533,5.05325959623301,15.7321762080448,0.000789414102483496,0.00825727151197737,"nhr-43"
-0.547206138985517,6.25313719541262,15.6987708589584,0.000797089802004395,0.00832776196195191,"toc-1"
0.642348640206248,5.61535173342498,15.6906440472561,0.000799000792520881,0.00833792963181121,"W04A4.5"
-0.621030087022687,6.71779484226582,15.6725900766633,0.000803205569008178,0.00837198207977926,"C18B12.4"
0.571938315932411,6.28841944460767,15.6372791731631,0.000811546770446175,0.00844901912884888,"prp-21"
0.970628744500229,4.21129259067189,15.628083484451,0.000813995914413936,0.00846460546789977,"egg-6"
0.382102038300798,7.76258828030802,15.6124561973551,0.000817451733374215,0.00849061140353989,"rpn-7"
0.40331433841128,7.79775436409804,15.5868514297971,0.000823606412290744,0.00854455613964644,"npp-3"
-0.944223908897084,4.19887598238666,15.5823439065705,0.000824997467828375,0.00854901222198378,"his-6"
1.04669146471074,4.05938393884961,15.5448666965737,0.000834194929081427,0.00863425740915363,"henn-1"
0.7166919839419,5.25458080380124,15.5316991681152,0.000837089398489138,0.00865414167670573,"Y73C8B.3"
1.30711467479617,3.7241321968834,15.531282940548,0.000838120717455919,0.00865474018455352,"nhr-145"
1.00848834207534,4.06774159190171,15.4143540751683,0.000866810733383927,0.00893454247109868,"Y97E10AR.2"
0.46561767077342,7.39184307444602,15.4112601116895,0.000867226425886645,0.00893454247109868,"cdr-2"
-0.376449830272705,9.17614205795242,15.370272950945,0.000877767310426653,0.00902499713335514,"cct-7"
0.747902260340449,5.05677618320216,15.3690182465836,0.00087816487416511,0.00902499713335514,"lips-5"
-0.473171324202933,6.72176755579205,15.365359124318,0.00087905157096902,0.00902499713335514,"ubc-3"
0.561596523131008,6.37473163229237,15.3445887815464,0.000884461799795328,0.00907006904495994,"R02F2.7"
-0.768320842092714,4.91571525105995,15.2997763183663,0.00089633474941039,0.00917236756986353,"ska-1"
-1.41455817736281,3.27992273056254,15.3107128002467,0.000896860017015225,0.00917236756986353,"crb-1"
-0.555700727964409,5.99406372114575,15.2949767516309,0.000897532311976298,0.00917236756986353,"micu-1"
0.469756872057037,6.81566485875878,15.2414294689093,0.00091186320896864,0.00930812375538482,"tba-7"
-0.435986854658582,7.12193192285893,15.2059541650681,0.000921502206629177,0.00939572949442662,"epn-1"
0.663977270191017,5.30486497160857,15.1987660560812,0.000923511690958646,0.00940543235316532,"let-504"
0.439585153227098,7.29809676469715,15.1900397693335,0.00092586199800442,0.00941858011928753,"vem-1"
-1.03407817982456,4.92663581666657,15.1511633129658,0.000936719879572842,0.0095181445134653,"F18E3.12"
0.399195805324538,7.42009712805606,15.1121424285886,0.000947540612901642,0.00961710455400513,"srr-4"
0.423370698099782,7.08097041255626,15.10766914468,0.000948806736314206,0.00961897456393341,"C16A3.4"
-0.321253934749924,9.63158300972128,15.1016181618073,0.000950507824249587,0.00962524494920624,"vha-5"
1.09566915067922,3.99731486737603,15.0855765921963,0.000955555088306616,0.00966534731528342,"gst-38"
0.43676412343135,6.97103494000992,15.0637081111122,0.000961309152741648,0.00971244059878264,"rpc-1"
-0.433992808799693,8.14419512254003,15.0598861802598,0.000962395699868126,0.00971244059878264,"ptc-1"
0.429326012131678,6.96244698548897,15.0393144681695,0.000968325002802733,0.0097611990928788,"pgp-9"
-0.500225660884499,6.27429990393743,15.0333103168581,0.000970067419374296,0.00976768904377901,"ceh-44"
-0.799836732078318,4.627586355031,15.0233757551255,0.00097308675065478,0.00978700712677789,"B0410.3"
-0.464217498276519,9.50857361649954,14.9997140197354,0.000979825706525112,0.0098361835546895,"vab-10"
0.532875439621879,6.34059374401723,14.9985260576253,0.000980188800973445,0.0098361835546895,"Y92H12BL.1"
1.36646839130306,3.42704831059526,14.9865386465826,0.000986015990876868,0.00988350414305099,"cyp-35A5"
-0.84849349757123,5.91053835701096,14.9646052430444,0.000990186583606026,0.00991413166085718,"T10G3.1"
0.451067720607441,7.18330000512056,14.9545329815078,0.000993151509628141,0.00993263225208527,"clec-65"
-0.550061185481729,7.30411158324002,14.9460720801098,0.000995665494974528,0.00994658642226801,"spp-2"
1.2745063093561,4.17743496644698,14.9255036497879,0.00100224616966232,0.010001089443847,"F44A2.3"
0.642134028565066,5.51688981853456,14.9005910192644,0.00100934913749644,0.0100606762124225,"W01A11.1"
-0.81490174279921,4.89963798077924,14.8699533633343,0.00101872782136764,0.0101427873009851,"T19C3.3"
0.497431725277008,6.73471738429121,14.8469376288695,0.00102568585437559,0.0102006408626996,"C16C10.2"
-0.856271534496413,4.97141559040422,14.8309248430036,0.00103071768972409,0.0102392301445105,"cbn-1"
-0.726192362658377,6.21529462806071,14.8120330588623,0.00103649883517216,0.0102851686869594,"C15A11.7"
0.954061527451288,4.37246307389154,14.8010872848825,0.00104014397593793,0.0103004585854165,"polg-1"
0.672131059075848,5.11332115231494,14.7998420159188,0.00104035674386503,0.0103004585854165,"ttb-1"
0.377584832730077,11.3779853853835,14.7928791476788,0.00104246230431037,0.0103098246358437,"C17F4.7"
-0.592937246367383,6.02155088749638,14.7833476942417,0.00104547609936671,0.0103281422216327,"F17C11.26"
0.489453864698919,6.62830566157091,14.778754632897,0.00104691173857837,0.0103308460240847,"npp-15"
-0.361408677542088,7.92692516343608,14.7704248591152,0.00104952608111404,0.0103451622917793,"arf-3"
-0.37501079128221,8.30179407078457,14.7663759242415,0.00105080478064144,0.0103462960184751,"nmy-1"
-0.346977759720099,8.85048210770971,14.7453001919303,0.00105749073192987,0.0104001466972588,"atf-7"
-0.407856722293049,7.22321366772544,14.7418003084205,0.00105861351490488,0.0104001466972588,"F36A2.3"
0.680016843330135,5.11675912468907,14.7174763263365,0.00106646489666409,0.0104657167728923,"Y108G3AL.2"
-0.490867734628827,6.53512962767174,14.6803157326508,0.00107841959472949,0.0105713656193383,"tag-353"
-0.435696288880884,7.80037116538351,14.6646135647023,0.00108353002190072,0.0106097636836115,"clec-10"
0.392754219109055,7.49080338461863,14.644711617091,0.00109006370614897,0.0106619982523328,"toe-1"
-1.21869926568744,3.93173964165029,14.6170573984369,0.00109999633807851,0.0107473268591825,"subs-4"
0.310161241257186,10.2739195758934,14.5991739513135,0.00110516663098146,0.0107859895895238,"fib-1"
0.703132957068522,5.47748315438253,14.5810303561419,0.00111129870570311,0.0108339438513228,"F33H2.2"
0.48320143524754,6.60893129860955,14.5492657663208,0.00112200536450588,0.0109182707190998,"cerk-1"
-0.726096434244967,5.08479119303502,14.5477998510919,0.00112257688727353,0.0109182707190998,"C01H6.8"
-0.475539609675451,6.95025646090922,14.5420105657549,0.00112447239166006,0.0109182707190998,"cnnm-1"
-0.418679961487766,6.87530583593963,14.540239720055,0.00112507648153669,0.0109182707190998,"pdhk-2"
0.623761713014816,5.46888846937265,14.5373782964961,0.0011260886570031,0.0109182707190998,"sesn-1"
0.420695569911084,7.26880827632699,14.5260674940978,0.00112991716193068,0.0109347969614061,"pab-2"
0.64108177017284,5.48093323369453,14.5252017272027,0.001130252885787,0.0109347969614061,"C17G10.1"
1.01423974924095,4.12900955906383,14.5221935692708,0.00113165074991603,0.010936420453808,"ttr-22"
-0.443713375607204,7.1519419228726,14.4930905827823,0.00114127898520185,0.0110174934391201,"grd-13"
-0.800315330280048,5.37350492985332,14.4819728033492,0.00114518936459738,0.0110382497112283,"F02E9.5"
0.511584106144778,6.21709086224962,14.4790714425641,0.00114615723043185,0.0110382497112283,"cyp-33C8"
-0.601571030444773,5.85596808330443,14.469293553099,0.00114957725211769,0.0110382497112283,"igcm-3"
0.885243946622083,4.89581771460389,14.4664718340138,0.00115065146406905,0.0110382497112283,"C08F11.1"
0.771996328313543,4.87316320816839,14.4658689656803,0.00115085891991167,0.0110382497112283,"dhs-14"
-0.698603707639582,5.20036835866399,14.4621306413741,0.00115212539278644,0.0110382497112283,"W05F2.7"
-0.453846454718559,6.88739831870114,14.4590599119862,0.00115313881897325,0.0110382497112283,"pfd-4"
0.828535329921616,4.85908900085687,14.4587371126456,0.00115336114967171,0.0110382497112283,"H20E11.1"
0.383186871313236,7.53404403641943,14.434901360621,0.00116163250370772,0.0111054565488874,"F55F8.3"
-0.928207159132293,4.76516894780028,14.4039093465173,0.00117279230269495,0.0111964529167379,"Y111B2A.10"
0.613743415614231,5.42578299087026,14.4011528681971,0.00117366934185128,0.0111964529167379,"cyp-25A2"
0.526375208950328,7.12037217517188,14.3740395745715,0.00118336029844838,0.0112768021580971,"Y42G9A.3"
-1.370410408634,3.69361232745706,14.3739074299005,0.00118508791183481,0.0112811741157637,"prk-2"
0.41469593150936,7.55547900549717,14.3633930753237,0.00118720240650348,0.0112892156109331,"nhr-31"
-0.360459673382569,7.91829432503656,14.3388768766485,0.00119610786110294,0.0113606719078759,"let-754"
-0.447083152416969,6.97833295922574,14.3357151802798,0.00119727247527609,0.0113606719078759,"B0303.4"
-0.434092231076069,6.8400245123308,14.3195650177516,0.00120318954574742,0.0114046463232839,"mop-25.1"
-0.352016708846076,8.36729651671352,14.2952475633516,0.00121214667478782,0.0114653482484249,"sqst-1"
0.601733027076978,5.8447783987888,14.2919074673079,0.00121341322604541,0.0114653482484249,"C33D9.6"
0.357413996712032,8.64131099116601,14.2916968886596,0.00121346223166886,0.0114653482484249,"ssb-1"
-0.748849489856914,5.03813909086891,14.2865234706476,0.00121548050261489,0.0114722262725573,"C49F5.7"
-0.688027124301919,5.39630695860718,14.2507939513179,0.00122879270907259,0.0115820705978395,"nhl-3"
-0.41347055266791,7.14376927707696,14.2467278660235,0.00123027438506654,0.0115820705978395,"R31.2"
0.318087285313794,11.2053433122378,14.2447025892117,0.0012310265116363,0.0115820705978395,"far-1"
0.416072111139325,7.02909651544124,14.2160877369301,0.00124187086059462,0.0116717482257365,"dhs-25"
-0.827108409398043,4.60832967900451,14.2093500599518,0.00124462127766255,0.011685245807495,"Y55D5A.4"
-0.3730601651404,7.53071992987842,14.1882968204145,0.00125248652713791,0.0117466853510371,"R05A10.1"
-0.41933850383032,8.22007089410999,14.1725400904012,0.00125855015602718,0.0117839663843771,"mtm-3"
-0.653669629670784,5.40879085330722,14.1712321968365,0.00125911236814287,0.0117839663843771,"gpx-3"
-1.43508783833795,3.22694876572068,14.1430054041512,0.00127505603787889,0.0119096918934864,"C26F1.1"
0.437499948044929,6.78386496251788,14.12969732351,0.00127522513582264,0.0119096918934864,"csn-2"
0.373435768381048,8.02128592278683,14.0940570322107,0.00128926053686102,0.0119998096912906,"C23H5.8"
0.363112990865622,7.8807666999445,14.0938246623889,0.00128935292925154,0.0119998096912906,"rpc-2"
0.433010704215844,6.8542850502804,14.0889451959805,0.00129130115682782,0.0119998096912906,"F09C8.1"
0.397725179927374,9.75845496881933,14.0865519641255,0.00129223944517546,0.0119998096912906,"emb-9"
0.677168082003289,5.02761252587634,14.0719642743251,0.00129815010982984,0.0119998096912906,"elks-1"
-0.359660747784003,7.7419160855995,14.0682369984764,0.0012995464353676,0.0119998096912906,"F52E1.14"
0.796895859210592,5.00658473180031,14.0682275797506,0.00129965235204849,0.0119998096912906,"F25D1.5"
-0.833420409189084,4.71975686652859,14.0676159212317,0.00129996333916899,0.0119998096912906,"C04E6.7"
-0.571472580063063,5.6206687636967,14.063102320755,0.00130164346412376,0.0119998096912906,"F35C12.3"
-0.330944042599501,9.4140433945695,14.0629574299218,0.00130165772783247,0.0119998096912906,"cct-1"
-0.606683659209294,5.41893551698219,14.0627689191587,0.00130179064801018,0.0119998096912906,"K09H9.8"
0.692701164024342,5.35519994621168,14.0617863701475,0.00130218892468522,0.0119998096912906,"eva-1"
0.452800688985885,6.68436640461433,14.0610915468773,0.00130242001485721,0.0119998096912906,"ctg-2"
0.470054602102978,6.46792421679316,14.0548482376458,0.00130492884644505,0.012010478647767,"nlp-16"
-0.786927488669654,4.78001583778905,14.0471402301203,0.00130816701941032,0.0120278314059743,"K01A2.4"
0.743396698077539,4.7784719346555,14.0374189152369,0.00131207969433209,0.0120513435561019,"Y73B6BL.44"
-0.580439650960792,5.79940874876321,14.0316832895823,0.00131429511638944,0.0120592341380996,"F01D5.5"
-1.11718210169021,3.86471392939693,14.0274138630571,0.00131690606046949,0.0120707337975611,"ZC513.14"
0.636718871356011,5.44970197733927,14.0203042263444,0.00131893188526119,0.0120768521028396,"ugt-47"
0.531691286766668,5.8640920307877,14.0131496235348,0.00132182015356995,0.0120908466927885,"daf-36"
-0.871214576279107,4.57570648486635,14.0068974051619,0.0013245621965375,0.0121034763508889,"C09F12.2"
-0.297558913829096,10.2307722554096,14.0003254196957,0.00132702954177605,0.0121135725420235,"par-5"
1.06271565111085,3.87869232260791,13.9974322297192,0.00132897506820203,0.0121188895706506,"T10B10.8"
0.419829893272313,7.27168959218968,13.9710464558253,0.00133908725034248,0.0121985909249948,"rad-23"
-0.352416379019494,8.80955728365006,13.9576242268276,0.00134464207129017,0.0122254247645536,"ech-1.2"
-0.931589694427137,4.37021552175486,13.9580592913636,0.00134478297376374,0.0122254247645536,"col-176"
-0.518944744055822,6.29349478835215,13.9091531206198,0.00136496934314672,0.012396263973358,"T07F12.4"
0.492624638258054,6.147166683922,13.8999601666238,0.0013688607581034,0.0124189193880585,"mms-19"
0.493515327187772,6.37318386558927,13.8666747294318,0.00138304323888317,0.01253479861051,"npp-1"
0.361216506159162,7.79615405648095,13.8626031177962,0.00138477222520293,0.0125376882426469,"zig-11"
0.32605558326141,9.8076701796521,13.8547907982269,0.00138812856161364,0.0125552909881047,"lec-10"
-0.810784826211515,5.14451206705786,13.8369989611586,0.00139590577827396,0.0126128031246278,"tyr-2"
0.523346458044743,6.59742433709733,13.819096028461,0.00140360216066351,0.0126592141150268,"Y40B1B.7"
-0.496569123249357,6.78282802690758,13.8184317267548,0.00140388990185766,0.0126592141150268,"F09E5.11"
0.536001541783794,5.94267601788469,13.8134357274081,0.00140608320913953,0.0126661457066459,"F18H3.4"
-0.401352327051526,10.3954743739788,13.8017013220994,0.00141118777867606,0.0126992616803733,"sodh-1"
0.665045219127473,5.68178267227607,13.7823459720869,0.00141974372465052,0.0127633381758016,"cnnm-3"
0.616651646957423,5.45681811607472,13.7441997674536,0.00143670082226621,0.012902734354312,"prdx-6"
-0.383733854646019,8.27073340581101,13.7344359537117,0.00144101721898935,0.0129103473663492,"vps-32.1"
0.667115489410402,5.33704702339233,13.7284460008949,0.00144377369736669,0.0129103473663492,"K01A11.2"
-0.463342401743451,6.69327452820672,13.7281749028374,0.00144384358608178,0.0129103473663492,"tyr-4"
-0.413473667628126,6.9788858519593,13.7280346286403,0.00144390423612163,0.0129103473663492,"F11E6.3"
-1.21188335806868,3.44189140638195,13.7321724512238,0.00144480886621499,0.0129103473663492,"Y52B11A.8"
-0.725923240867678,4.83998890816369,13.7162185955163,0.00144936081489407,0.0129209052473762,"F55C10.5"
-0.493022335889352,6.11675996872748,13.7143902731727,0.00145006510553727,0.0129209052473762,"T12B3.2"
-0.846184161736237,4.95672303439864,13.7139984071208,0.00145035017848178,0.0129209052473762,"F34D10.4"
0.464854838432618,6.61813936589102,13.6961790997565,0.00145830900844656,0.0129788041982967,"clec-57"
-1.19781540041333,3.62724501176959,13.670040167472,0.00147204628761632,0.0130812347755748,"Y41G9A.10"
-0.642319843191816,5.8431324897088,13.6628943105197,0.00147354880007948,0.0130812347755748,"F44A6.5"
0.547692813231485,5.84019675920478,13.6613981751448,0.00147423205996243,0.0130812347755748,"F20A1.10"
-0.717326199824929,4.94191921015966,13.6367113404987,0.00148573369375498,0.0131701478276924,"gpx-5"
0.757046337150401,4.67034639886817,13.6176049213551,0.00149468324132927,0.0132362835644009,"nrde-4"
-0.483591849362324,6.39661428883225,13.6119429225336,0.00149716788416477,0.0132450941871731,"F12F6.1"
0.38017030489848,7.19241715218201,13.6022210620799,0.00150171599515547,0.0132721241679198,"letm-1"
0.417936354966101,6.82986956268301,13.5955260128926,0.0015048676837847,0.0132867711782818,"pges-2"
-0.374400733944521,11.5850751171419,13.5880354029719,0.00150838353054112,0.0133046011607551,"hsp-110"
-0.957303466127275,4.21030200666343,13.5790371286486,0.00151309874477901,0.0133329642614768,"ebp-2"
-0.556921936691518,6.74096892721673,13.5719926223396,0.00151599125140402,0.0133452259566665,"ikke-1"
-1.43748764666313,3.29499034805452,13.5445216665104,0.00153419478535083,0.0134921125979765,"sas-5"
0.99353875205904,4.27308465327999,13.5020045044864,0.00154999624960988,0.0136176053905943,"Y48G1A.1"
-0.435906368823491,10.8985094600277,13.4924947003146,0.00155422743062131,0.0136412991961047,"hsp-16.41"
0.611976427669935,5.4928637548814,13.4457094496661,0.00157729691106515,0.013830125085089,"hpo-35"
0.529071932198697,5.73552688330875,13.4410884638367,0.0015795727538848,0.0138364348323052,"ula-1"
0.322807428822452,8.76054662463811,13.4369227444607,0.00158160266183549,0.0138405799865938,"csq-1"
-0.633302434040619,5.23185039219425,13.416222025132,0.00159202206748086,0.0139180611622147,"F54A3.2"
-0.682986077537322,5.60916678370215,13.4071551278073,0.00159654028908871,0.0139438504030332,"zwl-1"
0.855842137160423,4.80042581917822,13.3942396284798,0.00160315893616415,0.013987915703077,"R02C2.7"
-0.527136009327494,7.58755704504064,13.3862372133652,0.00160704342755325,0.0140080618768392,"grsp-4"
0.417232054524341,7.29486013871814,13.3250663730195,0.00163834946340549,0.0142669589413694,"byn-1"
-0.371298801598785,8.30634563504369,13.3209368916918,0.0016404770987165,0.0142715086934329,"let-607"
-0.634722508230396,5.41197025437921,13.3055931876557,0.00164851408020277,0.0143139843926684,"K07E3.1"
0.288866431360329,11.1754062551,13.3053349751316,0.0016485794644126,0.0143139843926684,"F46H5.3"
0.878274406186106,4.32458954020453,13.2999970405124,0.00165171652149348,0.0143272308220473,"clec-76"
-1.52693258169158,3.64244225567872,13.2911657046606,0.00165894261649842,0.0143758857731846,"F53C3.6"
-0.627289776904644,5.85558978481684,13.2686307168921,0.0016678579210942,0.0144390698894338,"cpi-1"
-0.394904267971265,7.05744361284144,13.2491227491206,0.00167815876501039,0.0145020601723739,"adt-2"
0.506954539269532,6.98028581672939,13.2460555537073,0.00167978949673196,0.0145020601723739,"ugt-41"
0.577638843337673,5.61818909663062,13.2429100931051,0.00168150061252972,0.0145020601723739,"D1054.3"
-0.297936921654484,9.84527490996467,13.242516221547,0.0016816583103945,0.0145020601723739,"aldo-2"
0.532860581934036,6.15876625124129,13.2217285239112,0.00169279247832346,0.0145839320976491,"sbds-1"
-0.314785026587868,10.014578799684,13.2146241688597,0.00169658095893072,0.0146024213996641,"tbb-2"
-0.67572564199865,4.9044330027624,13.2116142482536,0.00169834543597158,0.0146034712487653,"F02D8.4"
-0.434454644066627,6.63585764145465,13.1854692768764,0.00171235441255902,0.0147027582036164,"ari-1.1"
0.334137402648992,8.09868699284714,13.1838827618348,0.00171319958373035,0.0147027582036164,"sptl-2"
-0.785487340364953,5.19835069910316,13.1809935347581,0.00171486978410978,0.0147028999522855,"fbxa-105"
-0.694006897313155,4.94116336766978,13.1594203180061,0.00172669178578656,0.01478999678943,"prmn-1"
1.1068103877983,3.64227043778559,13.1444401118318,0.00173633543011932,0.0148582851869017,"Y11D7A.3"
0.404516889663024,7.13693718802388,13.1349238288521,0.0017400494503124,0.0148757496756995,"npp-13"
0.568909957659544,5.81676762843166,13.1247081452778,0.00174573509697102,0.0148950736444763,"hpo-13"
-0.973701338960222,4.27034427894544,13.1228108342906,0.0017472136369176,0.0148950736444763,"his-48"
-0.928652325532031,4.04583856438512,13.1229446354912,0.00174733571152725,0.0148950736444763,"1-Sep"
-0.633557169125259,5.74219036490641,13.1040980234975,0.00175722345941402,0.0149650131969828,"gbh-2"
0.902015141728129,4.22058856007201,13.0835785324262,0.00176913498372013,0.0150520374547901,"klf-3"
-0.580967789715879,5.78303159700813,13.0748783779773,0.00177363835665585,0.0150667011249702,"F38B7.2"
-0.879146110913638,4.53955251022361,13.0720414674815,0.0017754826074091,0.0150667011249702,"vglu-2"
0.423378395360065,6.63179979291048,13.0707540525084,0.00177594227634336,0.0150667011249702,"cat-4"
0.8221725395719,4.46666490819041,13.0600383094142,0.00178228648992766,0.0151061098016653,"C55A6.1"
-0.42751557283522,6.6501086286982,13.0533014839718,0.00178584379357464,0.0151218449225449,"ctg-1"
-0.442668483861233,6.57346691802573,13.0497121386887,0.00178788899868323,0.0151247584084611,"miz-1"
0.359862809957952,7.37665397958125,13.0443028240848,0.00179096406018267,0.0151250279903879,"abtm-1"
-0.352048223010594,8.1420052178725,13.043659601656,0.00179132318905393,0.0151250279903879,"ubl-1"
0.801070127620501,4.34769610111887,13.0336140175104,0.00179741563697812,0.0151620706151541,"tfbm-1"
-0.814005200621782,4.7598588595633,12.9782128794093,0.00182933283033311,0.0154166807530727,"lon-1"
-0.359763282024228,7.55512210443217,12.9636130776141,0.00183769132727567,0.0154677837456008,"rab-7"
0.410662437905796,7.31065361239066,12.9616065092407,0.00183887610157463,0.0154677837456008,"rab-3"
-0.732902598185937,4.66280716791725,12.9172650832912,0.00186536340713879,0.0156757524129215,"ZK669.5"
0.570768105075496,6.19413973538782,12.9102621834334,0.00186935301238431,0.0156801824854905,"pgp-12"
-0.637246607020323,5.22992128545043,12.9102696207788,0.00186941777467325,0.0156801824854905,"trx-3"
-0.446876088642898,6.35197616110565,12.8962083995263,0.0018777847062087,0.0157355172694642,"ZK1193.2"
0.522844458901452,5.73120408047705,12.8910037853192,0.00188094121464275,0.0157471264965995,"lpd-2"
0.654703553880566,5.88161622128045,12.8538371871472,0.00190348691495875,0.015920886322576,"nhr-3"
-0.501768866103458,10.7954188013504,12.8397692604363,0.00191206228847942,0.015977580645555,"hsp-16.2"
0.564463435191837,6.01074930623499,12.7973799240944,0.00193831556742643,0.0161817499624304,"sbp-1"
0.416816434061191,6.54587509602327,12.7864740554605,0.00194511330362951,0.0162232667753939,"rha-1"
0.695275703071146,5.04930986649696,12.7726974333859,0.00195385887170012,0.0162809364838667,"rnf-113"
-0.448535959725846,6.3254823480439,12.751001446262,0.00196745354634547,0.0163788665548292,"bli-4"
-0.301275757910051,9.57239283755145,12.7189929968372,0.00198782647083242,0.0165329889169046,"ftn-2"
-0.899663777123005,4.20061153432064,12.7138362509282,0.0019916749647444,0.0165495159920957,"C01B10.7"
-0.894935789902519,4.02650587557812,12.7017378329697,0.00199964914611948,0.016586079959334,"C25F9.12"
0.742872940179312,4.72968121176625,12.6995225220126,0.00200055272204392,0.016586079959334,"C01H6.4"
0.582021580832216,5.53946025249201,12.6975739545342,0.00200167178004335,0.016586079959334,"gad-1"
-0.846739026609936,4.64174659954991,12.6894280078473,0.00200713840798647,0.0166158916065248,"nlp-26"
-0.475321902848679,6.17238530521989,12.6425759667832,0.00203751136810251,0.0168516405337669,"drh-3"
0.768200575133858,4.69606656361101,12.6240820221596,0.00204992422803721,0.0169385467578799,"F13H8.11"
0.856312420627083,5.42823973925837,12.5972778087466,0.0020676479195151,0.0170691343105002,"F08F3.4"
0.420681795116625,6.61540075181844,12.5794754170051,0.00207954256983359,0.0171514035142769,"skp-1"
0.843631260129016,5.03450316712439,12.5744893869767,0.0020830275455493,0.0171642241959952,"slc-17.7"
0.451225792062784,7.03127075419134,12.5504514623668,0.00209919752486367,0.017281449253299,"ZC116.1"
-0.353595953545873,7.98872951362497,12.5359643013016,0.00210907307182645,0.0173466870320157,"ttr-18"
0.459696689815382,6.34109461582513,12.5110967690353,0.00212619495910374,0.0174569696893281,"npp-22"
-0.7807943534458,4.65446920882119,12.511120847145,0.00212640852249942,0.0174569696893281,"C36E8.4"
0.417472619066868,6.9832769260728,12.50086659082,0.0021332637159535,0.0174970919728253,"ran-2"
0.828549363730866,4.3420089050959,12.4904533916522,0.00214088029933073,0.0175365603628532,"F35H12.1"
0.565824123688829,5.43693985504054,12.4883465480845,0.00214202053245514,0.0175365603628532,"hid-1"
0.911175039499448,4.32122965639581,12.4847365709624,0.00214489595418672,0.0175439465765171,"nit-1"
-0.35356296482067,7.5269090775498,12.4672400034494,0.00215670455440767,0.0176243200305502,"cdc-37"
0.931895777776627,4.07841883331091,12.4316905555188,0.00218246861233921,0.017808552150043,"ksr-1"
-0.722823901142762,4.60193487031656,12.4300295761969,0.00218325518429275,0.017808552150043,"Y54E10A.17"
0.877707505393741,4.2803551892895,12.410406344627,0.00219744996568186,0.0179079080154696,"C34D1.4"
0.581087972843117,5.42792853453757,12.40169429994,0.00220331411801597,0.0179392544169231,"F56B3.4"
0.534656993847285,5.80897824984931,12.3753278948438,0.00222231560550192,0.018069883695978,"nemp-1"
-0.470109139909692,6.13779850776766,12.373783344013,0.00222342287295017,0.018069883695978,"lin-36"
-0.541566811498204,5.74621671973202,12.3679015212205,0.00222771861843266,0.0180882614031825,"ugt-8"
-0.425281130461094,6.57967975912471,12.3648969269186,0.00222987282560219,0.0180892329310485,"cdc-14"
0.593899402408192,6.1785475861885,12.3581685462991,0.00223478691244038,0.018112571046953,"F53E10.6"
-0.602918359879135,5.61529281926032,12.3521415154002,0.00223922558599203,0.0181250151689166,"best-3"
-0.514344347181394,6.17154173595361,12.3504898957502,0.00224039946807325,0.0181250151689166,"eat-16"
-0.579335015381861,5.81510526793471,12.3310551706533,0.0022546938360827,0.0182240753605557,"tpra-1"
-1.46500320485363,3.31420941422391,12.3131427072861,0.0022745481280476,0.0183626576694306,"Y6D1A.2"
-0.312553996324795,9.88738035698734,12.299566990112,0.00227798492651553,0.0183626576694306,"enpl-1"
-0.887198854914596,4.50289789491632,12.2999798640948,0.00227803525018355,0.0183626576694306,"F22B7.1"
0.751775042590979,4.93374885323352,12.2899680172202,0.00228532246392117,0.0184047119807274,"C25E10.12"
0.383523359962397,8.64064717226833,12.2646228515943,0.00230420468349962,0.0185399853764661,"Y43F8B.2"
-0.442432224889696,6.78847693545774,12.2410084618666,0.00232213229336181,0.0186673401630017,"hum-6"
0.433591505482927,6.49901874839114,12.2253608577564,0.00233408744511535,0.0187464963636139,"tir-1"
0.612147030511006,5.24185502863812,12.2179719149054,0.00233983792313233,0.0187518117443185,"Y6B3B.9"
0.406130781238663,8.96119710890339,12.2172994727999,0.00234024751786435,0.0187518117443185,"Y51F10.7"
0.412469248531477,6.5057810443588,12.2153470046406,0.00234177152883265,0.0187518117443185,"ZK430.7"
0.332576152543914,9.75860248037522,12.2134772209448,0.0023431855638216,0.0187518117443185,"F13D12.6"
-0.415182973555776,6.67782860679296,12.2073171382341,0.00234795118217591,0.018773052122955,"pxn-1"
-0.527393221421876,6.04792236772358,12.2008790340563,0.0023529367663093,0.0187960114907961,"nasp-1"
-0.460237862814122,7.25962733929668,12.1668804326526,0.00237935034998652,0.0189899496963467,"ipla-6"
-0.508199467348289,6.00522477141148,12.1579791836572,0.00238635370812152,0.0190287630662856,"ubc-8"
-0.621260461274535,5.52628896415063,12.1430255204992,0.00239816332801979,0.0191057976249318,"scl-5"
0.399208701429018,6.76727787628403,12.1003115104019,0.00243208600696115,0.0193587078674052,"T02H6.1"
0.348328110103414,7.5269039083443,12.0883735082067,0.00244166435698943,0.0194169672165845,"imb-1"
-0.762345426059941,4.58698832052843,12.0861292645054,0.002443773064375,0.0194169672165845,"C07E3.9"
0.457464191933435,6.88481783622894,12.0825496803836,0.00244637156922074,0.0194202585910193,"F55F8.2"
0.42409180720633,6.76758820791215,12.0773424018901,0.00245057923504852,0.01943630684997,"haf-3"
-0.635148485300327,5.50898749859337,12.0637306653692,0.0024616719538085,0.0194946514768871,"F55A11.1"
1.08144900227341,3.78173311788339,12.0634125520833,0.00246327645603457,0.0194946514768871,"F54F2.7"
1.2340689510858,3.59154046735478,12.0632686339661,0.00246451335733001,0.0194946514768871,"M18.3"
-0.79061588473807,4.35401001999478,12.051801504622,0.00247175970586015,0.0195345915953801,"Y53F4B.9"
0.812944841346485,4.26409238089459,12.0487363850344,0.00247430134226867,0.0195373119308266,"nhr-203"
-0.555000275239461,6.142094449973,12.0181039324432,0.00249901331775138,0.0197149311518434,"Y53G8AM.8"
-0.553079637456039,5.59915395743964,12.0118845106111,0.00250419215731741,0.0197382734669407,"K02E11.4"
0.709141330235749,5.26485709319788,11.9814838624698,0.00252954986651721,0.0199204852641315,"C34F6.9"
-0.588740747830065,5.74229731311675,11.9773715700583,0.00253294733690815,0.0199295882942039,"F47B7.2"
-0.453886601300059,6.47131786706095,11.9571019000223,0.00254997764240805,0.0200396802879262,"F53C11.5"
-0.474884858536289,6.80890106428241,11.9553569471049,0.00255144731592986,0.0200396802879262,"rad-26"
-0.834315127451056,4.44832291563717,11.9527424845998,0.00255404357416945,0.0200423666530809,"C44E12.1"
0.980949576353859,4.19110988964322,11.9498030504244,0.00255676379408849,0.020046020188043,"drsh-1"
0.619220241190806,5.47856026690914,11.9369155019247,0.00256715480067248,0.0201097562403339,"sek-3"
-0.691551123258954,4.82310270493919,11.9297752710785,0.0025733758414136,0.0201225946624117,"cpt-6"
-0.34757213335906,7.29392956474585,11.9288158847419,0.00257399016383983,0.0201225946624117,"unc-51"
0.366427699552942,7.13368365105173,11.9269562091571,0.00257558348057862,0.0201225946624117,"Y23H5B.5"
0.681552845991999,4.97589246900768,11.9132030309803,0.00258751500524547,0.0201980648916922,"F59B1.8"
-0.411452142968704,6.81426070063321,11.8765712096341,0.0026190408370926,0.0204262211250792,"R05A10.2"
0.476733020640582,5.90167859336582,11.8601470696457,0.00263340440833934,0.0205114629592077,"ace-3"
-0.490521241384736,6.0523377420456,11.8587936223609,0.00263458448986787,0.0205114629592077,"osta-2"
-0.846070578922348,4.21633845555381,11.8533446241785,0.00263992983555704,0.0205350972597879,"F57C12.2"
0.345360752433169,7.40259828288458,11.8396698373846,0.00265137226326585,0.0206060758677418,"pbs-2"
-0.329254696448065,8.96783951877979,11.8364796406444,0.0026541774689574,0.0206098619008736,"ttr-15"
-1.00775233289126,3.68100464830928,11.8219762622151,0.00266895486281036,0.0207065250307564,"maf-1"
-0.306112786002678,9.38610521382715,11.8077047691401,0.00267973405451454,0.0207720274443668,"brp-1"
-0.543949107604425,6.85363109640423,11.7997597657737,0.00268686022940198,0.0208091239543667,"imp-2"
-0.365258277384153,7.44896840621952,11.7919076530234,0.00269389034597716,0.0208387124451775,"nhl-2"
0.583908875790829,5.37209518597551,11.7903580022608,0.00269536827263009,0.0208387124451775,"rom-4"
-0.494246050425485,5.96590935675509,11.7854357399879,0.00269974448385218,0.0208544119947261,"aipl-1"
-1.01834284673368,3.87569625441822,11.7784997308052,0.00270727379626572,0.0208944195508668,"R10E8.3"
1.09103648851291,3.50347332705499,11.7708305112405,0.0027156873255786,0.0209305246038417,"F54B8.4"
-0.370358529535128,7.53341068831073,11.7666710976756,0.00271666014990815,0.0209305246038417,"egl-44"
-0.942453309481781,3.93089176784167,11.7616653599535,0.0027223053437327,0.0209558587109328,"Y38H6C.16"
0.496276856474304,5.95030546844156,11.7545151958859,0.00272774143390369,0.0209795407342887,"F20C5.6"
-0.404639896007324,6.80136342048972,11.7498545768116,0.00273196784407106,0.0209938859996852,"R05D3.9"
-0.330401239368222,7.84739748909307,11.7407283497174,0.00274028728941963,0.0210396323749827,"W06H8.6"
0.303678088382999,8.47612456402047,11.7190755081234,0.00276018526728845,0.0211741218390523,"rpn-1"
0.793448236174594,4.22918666321914,11.7064761989229,0.00277239357292952,0.0212422115173072,"H06H21.11"
0.44911122555401,7.21520325632776,11.7043341437085,0.00277383956490762,0.0212422115173072,"nhr-1"
-0.589782175100055,5.6849001708543,11.7008108712513,0.00277716381639186,0.0212493661717212,"siah-1"
0.670330534613574,4.94625378971385,11.6851521388913,0.00279186691543074,0.021343498491053,"dbr-1"
-0.492465674144784,5.82513985514724,11.6781462041875,0.00279829232306777,0.0213590903588756,"pxd-1"
0.530118665819668,5.51571902824877,11.6777295314089,0.00279871108627714,0.0213590903588756,"DC2.5"
0.632743092376166,5.00277297401927,11.6721080033576,0.00280407013578211,0.0213816360010624,"dhs-2"
0.370819289064908,7.02173311774795,11.6604676753656,0.00281487565070126,0.0214456378837917,"ruvb-1"
-0.700190606020007,4.58715251695254,11.6303052069359,0.00284378890673652,0.0216315651238877,"C50F4.6"
0.736225258020332,4.43615384011146,11.6300029746373,0.00284414572374589,0.0216315651238877,"apt-9"
1.00027795558169,3.80621668004967,11.6249129552125,0.00284999519787001,0.0216575276104806,"Y37A1A.3"
-0.447507765478097,6.47829472334792,11.5720852304646,0.00289962065051216,0.0220158216940253,"T01C8.2"
-0.482194140927672,5.84951875624484,11.5677333681696,0.00290388930870779,0.022029419661878,"dhs-5"
0.538177772903201,5.90556211343189,11.5424763140363,0.00292865847358699,0.0221983823432753,"Y73E7A.2"
-0.896752025831637,4.50852232245967,11.5349116143315,0.0029364976913862,0.0222388423970312,"anp-1"
-1.17615244226932,3.31339009132162,11.5338191235287,0.00294286148546058,0.0222680693338128,"dnj-28"
0.369396137297098,6.98211664930924,11.5246290806282,0.00294627683805391,0.0222749552441644,"ugt-26"
-0.513260513335903,6.65127403663181,11.5213400988641,0.00294954711501238,0.022280733559537,"epg-7"
-0.811644931888796,4.45809566301726,11.4826052886982,0.0029887131460897,0.022557426639969,"C55A6.4"
-0.367046149063194,7.12565884195912,11.4621136001345,0.00300902666832183,0.0226824689756171,"mbk-2"
0.389214166323289,7.16457406842422,11.4607761158865,0.0030103827906004,0.0226824689756171,"F54E4.3"
-0.686505604858558,4.83625520770985,11.4549469030428,0.00301653130860927,0.0227095511133319,"F57B9.1"
0.349794594835767,7.38087561277508,11.449745724058,0.00302160988686719,0.0227285393436008,"dnj-10"
-0.454033927021451,6.44311514377106,11.4425871767148,0.00302894109877833,0.0227591733490328,"acl-2"
-0.775767823432573,4.32034183614598,11.4412698769682,0.00303080207459846,0.0227591733490328,"nlp-20"
0.569233121071757,5.20657349958067,11.424359898266,0.00304775298685475,0.0228671492034815,"F52C12.2"
-0.425976082831839,6.36605567036507,11.3939247368763,0.0030791843964932,0.0230798855313501,"aakg-2"
-0.380250165479239,7.26719860675781,11.3918785182261,0.0030812984057713,0.0230798855313501,"gpcp-2"
0.465771036412343,6.28643354009758,11.3795123812176,0.00309424335580023,0.0231573381114645,"cept-1"
0.346808834291851,7.61099168886892,11.37263898201,0.00310142365471719,0.0231915540068045,"dpf-3"
0.722882670790186,4.56282532440549,11.3671925209932,0.0031074885411956,0.0232023148265128,"taf-4"
-0.643190852837561,5.68154497539697,11.3648921138984,0.00310964232602561,0.0232023148265128,"sir-2.2"
0.449266517571782,6.57298623643633,11.3634450334508,0.00311111873459284,0.0232023148265128,"Y54E5A.5"
-0.681268913956879,5.86247243430797,11.3614082396843,0.00311330126960182,0.0232023148265128,"sulp-4"
-0.36913951985753,7.49058849206105,11.3319416472464,0.00314450140667799,0.0234152110609497,"F26E4.3"
-0.433516459985605,6.2751025979455,11.3115089127796,0.0031664027523221,0.0235585664191597,"ctf-4"
-0.305638199051849,8.21501530838988,11.3065112890519,0.00317174404737971,0.0235785755227868,"gst-36"
-0.392667710406868,6.76899402603894,11.2983672298249,0.00318055051386975,0.0236242895729456,"pfd-5"
-0.575794854577917,5.65930530405093,11.2869737230843,0.00319293476994897,0.0236934714234041,"T01E8.1"
0.540145451009981,6.43076918686902,11.2848502789092,0.00319519426798577,0.0236934714234041,"mrpl-9"
0.625237386765489,5.22529078575109,11.2796910886871,0.00320090364207877,0.0237160285681019,"C26F1.3"
-0.852947483575005,4.71075869521026,11.2640231223437,0.00321818542461752,0.0238242186596789,"cyp-13B1"
0.681644581756134,4.90631234455245,11.2437604641556,0.00324033095373287,0.0239278262011277,"dxbp-1"
0.558517694035729,5.90366530964457,11.2398192948938,0.00324451928840101,0.0239278262011277,"F35E12.6"
0.552271946579912,5.47369556807215,11.2381498018344,0.00324640562012544,0.0239278262011277,"C47E12.2"
0.433804051969508,7.41398079968611,11.2373613660603,0.00324719339361613,0.0239278262011277,"T10G3.3"
0.348769908386583,7.64649809894406,11.2367134861144,0.00324790378740268,0.0239278262011277,"lonp-1"
-0.446563009452604,6.66338290827578,11.2363489500539,0.00324832822233283,0.0239278262011277,"K04A8.1"
-1.03400955366692,3.65466756382185,11.2303421659711,0.0032573449596839,0.0239743824805874,"snpc-3.4"
0.707358821168993,5.16808975660489,11.19594537279,0.00329347115336478,0.0242202249996412,"ugt-64"
0.789884861272495,4.54502667167601,11.1801888421629,0.00331144381066337,0.0243322701823207,"Y45F10D.6"
0.535737143859434,5.4282191890409,11.175688104361,0.00331625031483109,0.0243474661842801,"tftc-3"
-0.549349747190202,5.927612270762,11.1638005351275,0.00332968316707684,0.024425918348581,"Y41D4A.7"
-0.656383373644444,5.21960999952466,11.1523191374241,0.00334285182761873,0.0244841288670141,"strm-1"
-0.640504008372446,4.89678673483035,11.1521504095752,0.0033431259076094,0.0244841288670141,"F26E4.7"
0.499447187760965,6.21145661424716,11.1459497720497,0.00335002537266397,0.0245144655048192,"rsr-2"
0.695011374751222,5.12939568036442,11.1407672672253,0.0033560833220953,0.0245385993558794,"egl-10"
-0.45107558116915,6.60467939341178,11.1061448040667,0.00339590696858807,0.0247906226005379,"ptc-3"
-0.379975131566948,6.80031601432626,11.1059510819049,0.00339612848132439,0.0247906226005379,"unc-40"
0.328888376475814,7.47816445171564,11.1008225568559,0.00340207792095264,0.024801959938155,"F58B3.4"
1.263401438405,3.41330808827323,11.1040002337191,0.0034032607270891,0.024801959938155,"cyp-29A3"
0.455096810986487,6.33955598765307,11.0921740418903,0.003412186062779,0.0248466390533727,"pro-1"
-0.418759527584874,6.60616273061768,11.0817472006851,0.00342438060929854,0.0249150310943317,"nsy-4"
-0.338472135931814,8.05179302826224,11.0765397240464,0.00343046529730957,0.024924964149787,"emo-1"
-0.831586320550206,4.78577224677335,11.0760363928557,0.0034313526171791,0.024924964149787,"F17C11.6"
-0.568903364462104,5.43507006860445,11.0634795566981,0.00344595176975943,0.0250105772938213,"C02B10.5"
0.528333740338999,5.78883351685824,11.0545478732803,0.00345647064376113,0.0250482545691608,"pqn-39"
1.16362675128455,3.54661455253293,11.0569610073835,0.00345677745544487,0.0250482545691608,"csb-1"
-0.344861188788049,9.53663342405373,11.0449383190877,0.00346781371070815,0.0251077619722363,"pqn-44"
-0.396585610984407,7.04074603248495,11.0246650599549,0.00349203535747086,0.0252510703422833,"pfkb-1.1"
0.8515168942951,4.05783743841481,11.0243436372937,0.00349328720290277,0.0252510703422833,"ZK856.5"
-0.90012082994161,4.30275398015344,11.0174496195786,0.00350133325889861,0.0252886710031418,"gly-12"
-0.548110501907133,5.54264339838667,11.0048411944915,0.00351595222670489,0.0253671415188712,"B0546.3"
1.24761174375176,3.29795636633911,11.0083960226056,0.00351790411570894,0.0253671415188712,"nhr-62"
-0.354798079981231,7.88402521973672,10.9991558182001,0.00352273174929357,0.0253813678954369,"ogt-1"
0.833745959235425,4.25425800167254,10.9852902452879,0.00354019323494492,0.0254865247383767,"C08B11.9"
-0.460932325932459,6.14622054113568,10.9689098381472,0.00355958231602003,0.0256053773234094,"C44C10.9"
-0.387657412098287,7.98510269990455,10.9555938006297,0.00357588236806333,0.025701835193574,"tps-1"
-0.476606533708944,5.78106390749883,10.9504754891077,0.003582251220422,0.0257179154526806,"ugt-28"
-0.739742044663079,4.57113480105624,10.947971996434,0.00358567017547304,0.0257179154526806,"usp-46"
0.850580778582967,4.30951092585546,10.9472191248145,0.0035867973412804,0.0257179154526806,"F56A8.5"
0.359204876486778,7.40918640453687,10.9357651930752,0.0036003826105804,0.0257945219908705,"abt-4"
-0.484435979150756,5.89010871193803,10.9065486730413,0.00363684866493338,0.0259757529612621,"bub-3"
-0.572928151175406,5.70210820090422,10.9056504720375,0.00363799690090753,0.0259757529612621,"ugt-49"
0.444201347409852,6.22261107446234,10.9055061607939,0.00363813854442123,0.0259757529612621,"ufd-1"
0.383126065142607,6.91125638512021,10.9034536278765,0.00364069758908552,0.0259757529612621,"rbpl-1"
0.584048023984992,5.53126786009602,10.9031901364524,0.00364110001210347,0.0259757529612621,"xpb-1"
-0.781141380388886,4.28043508453907,10.9019543691506,0.00364320818160992,0.0259757529612621,"ztf-2"
0.710968771157421,4.60948415412284,10.8767683795959,0.00367469391466292,0.0261792496756955,"pgp-6"
0.581143080121141,5.33919528604955,10.868236934958,0.00368529566333283,0.0262337580005542,"tbc-2"
-0.373317153691398,6.72178000960513,10.8633245989866,0.0036914571787424,0.0262522750764207,"dep-1"
-0.323851086295484,7.50417487408964,10.8603264292391,0.00369526209622837,0.0262522750764207,"C15C7.5"
-0.373024841746046,7.93413314074682,10.8591513795654,0.00369675496520962,0.0262522750764207,"plin-1"
-0.43721662090954,6.73639069882579,10.8514757467756,0.00370659403174549,0.026301139294692,"lips-10"
-0.405689206752481,6.86639041231816,10.83464612091,0.00372821040020531,0.0264334279650921,"F09C3.2"
-0.862827698603008,4.06788870171181,10.8265022625812,0.0037396952386028,0.0264735848358845,"W02B8.2"
-0.673493586969547,5.01622632212656,10.8257885258356,0.00373982932784512,0.0264735848358845,"fat-5"
-0.449977356161724,6.66091297857414,10.8220892722614,0.00374443512313133,0.0264851015749886,"C05C8.7"
-0.519318907424049,7.00050511171346,10.7968928105672,0.00377721665043877,0.0266957338943172,"rpl-41.2"
0.36930221881514,8.11715893191208,10.7942944146352,0.00378059311504488,0.0266983744129182,"acs-1"
0.39495632839901,7.03761364482684,10.7869622868917,0.00379022505623992,0.0267451515674834,"mel-28"
-0.611880043894158,5.11324108403904,10.7805982058578,0.00379874529983864,0.0267840162259043,"lron-10"
0.494832244064855,5.7197592028086,10.773386844237,0.00380814026610431,0.0268289818589013,"ncx-7"
-0.381009737446004,6.86364028663204,10.7644416005251,0.00381991639462434,0.0268856078729503,"F09G2.2"
-0.324024254012937,7.52633536638913,10.7612991257177,0.00382406252886298,0.0268856078729503,"smc-3"
-0.612087844643271,6.28186648322007,10.7604288512249,0.0038252495736455,0.0268856078729503,"F23F12.12"
-0.332451022176792,7.43740539954235,10.7524673453553,0.00383579294833126,0.026938416353565,"rps-22"
-0.57208236668944,5.34740952114794,10.7480932169115,0.00384173138962477,0.026958826981179,"grh-1"
0.654950142160037,4.80671021412621,10.734824205921,0.0038595983746678,0.0270628463321541,"wrn-1"
0.308524187015305,8.89301559623052,10.7202669865752,0.00387887864768502,0.0271766036694779,"cri-3"
-0.459680997107955,6.00518340190393,10.6963553055644,0.0039112838661421,0.0273820668140704,"F07C6.3"
-0.394899361268602,6.68904592308131,10.6852079571389,0.00392644483061457,0.0274665782761559,"pho-9"
-0.602625519630663,5.20401497733837,10.6789928225217,0.00393507067703373,0.0275052778219394,"tost-1"
0.477342749454677,6.05670516031717,10.6693857535786,0.00394813134379643,0.0275748906344808,"clec-17"
0.701460205581742,4.81914663333513,10.6612542928281,0.0039595423379319,0.0276171571596346,"crn-5"
0.533739669153532,5.35258723157096,10.6605250714546,0.00396039538618087,0.0276171571596346,"F10B5.8"
-0.369416312425823,7.38674472161832,10.6553093599461,0.00396748058005809,0.0276448823176304,"tag-196"
-0.372317952318611,7.56721670013362,10.6471270924732,0.003978794522224,0.0277020063407154,"rab-5"
-0.363700372937414,6.98570925180177,10.6336422579956,0.00399754084200747,0.0278107477513994,"C18D11.1"
0.614150324014963,6.0417352519942,10.6297967832746,0.00400292769347458,0.027826450447758,"gst-10"
0.622638710657441,4.92963181352352,10.6248545337695,0.00401000600891707,0.0278538776760013,"lron-5"
0.502635901570839,5.57609647648305,10.6196641238068,0.00401713003110058,0.0278815793181228,"Y56A3A.18"
0.666917374253624,4.66963887568001,10.6127417955128,0.0040270789378541,0.0279288290456012,"srv-1"
0.785601823368516,4.31566838253811,10.6106304228358,0.00403032281225011,0.0279295402367231,"E01A2.5"
-0.441613028674665,6.37832162961843,10.5959224800548,0.00405047081648749,0.028047302203575,"R05H5.3"
0.623173842753725,4.91658971127645,10.5852138500981,0.00406583379035492,0.0281317729416697,"rpap-3"
0.405381421692372,6.47021343045176,10.5827959502738,0.00406906418394029,0.028132231461441,"ttc-4"
0.707343424682851,4.41978435327024,10.5592897511256,0.00410307668472193,0.028345341727943,"nhr-135"
-0.68203904287321,5.79086752507214,10.5517782277597,0.00411343369424956,0.0283948283971839,"acox-1.2"
-0.72532689390002,4.40321538287708,10.5357245968869,0.00413705844864213,0.0285357538144897,"K02D10.4"
-0.259507270893541,9.71728967425293,10.5302678036286,0.00414440545452017,0.0285642704621231,"C49C3.4"
-0.65419660065271,5.31499813295888,10.5210154233911,0.00415798715461518,0.028635680706184,"C09E7.4"
-0.356236112232748,7.72164844680313,10.5154755883261,0.00416591997270207,0.0286681071805682,"qdpr-1"
0.381514030631139,6.86751761742466,10.5082037398359,0.00417655650226217,0.028719074912307,"T14B4.1"
-0.854572572329364,3.90966458355807,10.4826570095893,0.00421548847171611,0.0289643802179505,"F41E6.7"
-0.449656368175802,6.85047732792355,10.468639688395,0.0042348556830816,0.0290749821453888,"ttr-2"
0.626949535230959,5.10010654569308,10.4563346361701,0.0042533326055979,0.0291793057070763,"tmem-135"
0.29945147868219,8.23500967594148,10.4313367115594,0.00429062502422725,0.0294124495685463,"F37C4.5"
-0.54690063167636,5.37573412364102,10.4262400282345,0.00429844140757385,0.0294433301654385,"Y73B6BL.27"
-0.316337777592272,8.38357469643035,10.4199231184345,0.00430785979877353,0.0294851281531143,"tep-1"
-0.380464818089423,6.59206934721833,10.4152852077396,0.00431491772462288,0.02951071806894,"panl-3"
-0.488080906286017,6.20847034558016,10.4116797293338,0.00432040164926333,0.029525511962798,"R05D3.2"
-0.512910017058554,5.83570246284541,10.3682329912577,0.00438695382651494,0.0299573014374381,"cdk-1"
-0.357221785182778,7.01660867497779,10.3604527522694,0.00439894334461884,0.029969110480501,"col-39"
-0.395960764584927,6.63795530491271,10.3581838448819,0.00440246639517981,0.029969110480501,"pqn-70"
0.984939501671559,3.7593168819872,10.3594244752529,0.00440248821548792,0.029969110480501,"Y43F4B.9"
-0.427643787615017,6.18856996375588,10.3580257460312,0.00440272659147477,0.029969110480501,"slc-17.6"
0.547381810806876,5.2875527662604,10.3562775528413,0.00440553676729443,0.029969110480501,"R12C12.7"
-0.609080072808916,5.00435570624049,10.3428866308349,0.00442645317387537,0.0300883755114113,"rhr-2"
-0.50106086640012,6.63824472379305,10.3374143228228,0.0044348003526428,0.0301220855121063,"nep-26"
0.372015407487556,7.54927533438445,10.3331106864952,0.0044415092757382,0.0301446251683881,"Y73F4A.2"
0.692108729833009,4.52699514712129,10.3235013259195,0.00445702367276396,0.03022684780667,"B0252.3"
0.51769719231487,5.47399537001798,10.3077758203356,0.00448148026865929,0.0303695434974465,"let-611"
-0.656084712701666,5.52949844977804,10.3052844273232,0.00448542437729851,0.0303731212022552,"osm-10"
-0.311372138471399,8.32026648555277,10.3027041850757,0.00448939471313427,0.0303768709242594,"mdt-15"
-0.349251810839365,7.18723140968026,10.3005423282492,0.00449284186403867,0.0303770775765535,"cysl-1"
-0.322912725377428,7.61824155420932,10.2879665850083,0.00451282313413184,0.0304889897306734,"top-2"
-0.677162480753622,5.01888285505384,10.2681235715747,0.00454479946227904,0.030681709961369,"ippk-1"
0.392250338592533,6.82968205583014,10.254223542835,0.00456697938014499,0.0308080528595365,"flp-18"
-0.487064275101168,5.74582959307227,10.2476717900173,0.00457763008171563,0.0308564890496844,"hmg-11"
0.632031366866375,5.26261751658794,10.2400178179635,0.00459011610694569,0.0309172138688289,"Y105E8A.21"
0.295622300737067,8.44766913986859,10.2374429009792,0.00459414169172241,0.0309209036950067,"aagr-2"
-0.264436104856022,9.12132795948088,10.2305211239429,0.00460540918363202,0.0309732927773618,"pdi-6"
-0.518088557474815,5.50113439361336,10.2065089253232,0.00464485642224408,0.0312149799321029,"haao-1"
-0.458202969353673,6.17467875672329,10.1994373702545,0.0046564434570877,0.0312692135777694,"F16A11.1"
1.08741739539518,3.50173883274295,10.15456256684,0.00473510852920572,0.0317681266112098,"F28C6.4"
0.552562729402241,5.83521621043464,10.1505742895167,0.00473788503953033,0.0317681266112098,"grk-2"
-1.01151808815746,4.06660260768097,10.1094244416495,0.00480893349256741,0.0322202167915726,"best-5"
-0.5427785330534,5.95517923879924,10.0949113463273,0.00483256515018906,0.032354169239707,"F13D11.3"
-0.989871408673348,3.54620349630924,10.0944187123622,0.00483706967992749,0.0323599597624043,"gmn-1"
0.797774284311391,4.45444986943982,10.0903699840165,0.00484087699768681,0.0323610807416792,"F42G4.5"
-0.495284484699596,5.48047162307738,10.0870055956194,0.00484624019989606,0.0323725932511464,"pamn-1"
-0.399835560991501,6.4035909565664,10.0790593816282,0.00485989146637763,0.032439410681354,"gei-8"
-0.776796980076048,5.17968613394331,10.0737125192521,0.00486931824962757,0.0324735769471846,"F54C9.11"
-0.393206562962227,6.7175202660698,10.0718863586174,0.00487231488556341,0.0324735769471846,"F17H10.1"
0.657330799017761,4.74606283072001,10.0402084632618,0.00492795290583996,0.0328045193177785,"nol-9"
-0.689292765675841,4.93475435574034,10.0393794492476,0.00492934853318548,0.0328045193177785,"ptr-11"
-0.656298550959649,5.05639839249705,10.0319335097575,0.00494241136187473,0.0328668507243293,"ttr-30"
0.362405447118667,8.31081715444923,10.0206766282057,0.00496207458452306,0.0329729485283965,"dct-18"
-0.568693618264843,6.26094996451996,10.0164525117746,0.00496961204352692,0.0329859650972042,"D1086.5"
-0.472190462097558,5.71684024928664,10.0154385782607,0.00497145351819296,0.0329859650972042,"catp-1"
-0.290085628091589,9.1733453110714,9.99562316512535,0.00500667221905897,0.0331948715135372,"rps-2"
0.410905834982732,6.29491040848488,9.97758387967426,0.00503910707771628,0.033385023120697,"dmd-7"
0.454160554768862,5.82289399709523,9.9703860463028,0.00505212392571244,0.0334463394069317,"T05H4.10"
-0.966577146795096,3.61562032424993,9.96886829024439,0.00505798412981353,0.033460220906378,"nhr-23"
-0.596492481243325,5.4164700342149,9.94949655929625,0.00509009734058638,0.0336476248737201,"pgp-11"
0.66854702176565,4.70362407578339,9.94618115262482,0.00509637465300643,0.0336640914115009,"ugt-7"
-0.410798976336628,6.7834650638503,9.93856574949849,0.00510995129985333,0.0337287134424617,"spsb-1"
-0.350005837250169,7.04856430729319,9.9247726101262,0.00513525919747181,0.033851428911415,"egl-15"
0.270032762030285,9.76659563578909,9.92426903939485,0.00513615764272848,0.033851428911415,"ldp-1"
-0.641497451518107,5.25744758331086,9.92171402301299,0.00514103980142102,0.0338585073143958,"him-10"
-0.309805794795936,7.62873006336279,9.90415916610006,0.00517333183013979,0.0340459609931702,"spd-5"
-0.364816091816625,7.12450725078271,9.88525249737692,0.00520856205007718,0.034252459458015,"col-167"
-0.374819724724564,7.69848668010911,9.87845576182973,0.00522126875418657,0.034310643380246,"sma-9"
-0.416158413190646,6.24983277689702,9.87182763901509,0.00523375108804985,0.0343414965049201,"nas-11"
-0.295428811828607,8.07004465438809,9.86919991303227,0.00523864418852675,0.0343414965049201,"spt-16"
0.308639178872558,7.52939594548105,9.86912321657582,0.00523879733131987,0.0343414965049201,"C01B10.8"
-0.622995838648528,4.73217867530423,9.86738521137928,0.00524243261456148,0.0343414965049201,"lid-1"
-0.486255602373072,5.58212617248757,9.86573563705833,0.00524527637540001,0.0343414965049201,"F37A8.5"
0.52354699099962,5.43308038353303,9.84985577761133,0.00527531357719889,0.0345127395252946,"dohh-1"
-0.645247306603875,4.7649702967727,9.82035741545834,0.0053318120838178,0.0348567214979589,"clec-54"
-0.372802940532006,6.62152906840974,9.81684225806208,0.00533823298251592,0.0348730561701315,"vha-7"
-0.447690691408131,6.48518142523832,9.79812962870078,0.00537432784604613,0.0350394403596158,"agxt-1"
0.375960949859508,6.70180778855984,9.79664505660421,0.00537719635546779,0.0350394403596158,"cgp-1"
0.37999109979856,6.55803984526021,9.79296668893494,0.00538432997312831,0.0350394403596158,"nol-16"
0.367978421521616,6.8856639111257,9.79292313065737,0.00538440710129751,0.0350394403596158,"rpb-5"
-0.386583568180054,7.29082576319403,9.79249793799244,0.0053852201808078,0.0350394403596158,"pfd-1"
0.520954237546264,5.9268807980352,9.7914269057652,0.00538734843905014,0.0350394403596158,"ugt-5"
-0.578274999237888,5.12982560336798,9.78111955862864,0.00540754457990074,0.03514508688589,"sams-4"
0.84747831635296,4.02971922575214,9.77712764754252,0.00541633900890248,0.0351529185620592,"F14F9.4"
0.607126985277668,4.9343963165592,9.77647885306744,0.00541665711731201,0.0351529185620592,"B0261.8"
-0.403304464086532,6.90140089108252,9.77429679468306,0.00542067684182845,0.0351533463170654,"C41D11.3"
-0.822629400172003,4.2820790141728,9.75676197528036,0.00545589574751433,0.0353559541480684,"ugt-4"
0.257693392121077,9.39746663444858,9.74162463958319,0.00548492355297851,0.0355181757534829,"alh-1"
0.785631290643669,4.50582999804494,9.73610129970836,0.00549642900457646,0.0355667760405308,"R04B5.6"
-0.454053997208658,5.89066391902908,9.72745328680809,0.00551314192685162,0.0356489780884638,"tyr-1"
0.328171656884425,7.59809169194884,9.72018161513023,0.00552757945421855,0.0357163582321636,"hprt-1"
-0.575308193378329,5.17149062360504,9.71091805689068,0.00554631484058915,0.0358045957449526,"Y2H9A.4"
-0.46743580846939,6.47689647842795,9.70935439132562,0.00554928949910524,0.0358045957449526,"vps-51"
0.36325850060033,6.62731753130495,9.70400736999724,0.00556002294960084,0.0358225487449887,"hyl-2"
0.817715351647185,4.28844656062004,9.70311099463019,0.00556258277727454,0.0358225487449887,"F01D5.3"
0.627053517489202,4.89088539868071,9.7020803809866,0.00556415924157344,0.0358225487449887,"ZK550.2"
-0.311009909939484,9.64313738584853,9.69828909710308,0.00557149478733501,0.0358438206615018,"cct-2"
-0.531094385917396,5.18050571785165,9.68932798673311,0.00558978580860456,0.0359354921361556,"aman-3"
-0.579157780229328,5.01591763786577,9.68216041908169,0.00560436298558271,0.036003172908104,"evl-18"
0.991732611181821,3.53165363543149,9.67739922562068,0.00561751136247683,0.0360615837716834,"F19B2.6"
-0.40156362325302,6.47207479013159,9.66847589921655,0.0056319796872805,0.0361283776331969,"K04G2.9"
-0.593574079692878,4.92674176401732,9.66179432894595,0.00564587743666025,0.036168648084722,"aman-1"
-0.608038068885212,4.89128390795948,9.66155011245907,0.00564639338000159,0.036168648084722,"ttr-27"
0.296000366661066,9.666471914528,9.64998733389678,0.00566978530291097,0.0362923406250406,"pept-1"
-0.655174240340059,4.57999659253482,9.64572270792031,0.00567905636681955,0.0363255324873328,"tsp-3"
-0.339318690171332,7.48264242523446,9.64246228692361,0.00568528683434398,0.0363392417283626,"scav-3"
-1.0339641632411,4.04512741553916,9.61549962810093,0.00574270888133337,0.0366691000951854,"glc-1"
0.327628014873619,7.24413480014166,9.6135947730036,0.00574514187747084,0.0366691000951854,"hgo-1"
-0.943721458595195,3.90080357018264,9.607541280047,0.00575964656738474,0.0367090243156418,"nlp-28"
0.383750446160491,6.42981526399884,9.60665483757731,0.00575965458557196,0.0367090243156418,"ppw-2"
0.604735624167811,4.93176593965709,9.60330050297068,0.00576691543112547,0.0367289721333356,"cdk-7"
-0.317146359199523,7.84424900435039,9.59963416268313,0.00577431511091751,0.0367497749829403,"trap-3"
-0.351321874371192,7.53591534150035,9.58532745590391,0.00580441269458701,0.0369111508125824,"F13E6.1"
-0.50205998137522,5.39817990384037,9.58370534361634,0.00580797435460609,0.0369111508125824,"fubl-3"
0.517136245983367,5.90678067159551,9.57797167940314,0.00582001346212346,0.0369612426369569,"F44G3.10"
0.389309707875833,7.06597038658723,9.5534446379698,0.00587211546564801,0.0372551915837174,"xrn-2"
0.30641441722793,7.73012952714867,9.55223257392838,0.005874679856076,0.0372551915837174,"pas-4"
-0.547121150112977,5.09705007570719,9.55007481809099,0.00587952518253856,0.0372593431204208,"K01A2.10"
-0.341926747905527,8.22037186120662,9.54289541331632,0.00589467567443167,0.0373287474511197,"T02B11.3"
0.513390881929334,5.41799356084851,9.54061472853872,0.0058997148121123,0.0373340671846907,"kcc-3"
-0.36045038346704,7.15896395515358,9.51426630274276,0.00595649403388791,0.0376665636239669,"vps-60"
-0.587210422500422,4.87989758817618,9.51166491094364,0.00596243977809167,0.037677364653172,"Y41D4B.17"
0.493932442605642,5.47047561827797,9.50411163332212,0.00597869150696539,0.0377532288270094,"mat-3"
-0.379232630957375,6.75727005177132,9.4977261001123,0.00599253025627706,0.0378137590550456,"rnr-2"
-0.837524059552742,4.10729390591827,9.48850015203463,0.00601392384278824,0.0379131088060516,"F28C6.5"
-0.561748908025905,4.99109466272207,9.4867547656302,0.00601680311836,0.0379131088060516,"tsp-12"
0.768942155842235,4.23811873828711,9.47557683810569,0.00604200069685814,0.038044920818531,"acr-8"
0.9889997969322,3.44367240585432,9.46661720513976,0.00606566233683537,0.0381440302207694,"F46F11.10"
0.582330737264232,5.41514862781567,9.46424377841366,0.00606632085616555,0.0381440302207694,"C01F1.6"
-0.651887759347117,4.5583883610074,9.45830609231636,0.0060798783969218,0.0382022606551461,"twk-2"
0.625196316734784,4.66267512583347,9.45539453112532,0.00608624346678846,0.0382152476435143,"F55A12.2"
-0.600188612138758,5.49211626191429,9.45024740023845,0.00609741192211665,0.038247122749037,"Y62F5A.9"
-0.429420383124356,6.63221374738391,9.44907392637826,0.00609992352470301,0.038247122749037,"pes-7"
-0.287882454466755,8.0153294610366,9.44254324866836,0.00611446335687797,0.0383112711106427,"let-70"
0.289130274653331,8.08928455781925,9.43122871699146,0.00613981120436907,0.0384430009986235,"sptl-1"
0.341661558513272,7.22875880072649,9.4258830591773,0.00615185081090675,0.0384912776634567,"W05H12.1"
-0.400937682233646,7.19048699722652,9.4162307990698,0.00617361590082544,0.0385801105666218,"set-18"
-0.758175287248744,4.08650252235857,9.41626836235755,0.0061747269526828,0.0385801105666218,"sqst-5"
-0.320854755747409,7.67622358513918,9.41053889923935,0.00618647541424124,0.0385985987293748,"clec-72"
0.370790799538185,6.68533147035883,9.40968877954212,0.0061884290895636,0.0385985987293748,"ddx-15"
0.715131500714261,4.18307168666997,9.40802452627316,0.00619311048171684,0.0385985987293748,"nlp-6"
-0.525204303787319,6.07378391250129,9.40677944409711,0.00619505121885252,0.0385985987293748,"knl-2"
0.513687796302115,6.0269917956516,9.39632971611986,0.00621880278660249,0.0387194506832512,"mth-1"
-0.549508002992105,5.61604671502757,9.39319910448252,0.00622599102691338,0.0387370792304316,"F56C9.8"
-0.318108013007291,7.510943889048,9.3874295101343,0.00623905593083746,0.0387788932168445,"uggt-1"
0.51669879625077,5.19790496234091,9.38647300045769,0.00624143473099814,0.0387788932168445,"C48B6.3"
-0.459057506237848,5.85677796989701,9.37617163244808,0.00626492139544214,0.0388797541387735,"F17H10.2"
-0.552749725079394,5.30904701839516,9.37556367005999,0.00626641409075047,0.0388797541387735,"ccm-3"
-0.311248607589869,7.54170310395094,9.36975712998447,0.00627960049126028,0.0389343988617819,"Y54G2A.26"
-0.65426733243904,5.32480750589493,9.36637701274425,0.00628756025877871,0.0389565841538686,"Y53G8B.2"
-0.316871522211403,7.76136399090648,9.35491054199921,0.00631388102822941,0.0390924207674009,"ogdh-2"
-0.35139898375706,7.70366303685576,9.35205954735671,0.0063204964505576,0.0391061474891494,"bca-1"
0.309618408873796,7.90610515625567,9.34719586868244,0.00633177981071473,0.0391487164791827,"rhr-1"
-0.363486082562858,6.89371649524681,9.33558555231961,0.00635885691928235,0.0392888094991934,"cpi-2"
-0.613721203013191,4.82377034986128,9.32797038190803,0.00637700016242263,0.0393735475306247,"T04G9.4"
0.305641772743785,9.83403609134747,9.32503600086715,0.00638350738315117,0.03938637345149,"gdh-1"
-0.461405875390664,6.86465696012266,9.31751242393328,0.00640121451606999,0.0394577826692949,"B0228.7"
-0.646617226210737,4.86030545937823,9.31648341827778,0.00640395685432377,0.0394577826692949,"nhr-137"
0.562441360052956,5.01334152664427,9.31000593512963,0.00641913312407253,0.0395027422743674,"gst-12"
-0.348092443915175,8.2303436534005,9.3094655498182,0.00642013975778437,0.0395027422743674,"acs-17"
-0.280454001784461,8.28198139742484,9.29050232894339,0.00646506819309546,0.0397516744846554,"pbrm-1"
0.316753288424135,7.64025630154664,9.28719327821695,0.00647295061322156,0.0397656708697304,"ngp-1"
0.989866831074402,3.44406713801931,9.28786062559155,0.00647628966588344,0.0397656708697304,"ric-19"
-0.395753491796361,6.99771447372298,9.27566713724749,0.00650049271866799,0.0398867362054362,"sea-2"
0.340205221183305,7.31638421675078,9.26867397664674,0.00651724272028451,0.0399345280586455,"hars-1"
-0.539581024944532,6.86504697888583,9.26867001397312,0.00651726467361317,0.0399345280586455,"F09F7.6"
0.503463925464271,5.66104700060373,9.25283664261867,0.00655545830705656,0.0401408951846004,"wsp-1"
0.320409208912545,7.93739828283342,9.24193562173117,0.00658174311178052,0.0402741073687823,"rps-16"
0.640135337768927,6.0009717278417,9.23353202665483,0.00660224074484465,0.0403468401967884,"F43H9.4"
-0.964960752624422,3.84317224610014,9.23427023496227,0.00660270526221203,0.0403468401967884,"fbxa-65"
0.686157486654395,4.28173219723174,9.22951210387668,0.00661279312496895,0.0403807305453976,"R03A10.5"
-0.427871495500476,5.8328076816364,9.2201963223292,0.00663481229331999,0.0404873823609527,"F08F8.10"
0.524737514813704,5.64307271687223,9.2028763996312,0.00667739444383346,0.0407192825789598,"ubc-14"
0.499177364299259,5.57718303152008,9.20069462693894,0.00668278869807464,0.0407242455891581,"flad-1"
-0.470540612135569,5.75921348642561,9.19270937555003,0.00670250409616612,0.0408164136431595,"cal-1"
0.600712715360567,4.78867039490079,9.18933633434501,0.00671113622549751,0.0408410076529078,"F54D11.4"
0.375989083250264,6.65526291666922,9.1863139839245,0.0067182963978655,0.040856616466089,"let-858"
-0.364865679338737,7.08377905046219,9.1808184818833,0.00673194544748391,0.0408910619683389,"F53F1.4"
0.510999538098798,5.39559634719036,9.17930821029372,0.00673583283661378,0.0408910619683389,"W06E11.1"
0.348727632335733,6.94610549410702,9.17729600203805,0.00674071865749201,0.0408910619683389,"cchl-1"
-0.521062200970593,6.31910107679193,9.17546150518635,0.00674531400677374,0.0408910619683389,"F35H10.10"
0.497083581461706,5.52091145447994,9.17483569028165,0.00674695623749332,0.0408910619683389,"lsy-13"
0.287071953397154,8.52731102049791,9.16088782976188,0.00678170930207691,0.0410486528534828,"lap-2"
0.452721254533299,5.8228430306351,9.16073025903294,0.00678219222154608,0.0410486528534828,"B0361.2"
0.668885981144501,4.4943141492692,9.14275890504027,0.00682796463434141,0.0412975738530132,"C56E6.2"
0.280422987004357,10.9483622173987,9.13907945008856,0.00683666550397646,0.0413220890522465,"eef-1A.2"
-0.344581216151669,8.10253850437382,9.13617551423198,0.00684402388928967,0.0413384622280397,"ida-1"
-1.05827579139299,4.24347731123772,9.12659337999889,0.00686961510810918,0.041464866209232,"Y42A5A.3"
-0.302072619085875,7.8685856633292,9.1088925639537,0.00691356278911468,0.0417018227666341,"his-72"
-1.02119436440735,3.47152976833671,9.08915448772688,0.00697003790495001,0.0420139708562105,"gly-6"
0.45838018343604,5.90631900756409,9.08144219293389,0.00698440151988172,0.0420720283965233,"src-1"
1.02315212748914,3.70944488408653,9.07919770176244,0.00699314421341943,0.0420961714295952,"cyp-35D1"
0.681557909078745,5.07763840001098,9.06510752834379,0.00702708031083429,0.0422533869118307,"hacd-1"
-0.40898652489275,6.16518122487081,9.06438273749437,0.00702876608284755,0.0422533869118307,"ptr-14"
-0.373804339813473,7.17322943203632,9.06220188804616,0.00703442652113315,0.0422588420266181,"efk-1"
0.647294370049467,4.87462563270448,9.06006095318138,0.0070403491755601,0.0422658639567217,"Y67H2A.10"
0.252440216790388,9.73078027384837,9.05271837111573,0.00705922866135873,0.0423506086559652,"nol-56"
0.479178781773996,5.63676921006405,9.05073322293146,0.00706455933748911,0.042354010161575,"Y75B8A.14"
-0.993776913986305,3.41009849871782,9.05030307861983,0.00707196271524644,0.0423698251356173,"gmeb-2"
-0.363101292610775,6.95307741510574,9.03787805152424,0.00709831805443364,0.0424990880956023,"dpy-28"
0.457992881699275,6.00709690108254,9.02640182966689,0.00712872196656445,0.0426286728624184,"npp-24"
0.466737705579434,5.89640912430449,9.02609285750622,0.00712955084314656,0.0426286728624184,"F07A11.4"
0.439842048594,6.30044911896653,9.0049383695316,0.00718588567216404,0.0429366327360285,"chd-1"
-1.26761418629057,3.05723859831954,9.00237355702012,0.00721025716731533,0.0430533220111488,"grl-10"
-0.386508654503628,6.37272794199415,8.99245267707804,0.00721938146668706,0.04307887289954,"tag-278"
-0.499435775806736,5.58691192926673,8.97294470177645,0.007272150050954,0.0433646452736633,"tag-209"
-0.337951536204854,7.3514114100222,8.96932520811698,0.00728186017217517,0.043393444229765,"best-24"
0.327438298499541,7.27979460824518,8.96231596951379,0.00730092872394464,0.0434779352207581,"kin-10"
0.510057036532574,5.23690760280149,8.92513954964629,0.00740316696561406,0.0440375196877875,"W02A11.1"
0.337815985574129,7.52637393971454,8.92447590259103,0.00740480170208552,0.0440375196877875,"pho-1"
0.386838905763854,6.50838923464207,8.91934031632479,0.00741906323022958,0.0440928416978417,"C35A11.4"
0.525099554717079,5.40288892700528,8.91650523046137,0.00742704993508732,0.0441108222931606,"cat-1"
0.3149364540269,7.12207451316076,8.9089462450556,0.00744793311496092,0.044205322646941,"spp-18"
0.401195921053519,6.28658901761381,8.90309009056686,0.00746428812902931,0.0442728390628416,"scav-5"
0.254975823435011,9.11963163868033,8.89233868652336,0.00749431406625238,0.044394950310095,"lam-2"
-0.753782600511569,4.75501651908562,8.89145923358726,0.00749726056274853,0.044394950310095,"cpt-5"
-0.395569495695329,6.88853014835689,8.88967017067251,0.00750184083865674,0.044394950310095,"F17C11.4"
0.409779934213001,5.9383675760392,8.88779153602216,0.00750716051529884,0.044394950310095,"Y17G7B.12"
0.314252857793617,8.26889012719923,8.88432356125023,0.00751683153797257,0.044394950310095,"acs-4"
-0.311613830281179,7.36179688601122,8.88330249445044,0.00751972638760407,0.044394950310095,"copd-1"
0.460535696339673,5.45049822595487,8.88327650069293,0.00751993498710615,0.044394950310095,"F36A2.2"
-0.345179357955787,6.98421923457992,8.8814979833906,0.00752482174303376,0.044394950310095,"ptp-3"
-0.673004218355941,4.3948689463808,8.87929888142018,0.00753177074311961,0.0444064812182205,"ddo-1"
0.640934075310084,5.05009212089155,8.87646858452808,0.00753925675898049,0.0444211609304808,"pmk-3"
0.442986443328352,6.10080812329415,8.86928340702122,0.00755935458674267,0.0445100805501517,"ipp-5"
-0.667065846955381,4.50744222083349,8.86034583751059,0.00758530456187556,0.0446333175775219,"B0478.3"
-0.486860872975263,5.78817220384899,8.85613771626062,0.00759671604589081,0.0446709010344016,"cdf-2"
-0.455037339743868,6.19872128436597,8.82377500393324,0.00768944625202093,0.0451606232986071,"C18H7.1"
1.08869160272468,3.78419998473567,8.82451230384153,0.00769015675110687,0.0451606232986071,"C42D4.2"
-0.570732290309001,5.59344484387364,8.80413688994809,0.00774643585341313,0.0454610964836278,"slc-36.5"
-0.485435594170177,5.84801141354944,8.79974792150798,0.00775916897446971,0.0454918721842131,"his-59"
-0.435946663600552,5.78020860391604,8.79881044154756,0.00776191318225748,0.0454918721842131,"his-32"
1.01277456749949,3.36554820189005,8.79621737228771,0.00777610936576126,0.0455450516277888,"R09B5.11"
-0.364871699010128,7.75128193178542,8.7614019693837,0.00787177241720681,0.046046113025867,"mix-1"
-0.401713194413759,6.15365913189677,8.76096221391466,0.00787313613112266,0.046046113025867,"hcp-1"
-0.327722747421855,7.11054380437729,8.75958128419226,0.00787719468140183,0.046046113025867,"dab-1"
-0.590260471560559,5.08104590081676,8.75268735946032,0.00789791816377037,0.0461369187871763,"mfb-1"
0.745437693880066,3.99775326374483,8.74500301878344,0.00792203107563771,0.0462473921822028,"tin-9.2"
-0.602540062171102,5.35033345593631,8.73798380269053,0.00794168275917699,0.0463062931190876,"C38C3.4"
0.350137477289682,6.67669877775871,8.7376468650152,0.00794253706069155,0.0463062931190876,"B0280.9"
0.48935049424641,5.70116526810971,8.73001742906948,0.00796547395622638,0.0464095864644881,"nsun-5"
0.417613736202753,6.0344612975746,8.72342212056217,0.00798526026593816,0.0464871786721413,"F53F1.3"
-0.678683923939558,5.24103128147743,8.72215113338303,0.00798924856720637,0.0464871786721413,"F18E3.11"
-0.308609784396451,7.18936073077064,8.71103991514672,0.00802258688279787,0.0466506343851903,"T04C9.1"
-0.445406425394998,5.90134327252949,8.70597768650635,0.00803797859720555,0.0467095867370945,"moag-4"
-0.39723276766121,6.24299333076003,8.70355925164124,0.00804529028246928,0.046721538799108,"cysl-2"
-0.370175238482562,6.42608750963054,8.69652345760643,0.00806666887869796,0.0468151129246107,"ZK484.3"
0.538121013910435,5.2126035747506,8.69358721848848,0.00807579307192591,0.0468374926304588,"tbc-16"
0.513379826857545,5.29004119768855,8.68294672892356,0.00810827450453943,0.0469766693519337,"rrc-1"
-0.529323207033712,5.30665058161999,8.68143350813793,0.00811290889651759,0.0469766693519337,"ttr-53"
0.662248560244734,4.563098504046,8.68067047229014,0.00811564099927681,0.0469766693519337,"calm-1"
-0.352695405022708,7.71080988463308,8.67072560247933,0.00814559595246991,0.047119384263767,"col-144"
0.380734412815623,6.70283762021122,8.66739239326061,0.00815589493400989,0.0471482846932912,"6-Mar"
-0.631768121954254,4.62189076944535,8.66132709783212,0.00817514203170059,0.0472288419778102,"F10D7.3"
0.266598395188806,8.91473653728391,8.65589551744431,0.00819137020724381,0.0472918652679251,"gst-1"
-0.300018915659627,7.23967256943143,8.64629884335591,0.00822118159975218,0.0474331769003223,"agl-1"
-0.663366891725284,4.27960253372124,8.64453304488425,0.00822764221579895,0.0474396672766981,"F23F1.7"
-0.94020036430724,3.42630647513793,8.63130832842726,0.00827426406659192,0.0476775643655662,"C01G5.25"
-0.450936122465756,6.29620923357194,8.61405224972621,0.00832217906732045,0.0479225997976335,"F53E10.1"
-0.289079083780111,7.55006975135726,8.6104657039992,0.0083334431343033,0.0479564031761104,"pssy-1"
-0.94232056027293,3.64187178277132,8.60940616711095,0.00834072797258782,0.0479672783986276,"kbp-4"
-0.679420801879545,4.76881957740652,8.60614825235073,0.00834755402504657,0.0479755028032896,"Y75B8A.3"
0.391292450208128,6.12560168377235,8.6033779767976,0.00835591236089062,0.0479925173130998,"C24A3.2"
-0.481958963937231,5.70414585629287,8.59811756525917,0.00837264344289646,0.048057568012132,"suox-1"
-0.565615753879185,5.04153304199433,8.5765115034016,0.00844171771845663,0.0484227820869664,"B0546.4"
0.510044359907299,5.33620992051604,8.56737914392622,0.00847090347398846,0.0485556410188403,"smr-1"
0.599375963936466,4.75853694572986,8.56593560227108,0.00847580191893377,0.0485556410188403,"Y92H12BL.4"
0.410758810763481,6.26921229885349,8.56076747083603,0.00849205793493841,0.0486174417897859,"cyp-33E2"
-0.842774618376879,3.7708365902537,8.55375497068521,0.00851743098484848,0.0487313248946511,"cbp-2"
0.715909633222835,4.56283549742462,8.54090964702713,0.00855692818913943,0.0489258189901213,"nex-3"
0.963968595649415,3.47451090185163,8.53699133524963,0.00857432809280607,0.0489854454102892,"mul-1"
0.433407281204881,5.74539719942548,8.53416099564615,0.00857837571744689,0.0489854454102892,"haf-2"
-0.507420048410273,5.1342122467714,8.52985504742513,0.00859259486713013,0.0490107915519474,"chaf-2"
-0.554314219145262,5.3514715255515,8.52945272332961,0.00859383916651513,0.0490107915519474,"C27D6.12"
0.370659876509613,6.3215489599453,8.51280167432226,0.00864829419900605,0.0492694418953209,"Y10G11A.1"
0.316432027861801,7.41488112584655,8.5107489956861,0.00865501375402113,0.0492694418953209,"alh-5"
-0.609508282189446,5.05803081988422,8.51059542556869,0.00865581692053664,0.0492694418953209,"C37C3.7"
-0.452499351823705,5.48286445144932,8.49435333687423,0.00870934637368044,0.04954241753576,"T21D12.12"
0.271619762923084,8.11189810305451,8.48899136651,0.00872698230538539,0.0496109972360496,"sars-1"
-0.790858772284246,4.20790595095745,8.47635176018215,0.00877034571796422,0.0498256509766261,"T10H9.8"
-0.83024634505975,4.0165228043305,8.46550163590066,0.0088072356827662,0.0499899081532512,"nhr-132"
0.521945058672173,4.96497002813323,8.46409932326113,0.00881050343899951,0.0499899081532512,"pdcd-2"
