"logFC","logCPM","F","PValue","FDR","gene"
4.83087606715163,8.12998780876559,946.842686496242,4.94227269595369e-18,4.39417465397243e-14,"pgp-8"
3.44447696497739,8.92322274651256,863.306939564556,1.19540075441284e-17,5.31415405374227e-14,"gst-24"
4.46768120118684,6.96686413951391,693.868113655299,9.67449888456604e-17,2.75345325605573e-13,"mtl-2"
-6.41898393041371,7.56417401184684,680.560077321357,1.23875975978213e-16,2.75345325605573e-13,"mlt-11"
-7.58457935894582,5.79839064721092,452.670955846411,1.74316429030103e-16,3.09969474101329e-13,"sqt-2"
-4.21156022744662,6.82181519413263,583.505747809344,5.01247231718841e-16,7.42764856202036e-13,"sym-1"
-8.07445981111584,6.27370365051415,391.095681673464,8.42960559732244e-16,1.02495081640948e-12,"dpy-4"
-6.84449541476016,6.68122518831159,534.404845665,9.22236703551438e-16,1.02495081640948e-12,"F41F3.3"
-7.14115531620148,5.86308214869851,413.509559780991,1.67384622304653e-15,1.6535740854563e-12,"dpy-13"
-6.57548484952327,5.97238245193377,453.676177925106,2.62776616273989e-15,2.29023918521112e-12,"Y47D7A.13"
-7.81835670830976,6.02536149649581,349.313430728064,2.83349803591523e-15,2.29023918521112e-12,"sqt-3"
-7.00692587919559,6.10002708805096,419.845919546775,3.36134498294345e-15,2.49047652027918e-12,"lpr-3"
-8.23050370956316,5.65479903460767,297.428598554647,2.36319203834635e-14,1.61624157022595e-11,"col-17"
-7.22715289701956,6.31190481979604,334.310102028671,3.13675023265164e-14,1.99206045132184e-11,"ZK180.5"
-3.62352482244895,6.15803306440423,344.887634089143,6.96586172744063e-14,4.12889844124498e-11,"F44E2.4"
-3.93063805750353,7.52688015147564,338.512445533424,8.24905742084173e-14,4.58389809554399e-11,"noah-1"
-7.10719639913491,5.3393296529985,249.663189343975,9.84504807362554e-14,4.99153633831894e-11,"rol-6"
-7.69625430308084,5.90744828725108,248.691034504865,1.0253872825267e-13,4.99153633831894e-11,"col-90"
-2.8518803111889,6.34680680744138,329.258450758013,1.06668755402159e-13,4.99153633831894e-11,"C09F9.2"
3.00948848913212,6.73145491143066,326.136144677919,1.16444764923025e-13,5.17655202465308e-11,"zig-4"
-6.65702616936059,6.05153913163382,293.871077406701,1.68696763419341e-13,7.14229963600647e-11,"cut-2"
-7.60969702091048,5.058758005675,241.880046080548,1.98477105021199e-13,8.02118154883399e-11,"grl-16"
-10.7250409523274,6.23783773912522,377.622194626739,2.58340881083067e-13,9.9865598856937e-11,"dpy-5"
-6.41317075731146,5.16556705080523,246.263410092841,3.09904388374261e-13,1.14806663209815e-10,"wrt-10"
-7.60239800939382,5.81633558170838,220.318189708616,3.60551356237652e-13,1.23568339353542e-10,"col-41"
-6.44006286759438,5.84235928594386,271.115895611155,3.61351571610854e-13,1.23568339353542e-10,"dao-2"
1.38825036907431,9.45556489030815,268.562804913186,6.9453711010049e-13,2.28708497996424e-10,"irg-4"
-10.7923130068051,6.30272639482038,327.014038504033,8.62772848136977e-13,2.73961192599495e-10,"sqt-1"
-6.23861977586573,5.8887127265039,252.182981835,9.08513022156585e-13,2.7853756137911e-10,"rol-8"
2.58512367046013,5.94318493467178,256.123954862869,1.07223080744721e-12,3.17773470300438e-10,"cyp-33A1"
-4.35577530621665,6.79731503982152,249.782857942109,1.35140645414047e-12,3.77509919276295e-10,"noah-2"
-2.36302011605121,6.54504393674873,249.529152645838,1.35871301505359e-12,3.77509919276295e-10,"txdc-12.1"
-3.80961738359081,6.32421745044734,236.693588046035,2.20278094311897e-12,5.93482586826386e-10,"fbn-1"
-5.64834353588278,5.32456461248934,225.384701157243,2.55956342933389e-12,6.69325836770812e-10,"lpr-5"
1.74050049925937,8.26624720645538,224.762516172113,3.50333881807268e-12,8.89948155185264e-10,"mrp-2"
-5.80812576181103,5.47542527844367,216.920297343287,3.63532546051633e-12,8.97824407484741e-10,"qua-1"
-4.62154886602792,5.39211397324896,223.294173598187,3.94334945979187e-12,9.37296867484486e-10,"F33D4.6"
-4.85079788340679,5.49717733924041,222.826703118309,4.00599268523344e-12,9.37296867484486e-10,"cdh-12"
-7.18730092004389,4.65897173241887,177.31368363193,4.53333046764846e-12,1.03348310738109e-09,"lpr-4"
-7.18857802951381,4.65975067355846,176.37684662711,4.77794240182315e-12,1.06201714736524e-09,"K04H4.2"
-5.85591720532388,4.64072234250193,184.33713407175,5.26511043830558e-12,1.14175846114573e-09,"F30H5.3"
1.44626927908151,7.97544365713668,213.962937618895,5.4605868763789e-12,1.15595423614011e-09,"C29F7.2"
1.93507381509293,6.4713922697204,211.470050574579,6.06909618709987e-12,1.25489149301174e-09,"C48B6.2"
-6.36804031399001,5.12352468855915,180.439312305452,6.48037339679055e-12,1.30947726979238e-09,"glf-1"
1.62032498533417,7.94613798744852,205.133230343528,7.97283599461276e-12,1.57525521840227e-09,"Y66D12A.9"
-7.09329696057727,4.57091748494296,164.819092101206,9.3330460536993e-12,1.80391548833566e-09,"F53B1.4"
1.93095923769431,7.240300038705,200.768718391247,9.66712787575194e-12,1.81041081255643e-09,"ugt-16"
-4.16660764553811,5.4903128344083,201.321909320083,9.77389708724649e-12,1.81041081255643e-09,"ptr-4"
-6.88952786599823,4.37881376075556,161.510955500629,1.14039724205381e-11,2.0692391590001e-09,"dpy-7"
-4.69943966968256,4.97157563416003,195.842728760721,1.20188387383689e-11,2.0963280909453e-09,"dpy-2"
-5.34354679377372,5.41739194686479,194.731764682728,1.20248265254989e-11,2.0963280909453e-09,"H03E18.1"
-2.2488720712148,6.21381906430681,192.115181071063,1.43359014206395e-11,2.40726793634813e-09,"K10D3.4"
-4.1535836326475,4.96542493045366,193.267214045656,1.43499269628221e-11,2.40726793634813e-09,"clec-180"
-9.39217996213449,4.94684850842879,231.569613339382,1.50071027697117e-11,2.47089168010198e-09,"grl-7"
2.07631772637943,6.26924589389026,186.616062509379,1.85633577166343e-11,3.00085115379265e-09,"ugt-39"
-1.75905129925039,7.14948154878805,185.370668518919,1.96956085774879e-11,3.12702956897223e-09,"mua-3"
-5.87071421285325,4.18034290227765,142.311777178607,2.9793165395125e-11,4.57734846423523e-09,"ZK180.6"
-6.34015081956766,4.61338126148134,142.278958559819,2.98601069537333e-11,4.57734846423523e-09,"mlt-8"
-5.19018074086492,4.66058880742173,166.898269034168,3.21370933309986e-11,4.84289655603235e-09,"mlt-10"
-5.7048079613975,5.37829657379287,169.08675722272,3.47134079325285e-11,5.06337926759893e-09,"ZK1025.3"
1.79085427524042,6.85765197652146,173.872034907128,3.47391896663519e-11,5.06337926759893e-09,"cyp-35C1"
-2.49839471120563,5.82923343329981,173.453573751251,3.55256439309235e-11,5.09449193854582e-09,"T19B10.2"
-4.11232934089634,5.02498011809881,173.50124116788,3.72538358088467e-11,5.25752149486438e-09,"col-149"
-6.77066458713811,4.26957430354001,142.161774759131,3.95525926542294e-11,5.49472033263678e-09,"abu-14"
-4.63839267007749,4.76012606449936,167.335439359924,4.6285636882017e-11,6.32117891305463e-09,"col-14"
-8.8025549916645,4.39179402901563,201.345887897787,4.6923609072276e-11,6.32117891305463e-09,"dpy-8"
-4.50723337888415,4.47021430204283,163.713141991959,5.21608959843132e-11,6.92182874920192e-09,"C15F1.2"
-6.01512097961784,4.31212255666012,133.696794410914,5.49504698706521e-11,7.18477393558776e-09,"M03B6.3"
1.94078263812841,6.84468265068779,161.280299718792,6.73261804561859e-11,8.67531986139056e-09,"Y49F6B.2"
-5.79371533880005,4.93839535006056,147.735337066371,7.16356361538909e-11,9.09874915777491e-09,"H42K12.3"
1.38284672473554,7.57683087050462,159.540474699163,7.40318270201778e-11,9.2706616061465e-09,"pgp-3"
1.18005342662273,8.26602968032431,151.900314838488,1.13654056465686e-10,1.40346974449502e-08,"Y61A9LA.10"
-4.80587661819732,4.7431403405086,148.381682335176,1.2406197810128e-10,1.50043600800887e-08,"pqn-32"
-6.75311390702296,4.25348515223174,126.093802562395,1.24881638277647e-10,1.50043600800887e-08,"wrt-2"
-6.54996082305365,4.0668072762208,125.739897357219,1.28362690235915e-10,1.52169690518336e-08,"T03G6.1"
-5.8381661499779,4.98298310903463,138.194699916526,1.31407081959235e-10,1.53728995486784e-08,"col-73"
-2.30002127981704,5.52147701502992,148.72862632041,1.3675744716323e-10,1.57910449704971e-08,"C01F1.3"
-5.38280013213264,4.20681515505723,130.277304166338,1.40984939979479e-10,1.60704756584301e-08,"tag-297"
-2.98176674841717,4.86781737034149,147.049575567212,1.52705915883945e-10,1.70996526511551e-08,"col-125"
-1.72044523805892,6.25443172455663,146.706011441126,1.53860332031538e-10,1.70996526511551e-08,"alh-13"
-4.29579122229732,5.19127242841631,146.524806629099,1.62849099649188e-10,1.7875201789888e-08,"F10D11.6"
-1.60225163614494,7.62413005467488,145.150819834331,1.68721212646563e-10,1.82850574886319e-08,"nlp-33"
1.012839635651,9.32649864099712,144.955198315852,1.7069618395641e-10,1.82850574886319e-08,"ugt-22"
1.7689541699288,6.20410705821666,141.634100492432,2.08686809233231e-10,2.20885050106269e-08,"pgp-4"
2.19047811231422,7.00700219582936,140.902656221106,2.18200535185159e-10,2.28237759803676e-08,"pgp-1"
-3.27435202919504,4.95279579316729,140.838041863298,2.23023584923625e-10,2.30570080646041e-08,"lpr-6"
-2.24106383920909,5.33508451184767,140.087721690537,2.29776955397135e-10,2.34070832055689e-08,"Y54G2A.10"
1.12389714137378,8.25442306631411,139.926445593071,2.31675100898668e-10,2.34070832055689e-08,"cth-2"
1.61456287888946,6.91414793142688,135.800770377513,2.99873746941641e-10,2.99570503826756e-08,"ZK1055.7"
-5.13363075726697,4.60700638527709,129.71959314129,3.0461226369486e-10,3.00923070723444e-08,"R07E3.6"
1.23431267163102,8.16265000990195,130.485661634377,4.2238635798032e-10,4.12685396571761e-08,"C29F3.7"
-6.29751269933053,3.84021595687752,108.548649477201,5.11284492599791e-10,4.94112002576603e-08,"H10E21.4"
-9.04197417893595,4.61470376657983,146.971493422341,5.82722113585949e-10,5.57094872246524e-08,"abu-13"
-6.1768768644009,3.73221221482256,106.265393478045,6.22857913467079e-10,5.89130820067638e-08,"dpy-3"
3.38624734424605,4.64448636836958,123.695454673899,6.86608689474244e-10,6.42593458749001e-08,"gadr-6"
-1.68487725538477,5.81568638486137,120.236456448359,8.48161419152178e-10,7.85521164341877e-08,"lys-7"
-1.35058430309027,7.6122612483641,119.919452074836,8.67000411872601e-10,7.94690789892711e-08,"nlp-24"
-4.96973471741239,4.18157026430257,111.575758762202,8.84611292553176e-10,8.00798001897856e-08,"dpy-9"
-5.08133628853871,4.79316449874117,116.766783582603,8.91677001325923e-10,8.00798001897856e-08,"wrt-1"
-8.4844065780874,4.09583256839856,138.956214927841,9.05931652624772e-10,8.05463832348685e-08,"sups-1"
-0.985129840465909,9.20105589930547,118.554759543394,9.55137680978932e-10,8.40804863523137e-08,"metr-1"
-4.21793413252245,4.67469550565384,117.659304489843,1.03875879113656e-09,9.05451412940703e-08,"T26C5.2"
-1.94188049377826,5.32302338768366,117.215030978328,1.05256520643688e-09,9.08578373828181e-08,"F19H8.2"
-1.30098949085109,7.65201544278866,116.364857148737,1.11806804544012e-09,9.55840672308472e-08,"fipr-21"
-1.16616247720947,7.94947461488721,115.827223186313,1.16258189257004e-09,9.77805493191919e-08,"T27D12.1"
-3.21928554888309,4.24268083947755,116.343826660709,1.16575618353777e-09,9.77805493191919e-08,"dpy-10"
-1.60765313357439,6.3427743892353,115.591791280833,1.18290276334444e-09,9.82914810177143e-08,"fkb-5"
1.71256783349553,6.44980926820459,115.019736464147,1.23336242553653e-09,1.00936267901122e-07,"cyp-14A5"
-6.43854641289027,3.96499299503318,98.638254544561,1.23743709382772e-09,1.00936267901122e-07,"cdh-7"
-8.01072895353305,3.66703080292434,133.361439186606,1.24985962605038e-09,1.00963730551558e-07,"C02E7.6"
-8.19177545904951,3.82907248110453,133.214944798216,1.26048522002283e-09,1.00963730551558e-07,"grl-15"
2.02098060537691,5.78918703295053,114.408898319392,1.29036568910824e-09,1.02434297695191e-07,"B0416.7"
-1.96191187987703,5.7469592245196,112.477532158243,1.48896117556243e-09,1.17153573556863e-07,"aagr-4"
-4.27173869808348,4.0655036733956,107.883262935079,1.75119718204668e-09,1.36578018820851e-07,"C34F6.1"
1.0923887461261,7.77253172673395,108.138445523687,2.06862110975387e-09,1.59931393798449e-07,"pro-2"
2.08937276218895,5.94304573522831,107.671150598159,2.14566576032349e-09,1.64457881681346e-07,"cyp-35A3"
1.0941541463399,7.36939097520728,107.125256239677,2.23764905220075e-09,1.70042202761682e-07,"K10C3.5"
-3.22467992112866,7.55431326690473,106.78277892571,2.29854245055873e-09,1.73189329897608e-07,"asp-12"
-2.02991050686443,5.28506579436426,105.576757702435,2.52902418646496e-09,1.88954235645882e-07,"C33G8.2"
1.16369074385822,7.9344548266393,105.352751104341,2.57111878917195e-09,1.90498476287732e-07,"gst-5"
0.981329740165189,8.17934370744089,105.105682650587,2.62174565715705e-09,1.92644137502342e-07,"lpd-6"
-1.13956882245428,7.26972584265368,103.938609356908,2.87666844006421e-09,2.09643107382057e-07,"C50F7.5"
-3.87084195684185,4.07677442792318,102.362212778558,3.1468836915015e-09,2.27471080497072e-07,"cuti-1"
2.15759855448843,5.26368971664669,102.508473346341,3.23075847665431e-09,2.31024394668359e-07,"fmo-2"
1.55746338433226,5.83764470031457,102.430949894793,3.24800914785119e-09,2.31024394668359e-07,"F59A7.2"
-1.70838683398244,5.91268620995623,102.030063637134,3.35531166172492e-09,2.36762507812669e-07,"hrg-2"
-4.44038032825633,3.98401880564759,97.6809003851841,3.5173906119832e-09,2.46245038827895e-07,"Y65B4BM.3"
-4.48856619861575,3.75634300242293,95.0066133954324,3.5652565613648e-09,2.47646063180425e-07,"col-104"
-4.94324263159324,3.36224965345807,84.8736520191132,3.97616395446359e-09,2.74047083094076e-07,"F56D2.3"
-2.03047032233347,5.28342786010004,99.8021677098016,4.02994389528777e-09,2.75617162869258e-07,"F23H12.5"
0.816164008589351,10.4211359145003,99.2652143152024,4.20841676479078e-09,2.85620002032629e-07,"K07H8.10"
-1.38832663990862,6.24319831805709,99.1761184946529,4.24044992332775e-09,2.85620002032629e-07,"ttr-8"
1.28492119578728,6.47094777137535,99.0311008017707,4.29159926261889e-09,2.86891797322891e-07,"aly-1"
1.07955563630956,7.92071726588382,97.2221081844932,4.99399662024581e-09,3.31355402616459e-07,"tag-151"
1.91610680664786,5.21272361024456,97.0503928491681,5.07194643238334e-09,3.34034635039409e-07,"mrp-6"
-4.66335234082701,4.41052213160548,94.9410660916871,5.11232211787158e-09,3.34218058455854e-07,"T19A5.3"
-1.15538745334747,7.32320210339697,96.4563902273958,5.3290111566338e-09,3.45841154698037e-07,"Y50D4B.4"
2.42214184080942,5.28158502664993,95.8828905474481,5.60485487419585e-09,3.61106990481705e-07,"T16G1.6"
-1.47133742635237,7.51703708399465,92.9908600812374,7.18846249993013e-09,4.59803022207761e-07,"acs-2"
4.01935800623637,3.95790691271864,91.1592793777061,7.78928760776578e-09,4.94675400861754e-07,"F10D2.8"
-1.00608766741716,8.37555711385729,91.3766774676852,8.29001230643572e-09,5.22741130613617e-07,"his-24"
1.36186309799329,6.11440415070986,90.7804934319849,8.74462391495732e-09,5.47524304421729e-07,"Y66D12A.8"
-5.94842966408889,3.53094208868758,79.0812658825632,8.96782987498094e-09,5.57573254674514e-07,"wrt-4"
-5.91439195586588,3.50086821599461,78.8862315098836,9.1697609363365e-09,5.6368864485118e-07,"F13H8.5"
-0.938406400921608,8.43662461654766,90.2210885926394,9.19298768455978e-09,5.6368864485118e-07,"ugt-12"
-1.67214005530266,5.8813756511288,89.4405879300207,9.86721891102556e-09,6.00886598204988e-07,"gly-8"
-7.62669978479458,3.32918095899818,100.492962186537,1.09768298724218e-08,6.63911526501373e-07,"let-4"
-4.1161357278402,3.4414669573728,82.7219937731886,1.151185262549e-08,6.88348755038047e-07,"nas-37"
-1.52857918183444,5.58090471921226,87.7308692316562,1.15357062760847e-08,6.88348755038047e-07,"let-653"
-2.80126820009121,4.22615115788515,87.8399000144266,1.16927613716446e-08,6.93068942368617e-07,"suro-1"
-8.02561063119091,3.68023853168048,99.0106275310113,1.22723133805611e-08,7.22603564679262e-07,"D1014.5"
-8.28130740134823,3.90971989984336,98.093067169735,1.31603009627263e-08,7.697910253921e-07,"K02E11.10"
-3.82631219877444,3.68049921060517,84.558807841986,1.32551727445551e-08,7.70272816155815e-07,"K02E10.4"
-3.25312354958362,3.8398779550989,86.2566549242277,1.34349699016824e-08,7.75651411661415e-07,"col-97"
-3.99095365890705,3.60061412599478,82.8032214108995,1.39330620252019e-08,7.99218415910132e-07,"F35F10.1"
-1.03972085020631,7.97169129500333,85.4336633567429,1.4279888751733e-08,8.13862121100373e-07,"dpy-6"
-7.73853097239918,3.42602491294216,96.9107733941891,1.44190024206569e-08,8.16556372751977e-07,"K08B12.1"
1.10601156047534,7.03587636455003,84.8709217448243,1.50591696691747e-08,8.4613028443751e-07,"npp-11"
-1.35853504962022,5.90525431542964,84.8221621551488,1.51315617169682e-08,8.4613028443751e-07,"grsp-1"
-5.47129281861613,3.81909404360579,72.9122974794029,1.53739572231887e-08,8.54311585446066e-07,"T06D8.10"
3.61524036246167,4.06764924306298,84.2907257259847,1.61863554088559e-08,8.9386885677104e-07,"pud-3"
1.32674004644764,6.63435933711217,83.4414507379392,1.72568720956943e-08,9.47104011128507e-07,"C40H1.8"
-1.50650491506909,6.08229308297444,83.0956044693798,1.78422689442378e-08,9.73203263309556e-07,"lys-4"
1.43174351939941,6.05250933450846,83.0321440901184,1.79513367655795e-08,9.73203263309556e-07,"ZK742.4"
1.20487543514276,6.56514116276423,82.9580012673068,1.80781406003084e-08,9.74137867135404e-07,"K01C8.1"
-1.2635104219675,7.17228904199211,82.2559712783139,1.93475732441643e-08,1.03626068502328e-06,"ilys-5"
-5.5506657699897,3.19001109672952,71.6889419110297,2.10381598584595e-08,1.12006155270397e-06,"C13C12.2"
-3.72524680182272,3.95300767889628,80.554438964475,2.21597702549371e-08,1.17275307938479e-06,"lgx-1"
1.31466245760822,6.03676573170452,80.5049159482858,2.29698529435538e-08,1.2084317308943e-06,"ugt-45"
-0.735429537517821,10.3890651815928,79.8864780560846,2.44172567769479e-08,1.27702252943437e-06,"fasn-1"
-4.83497298311427,3.71869802554908,72.5484933265563,2.51179654383473e-08,1.30598731410728e-06,"Y73E7A.8"
-5.55125139182106,3.1909475310005,69.9433788076304,2.59680946662907e-08,1.34233912603483e-06,"lon-3"
-1.29362685849294,6.61344006634116,79.1470955712227,2.62894275116243e-08,1.35109421968701e-06,"C31C9.2"
0.948283677594498,7.29059861455129,78.7805577039012,2.72729486568118e-08,1.39358497992939e-06,"wdr-12"
1.13266824725511,6.72566146461975,77.8107250353963,3.00824688766091e-08,1.52107201824597e-06,"W07E6.2"
-4.22419555063568,3.53143884869391,73.6043572177189,3.01889562897742e-08,1.52107201824597e-06,"C14F11.6"
-4.87742566912651,3.75698072384244,70.9511976168567,3.02811547890605e-08,1.52107201824597e-06,"R02E4.3"
-1.49071344493181,6.95747529832604,76.367274474915,3.48708036871072e-08,1.73721168689022e-06,"cpz-1"
-1.146063689797,6.37835823197692,76.3387910978874,3.49747938312169e-08,1.73721168689022e-06,"acn-1"
-1.83075634097828,4.83520898662373,74.0406568243399,4.45229727631041e-08,2.19571951730113e-06,"tre-5"
-2.4277961488911,4.4649283911478,74.0585250112806,4.46997224869535e-08,2.19571951730113e-06,"Y71G12B.25"
-7.46611577419547,3.19090005897813,82.9997582263002,4.54792616038925e-08,2.22173689516598e-06,"Y75B7AR.1"
-2.14315279706369,4.98944629766849,73.361780747431,4.78573058740727e-08,2.32513282254853e-06,"T27A10.6"
0.880020823455457,7.31124422427284,72.6916042141336,5.13259369845355e-08,2.48010274852992e-06,"ech-7"
-0.775146598255558,8.48121853903489,71.5932295641889,5.7784770994198e-08,2.77710485896981e-06,"cah-4"
-4.0909635362719,3.09662122428269,64.9169589531967,6.31084255405641e-08,3.01665059936105e-06,"Y43F8B.3"
-7.58823700932904,3.29585954519315,79.0137791228901,6.51023876132309e-08,3.09532261106543e-06,"R02F11.1"
0.763457250554106,8.3804065619657,70.0122341940864,6.87136417736791e-08,3.24496608376743e-06,"ivd-1"
-0.931230755993726,7.03433367607398,69.9776478340287,6.89797086752947e-08,3.24496608376743e-06,"dpy-11"
-4.29930872135242,4.08595741555579,68.4552449223177,7.15095935937363e-08,3.34627261390479e-06,"E01G6.1"
-7.30699784529781,3.05671103823978,77.6155428605684,7.41263876948295e-08,3.45056394238078e-06,"col-173"
-3.70144363954288,3.93007279601403,68.3099728496097,8.08399373087577e-08,3.74347855527169e-06,"cdh-10"
-0.836250840300429,9.23216432036397,67.7412170781944,8.86134363261233e-08,4.06376728156822e-06,"lrp-1"
-0.798541069196983,9.57934229154581,67.7355239530424,8.86706616380873e-08,4.06376728156822e-06,"gln-3"
0.916992760421367,7.3585563694115,66.9735131960337,9.67191719127153e-08,4.40989824346642e-06,"T21B10.3"
1.06175570774505,7.89089675972667,66.7719374024778,9.89792753153878e-08,4.48992212667915e-06,"nog-1"
-7.93626730268177,3.60047526687254,74.2006678667586,1.02470468588258e-07,4.62469510770663e-06,"Y11D7A.9"
-1.14951994018836,7.32986582597031,66.1097323745119,1.06827480110713e-07,4.79698548315328e-06,"txdc-12.2"
-7.46621447355848,3.19095682920418,73.142206217644,1.13637411909279e-07,5.07667894984646e-06,"K08E7.5"
0.864564388724491,7.24663837523625,65.5348391568384,1.14198154309897e-07,5.07667894984646e-06,"rbm-28"
0.766193098107261,8.47657114540412,65.4557585294278,1.15252097610437e-07,5.09804179032037e-06,"npp-9"
-3.38653575281243,3.66923261944363,65.0851740693483,1.17267320748408e-07,5.16150370680245e-06,"bus-8"
0.762852479037514,8.0471035295243,65.2545102374981,1.17991394159928e-07,5.1677905688469e-06,"rop-1"
0.949137655578724,6.87118855912906,65.2124976192908,1.18578088945818e-07,5.16802837655524e-06,"T20B12.3"
-7.82429360388569,3.50133119018732,72.5563237053509,1.20332508385034e-07,5.20748305511326e-06,"grl-5"
0.805208611174345,7.87506480059552,65.0637538553445,1.2065476429573e-07,5.20748305511326e-06,"Y45F10D.7"
3.66728088386253,3.47331863420201,63.3883151006932,1.30190754453229e-07,5.59191303306114e-06,"F08G2.5"
0.683201805325695,9.49237594759883,63.6164527608762,1.43153825232005e-07,6.11913778912383e-06,"ugt-62"
-1.24277629496448,5.7004507138846,63.4913009724271,1.45339349747723e-07,6.18283329477035e-06,"ugt-57"
-0.768977057883176,8.55686058337011,63.2096051547541,1.50285317150961e-07,6.36279407042475e-06,"mua-6"
-0.941387783723127,7.90958478035127,62.89675602478,1.56037565651689e-07,6.57502367871642e-06,"ZK632.4"
-1.22784872450393,6.62429026044835,62.4501915203393,1.6467957029013e-07,6.90644367664878e-06,"oac-46"
-0.744078253102255,8.61462970840873,62.2887553531042,1.67917267782785e-07,7.00916632796591e-06,"alh-9"
1.50392084740154,5.02831383899243,60.8552732818346,2.0020187558271e-07,8.31773306451342e-06,"K08C7.1"
1.53620391463739,5.62283278744256,60.7406831472639,2.02986203647831e-07,8.39418761224587e-06,"T02B11.4"
-5.31397504739637,2.99496246089209,54.4713285493203,2.06089554484499e-07,8.4830658746374e-06,"grd-14"
0.749000002732726,8.01540206010823,60.2474911076061,2.15721382299368e-07,8.83861202775888e-06,"Y39B6A.33"
-0.851418040818495,7.7145507011961,59.8337918633255,2.27140738657744e-07,9.26379957525689e-06,"tps-2"
0.972072958494376,6.85708694448727,59.5777113585556,2.34547286754071e-07,9.5221914453445e-06,"Y17G7B.20"
-7.61054235775507,3.31426618393933,65.8930769772286,2.38227224463012e-07,9.62762842136654e-06,"pqn-13"
-0.85848098680578,7.22728122799228,59.202654472711,2.45863448917813e-07,9.89127567569354e-06,"vap-1"
0.918256416312265,7.28215934365412,58.8752089417794,2.56241318587034e-07,1.02623493853933e-05,"T26G10.1"
-4.88628790313532,3.31446276140624,51.995751091654,2.63717063913297e-07,1.05099897916474e-05,"col-109"
0.885797889115476,6.98771679978418,58.6164375599449,2.64788855396358e-07,1.05099897916474e-05,"lem-2"
1.4403267400326,5.11529904383957,58.5440736522454,2.67353731922387e-07,1.05646312467642e-05,"T16G1.7"
-1.60105318867045,5.86165882863228,58.0415384598758,2.84968728586011e-07,1.12108715303461e-05,"F16B4.4"
-3.39754305705678,3.68133910397665,57.3589619498893,3.0392378977391e-07,1.19039049113649e-05,"lgc-22"
-1.00712332462602,6.40374964293851,55.8792589470513,3.77221349848886e-07,1.46951777912207e-05,"M79.2"
-0.895015555173859,6.84090829009836,55.8534886827586,3.78494625372798e-07,1.46951777912207e-05,"lmd-5"
0.807425208387072,7.66402330864746,55.7165483818258,3.85377993019914e-07,1.48973727649568e-05,"gst-7"
0.887141836474496,8.00173760033473,55.3462502256265,4.04721134248544e-07,1.55773835697134e-05,"pyr-1"
-0.843199744384481,8.25312217478918,55.14698112515,4.15571725449941e-07,1.59260698748941e-05,"D2030.2"
-1.14801219752242,11.3208358480243,54.9615166693493,4.25960126719475e-07,1.62541265522011e-05,"icl-1"
0.722180675270614,7.83720682930985,54.8195220114118,4.34112606483623e-07,1.64944238642987e-05,"JC8.2"
-0.59676203327185,9.58223035581896,54.6110983355367,4.46381968952503e-07,1.68884344083264e-05,"mup-4"
0.888555483961823,7.12556433993387,54.0741472393435,4.79818234109341e-07,1.80765420316362e-05,"F13H6.3"
0.810501580126684,6.88152089300232,53.8548597969757,4.94256959594394e-07,1.85419351382015e-05,"C17H12.4"
-2.32858979895208,3.85274764027458,53.9229062384057,4.97775200581511e-07,1.85458489825807e-05,"Y37D8A.3"
-3.63427842104329,3.70822672643207,53.3842905001543,4.98533112904824e-07,1.85458489825807e-05,"F15B9.8"
-0.761986147635551,7.29768501366328,53.656477408329,5.07718290110781e-07,1.8808847155729e-05,"phy-2"
-0.966075849909668,6.97490516495842,53.1721486746904,5.42349275479321e-07,2.00084124825172e-05,"oac-14"
0.723409170424248,8.54768306783729,52.8589764057789,5.66097673840362e-07,2.0798241397168e-05,"puf-12"
-0.985532668919025,6.37484130940915,52.7793973740619,5.72358669014347e-07,2.09417322066114e-05,"grsp-2"
1.15534348033275,6.1138182177988,52.5390885725572,5.91627008090753e-07,2.155801528252e-05,"atl-1"
-3.12389223831679,3.60092557571405,52.4953147508819,5.94329187834818e-07,2.15680849348546e-05,"ptr-2"
0.850284170882562,6.64932657305294,52.1637434762643,6.23109557772358e-07,2.25205978786749e-05,"Y57A10A.27"
0.724500575043192,7.44287062185507,51.8826598994335,6.47900303739043e-07,2.33217878564528e-05,"dcaf-1"
-0.859913282905534,6.88054514914096,51.6291476264499,6.71229258343779e-07,2.40641102255425e-05,"ttr-31"
0.696469541187357,8.19924031364761,51.0088344039423,7.32243238977291e-07,2.61460828825184e-05,"elo-5"
-3.20766517246863,3.36231032400226,50.1849746855867,7.81206480376518e-07,2.77828272681105e-05,"col-180"
1.86043265687491,4.18611864432809,50.3852312055168,8.02486876052584e-07,2.84259395019264e-05,"ugt-29"
-0.658956014856844,12.6015721784473,49.9891012332171,8.46335077773314e-07,2.98601792717561e-05,"hsp-90"
1.05108360671822,6.18546361725351,49.9201288322683,8.54801090805841e-07,3.00396699539713e-05,"C05C10.2"
0.737132140870042,8.47022204976988,49.827614415905,8.6614154294191e-07,3.03183640090414e-05,"sur-5"
0.766861948222739,7.19895268111694,49.6300902608907,8.91089675234265e-07,3.10693266765014e-05,"F13H8.2"
0.811918692962343,6.83027111422578,49.3526858614619,9.27448386969976e-07,3.22107172208986e-05,"K07F5.14"
0.638726448458591,8.79568600518168,49.1878925844812,9.49773738149126e-07,3.27742138447597e-05,"npp-12"
-2.18319833042228,4.22369213728496,49.2192892745204,9.51045683494319e-07,3.27742138447597e-05,"fbxa-72"
0.710050848376021,7.50564599272218,49.1500931333651,9.55003794525503e-07,3.27835472475917e-05,"cdr-4"
0.756741941326023,7.40172767146467,48.9221498435997,9.87120026454587e-07,3.37557082892605e-05,"F58B4.5"
0.768190757080408,7.51528734883228,48.8770619259366,9.93611163830049e-07,3.3847497538747e-05,"dis-3"
-2.84445293211574,4.10806106751796,48.9249526258669,1.00473394887707e-06,3.40913869236644e-05,"ZC123.1"
-1.42384189104381,5.21822907846186,48.7778246328663,1.00843940624494e-06,3.40913869236644e-05,"R11D1.3"
0.79419707802549,7.75378944197439,48.6988032211047,1.01974252613968e-06,3.4342919696621e-05,"nstp-2"
0.973535924050936,5.95214641185655,48.5825449685285,1.03728263886842e-06,3.48018111025627e-05,"vrk-1"
-0.649869165642453,8.20820882620105,48.5466947191633,1.04262835735718e-06,3.48471711452923e-05,"cpr-6"
1.43740078261567,5.0021043326348,48.5248738417085,1.04647336585233e-06,3.48471711452923e-05,"scl-24"
0.723431012398358,7.52393630871532,48.1307624127132,1.10821180785443e-06,3.67653402374393e-05,"K08D8.6"
-1.0884670776944,5.72346991626365,47.8782384024337,1.15038730636506e-06,3.80226525683709e-05,"F53B3.5"
-1.13131472270874,5.82461203844865,47.6069476364829,1.197485722333e-06,3.94327613231952e-05,"scav-2"
-4.90360106828317,2.66827453593254,42.9954142802266,1.29078704671202e-06,4.22166783832141e-05,"col-48"
0.837416148165629,6.43328419251019,47.0984802351319,1.29152362166621e-06,4.22166783832141e-05,"mac-1"
-0.723213727167431,9.93524260904844,46.8730740478921,1.33576772754453e-06,4.35029702036571e-05,"C42D4.1"
-1.14980785685968,6.15581161036774,46.6345633786283,1.38462618617542e-06,4.492960372732e-05,"R10D12.1"
-1.03893057621156,7.25424318915336,46.5662753470679,1.39883851608326e-06,4.5212188682861e-05,"hil-3"
-0.691218229115185,9.06089613980052,46.5440176655101,1.40350512613538e-06,4.5212188682861e-05,"sti-1"
-0.64555296909367,7.8435090563619,46.4399705647762,1.42572042365212e-06,4.57620226956352e-05,"del-6"
0.745336075171526,9.05331826738629,46.2935914454345,1.45759528225719e-06,4.66168332897435e-05,"F55F10.1"
0.911475094113216,6.14814381370714,46.2338165109727,1.4709492631761e-06,4.6875304297128e-05,"rrp-8"
0.905356700131828,6.62597462428661,46.1303033729996,1.49417092468342e-06,4.74452631834296e-05,"cyp-35A2"
0.581938157127491,9.44484155549051,46.0791690232587,1.50573860744124e-06,4.76424268995021e-05,"gpi-1"
-0.97669286928769,7.04081765936272,45.729313363594,1.5881483479356e-06,5.00717268138136e-05,"tasp-1"
1.136492158125,5.92576480845006,45.6897531329353,1.5979055491556e-06,5.02013365284185e-05,"F55G11.2"
-3.50565893011042,2.95279250309963,43.7095850967084,1.65043541999316e-06,5.16690891519688e-05,"ZK662.2"
0.945548104033677,6.21619846255728,45.3756296207006,1.67655875962905e-06,5.23027506381119e-05,"ugt-19"
-2.19354179058669,3.88724441946232,45.2838596736749,1.71923013295864e-06,5.34464164759975e-05,"dpf-6"
-1.59001898401186,4.45582308903332,44.9172135029613,1.80169997127628e-06,5.58150329080746e-05,"fkb-3"
0.700452137962587,7.45350817411651,44.7764072187332,1.83879050194765e-06,5.67472801926544e-05,"rha-2"
-2.21368512540891,4.18837864620819,44.795429410078,1.84455786477079e-06,5.67472801926544e-05,"F49E12.12"
-0.970995556162046,6.23980670395986,44.6805385287744,1.86642839802837e-06,5.72221202995524e-05,"ttr-33"
-2.85016287220917,3.51659701866973,44.6732930412285,1.8862764949644e-06,5.76319048684829e-05,"mltn-9"
-0.699127685907808,7.40274261291792,44.359573787896,1.96190798033117e-06,5.95834724325187e-05,"ptr-23"
1.03646123216588,7.23457610450309,44.3542245211259,1.96355386601372e-06,5.95834724325187e-05,"elo-2"
0.696456351943633,7.36889394274389,44.3236891864284,1.97292465465835e-06,5.96641942332223e-05,"F49D11.10"
0.689758043380431,7.560929849491,44.2762429985727,1.98759139622486e-06,5.99039834028313e-05,"K05C4.5"
0.689715652831177,7.60384142031102,44.2537536459016,1.99458658028262e-06,5.99117205584215e-05,"Y65B4A.6"
-0.716516456355283,8.27323678789635,44.1016003048277,2.04261031521996e-06,6.11476374162313e-05,"mthf-1"
-3.05554833138527,3.24535483392259,43.5955384950803,2.11370583141439e-06,6.30636192855883e-05,"ptr-10"
-1.13567055904627,9.02774920081701,43.7035528815185,2.17446269424574e-06,6.46593572392605e-05,"cpt-1"
-2.07888026300247,3.86371468771583,43.7146217047038,2.19155176489592e-06,6.49502891389654e-05,"ugt-30"
1.8408341415781,4.08881700462116,43.3505290027557,2.30723726852357e-06,6.81516496825351e-05,"R03H10.6"
0.788484256729545,7.10716177202762,43.1972607719404,2.35599239158714e-06,6.92733350327537e-05,"baf-1"
-1.07645906732691,5.4255748194819,43.185534149864,2.36079411932565e-06,6.92733350327537e-05,"nhr-85"
-2.24410344167651,3.64119505510692,43.2338090121554,2.38084882689103e-06,6.96319964470004e-05,"C29E4.15"
0.998674856315693,6.25317183757367,43.0218384543548,2.42279877881033e-06,7.06265703029595e-05,"rad-50"
0.828976859454512,6.54161994477683,42.8438519868018,2.49259342444593e-06,7.24236867214013e-05,"B0024.11"
0.584036424045238,8.75154845214937,42.8048322295844,2.50808425855672e-06,7.24560827535384e-05,"nol-2"
0.627145984586624,8.44193078472732,42.8000466672309,2.51000714071419e-06,7.24560827535384e-05,"npp-21"
1.48973201206189,4.62492400522491,42.6616338026781,2.56840228186244e-06,7.39018274693817e-05,"C23H4.8"
1.00912257064498,5.5584955394629,42.3198998964479,2.71168218031408e-06,7.77727944037821e-05,"fbxc-52"
-0.614223658361224,9.92131607101016,42.2420641808889,2.74554567988794e-06,7.83136820750144e-05,"cpl-1"
-0.645900805811306,8.66220704788199,42.2311852282555,2.75037725290784e-06,7.83136820750144e-05,"act-2"
0.691449713638129,7.10839644704775,42.2165382114255,2.75696575070065e-06,7.83136820750144e-05,"sut-2"
-0.601161238698534,8.59627373202349,42.1800345192913,2.77320537671271e-06,7.85241051094035e-05,"calu-1"
0.951875900107655,6.72175820978381,41.8862634881585,2.90854116010908e-06,8.20947284270789e-05,"C53H9.2"
-0.899919813794787,6.22236982856079,41.5330262461225,3.08093080643409e-06,8.66853031645743e-05,"sams-3"
-2.98065626690594,3.34602291012865,41.2767707863316,3.15829765633552e-06,8.85817806387355e-05,"D1054.9"
4.00202244414225,2.9540535340516,38.8746906288194,3.17849592534598e-06,8.8867947397016e-05,"F19B10.13"
0.754315450479649,7.19652997079243,41.1323562331788,3.29002474022067e-06,9.16978368818245e-05,"ddx-52"
-0.592181472016904,8.60515887447301,40.9350936949939,3.39866125277739e-06,9.44296787451367e-05,"gei-4"
-0.835297324892019,6.64008448751557,40.8921150411311,3.423010727538e-06,9.48099326434279e-05,"C30F12.5"
-1.31018296208434,4.68692296713207,40.7151290256143,3.5269623531907e-06,9.71414324269229e-05,"nspe-5"
-2.45218237729267,3.62772217877808,40.8134582558629,3.52903865413296e-06,9.71414324269229e-05,"C26B9.3"
-2.73314214496526,3.29640604947546,40.6397387801174,3.5658175884095e-06,9.78508770942866e-05,"B0393.5"
-0.720592316421292,8.75162023064665,40.6187053295363,3.58140314568766e-06,9.79761703640275e-05,"mnk-1"
-0.958908780776823,7.231129487528,40.544969607604,3.62560446911809e-06,9.888113292923e-05,"suco-1"
-1.00064466569398,5.94818722121569,40.468034573875,3.6725611407378e-06,9.98554773770636e-05,"Y39A1A.9"
-0.880765396366445,9.27840179792686,40.3112669019666,3.76940918019858e-06,0.000102150896307784,"T28F4.5"
-1.05425168869445,6.1836803398965,40.2949285345716,3.77996230854357e-06,0.000102150896307784,"F18C5.10"
-1.34441342436549,4.68843551077091,40.0849022859989,3.9174818818533e-06,0.000105313226243932,"far-5"
-0.748074082155514,6.74365762767495,40.0761745246456,3.92067010310892e-06,0.000105313226243932,"C34E7.4"
-2.12362507181289,3.62897122273121,39.8314745905595,4.14162967110715e-06,0.000110913341583776,"cpg-7"
-2.5974224338272,3.54664205169343,39.6878836704491,4.25419569901584e-06,0.000113585747627477,"C50D2.1"
1.00857499123439,6.05006524468309,39.3493854138266,4.43194050385089e-06,0.000117977194669875,"ptr-13"
-0.954657501788266,5.67661407779559,39.0851578420066,4.63586325557802e-06,0.000123037194642818,"F11C7.2"
2.18272039837077,3.60300562325134,39.0687576388282,4.71136112968036e-06,0.000124668785130917,"F12E12.11"
-2.1952680374806,3.88740851218074,39.0162277407361,4.73554801311506e-06,0.000124936965532955,"lgc-27"
-0.960601709358701,6.03733080749447,38.8889169199102,4.79362952946491e-06,0.000126095148362345,"epg-9"
-1.68707181845658,4.39505087496223,38.7457425706302,4.9199191994332e-06,0.000129035402956226,"ZK105.6"
-0.712853326603512,8.49473554851931,38.6958887291563,4.95442912537426e-06,0.000129285385501964,"nlp-77"
-0.621903367053828,7.6032569444547,38.6911381760466,4.95853294974351e-06,0.000129285385501964,"AC3.5"
-0.775878611903755,6.45767995478518,38.6129392583046,5.02574641133402e-06,0.000130654711529739,"C27A7.1"
-0.951047700455512,7.93981288804308,38.4969044043785,5.12691047723681e-06,0.000132896096364759,"catp-7"
0.662870527854931,7.80936792551665,38.4460237894989,5.1720442071721e-06,0.000133317019279823,"skpo-3"
-0.495521673428158,9.89603593107709,38.4447575294703,5.17313819047788e-06,0.000133317019279823,"ifb-1"
0.88592885896063,6.40926962989273,38.1800102247767,5.41556660776013e-06,0.000139161279507501,"bigr-1"
-0.955002671156432,6.33641320195767,38.0284048948534,5.55990113482937e-06,0.000142458446656392,"F56D3.1"
-0.634244183682153,8.96785759412065,37.9129922821302,5.67229682289681e-06,0.000144740564057588,"fkb-6"
-2.39965938183733,3.58818000345349,37.9978167348893,5.68152703364054e-06,0.000144740564057588,"lgc-21"
0.535553583087164,8.63060008268899,37.7850566694202,5.80017032567068e-06,0.000147340898187252,"C14C10.5"
-0.513730098092372,9.48973009708536,37.5861166391492,6.00536948898637e-06,0.000152118917739538,"cpr-4"
1.83412656963244,4.21051628932041,37.5210243156379,6.08821802400334e-06,0.00015377939332788,"cyp-35A4"
-0.786497565530403,7.28389717264321,37.3613222007067,6.24704160756449e-06,0.000157344042302708,"F32B5.6"
-1.11720748289496,6.4993798589345,37.2592639666825,6.36043244899272e-06,0.00015974747148021,"C25H3.10"
-0.768753943928435,6.82780265129572,37.2269502154606,6.39664682763822e-06,0.0001597968722898,"clec-42"
-1.70030348377296,4.33071651463303,37.2350515250237,6.39834512823855e-06,0.0001597968722898,"F16C3.2"
-0.700067808261625,7.75350354224878,36.9829664974367,6.67815816241685e-06,0.000166317938997334,"acdh-10"
-0.695188574159538,7.09307796310409,36.8714907989631,6.81148112248395e-06,0.00016916446553074,"C48E7.1"
1.10906934462935,5.11403502280257,36.7514660556321,6.95977475800415e-06,0.000172217832991374,"Y45G5AM.3"
0.768035047436897,6.24510184997475,36.7395342187777,6.97316610919972e-06,0.000172217832991374,"E01A2.1"
0.709271569888675,7.77469828241027,36.6884122515709,7.03657456568512e-06,0.000173302450037414,"elo-6"
-1.40940749113453,4.44719422928637,36.4588085635159,7.33780167000695e-06,0.000180222084663071,"ckb-2"
0.585520981276158,7.76866986000456,36.3758489604899,7.44025520164114e-06,0.000182068699200143,"Y48B6A.1"
0.657477289827371,7.13807669853421,36.3656753449708,7.45394292080216e-06,0.000182068699200143,"trd-1"
0.665413024826566,6.97720372804402,36.2736469074961,7.57791564973941e-06,0.000184589720662556,"pabp-2"
0.562335070308546,8.25228171388725,36.174509158445,7.7137682492991e-06,0.000187385556023274,"F23B12.7"
0.722111418756223,7.49009740756538,36.1497559211369,7.7482531499835e-06,0.000187710405331072,"catp-3"
-0.974867205240601,5.7822238323809,36.0814057193251,7.84479295273131e-06,0.000189532755822647,"gad-3"
-0.584031628720557,7.94474465879883,35.926325362849,8.06635083170235e-06,0.000194357520988254,"W01B11.6"
0.554870818614373,8.0853083928354,35.8605544438579,8.16273497905904e-06,0.0001961483154022,"gspd-1"
1.76694647647107,3.98796523121956,35.7891245384846,8.2952432895968e-06,0.000198795170047992,"ZK84.1"
1.83804829323714,3.68285075699354,35.7195745325007,8.43205290282404e-06,0.00020122140352141,"amt-1"
-0.543553557564318,10.2210860961301,35.6748843041105,8.44174823006253e-06,0.00020122140352141,"sams-1"
-0.838147268444587,9.71976174578406,35.5938754277667,8.56677711990464e-06,0.000203655656077733,"hsp-4"
0.701530919988118,7.38063684390401,35.5596012740165,8.62041568139244e-06,0.000204384308862027,"pgp-14"
-0.836207227141693,6.15423618405544,35.4914390012336,8.72830448729254e-06,0.000206391902118399,"lron-9"
-0.818159210485309,6.14432154268359,35.2728333050341,9.08325975534341e-06,0.000214215550357449,"T11B7.5"
1.09183942261793,5.43276589778326,35.1702188242847,9.25624720291523e-06,0.00021771770868021,"tgt-2"
-1.3009088004632,4.85219917748188,35.1453740688781,9.30115028723728e-06,0.000218196641698751,"mlt-9"
0.490275916807039,10.2445406606883,35.1268561269246,9.32862481545237e-06,0.000218265271668913,"imb-3"
-0.873657411236753,6.86579449236357,35.0971017408372,9.37992915529055e-06,0.000218889632860074,"Y54G2A.11"
0.642902685380114,6.96144540446941,35.0273062826832,9.50077318769358e-06,0.000221129252386868,"Y41D4B.11"
-2.80736628703763,3.05769650310149,34.7116094338272,9.71240214213341e-06,0.000225464666960073,"skpo-2"
-1.93515122858184,3.81602993807938,34.9093665762684,9.77559960236969e-06,0.000226340771001742,"bed-3"
0.635946312787155,7.35439204454761,34.8314612020974,9.84909831379616e-06,0.000227450215864835,"ZK792.5"
-1.72516918855781,3.78156910169973,34.7643232517893,1.00258121941897e-05,0.000230931337353733,"F46C8.8"
-0.929270316434237,5.85531876940003,34.613555336285,1.0254198673702e-05,0.000235281067141272,"C39D10.8"
0.727785718753555,9.49408882668437,34.606042286344,1.02675800304593e-05,0.000235281067141272,"lys-2"
-3.05765681699119,3.24508342695351,34.1768416327897,1.07280743974838e-05,0.000245201309686449,"Y57G11C.42"
-0.663980463323586,10.8870828527957,34.2721189671258,1.09242447309112e-05,0.000249044768980849,"acer-1"
0.678172715553115,7.27838972953284,34.1646322166814,1.11455745810004e-05,0.000253440674167965,"npp-14"
0.552704086919792,8.14548159646496,34.1253825766475,1.12273743188779e-05,0.000254649451706999,"npp-10"
0.570279200739563,7.97812562001142,34.0638705696602,1.13571940522018e-05,0.00025693845373569,"K04C2.2"
0.857194846920851,5.76148641249783,33.9132466247417,1.16831277628856e-05,0.000263641342486841,"gstk-1"
-0.800978350436005,6.17437833243418,33.8841333978476,1.17466827640865e-05,0.000264404446722768,"C23H3.2"
-0.719946716860665,6.37951763742515,33.8317250596067,1.18627135087936e-05,0.000266341883350212,"atg-13"
0.596290078773463,7.52491722068788,33.7102988792184,1.21363639948467e-05,0.000271799527149074,"rbd-1"
-2.38763170544428,3.48824781714027,33.6915888182079,1.23594754949588e-05,0.00027610074529065,"R08F11.7"
0.53764945882335,9.35196195377494,33.5803181881708,1.24372837295447e-05,0.00027714258054983,"nap-1"
0.58081300564204,7.39088956900065,33.544499244833,1.25218583864023e-05,0.000278329607283757,"tin-44"
-0.646017705689156,7.22214140861171,33.4668858753613,1.27069950293744e-05,0.000281740381062763,"K09G1.1"
0.848851094388319,6.01017231122555,33.4398183142256,1.27727783515094e-05,0.000282156626287804,"nxt-1"
0.846832402826867,6.07632055502945,33.4329915748841,1.27892386001558e-05,0.000282156626287804,"elpc-3"
-1.80775015895384,4.36972411260756,33.3443130442553,1.30267027157582e-05,0.000286684192687639,"ptr-18"
-1.14734577278994,5.02646413505819,33.2300484277183,1.32941903509609e-05,0.000291848509655291,"ikb-1"
0.789059385985852,6.43272692270893,33.1695248427942,1.3444827597793e-05,0.000294428478256101,"nubp-1"
0.541735027836413,9.24202379009153,32.9237504176868,1.40896209220382e-05,0.000307790711591749,"R107.5"
-2.21984653932855,3.45647968073036,32.9782498873427,1.41439292273342e-05,0.00030821979107899,"C06G1.1"
0.842843320963524,6.30446529233782,32.8772437428344,1.42161614975924e-05,0.000309036410452553,"npp-4"
-0.846271129144963,6.54138243789786,32.8302804151304,1.43444797076954e-05,0.000311065290441756,"grl-4"
-1.84492119858754,3.694283091284,32.6374639011676,1.49928381797213e-05,0.000324291683751623,"C12D5.9"
0.872246431932189,6.0275776133865,32.5830967684891,1.50421477456204e-05,0.000324291683751623,"comt-3"
-0.470236876014389,10.0277666358022,32.5753184206405,1.5063824697944e-05,0.000324291683751623,"unc-52"
-0.87159905838425,6.14049983495892,32.5485678948051,1.51424487955404e-05,0.000325196889471376,"ugt-66"
0.835449471664714,6.43161065138731,32.4320827032372,1.54862806937447e-05,0.000331779570236348,"fcp-1"
1.0997517932733,5.32961130362655,32.2301296785688,1.61053680802646e-05,0.00034421352788854,"irg-6"
-1.39112917052017,4.25276821976577,32.2080123777521,1.61911997658031e-05,0.000345218122584545,"ptr-6"
-2.20326147241542,3.82790822618459,32.0661360257662,1.67723774122862e-05,0.000356754085102002,"col-93"
1.3354547981487,4.33292427704794,31.9995439908386,1.68553158568725e-05,0.000357662561535689,"sdz-8"
-1.09593011526193,5.40489741693375,31.9700908549022,1.69403066037263e-05,0.00035861015717555,"cpg-8"
0.770323535769725,6.45597695624202,31.8856632379784,1.72195769109008e-05,0.000362986263733377,"nol-10"
1.39794361304638,4.34759917934418,31.8873452716123,1.72286810589906e-05,0.000362986263733377,"cyp-13A12"
-0.760066184447731,6.12950856215409,31.8503951039298,1.73388376705956e-05,0.000364443512362331,"zipt-13"
-0.910381551118957,5.93475950752356,31.8295895798309,1.7409846760786e-05,0.000365072989505067,"W01C8.5"
-0.755711322879635,6.41936432382616,31.6162049003462,1.81523588833889e-05,0.000379747347840495,"sta-2"
-0.803050841686851,6.81798040373493,31.5657825253527,1.83328284285435e-05,0.00038262248253094,"pek-1"
-0.779080853086202,7.12143251478325,31.4764345715108,1.86576742712872e-05,0.000388454939414487,"wnk-1"
-0.659315540067748,6.95448298911748,31.4525485373995,1.87457579478488e-05,0.000388454939414487,"nac-1"
-1.06264564659445,6.3824594374413,31.4437769066434,1.87785306529067e-05,0.000388454939414487,"F46G10.2"
0.640669967351599,7.24408976762138,31.439010543001,1.87956939303664e-05,0.000388454939414487,"C24H12.4"
-2.15761882857078,3.41138159293476,31.498654863939,1.88307365749234e-05,0.000388454939414487,"H41C03.1"
1.42500910526073,4.60986921712007,31.3605506420793,1.90995353376753e-05,0.000393087890479794,"aak-1"
0.668158063800343,6.85339320925578,31.2224346726028,1.96170465599092e-05,0.00040280637636063,"sco-1"
-0.794965125101609,8.02922797342724,31.1802692541612,1.97810650980288e-05,0.000405238363563534,"F21C10.10"
0.613701721691306,7.87706342921407,31.0613605935794,2.02530064301388e-05,0.000413952827977849,"mtr-4"
-1.46930665536033,4.26904903017368,30.9313005599429,2.08085220344283e-05,0.000424331581211243,"Y48G1BR.1"
0.692203657686619,6.41202556095331,30.9128374092323,2.08607762559824e-05,0.000424423710965537,"hrg-4"
-0.71234778955373,6.55693584539841,30.8282102106567,2.12155865790986e-05,0.00043065703259079,"gana-1"
-1.56238245379733,4.16364554749415,30.7890001662391,2.14169293360412e-05,0.000433753801199869,"F54C1.1"
-1.22580617537184,4.84703012873123,30.7186959417461,2.16920155152309e-05,0.000438326613513449,"dhs-29"
-1.07695276506902,7.10231143732925,30.6831011313164,2.18393779356841e-05,0.000440303649038929,"anmt-3"
-0.542228799031049,8.76869253531392,30.6468367178616,2.19981248416656e-05,0.000441545786271106,"F22D6.2"
2.12503872553832,3.22948351844746,30.715050123967,2.20003130489371e-05,0.000441545786271106,"mtl-1"
0.608674445916332,6.8427972193926,30.5885442493994,2.22571397235358e-05,0.000445694210094498,"F10E9.4"
-0.962596764051066,5.72207208127922,30.5541759602846,2.24125888202657e-05,0.000447798488092096,"Y43C5A.3"
0.675260440281893,8.86358987159981,30.5319631335729,2.25106583712107e-05,0.000448749469906804,"folt-2"
-0.667886223198141,6.60366431210936,30.3763913630189,2.32266068417462e-05,0.000461986043467485,"hil-2"
-0.575195672964318,8.16480290987892,30.3539398406995,2.33312184154388e-05,0.000463030944043899,"F56C9.10"
-0.978578527858596,5.30876901671136,30.0954475999714,2.45857053294057e-05,0.000486840770787852,"pcm-1"
-0.824338991004275,7.45767031023693,29.8998436379618,2.55780101193037e-05,0.000505364639934954,"lact-4"
-0.546357375185864,7.56749988477623,29.85261416068,2.58250123694877e-05,0.000509113492188725,"C37C3.2"
-1.786644469484,4.11714422007167,29.8025947027181,2.61521394907544e-05,0.000513679949812707,"ptr-1"
-0.93484057129393,5.95481650231731,29.78734714497,2.61721985451756e-05,0.000513679949812707,"T04C4.1"
-0.565543198908889,7.34360775250988,29.6489934090203,2.69207005082611e-05,0.000527206934402971,"ptr-8"
-0.690624047029134,7.7807738477329,29.549011373324,2.74772597378294e-05,0.000536151886082976,"F58B3.6"
0.632002677125044,7.28448662136521,29.5453547472592,2.74980609665771e-05,0.000536151886082976,"nol-6"
-0.619892795133556,8.12198701313252,29.4696813571898,2.79278419546461e-05,0.000543340137458989,"mbf-1"
0.625147401724527,6.85827588815329,29.3146353896529,2.88331937362221e-05,0.000559729094997272,"C43E11.9"
0.748608372342154,6.88395607016813,29.2822938977157,2.90259573373381e-05,0.000562243543978809,"rpac-40"
-0.842085634075925,5.99949545433127,29.2266573189792,2.93618741359819e-05,0.000567513962919597,"tre-2"
0.529466821193683,8.47130289509697,29.196505022041,2.95435364757184e-05,0.000569786513678117,"rpoa-2"
0.85617744133205,5.92364927216469,29.1834654894964,2.96249390283836e-05,0.00057011976818476,"D2030.3"
1.43610488964893,4.34007718044395,29.1679789743342,2.97435050730081e-05,0.000571165234566124,"T04H1.5"
-0.656035604579592,9.29787145139115,29.0138893591103,3.06810554460927e-05,0.000587899275800022,"xbp-1"
-0.739416486740486,6.54419680422702,28.8641030604872,3.16512125493132e-05,0.000605184797367621,"clec-1"
-0.608566723338967,6.95533524816617,28.7163970287566,3.2639890600215e-05,0.000622749500700668,"F26H9.5"
0.452952979344678,9.21278635832651,28.6853481408014,3.28513439764749e-05,0.000625441754378669,"K01G5.5"
1.22034910947293,4.34105652680081,28.654938187611,3.30832588067302e-05,0.000628511226603928,"C33D9.13"
0.596134186553313,6.8428812925245,28.6356467262969,3.3194966623002e-05,0.000629288802228381,"gtf-2F1"
-0.893405190290986,5.24314419610155,28.6247986469176,3.32744803379796e-05,0.000629454052521227,"C53A5.13"
-1.0211338981109,5.09012765000318,28.5814706507188,3.3579137171851e-05,0.000633868595742945,"tba-8"
-1.61698491004533,5.04815270673244,28.5115554227697,3.40794377317379e-05,0.000641949747612037,"Y4C6B.2"
0.491552327990507,8.82635703526808,28.4976470786324,3.4166988508304e-05,0.000642238255448902,"mca-1"
-0.639813486792806,7.20875736665176,28.4263022274323,3.46827444374977e-05,0.000650557554417282,"ech-4"
-0.775058595322318,5.87574179633273,28.3756884926187,3.50551601232838e-05,0.000654842353537126,"W03D8.8"
0.658584079896834,6.50734169188154,28.3750776956894,3.5058481642523e-05,0.000654842353537126,"Y53C12B.1"
-1.17502711734454,4.79182976862275,28.3032057975704,3.56039467120023e-05,0.000663512830094675,"grd-3"
0.936707904533201,5.336759270111,28.2930809745289,3.56719303548819e-05,0.000663512830094675,"Y48G10A.4"
0.665254323183387,6.45719660628683,28.2762707707824,3.57950428708596e-05,0.000664412789488127,"swt-7"
0.830894741856211,5.8783583426892,28.2482857142134,3.60077646436362e-05,0.00066696882384702,"cpsf-3"
0.68379711873631,6.33779304979997,28.2009489093431,3.6368111274995e-05,0.000672242988245282,"rae-1"
0.413196626158449,10.0480689896016,28.1079524860919,3.70881995884224e-05,0.00068413108410926,"C05C10.3"
-0.551351000113642,7.26875531717411,28.0604777697661,3.74630745243597e-05,0.00068961531179313,"K08D12.6"
-0.947602530046706,6.64990239067832,28.0192601928916,3.77920360269591e-05,0.000692932596004723,"cpt-4"
-1.11776269933748,5.16855740779103,28.0191122367985,3.77991574696087e-05,0.000692932596004723,"fip-5"
0.674743534465935,6.9998395515634,27.9785561230348,3.81191457551924e-05,0.000697360750842418,"ugt-1"
0.564210211105968,7.44091591744312,27.9298475620022,3.85146648723002e-05,0.000703149661970475,"C37H5.5"
0.697463329676991,6.80927496243813,27.8948827328906,3.88021847551059e-05,0.000706947181675504,"ttll-5"
-0.607374644774889,7.37226469369885,27.870659367711,3.90019246431173e-05,0.000709133153378233,"msra-1"
-1.33000916207461,4.33719267220777,27.816663973103,3.94842519075703e-05,0.000716437721857567,"ZK593.3"
0.943603379832402,5.31513541895163,27.7676065184441,3.9871196368095e-05,0.000721985350119619,"Y73B6BL.31"
-0.477283514714751,8.28369108532659,27.684677083849,4.05773295333148e-05,0.000733278530245329,"C14B9.2"
0.980756928227091,5.3508474764339,27.6735898358617,4.06784543255802e-05,0.000733614883182016,"C45B2.2"
-0.636470232168705,7.77661511337554,27.66279353502,4.07675582806242e-05,0.000733733523629615,"lgg-2"
-0.657295674159818,7.0052425517692,27.6240739503929,4.11067196135962e-05,0.000738343119362594,"fos-1"
-1.5414226070134,4.14402157253334,27.5418786084485,4.18968614688005e-05,0.000751018135724002,"C42D4.3"
-1.08612816182547,5.0324845152651,27.4516833991251,4.26607305226567e-05,0.000763172143011953,"cnc-8"
1.04879229128706,5.09132331401929,27.4093528151686,4.30485343958212e-05,0.000768563291793667,"gst-15"
0.583992888855345,7.58545620771049,27.1630479036219,4.53853149053229e-05,0.000808658987621696,"K12H4.3"
0.560862787309647,7.0121316050218,27.1005433462495,4.60028830295648e-05,0.000816940464109837,"crn-3"
-0.771102209603422,7.5736447168554,27.0973827063236,4.60338738633482e-05,0.000816940464109837,"acdh-7"
0.757337631681048,6.09298402309489,26.8969630526259,4.80789171612671e-05,0.000851533172272561,"spin-1"
-1.03341325728489,4.79329871870663,26.8301895033813,4.87942587618309e-05,0.000862484601692721,"fkb-4"
-0.770951463735069,6.72137044634141,26.6487444513423,5.07491720332986e-05,0.000895259699500116,"rps-12"
-1.0370433702887,4.92140191745313,26.6386335761899,5.08723809076066e-05,0.000895656116137684,"F59C6.16"
-0.449988620608721,9.18427770423044,26.6100900624907,5.11784098662653e-05,0.00089814366564416,"aass-1"
0.849867734959815,7.2787723976308,26.6068125431139,5.1215705599099e-05,0.00089814366564416,"tatn-1"
1.23074164148514,4.66086613752709,26.5667459074001,5.16855153503669e-05,0.000904565555081698,"ZK512.7"
1.18093750821757,4.79062549565628,26.5575758121455,5.17853860686744e-05,0.000904565555081698,"F11C7.7"
-1.08215089316169,5.06682605237238,26.4882605826184,5.25723182052736e-05,0.000916510747378603,"C34C12.6"
1.18847129203594,4.52027236617515,26.4532172980868,5.29915150311474e-05,0.000922010880903976,"Y46D2A.2"
-0.830478389150056,5.37449618561873,26.2863851556138,5.49520895338567e-05,0.0009541210434586,"clec-7"
0.95011493499787,6.18808038233654,26.2778506010869,5.50516359570647e-05,0.0009541210434586,"eif-2A"
0.4543784156328,8.4082049622787,26.1714990526963,5.63560814962096e-05,0.000974828639266148,"F53F4.11"
0.885975716156208,5.42859699277541,26.1364325004313,5.68000150616148e-05,0.000980599871675373,"nhr-154"
-0.441793328713309,9.42117127974278,26.0821517985173,5.74802189600269e-05,0.00099041981932868,"cct-6"
1.05701712392238,4.69005033505075,26.0673783569542,5.76865857863105e-05,0.000992053064267092,"Y66D12A.10"
0.76892285444424,5.77421317630799,26.0179213392488,5.83072827832493e-05,0.00100079160468314,"F40F4.7"
-0.479864986610432,9.11375816304537,25.9510804515032,5.91744645355544e-05,0.00101371900613798,"daf-41"
0.669352354330004,6.66042955095826,25.8528165899447,6.04822437744824e-05,0.00103413005653639,"Y54H5A.2"
-1.78777399281321,3.93025389467994,25.8399163923809,6.08443824939544e-05,0.00103735737624258,"W07A12.4"
-0.553262186754951,8.79185746277366,25.8214606333814,6.09043471374005e-05,0.00103735737624258,"ZK6.11"
0.777238526442899,5.84568514278605,25.8013577480047,6.11809275187243e-05,0.00104007576781831,"Y47G6A.19"
0.611072405421403,8.24818565628101,25.7043426279638,6.25155328735635e-05,0.00106073588316575,"T01D3.6"
-0.61471028302623,6.592680036419,25.6851210022382,6.27859296729329e-05,0.00106200672134027,"C36B7.6"
0.662930262512098,6.65643209723537,25.6748394511676,6.2930205307107e-05,0.00106200672134027,"F21C10.9"
-0.539129176782384,7.71510445921496,25.6734414213337,6.29487731578361e-05,0.00106200672134027,"catp-8"
1.02450739532937,5.11543946736996,25.6585504959378,6.31683421138304e-05,0.00106369266995088,"samp-1"
-0.607013944424689,8.20183838272949,25.6067532407233,6.38940198266354e-05,0.00107387850714294,"B0303.3"
1.29409404803709,4.05787904225208,25.5481203962203,6.4807108504106e-05,0.00108716981454718,"tbb-6"
1.3131047953536,4.13726980703592,25.4883712686259,6.56726837048477e-05,0.00109961550060226,"F53A2.9"
1.23502541934726,4.72693227303748,25.4425092933044,6.63122607655183e-05,0.00110504664163451,"swt-6"
0.551906767220917,7.26357282032961,25.4375118212294,6.63657665802269e-05,0.00110504664163451,"F27C1.6"
0.774096960068032,5.87178563249254,25.4322992693328,6.64460310280969e-05,0.00110504664163451,"cdr-1"
0.899320734697562,5.87004088953204,25.4290955502422,6.6494202370314e-05,0.00110504664163451,"K11H12.4"
-0.530031804838573,8.09912343617325,25.3470069494247,6.7729412439022e-05,0.00112347426491669,"Y39G10AR.11"
-0.906496721184522,5.47565867784554,25.3073088195881,6.8344236241666e-05,0.00113156164697328,"R07E5.4"
1.27147702046572,4.29213341653321,25.2881184600285,6.86801333344216e-05,0.00113500941538354,"twk-34"
0.654211240660909,6.22761745446873,25.2746373534992,6.8844996649481e-05,0.00113562312655016,"cdc-48.3"
-0.475927726553294,8.70492019607352,25.2447498246376,6.93084367843497e-05,0.00114115057675862,"mel-32"
-0.409187529998739,12.7827863822583,25.2094034963633,6.98636386050146e-05,0.00114816563925542,"hsp-1"
-1.17338245719854,4.42396583967165,25.0149112105263,7.30473119317538e-05,0.00119827241768491,"ZK896.5"
-0.658814664347266,8.60158620335904,24.9141639106005,7.46982965112814e-05,0.00122309862666999,"C17H12.8"
0.575101334112316,7.26681895426565,24.8797994022333,7.52856395640456e-05,0.0012287521312611,"rbm-34"
-0.800148613230935,6.13181176075735,24.8779039520071,7.53199765535148e-05,0.0012287521312611,"his-60"
-0.858976507389826,5.68799181979621,24.7992193175788,7.66850108908307e-05,0.00124872972862706,"dhs-21"
-0.689529699528506,6.27250940358729,24.7595225300192,7.73796081282163e-05,0.00125773692114803,"dct-1"
-0.441977467373529,8.22886129290946,24.7356340887082,7.78003986540644e-05,0.00126226887670308,"asp-4"
0.481934987724363,8.14702028170912,24.6732875684802,7.89170226785427e-05,0.00127805327620205,"lipl-5"
0.535039925930809,7.35181480561115,24.5680293796764,8.08432462938052e-05,0.00130667753560473,"ZK154.1"
0.485755812712976,7.83373846537998,24.5607100835879,8.09784413584754e-05,0.00130667753560473,"ZK546.14"
0.63221250893902,6.29692675532269,24.5411009414762,8.13458600319144e-05,0.00131022833612998,"suf-1"
-0.550032376789095,7.6954268258271,24.39911279382,8.40424409342552e-05,0.00135121400062651,"myrf-1"
-0.660988708126544,8.10595222014784,24.3522324552071,8.49546159653621e-05,0.00136341424286649,"M01H9.3"
0.911570462205204,5.11571274452812,24.2402684104677,8.71911304924213e-05,0.0013956680363079,"Y39A3CL.1"
0.490883132029608,8.20660342142354,24.2353276343441,8.72783070731293e-05,0.0013956680363079,"lap-1"
-0.597515536337655,8.78402227632129,24.2207107705786,8.75736898922324e-05,0.00139787733722054,"ahsa-1"
-0.966286984647646,4.85851390657353,24.1642367209182,8.87457109759028e-05,0.00141404680338128,"C01A2.2"
-1.4699980402724,3.80664542328905,24.1599001399577,8.9027146837369e-05,0.00141599349289991,"T04C12.7"
0.687767276597686,6.12249502457158,24.1351456391183,8.93285800705229e-05,0.00141825072394111,"C16C10.8"
0.700661469040677,7.23358635397414,24.0896025700484,9.02747626379866e-05,0.0014307182078687,"pcyt-1"
0.432289607472527,8.40086409540214,24.0672301878295,9.07435569658729e-05,0.00143558890566473,"oatr-1"
0.728946213611915,5.73370753041621,24.0391089311464,9.13432368928979e-05,0.00144250927036369,"dhs-20"
0.497091902689458,7.39471699567147,24.0177515652844,9.17930597788825e-05,0.00144704272073412,"rpb-2"
-0.793704708569171,5.67166922924285,23.7325023765742,9.8112246862415e-05,0.00154392210062607,"zmp-3"
-1.15446404544181,4.81212406146502,23.6951010590012,9.89954168976819e-05,0.00155506758239804,"acs-20"
-0.772608698042899,5.76214972129906,23.6695911096367,9.95674837666525e-05,0.00156129541123335,"F11A5.9"
0.963255759940917,4.84811662610474,23.6443213336068,0.000100174192503789,0.00156575833680966,"T16G1.4"
-1.29388948983269,4.36762385027068,23.644813581328,0.000100204307012113,0.00156575833680966,"F47B10.9"
0.662656153537904,6.44867119989542,23.4712684677225,0.000104312881844703,0.0016270979517215,"C09B8.4"
0.785590287922331,7.14095556084392,23.3770200820991,0.000106655733494108,0.00166072876794416,"dct-17"
-0.515970540988629,7.53217464941723,23.3413653739109,0.000107556897394279,0.00166767634068373,"tram-1"
0.961304282774089,4.81315382456872,23.3404784058184,0.00010760189942035,0.00166767634068373,"irg-5"
-0.477838397551676,10.177295130274,23.3344501413902,0.000107731877518209,0.00166767634068373,"pyc-1"
0.756437004071389,5.70192734272836,23.3299850316231,0.000107852198390861,0.00166767634068373,"ZK1127.5"
0.56592063474264,7.94788040353931,23.2927231129875,0.000108800154059552,0.00167941348913799,"C18A3.3"
-0.463368167906232,8.34265220191754,23.274995721744,0.000109257365876705,0.00168354807627346,"smk-1"
-1.12109949497686,4.33820616983665,23.2436012920839,0.000110132559066297,0.00169409789387275,"M153.1"
0.961209607843636,5.28853471008552,23.2338354630249,0.000110339248045686,0.00169434586247702,"ZK742.3"
-0.456752942463545,8.9512530813348,23.1351369211635,0.000112940501979082,0.00173130000533796,"hsp-17"
-0.497137578506513,7.5127738600113,23.0939156000817,0.000114053002409649,0.00174324359150403,"alh-3"
0.527766318566647,7.30016749861196,23.0917603350671,0.000114111772607732,0.00174324359150403,"ruvb-2"
-0.775652389744695,5.67421622580731,23.044516419937,0.00011540763523653,0.00175954562405669,"K01A2.5"
-1.07803000124474,4.96817705915474,23.0385519793577,0.000115586859188698,0.00175954562405669,"ttr-32"
-2.2880356231564,2.9749465508484,23.0303504430064,0.000115772600390638,0.00175954562405669,"C23H3.9"
0.630146759194638,6.37951120556715,22.968447106117,0.000117513629087109,0.00178295849183189,"Y52B11A.10"
-0.428226287692202,8.41252937037435,22.8101963930074,0.000122039041597167,0.00184846527911484,"cyn-5"
-0.884334289442507,5.13369291547425,22.7660917039094,0.000123351734285566,0.00186517052641661,"sym-2"
-1.39624490297723,3.88818947720795,22.7065340118998,0.000125320070856127,0.00189171604411176,"C06E7.4"
-0.470741512831519,8.874773714927,22.6298819366826,0.000127435205790319,0.00192038375369783,"cct-3"
-0.6253396527645,7.16024513472309,22.5818533273538,0.000128918167814725,0.00193944404406214,"F47D12.9"
0.426014459880486,8.41593067115257,22.565579497707,0.000129422960407,0.00194374922462608,"skn-1"
-1.01819795137869,4.7627086268802,22.5566469386883,0.000129734232240858,0.00194513837917955,"cyn-6"
-0.424052200025386,9.48781806203918,22.5274966908961,0.000130616211123313,0.00195369658047931,"dpyd-1"
-0.771609700655742,5.79690601132846,22.523646577872,0.000130744513033988,0.00195369658047931,"tag-52"
0.6266280829825,6.44179220594985,22.4764266035926,0.000132238829168755,0.00197271045325402,"T01B7.5"
-0.485626684897515,8.1378919057841,22.4448149629652,0.000133249314629048,0.00198445503579039,"rpl-1"
-0.987823089430237,5.06704836229497,22.3682407014059,0.000135760911696294,0.00201643082649166,"R09E10.13"
1.12224657404056,4.43042303217744,22.3665998527135,0.000135849967952818,0.00201643082649166,"C29F7.1"
0.429800790570577,8.35010988933405,22.3369648215844,0.000136772217292838,0.00202673630658437,"ama-1"
-0.597764455817277,7.09631826645926,22.3114253078902,0.000137623290857145,0.00203595454078348,"F15D3.6"
-0.452135928992252,8.32471917647142,22.2790942988447,0.000138704921068123,0.00204854726447953,"cnx-1"
-0.604092901250638,6.59767493120544,22.2424558490835,0.000139946968171408,0.00206346350582419,"col-80"
1.07230353828021,4.37302270888454,22.2351909110651,0.000140251537406663,0.00206453049516994,"ZK185.5"
0.439162653449512,9.1535304494611,22.1804680777598,0.000142068544013136,0.00208782053689387,"F46F2.3"
0.563670396223989,7.11363557105115,22.1257607705477,0.000143975101418826,0.00211234756883628,"nol-14"
-0.508653271273463,7.35276102784936,22.1129488673329,0.000144424528541255,0.0021154505490285,"ncx-1"
1.08870819133149,4.6531864846516,22.0533776071921,0.000146577810928456,0.0021373138072056,"ZK688.9"
1.36735855392047,4.81620888172537,22.0480204446665,0.000146768354480817,0.0021373138072056,"C45E5.4"
0.729648277589828,5.78650969307173,22.0456350988621,0.000146820921743974,0.0021373138072056,"T10B10.3"
0.427112226568977,8.45980705819428,22.0438279888052,0.000146878724125815,0.0021373138072056,"H06I04.3"
-1.43696609744524,3.99514290073731,22.0365464718246,0.000147340510822003,0.00214053019888632,"K10D3.6"
-0.991319615674527,4.95660034146688,21.956695165405,0.000150066529546511,0.00217416060962714,"C34D10.1"
-0.551229377524695,6.95277487270179,21.9539116572666,0.000150144484794856,0.00217416060962714,"R13D7.2"
-0.459113751945342,9.25620555328394,21.9273960978193,0.000151119584797844,0.00218472232266282,"lgg-1"
-0.640717983832266,7.79501553919585,21.9175912933875,0.000151483639579681,0.00218583605058107,"atg-2"
-0.541862712567242,7.40348452579292,21.9120908224257,0.000151688318885223,0.00218583605058107,"acs-11"
0.42112760209471,8.37839499963094,21.8682963951033,0.000153323979472853,0.00220583090856495,"tald-1"
-0.584193599063906,7.20121024643744,21.7681354467284,0.000157143019533219,0.00225712211093675,"F07F6.8"
-1.63289019311027,3.48627088014767,21.6588977685866,0.000162273919710179,0.00232706035506968,"Y55F3BR.2"
-0.4797959039416,8.5071810483604,21.6273221907385,0.000162686907153782,0.00232922591224521,"asns-2"
0.70210398663155,5.88486741772308,21.55579208107,0.000165593247654973,0.00236702502395557,"attf-6"
0.395001646320627,9.34036821182305,21.4677702668265,0.000169233165974901,0.00241517187589541,"T25B9.9"
-0.917715802912312,5.95740365595266,21.4547543970044,0.000169787596392727,0.00241920115308931,"zig-7"
0.543359773391255,6.8908649390882,21.4205214105801,0.000171230050670015,0.00243585020881137,"clec-186"
-0.717330167682634,5.68253795215226,21.3894197874246,0.000172563948450193,0.00245090425825985,"dut-1"
0.379521040964806,9.61602875624579,21.3797226117343,0.000172969988081837,0.00245275305268838,"lmn-1"
0.515802815064771,6.84369489197951,21.3729681169786,0.000173263326893339,0.00245300038122401,"riok-2"
0.81529178435238,5.27058312962942,21.3388927177511,0.000174750057932827,0.00246739633661165,"F39B2.3"
-1.17030725096385,4.78091071702881,21.3375902722251,0.000174835191999251,0.00246739633661165,"Y71G12B.6"
-1.12186734985401,4.55939126755325,21.3296268100997,0.00017519790298825,0.00246859675985503,"coel-1"
1.19475396164542,4.05882028758517,21.2885256497335,0.000177074758031733,0.00249109442034832,"zig-3"
0.433939286756869,8.07510168297642,21.27561560436,0.000177506734906062,0.00249322650876745,"pro-3"
-0.930709407736306,4.81731358946074,21.2461947496817,0.000178848527375951,0.00250811081529902,"kin-16"
-0.702514981095072,6.39627096150946,21.2379970504151,0.000179182428516155,0.00250883617627896,"T07E3.4"
0.632975441573042,6.72508976659585,21.1153793740679,0.000184751414229014,0.00258274343382102,"sumv-2"
-1.09283703158085,5.0712667596571,21.0827916371648,0.000186289008579405,0.00259736577602316,"mlt-3"
-0.627943590429629,6.24755457853566,21.0802987338528,0.000186381662929117,0.00259736577602316,"B0222.5"
-0.519306165527752,7.49942411233939,21.0600952291451,0.000187323176923102,0.00260640119878451,"xnp-1"
-1.30068520567623,4.31219309137207,21.0486367614586,0.00018797356783343,0.00260927173060764,"pitr-5"
-0.544570456627779,6.73622802315923,21.0322052028073,0.000188638538913822,0.00260927173060764,"F53B3.6"
-0.490154757296113,8.89464764749894,21.0299157539106,0.000188743510927836,0.00260927173060764,"dnj-12"
-0.644119974765743,6.1458092522464,21.0253159213152,0.000188966828232254,0.00260927173060764,"C54G4.7"
1.11124647840961,4.29903495584901,21.0264459822068,0.000188996850130618,0.00260927173060764,"gst-14"
-0.395695393512433,8.72665323980081,21.0089797803338,0.000189736783978843,0.00261542596334248,"C14C6.5"
0.427069291067418,8.89224949014316,20.9814377480784,0.000191052231857465,0.00262948203319616,"pes-9"
-0.503308818575115,8.00415991889488,20.8982732544889,0.000195086147059279,0.002680851520099,"ZK673.2"
1.45239319205267,3.53360984499462,20.8769730957844,0.000196748505132787,0.00269952308508581,"stg-2"
-0.437341555446082,8.29335615108596,20.8492759044226,0.000197506548437785,0.00270574841627173,"hip-1"
-1.76122781011295,3.29666627637865,20.8727281844531,0.000197856438745977,0.00270637168752382,"Y34B4A.10"
0.602076716378465,6.12267259144572,20.8313451463331,0.000198406216112122,0.00270972299147908,"T08G11.4"
0.619979828888393,7.35211562844947,20.802134527457,0.000199868197883975,0.00272461838328089,"eppl-1"
-0.522903929216493,7.13364029749209,20.7973618327296,0.000200109751915693,0.00272461838328089,"mtrr-1"
-0.501956672567437,7.43594144992436,20.7909136690594,0.000200434474024942,0.00272486683265407,"mcm-5"
0.675240136937046,5.87581014134774,20.7621598395712,0.0002019000695416,0.00273823000961448,"npp-16"
-0.654611875808884,6.18144226855865,20.7595064101051,0.000202033391779001,0.00273823000961448,"F18E9.3"
0.695969344188248,5.55969211823035,20.7032029163178,0.000204934061596504,0.00277331619734326,"ZK858.7"
-0.827557212001278,5.58195286876414,20.6608248223692,0.000207143769374029,0.00279895935183054,"T22B7.3"
-0.475807529359932,7.40422197902167,20.6503164314105,0.000207683534166835,0.00280015765410554,"far-8"
-0.718291374140953,7.11474168498557,20.6399209060468,0.000208231712215043,0.00280015765410554,"oga-1"
-0.816833203460153,5.13098779358349,20.633703397692,0.000208581600012112,0.00280015765410554,"ttr-23"
-1.11072328940566,4.18945206857687,20.6353417039819,0.000208597761221344,0.00280015765410554,"F20G2.3"
-0.425781243351256,8.74629693322888,20.6289804253811,0.000208807167323357,0.00280015765410554,"dnj-19"
0.470365601392888,7.22489056946811,20.6059167336775,0.000210033369823194,0.00281235947454521,"EGAP4.1"
-0.499175851053415,7.36614975823985,20.5388218020843,0.000213638304978092,0.00285632807452664,"tre-1"
-0.673145392571999,6.12449159241244,20.5034112587406,0.00021557357208564,0.00287787481893908,"C16E9.1"
-0.420418201220412,7.95491250872994,20.4965670281336,0.000215942769932645,0.00287848151045149,"mct-3"
0.724884112958524,5.97790655756252,20.4442653818862,0.000218842183263769,0.00291276325059607,"C07A9.9"
-0.82938631313335,5.12393047925671,20.4115301329052,0.000220692436180015,0.00293299917799179,"cyp-32A1"
-0.758600420085891,5.828230945114,20.4009530431245,0.00022127244772971,0.00293631840711172,"T20B3.1"
-0.536767581250019,6.77140751638353,20.3290294177274,0.000225363365900115,0.00298614856366308,"F53C11.4"
-0.547213124812312,6.89512705922183,20.2859196667546,0.000227859191200544,0.00301472629310125,"atg-9"
-0.756212913427736,5.48453715938179,20.1459742582567,0.000236187453290912,0.00312027139258469,"K04G7.1"
-0.896370906629874,4.96283806100122,20.086216607086,0.000239859746124477,0.00316408457387645,"T01G5.1"
0.553938534452487,6.50711032577358,20.0171662944491,0.000244127164272103,0.00321560684080485,"ZK686.2"
-0.956969112463463,4.60632340974926,19.9185242817222,0.00025047718110531,0.00329436777693389,"F43D9.1"
-0.568578776507524,6.53149810056335,19.8820224616281,0.000252789035187469,0.00331986308988447,"acl-5"
-0.506935758948316,7.63788978680138,19.8271877060139,0.000256396364791396,0.00336227150348127,"ugt-13"
-0.862839001091678,5.05835032586214,19.8052173871541,0.000257889982680742,0.00337687751990351,"phat-4"
-1.47679317925995,3.55922640725948,19.8111077075065,0.000258321799407344,0.00337755752725103,"Y106G6D.6"
0.588573056705068,6.36016404504047,19.7239222558227,0.000263356884394101,0.00343833488861667,"F18C12.3"
-0.595774491741895,7.13871686990744,19.6364309969829,0.000269411168009155,0.00351222096007243,"natc-2"
-0.443703566068355,8.16151223610899,19.5988029282762,0.00027206044016901,0.00354156570064812,"F20D1.3"
0.517430981856055,7.16885545910436,19.5527685834078,0.000275347288019371,0.00357511194714428,"clec-85"
-1.04958671047778,4.5604066051073,19.5525331642182,0.000275441647035635,0.00357511194714428,"F55D12.2"
1.37556194566638,4.04135355531831,19.4505487350883,0.00028304044318494,0.00366838568565204,"ZK262.2"
0.394049955013336,8.90417250915543,19.3974898475459,0.000286749083615476,0.00371104236160873,"gldc-1"
0.811327801665881,5.56535006549555,19.3764507149691,0.000288350754678865,0.00372634674396771,"hoe-1"
-0.548817904992413,6.93816614231699,19.3392628768552,0.000291163675895184,0.00375723692653712,"lin-35"
-0.50501486487806,7.01296960048319,19.3124993489407,0.00029321583224852,0.00377823473119071,"dpy-27"
-0.638824968740479,6.9172441520519,19.2704974292967,0.000296469454547169,0.00381463085438333,"DH11.2"
-0.456706200928738,7.92069809006665,19.2416506497831,0.000298722913825683,0.00383807142604646,"R12E2.11"
-0.904880665774489,4.75062452664507,19.2024413261278,0.000301880266813847,0.00387304105662613,"dod-22"
-1.48017450299245,3.66833190549738,19.1785130074009,0.000304497582680804,0.00390099136543952,"K09C6.9"
-1.65908136225688,3.50153153414229,19.1348944302629,0.000308639104245571,0.00394836010913291,"F26G1.5"
-0.407190488172774,9.07883869606192,19.0078073261607,0.000317739810983922,0.00405894347623283,"ZK822.4"
0.428359702066158,7.8451375976326,18.9864831944347,0.000319539957241707,0.00407608286920519,"nath-10"
-1.19813664548542,4.2194787347706,18.9708940785293,0.00032104417460705,0.004089403662509,"igcm-1"
-0.914534517267609,4.60046178583909,18.9575631382824,0.000322076101925301,0.00409667900174228,"ilys-4"
0.476744572182846,7.20732839767665,18.9404551328788,0.000323466102100225,0.00410848159110443,"nifk-1"
0.582751607069469,6.24128051653892,18.8409014958331,0.000332139387785987,0.00421262667161942,"gop-2"
-0.404516297243285,9.8038003099893,18.7859008523328,0.000337031028602375,0.00426857959444974,"unc-23"
0.421611237987649,7.60635186830709,18.7625148098098,0.000339140002661795,0.00428918031815935,"T25G3.3"
1.34625537811424,4.12813792771405,18.7546886573771,0.000340080391327986,0.00429496414672887,"C17E4.11"
-1.47326679921013,3.44086358823842,18.7471052428525,0.00034188861570614,0.00431167614502595,"ttr-3"
-0.656670011598921,7.38858933632287,18.7043069729707,0.000344449633476499,0.0043378210924073,"F48D6.4"
0.414060463408567,7.71348539220886,18.6824709574952,0.000346463401612982,0.00435701004772422,"C05D11.1"
0.535765956506437,6.64234107574909,18.6595500812521,0.000348597292703311,0.0043776532901485,"rnp-6"
0.435084542241327,7.45698348478615,18.6442031257157,0.000350027733992836,0.00438941690117109,"eif-6"
0.655217044995542,6.36878739672893,18.6245459218912,0.000351878804933508,0.00440641472487862,"Y23H5B.6"
-0.619033000003786,6.19910354919012,18.5873334197892,0.000355404272187711,0.0044434613794708,"slrp-1"
-0.447896266134075,7.1913924819125,18.5827442621437,0.00035583674526861,0.0044434613794708,"lin-53"
-0.717439069595861,5.76495548241436,18.4974551050497,0.000364085395372265,0.00454008871003479,"T09B4.5"
-0.64150236645442,5.87661902953415,18.4879515314695,0.000365013450457407,0.00454528653783866,"pop-1"
0.522818470962779,6.7177811690476,18.4662508042518,0.000367141437845024,0.00456539094248966,"ZK1127.4"
0.644269808184824,7.03023336579938,18.4419401181213,0.000369549080987446,0.00458891184226171,"ifc-1"
0.477816959170296,7.14463312791917,18.4221564495329,0.00037152114240211,0.00460696579790399,"gst-20"
0.858556591306867,4.84919780976764,18.4140597562768,0.000372382586462229,0.00461121667999398,"mex-3"
0.504316449690618,7.24567978719335,18.3616690111965,0.000377625628675281,0.00466963764193592,"snt-1"
0.512180287983062,6.55848628034038,18.2956365851958,0.000384419491737361,0.00474640967271293,"K07A12.1"
-0.472606643728968,6.96582106478572,18.2909836082641,0.000384901740414579,0.00474640967271293,"rod-1"
0.421268136994381,7.50050719127636,18.2711136083841,0.000386971914238572,0.00476532865581045,"Y75B8A.7"
0.696709836254554,5.60421242962506,18.2541555246294,0.000388767428027121,0.00478081770759216,"ZK228.4"
0.623051044063562,7.17769206512057,18.2424392978414,0.000389986650390301,0.00478918689035935,"dnj-11"
0.554741157279955,6.60060101085091,18.236620366493,0.000390603571998652,0.00479014670157244,"F20D12.2"
0.66921861996034,6.09097936805758,18.2280174723587,0.000391517912848092,0.0047947462302099,"F01D4.8"
-1.35219651667693,3.53147220371805,18.1917131056709,0.000396443659335672,0.00484839143762511,"grd-5"
-0.520951441061426,6.42030588841405,18.166706329393,0.000398073612144305,0.004861638029636,"paqr-2"
-0.347977385514642,10.5424440096063,18.0620942890463,0.000409538348090758,0.00499479485991075,"pdi-2"
-0.659893716150971,5.82977099914708,18.0454666385704,0.000411410859308097,0.00501075883576478,"air-1"
-0.580240138422582,7.73106229661277,18.0116099292325,0.000415207051147486,0.00505007645930547,"ZK370.4"
0.36493560365205,9.7707158886042,17.9961911551554,0.000416953240667279,0.00506438697100106,"nol-58"
-0.548962412012673,7.29480868538582,17.9722653873989,0.000419684823359996,0.00509061086561217,"T28B8.1"
-0.493230748410334,7.02594413807497,17.9329045104227,0.000424218973447861,0.00513164816907129,"tag-273"
-0.563983264495028,7.18120119917899,17.9328627242878,0.000424222405158857,0.00513164816907129,"F54C9.3"
0.961123999344917,4.68712441095373,17.9088905006259,0.000427086513395285,0.00515927471548571,"cyh-1"
0.764987719437036,5.40504235703069,17.88435465964,0.00042990527001599,0.00518627918007079,"Y18D10A.9"
0.428559571430341,10.3008424474561,17.8666935144077,0.000431959710539495,0.00520400242060522,"dct-16"
1.25684147890439,4.16358247783282,17.8606394376364,0.000432915741039691,0.0052084625894234,"dhs-23"
-0.91947227028269,5.03912237670554,17.7784296536692,0.0004425816071561,0.00531755820165525,"far-7"
-0.721621307781244,6.11543015374408,17.7571791048305,0.000445129103872715,0.00533443468502535,"ZC395.5"
-0.436012037869491,7.78963274930839,17.747184308813,0.000446341569002608,0.00533443468502535,"hrp-1"
0.409804003643989,8.12428459843533,17.7466392565276,0.000446407510762655,0.00533443468502535,"T02G5.7"
0.607927744483488,6.03363300668189,17.741333848077,0.000447069313682776,0.00533443468502535,"mrpl-20"
0.83477101121558,4.80213831696896,17.7390020158593,0.000447410135597856,0.00533443468502535,"T19D12.9"
-0.614598193548962,5.97042773240078,17.7371360995496,0.000447586129235059,0.00533443468502535,"dpy-19"
0.559087021177658,6.90648589916985,17.7074948540135,0.000451238557957438,0.00536644184501621,"msi-1"
-0.797830148484901,5.21278270968777,17.7058168562381,0.000451478855030044,0.00536644184501621,"umps-1"
-0.44203158510699,8.03843858955688,17.6924173481335,0.000453107244757431,0.00537860682661992,"cebp-1"
-0.960587285743677,4.79911899762002,17.6568417607034,0.000457640681557765,0.00542517773297346,"Y12A6A.1"
-0.44190046072316,8.00633985253004,17.6338845016295,0.000460464701453773,0.00544141661994059,"lbp-9"
0.527126741967527,6.24121205388417,17.6293021524574,0.000461055351070186,0.00544141661994059,"ekl-1"
-0.558064525521773,6.32488347260547,17.6291422250681,0.000461075388774084,0.00544141661994059,"cal-2"
1.14625706392117,4.51574508878378,17.6231450625719,0.000461956704115504,0.00544141661994059,"F45G2.10"
0.647014170533247,5.57409346435357,17.6214160673958,0.000462070582392885,0.00544141661994059,"cogc-3"
-0.379524312497601,8.20035095002217,17.5964724446773,0.000465236351211057,0.00547145026272158,"pdi-1"
1.02480979598304,4.43747241105769,17.5907571032209,0.000466102813754168,0.00547439909787095,"B0205.13"
-0.49147706033459,7.4072089461815,17.5726152228054,0.000468310436397802,0.00549307135885602,"rps-13"
0.379149581284054,9.07833647253609,17.5613110735431,0.000469770680851163,0.00549688388029604,"ran-1"
-0.38528131757743,9.54340839450215,17.560529470294,0.000469871977170734,0.00549688388029604,"cct-4"
-0.542644968152135,7.42454681127017,17.547747329245,0.000471535933239928,0.00550413372877379,"Y17G7B.17"
-0.533104185162159,8.77059995796289,17.5462365648585,0.000471729828064968,0.00550413372877379,"C06B3.6"
0.39497128870613,8.02497846594895,17.5260480907724,0.000474368012135976,0.00552766185570244,"rrbs-1"
0.344002950375927,10.9601892729775,17.5033781966506,0.000477349005541391,0.00555511781186978,"myo-3"
0.401622616928919,7.77224137341675,17.489725191432,0.00047915542502617,0.00556885082863749,"C35A5.8"
0.548214047431243,7.4721395748474,17.4516922406001,0.00048422752894448,0.00561477300527287,"ZK512.2"
-1.02174277778133,4.13477471273325,17.452431874958,0.000484369687891609,0.00561477300527287,"K10B3.1"
0.562002841507326,6.22617085953936,17.4420691355684,0.000485527022080752,0.00562086035588538,"C06G3.6"
0.478077770967499,7.47223204787076,17.3875895478076,0.000492907489196612,0.00569888229707032,"nhr-68"
0.839397624279551,4.77263838619311,17.3676913952094,0.00049570832191947,0.00572382167556625,"athp-1"
-0.52924860729214,6.37359688018509,17.3139686396464,0.000503095816135578,0.00579765334044129,"T04C12.11"
-0.724064058928678,5.81138446447794,17.3118147466843,0.00050340663354186,0.00579765334044129,"ugt-25"
-1.38223467970179,3.60019656919906,17.305816692879,0.000505369504429197,0.00581272996620956,"F01G4.4"
0.443609956676602,7.84130023692891,17.2811471628282,0.000507701111451228,0.00583200333580474,"Y54E10A.10"
0.37847573681115,8.61512290018547,17.2607790265539,0.000510587499720093,0.00585759156130496,"F32A5.3"
0.38723552663435,7.95214051993581,17.2338259598964,0.000514436061730935,0.00589413791862081,"ddx-27"
0.545859444396594,7.5452575550231,17.221179914276,0.000516254984609333,0.00590736559608955,"pah-1"
0.384954996063824,8.50019911704363,17.2151158661871,0.000517125882334541,0.00590972521829873,"let-716"
0.511909767235518,6.66615710180215,17.1644828094691,0.00052449172105733,0.00598620782018065,"F41B4.1"
-0.490061588016475,7.06988308748332,17.1307761315249,0.000529452939980823,0.00602962483628825,"bag-1"
0.676747346747808,5.53134941971541,17.1255972018238,0.000530240091576072,0.00602962483628825,"prmt-7"
-0.943567618499554,4.58007725940114,17.1256159980526,0.000530330291528221,0.00602962483628825,"C34C6.3"
-1.26168207781243,3.75723991522571,17.059878103418,0.000540775611239201,0.00614053123822189,"F31C3.6"
0.451295524429683,7.4882786542997,17.0178381653248,0.000546460997974651,0.00619717440432732,"rpoa-1"
-0.473520154265517,7.60445771978551,17.0013505339383,0.000548993848397262,0.00621796726891727,"T28H10.3"
-1.18615244309006,3.90910583032832,16.9574429791981,0.000556288765092109,0.00628761934101865,"C07B5.8"
0.655803697094513,5.3920677078322,16.9528101579806,0.00055655791490065,0.00628761934101865,"tut-1"
0.494245889694262,7.04203063548096,16.9381050042931,0.000558837816643504,0.00630536424844847,"tcer-1"
-0.42582571229267,7.37322046767343,16.9213014869667,0.000561482068256826,0.006327169922524,"Y97E10AR.6"
-0.638422103658543,5.6926228268025,16.9060672531768,0.000563913251755254,0.00634652243209616,"ztf-16"
-0.378542966474004,9.28521356540004,16.8986379317221,0.000565070876258715,0.00634710909496422,"cct-8"
-0.518886638817381,6.54268724880414,16.896667768282,0.000565393139490683,0.00634710909496422,"plk-1"
-1.12639991111805,3.94278804270748,16.8820894911477,0.000568142646838025,0.00636993224847021,"C35C5.8"
0.477761188795146,6.80018237887259,16.8429363322626,0.000574015650279554,0.00642767398820594,"zhit-3"
-0.547671098494329,7.41389139329559,16.8240575270747,0.0005770762594076,0.00645381763823016,"dpy-18"
-0.43098720134362,7.74667191229949,16.7918333133041,0.000582347751289703,0.00650459027225722,"best-14"
-1.26292273771362,3.84137135448873,16.735259394541,0.000592374016250514,0.00660827776472186,"ttr-29"
0.380904657206961,7.93024252684555,16.7219902857201,0.000593958404283509,0.00661764933895323,"alh-6"
1.15886065672533,4.27109758995579,16.715992737035,0.000595197105209179,0.00662315076647661,"xpf-1"
0.993019824256217,4.61109185514756,16.6602424263978,0.000604558073997013,0.00671504734765482,"lips-11"
1.34698128335284,3.51738157715918,16.6647263355664,0.000604966024684682,0.00671504734765482,"F35D11.3"
-0.667731696864773,6.15038969877837,16.6420676839487,0.000607574962527232,0.00673200577441125,"pole-1"
-0.586251753173912,6.45360541948352,16.6395351610564,0.000608008169705572,0.00673200577441125,"D2005.3"
-0.409770219076913,7.31281917105371,16.5989763499351,0.000615043137810529,0.00680142853019081,"hrdl-1"
0.616905620011804,6.08709259995293,16.5862136229967,0.000617286738284213,0.00681775949078874,"ZK185.3"
1.6797895880608,3.62957611335952,16.5762897082109,0.000620632689880573,0.00684620998229303,"mlt-4"
0.469586711968921,6.96024204673004,16.5520320161213,0.000623307779199053,0.00686719884121286,"T23D8.3"
-0.521733329610048,6.40308767064955,16.545270070484,0.000624511591820734,0.00687194624118582,"ltd-1"
-0.382298769585913,8.47484837722133,16.4869436091925,0.00063496027336554,0.00697828404263661,"R07H5.8"
0.56076373720666,6.48167528274476,16.4383852034322,0.000643825621517031,0.00706697975420732,"F07E5.5"
-0.678430209878662,6.14721076839853,16.4156092611078,0.000648030623550727,0.00710436531934588,"T04F8.8"
0.408429694779352,7.4775786449939,16.4087445555924,0.000649291729622687,0.00710942459122576,"C24B9.3"
0.530377711536752,6.924782438604,16.3614723131689,0.000658130732646836,0.00719734359651047,"gst-4"
0.35571481838293,9.6739875879305,16.3390301029981,0.000662363931552447,0.00723473920814841,"uba-1"
-0.462004532784576,6.79920243583929,16.3294776526319,0.000664186590724021,0.00724574598543224,"mcm-7"
0.420193029421308,7.5312640861246,16.297393082648,0.000670315863395682,0.00730364992824878,"gst-6"
1.02986772666051,4.1083700449255,16.2741846056503,0.000675087964978297,0.00734664271312368,"clpf-1"
0.675974405725737,5.53058911438501,16.2676620281945,0.000676083682378432,0.0073484841320619,"rpoa-12"
-0.708972323623435,5.25164553995893,16.24299927316,0.000680902200192857,0.0073817441033333,"R07B7.6"
-0.584674949655483,6.30933304721039,16.2404643311152,0.000681364026496997,0.0073817441033333,"C04E12.4"
1.14782718564486,4.39861204858303,16.2400635397186,0.000681634451561876,0.0073817441033333,"cyp-13A6"
-0.460579041392719,6.63898885989275,16.2186083118693,0.000685652044988195,0.00741621938198302,"F25B5.6"
-0.527244013946425,6.30013276965224,16.2069260425432,0.000687961462250239,0.00743215718209827,"epg-6"
-1.18297880931901,3.7061523783933,16.1980979159408,0.000690570097348994,0.00743607742315837,"ZK688.7"
0.421745680264351,7.1067357754104,16.1903939451255,0.000691233835719325,0.00743607742315837,"rbm-22"
0.648701064610344,5.78102478102024,16.1882260544517,0.000691680308401618,0.00743607742315837,"cir-1"
0.740955878050525,5.21240630582968,16.1854798410895,0.000692253497473728,0.00743607742315837,"rege-1"
-1.02393667311624,4.33161774256123,16.1851001581735,0.000692506141758535,0.00743607742315837,"ptr-3"
0.519625387663947,6.59689785273737,16.1598059530966,0.000697347446230147,0.00747903033104009,"riok-3"
-0.661252725421862,6.3177911744638,16.1509263033188,0.000699135844322671,0.00748917685767816,"F53E4.1"
0.368792677014575,8.04110170419469,16.131038851088,0.000703140023997948,0.00752300596072895,"sod-1"
-1.26000087642752,3.5734042458387,16.0983722791431,0.000711118702399596,0.00759922642191684,"pqn-98"
-0.6216857120323,7.46782629678916,16.0594332370314,0.000717818171951322,0.00764562943292123,"Y44A6C.1"
-0.405042301317831,7.85596395571091,16.0578360574151,0.000718146194450129,0.00764562943292123,"frm-10"
-0.455865761827655,7.02992940817085,16.055341183785,0.000718670605847193,0.00764562943292123,"smc-4"
-0.44689529618982,8.84386515578141,16.0541966723497,0.000718900709247795,0.00764562943292123,"fln-2"
-0.505302108104788,7.32956996597768,16.0472882132961,0.000720340922489577,0.00764819490707991,"atg-18"
-0.523616698127642,6.67340203553913,16.0448087736523,0.000720862370052071,0.00764819490707991,"dnj-24"
0.460852758625434,6.98836880335489,16.000589562413,0.000730135314975608,0.00773383843151631,"pap-1"
0.862258389524169,4.78513838068635,15.9949955641479,0.000731408776769859,0.00773383843151631,"ZK1055.6"
-0.635170789713301,6.11621337205843,15.9923673024675,0.000731882650606784,0.00773383843151631,"dgat-2"
-0.547981634487028,6.22860088875603,15.9898503652518,0.000732413897124815,0.00773383843151631,"atg-3"
-0.788171415610518,5.00042184108505,15.9393250840343,0.000743270851727978,0.00783126442226817,"nspe-1"
0.697661176392472,5.36821667284999,15.9385602392871,0.00074340199891962,0.00783126442226817,"rpl-11.1"
-0.46654421546583,7.58844289754589,15.911476927877,0.000749225355713618,0.00788326939366837,"chp-1"
-0.433510789595658,7.55146302917392,15.8118217371031,0.000771236960668626,0.00810528110792525,"odc-1"
-0.745500910868761,5.10217104859315,15.7771969545968,0.000779113447707533,0.00817839157446006,"R148.5"
-0.549598716104906,5.86032026302523,15.7528451829966,0.000784618533227267,0.0082264662487307,"F40A3.2"
0.58506078403861,5.86244890338713,15.7350182022538,0.000788707745928499,0.00825727151197737,"Y95D11A.1"
-0.80953228297533,5.05325959623301,15.7321762080448,0.000789414102483496,0.00825727151197737,"nhr-43"
-0.547206138985517,6.25313719541262,15.6987708589584,0.000797089802004395,0.00832776196195191,"toc-1"
0.642348640206248,5.61535173342498,15.6906440472561,0.000799000792520881,0.00833792963181121,"W04A4.5"
-0.621030087022687,6.71779484226582,15.6725900766633,0.000803205569008178,0.00837198207977926,"C18B12.4"
0.571938315932411,6.28841944460767,15.6372791731631,0.000811546770446175,0.00844901912884888,"prp-21"
0.970628744500229,4.21129259067189,15.628083484451,0.000813995914413936,0.00846460546789977,"egg-6"
0.382102038300798,7.76258828030802,15.6124561973551,0.000817451733374215,0.00849061140353989,"rpn-7"
0.40331433841128,7.79775436409804,15.5868514297971,0.000823606412290744,0.00854455613964644,"npp-3"
-0.944223908897084,4.19887598238666,15.5823439065705,0.000824997467828375,0.00854901222198378,"his-6"
1.04669146471074,4.05938393884961,15.5448666965737,0.000834194929081427,0.00863425740915363,"henn-1"
0.7166919839419,5.25458080380124,15.5316991681152,0.000837089398489138,0.00865414167670573,"Y73C8B.3"
1.30711467479617,3.7241321968834,15.531282940548,0.000838120717455919,0.00865474018455352,"nhr-145"
1.00848834207534,4.06774159190171,15.4143540751683,0.000866810733383927,0.00893454247109868,"Y97E10AR.2"
0.46561767077342,7.39184307444602,15.4112601116895,0.000867226425886645,0.00893454247109868,"cdr-2"
-0.376449830272705,9.17614205795242,15.370272950945,0.000877767310426653,0.00902499713335514,"cct-7"
0.747902260340449,5.05677618320216,15.3690182465836,0.00087816487416511,0.00902499713335514,"lips-5"
-0.473171324202933,6.72176755579205,15.365359124318,0.00087905157096902,0.00902499713335514,"ubc-3"
0.561596523131008,6.37473163229237,15.3445887815464,0.000884461799795328,0.00907006904495994,"R02F2.7"
-0.768320842092714,4.91571525105995,15.2997763183663,0.00089633474941039,0.00917236756986353,"ska-1"
-1.41455817736281,3.27992273056254,15.3107128002467,0.000896860017015225,0.00917236756986353,"crb-1"
-0.555700727964409,5.99406372114575,15.2949767516309,0.000897532311976298,0.00917236756986353,"micu-1"
0.469756872057037,6.81566485875878,15.2414294689093,0.00091186320896864,0.00930812375538482,"tba-7"
-0.435986854658582,7.12193192285893,15.2059541650681,0.000921502206629177,0.00939572949442662,"epn-1"
0.663977270191017,5.30486497160857,15.1987660560812,0.000923511690958646,0.00940543235316532,"let-504"
0.439585153227098,7.29809676469715,15.1900397693335,0.00092586199800442,0.00941858011928753,"vem-1"
-1.03407817982456,4.92663581666657,15.1511633129658,0.000936719879572842,0.0095181445134653,"F18E3.12"
0.399195805324538,7.42009712805606,15.1121424285886,0.000947540612901642,0.00961710455400513,"srr-4"
0.423370698099782,7.08097041255626,15.10766914468,0.000948806736314206,0.00961897456393341,"C16A3.4"
-0.321253934749924,9.63158300972128,15.1016181618073,0.000950507824249587,0.00962524494920624,"vha-5"
1.09566915067922,3.99731486737603,15.0855765921963,0.000955555088306616,0.00966534731528342,"gst-38"
0.43676412343135,6.97103494000992,15.0637081111122,0.000961309152741648,0.00971244059878264,"rpc-1"
-0.433992808799693,8.14419512254003,15.0598861802598,0.000962395699868126,0.00971244059878264,"ptc-1"
0.429326012131678,6.96244698548897,15.0393144681695,0.000968325002802733,0.0097611990928788,"pgp-9"
-0.500225660884499,6.27429990393743,15.0333103168581,0.000970067419374296,0.00976768904377901,"ceh-44"
-0.799836732078318,4.627586355031,15.0233757551255,0.00097308675065478,0.00978700712677789,"B0410.3"
-0.464217498276519,9.50857361649954,14.9997140197354,0.000979825706525112,0.0098361835546895,"vab-10"
0.532875439621879,6.34059374401723,14.9985260576253,0.000980188800973445,0.0098361835546895,"Y92H12BL.1"
1.36646839130306,3.42704831059526,14.9865386465826,0.000986015990876868,0.00988350414305099,"cyp-35A5"
-0.84849349757123,5.91053835701096,14.9646052430444,0.000990186583606026,0.00991413166085718,"T10G3.1"
0.451067720607441,7.18330000512056,14.9545329815078,0.000993151509628141,0.00993263225208527,"clec-65"
-0.550061185481729,7.30411158324002,14.9460720801098,0.000995665494974528,0.00994658642226801,"spp-2"
1.2745063093561,4.17743496644698,14.9255036497879,0.00100224616966232,0.010001089443847,"F44A2.3"
0.642134028565066,5.51688981853456,14.9005910192644,0.00100934913749644,0.0100606762124225,"W01A11.1"
-0.81490174279921,4.89963798077924,14.8699533633343,0.00101872782136764,0.0101427873009851,"T19C3.3"
0.497431725277008,6.73471738429121,14.8469376288695,0.00102568585437559,0.0102006408626996,"C16C10.2"
-0.856271534496413,4.97141559040422,14.8309248430036,0.00103071768972409,0.0102392301445105,"cbn-1"
-0.726192362658377,6.21529462806071,14.8120330588623,0.00103649883517216,0.0102851686869594,"C15A11.7"
0.954061527451288,4.37246307389154,14.8010872848825,0.00104014397593793,0.0103004585854165,"polg-1"
0.672131059075848,5.11332115231494,14.7998420159188,0.00104035674386503,0.0103004585854165,"ttb-1"
0.377584832730077,11.3779853853835,14.7928791476788,0.00104246230431037,0.0103098246358437,"C17F4.7"
-0.592937246367383,6.02155088749638,14.7833476942417,0.00104547609936671,0.0103281422216327,"F17C11.26"
0.489453864698919,6.62830566157091,14.778754632897,0.00104691173857837,0.0103308460240847,"npp-15"
-0.361408677542088,7.92692516343608,14.7704248591152,0.00104952608111404,0.0103451622917793,"arf-3"
-0.37501079128221,8.30179407078457,14.7663759242415,0.00105080478064144,0.0103462960184751,"nmy-1"
-0.346977759720099,8.85048210770971,14.7453001919303,0.00105749073192987,0.0104001466972588,"atf-7"
-0.407856722293049,7.22321366772544,14.7418003084205,0.00105861351490488,0.0104001466972588,"F36A2.3"
0.680016843330135,5.11675912468907,14.7174763263365,0.00106646489666409,0.0104657167728923,"Y108G3AL.2"
-0.490867734628827,6.53512962767174,14.6803157326508,0.00107841959472949,0.0105713656193383,"tag-353"
-0.435696288880884,7.80037116538351,14.6646135647023,0.00108353002190072,0.0106097636836115,"clec-10"
0.392754219109055,7.49080338461863,14.644711617091,0.00109006370614897,0.0106619982523328,"toe-1"
-1.21869926568744,3.93173964165029,14.6170573984369,0.00109999633807851,0.0107473268591825,"subs-4"
0.310161241257186,10.2739195758934,14.5991739513135,0.00110516663098146,0.0107859895895238,"fib-1"
0.703132957068522,5.47748315438253,14.5810303561419,0.00111129870570311,0.0108339438513228,"F33H2.2"
0.48320143524754,6.60893129860955,14.5492657663208,0.00112200536450588,0.0109182707190998,"cerk-1"
-0.726096434244967,5.08479119303502,14.5477998510919,0.00112257688727353,0.0109182707190998,"C01H6.8"
-0.475539609675451,6.95025646090922,14.5420105657549,0.00112447239166006,0.0109182707190998,"cnnm-1"
-0.418679961487766,6.87530583593963,14.540239720055,0.00112507648153669,0.0109182707190998,"pdhk-2"
0.623761713014816,5.46888846937265,14.5373782964961,0.0011260886570031,0.0109182707190998,"sesn-1"
0.420695569911084,7.26880827632699,14.5260674940978,0.00112991716193068,0.0109347969614061,"pab-2"
0.64108177017284,5.48093323369453,14.5252017272027,0.001130252885787,0.0109347969614061,"C17G10.1"
1.01423974924095,4.12900955906383,14.5221935692708,0.00113165074991603,0.010936420453808,"ttr-22"
-0.443713375607204,7.1519419228726,14.4930905827823,0.00114127898520185,0.0110174934391201,"grd-13"
-0.800315330280048,5.37350492985332,14.4819728033492,0.00114518936459738,0.0110382497112283,"F02E9.5"
0.511584106144778,6.21709086224962,14.4790714425641,0.00114615723043185,0.0110382497112283,"cyp-33C8"
-0.601571030444773,5.85596808330443,14.469293553099,0.00114957725211769,0.0110382497112283,"igcm-3"
0.885243946622083,4.89581771460389,14.4664718340138,0.00115065146406905,0.0110382497112283,"C08F11.1"
0.771996328313543,4.87316320816839,14.4658689656803,0.00115085891991167,0.0110382497112283,"dhs-14"
-0.698603707639582,5.20036835866399,14.4621306413741,0.00115212539278644,0.0110382497112283,"W05F2.7"
-0.453846454718559,6.88739831870114,14.4590599119862,0.00115313881897325,0.0110382497112283,"pfd-4"
0.828535329921616,4.85908900085687,14.4587371126456,0.00115336114967171,0.0110382497112283,"H20E11.1"
0.383186871313236,7.53404403641943,14.434901360621,0.00116163250370772,0.0111054565488874,"F55F8.3"
-0.928207159132293,4.76516894780028,14.4039093465173,0.00117279230269495,0.0111964529167379,"Y111B2A.10"
0.613743415614231,5.42578299087026,14.4011528681971,0.00117366934185128,0.0111964529167379,"cyp-25A2"
0.526375208950328,7.12037217517188,14.3740395745715,0.00118336029844838,0.0112768021580971,"Y42G9A.3"
-1.370410408634,3.69361232745706,14.3739074299005,0.00118508791183481,0.0112811741157637,"prk-2"
0.41469593150936,7.55547900549717,14.3633930753237,0.00118720240650348,0.0112892156109331,"nhr-31"
-0.360459673382569,7.91829432503656,14.3388768766485,0.00119610786110294,0.0113606719078759,"let-754"
-0.447083152416969,6.97833295922574,14.3357151802798,0.00119727247527609,0.0113606719078759,"B0303.4"
-0.434092231076069,6.8400245123308,14.3195650177516,0.00120318954574742,0.0114046463232839,"mop-25.1"
-0.352016708846076,8.36729651671352,14.2952475633516,0.00121214667478782,0.0114653482484249,"sqst-1"
0.601733027076978,5.8447783987888,14.2919074673079,0.00121341322604541,0.0114653482484249,"C33D9.6"
0.357413996712032,8.64131099116601,14.2916968886596,0.00121346223166886,0.0114653482484249,"ssb-1"
-0.748849489856914,5.03813909086891,14.2865234706476,0.00121548050261489,0.0114722262725573,"C49F5.7"
-0.688027124301919,5.39630695860718,14.2507939513179,0.00122879270907259,0.0115820705978395,"nhl-3"
-0.41347055266791,7.14376927707696,14.2467278660235,0.00123027438506654,0.0115820705978395,"R31.2"
0.318087285313794,11.2053433122378,14.2447025892117,0.0012310265116363,0.0115820705978395,"far-1"
0.416072111139325,7.02909651544124,14.2160877369301,0.00124187086059462,0.0116717482257365,"dhs-25"
-0.827108409398043,4.60832967900451,14.2093500599518,0.00124462127766255,0.011685245807495,"Y55D5A.4"
-0.3730601651404,7.53071992987842,14.1882968204145,0.00125248652713791,0.0117466853510371,"R05A10.1"
-0.41933850383032,8.22007089410999,14.1725400904012,0.00125855015602718,0.0117839663843771,"mtm-3"
-0.653669629670784,5.40879085330722,14.1712321968365,0.00125911236814287,0.0117839663843771,"gpx-3"
-1.43508783833795,3.22694876572068,14.1430054041512,0.00127505603787889,0.0119096918934864,"C26F1.1"
0.437499948044929,6.78386496251788,14.12969732351,0.00127522513582264,0.0119096918934864,"csn-2"
0.373435768381048,8.02128592278683,14.0940570322107,0.00128926053686102,0.0119998096912906,"C23H5.8"
0.363112990865622,7.8807666999445,14.0938246623889,0.00128935292925154,0.0119998096912906,"rpc-2"
0.433010704215844,6.8542850502804,14.0889451959805,0.00129130115682782,0.0119998096912906,"F09C8.1"
0.397725179927374,9.75845496881933,14.0865519641255,0.00129223944517546,0.0119998096912906,"emb-9"
0.677168082003289,5.02761252587634,14.0719642743251,0.00129815010982984,0.0119998096912906,"elks-1"
-0.359660747784003,7.7419160855995,14.0682369984764,0.0012995464353676,0.0119998096912906,"F52E1.14"
0.796895859210592,5.00658473180031,14.0682275797506,0.00129965235204849,0.0119998096912906,"F25D1.5"
-0.833420409189084,4.71975686652859,14.0676159212317,0.00129996333916899,0.0119998096912906,"C04E6.7"
-0.571472580063063,5.6206687636967,14.063102320755,0.00130164346412376,0.0119998096912906,"F35C12.3"
-0.330944042599501,9.4140433945695,14.0629574299218,0.00130165772783247,0.0119998096912906,"cct-1"
-0.606683659209294,5.41893551698219,14.0627689191587,0.00130179064801018,0.0119998096912906,"K09H9.8"
0.692701164024342,5.35519994621168,14.0617863701475,0.00130218892468522,0.0119998096912906,"eva-1"
0.452800688985885,6.68436640461433,14.0610915468773,0.00130242001485721,0.0119998096912906,"ctg-2"
0.470054602102978,6.46792421679316,14.0548482376458,0.00130492884644505,0.012010478647767,"nlp-16"
-0.786927488669654,4.78001583778905,14.0471402301203,0.00130816701941032,0.0120278314059743,"K01A2.4"
0.743396698077539,4.7784719346555,14.0374189152369,0.00131207969433209,0.0120513435561019,"Y73B6BL.44"
-0.580439650960792,5.79940874876321,14.0316832895823,0.00131429511638944,0.0120592341380996,"F01D5.5"
-1.11718210169021,3.86471392939693,14.0274138630571,0.00131690606046949,0.0120707337975611,"ZC513.14"
0.636718871356011,5.44970197733927,14.0203042263444,0.00131893188526119,0.0120768521028396,"ugt-47"
0.531691286766668,5.8640920307877,14.0131496235348,0.00132182015356995,0.0120908466927885,"daf-36"
-0.871214576279107,4.57570648486635,14.0068974051619,0.0013245621965375,0.0121034763508889,"C09F12.2"
-0.297558913829096,10.2307722554096,14.0003254196957,0.00132702954177605,0.0121135725420235,"par-5"
1.06271565111085,3.87869232260791,13.9974322297192,0.00132897506820203,0.0121188895706506,"T10B10.8"
0.419829893272313,7.27168959218968,13.9710464558253,0.00133908725034248,0.0121985909249948,"rad-23"
-0.352416379019494,8.80955728365006,13.9576242268276,0.00134464207129017,0.0122254247645536,"ech-1.2"
-0.931589694427137,4.37021552175486,13.9580592913636,0.00134478297376374,0.0122254247645536,"col-176"
-0.518944744055822,6.29349478835215,13.9091531206198,0.00136496934314672,0.012396263973358,"T07F12.4"
0.492624638258054,6.147166683922,13.8999601666238,0.0013688607581034,0.0124189193880585,"mms-19"
0.493515327187772,6.37318386558927,13.8666747294318,0.00138304323888317,0.01253479861051,"npp-1"
0.361216506159162,7.79615405648095,13.8626031177962,0.00138477222520293,0.0125376882426469,"zig-11"
0.32605558326141,9.8076701796521,13.8547907982269,0.00138812856161364,0.0125552909881047,"lec-10"
-0.810784826211515,5.14451206705786,13.8369989611586,0.00139590577827396,0.0126128031246278,"tyr-2"
0.523346458044743,6.59742433709733,13.819096028461,0.00140360216066351,0.0126592141150268,"Y40B1B.7"
-0.496569123249357,6.78282802690758,13.8184317267548,0.00140388990185766,0.0126592141150268,"F09E5.11"
0.536001541783794,5.94267601788469,13.8134357274081,0.00140608320913953,0.0126661457066459,"F18H3.4"
-0.401352327051526,10.3954743739788,13.8017013220994,0.00141118777867606,0.0126992616803733,"sodh-1"
0.665045219127473,5.68178267227607,13.7823459720869,0.00141974372465052,0.0127633381758016,"cnnm-3"
0.616651646957423,5.45681811607472,13.7441997674536,0.00143670082226621,0.012902734354312,"prdx-6"
-0.383733854646019,8.27073340581101,13.7344359537117,0.00144101721898935,0.0129103473663492,"vps-32.1"
0.667115489410402,5.33704702339233,13.7284460008949,0.00144377369736669,0.0129103473663492,"K01A11.2"
-0.463342401743451,6.69327452820672,13.7281749028374,0.00144384358608178,0.0129103473663492,"tyr-4"
-0.413473667628126,6.9788858519593,13.7280346286403,0.00144390423612163,0.0129103473663492,"F11E6.3"
-1.21188335806868,3.44189140638195,13.7321724512238,0.00144480886621499,0.0129103473663492,"Y52B11A.8"
-0.725923240867678,4.83998890816369,13.7162185955163,0.00144936081489407,0.0129209052473762,"F55C10.5"
-0.493022335889352,6.11675996872748,13.7143902731727,0.00145006510553727,0.0129209052473762,"T12B3.2"
-0.846184161736237,4.95672303439864,13.7139984071208,0.00145035017848178,0.0129209052473762,"F34D10.4"
0.464854838432618,6.61813936589102,13.6961790997565,0.00145830900844656,0.0129788041982967,"clec-57"
-1.19781540041333,3.62724501176959,13.670040167472,0.00147204628761632,0.0130812347755748,"Y41G9A.10"
-0.642319843191816,5.8431324897088,13.6628943105197,0.00147354880007948,0.0130812347755748,"F44A6.5"
0.547692813231485,5.84019675920478,13.6613981751448,0.00147423205996243,0.0130812347755748,"F20A1.10"
-0.717326199824929,4.94191921015966,13.6367113404987,0.00148573369375498,0.0131701478276924,"gpx-5"
0.757046337150401,4.67034639886817,13.6176049213551,0.00149468324132927,0.0132362835644009,"nrde-4"
-0.483591849362324,6.39661428883225,13.6119429225336,0.00149716788416477,0.0132450941871731,"F12F6.1"
0.38017030489848,7.19241715218201,13.6022210620799,0.00150171599515547,0.0132721241679198,"letm-1"
0.417936354966101,6.82986956268301,13.5955260128926,0.0015048676837847,0.0132867711782818,"pges-2"
-0.374400733944521,11.5850751171419,13.5880354029719,0.00150838353054112,0.0133046011607551,"hsp-110"
-0.957303466127275,4.21030200666343,13.5790371286486,0.00151309874477901,0.0133329642614768,"ebp-2"
-0.556921936691518,6.74096892721673,13.5719926223396,0.00151599125140402,0.0133452259566665,"ikke-1"
-1.43748764666313,3.29499034805452,13.5445216665104,0.00153419478535083,0.0134921125979765,"sas-5"
0.99353875205904,4.27308465327999,13.5020045044864,0.00154999624960988,0.0136176053905943,"Y48G1A.1"
-0.435906368823491,10.8985094600277,13.4924947003146,0.00155422743062131,0.0136412991961047,"hsp-16.41"
0.611976427669935,5.4928637548814,13.4457094496661,0.00157729691106515,0.013830125085089,"hpo-35"
0.529071932198697,5.73552688330875,13.4410884638367,0.0015795727538848,0.0138364348323052,"ula-1"
0.322807428822452,8.76054662463811,13.4369227444607,0.00158160266183549,0.0138405799865938,"csq-1"
-0.633302434040619,5.23185039219425,13.416222025132,0.00159202206748086,0.0139180611622147,"F54A3.2"
-0.682986077537322,5.60916678370215,13.4071551278073,0.00159654028908871,0.0139438504030332,"zwl-1"
0.855842137160423,4.80042581917822,13.3942396284798,0.00160315893616415,0.013987915703077,"R02C2.7"
-0.527136009327494,7.58755704504064,13.3862372133652,0.00160704342755325,0.0140080618768392,"grsp-4"
0.417232054524341,7.29486013871814,13.3250663730195,0.00163834946340549,0.0142669589413694,"byn-1"
-0.371298801598785,8.30634563504369,13.3209368916918,0.0016404770987165,0.0142715086934329,"let-607"
-0.634722508230396,5.41197025437921,13.3055931876557,0.00164851408020277,0.0143139843926684,"K07E3.1"
0.288866431360329,11.1754062551,13.3053349751316,0.0016485794644126,0.0143139843926684,"F46H5.3"
0.878274406186106,4.32458954020453,13.2999970405124,0.00165171652149348,0.0143272308220473,"clec-76"
-1.52693258169158,3.64244225567872,13.2911657046606,0.00165894261649842,0.0143758857731846,"F53C3.6"
-0.627289776904644,5.85558978481684,13.2686307168921,0.0016678579210942,0.0144390698894338,"cpi-1"
-0.394904267971265,7.05744361284144,13.2491227491206,0.00167815876501039,0.0145020601723739,"adt-2"
0.506954539269532,6.98028581672939,13.2460555537073,0.00167978949673196,0.0145020601723739,"ugt-41"
0.577638843337673,5.61818909663062,13.2429100931051,0.00168150061252972,0.0145020601723739,"D1054.3"
-0.297936921654484,9.84527490996467,13.242516221547,0.0016816583103945,0.0145020601723739,"aldo-2"
0.532860581934036,6.15876625124129,13.2217285239112,0.00169279247832346,0.0145839320976491,"sbds-1"
-0.314785026587868,10.014578799684,13.2146241688597,0.00169658095893072,0.0146024213996641,"tbb-2"
-0.67572564199865,4.9044330027624,13.2116142482536,0.00169834543597158,0.0146034712487653,"F02D8.4"
-0.434454644066627,6.63585764145465,13.1854692768764,0.00171235441255902,0.0147027582036164,"ari-1.1"
0.334137402648992,8.09868699284714,13.1838827618348,0.00171319958373035,0.0147027582036164,"sptl-2"
-0.785487340364953,5.19835069910316,13.1809935347581,0.00171486978410978,0.0147028999522855,"fbxa-105"
-0.694006897313155,4.94116336766978,13.1594203180061,0.00172669178578656,0.01478999678943,"prmn-1"
1.1068103877983,3.64227043778559,13.1444401118318,0.00173633543011932,0.0148582851869017,"Y11D7A.3"
0.404516889663024,7.13693718802388,13.1349238288521,0.0017400494503124,0.0148757496756995,"npp-13"
0.568909957659544,5.81676762843166,13.1247081452778,0.00174573509697102,0.0148950736444763,"hpo-13"
-0.973701338960222,4.27034427894544,13.1228108342906,0.0017472136369176,0.0148950736444763,"his-48"
-0.928652325532031,4.04583856438512,13.1229446354912,0.00174733571152725,0.0148950736444763,"1-Sep"
-0.633557169125259,5.74219036490641,13.1040980234975,0.00175722345941402,0.0149650131969828,"gbh-2"
0.902015141728129,4.22058856007201,13.0835785324262,0.00176913498372013,0.0150520374547901,"klf-3"
-0.580967789715879,5.78303159700813,13.0748783779773,0.00177363835665585,0.0150667011249702,"F38B7.2"
-0.879146110913638,4.53955251022361,13.0720414674815,0.0017754826074091,0.0150667011249702,"vglu-2"
0.423378395360065,6.63179979291048,13.0707540525084,0.00177594227634336,0.0150667011249702,"cat-4"
0.8221725395719,4.46666490819041,13.0600383094142,0.00178228648992766,0.0151061098016653,"C55A6.1"
-0.42751557283522,6.6501086286982,13.0533014839718,0.00178584379357464,0.0151218449225449,"ctg-1"
-0.442668483861233,6.57346691802573,13.0497121386887,0.00178788899868323,0.0151247584084611,"miz-1"
0.359862809957952,7.37665397958125,13.0443028240848,0.00179096406018267,0.0151250279903879,"abtm-1"
-0.352048223010594,8.1420052178725,13.043659601656,0.00179132318905393,0.0151250279903879,"ubl-1"
0.801070127620501,4.34769610111887,13.0336140175104,0.00179741563697812,0.0151620706151541,"tfbm-1"
-0.814005200621782,4.7598588595633,12.9782128794093,0.00182933283033311,0.0154166807530727,"lon-1"
-0.359763282024228,7.55512210443217,12.9636130776141,0.00183769132727567,0.0154677837456008,"rab-7"
0.410662437905796,7.31065361239066,12.9616065092407,0.00183887610157463,0.0154677837456008,"rab-3"
-0.732902598185937,4.66280716791725,12.9172650832912,0.00186536340713879,0.0156757524129215,"ZK669.5"
0.570768105075496,6.19413973538782,12.9102621834334,0.00186935301238431,0.0156801824854905,"pgp-12"
-0.637246607020323,5.22992128545043,12.9102696207788,0.00186941777467325,0.0156801824854905,"trx-3"
-0.446876088642898,6.35197616110565,12.8962083995263,0.0018777847062087,0.0157355172694642,"ZK1193.2"
0.522844458901452,5.73120408047705,12.8910037853192,0.00188094121464275,0.0157471264965995,"lpd-2"
0.654703553880566,5.88161622128045,12.8538371871472,0.00190348691495875,0.015920886322576,"nhr-3"
-0.501768866103458,10.7954188013504,12.8397692604363,0.00191206228847942,0.015977580645555,"hsp-16.2"
0.564463435191837,6.01074930623499,12.7973799240944,0.00193831556742643,0.0161817499624304,"sbp-1"
0.416816434061191,6.54587509602327,12.7864740554605,0.00194511330362951,0.0162232667753939,"rha-1"
0.695275703071146,5.04930986649696,12.7726974333859,0.00195385887170012,0.0162809364838667,"rnf-113"
-0.448535959725846,6.3254823480439,12.751001446262,0.00196745354634547,0.0163788665548292,"bli-4"
-0.301275757910051,9.57239283755145,12.7189929968372,0.00198782647083242,0.0165329889169046,"ftn-2"
-0.899663777123005,4.20061153432064,12.7138362509282,0.0019916749647444,0.0165495159920957,"C01B10.7"
-0.894935789902519,4.02650587557812,12.7017378329697,0.00199964914611948,0.016586079959334,"C25F9.12"
0.742872940179312,4.72968121176625,12.6995225220126,0.00200055272204392,0.016586079959334,"C01H6.4"
0.582021580832216,5.53946025249201,12.6975739545342,0.00200167178004335,0.016586079959334,"gad-1"
-0.846739026609936,4.64174659954991,12.6894280078473,0.00200713840798647,0.0166158916065248,"nlp-26"
-0.475321902848679,6.17238530521989,12.6425759667832,0.00203751136810251,0.0168516405337669,"drh-3"
0.768200575133858,4.69606656361101,12.6240820221596,0.00204992422803721,0.0169385467578799,"F13H8.11"
0.856312420627083,5.42823973925837,12.5972778087466,0.0020676479195151,0.0170691343105002,"F08F3.4"
0.420681795116625,6.61540075181844,12.5794754170051,0.00207954256983359,0.0171514035142769,"skp-1"
0.843631260129016,5.03450316712439,12.5744893869767,0.0020830275455493,0.0171642241959952,"slc-17.7"
0.451225792062784,7.03127075419134,12.5504514623668,0.00209919752486367,0.017281449253299,"ZC116.1"
-0.353595953545873,7.98872951362497,12.5359643013016,0.00210907307182645,0.0173466870320157,"ttr-18"
0.459696689815382,6.34109461582513,12.5110967690353,0.00212619495910374,0.0174569696893281,"npp-22"
-0.7807943534458,4.65446920882119,12.511120847145,0.00212640852249942,0.0174569696893281,"C36E8.4"
0.417472619066868,6.9832769260728,12.50086659082,0.0021332637159535,0.0174970919728253,"ran-2"
0.828549363730866,4.3420089050959,12.4904533916522,0.00214088029933073,0.0175365603628532,"F35H12.1"
0.565824123688829,5.43693985504054,12.4883465480845,0.00214202053245514,0.0175365603628532,"hid-1"
0.911175039499448,4.32122965639581,12.4847365709624,0.00214489595418672,0.0175439465765171,"nit-1"
-0.35356296482067,7.5269090775498,12.4672400034494,0.00215670455440767,0.0176243200305502,"cdc-37"
0.931895777776627,4.07841883331091,12.4316905555188,0.00218246861233921,0.017808552150043,"ksr-1"
-0.722823901142762,4.60193487031656,12.4300295761969,0.00218325518429275,0.017808552150043,"Y54E10A.17"
0.877707505393741,4.2803551892895,12.410406344627,0.00219744996568186,0.0179079080154696,"C34D1.4"
0.581087972843117,5.42792853453757,12.40169429994,0.00220331411801597,0.0179392544169231,"F56B3.4"
0.534656993847285,5.80897824984931,12.3753278948438,0.00222231560550192,0.018069883695978,"nemp-1"
-0.470109139909692,6.13779850776766,12.373783344013,0.00222342287295017,0.018069883695978,"lin-36"
-0.541566811498204,5.74621671973202,12.3679015212205,0.00222771861843266,0.0180882614031825,"ugt-8"
-0.425281130461094,6.57967975912471,12.3648969269186,0.00222987282560219,0.0180892329310485,"cdc-14"
0.593899402408192,6.1785475861885,12.3581685462991,0.00223478691244038,0.018112571046953,"F53E10.6"
-0.602918359879135,5.61529281926032,12.3521415154002,0.00223922558599203,0.0181250151689166,"best-3"
-0.514344347181394,6.17154173595361,12.3504898957502,0.00224039946807325,0.0181250151689166,"eat-16"
-0.579335015381861,5.81510526793471,12.3310551706533,0.0022546938360827,0.0182240753605557,"tpra-1"
-1.46500320485363,3.31420941422391,12.3131427072861,0.0022745481280476,0.0183626576694306,"Y6D1A.2"
-0.312553996324795,9.88738035698734,12.299566990112,0.00227798492651553,0.0183626576694306,"enpl-1"
-0.887198854914596,4.50289789491632,12.2999798640948,0.00227803525018355,0.0183626576694306,"F22B7.1"
0.751775042590979,4.93374885323352,12.2899680172202,0.00228532246392117,0.0184047119807274,"C25E10.12"
0.383523359962397,8.64064717226833,12.2646228515943,0.00230420468349962,0.0185399853764661,"Y43F8B.2"
-0.442432224889696,6.78847693545774,12.2410084618666,0.00232213229336181,0.0186673401630017,"hum-6"
0.433591505482927,6.49901874839114,12.2253608577564,0.00233408744511535,0.0187464963636139,"tir-1"
0.612147030511006,5.24185502863812,12.2179719149054,0.00233983792313233,0.0187518117443185,"Y6B3B.9"
0.406130781238663,8.96119710890339,12.2172994727999,0.00234024751786435,0.0187518117443185,"Y51F10.7"
0.412469248531477,6.5057810443588,12.2153470046406,0.00234177152883265,0.0187518117443185,"ZK430.7"
0.332576152543914,9.75860248037522,12.2134772209448,0.0023431855638216,0.0187518117443185,"F13D12.6"
-0.415182973555776,6.67782860679296,12.2073171382341,0.00234795118217591,0.018773052122955,"pxn-1"
-0.527393221421876,6.04792236772358,12.2008790340563,0.0023529367663093,0.0187960114907961,"nasp-1"
-0.460237862814122,7.25962733929668,12.1668804326526,0.00237935034998652,0.0189899496963467,"ipla-6"
-0.508199467348289,6.00522477141148,12.1579791836572,0.00238635370812152,0.0190287630662856,"ubc-8"
-0.621260461274535,5.52628896415063,12.1430255204992,0.00239816332801979,0.0191057976249318,"scl-5"
0.399208701429018,6.76727787628403,12.1003115104019,0.00243208600696115,0.0193587078674052,"T02H6.1"
0.348328110103414,7.5269039083443,12.0883735082067,0.00244166435698943,0.0194169672165845,"imb-1"
-0.762345426059941,4.58698832052843,12.0861292645054,0.002443773064375,0.0194169672165845,"C07E3.9"
0.457464191933435,6.88481783622894,12.0825496803836,0.00244637156922074,0.0194202585910193,"F55F8.2"
0.42409180720633,6.76758820791215,12.0773424018901,0.00245057923504852,0.01943630684997,"haf-3"
-0.635148485300327,5.50898749859337,12.0637306653692,0.0024616719538085,0.0194946514768871,"F55A11.1"
1.08144900227341,3.78173311788339,12.0634125520833,0.00246327645603457,0.0194946514768871,"F54F2.7"
1.2340689510858,3.59154046735478,12.0632686339661,0.00246451335733001,0.0194946514768871,"M18.3"
-0.79061588473807,4.35401001999478,12.051801504622,0.00247175970586015,0.0195345915953801,"Y53F4B.9"
0.812944841346485,4.26409238089459,12.0487363850344,0.00247430134226867,0.0195373119308266,"nhr-203"
-0.555000275239461,6.142094449973,12.0181039324432,0.00249901331775138,0.0197149311518434,"Y53G8AM.8"
-0.553079637456039,5.59915395743964,12.0118845106111,0.00250419215731741,0.0197382734669407,"K02E11.4"
0.709141330235749,5.26485709319788,11.9814838624698,0.00252954986651721,0.0199204852641315,"C34F6.9"
-0.588740747830065,5.74229731311675,11.9773715700583,0.00253294733690815,0.0199295882942039,"F47B7.2"
-0.453886601300059,6.47131786706095,11.9571019000223,0.00254997764240805,0.0200396802879262,"F53C11.5"
-0.474884858536289,6.80890106428241,11.9553569471049,0.00255144731592986,0.0200396802879262,"rad-26"
-0.834315127451056,4.44832291563717,11.9527424845998,0.00255404357416945,0.0200423666530809,"C44E12.1"
0.980949576353859,4.19110988964322,11.9498030504244,0.00255676379408849,0.020046020188043,"drsh-1"
0.619220241190806,5.47856026690914,11.9369155019247,0.00256715480067248,0.0201097562403339,"sek-3"
-0.691551123258954,4.82310270493919,11.9297752710785,0.0025733758414136,0.0201225946624117,"cpt-6"
-0.34757213335906,7.29392956474585,11.9288158847419,0.00257399016383983,0.0201225946624117,"unc-51"
0.366427699552942,7.13368365105173,11.9269562091571,0.00257558348057862,0.0201225946624117,"Y23H5B.5"
0.681552845991999,4.97589246900768,11.9132030309803,0.00258751500524547,0.0201980648916922,"F59B1.8"
-0.411452142968704,6.81426070063321,11.8765712096341,0.0026190408370926,0.0204262211250792,"R05A10.2"
0.476733020640582,5.90167859336582,11.8601470696457,0.00263340440833934,0.0205114629592077,"ace-3"
-0.490521241384736,6.0523377420456,11.8587936223609,0.00263458448986787,0.0205114629592077,"osta-2"
-0.846070578922348,4.21633845555381,11.8533446241785,0.00263992983555704,0.0205350972597879,"F57C12.2"
0.345360752433169,7.40259828288458,11.8396698373846,0.00265137226326585,0.0206060758677418,"pbs-2"
-0.329254696448065,8.96783951877979,11.8364796406444,0.0026541774689574,0.0206098619008736,"ttr-15"
-1.00775233289126,3.68100464830928,11.8219762622151,0.00266895486281036,0.0207065250307564,"maf-1"
-0.306112786002678,9.38610521382715,11.8077047691401,0.00267973405451454,0.0207720274443668,"brp-1"
-0.543949107604425,6.85363109640423,11.7997597657737,0.00268686022940198,0.0208091239543667,"imp-2"
-0.365258277384153,7.44896840621952,11.7919076530234,0.00269389034597716,0.0208387124451775,"nhl-2"
0.583908875790829,5.37209518597551,11.7903580022608,0.00269536827263009,0.0208387124451775,"rom-4"
-0.494246050425485,5.96590935675509,11.7854357399879,0.00269974448385218,0.0208544119947261,"aipl-1"
-1.01834284673368,3.87569625441822,11.7784997308052,0.00270727379626572,0.0208944195508668,"R10E8.3"
1.09103648851291,3.50347332705499,11.7708305112405,0.0027156873255786,0.0209305246038417,"F54B8.4"
-0.370358529535128,7.53341068831073,11.7666710976756,0.00271666014990815,0.0209305246038417,"egl-44"
-0.942453309481781,3.93089176784167,11.7616653599535,0.0027223053437327,0.0209558587109328,"Y38H6C.16"
0.496276856474304,5.95030546844156,11.7545151958859,0.00272774143390369,0.0209795407342887,"F20C5.6"
-0.404639896007324,6.80136342048972,11.7498545768116,0.00273196784407106,0.0209938859996852,"R05D3.9"
-0.330401239368222,7.84739748909307,11.7407283497174,0.00274028728941963,0.0210396323749827,"W06H8.6"
0.303678088382999,8.47612456402047,11.7190755081234,0.00276018526728845,0.0211741218390523,"rpn-1"
0.793448236174594,4.22918666321914,11.7064761989229,0.00277239357292952,0.0212422115173072,"H06H21.11"
0.44911122555401,7.21520325632776,11.7043341437085,0.00277383956490762,0.0212422115173072,"nhr-1"
-0.589782175100055,5.6849001708543,11.7008108712513,0.00277716381639186,0.0212493661717212,"siah-1"
0.670330534613574,4.94625378971385,11.6851521388913,0.00279186691543074,0.021343498491053,"dbr-1"
-0.492465674144784,5.82513985514724,11.6781462041875,0.00279829232306777,0.0213590903588756,"pxd-1"
0.530118665819668,5.51571902824877,11.6777295314089,0.00279871108627714,0.0213590903588756,"DC2.5"
0.632743092376166,5.00277297401927,11.6721080033576,0.00280407013578211,0.0213816360010624,"dhs-2"
0.370819289064908,7.02173311774795,11.6604676753656,0.00281487565070126,0.0214456378837917,"ruvb-1"
-0.700190606020007,4.58715251695254,11.6303052069359,0.00284378890673652,0.0216315651238877,"C50F4.6"
0.736225258020332,4.43615384011146,11.6300029746373,0.00284414572374589,0.0216315651238877,"apt-9"
1.00027795558169,3.80621668004967,11.6249129552125,0.00284999519787001,0.0216575276104806,"Y37A1A.3"
-0.447507765478097,6.47829472334792,11.5720852304646,0.00289962065051216,0.0220158216940253,"T01C8.2"
-0.482194140927672,5.84951875624484,11.5677333681696,0.00290388930870779,0.022029419661878,"dhs-5"
0.538177772903201,5.90556211343189,11.5424763140363,0.00292865847358699,0.0221983823432753,"Y73E7A.2"
-0.896752025831637,4.50852232245967,11.5349116143315,0.0029364976913862,0.0222388423970312,"anp-1"
-1.17615244226932,3.31339009132162,11.5338191235287,0.00294286148546058,0.0222680693338128,"dnj-28"
0.369396137297098,6.98211664930924,11.5246290806282,0.00294627683805391,0.0222749552441644,"ugt-26"
-0.513260513335903,6.65127403663181,11.5213400988641,0.00294954711501238,0.022280733559537,"epg-7"
-0.811644931888796,4.45809566301726,11.4826052886982,0.0029887131460897,0.022557426639969,"C55A6.4"
-0.367046149063194,7.12565884195912,11.4621136001345,0.00300902666832183,0.0226824689756171,"mbk-2"
0.389214166323289,7.16457406842422,11.4607761158865,0.0030103827906004,0.0226824689756171,"F54E4.3"
-0.686505604858558,4.83625520770985,11.4549469030428,0.00301653130860927,0.0227095511133319,"F57B9.1"
0.349794594835767,7.38087561277508,11.449745724058,0.00302160988686719,0.0227285393436008,"dnj-10"
-0.454033927021451,6.44311514377106,11.4425871767148,0.00302894109877833,0.0227591733490328,"acl-2"
-0.775767823432573,4.32034183614598,11.4412698769682,0.00303080207459846,0.0227591733490328,"nlp-20"
0.569233121071757,5.20657349958067,11.424359898266,0.00304775298685475,0.0228671492034815,"F52C12.2"
-0.425976082831839,6.36605567036507,11.3939247368763,0.0030791843964932,0.0230798855313501,"aakg-2"
-0.380250165479239,7.26719860675781,11.3918785182261,0.0030812984057713,0.0230798855313501,"gpcp-2"
0.465771036412343,6.28643354009758,11.3795123812176,0.00309424335580023,0.0231573381114645,"cept-1"
0.346808834291851,7.61099168886892,11.37263898201,0.00310142365471719,0.0231915540068045,"dpf-3"
0.722882670790186,4.56282532440549,11.3671925209932,0.0031074885411956,0.0232023148265128,"taf-4"
-0.643190852837561,5.68154497539697,11.3648921138984,0.00310964232602561,0.0232023148265128,"sir-2.2"
0.449266517571782,6.57298623643633,11.3634450334508,0.00311111873459284,0.0232023148265128,"Y54E5A.5"
-0.681268913956879,5.86247243430797,11.3614082396843,0.00311330126960182,0.0232023148265128,"sulp-4"
-0.36913951985753,7.49058849206105,11.3319416472464,0.00314450140667799,0.0234152110609497,"F26E4.3"
-0.433516459985605,6.2751025979455,11.3115089127796,0.0031664027523221,0.0235585664191597,"ctf-4"
-0.305638199051849,8.21501530838988,11.3065112890519,0.00317174404737971,0.0235785755227868,"gst-36"
-0.392667710406868,6.76899402603894,11.2983672298249,0.00318055051386975,0.0236242895729456,"pfd-5"
-0.575794854577917,5.65930530405093,11.2869737230843,0.00319293476994897,0.0236934714234041,"T01E8.1"
0.540145451009981,6.43076918686902,11.2848502789092,0.00319519426798577,0.0236934714234041,"mrpl-9"
0.625237386765489,5.22529078575109,11.2796910886871,0.00320090364207877,0.0237160285681019,"C26F1.3"
-0.852947483575005,4.71075869521026,11.2640231223437,0.00321818542461752,0.0238242186596789,"cyp-13B1"
0.681644581756134,4.90631234455245,11.2437604641556,0.00324033095373287,0.0239278262011277,"dxbp-1"
0.558517694035729,5.90366530964457,11.2398192948938,0.00324451928840101,0.0239278262011277,"F35E12.6"
0.552271946579912,5.47369556807215,11.2381498018344,0.00324640562012544,0.0239278262011277,"C47E12.2"
0.433804051969508,7.41398079968611,11.2373613660603,0.00324719339361613,0.0239278262011277,"T10G3.3"
0.348769908386583,7.64649809894406,11.2367134861144,0.00324790378740268,0.0239278262011277,"lonp-1"
-0.446563009452604,6.66338290827578,11.2363489500539,0.00324832822233283,0.0239278262011277,"K04A8.1"
-1.03400955366692,3.65466756382185,11.2303421659711,0.0032573449596839,0.0239743824805874,"snpc-3.4"
0.707358821168993,5.16808975660489,11.19594537279,0.00329347115336478,0.0242202249996412,"ugt-64"
0.789884861272495,4.54502667167601,11.1801888421629,0.00331144381066337,0.0243322701823207,"Y45F10D.6"
0.535737143859434,5.4282191890409,11.175688104361,0.00331625031483109,0.0243474661842801,"tftc-3"
-0.549349747190202,5.927612270762,11.1638005351275,0.00332968316707684,0.024425918348581,"Y41D4A.7"
-0.656383373644444,5.21960999952466,11.1523191374241,0.00334285182761873,0.0244841288670141,"strm-1"
-0.640504008372446,4.89678673483035,11.1521504095752,0.0033431259076094,0.0244841288670141,"F26E4.7"
0.499447187760965,6.21145661424716,11.1459497720497,0.00335002537266397,0.0245144655048192,"rsr-2"
0.695011374751222,5.12939568036442,11.1407672672253,0.0033560833220953,0.0245385993558794,"egl-10"
-0.45107558116915,6.60467939341178,11.1061448040667,0.00339590696858807,0.0247906226005379,"ptc-3"
-0.379975131566948,6.80031601432626,11.1059510819049,0.00339612848132439,0.0247906226005379,"unc-40"
0.328888376475814,7.47816445171564,11.1008225568559,0.00340207792095264,0.024801959938155,"F58B3.4"
1.263401438405,3.41330808827323,11.1040002337191,0.0034032607270891,0.024801959938155,"cyp-29A3"
0.455096810986487,6.33955598765307,11.0921740418903,0.003412186062779,0.0248466390533727,"pro-1"
-0.418759527584874,6.60616273061768,11.0817472006851,0.00342438060929854,0.0249150310943317,"nsy-4"
-0.338472135931814,8.05179302826224,11.0765397240464,0.00343046529730957,0.024924964149787,"emo-1"
-0.831586320550206,4.78577224677335,11.0760363928557,0.0034313526171791,0.024924964149787,"F17C11.6"
-0.568903364462104,5.43507006860445,11.0634795566981,0.00344595176975943,0.0250105772938213,"C02B10.5"
0.528333740338999,5.78883351685824,11.0545478732803,0.00345647064376113,0.0250482545691608,"pqn-39"
1.16362675128455,3.54661455253293,11.0569610073835,0.00345677745544487,0.0250482545691608,"csb-1"
-0.344861188788049,9.53663342405373,11.0449383190877,0.00346781371070815,0.0251077619722363,"pqn-44"
-0.396585610984407,7.04074603248495,11.0246650599549,0.00349203535747086,0.0252510703422833,"pfkb-1.1"
0.8515168942951,4.05783743841481,11.0243436372937,0.00349328720290277,0.0252510703422833,"ZK856.5"
-0.90012082994161,4.30275398015344,11.0174496195786,0.00350133325889861,0.0252886710031418,"gly-12"
-0.548110501907133,5.54264339838667,11.0048411944915,0.00351595222670489,0.0253671415188712,"B0546.3"
1.24761174375176,3.29795636633911,11.0083960226056,0.00351790411570894,0.0253671415188712,"nhr-62"
-0.354798079981231,7.88402521973672,10.9991558182001,0.00352273174929357,0.0253813678954369,"ogt-1"
0.833745959235425,4.25425800167254,10.9852902452879,0.00354019323494492,0.0254865247383767,"C08B11.9"
-0.460932325932459,6.14622054113568,10.9689098381472,0.00355958231602003,0.0256053773234094,"C44C10.9"
-0.387657412098287,7.98510269990455,10.9555938006297,0.00357588236806333,0.025701835193574,"tps-1"
-0.476606533708944,5.78106390749883,10.9504754891077,0.003582251220422,0.0257179154526806,"ugt-28"
-0.739742044663079,4.57113480105624,10.947971996434,0.00358567017547304,0.0257179154526806,"usp-46"
0.850580778582967,4.30951092585546,10.9472191248145,0.0035867973412804,0.0257179154526806,"F56A8.5"
0.359204876486778,7.40918640453687,10.9357651930752,0.0036003826105804,0.0257945219908705,"abt-4"
-0.484435979150756,5.89010871193803,10.9065486730413,0.00363684866493338,0.0259757529612621,"bub-3"
-0.572928151175406,5.70210820090422,10.9056504720375,0.00363799690090753,0.0259757529612621,"ugt-49"
0.444201347409852,6.22261107446234,10.9055061607939,0.00363813854442123,0.0259757529612621,"ufd-1"
0.383126065142607,6.91125638512021,10.9034536278765,0.00364069758908552,0.0259757529612621,"rbpl-1"
0.584048023984992,5.53126786009602,10.9031901364524,0.00364110001210347,0.0259757529612621,"xpb-1"
-0.781141380388886,4.28043508453907,10.9019543691506,0.00364320818160992,0.0259757529612621,"ztf-2"
0.710968771157421,4.60948415412284,10.8767683795959,0.00367469391466292,0.0261792496756955,"pgp-6"
0.581143080121141,5.33919528604955,10.868236934958,0.00368529566333283,0.0262337580005542,"tbc-2"
-0.373317153691398,6.72178000960513,10.8633245989866,0.0036914571787424,0.0262522750764207,"dep-1"
-0.323851086295484,7.50417487408964,10.8603264292391,0.00369526209622837,0.0262522750764207,"C15C7.5"
-0.373024841746046,7.93413314074682,10.8591513795654,0.00369675496520962,0.0262522750764207,"plin-1"
-0.43721662090954,6.73639069882579,10.8514757467756,0.00370659403174549,0.026301139294692,"lips-10"
-0.405689206752481,6.86639041231816,10.83464612091,0.00372821040020531,0.0264334279650921,"F09C3.2"
-0.862827698603008,4.06788870171181,10.8265022625812,0.0037396952386028,0.0264735848358845,"W02B8.2"
-0.673493586969547,5.01622632212656,10.8257885258356,0.00373982932784512,0.0264735848358845,"fat-5"
-0.449977356161724,6.66091297857414,10.8220892722614,0.00374443512313133,0.0264851015749886,"C05C8.7"
-0.519318907424049,7.00050511171346,10.7968928105672,0.00377721665043877,0.0266957338943172,"rpl-41.2"
0.36930221881514,8.11715893191208,10.7942944146352,0.00378059311504488,0.0266983744129182,"acs-1"
0.39495632839901,7.03761364482684,10.7869622868917,0.00379022505623992,0.0267451515674834,"mel-28"
-0.611880043894158,5.11324108403904,10.7805982058578,0.00379874529983864,0.0267840162259043,"lron-10"
0.494832244064855,5.7197592028086,10.773386844237,0.00380814026610431,0.0268289818589013,"ncx-7"
-0.381009737446004,6.86364028663204,10.7644416005251,0.00381991639462434,0.0268856078729503,"F09G2.2"
-0.324024254012937,7.52633536638913,10.7612991257177,0.00382406252886298,0.0268856078729503,"smc-3"
-0.612087844643271,6.28186648322007,10.7604288512249,0.0038252495736455,0.0268856078729503,"F23F12.12"
-0.332451022176792,7.43740539954235,10.7524673453553,0.00383579294833126,0.026938416353565,"rps-22"
-0.57208236668944,5.34740952114794,10.7480932169115,0.00384173138962477,0.026958826981179,"grh-1"
0.654950142160037,4.80671021412621,10.734824205921,0.0038595983746678,0.0270628463321541,"wrn-1"
0.308524187015305,8.89301559623052,10.7202669865752,0.00387887864768502,0.0271766036694779,"cri-3"
-0.459680997107955,6.00518340190393,10.6963553055644,0.0039112838661421,0.0273820668140704,"F07C6.3"
-0.394899361268602,6.68904592308131,10.6852079571389,0.00392644483061457,0.0274665782761559,"pho-9"
-0.602625519630663,5.20401497733837,10.6789928225217,0.00393507067703373,0.0275052778219394,"tost-1"
0.477342749454677,6.05670516031717,10.6693857535786,0.00394813134379643,0.0275748906344808,"clec-17"
0.701460205581742,4.81914663333513,10.6612542928281,0.0039595423379319,0.0276171571596346,"crn-5"
0.533739669153532,5.35258723157096,10.6605250714546,0.00396039538618087,0.0276171571596346,"F10B5.8"
-0.369416312425823,7.38674472161832,10.6553093599461,0.00396748058005809,0.0276448823176304,"tag-196"
-0.372317952318611,7.56721670013362,10.6471270924732,0.003978794522224,0.0277020063407154,"rab-5"
-0.363700372937414,6.98570925180177,10.6336422579956,0.00399754084200747,0.0278107477513994,"C18D11.1"
0.614150324014963,6.0417352519942,10.6297967832746,0.00400292769347458,0.027826450447758,"gst-10"
0.622638710657441,4.92963181352352,10.6248545337695,0.00401000600891707,0.0278538776760013,"lron-5"
0.502635901570839,5.57609647648305,10.6196641238068,0.00401713003110058,0.0278815793181228,"Y56A3A.18"
0.666917374253624,4.66963887568001,10.6127417955128,0.0040270789378541,0.0279288290456012,"srv-1"
0.785601823368516,4.31566838253811,10.6106304228358,0.00403032281225011,0.0279295402367231,"E01A2.5"
-0.441613028674665,6.37832162961843,10.5959224800548,0.00405047081648749,0.028047302203575,"R05H5.3"
0.623173842753725,4.91658971127645,10.5852138500981,0.00406583379035492,0.0281317729416697,"rpap-3"
0.405381421692372,6.47021343045176,10.5827959502738,0.00406906418394029,0.028132231461441,"ttc-4"
0.707343424682851,4.41978435327024,10.5592897511256,0.00410307668472193,0.028345341727943,"nhr-135"
-0.68203904287321,5.79086752507214,10.5517782277597,0.00411343369424956,0.0283948283971839,"acox-1.2"
-0.72532689390002,4.40321538287708,10.5357245968869,0.00413705844864213,0.0285357538144897,"K02D10.4"
-0.259507270893541,9.71728967425293,10.5302678036286,0.00414440545452017,0.0285642704621231,"C49C3.4"
-0.65419660065271,5.31499813295888,10.5210154233911,0.00415798715461518,0.028635680706184,"C09E7.4"
-0.356236112232748,7.72164844680313,10.5154755883261,0.00416591997270207,0.0286681071805682,"qdpr-1"
0.381514030631139,6.86751761742466,10.5082037398359,0.00417655650226217,0.028719074912307,"T14B4.1"
-0.854572572329364,3.90966458355807,10.4826570095893,0.00421548847171611,0.0289643802179505,"F41E6.7"
-0.449656368175802,6.85047732792355,10.468639688395,0.0042348556830816,0.0290749821453888,"ttr-2"
0.626949535230959,5.10010654569308,10.4563346361701,0.0042533326055979,0.0291793057070763,"tmem-135"
0.29945147868219,8.23500967594148,10.4313367115594,0.00429062502422725,0.0294124495685463,"F37C4.5"
-0.54690063167636,5.37573412364102,10.4262400282345,0.00429844140757385,0.0294433301654385,"Y73B6BL.27"
-0.316337777592272,8.38357469643035,10.4199231184345,0.00430785979877353,0.0294851281531143,"tep-1"
-0.380464818089423,6.59206934721833,10.4152852077396,0.00431491772462288,0.02951071806894,"panl-3"
-0.488080906286017,6.20847034558016,10.4116797293338,0.00432040164926333,0.029525511962798,"R05D3.2"
-0.512910017058554,5.83570246284541,10.3682329912577,0.00438695382651494,0.0299573014374381,"cdk-1"
-0.357221785182778,7.01660867497779,10.3604527522694,0.00439894334461884,0.029969110480501,"col-39"
-0.395960764584927,6.63795530491271,10.3581838448819,0.00440246639517981,0.029969110480501,"pqn-70"
0.984939501671559,3.7593168819872,10.3594244752529,0.00440248821548792,0.029969110480501,"Y43F4B.9"
-0.427643787615017,6.18856996375588,10.3580257460312,0.00440272659147477,0.029969110480501,"slc-17.6"
0.547381810806876,5.2875527662604,10.3562775528413,0.00440553676729443,0.029969110480501,"R12C12.7"
-0.609080072808916,5.00435570624049,10.3428866308349,0.00442645317387537,0.0300883755114113,"rhr-2"
-0.50106086640012,6.63824472379305,10.3374143228228,0.0044348003526428,0.0301220855121063,"nep-26"
0.372015407487556,7.54927533438445,10.3331106864952,0.0044415092757382,0.0301446251683881,"Y73F4A.2"
0.692108729833009,4.52699514712129,10.3235013259195,0.00445702367276396,0.03022684780667,"B0252.3"
0.51769719231487,5.47399537001798,10.3077758203356,0.00448148026865929,0.0303695434974465,"let-611"
-0.656084712701666,5.52949844977804,10.3052844273232,0.00448542437729851,0.0303731212022552,"osm-10"
-0.311372138471399,8.32026648555277,10.3027041850757,0.00448939471313427,0.0303768709242594,"mdt-15"
-0.349251810839365,7.18723140968026,10.3005423282492,0.00449284186403867,0.0303770775765535,"cysl-1"
-0.322912725377428,7.61824155420932,10.2879665850083,0.00451282313413184,0.0304889897306734,"top-2"
-0.677162480753622,5.01888285505384,10.2681235715747,0.00454479946227904,0.030681709961369,"ippk-1"
0.392250338592533,6.82968205583014,10.254223542835,0.00456697938014499,0.0308080528595365,"flp-18"
-0.487064275101168,5.74582959307227,10.2476717900173,0.00457763008171563,0.0308564890496844,"hmg-11"
0.632031366866375,5.26261751658794,10.2400178179635,0.00459011610694569,0.0309172138688289,"Y105E8A.21"
0.295622300737067,8.44766913986859,10.2374429009792,0.00459414169172241,0.0309209036950067,"aagr-2"
-0.264436104856022,9.12132795948088,10.2305211239429,0.00460540918363202,0.0309732927773618,"pdi-6"
-0.518088557474815,5.50113439361336,10.2065089253232,0.00464485642224408,0.0312149799321029,"haao-1"
-0.458202969353673,6.17467875672329,10.1994373702545,0.0046564434570877,0.0312692135777694,"F16A11.1"
1.08741739539518,3.50173883274295,10.15456256684,0.00473510852920572,0.0317681266112098,"F28C6.4"
0.552562729402241,5.83521621043464,10.1505742895167,0.00473788503953033,0.0317681266112098,"grk-2"
-1.01151808815746,4.06660260768097,10.1094244416495,0.00480893349256741,0.0322202167915726,"best-5"
-0.5427785330534,5.95517923879924,10.0949113463273,0.00483256515018906,0.032354169239707,"F13D11.3"
-0.989871408673348,3.54620349630924,10.0944187123622,0.00483706967992749,0.0323599597624043,"gmn-1"
0.797774284311391,4.45444986943982,10.0903699840165,0.00484087699768681,0.0323610807416792,"F42G4.5"
-0.495284484699596,5.48047162307738,10.0870055956194,0.00484624019989606,0.0323725932511464,"pamn-1"
-0.399835560991501,6.4035909565664,10.0790593816282,0.00485989146637763,0.032439410681354,"gei-8"
-0.776796980076048,5.17968613394331,10.0737125192521,0.00486931824962757,0.0324735769471846,"F54C9.11"
-0.393206562962227,6.7175202660698,10.0718863586174,0.00487231488556341,0.0324735769471846,"F17H10.1"
0.657330799017761,4.74606283072001,10.0402084632618,0.00492795290583996,0.0328045193177785,"nol-9"
-0.689292765675841,4.93475435574034,10.0393794492476,0.00492934853318548,0.0328045193177785,"ptr-11"
-0.656298550959649,5.05639839249705,10.0319335097575,0.00494241136187473,0.0328668507243293,"ttr-30"
0.362405447118667,8.31081715444923,10.0206766282057,0.00496207458452306,0.0329729485283965,"dct-18"
-0.568693618264843,6.26094996451996,10.0164525117746,0.00496961204352692,0.0329859650972042,"D1086.5"
-0.472190462097558,5.71684024928664,10.0154385782607,0.00497145351819296,0.0329859650972042,"catp-1"
-0.290085628091589,9.1733453110714,9.99562316512535,0.00500667221905897,0.0331948715135372,"rps-2"
0.410905834982732,6.29491040848488,9.97758387967426,0.00503910707771628,0.033385023120697,"dmd-7"
0.454160554768862,5.82289399709523,9.9703860463028,0.00505212392571244,0.0334463394069317,"T05H4.10"
-0.966577146795096,3.61562032424993,9.96886829024439,0.00505798412981353,0.033460220906378,"nhr-23"
-0.596492481243325,5.4164700342149,9.94949655929625,0.00509009734058638,0.0336476248737201,"pgp-11"
0.66854702176565,4.70362407578339,9.94618115262482,0.00509637465300643,0.0336640914115009,"ugt-7"
-0.410798976336628,6.7834650638503,9.93856574949849,0.00510995129985333,0.0337287134424617,"spsb-1"
-0.350005837250169,7.04856430729319,9.9247726101262,0.00513525919747181,0.033851428911415,"egl-15"
0.270032762030285,9.76659563578909,9.92426903939485,0.00513615764272848,0.033851428911415,"ldp-1"
-0.641497451518107,5.25744758331086,9.92171402301299,0.00514103980142102,0.0338585073143958,"him-10"
-0.309805794795936,7.62873006336279,9.90415916610006,0.00517333183013979,0.0340459609931702,"spd-5"
-0.364816091816625,7.12450725078271,9.88525249737692,0.00520856205007718,0.034252459458015,"col-167"
-0.374819724724564,7.69848668010911,9.87845576182973,0.00522126875418657,0.034310643380246,"sma-9"
-0.416158413190646,6.24983277689702,9.87182763901509,0.00523375108804985,0.0343414965049201,"nas-11"
-0.295428811828607,8.07004465438809,9.86919991303227,0.00523864418852675,0.0343414965049201,"spt-16"
0.308639178872558,7.52939594548105,9.86912321657582,0.00523879733131987,0.0343414965049201,"C01B10.8"
-0.622995838648528,4.73217867530423,9.86738521137928,0.00524243261456148,0.0343414965049201,"lid-1"
-0.486255602373072,5.58212617248757,9.86573563705833,0.00524527637540001,0.0343414965049201,"F37A8.5"
0.52354699099962,5.43308038353303,9.84985577761133,0.00527531357719889,0.0345127395252946,"dohh-1"
-0.645247306603875,4.7649702967727,9.82035741545834,0.0053318120838178,0.0348567214979589,"clec-54"
-0.372802940532006,6.62152906840974,9.81684225806208,0.00533823298251592,0.0348730561701315,"vha-7"
-0.447690691408131,6.48518142523832,9.79812962870078,0.00537432784604613,0.0350394403596158,"agxt-1"
0.375960949859508,6.70180778855984,9.79664505660421,0.00537719635546779,0.0350394403596158,"cgp-1"
0.37999109979856,6.55803984526021,9.79296668893494,0.00538432997312831,0.0350394403596158,"nol-16"
0.367978421521616,6.8856639111257,9.79292313065737,0.00538440710129751,0.0350394403596158,"rpb-5"
-0.386583568180054,7.29082576319403,9.79249793799244,0.0053852201808078,0.0350394403596158,"pfd-1"
0.520954237546264,5.9268807980352,9.7914269057652,0.00538734843905014,0.0350394403596158,"ugt-5"
-0.578274999237888,5.12982560336798,9.78111955862864,0.00540754457990074,0.03514508688589,"sams-4"
0.84747831635296,4.02971922575214,9.77712764754252,0.00541633900890248,0.0351529185620592,"F14F9.4"
0.607126985277668,4.9343963165592,9.77647885306744,0.00541665711731201,0.0351529185620592,"B0261.8"
-0.403304464086532,6.90140089108252,9.77429679468306,0.00542067684182845,0.0351533463170654,"C41D11.3"
-0.822629400172003,4.2820790141728,9.75676197528036,0.00545589574751433,0.0353559541480684,"ugt-4"
0.257693392121077,9.39746663444858,9.74162463958319,0.00548492355297851,0.0355181757534829,"alh-1"
0.785631290643669,4.50582999804494,9.73610129970836,0.00549642900457646,0.0355667760405308,"R04B5.6"
-0.454053997208658,5.89066391902908,9.72745328680809,0.00551314192685162,0.0356489780884638,"tyr-1"
0.328171656884425,7.59809169194884,9.72018161513023,0.00552757945421855,0.0357163582321636,"hprt-1"
-0.575308193378329,5.17149062360504,9.71091805689068,0.00554631484058915,0.0358045957449526,"Y2H9A.4"
-0.46743580846939,6.47689647842795,9.70935439132562,0.00554928949910524,0.0358045957449526,"vps-51"
0.36325850060033,6.62731753130495,9.70400736999724,0.00556002294960084,0.0358225487449887,"hyl-2"
0.817715351647185,4.28844656062004,9.70311099463019,0.00556258277727454,0.0358225487449887,"F01D5.3"
0.627053517489202,4.89088539868071,9.7020803809866,0.00556415924157344,0.0358225487449887,"ZK550.2"
-0.311009909939484,9.64313738584853,9.69828909710308,0.00557149478733501,0.0358438206615018,"cct-2"
-0.531094385917396,5.18050571785165,9.68932798673311,0.00558978580860456,0.0359354921361556,"aman-3"
-0.579157780229328,5.01591763786577,9.68216041908169,0.00560436298558271,0.036003172908104,"evl-18"
0.991732611181821,3.53165363543149,9.67739922562068,0.00561751136247683,0.0360615837716834,"F19B2.6"
-0.40156362325302,6.47207479013159,9.66847589921655,0.0056319796872805,0.0361283776331969,"K04G2.9"
-0.593574079692878,4.92674176401732,9.66179432894595,0.00564587743666025,0.036168648084722,"aman-1"
-0.608038068885212,4.89128390795948,9.66155011245907,0.00564639338000159,0.036168648084722,"ttr-27"
0.296000366661066,9.666471914528,9.64998733389678,0.00566978530291097,0.0362923406250406,"pept-1"
-0.655174240340059,4.57999659253482,9.64572270792031,0.00567905636681955,0.0363255324873328,"tsp-3"
-0.339318690171332,7.48264242523446,9.64246228692361,0.00568528683434398,0.0363392417283626,"scav-3"
-1.0339641632411,4.04512741553916,9.61549962810093,0.00574270888133337,0.0366691000951854,"glc-1"
0.327628014873619,7.24413480014166,9.6135947730036,0.00574514187747084,0.0366691000951854,"hgo-1"
-0.943721458595195,3.90080357018264,9.607541280047,0.00575964656738474,0.0367090243156418,"nlp-28"
0.383750446160491,6.42981526399884,9.60665483757731,0.00575965458557196,0.0367090243156418,"ppw-2"
0.604735624167811,4.93176593965709,9.60330050297068,0.00576691543112547,0.0367289721333356,"cdk-7"
-0.317146359199523,7.84424900435039,9.59963416268313,0.00577431511091751,0.0367497749829403,"trap-3"
-0.351321874371192,7.53591534150035,9.58532745590391,0.00580441269458701,0.0369111508125824,"F13E6.1"
-0.50205998137522,5.39817990384037,9.58370534361634,0.00580797435460609,0.0369111508125824,"fubl-3"
0.517136245983367,5.90678067159551,9.57797167940314,0.00582001346212346,0.0369612426369569,"F44G3.10"
0.389309707875833,7.06597038658723,9.5534446379698,0.00587211546564801,0.0372551915837174,"xrn-2"
0.30641441722793,7.73012952714867,9.55223257392838,0.005874679856076,0.0372551915837174,"pas-4"
-0.547121150112977,5.09705007570719,9.55007481809099,0.00587952518253856,0.0372593431204208,"K01A2.10"
-0.341926747905527,8.22037186120662,9.54289541331632,0.00589467567443167,0.0373287474511197,"T02B11.3"
0.513390881929334,5.41799356084851,9.54061472853872,0.0058997148121123,0.0373340671846907,"kcc-3"
-0.36045038346704,7.15896395515358,9.51426630274276,0.00595649403388791,0.0376665636239669,"vps-60"
-0.587210422500422,4.87989758817618,9.51166491094364,0.00596243977809167,0.037677364653172,"Y41D4B.17"
0.493932442605642,5.47047561827797,9.50411163332212,0.00597869150696539,0.0377532288270094,"mat-3"
-0.379232630957375,6.75727005177132,9.4977261001123,0.00599253025627706,0.0378137590550456,"rnr-2"
-0.837524059552742,4.10729390591827,9.48850015203463,0.00601392384278824,0.0379131088060516,"F28C6.5"
-0.561748908025905,4.99109466272207,9.4867547656302,0.00601680311836,0.0379131088060516,"tsp-12"
0.768942155842235,4.23811873828711,9.47557683810569,0.00604200069685814,0.038044920818531,"acr-8"
0.9889997969322,3.44367240585432,9.46661720513976,0.00606566233683537,0.0381440302207694,"F46F11.10"
0.582330737264232,5.41514862781567,9.46424377841366,0.00606632085616555,0.0381440302207694,"C01F1.6"
-0.651887759347117,4.5583883610074,9.45830609231636,0.0060798783969218,0.0382022606551461,"twk-2"
0.625196316734784,4.66267512583347,9.45539453112532,0.00608624346678846,0.0382152476435143,"F55A12.2"
-0.600188612138758,5.49211626191429,9.45024740023845,0.00609741192211665,0.038247122749037,"Y62F5A.9"
-0.429420383124356,6.63221374738391,9.44907392637826,0.00609992352470301,0.038247122749037,"pes-7"
-0.287882454466755,8.0153294610366,9.44254324866836,0.00611446335687797,0.0383112711106427,"let-70"
0.289130274653331,8.08928455781925,9.43122871699146,0.00613981120436907,0.0384430009986235,"sptl-1"
0.341661558513272,7.22875880072649,9.4258830591773,0.00615185081090675,0.0384912776634567,"W05H12.1"
-0.400937682233646,7.19048699722652,9.4162307990698,0.00617361590082544,0.0385801105666218,"set-18"
-0.758175287248744,4.08650252235857,9.41626836235755,0.0061747269526828,0.0385801105666218,"sqst-5"
-0.320854755747409,7.67622358513918,9.41053889923935,0.00618647541424124,0.0385985987293748,"clec-72"
0.370790799538185,6.68533147035883,9.40968877954212,0.0061884290895636,0.0385985987293748,"ddx-15"
0.715131500714261,4.18307168666997,9.40802452627316,0.00619311048171684,0.0385985987293748,"nlp-6"
-0.525204303787319,6.07378391250129,9.40677944409711,0.00619505121885252,0.0385985987293748,"knl-2"
0.513687796302115,6.0269917956516,9.39632971611986,0.00621880278660249,0.0387194506832512,"mth-1"
-0.549508002992105,5.61604671502757,9.39319910448252,0.00622599102691338,0.0387370792304316,"F56C9.8"
-0.318108013007291,7.510943889048,9.3874295101343,0.00623905593083746,0.0387788932168445,"uggt-1"
0.51669879625077,5.19790496234091,9.38647300045769,0.00624143473099814,0.0387788932168445,"C48B6.3"
-0.459057506237848,5.85677796989701,9.37617163244808,0.00626492139544214,0.0388797541387735,"F17H10.2"
-0.552749725079394,5.30904701839516,9.37556367005999,0.00626641409075047,0.0388797541387735,"ccm-3"
-0.311248607589869,7.54170310395094,9.36975712998447,0.00627960049126028,0.0389343988617819,"Y54G2A.26"
-0.65426733243904,5.32480750589493,9.36637701274425,0.00628756025877871,0.0389565841538686,"Y53G8B.2"
-0.316871522211403,7.76136399090648,9.35491054199921,0.00631388102822941,0.0390924207674009,"ogdh-2"
-0.35139898375706,7.70366303685576,9.35205954735671,0.0063204964505576,0.0391061474891494,"bca-1"
0.309618408873796,7.90610515625567,9.34719586868244,0.00633177981071473,0.0391487164791827,"rhr-1"
-0.363486082562858,6.89371649524681,9.33558555231961,0.00635885691928235,0.0392888094991934,"cpi-2"
-0.613721203013191,4.82377034986128,9.32797038190803,0.00637700016242263,0.0393735475306247,"T04G9.4"
0.305641772743785,9.83403609134747,9.32503600086715,0.00638350738315117,0.03938637345149,"gdh-1"
-0.461405875390664,6.86465696012266,9.31751242393328,0.00640121451606999,0.0394577826692949,"B0228.7"
-0.646617226210737,4.86030545937823,9.31648341827778,0.00640395685432377,0.0394577826692949,"nhr-137"
0.562441360052956,5.01334152664427,9.31000593512963,0.00641913312407253,0.0395027422743674,"gst-12"
-0.348092443915175,8.2303436534005,9.3094655498182,0.00642013975778437,0.0395027422743674,"acs-17"
-0.280454001784461,8.28198139742484,9.29050232894339,0.00646506819309546,0.0397516744846554,"pbrm-1"
0.316753288424135,7.64025630154664,9.28719327821695,0.00647295061322156,0.0397656708697304,"ngp-1"
0.989866831074402,3.44406713801931,9.28786062559155,0.00647628966588344,0.0397656708697304,"ric-19"
-0.395753491796361,6.99771447372298,9.27566713724749,0.00650049271866799,0.0398867362054362,"sea-2"
0.340205221183305,7.31638421675078,9.26867397664674,0.00651724272028451,0.0399345280586455,"hars-1"
-0.539581024944532,6.86504697888583,9.26867001397312,0.00651726467361317,0.0399345280586455,"F09F7.6"
0.503463925464271,5.66104700060373,9.25283664261867,0.00655545830705656,0.0401408951846004,"wsp-1"
0.320409208912545,7.93739828283342,9.24193562173117,0.00658174311178052,0.0402741073687823,"rps-16"
0.640135337768927,6.0009717278417,9.23353202665483,0.00660224074484465,0.0403468401967884,"F43H9.4"
-0.964960752624422,3.84317224610014,9.23427023496227,0.00660270526221203,0.0403468401967884,"fbxa-65"
0.686157486654395,4.28173219723174,9.22951210387668,0.00661279312496895,0.0403807305453976,"R03A10.5"
-0.427871495500476,5.8328076816364,9.2201963223292,0.00663481229331999,0.0404873823609527,"F08F8.10"
0.524737514813704,5.64307271687223,9.2028763996312,0.00667739444383346,0.0407192825789598,"ubc-14"
0.499177364299259,5.57718303152008,9.20069462693894,0.00668278869807464,0.0407242455891581,"flad-1"
-0.470540612135569,5.75921348642561,9.19270937555003,0.00670250409616612,0.0408164136431595,"cal-1"
0.600712715360567,4.78867039490079,9.18933633434501,0.00671113622549751,0.0408410076529078,"F54D11.4"
0.375989083250264,6.65526291666922,9.1863139839245,0.0067182963978655,0.040856616466089,"let-858"
-0.364865679338737,7.08377905046219,9.1808184818833,0.00673194544748391,0.0408910619683389,"F53F1.4"
0.510999538098798,5.39559634719036,9.17930821029372,0.00673583283661378,0.0408910619683389,"W06E11.1"
0.348727632335733,6.94610549410702,9.17729600203805,0.00674071865749201,0.0408910619683389,"cchl-1"
-0.521062200970593,6.31910107679193,9.17546150518635,0.00674531400677374,0.0408910619683389,"F35H10.10"
0.497083581461706,5.52091145447994,9.17483569028165,0.00674695623749332,0.0408910619683389,"lsy-13"
0.287071953397154,8.52731102049791,9.16088782976188,0.00678170930207691,0.0410486528534828,"lap-2"
0.452721254533299,5.8228430306351,9.16073025903294,0.00678219222154608,0.0410486528534828,"B0361.2"
0.668885981144501,4.4943141492692,9.14275890504027,0.00682796463434141,0.0412975738530132,"C56E6.2"
0.280422987004357,10.9483622173987,9.13907945008856,0.00683666550397646,0.0413220890522465,"eef-1A.2"
-0.344581216151669,8.10253850437382,9.13617551423198,0.00684402388928967,0.0413384622280397,"ida-1"
-1.05827579139299,4.24347731123772,9.12659337999889,0.00686961510810918,0.041464866209232,"Y42A5A.3"
-0.302072619085875,7.8685856633292,9.1088925639537,0.00691356278911468,0.0417018227666341,"his-72"
-1.02119436440735,3.47152976833671,9.08915448772688,0.00697003790495001,0.0420139708562105,"gly-6"
0.45838018343604,5.90631900756409,9.08144219293389,0.00698440151988172,0.0420720283965233,"src-1"
1.02315212748914,3.70944488408653,9.07919770176244,0.00699314421341943,0.0420961714295952,"cyp-35D1"
0.681557909078745,5.07763840001098,9.06510752834379,0.00702708031083429,0.0422533869118307,"hacd-1"
-0.40898652489275,6.16518122487081,9.06438273749437,0.00702876608284755,0.0422533869118307,"ptr-14"
-0.373804339813473,7.17322943203632,9.06220188804616,0.00703442652113315,0.0422588420266181,"efk-1"
0.647294370049467,4.87462563270448,9.06006095318138,0.0070403491755601,0.0422658639567217,"Y67H2A.10"
0.252440216790388,9.73078027384837,9.05271837111573,0.00705922866135873,0.0423506086559652,"nol-56"
0.479178781773996,5.63676921006405,9.05073322293146,0.00706455933748911,0.042354010161575,"Y75B8A.14"
-0.993776913986305,3.41009849871782,9.05030307861983,0.00707196271524644,0.0423698251356173,"gmeb-2"
-0.363101292610775,6.95307741510574,9.03787805152424,0.00709831805443364,0.0424990880956023,"dpy-28"
0.457992881699275,6.00709690108254,9.02640182966689,0.00712872196656445,0.0426286728624184,"npp-24"
0.466737705579434,5.89640912430449,9.02609285750622,0.00712955084314656,0.0426286728624184,"F07A11.4"
0.439842048594,6.30044911896653,9.0049383695316,0.00718588567216404,0.0429366327360285,"chd-1"
-1.26761418629057,3.05723859831954,9.00237355702012,0.00721025716731533,0.0430533220111488,"grl-10"
-0.386508654503628,6.37272794199415,8.99245267707804,0.00721938146668706,0.04307887289954,"tag-278"
-0.499435775806736,5.58691192926673,8.97294470177645,0.007272150050954,0.0433646452736633,"tag-209"
-0.337951536204854,7.3514114100222,8.96932520811698,0.00728186017217517,0.043393444229765,"best-24"
0.327438298499541,7.27979460824518,8.96231596951379,0.00730092872394464,0.0434779352207581,"kin-10"
0.510057036532574,5.23690760280149,8.92513954964629,0.00740316696561406,0.0440375196877875,"W02A11.1"
0.337815985574129,7.52637393971454,8.92447590259103,0.00740480170208552,0.0440375196877875,"pho-1"
0.386838905763854,6.50838923464207,8.91934031632479,0.00741906323022958,0.0440928416978417,"C35A11.4"
0.525099554717079,5.40288892700528,8.91650523046137,0.00742704993508732,0.0441108222931606,"cat-1"
0.3149364540269,7.12207451316076,8.9089462450556,0.00744793311496092,0.044205322646941,"spp-18"
0.401195921053519,6.28658901761381,8.90309009056686,0.00746428812902931,0.0442728390628416,"scav-5"
0.254975823435011,9.11963163868033,8.89233868652336,0.00749431406625238,0.044394950310095,"lam-2"
-0.753782600511569,4.75501651908562,8.89145923358726,0.00749726056274853,0.044394950310095,"cpt-5"
-0.395569495695329,6.88853014835689,8.88967017067251,0.00750184083865674,0.044394950310095,"F17C11.4"
0.409779934213001,5.9383675760392,8.88779153602216,0.00750716051529884,0.044394950310095,"Y17G7B.12"
0.314252857793617,8.26889012719923,8.88432356125023,0.00751683153797257,0.044394950310095,"acs-4"
-0.311613830281179,7.36179688601122,8.88330249445044,0.00751972638760407,0.044394950310095,"copd-1"
0.460535696339673,5.45049822595487,8.88327650069293,0.00751993498710615,0.044394950310095,"F36A2.2"
-0.345179357955787,6.98421923457992,8.8814979833906,0.00752482174303376,0.044394950310095,"ptp-3"
-0.673004218355941,4.3948689463808,8.87929888142018,0.00753177074311961,0.0444064812182205,"ddo-1"
0.640934075310084,5.05009212089155,8.87646858452808,0.00753925675898049,0.0444211609304808,"pmk-3"
0.442986443328352,6.10080812329415,8.86928340702122,0.00755935458674267,0.0445100805501517,"ipp-5"
-0.667065846955381,4.50744222083349,8.86034583751059,0.00758530456187556,0.0446333175775219,"B0478.3"
-0.486860872975263,5.78817220384899,8.85613771626062,0.00759671604589081,0.0446709010344016,"cdf-2"
-0.455037339743868,6.19872128436597,8.82377500393324,0.00768944625202093,0.0451606232986071,"C18H7.1"
1.08869160272468,3.78419998473567,8.82451230384153,0.00769015675110687,0.0451606232986071,"C42D4.2"
-0.570732290309001,5.59344484387364,8.80413688994809,0.00774643585341313,0.0454610964836278,"slc-36.5"
-0.485435594170177,5.84801141354944,8.79974792150798,0.00775916897446971,0.0454918721842131,"his-59"
-0.435946663600552,5.78020860391604,8.79881044154756,0.00776191318225748,0.0454918721842131,"his-32"
1.01277456749949,3.36554820189005,8.79621737228771,0.00777610936576126,0.0455450516277888,"R09B5.11"
-0.364871699010128,7.75128193178542,8.7614019693837,0.00787177241720681,0.046046113025867,"mix-1"
-0.401713194413759,6.15365913189677,8.76096221391466,0.00787313613112266,0.046046113025867,"hcp-1"
-0.327722747421855,7.11054380437729,8.75958128419226,0.00787719468140183,0.046046113025867,"dab-1"
-0.590260471560559,5.08104590081676,8.75268735946032,0.00789791816377037,0.0461369187871763,"mfb-1"
0.745437693880066,3.99775326374483,8.74500301878344,0.00792203107563771,0.0462473921822028,"tin-9.2"
-0.602540062171102,5.35033345593631,8.73798380269053,0.00794168275917699,0.0463062931190876,"C38C3.4"
0.350137477289682,6.67669877775871,8.7376468650152,0.00794253706069155,0.0463062931190876,"B0280.9"
0.48935049424641,5.70116526810971,8.73001742906948,0.00796547395622638,0.0464095864644881,"nsun-5"
0.417613736202753,6.0344612975746,8.72342212056217,0.00798526026593816,0.0464871786721413,"F53F1.3"
-0.678683923939558,5.24103128147743,8.72215113338303,0.00798924856720637,0.0464871786721413,"F18E3.11"
-0.308609784396451,7.18936073077064,8.71103991514672,0.00802258688279787,0.0466506343851903,"T04C9.1"
-0.445406425394998,5.90134327252949,8.70597768650635,0.00803797859720555,0.0467095867370945,"moag-4"
-0.39723276766121,6.24299333076003,8.70355925164124,0.00804529028246928,0.046721538799108,"cysl-2"
-0.370175238482562,6.42608750963054,8.69652345760643,0.00806666887869796,0.0468151129246107,"ZK484.3"
0.538121013910435,5.2126035747506,8.69358721848848,0.00807579307192591,0.0468374926304588,"tbc-16"
0.513379826857545,5.29004119768855,8.68294672892356,0.00810827450453943,0.0469766693519337,"rrc-1"
-0.529323207033712,5.30665058161999,8.68143350813793,0.00811290889651759,0.0469766693519337,"ttr-53"
0.662248560244734,4.563098504046,8.68067047229014,0.00811564099927681,0.0469766693519337,"calm-1"
-0.352695405022708,7.71080988463308,8.67072560247933,0.00814559595246991,0.047119384263767,"col-144"
0.380734412815623,6.70283762021122,8.66739239326061,0.00815589493400989,0.0471482846932912,"6-Mar"
-0.631768121954254,4.62189076944535,8.66132709783212,0.00817514203170059,0.0472288419778102,"F10D7.3"
0.266598395188806,8.91473653728391,8.65589551744431,0.00819137020724381,0.0472918652679251,"gst-1"
-0.300018915659627,7.23967256943143,8.64629884335591,0.00822118159975218,0.0474331769003223,"agl-1"
-0.663366891725284,4.27960253372124,8.64453304488425,0.00822764221579895,0.0474396672766981,"F23F1.7"
-0.94020036430724,3.42630647513793,8.63130832842726,0.00827426406659192,0.0476775643655662,"C01G5.25"
-0.450936122465756,6.29620923357194,8.61405224972621,0.00832217906732045,0.0479225997976335,"F53E10.1"
-0.289079083780111,7.55006975135726,8.6104657039992,0.0083334431343033,0.0479564031761104,"pssy-1"
-0.94232056027293,3.64187178277132,8.60940616711095,0.00834072797258782,0.0479672783986276,"kbp-4"
-0.679420801879545,4.76881957740652,8.60614825235073,0.00834755402504657,0.0479755028032896,"Y75B8A.3"
0.391292450208128,6.12560168377235,8.6033779767976,0.00835591236089062,0.0479925173130998,"C24A3.2"
-0.481958963937231,5.70414585629287,8.59811756525917,0.00837264344289646,0.048057568012132,"suox-1"
-0.565615753879185,5.04153304199433,8.5765115034016,0.00844171771845663,0.0484227820869664,"B0546.4"
0.510044359907299,5.33620992051604,8.56737914392622,0.00847090347398846,0.0485556410188403,"smr-1"
0.599375963936466,4.75853694572986,8.56593560227108,0.00847580191893377,0.0485556410188403,"Y92H12BL.4"
0.410758810763481,6.26921229885349,8.56076747083603,0.00849205793493841,0.0486174417897859,"cyp-33E2"
-0.842774618376879,3.7708365902537,8.55375497068521,0.00851743098484848,0.0487313248946511,"cbp-2"
0.715909633222835,4.56283549742462,8.54090964702713,0.00855692818913943,0.0489258189901213,"nex-3"
0.963968595649415,3.47451090185163,8.53699133524963,0.00857432809280607,0.0489854454102892,"mul-1"
0.433407281204881,5.74539719942548,8.53416099564615,0.00857837571744689,0.0489854454102892,"haf-2"
-0.507420048410273,5.1342122467714,8.52985504742513,0.00859259486713013,0.0490107915519474,"chaf-2"
-0.554314219145262,5.3514715255515,8.52945272332961,0.00859383916651513,0.0490107915519474,"C27D6.12"
0.370659876509613,6.3215489599453,8.51280167432226,0.00864829419900605,0.0492694418953209,"Y10G11A.1"
0.316432027861801,7.41488112584655,8.5107489956861,0.00865501375402113,0.0492694418953209,"alh-5"
-0.609508282189446,5.05803081988422,8.51059542556869,0.00865581692053664,0.0492694418953209,"C37C3.7"
-0.452499351823705,5.48286445144932,8.49435333687423,0.00870934637368044,0.04954241753576,"T21D12.12"
0.271619762923084,8.11189810305451,8.48899136651,0.00872698230538539,0.0496109972360496,"sars-1"
-0.790858772284246,4.20790595095745,8.47635176018215,0.00877034571796422,0.0498256509766261,"T10H9.8"
-0.83024634505975,4.0165228043305,8.46550163590066,0.0088072356827662,0.0499899081532512,"nhr-132"
0.521945058672173,4.96497002813323,8.46409932326113,0.00881050343899951,0.0499899081532512,"pdcd-2"
0.531231639053257,5.12880350528822,8.46093194241404,0.0088210834198899,0.0500180182947966,"clp-2"
-0.345252309367342,6.92459495164846,8.44968023711476,0.00885879278138598,0.0501998257611872,"lbp-5"
0.399251997881333,6.25503536691745,8.44379084460714,0.00887874980895737,0.0502675005997589,"prp-31"
-0.318259860876668,7.07044041830426,8.44281086350575,0.00888204290206066,0.0502675005997589,"sod-2"
-0.417937200836658,7.47841553092128,8.43194177736197,0.00891895713420226,0.0504204913374838,"F26F12.3"
0.594145605431432,4.94113008965414,8.43161389560043,0.00892041759912969,0.0504204913374838,"fmil-1"
0.34827904092082,7.44802265433584,8.41774540269102,0.0089674541098014,0.0506316201172881,"B0511.6"
-0.482397171193717,5.39364644616919,8.41694100717786,0.00897038511950029,0.0506316201172881,"smg-5"
-0.374803849296047,6.91879355822406,8.4155930572802,0.00897485471879947,0.0506316201172881,"F08B12.4"
-0.495041283920534,5.78229401003941,8.41089748002636,0.00899105118286922,0.0506908281971403,"K02E11.5"
-0.246768337538373,10.421744316428,8.38878954374325,0.00906726680933245,0.0510881300391475,"pck-2"
-0.399951748793597,5.98916521164467,8.36245312917474,0.00915923719070176,0.0515736401915956,"abts-4"
-0.369939232075315,6.25904592557134,8.36028875402626,0.00916681475364926,0.0515836392244909,"F08G5.3"
-0.736083255258892,4.25235350055484,8.35601673425765,0.00918291788191586,0.051641570454215,"ent-6"
0.600348457647903,4.51063540229551,8.35186693880541,0.00919705372102556,0.0516883720819458,"ate-1"
-0.495219612628792,5.46002506273412,8.32084668368331,0.00930661394023059,0.052271070462786,"mig-39"
0.462829146727566,5.4508787510231,8.31076650345675,0.00934268904148069,0.0524115029507197,"F48E8.2"
0.873105771679175,3.69688342256452,8.31140105668568,0.00934340706072328,0.0524115029507197,"Y34D9A.3"
-0.578526010529004,4.94725443749765,8.29508568612409,0.0093993310885559,0.0526919626156056,"M28.8"
-1.08468837247451,3.31409082124643,8.29356974929886,0.00941483031952437,0.0527414806344057,"hpo-36"
-0.60880495182301,4.64030315199108,8.28942055316088,0.00942002825862515,0.0527414806344057,"atg-16.1"
-0.438228422293846,6.01411601482137,8.2803110243433,0.00945255933641171,0.0528903115544598,"K02A6.3"
0.39782859006254,6.16791455740884,8.276359776556,0.00946691794780435,0.0529373380339173,"madd-3"
-0.482414910818414,5.53897593615257,8.25741149196327,0.00953627291359318,0.0532916420331596,"F41E6.12"
-0.230458690275607,11.1642747360166,8.25259005797982,0.00955381631432069,0.0533561437503927,"let-805"
-0.435346481504715,6.03165107357485,8.24993564353725,0.00956367224014846,0.0533776584351287,"M7.12"
-0.706011090259831,4.87746011668222,8.24426626437295,0.00958493843475749,0.053462790227998,"T04A6.1"
0.261442038996954,8.00761301201251,8.24042909968431,0.00959866279177778,0.0535057748474584,"F53F4.10"
0.710900157276773,4.05776039587555,8.21931046797623,0.00967860200999721,0.0539175754830108,"Y116A8C.13"
0.41914749898377,5.91134477797056,8.2156414218493,0.00969088914112692,0.0539522200086158,"B0035.15"
-0.695746966723524,4.29620094706332,8.21129766322657,0.00970812504022962,0.0540143552770222,"grdn-1"
-0.341896767305929,7.2480885746638,8.20666365847359,0.00972443731792192,0.0540703967179576,"unc-45"
-0.424905126096377,6.10943122802172,8.20509819759396,0.00973036044862582,0.0540703967179576,"F28H7.8"
0.408597731007785,5.78102780668682,8.19992196623308,0.00974984467710106,0.0541448276228017,"B0001.4"
-0.628288613042343,4.50790503295124,8.19066619699525,0.00978537618720064,0.0542991117345525,"C31H5.4"
-0.789119619623126,3.80665093133471,8.18999744386424,0.00978984097519824,0.0542991117345525,"dyf-2"
-0.323482263833368,6.91437199361514,8.1711194495485,0.0098588112611385,0.0546475629194404,"K06A9.1"
-0.380888387895362,6.54827242246332,8.15998866347576,0.00990132537307426,0.0548178173365402,"lec-8"
0.302965346637141,7.95639474641533,8.15983578419293,0.00990185745613357,0.0548178173365402,"eftu-2"
-0.519053599925513,5.6074240055086,8.15718805967033,0.00991215307713742,0.0548319726773363,"gcl-1"
0.289197756186105,7.33943824511177,8.15595597219377,0.00991674862953062,0.0548319726773363,"tsp-8"
-0.338336014342472,7.03214217467844,8.15345345778053,0.00992635948609988,0.054851001983166,"dhp-1"
-0.409732228426374,5.94859567572692,8.14106577362343,0.00997409193168078,0.0550805287978719,"C17E4.10"
0.593126799084934,4.5244020308627,8.13935253427067,0.00998130333110676,0.0550861377510057,"coq-4"
-0.319728155794513,7.33475658884024,8.13102300806008,0.0100128612131165,0.055226022981277,"ZK643.5"
0.362943487910716,6.41783068023031,8.10331308564016,0.0101209415661717,0.0557875334561889,"F20G2.2"
-0.241198890878548,8.78556288078667,8.0966870900266,0.0101469082609314,0.0558960107484146,"cyn-7"
0.439421604760671,5.62087624254413,8.08824432765733,0.0101803261152462,0.0560410707152312,"cpf-2"
-0.700546367038352,4.38719965339079,8.0870515320852,0.0101858475172437,0.0560410707152312,"rnh-2"
0.332364701075728,7.03993155019439,8.08513688294573,0.0101925002621277,0.0560417457454689,"ymel-1"
0.776277366668711,4.14671145213471,8.08394204880021,0.0101985766073747,0.0560417457454689,"C09D4.4"
-0.397047061248404,6.38086678000095,8.07649564399173,0.0102267534102671,0.0561618681721336,"Y48G8AL.13"
0.52408515594704,4.92876074603389,8.06814692404419,0.0102602690608345,0.0563111433456046,"lact-5"
-0.307006303439502,7.1078449708537,8.05823288954971,0.0102994908107189,0.0564915316459603,"bicd-1"
-0.548871172721003,4.79963143561839,8.05622160752318,0.0103079876516081,0.0565032787980566,"D1005.2"
0.436837493364204,5.88852900747351,8.05149091693881,0.0103265617664862,0.0565702160602765,"C16D9.1"
0.75307298156568,3.94466034496992,8.04936787476154,0.0103369202919278,0.0565920925588238,"C54D1.7"
-0.373559393532497,6.27228214705668,8.03624473447974,0.0103878986426243,0.0568195724530135,"dnj-16"
-0.488867326903661,5.26598432736552,8.03545886496299,0.01039125236853,0.0568195724530135,"tth-1"
0.428524757726971,5.69398665402357,8.02685601187042,0.0104259528976288,0.0569721638197895,"smc-6"
0.276678182974019,7.97060983660127,8.02533946514619,0.0104319742097196,0.0569721638197895,"Y48G8AL.5"
0.394808154578967,5.9145063922844,8.02267771071445,0.0104428775330683,0.0569966999057764,"unc-120"
0.412648673492195,6.87983138149871,8.01270850433039,0.0104834104238897,0.057182823361229,"nhr-19"
-0.445976396511975,5.76510962127097,8.00981021068035,0.0104953256957654,0.0572127165916923,"crn-1"
0.30590314055894,7.35413429883694,8.0030474619661,0.0105228957237952,0.057327858995259,"asah-1"
-0.615281536686736,4.77387206144021,7.99402717981193,0.0105604229318529,0.0574904395267329,"F35B3.7"
1.01437466277021,3.41145994306685,7.99437512071251,0.0105656706992106,0.0574904395267329,"F22F1.3"
-0.469173274826806,5.74999270812621,7.98856819032644,0.0105825136928414,0.0575468680385645,"B0491.6"
0.304940568424925,8.81185181049264,7.98364152317533,0.0106027113731252,0.0576214589354866,"clec-67"
-0.447195518590503,5.43447885898973,7.97952243060294,0.010619946877563,0.057679870304467,"atg-7"
-0.638385596396639,5.06788942557726,7.97487209805938,0.0106393706552278,0.0577492512062805,"C26E1.2"
0.695100899215515,4.52852192722241,7.97343869559636,0.0106457117002692,0.0577492512062805,"ceh-13"
-0.257785366925766,8.3374708387909,7.9642745867473,0.0106830754261059,0.057916599764334,"dlg-1"
0.39039235417797,6.42615970174124,7.95578192820762,0.0107185924516625,0.058073738871256,"B0491.7"
-0.362590567443107,6.25039791178585,7.95413722176459,0.0107254855587773,0.0580756955560834,"prk-1"
0.339175271486564,6.91983947612352,7.94440423617794,0.0107662797722716,0.0582339052554015,"wdr-46"
0.612380153504157,4.67136954314877,7.94417082511733,0.0107678034236734,0.0582339052554015,"hlh-1"
0.441900997201779,5.43947950381638,7.94099492104284,0.0107807705077245,0.058268590020777,"vps-20"
-0.297616428422501,7.88822269968694,7.93918488299074,0.010788201872785,0.0582733310151468,"fkb-2"
-0.552305994063118,5.40576840120408,7.93745412504952,0.010795708872478,0.0582784745508206,"mlcd-1"
-0.340780773356527,6.77231297977423,7.93124929030935,0.0108217387637479,0.0583835432939823,"dcn-1"
-0.385742588954113,6.06665904336006,7.91447748458738,0.0108929405570107,0.0587320403228516,"abhd-5.2"
0.464458205380104,5.30215965295198,7.90494512944912,0.0109337756252795,0.0588937816729812,"R10E11.5"
0.583088097572996,4.80763412110687,7.90443771319641,0.0109361864292084,0.0588937816729812,"sma-2"
-0.310313833105192,7.1734779973689,7.89939065406077,0.0109573541594379,0.0589720555881127,"pld-1"
0.30195577842056,7.66987870045217,7.89525753622123,0.0109750584965104,0.059031606226542,"amt-4"
-0.442306904856797,5.73590657815992,7.8840074628981,0.0110236240586777,0.0592569779357338,"pcbd-1"
-0.311938634035262,7.53267998685705,7.88082832700847,0.011037228846265,0.0592942608290891,"pqn-89"
0.328244870796908,7.08187281687527,7.8791970700242,0.0110443067837424,0.0592964562888006,"F44G4.1"
-0.642344152319853,4.84459253944765,7.87237299915468,0.0110743203548869,0.0594217153140008,"T19B10.5"
0.456311797112812,5.7713972926736,7.86623767519994,0.0111005967996647,0.0595121474557448,"lec-11"
-0.373262523812184,6.25306840793536,7.86359181231638,0.0111120645160935,0.0595121474557448,"blmp-1"
-0.304366851691646,7.47077650440672,7.86320079521675,0.0111137124184817,0.0595121474557448,"E01G4.3"
-0.518903827227953,5.38588449193486,7.86227464011315,0.0111179481412656,0.0595121474557448,"hint-3"
-0.666336004224021,4.27921039291753,7.86025097854066,0.0111277278848987,0.0595286574155444,"C55B6.1"
-0.494387108389972,5.62961073218213,7.85240591908373,0.0111609804621435,0.0596706417852783,"ZC374.2"
-0.376130387373201,6.70067946233894,7.84500600053013,0.0111933063709519,0.0598075041731572,"W09D10.4"
-0.607484527163263,5.08744247407525,7.84309908678205,0.0112019792970597,0.0598178966547497,"his-2"
-0.568729489485679,4.9262789587349,7.82241754486244,0.0112933494474705,0.0602696098063985,"K02D3.1"
-0.622441492106841,4.79312376510364,7.81461980690624,0.0113280848440872,0.0604187176657347,"epg-8"
-0.469959599926417,5.89943435532304,7.78420433780826,0.0114638951794054,0.0611064100959792,"K04C2.3"
0.273923701312436,8.75587558589072,7.78195027653962,0.0114739526890844,0.0611233752897842,"asp-14"
0.387915352309054,6.06938218025157,7.77705638148764,0.0114961556859399,0.061204982157899,"rps-29"
-0.566559423855406,5.04376334480183,7.76301723640909,0.0115601430808175,0.0614426447844649,"T25G12.6"
0.323456986472356,9.25812246228879,7.76281089327038,0.0115607049178893,0.0614426447844649,"mlc-2"
-0.376477585921523,6.08737044285366,7.76263019464509,0.01156161716939,0.0614426447844649,"nipa-1"
-0.379152270208563,6.8230545260394,7.76112385880288,0.0115684385748728,0.0614426447844649,"T10B11.6"
-0.805659866062469,3.78124473153122,7.75724392724047,0.0115892169845342,0.0615162556474587,"nhr-13"
0.354698332507315,6.46758090883265,7.75304496093607,0.011605317903014,0.0615649650809651,"B0564.7"
-0.316636201245356,7.94459910050311,7.74498146708395,0.011642185432221,0.0617078198696081,"ttr-26"
-0.645047229258437,4.77494587200532,7.74424434822319,0.0116461277405469,0.0617078198696081,"ttr-37"
0.302342235393903,7.66667050356728,7.72970681777324,0.0117125052614213,0.0619911465008463,"Y54H5A.1"
0.425141250980925,5.76437549889771,7.72950689277995,0.0117135447217885,0.0619911465008463,"pdpr-1"
0.365302036298653,6.46454649186729,7.72056331654732,0.0117548760882448,0.0621728752531735,"laat-1"
0.564760258870047,4.81438542356538,7.71867280295156,0.0117640785346503,0.0621845554408892,"F56G4.4"
0.38254357990931,6.26551732447354,7.71673604389225,0.0117726516147141,0.0621928969140958,"cel-1"
-0.397173471729402,7.35936379569798,7.71318187186397,0.0117891230580198,0.0622429293995569,"osm-11"
0.291984929325864,7.82470906289631,7.70144848896687,0.0118438354725414,0.0624946831966561,"C34C12.8"
0.502143730347982,5.11140824301039,7.69552693776038,0.0118718870549404,0.0626055443686091,"exos-4.2"
0.684262357608439,4.23674614266155,7.69010722205939,0.0118982525864476,0.0627073881126888,"arrd-6"
-0.420196635299319,5.83329938146051,7.6871874235158,0.0119108590433598,0.0627366396649953,"dve-1"
-0.308682361990734,7.1355315106057,7.66412033859697,0.0120198982516956,0.0632734845209152,"lron-7"
-0.698774298667086,4.40847935108384,7.65979714015528,0.0120414445503903,0.0633493985192426,"his-31"
0.41015543583298,6.02779468406171,7.64541122550685,0.0121092777282759,0.0636685915328804,"Y39A1A.14"
0.299749482165306,6.93938824662998,7.63754804011386,0.0121469916594971,0.0638291387970384,"E04F6.4"
-0.311288249381943,7.07070563863238,7.63465725903693,0.0121609049675586,0.0638645044693228,"mcm-3"
0.613652362851992,4.6560118150478,7.63167617079144,0.0121758727324642,0.063905362729834,"fre-1"
-0.235280523303462,9.41983626609122,7.62632984698904,0.0122010479332361,0.0639997151471399,"cct-5"
0.64764712482693,4.36297930407479,7.61129221370175,0.0122750147779263,0.0643497384378197,"cyn-10"
-0.471286731809936,5.33006225363602,7.59765366233561,0.0123408320685556,0.06465665169212,"nhx-3"
-0.776267934702329,3.86373120669193,7.59643526759288,0.0123492639748893,0.0646627243820618,"F55D12.5"
-0.533141029395928,4.77454436969221,7.58991470914718,0.0123790996089797,0.0647807973063202,"ddr-2"
-0.41742393844924,5.83699326148274,7.58761500487961,0.0123899749164663,0.064799568813119,"bmk-1"
0.57596348620268,4.56817560585572,7.58602777248581,0.0123983882625702,0.0648054497604419,"dnj-18"
0.787433830464236,4.01918427623755,7.57344956852557,0.0124616725031662,0.0650979613546715,"nlp-43"
0.57531887833939,4.61799714302336,7.56695384733257,0.0124926258581745,0.0652173788994514,"D1053.3"
-0.613167969013665,4.37905520289779,7.56549328173851,0.0125002383260919,0.0652173788994514,"T22C1.11"
-0.426418408397833,5.61034765993718,7.56405161672038,0.0125065381873315,0.0652173788994514,"gmeb-1"
-0.317589116735539,6.89414197432828,7.55494968917466,0.0125517493807634,0.0654147735898988,"K07H8.2"
0.397371330895548,6.11567889876425,7.55332543040422,0.0125598989900093,0.0654188997774883,"B0379.1"
0.740249495707442,4.09897685136534,7.54311061163701,0.0126125955221577,0.0656549102971336,"tag-342"
-0.25425035414069,9.26696948365967,7.54117972099701,0.0126206328033994,0.0656583067612778,"rpl-12"
0.455125937889408,5.40411124267175,7.51194340014616,0.0127686290263957,0.0663894039027391,"Y41E3.1"
-0.534820979836556,5.21113753939018,7.50736523633045,0.0127920274885216,0.0664721895969873,"swt-3"
0.33370130128315,6.92992943681831,7.50556504707195,0.0128009504183256,0.0664797022017132,"mans-2"
-0.305766360792847,7.05956805223741,7.50290315291446,0.0128145359690188,0.0665114064801788,"C18E9.9"
0.41018863555489,5.8099620154654,7.4902710939724,0.0128793233629959,0.0667768017144974,"ctf-18"
-0.598277564101675,4.74839979225112,7.49009794177038,0.0128806900169118,0.0667768017144974,"pho-8"
-0.673841988860138,4.33068865428825,7.48405089270941,0.0129123628435858,0.0669019918661547,"lir-2"
-0.345124649779291,6.36426033398601,7.47426628214427,0.0129617814625892,0.0671189277716251,"efhd-1"
0.425390878700953,5.94587500956103,7.47236183517783,0.0129716735572423,0.0671218915954511,"cmk-1"
-0.428881040477233,5.52337253296477,7.47126326496555,0.0129774526659071,0.0671218915954511,"kin-15"
0.234723542116316,8.80953443114149,7.46920518210035,0.0129879209158239,0.0671369795712734,"F44E7.4"
0.616600674669567,4.53852323064759,7.46528833154027,0.0130090416716511,0.0672020953515027,"smgl-2"
-0.367971424533608,6.054611657805,7.46388595369872,0.0130156347087265,0.0672020953515027,"gei-13"
-0.255041044089836,8.15043143029314,7.45873213128065,0.0130423586609909,0.0673009929511724,"ZK686.3"
0.464677432865235,5.29156461473089,7.45673348541741,0.0130530448320339,0.0673170658942073,"Y71H2AM.1"
0.641530827447044,4.49740308822208,7.4476500123504,0.0131010902073564,0.0675256771209308,"ari-1.4"
0.816786368834605,3.95221511804325,7.43061397248627,0.013192049078156,0.0679551033336529,"Y55F3AM.5"
-0.843251651738199,3.76846897844415,7.42596527242833,0.0132178890944699,0.068048785141246,"hex-5"
0.355093381895735,6.23356765924713,7.40198114358039,0.0133418934805016,0.0686362961141714,"ape-1"
-0.751169389902601,3.81810988987765,7.40149135637777,0.0133474475291196,0.0686362961141714,"F13D12.10"
-0.396649700828971,5.89469320110179,7.38747131763153,0.0134197236052282,0.0689508999792264,"sul-2"
-0.804814656031501,3.78287154169603,7.38725733204176,0.0134241376520122,0.0689508999792264,"ZK1010.8"
-0.466410310581968,5.41214042386015,7.38289340292509,0.0134444885107631,0.0690155585157012,"cdr-7"
0.263581515561755,7.63855035234196,7.36158144415532,0.0135596899019545,0.0695667645229531,"abcf-1"
-0.244953265437525,8.05984941406686,7.34945447434408,0.0136258556170261,0.0698659067422024,"F14E5.2"
-0.803374239503112,3.78275353086231,7.34696174616836,0.0136429082139387,0.0699067408153441,"F52D10.2"
0.667339782737741,4.45835943076473,7.34529984254714,0.013649544714367,0.0699067408153441,"ets-4"
-1.02587652134553,3.37928380975247,7.34528154836078,0.0136589465040137,0.0699146190945225,"ins-3"
0.389636498869387,5.82107161766911,7.33612010655604,0.0136991622004258,0.0700801214752506,"Y44F5A.1"
0.242774715988731,8.51746295088963,7.33218149360907,0.0137207343081482,0.0701501142804747,"rpn-2"
0.346968161295469,6.45432495513803,7.32199554241355,0.0137771025536747,0.0703840543880937,"nlp-18"
0.39862328790153,5.66148370893812,7.32106942800348,0.0137823235507447,0.0703840543880937,"Y54E10A.6"
0.838034625978931,3.87645984343773,7.31046577130007,0.0138437902893385,0.0706573705295685,"B0252.1"
-0.368038544275862,6.3217716244995,7.29238773017037,0.0139422342326423,0.0710790709520552,"hrpf-2"
-0.545980878657493,5.44556420143185,7.29238520257661,0.0139424024002232,0.0710790709520552,"smp-1"
-0.357682256172839,6.4181424346761,7.2852655061667,0.013982277539133,0.0712287105532385,"spr-2"
0.514824043098445,5.215558771695,7.28340525390567,0.0139929974808917,0.0712287105532385,"spe-48"
0.404342029077636,5.91993317143101,7.28287528846782,0.0139957887005407,0.0712287105532385,"T20F5.6"
-0.361981001241879,6.41026342756293,7.27769540619177,0.0140249885486627,0.0713364835161099,"cpn-4"
0.303890061831981,7.43161328774983,7.27601120811082,0.0140344654915653,0.0713438723187575,"lpd-7"
0.313571105173623,6.5718299133285,7.27236855661434,0.0140551206526505,0.0714080444129806,"snr-7"
-0.300727480196419,7.00139818845788,7.26845371663555,0.0140773030723316,0.0714798981245574,"H24G06.1"
0.729393106788951,4.19335145726872,7.26323349721166,0.0141084042776753,0.0715969306123352,"comt-5"
-0.372984539410889,5.89814951083914,7.25769945207329,0.0141385577402126,0.0717090227428583,"clc-1"
-0.263216351509867,7.99466602826591,7.24851327556585,0.0141909356456089,0.0719336424316472,"gtl-1"
-0.305596670386038,7.46704954605526,7.24562564474181,0.0142075042082585,0.0719765925445166,"ubc-9"
-0.300905797580943,6.99746787158496,7.24073946949439,0.0142355790085625,0.0720777522580462,"cyn-3"
0.750462730959315,3.69581158003311,7.23508975008231,0.0142716625183587,0.0722193235348478,"T26C5.4"
0.6754050395543,4.29595864967576,7.23110895763967,0.0142922281715775,0.0722822529428305,"zip-10"
0.478023110344578,5.03964885726433,7.22688059741716,0.0143158205593388,0.0723604096606489,"col-94"
-0.999981504093748,3.26091916073923,7.22608819754186,0.0143333065883092,0.0724076300435552,"ani-3"
0.795052910161037,3.61618992217121,7.21785309212125,0.0143721601926062,0.0725626781785702,"F59E11.2"
-0.604732232703698,4.55254002391086,7.2153623397788,0.0143830628827663,0.0725765108346623,"prx-13"
-0.673009688460521,4.1158385640894,7.19564761938996,0.0144990813704256,0.0731204381534058,"taf-9"
0.28773772324127,7.56527478139737,7.18743845267938,0.0145455830636127,0.0733133667905784,"Y7A5A.1"
0.745591905226492,3.91046273659854,7.18170092353442,0.0145818556025667,0.0734545485339493,"snf-12"
-0.357736041009035,7.09826126079068,7.17951711143859,0.014592338423079,0.0734657309850482,"egl-8"
0.324165036259174,6.87284932414145,7.17764123169857,0.0146034332083208,0.0734799799972723,"C18B2.4"
0.632257361499848,4.69498899214402,7.1756142196187,0.0146160434799481,0.073501834038585,"ZK1010.2"
0.521087670486777,5.07711109006897,7.16190941925173,0.0146971264017279,0.0738678071440151,"W02C12.2"
-0.477941592728265,5.56568711148969,7.14052682235273,0.0148249217933821,0.0744680111101471,"mcrs-1"
0.717215019595579,3.86656880308879,7.13467104230685,0.01486262984521,0.0745751451097449,"F31D5.2"
-0.571112507291022,4.49504480005539,7.13432151963239,0.0148630252091405,0.0745751451097449,"orc-3"
0.764887420126472,3.67013041898342,7.11868432052128,0.0149606871914523,0.0750228256171476,"C27H5.4"
0.604613436852309,4.6654955007005,7.11600340159035,0.0149737387618192,0.0750459477628716,"nhr-71"
0.378939070557836,6.00314127672674,7.11170325316353,0.0149993255919175,0.0751318331480217,"tsg-101"
0.517542683407161,4.77197046584825,7.10325207113262,0.0150514003755084,0.0753502256411289,"lipl-1"
0.449956726247776,5.55063508735538,7.09782290853076,0.015084264904052,0.0754722561969197,"Y43B11AR.1"
-0.617284212038935,6.12033531094023,7.09548683334992,0.0150985063460943,0.0754926838012439,"F18E3.13"
-0.319787839351695,6.56528535908148,7.09314880880825,0.0151128276663616,0.0754926838012439,"jmjd-1.2"
-0.308937952798367,6.75378797973097,7.09298602946511,0.0151138203988544,0.0754926838012439,"Y57A10A.26"
-0.597944053758672,4.68590651404,7.09039078056323,0.0151304357620984,0.0755332422014693,"gly-11"
-0.366203247137908,6.42717085860167,7.08711322537006,0.0151499787436146,0.0755883619581805,"ZK632.9"
-0.315226709657483,6.52248385909722,7.08468855429177,0.0151649228864415,0.0756204875958226,"xrep-4"
0.297173606853895,6.97687506487133,7.07565769116868,0.0152207325569944,0.0758562405629131,"Y111B2A.12"
0.239743210847806,8.24727456369876,7.0716212330993,0.0152457099501605,0.0759381552755615,"map-2"
-0.406049461700781,5.57692188681871,7.0681106996082,0.0152677098965055,0.0760051560413383,"tra-4"
0.602866531201415,4.49557562681018,7.06435526016239,0.0152917886377537,0.0760824246101109,"C05D11.8"
0.456418865353195,5.44149532422689,7.05735004748928,0.0153348010975537,0.0762537564644013,"jmjd-2"
-0.348651801163075,6.76738219558035,7.05242210918446,0.0153654457913261,0.0763555778752883,"tba-4"
0.307673359626278,7.99876176488986,7.05062778964483,0.0153766267161388,0.0763555778752883,"M28.5"
-0.420465144619324,5.66714358835135,7.04995150375487,0.015381041499791,0.0763555778752883,"clk-1"
0.434138415222473,5.61968764282777,7.04852737127175,0.0153899699959437,0.0763572674296514,"lcmt-1"
-0.337193869208074,6.4410888951817,7.04608249072553,0.0154052098286445,0.0763902513031114,"ifet-1"
-0.29140338374941,7.96911102721371,7.0431279051527,0.0154237017265747,0.0764393155245126,"F53F10.2"
0.345461736497631,6.42751145495629,7.03987778406173,0.0154442245062268,0.0764983844483914,"riok-1"
0.508883848080755,5.92961216864424,7.03718488116808,0.0154612390111752,0.0765400200714693,"T07D4.2"
0.232776523073364,9.18994741158626,7.03190137726152,0.0154944653795859,0.0766277273381918,"pcp-2"
-0.363420071652745,5.87832838928271,7.03164867414849,0.0154961932014474,0.0766277273381918,"T01D3.3"
-0.287759914394213,6.93665455341543,7.02829350442902,0.0155173408150698,0.0766896482416819,"bet-2"
-0.388435309080317,5.82944697904177,7.02473798644989,0.0155399509566441,0.076749334568285,"C11H1.9"
-0.336439635422432,6.51077381984459,7.02366626634433,0.015546682213191,0.076749334568285,"spv-1"
-0.229690409630706,9.43777031637775,7.01728597896652,0.0155871422226839,0.0769063715326761,"R08E3.1"
0.443796377252851,5.50495376513967,7.01361091439327,0.0156107648896274,0.0769109840631338,"twk-12"
-0.311110962299552,6.78838256647754,7.0134236041347,0.0156117990731434,0.0769109840631338,"nhr-88"
0.356285244845299,6.03981057959949,7.01117079834379,0.0156262129171686,0.0769109840631338,"sucl-2"
0.533543377948913,4.75224139971762,7.01097349368886,0.0156279822580357,0.0769109840631338,"nfi-1"
0.477340240732627,5.3690973191917,7.0103928369687,0.0156313292320417,0.0769109840631338,"E02H1.1"
-0.361874913139011,6.44918664757582,7.00744392528944,0.0156499795163735,0.076960159225706,"K07E1.1"
0.282344869420717,7.57587659942946,7.00270773455386,0.0156802182852831,0.0770662359173312,"K03B8.6"
0.615428965767771,4.44367210202736,6.99873448188181,0.015706681188312,0.0771536477598242,"Y37E3.1"
-0.556095907307418,4.59442804224795,6.9957617870889,0.0157255833070353,0.077203843833711,"ZK1290.13"
0.373033346822071,6.0977836417806,6.99420332957809,0.0157348839535093,0.0772068726438475,"prp-3"
-0.322811600114675,6.47513560244604,6.97515694994029,0.0158578615358497,0.0777673728159071,"gob-1"
0.392187443658194,5.73182622707052,6.96702674722372,0.0159107718024545,0.0779838324672671,"sap-49"
0.553784222149854,4.58825295972426,6.96550242079158,0.0159213426155495,0.0779926485922041,"ugt-31"
-0.423339354456446,5.43795661954665,6.96165323785147,0.0159458930358245,0.0780698981175746,"F59A6.5"
0.268138496338825,7.5554071452749,6.95951735294773,0.015959609342397,0.0780940487965061,"F10E7.5"
-0.76362065463927,3.75626553620818,6.95181723914816,0.0160137545029231,0.0783158917961988,"fbxa-219"
-0.718061520981863,4.19287422220421,6.94777224900933,0.0160382154725,0.0783923989917523,"faah-6"
0.707253800884,3.83090415057151,6.94610310797169,0.0160504176621246,0.0784089359527199,"C25E10.4"
0.585933501004123,4.67104710687416,6.94420933027033,0.0160606745517211,0.0784159568585129,"F19F10.12"
-0.665706769766652,4.34406730359613,6.93124001096696,0.0161468158179001,0.0787932708215969,"clec-5"
-0.677033183400342,4.18991649288103,6.92818777667173,0.0161674140881712,0.0788494940307073,"F01G10.6"
-0.264154610313468,7.70278599247403,6.92663365751147,0.0161760743574412,0.0788494940307073,"sptf-3"
-0.303972408376653,7.20393121208317,6.92016632318499,0.0162190648581306,0.0790157291252819,"F40F8.4"
0.528923990988824,5.01785185309189,6.90930178300614,0.0162919213904925,0.0793272032217242,"Y9C2UA.1"
-0.789711098156182,3.96228324427644,6.89985936297025,0.0163573918442989,0.0796023923851461,"tsp-14"
-0.329076846386988,6.32568001605885,6.87913756463578,0.0164946486544338,0.0802264339095026,"T04B8.5"
0.304399952448042,6.64278047075056,6.8745840437975,0.0165255322488954,0.0803326994122083,"sup-37"
0.488681341934643,5.20207010289033,6.86974948353944,0.0165586898451371,0.0804498969470567,"ZK1128.1"
0.464584130940001,5.282953394243,6.86453088852233,0.0165942319471016,0.0805785451893395,"M01G5.1"
0.515864697032803,5.91178214268399,6.85997993256075,0.0166251479979918,0.0806846019924372,"cpr-3"
0.518471884803923,5.0366012482838,6.85371707759474,0.0166683501613489,0.080850137089227,"F18F11.1"
-0.703529255515875,4.40837388111325,6.84913137809512,0.0167006048727721,0.0809624198057888,"F47E1.2"
-0.329713579409322,6.62834518149328,6.82783639083422,0.0168465805377573,0.0816255845020165,"T27C4.1"
0.265988784898952,7.71807323453675,6.82153967841848,0.016890294471007,0.0817928148920063,"twk-18"
0.649101607537534,4.09780068637958,6.8195003145504,0.016906318850748,0.0818258469798589,"glb-17"
0.34968177782022,5.96207051451602,6.81486351201336,0.0169369638071652,0.0819295675786214,"Y53F4B.18"
-0.256014455536012,8.29860912711096,6.81069842613201,0.0169659609822879,0.0820252088599901,"let-721"
-0.309605624001848,6.81583006731204,6.80150536666986,0.0170304862048042,0.082292420025497,"set-27"
0.304377938562119,7.5383401340776,6.79921755121789,0.0170465301758026,0.0823252035812388,"rps-28"
-0.354924838554728,6.03233673341702,6.79253086663526,0.017093737445467,0.0825083711333587,"tre-3"
-0.678997198130721,4.14449615194643,6.7865146716351,0.0171379597712032,0.0826769399488703,"nhr-133"
0.506406444720375,4.87808317218459,6.78244799937182,0.0171654813380941,0.082764801831342,"ccdc-55"
0.489527975099271,5.10217308131822,6.77945638384757,0.0171865610764878,0.0827861958425447,"F46H5.2"
0.48444331205734,5.08939753414228,6.77917837786572,0.0171885409431265,0.0827861958425447,"dod-18"
-0.774106567072893,3.69458742188447,6.77655079055394,0.0172112452554371,0.0828190105129149,"T01D1.4"
0.56490605864661,4.99074041939549,6.77560838236576,0.0172139839644434,0.0828190105129149,"Y39B6A.34"
0.406605557848666,6.09756698636138,6.7738513279125,0.0172261181069736,0.0828325668410503,"let-355"
0.565695507260515,4.85827299884002,6.76517564210979,0.017288456626585,0.0830705561367322,"D1043.1"
-0.291244599110942,8.18580938476181,6.7642792967795,0.0172942975378575,0.0830705561367322,"rpl-7A"
-0.325548458179195,7.86357417478812,6.75710801291172,0.0173456583853982,0.0832722725186693,"vhp-1"
0.360113621746949,6.40371856843667,6.75198812399751,0.0173825078368597,0.0834041431071342,"H43E16.1"
-0.602820171986438,4.74770241848675,6.74880474787404,0.0174060374017889,0.0834719948971439,"sup-35"
-0.269495146153809,7.57217791315795,6.73875058633027,0.0174779254120667,0.0837715551691026,"rpl-30"
-0.416854129493634,5.49608819433118,6.73574612579591,0.0174998962254405,0.083794661114049,"T02E1.2"
-0.60372616855434,4.45571145679041,6.7356291362578,0.0175015955110549,0.083794661114049,"arrd-10"
0.816105155442129,3.47338307596205,6.72371345081523,0.0175937819382885,0.0841906971008195,"C16C10.1"
0.427667231063108,5.42993898255917,6.71852021150319,0.0176252176477641,0.0842957558398445,"paxt-1"
-0.578463993305496,4.67205149318588,6.7159843108204,0.0176442777130157,0.0843415447023776,"Y42G9A.1"
-0.306104388322565,7.26874805713059,6.71280861449213,0.0176667718955135,0.0843670315435757,"mtk-1"
0.344925048332334,6.41935859795737,6.71168236662998,0.0176750664225722,0.0843670315435757,"ttr-25"
0.402669848734847,5.48816587440243,6.71129241292494,0.0176780766804276,0.0843670315435757,"gst-39"
0.557608127286641,4.642984342768,6.70464324148178,0.0177274185029064,0.0845571233419208,"Y67D8C.3"
-0.379277784524835,6.01527032072304,6.70148643474503,0.0177499856044333,0.0846083022565549,"pqn-62"
-0.465649414440843,5.52775244588205,6.70052496720658,0.0177571805208336,0.0846083022565549,"frm-2"
-0.420418617446745,5.83768660627434,6.69539172337444,0.0177949447398103,0.0847428246821925,"pid-3"
0.558470803938092,4.79633050873291,6.69252822915496,0.0178165773522244,0.0848004225046184,"F52B5.3"
0.344593634881347,6.08398452859374,6.6849617710589,0.0178720946066287,0.0850191509617633,"trm-1"
-0.64604950317972,4.45854521411499,6.6816357139621,0.0178977984265676,0.085095896155408,"B0034.1"
-0.50338310542936,5.0576599598089,6.67791337047668,0.0179248116332189,0.0851437760265879,"C49H3.6"
0.286750709432976,8.26264598768462,6.67755606958193,0.0179270215635781,0.0851437760265879,"aip-1"
-0.302491946124221,7.81144186996906,6.67600796416811,0.017938553911383,0.0851530607720802,"flp-1"
-0.250734839808774,7.98878489321198,6.67372848634766,0.0179555425842648,0.0851882225809488,"ztf-7"
0.417195828962942,5.6314560433888,6.67193045030651,0.0179691432937049,0.0852072816129763,"sna-2"
-0.245435366294476,8.38001156393927,6.6642102981148,0.0180266809417247,0.0854345523736004,"alh-4"
0.412202469238109,5.78744243030859,6.65419999019883,0.0181019949552437,0.0857457843085093,"cysl-3"
0.29514035344136,7.30937261804926,6.64807533653698,0.0181480425775034,0.0859181291568598,"rps-21"
-0.408040927622294,6.23961025502364,6.64243577277739,0.0181907216860966,0.0860743515226634,"spp-23"
-0.430905215015395,5.82041666730376,6.63513764908353,0.0182460968803973,0.0862904507253258,"nhr-41"
0.393527391758995,6.27665031864996,6.62847592072116,0.0182967009742531,0.0864837684008954,"F41H10.3"
-0.506447319172359,5.07645609496996,6.62566287934944,0.0183184942163198,0.0865407715607331,"dyrb-1"
0.545951712523251,4.81534429019627,6.61606908775604,0.0183920013804161,0.0868418928695059,"Y9C9A.8"
0.534375389779635,4.56113986449343,6.61442577391742,0.0184048609664885,0.0868564855907903,"Y37D8A.6"
-0.304594521987163,8.18645106183643,6.60966790278772,0.0184405026336896,0.0869785193189041,"nxf-1"
-0.400780034648182,5.85599365665761,6.6058797225962,0.0184697824117473,0.0870704323556976,"F55C12.5"
-0.294585202356363,7.28761451658776,6.6021119671804,0.0184987031796855,0.087160556423203,"rpa-2"
-0.667296445787542,4.49735498698537,6.59597923267432,0.0185471151754508,0.0873423734242231,"eat-20"
0.366803128728177,5.94049504221149,6.59413385392822,0.0185604355860226,0.0873588315486112,"dhhc-8"
0.559623614925186,4.3556585429537,6.59131279316029,0.018583375123988,0.0874205228716282,"K03H6.2"
0.693202676012567,4.34878303751423,6.58535552367444,0.0186296980608395,0.0875920917286747,"F15B9.6"
0.676149413001696,4.18560619299185,6.58161663170252,0.0186591608092049,0.0876720667514611,"sup-10"
-0.32479772745384,6.69937413050133,6.58047642820989,0.0186664292386139,0.0876720667514611,"C14H10.3"
-0.34311778637857,6.09930026977244,6.57366256782682,0.0187196393953192,0.0878755617021028,"swsn-6"
0.53663186236918,5.08220279363929,6.57007933427138,0.0187479844726453,0.0879621793911816,"tag-244"
0.550289330320877,4.87472025351139,6.56750752026954,0.0187682748939755,0.0880109346425823,"tag-65"
-0.317171990930933,6.94250120370506,6.56387653496985,0.0187962423468402,0.0880858433518495,"lbp-1"
0.297057893857392,6.82768563095182,6.56288105634391,0.0188040637365662,0.0880858433518495,"W09C5.1"
0.251052138636151,8.42184789128901,6.5538705052163,0.0188749281024046,0.0883575373628223,"let-767"
0.232629615700257,8.26199841348579,6.55298198988494,0.018881939150755,0.0883575373628223,"R13H4.2"
0.582456570004002,4.48022523124377,6.54195449135482,0.0189702138804953,0.0887239198377084,"T12E12.3"
0.519904500070325,4.91408018881136,6.53788829161021,0.0190020169142539,0.0888259371107419,"F40A3.1"
0.606219741926758,4.54746319732173,6.53265424914824,0.019044062814633,0.088975702829691,"Y51A2D.21"
-0.244240181410376,8.15934060563811,6.52840092231577,0.0190770465569794,0.0890829941901804,"ram-2"
0.613850516767109,4.07843348744248,6.5220355186674,0.0191299021845124,0.0892829188044617,"R08C7.12"
0.623516433266815,4.05895509291183,6.51788840120383,0.019163222089111,0.0893915045090692,"C07A9.12"
-0.253605091282378,9.53657161456301,6.51457120191987,0.0191878088018513,0.0894172731699193,"rpl-3"
0.377272274483491,5.69449654454234,6.51446290984835,0.0191888603315944,0.0894172731699193,"kle-2"
-1.00030521145901,3.36391748696359,6.50451518010481,0.0192810165870777,0.0897996429940847,"F29G6.1"
-0.620612763196542,4.25233769798537,6.49767140953123,0.0193257394275012,0.089960811125609,"let-391"
-0.266944754123705,7.57143869953476,6.48333112953566,0.0194407146070416,0.0904486622559953,"mrp-4"
0.470850744438234,5.29596031692667,6.47815812176799,0.019483258607619,0.0905991905231905,"C32E8.5"
-1.00312989069106,3.26238804995096,6.47505555013537,0.0195237870963161,0.090740193974567,"nhr-91"
0.648584044351993,4.40606394086736,6.44747409496517,0.0197367901689304,0.091682236881902,"madf-9"
0.320213716482825,7.42892156717935,6.44376857272468,0.0197663786162848,0.0917717348706987,"F45D3.4"
-0.416638246818731,5.53673973809404,6.44040835003622,0.0197945194190737,0.0918544217927895,"C49H3.9"
-0.435042818234699,5.25587647523793,6.43672680345039,0.0198252953808342,0.0919492442519547,"pri-1"
-0.625346688626127,4.88394814000285,6.43506397530466,0.0198394403042106,0.0919668736938148,"ttr-49"
-0.260823170931849,7.56705249080287,6.43314818828331,0.0198548250852468,0.0919902291990252,"vpr-1"
-0.335363789793231,6.22994224774662,6.43168587560258,0.0198671230709692,0.0919992662624935,"hum-2"
0.217366077884684,9.43327364156107,6.42664673984552,0.0199091750262186,0.09213258934548,"lec-5"
-0.489243490615068,5.01153423761696,6.4258158279038,0.0199166389294807,0.09213258934548,"bath-38"
-0.361278174626936,5.85371071831593,6.41540106894863,0.0200037726171347,0.092455283246289,"hrpf-1"
-0.31810331350737,6.97221457332703,6.41498398901719,0.0200071943500011,0.092455283246289,"ceh-38"
-0.655227158525413,4.1073277715411,6.41168315549245,0.0200370161401021,0.0925449924683885,"C46F11.6"
0.413980158014354,5.57172966302931,6.40989948837891,0.0200502308993839,0.0925579454446635,"smu-2"
-0.279649638853755,7.66060192184896,6.40231955311768,0.0201141395656154,0.0928047819812594,"aak-2"
0.581706983672353,4.30625859537282,6.3991055821268,0.0201427515836017,0.0928885914573667,"hpo-12"
-0.545226125480631,4.89524084571007,6.38982758817058,0.0202208806383475,0.0932005441967588,"toh-1"
0.475615564970989,4.88925717352697,6.38576100897014,0.0202555458925539,0.0932557442065999,"unc-38"
-0.411577999498398,6.1557189127374,6.38539543736374,0.0202582089632095,0.0932557442065999,"Y55F3AM.9"
0.662569506476969,3.86634887381081,6.38501499455979,0.0202643232265382,0.0932557442065999,"C16B8.4"
-0.262801757251423,7.1291960000607,6.38314770901152,0.0202773604091672,0.0932674658033657,"K11D9.3"
-0.320187929560926,6.47428775140434,6.38070865052166,0.0202982576153423,0.093315309440542,"cal-5"
0.447668026898328,5.53136943571239,6.3715906012888,0.0203766381277215,0.0936272297641197,"nhr-35"
0.578994646990498,4.26469697163301,6.36917369227783,0.0203986564726708,0.0936799047634875,"npr-4"
-0.320639738216835,6.42834612144446,6.36779161581801,0.0204091750676949,0.0936799047634875,"chat-1"
0.465671547099915,5.25199171983101,6.36623207919812,0.0204228792162267,0.0936944371060227,"F25H8.2"
-0.249010185365412,7.54849707771144,6.36451242656837,0.020437374621115,0.0937125826489602,"vwa-8"
0.368702681788688,6.00081862299107,6.36213158827533,0.0204580318356079,0.0937152687470638,"xpo-3"
-0.668125835515561,4.37113076548938,6.36138414686112,0.0204657306997539,0.0937152687470638,"F17C11.11"
-0.423753581178674,5.5829548681948,6.36080595962409,0.020469581813834,0.0937152687470638,"chaf-1"
0.855448537009541,3.57290259667093,6.35909286450032,0.0204902119048676,0.0937614380062676,"ggr-1"
0.370718856849243,6.11192212979518,6.35227157088607,0.0205433732533368,0.0939563434132806,"cyp-33C9"
0.281125285175361,7.67674952139145,6.34698300954692,0.0205892153675201,0.094072213733195,"pyk-2"
0.453714224511588,5.6441539942179,6.34692938422304,0.0205898692975815,0.094072213733195,"F32H5.4"
-0.392073616243928,5.68278449553105,6.34477488175703,0.0206086215791324,0.094109529768909,"F44B9.8"
-0.664109328835894,3.9202132362809,6.34241226721374,0.0206319253061455,0.0941675810559238,"Y20F4.4"
0.304779888981231,6.97178223626653,6.33885036339656,0.020660142594687,0.0942479875881794,"cgt-3"
-0.435808805483929,5.54315847791793,6.33388709870817,0.0207037144612968,0.0943983206540461,"ham-3"
-0.268978936475679,7.14720193990542,6.33254614179196,0.0207152707847825,0.0944025999730914,"pfd-3"
-0.422125328392749,5.63889627771747,6.31517373457296,0.0208682201359538,0.095018216071274,"cisd-3.1"
-0.6746817340445,4.19185838675661,6.31496276785359,0.0208717327620288,0.095018216071274,"K06A9.2"
-0.544725740463985,4.71812955580979,6.3126750007179,0.020890866111981,0.095056648209633,"wip-1"
0.26553012255729,7.85244052071384,6.31085496488842,0.0209061898826127,0.0950777157270127,"laf-1"
-0.218938793798267,8.49760162150075,6.30884041868193,0.0209240218682528,0.0951101627968483,"ppm-2"
-0.585815785290496,4.38750652119034,6.30639670476277,0.0209469849988328,0.0951658884131949,"kbp-5"
0.20455553036678,12.9289473997728,6.3025049277961,0.0209802238225253,0.0952682175720495,"unc-54"
0.429569037198807,5.20224855338944,6.29883048441866,0.0210132805312826,0.0953428332389527,"chil-10"
0.285471744247825,8.05109793914655,6.29824656658477,0.0210181029297432,0.0953428332389527,"gale-1"
0.442140097770339,5.47365564451838,6.29321829736866,0.0210631813086522,0.0954985951123032,"Y73F8A.27"
-0.736787633853943,3.84343894918373,6.29221317131146,0.0210754567414963,0.0955055483632232,"vab-23"
-0.488522031979689,4.9217457920608,6.28979857441341,0.0210940426246298,0.0955410764012144,"Y50D7A.8"
0.441945934770539,5.6318016789108,6.27446909689364,0.021231200230361,0.0961133407577085,"nas-31"
-0.288444374692279,6.83947109406365,6.27172810357284,0.0212557585837337,0.0961755468539318,"lin-23"
-0.391237861015696,5.78030880445202,6.26512045464745,0.0213155334426579,0.0963969521051227,"hcp-2"
0.676697697115033,4.13643915866049,6.26236662859982,0.0213422213889807,0.0964685767002682,"acp-7"
0.239579441971921,7.83733074829201,6.25607782629121,0.0213973335467795,0.0966685429697239,"Y48A6B.3"
-0.296894493013635,6.53662652221258,6.25226723849172,0.02143205763376,0.096776243992768,"czw-1"
0.599442775676922,4.47288492657377,6.24725167032971,0.0214787832323083,0.0969225145850554,"fbxa-167"
-0.42450727974378,7.35473491954773,6.24623656311944,0.0214869697115746,0.0969225145850554,"lrp-2"
-0.348565678636629,6.51272377118334,6.24512669282477,0.0214971542865515,0.0969225145850554,"clec-51"
-0.322974515321432,6.56336316334708,6.23600377490628,0.0215806404491336,0.0972496068085386,"tom-1"
-0.203041643203157,9.46722075612453,6.21264363874789,0.0217960117770689,0.0981587221529824,"tba-1"
-0.573909587988624,4.67582675876269,6.21182524607484,0.0218044625185176,0.0981587221529824,"T24B8.5"
0.578627392800995,4.44392702580787,6.20898773294067,0.0218311082498739,0.0981938124598896,"rcor-1"
-0.354675314403386,5.98113769389437,6.20852950425092,0.0218343456566417,0.0981938124598896,"set-26"
0.348108577969894,6.4735204913376,6.19533203726145,0.021957331827497,0.0986969854794116,"fubl-1"
0.248593554338086,10.0507031511472,6.19123036923684,0.0219956396510346,0.0987898769374497,"pck-1"
-0.314371745766929,6.88909436476959,6.19074891333834,0.0220002200355585,0.0987898769374497,"klp-12"
0.378864499431158,5.84810104880051,6.18820710157642,0.0220241482121068,0.098847401188209,"npp-2"
-0.580021175094748,4.29511387714376,6.18117507040992,0.0220916185740713,0.0991001920999335,"lido-8"
0.330752904668812,6.30207652755235,6.1691797254486,0.0222034667519605,0.0995517009035203,"xpo-2"
-0.382626944868896,5.54528626907819,6.16192245013356,0.0222724589790491,0.099810702007422,"asd-1"
0.223772922010836,9.00159707183608,6.15059244829894,0.0223801838984541,0.100242929491766,"nrfl-1"
0.507702945491848,4.83873646240667,6.1443740032192,0.0224403407027792,0.100461766962946,"Y38C1AA.9"
-0.391957432573435,5.56350876403439,6.14153760643606,0.0224671364082593,0.100531107099061,"rheb-1"
-0.554316819861303,5.51416873758056,6.13440256664284,0.0225357646624551,0.100787466606584,"let-756"
-0.536550139733792,4.77773823347375,6.1291120281981,0.0225872450011803,0.100947468084339,"Y105C5A.15"
-0.642407666142664,4.17252758341155,6.12851267280693,0.022594248283414,0.100947468084339,"nhr-180"
-0.315869559799529,6.72868789669869,6.12223331472658,0.0226531005946009,0.101145994497525,"pfd-6"
-0.406564071582344,5.47156359823286,6.12139379224877,0.0226614352760173,0.101145994497525,"gei-3"
-0.614558096753448,4.54040573403586,6.11803391480774,0.0226948339679288,0.101244239241774,"F42A8.1"
-0.433914680261048,5.41684463945372,6.11542028485992,0.0227194279252966,0.101303126220568,"C37C3.12"
0.53030476089681,4.90859980112656,6.113328341853,0.022740069042549,0.101344337773084,"gtf-2H1"
-0.431629389493847,5.65453985725073,6.10905868356823,0.0227812721479053,0.101477099532578,"T28A11.2"
0.272039154966271,7.37724302895682,6.09175321564752,0.022950505255268,0.102179740723379,"Y54G2A.45"
-0.552154706560339,4.57415959085273,6.08813062687846,0.0229871106154744,0.102291491732824,"W05H7.1"
-0.571863831202211,4.27036522791631,6.0863254027027,0.0230054993477877,0.102322108404793,"C50B8.5"
-0.407984159626306,5.97938438657396,6.08179093610887,0.0230487695812797,0.102413785590543,"sos-1"
0.498685276015547,5.01653455767708,6.08179039272376,0.0230491491358314,0.102413785590543,"sfxn-2"
-0.865381051430006,3.47363621256448,6.07866767401195,0.0230884018468609,0.102536953456763,"gpa-18"
-0.308042747274019,7.05937297731572,6.07607934458331,0.0231051836139501,0.102560253375752,"acl-4"
0.727998423332682,3.98699256364488,6.06906004081483,0.0231774243511074,0.102829580791265,"slc-17.3"
0.220472574983862,8.21250067455619,6.06451588641045,0.0232199809824417,0.1029670079376,"tomm-70"
-0.416475921237354,5.22815260788009,6.06254386221424,0.0232400164272167,0.103004479588427,"Y48E1B.3"
0.232205478198993,11.2716097132186,6.05978932858074,0.0232671089332816,0.103047961893716,"asp-1"
0.431836687445069,5.19148561419112,6.05923911045419,0.023273007252568,0.103047961893716,"C44E4.5"
-0.305435603247774,6.43522735199455,6.05776063482214,0.0232874678955089,0.103060665534579,"fzr-1"
0.286799060438935,7.04459224934672,6.04416433168255,0.0234237525454356,0.1036122307868,"F46G10.1"
0.261826088804149,7.77587327908857,6.0428884461237,0.0234365356500827,0.103617224497705,"prmt-1"
0.255429915857586,8.60483900787375,6.03920738819829,0.023473613508434,0.103684380224654,"C12D12.1"
-0.375963683011118,5.62421566930311,6.03908769012308,0.0234750486325755,0.103684380224654,"clsp-1"
0.299234491410706,6.65690503128766,6.03784332579903,0.0234874512542988,0.103687650994027,"twk-49"
-0.710869422347765,4.05630361163003,6.02686660752213,0.0236009464749826,0.10411832258695,"tag-290"
-0.202850194311482,9.47653838369149,6.02588008893614,0.023608428560937,0.10411832258695,"tbb-1"
0.290011136205609,7.56797681260915,6.02151764359195,0.0236527656287882,0.104221223534343,"Y34B4A.9"
0.306306672652167,6.45140565134963,6.02128522492496,0.0236552051616583,0.104221223534343,"inst-1"
-0.281480901658789,7.12641939047169,6.01572116119833,0.0237118424006143,0.104419014751789,"F38A1.8"
-0.406482628317668,5.69652114564064,6.00860401912821,0.0237847065024149,0.104662392100321,"rfc-4"
0.331637633460235,6.3729463130225,6.00801173472742,0.0237906528438587,0.104662392100321,"rpom-1"
0.37937872630957,5.65709837064123,6.00546660769894,0.0238168340937043,0.104725752684038,"cus-2"
-0.194197710258512,9.90207754320021,6.00311314117781,0.0238407600346287,0.104779138639586,"sec-61"
0.447347151513101,5.88799887870015,5.99848863064593,0.0238884252717974,0.10493675350373,"tgt-1"
-0.669243827983086,4.2352739586103,5.98805997625901,0.0239976485920607,0.105319604532889,"ztf-30"
-0.351053370837352,6.06280440276167,5.98750962569676,0.0240016115162807,0.105319604532889,"clec-48"
0.28474610336062,7.07574467542702,5.98658386093938,0.0240111166784574,0.105319604532889,"pqn-24"
-0.729858759174681,3.89690909158588,5.9854428698019,0.0240262681662125,0.105334097764199,"C49A9.10"
-0.443515989448414,6.04943968543086,5.98271661088259,0.0240512309338284,0.105391569360605,"rbg-1"
-0.345983293809159,6.01771973999132,5.98097694713623,0.0240692690209509,0.105418655598657,"lin-49"
-0.496598708281425,4.66160261845889,5.97833466501926,0.0240974414133576,0.10548834553259,"Y41G9A.5"
-0.691499250607895,3.99707475007641,5.97741441797191,0.0241089099226434,0.10548834553259,"mnr-1"
-0.975120646311133,3.07649244517342,5.97615299365357,0.0241438376180629,0.105589208195867,"nac-2"
-0.424098781957419,5.27481491262189,5.9518422187971,0.024373847066301,0.106509360029708,"C36A4.4"
0.372622065952176,5.7175559906011,5.95141119582739,0.0243781967900637,0.106509360029708,"C47G2.3"
0.604925641493997,4.8220864452085,5.94864027820192,0.0244078970732934,0.106586745028807,"W09B6.4"
-0.320546710315382,6.18198056352016,5.9283230988452,0.0246224430683105,0.107470859754712,"lbp-4"
0.21749596657471,8.65801007109118,5.92392665305291,0.0246691591513596,0.107621930331079,"Y66H1A.4"
-0.212088096715219,9.28837463631562,5.91624288548996,0.0247512537758651,0.10792711982404,"lec-2"
-0.625865103887098,4.20841739149262,5.90893168943696,0.0248315753793074,0.108224282694815,"R04B3.2"
-0.573692185526946,4.22674899206121,5.90463904692956,0.0248776321371462,0.108371889922277,"F59E11.7"
0.814752988844543,3.59094302303446,5.90161092926144,0.0249145879555514,0.108449558978743,"ZK287.7"
0.352558822472124,6.10900693340208,5.9005642546906,0.0249198570457285,0.108449558978743,"T05C3.6"
-0.688641841998063,4.63865479955894,5.89678777843968,0.0249615211435249,0.108534790320896,"nep-1"
0.324289032412137,6.49733774067519,5.89648583788986,0.024963856282334,0.108534790320896,"mog-5"
0.393016287354305,5.69148896144546,5.89520129762149,0.0249778577683173,0.108542587203377,"tmc-2"
-0.276147967443305,6.85009069182082,5.89067623346299,0.0250267179076497,0.108701782568106,"idh-2"
0.529361148046428,4.54076993647689,5.88911992192759,0.0250445646390861,0.108726183694392,"exos-3"
0.441390757846761,5.27177060796518,5.88204865665704,0.0251207351248092,0.108955179152853,"irg-3"
-0.300988762716992,6.28007943363671,5.88192415664664,0.0251218217594588,0.108955179152853,"F38B7.3"
-0.427812208982741,5.42229244457363,5.87897078791897,0.0251541926669866,0.109042382741188,"F34H10.3"
-0.692229315802093,3.96244508005832,5.87446126471364,0.0252061176206443,0.109185683711754,"sre-23"
-0.387744126579166,5.5489674733707,5.87328670545276,0.0252161901140907,0.109185683711754,"ugt-11"
-0.263679437764959,7.91591331112151,5.87254101823211,0.0252240911420472,0.109185683711754,"Y70G10A.3"
-0.59347697614421,4.09658406619873,5.87061008430848,0.0252474603905096,0.109233659528964,"dex-1"
0.352693149995267,5.95005578460765,5.8641868757129,0.0253157775983589,0.109475962367222,"F17C11.12"
-0.391785889306878,5.6976283398562,5.85353060356824,0.0254331618082996,0.109930112609427,"ivns-1"
0.705504114220016,3.831262973461,5.85151585967908,0.0254587990127236,0.109970380240587,"sft-1"
0.533922697373866,4.94504337304321,5.8504821868638,0.0254672154893003,0.109970380240587,"C44H9.6"
-0.257972874797742,7.30032860286748,5.84813130470639,0.0254926615870558,0.11002682241287,"mlt-7"
-0.419349425654118,5.45786711887295,5.83934207163,0.0255903957407895,0.11039505508557,"nlp-31"
-0.207282594740327,8.72189783299988,5.83533661779988,0.025634661972094,0.110532385836027,"pan-1"
0.696454858033102,4.12832700141108,5.83106976556657,0.0256843884266222,0.110645866065653,"gst-40"
-0.359012033423324,5.81061134811135,5.83059855549743,0.0256876671524372,0.110645866065653,"crml-1"
0.440518710780804,7.38133976971993,5.82963209748874,0.0256983144107046,0.110645866065653,"F41C3.2"
-0.222338855279673,8.41264336316398,5.82717747381097,0.0257257104952812,0.110710209106266,"Y76A2B.5"
-0.323874695995414,6.8490106379821,5.82539476078829,0.0257457239814363,0.110742734358466,"tmem-131"
-0.406053823125892,5.643482713392,5.81605997362321,0.0258505913043506,0.111059430799955,"sop-2"
0.434848426029644,5.47962068785105,5.81572387956601,0.0258544197500902,0.111059430799955,"thoc-5"
-0.589955981323675,4.34540803723394,5.8156203789793,0.0258568239518511,0.111059430799955,"hil-4"
0.290971206050297,6.74201947072739,5.81274131143296,0.0258877747842887,0.111094775691733,"snap-29"
-0.485977355349753,4.7631097273222,5.81260288338443,0.0258900433284525,0.111094775691733,"C34C12.2"
-0.378030575189778,5.82620676094452,5.79681658637531,0.0260679018911149,0.111804011439413,"Y73F4A.3"
0.771259609763225,3.48812695830497,5.79413538851209,0.026105649641463,0.111911924282665,"F40A3.7"
-0.490089596976194,4.68847756692222,5.78488461870402,0.0262044233400612,0.112281218273005,"picc-1"
0.214380954702142,10.1885912842612,5.78170554529855,0.0262398610355454,0.112378903885855,"enol-1"
-0.331050924512653,6.24481719910901,5.77801720741618,0.0262821899837722,0.112498625739923,"F55G11.4"
-0.33926357361222,6.24947967638851,5.7770630608145,0.0262931216159668,0.112498625739923,"dif-1"
-0.297566507286358,6.56427553603982,5.77569724136128,0.0263087517401992,0.112511357249693,"daf-14"
0.660062871084498,3.97621181431477,5.77179794369789,0.026356182636287,0.112660009528475,"fbxa-150"
-0.346916047376409,6.43951843914307,5.76624864106268,0.026417368613383,0.112867287045453,"cgt-1"
0.254486779845718,7.36352054800725,5.75259468078343,0.026575160541129,0.113486912762333,"coq-8"
0.424371343642943,5.33192770599766,5.73922194387645,0.0267310879813152,0.114097985233737,"tlf-1"
0.323898535003208,6.05207584069753,5.73684919003548,0.0267585919456088,0.114112530384249,"T20F10.2"
0.315814493405861,6.21650540374195,5.73671299577087,0.0267601648690989,0.114112530384249,"bath-42"
-0.348284163324967,6.49705432428372,5.72986628110579,0.0268403182375121,0.114399458029588,"Y54G2A.32"
0.265278066688391,6.83289663404222,5.72668648481106,0.0268776251285852,0.114503576913393,"F19F10.9"
-0.602147669506762,4.12414818305047,5.72542839998404,0.0268945639795322,0.114520866064186,"C11H1.3"
-0.31392350141348,6.27920208945049,5.72191261757842,0.0269338150969463,0.114633101975562,"lit-1"
-0.195289748473931,10.4797395511889,5.71314077930498,0.0270372211417718,0.11501814984282,"hsp-3"
-0.21273040434053,10.7149146772552,5.701897440458,0.0271705682534142,0.115530139809233,"Y94H6A.10"
-0.425535975878365,5.36421653180854,5.69083218631625,0.0273028749336788,0.116037218468135,"rabx-5"
0.642781484042437,4.01833205412389,5.68990669878008,0.0273161924539594,0.116038350266676,"nhr-98"
0.262921251321986,7.66498417565568,5.68671133842688,0.0273518762851878,0.116117165834401,"imph-1"
-0.710217324584646,3.8873171880632,5.68626168394586,0.0273608663168452,0.116117165834401,"frpr-16"
-0.399632263641117,6.00336498560057,5.67988802744317,0.027433910351129,0.116371611131626,"C54D10.3"
0.446533462366762,5.52947524488065,5.67874876179051,0.0274477403196533,0.116374754021,"hbl-1"
-0.204528748056666,8.94343763588832,5.6772066941288,0.0274660208976162,0.116396754909774,"fbp-1"
-0.341032950664532,6.11493986194224,5.66912693864763,0.0275636232021691,0.116754727913523,"ttc-36"
-0.549267095893838,4.68680732331968,5.66772236891844,0.0275813994488741,0.116764294235517,"dhs-4"
0.217093816847332,8.91502344343005,5.66675761122949,0.0275921473612441,0.116764294235517,"kat-1"
0.238347166951441,8.01676778986048,5.66265863319153,0.0276418078378584,0.116918798043006,"H28G03.1"
-0.636995750247753,4.01795963666587,5.66164980530039,0.0276567996682536,0.116926583856606,"C50B6.3"
0.367592721848458,5.62668369410292,5.65803074731787,0.0276982176542903,0.117046032872764,"mak-2"
0.342248036222458,6.0456214839448,5.65253404108078,0.0277650278602344,0.117271374247638,"C50F2.4"
-0.51738829282334,4.38755510433133,5.65158202971892,0.0277779230868886,0.117271374247638,"F11C1.1"
0.415125817075804,5.09686849371281,5.64966980270601,0.0278003152667393,0.117310205522819,"C15F1.1"
0.392058242971044,5.50995069350502,5.64577133807428,0.0278477273991558,0.117454527659343,"tag-77"
0.588624071269893,4.08859095493004,5.64218977501705,0.0278935368470998,0.117591956428432,"F29B9.1"
0.468688243199102,4.67005113433555,5.63762128952322,0.0279481999824683,0.117766562106221,"B0238.1"
0.457607668479807,5.4406358724629,5.63304729994399,0.0280038453162233,0.117909908607338,"idi-1"
0.291154955374698,6.42112158011604,5.63263236726005,0.0280087422088288,0.117909908607338,"H06H21.8"
0.339856840760315,6.32391230970778,5.62429149321405,0.0281116270756305,0.118281145024694,"akir-1"
0.374853939069533,5.68340886105289,5.62333709275149,0.0281235339761786,0.118281145024694,"ppm-1.D"
-0.514973303378556,4.84155835832822,5.61589623555471,0.0282162393789012,0.118614933483598,"clec-199"
-0.219079987353542,9.35065830736685,5.59716199477522,0.0284491016462796,0.119493876601533,"emb-8"
-0.331737858208015,7.11981668951402,5.59691974906411,0.0284522029879029,0.119493876601533,"C18E9.2"
-0.399519666167595,5.58474682919633,5.57467665372677,0.0287326354954449,0.120614665812087,"C07H4.1"
0.250962307695113,7.27614856303967,5.5730684229826,0.0287528095788406,0.120642392621742,"hxk-2"
0.260036937084126,7.17427767556264,5.57160404405626,0.0287713931180021,0.120663422741583,"C50F4.1"
0.442259379877274,5.51666215022783,5.56731716887758,0.028826068252478,0.120835725050817,"F09F7.5"
-0.305054848775118,6.31561475892638,5.56130050709212,0.0289025127538237,0.12109907676449,"camt-1"
0.615302188961585,4.17483486917107,5.55575564832746,0.0289752335415293,0.121346585688995,"Y40B10B.1"
-0.27410428961665,6.85670398400528,5.55393463320544,0.0289965907858087,0.121378855309145,"daf-7"
0.259998150453805,7.31914856292359,5.55052075973125,0.0290403032773775,0.121504628912547,"unc-97"
0.422358877404381,5.73622262675034,5.5332025717549,0.0292634782060324,0.122380801848464,"zipt-2.4"
-0.461087256173058,5.19899325517708,5.53091421159235,0.0292933388836942,0.122448084633251,"hcp-4"
0.415450245967102,5.19254128457262,5.52399489423949,0.0293830838029853,0.122751484711766,"Y41C4A.9"
-0.257016157095789,7.55677068935305,5.52315873838849,0.0293935340176976,0.122751484711766,"T28C6.7"
0.487663773371091,4.94650824096626,5.51915751867,0.0294461991591037,0.122913688602625,"aqp-9"
-0.284624715394626,6.60383663210628,5.51384314018318,0.029514974560917,0.123122955912881,"T25B9.1"
-0.458983482833798,4.79406531169832,5.51320345353848,0.0295240290188125,0.123122955912881,"F54E12.2"
-0.411723139539198,5.79253284992581,5.50727301465557,0.0296010261944788,0.123386180916601,"ZC443.3"
0.365285240614936,5.94315479428588,5.4975239359061,0.0297290433422782,0.123861726502435,"frg-1"
0.632337295700871,4.13477345289377,5.49604529686452,0.0297505545009716,0.123893292771962,"F41E7.2"
-0.309680438084677,6.13768803008632,5.49312893124656,0.0297869494960087,0.123946297094309,"R07G3.8"
-0.206768544754209,9.25058948951028,5.49250977119937,0.0297949861814018,0.123946297094309,"pmt-2"
0.564857036458008,4.43757519871038,5.49062527574217,0.0298212036000919,0.123946297094309,"pcyt-2.2"
0.642450746733383,4.01921211694659,5.49067999544475,0.0298218342605841,0.123946297094309,"zhit-2"
-0.287104744025646,7.00574321240114,5.48963853085731,0.0298329856913533,0.123946297094309,"rig-4"
0.291759816344042,6.35164985762634,5.48504208354625,0.0298938535966075,0.124141173436449,"mppb-1"
-0.645057471740137,3.90829563301583,5.48351738275729,0.0299174183621595,0.124181030185789,"nyn-2"
0.584817988113163,4.20332290247956,5.48082933803538,0.0299515615196553,0.124248699906702,"ugt-20"
-0.343427625891643,6.30799378151997,5.47933979808214,0.0299695234049208,0.124248699906702,"sod-4"
-0.425684611354383,5.45741087447025,5.47889436153711,0.0299756451805058,0.124248699906702,"C01C4.3"
0.219663234836251,8.10331361548794,5.47753398581917,0.0299934170544788,0.124264431981067,"eif-3.F"
-0.29001479497025,6.75899225853245,5.47410454733639,0.0300391456579862,0.124395921772313,"sgk-1"
0.38701453373593,5.46070558419839,5.47080905678559,0.0300833102942228,0.124520815561422,"C44H4.4"
-0.624251328392337,4.08648219824156,5.46882084867524,0.0301120489112066,0.12458177146093,"nekl-2"
0.334809526973249,5.79557019347363,5.46045542224323,0.0302217155282938,0.124889478108293,"gip-1"
-0.308899193388274,6.03413159510535,5.45977441601122,0.0302308117605788,0.124889478108293,"avr-15"
-0.28621262716273,6.97724439731864,5.45876915683991,0.0302442297591084,0.124889478108293,"clic-1"
0.302913438224659,9.09511412219993,5.45811074865622,0.0302529978438684,0.124889478108293,"lys-1"
0.330877143532939,5.854842272512,5.45785149566574,0.0302566568265959,0.124889478108293,"aph-2"
0.518917610553515,4.83216942405959,5.45213554632556,0.0303341117934503,0.125122045331766,"Y17G7B.21"
0.450838669280374,5.22571723358212,5.45115952405819,0.0303469505934106,0.125122045331766,"C33A12.4"
-0.643920490313024,3.9099136479087,5.45014382765504,0.0303636815483006,0.125122045331766,"ins-35"
0.215167858469976,8.79145721708943,5.44947031146614,0.0303692918486054,0.125122045331766,"F56F10.1"
0.500596381097132,4.6905525062195,5.4480874077089,0.0303888539008345,0.125144650316035,"gst-43"
0.285459916303337,6.5059609192756,5.44593232430212,0.0304171537144181,0.125203200775412,"crn-6"
-0.259329639120731,7.31415389268497,5.43815591044051,0.0305223864793814,0.125578222206469,"zer-1"
0.365123920744728,5.45076571198086,5.43124969549439,0.0306165005356787,0.125907172184421,"set-29"
0.375156743653784,5.34033835773262,5.42880740960812,0.0306498286535581,0.12598595772482,"Y71H2B.5"
0.490674066057225,5.00115801819336,5.42155556056911,0.03074906850697,0.126335475090328,"rgs-6"
-0.447214855850121,4.83090376654065,5.42037819795156,0.0307653438245922,0.12634395932769,"spin-2"
0.330784164434431,6.44317621238563,5.41631461739283,0.0308203640596186,0.12651147592524,"C16A3.6"
0.467424381302581,4.75976870788259,5.41180874727821,0.0308829472634075,0.126709868075199,"C23H3.5"
0.301437769352853,6.41583681133406,5.41046011460491,0.030900781857905,0.12672456249937,"cbl-1"
-0.549287405144329,4.23644995778216,5.40870266450513,0.0309267831362069,0.126772719623797,"R07B7.9"
0.710159936268956,3.92168191405272,5.40569927129473,0.0309695783639875,0.126844342520037,"T11G6.2"
0.514371386946851,4.42681231001859,5.40532227383779,0.0309727890688338,0.126844342520037,"K07E8.7"
0.336754838072486,5.82512084689512,5.40400398370087,0.0309898161712924,0.12685564253175,"unc-10"
0.732373284315975,3.71979071795875,5.40172091279183,0.0310260402456223,0.126945478059746,"Y43B11AR.3"
0.236493879165729,7.50551047061043,5.39868859276366,0.0310631135611451,0.127038704081022,"uaf-1"
-0.556073408090832,4.34483242060953,5.3920003583685,0.0311574208323667,0.127365806262332,"T05E11.2"
-0.590231457596298,4.14645739386854,5.38959957671909,0.0311914259243798,0.127446216862896,"B0035.3"
0.338850956421178,5.86547436837399,5.38760546901666,0.031217059334973,0.127478181903433,"pitp-1"
0.583217963717444,4.38971586102534,5.38691754018214,0.0312279248887276,0.127478181903433,"shw-1"
-0.627211188772852,4.56509459284967,5.38192962290676,0.0312971879030902,0.127702293550425,"Y92H12BL.5"
0.343448486206737,5.94260941487054,5.38002542464743,0.0313227281715563,0.127747878978581,"C33A12.3"
-0.264851160099319,6.97944673456901,5.37445113371419,0.0314006138116884,0.128006812196113,"F47B7.1"
-0.425186068325014,4.99106712162297,5.3638962156504,0.0315494071854128,0.128554435969526,"add-2"
-0.332584309961572,6.11557277906961,5.35484554000555,0.0316766850866134,0.129013929044929,"K02B12.7"
0.283889303702913,6.54521909931031,5.35083840258001,0.0317333926396778,0.12918571151986,"ncx-4"
0.291166918220831,6.26908762624,5.34863903664613,0.0317646112311512,0.129253619430739,"mspn-1"
-0.647699863269748,4.15454779135843,5.34713833820191,0.0317881298180749,0.129290147398218,"Y57G11B.2"
0.753005248883848,3.519028038535,5.34475938096152,0.0318271032426985,0.12938947184766,"rnh-1.0"
0.358970149352757,5.554533386259,5.33554908889959,0.0319511590537162,0.129834440194969,"F33H1.4"
0.615454869260277,4.12866851396762,5.32763040517362,0.0320665136639102,0.130218706317053,"ptr-22"
0.66180168077018,3.74556451087664,5.32719366111759,0.0320750159525752,0.130218706317053,"nhr-79"
0.492329891147311,4.71582350340771,5.3254617963951,0.0320962557546324,0.130245463219734,"vbh-1"
-0.353339547578382,6.31794648858886,5.31595046260894,0.0322323981214631,0.130733040922489,"F13H8.1"
-0.362714447771524,5.49334604872048,5.31503336282275,0.0322458169770575,0.130733040922489,"zipt-9"
-0.59583815866469,4.09749744829578,5.31265847496848,0.0322823077773646,0.130821330195328,"T12A7.6"
0.590190848685855,4.52104965328985,5.30425721908219,0.0324027308841912,0.131183265731503,"M03A1.8"
0.340610866202095,5.94827690143181,5.30261255560977,0.0324255539319,0.131183265731503,"acs-12"
-0.439108531088704,5.22982455818073,5.30231914992126,0.0324300984093932,0.131183265731503,"H27A22.1"
-0.253771925129217,6.86883444761245,5.30225662265451,0.0324306397568151,0.131183265731503,"Y75B8A.24"
0.234431618991405,7.41986558599223,5.29782012215562,0.0324951473645906,0.131361615362172,"papl-1"
0.389402832892251,5.51648616659949,5.29720987392515,0.032504280035629,0.131361615362172,"snx-13"
-0.403159782929983,5.24887077690635,5.29611513176564,0.0325203671284276,0.131366916919059,"arl-1"
0.304608511293074,6.16112830378195,5.29136458331887,0.0325893945596026,0.131585970494744,"T06E6.1"
0.692158441884441,4.10087040606384,5.28880989363393,0.0326291006693527,0.131686488448123,"ins-5"
-0.216873841451618,8.48856536487998,5.285249850523,0.0326787401670662,0.131826986762879,"mai-2"
0.41747364787272,5.26939578311698,5.28410845506509,0.0326958925589982,0.131836363148323,"C05D11.9"
0.490816109798088,4.45129586365165,5.28081141693549,0.0327451758199118,0.131975230378439,"F25H8.1"
-0.297304926828809,8.18592992019197,5.27751273275592,0.0327923611155675,0.132105520017449,"faah-2"
-0.382451859416419,5.32058475119875,5.26350592559676,0.0329995824211638,0.132771572652717,"lin-1"
-0.290898511563429,6.35928379616045,5.26233460487841,0.0330166653402656,0.132771572652717,"Y15E3A.4"
-0.253338193194526,7.30602558818041,5.26231389603321,0.0330169052570047,0.132771572652717,"sec-23"
-0.471429767636021,4.9274574800183,5.2623221216513,0.0330174274136945,0.132771572652717,"trpp-6"
-0.384660336998604,6.20535817455127,5.25512648067043,0.0331237627751464,0.133138957881477,"frm-7"
-0.243549603900526,7.3648386090487,5.25229220390451,0.0331658858136768,0.133248030171442,"manf-1"
0.246426055463991,7.03041546206437,5.24692402182524,0.0332460279570198,0.133509681375728,"W04C9.4"
0.600577922719814,3.9965271694619,5.24550506097469,0.0332700224395443,0.133545719869069,"T04B2.3"
0.410741007888023,5.12580989122224,5.24238912089735,0.0333143123502247,0.133663154831159,"scl-6"
0.677774485150862,3.72263688988324,5.23982425808547,0.033357073482208,0.133748394430688,"lgc-37"
-0.289483321061684,7.2255505521952,5.23893552990532,0.0333656437799197,0.133748394430688,"K11H12.8"
-0.328121670069209,6.11552293579015,5.23430865208637,0.0334352395028203,0.13396697360053,"cex-2"
0.250953829766872,8.05535583710881,5.23323209861159,0.0334512990220769,0.133970945768147,"eef-1B.2"
0.339424657407379,6.16135747024411,5.21269529410358,0.0337621249185656,0.135154908892826,"cld-9"
-0.497041265002287,4.9235228031342,5.21079773833288,0.0337915680127834,0.135211895230269,"tbc-1"
-0.313373923683067,6.31823662069119,5.20903202991976,0.0338178710953351,0.135256271663798,"lst-6"
-0.400837382095335,5.16167037553056,5.20529357088943,0.0338752642676405,0.135424898652694,"ent-7"
0.264547270037763,6.79395327544533,5.20261337371274,0.0339157941969849,0.135525989305794,"hex-2"
0.653012844136794,3.70931023115469,5.20157323819405,0.0339365186261653,0.135547882796602,"R02D3.8"
-0.342926271015356,5.72997834859402,5.18429456408612,0.0341972855618074,0.136528094265842,"lig-1"
-0.634218057196394,4.18950859991648,5.18156920026404,0.03424140175067,0.136642864885641,"Y54G2A.52"
-0.336815501837935,5.73056068566384,5.17016622854887,0.0344160842713171,0.137278333448309,"ufc-1"
-0.260573993136964,7.0101645462891,5.168661334487,0.034439331230044,0.137309459177722,"F13B9.1"
-0.453561263116523,5.35263981339991,5.16648755118364,0.0344734740275514,0.137372938018163,"H20J04.6"
0.255395204703176,7.0057282983439,5.16517799204631,0.0344935613211581,0.137372938018163,"rpn-13"
0.382729699590913,5.53269308312513,5.1646757685868,0.0345016050606858,0.137372938018163,"cyn-12"
0.295668090981081,6.87323760860149,5.15936450871798,0.0345842909576807,0.137640524129248,"ran-4"
0.292424182898398,6.77186734020709,5.14873849731131,0.0347508230689712,0.138241417407706,"zig-1"
-0.318300019747803,6.40584944496385,5.14066469565819,0.0348779874862147,0.138685235572422,"arrd-14"
-0.764455437713174,3.27935114209035,5.13384895332433,0.0350004631050134,0.139051745891753,"his-7"
-0.221293397157043,7.93968510429333,5.1328500208418,0.0350014404797823,0.139051745891753,"F35B12.9"
-0.281355010190749,6.57268932455999,5.13152646271545,0.0350225094650039,0.139073305785328,"mlc-4"
0.279422302381425,6.45297262278898,5.11978641225762,0.0352092061186608,0.139752255179024,"prp-17"
0.25079060641916,7.02827229830893,5.11758062041389,0.035244373544276,0.139829417751967,"vps-4"
0.703864709016353,3.66818841437698,5.11647713953603,0.0352674906739616,0.139846382229726,"R08E3.3"
0.316520719695888,6.18409196310672,5.11534792197465,0.035280107450374,0.139846382229726,"Y47D9A.1"
-0.470319363511199,4.95584072453135,5.11114608253523,0.0353478999009301,0.140052664001412,"ncx-6"
0.31677248160812,6.67217525833921,5.10670570416998,0.0354185292869307,0.140269997278441,"fipr-2"
0.256904942256542,8.92340421116586,5.09426969195567,0.0356187668128681,0.14100020290882,"W05H9.1"
0.307771938912915,6.11674541438866,5.0869472493527,0.0357374703634608,0.141407142412786,"F55A12.5"
0.292643028601503,6.83032635956216,5.0851834525735,0.0357660342294226,0.141457211002579,"ipla-1"
0.436636250566897,4.86788388441842,5.08064413665028,0.0358404792486733,0.141688617607805,"acp-1"
0.376881112449509,5.34133297418373,5.07856615433846,0.0358739632814173,0.14175795890448,"slc-17.5"
0.560862581909307,4.09811094904961,5.07473232195802,0.0359385271688934,0.141949997804812,"R173.3"
-0.576086562405467,4.13376886102072,5.06460816611652,0.0361042361353772,0.142494000972609,"C32F10.4"
0.442223154192036,4.92151789950269,5.06351617474323,0.0361204149419306,0.142494000972609,"rsbp-1"
0.316146532445147,5.89385991733959,5.06324623772784,0.0361243367666473,0.142494000972609,"mrps-2"
0.243972803261373,7.38063178020195,5.06202866224159,0.0361442103967172,0.142509168353531,"tpp-2"
-0.19342546049404,8.95465761568305,5.06046075700576,0.0361699285139721,0.142547355681616,"tsn-1"
0.218875851763655,7.75578492751796,5.05788832321527,0.0362122685906796,0.142650988054822,"tsfm-1"
-0.859913349408041,3.85383345152524,5.05648203732026,0.0362402657519107,0.142698052613037,"C07G2.5"
0.63107467616023,4.13902486488601,5.05385463304347,0.036281109868942,0.142795638709501,"F59B8.1"
0.471261968108994,5.13935978142906,5.05175022001712,0.0363140153935687,0.142861907462044,"brf-1"
-0.279188409904411,7.12710897785432,5.05035768333034,0.0363365777285318,0.142887444752046,"htz-1"
0.452215726537463,5.42907911660387,5.04569755295883,0.036413983821137,0.143128527919421,"R05D11.9"
0.552831321347672,4.06926983826791,5.04471825606253,0.0364324113443342,0.143137679744797,"sygl-1"
-0.540363536103893,4.37719521937384,5.03764475941726,0.0365489880462059,0.143532267101951,"C49C3.6"
-0.321420891946003,5.79978940436872,5.03170138281298,0.0366466098458845,0.143852100723956,"F17C8.9"
0.512414048457293,4.56911958316309,5.02842898475498,0.036702229771192,0.144006851233746,"smg-8"
0.243746149090268,7.38302804673349,5.02393441939997,0.036776358935449,0.144234057033558,"F42A10.5"
0.245721659848666,7.22584926236777,5.01970252889371,0.0368473606696154,0.144448802342835,"arp-1"
0.372054418813766,5.52636152371486,5.01642298061594,0.0369027258520999,0.144602087065236,"nsun-4"
0.547079254781795,4.4440659049042,5.01258129215907,0.0369685423351811,0.144739522640373,"nlp-25"
-0.520180447984889,4.3460639360519,5.01249053730613,0.0369703583304788,0.144739522640373,"sma-10"
0.505286887949604,4.65790206448623,5.00964277414695,0.037017716701895,0.144861144012565,"F33G12.3"
-0.60758250236897,4.88664874195192,4.99977649868223,0.0371844990216917,0.14544979357759,"asns-1"
-0.614720441490297,4.18263288683089,4.99497797110595,0.0372675583615598,0.145689330197794,"ung-1"
0.23786471645095,7.56432429354303,4.99419829497226,0.0372785093015388,0.145689330197794,"yop-1"
-0.335376041626859,5.70984605919663,4.99141668200299,0.0373261018300145,0.145768132487254,"capg-2"
0.664319753090511,3.86822323908936,4.99131293212851,0.0373314630157999,0.145768132487254,"K03B4.4"
0.727878728323191,3.50282013122529,4.99049916423332,0.037349561689438,0.145774781817732,"K11E4.2"
0.201128723880566,8.41800469691696,4.98583943523889,0.0374210561863127,0.145989736969068,"unc-43"
0.335627779282474,6.00519851975749,4.98117934414498,0.0375009683538788,0.14623732878699,"mop-25.2"
-0.279340402126888,6.46764469988694,4.97908926599262,0.0375367448496708,0.146245885675684,"nkcc-1"
0.376601011344117,5.55849723791365,4.97828530089331,0.037550717922388,0.146245885675684,"mel-46"
-0.254318217851028,8.11247256836408,4.97816424577264,0.037552508941355,0.146245885675684,"pqm-1"
0.28418166101608,6.78189287980055,4.97180553313277,0.0376618938162983,0.14656638094505,"ifd-2"
0.552711227235494,4.18436101321882,4.97158385870522,0.0376677742053133,0.14656638094505,"lgc-46"
0.296722862049961,6.1671259151737,4.96979489033705,0.0376965831986718,0.146614313744266,"disl-2"
-0.51072720344373,4.28002398347449,4.96597863191118,0.0377641659138575,0.146771631801833,"madf-11"
0.335724259237211,6.07714470214998,4.96487696880845,0.0377814664207411,0.146771631801833,"F48E8.3"
-0.777919210796282,3.37814419369166,4.96528767755308,0.0377865555274318,0.146771631801833,"col-170"
0.727819924372772,3.68406971063509,4.95920613541386,0.0378850695885127,0.147090023454789,"pitr-3"
-0.387253379904095,6.48955532257501,4.9562102927226,0.0379315200538502,0.147206086773803,"F58F9.3"
-0.334922338120354,5.68539689750962,4.95256087505609,0.0379950713138398,0.147388385275458,"zip-12"
0.362789996819112,5.59812654700202,4.93863333539446,0.0382381751629946,0.148215388669687,"tbb-4"
-0.291250782443515,7.25562566899812,4.93842563809763,0.0382416040499675,0.148215388669687,"ubc-25"
-0.354885248461994,5.5887293654953,4.93536966556493,0.0382954117297091,0.148359261738058,"hpo-11"
0.222311999837308,7.92795658050353,4.92836211204047,0.0384183176542758,0.148770584609828,"hum-5"
-0.395944528133969,5.20378291555268,4.92626951278731,0.0384556785170194,0.148850429993391,"anmt-2"
0.359191073917795,5.49146862164614,4.91945505923744,0.0385758643917062,0.149187228346147,"pept-3"
-0.518369948792027,4.30372395851639,4.91951891010797,0.0385762499120225,0.149187228346147,"lido-7"
-0.251265550403311,7.62630052664595,4.91781974177471,0.0386045144476306,0.149188713530522,"hmg-1.2"
-0.30178004094813,5.98159404713701,4.91750718502896,0.0386101934353539,0.149188713530522,"aakb-1"
-0.389753491479174,5.15875730733648,4.91599199716843,0.0386373914208306,0.14922895183432,"cdt-1"
0.303777020992832,5.9893043719418,4.91030300053388,0.0387380265517573,0.149539349281659,"ppgn-1"
-0.774318127492473,3.33045913512691,4.91010665366322,0.0387551746479995,0.149539349281659,"T04C12.8"
-0.554129066453604,4.219672793031,4.90871782514226,0.0387682150595235,0.149539349281659,"T01D1.3"
-0.698103662667452,3.50109607058448,4.90765666059361,0.0387937349681264,0.149572895750916,"cdh-3"
0.333898397202788,6.04494579046408,4.90606641589152,0.0388134184381437,0.14958299537782,"tos-1"
-0.453234043102319,4.8462758313691,4.90517254107438,0.0388300026242278,0.14958299537782,"wht-7"
0.334925368023731,5.93561589574208,4.9033209423379,0.0388623892242799,0.149621320883345,"K10D11.5"
0.455225229524802,5.33623637581241,4.90270519610961,0.0388736082825923,0.149621320883345,"Y48C3A.20"
0.200459920893324,10.395566616011,4.89714253197415,0.0389726272547415,0.14993752874163,"T19D12.4"
-0.766719377000268,3.27948802678207,4.89564954771394,0.0390148369885959,0.150034998125262,"Y92H12BR.7"
0.422206214377391,5.01882707215946,4.88090817881635,0.0392650942112157,0.150812948257769,"hpo-31"
-0.53033629863696,4.27154822784724,4.88023031442907,0.039278662780744,0.150812948257769,"Y102A11A.2"
0.308979162273515,5.83989608362994,4.88002633755154,0.0392805902455312,0.150812948257769,"mog-4"
-0.447211518629887,4.78956297375284,4.87912499415884,0.0392975576856774,0.150812948257769,"C34H4.2"
0.617378616744284,4.02840019834603,4.8789936962698,0.0393019459130864,0.150812948257769,"ZK896.4"
-0.180255586361197,9.79492550140307,4.8766234757541,0.039341906314817,0.150901160071199,"mdh-1"
-0.611724380736837,3.97468235968792,4.87478383287447,0.0393785678113094,0.150976647869923,"W09G12.7"
0.322230799980401,5.78036984381583,4.86644873714772,0.0395267074484343,0.151479291346564,"Y47G6A.22"
-0.526937584180166,4.8506655011297,4.86047261791895,0.0396362116168179,0.151833501716988,"lgc-32"
0.363513740309841,5.41369377838371,4.85041430075032,0.0398197542722191,0.152470902340353,"Y51A2D.7"
-0.229440360631545,7.32588524418331,4.84737088825889,0.0398753170806426,0.152617926889364,"aly-3"
-0.638123456679275,4.21437056470615,4.84540038113379,0.0399137956158615,0.152699465069116,"moe-3"
0.690424139069208,3.62775958740618,4.84172315699343,0.039985448012387,0.152818399885088,"F44E7.7"
-0.268796347408893,6.56403961112827,4.84070865974429,0.0399979892577848,0.152818399885088,"mlc-5"
-0.548974956517361,4.04757939287054,4.84085219310577,0.0399980919065745,0.152818399885088,"tsp-6"
0.232558263738262,7.22705444108951,4.83985791652241,0.0400136356914279,0.152818399885088,"rpt-3"
0.658708208827185,3.97333648327301,4.83633139078932,0.0400819431015457,0.15301354921247,"Y32B12B.4"
-0.459835451845722,4.57297160353531,4.83488617685221,0.040106613120711,0.153042015989803,"C30G4.4"
-0.429111937930098,4.73180136140699,4.83360692090864,0.0401300223721336,0.153065649468314,"alfa-1"
0.467297545622936,4.65660529136108,4.82244569591673,0.0403372650266476,0.153673273262623,"lag-1"
-0.601318676787865,4.24779980592561,4.82240191648938,0.0403391879313979,0.153673273262623,"slc-36.4"
-0.302338950691028,6.39765099047668,4.82218591261878,0.0403411786969927,0.153673273262623,"kpc-1"
0.362606753499043,5.81775055751944,4.81469820332816,0.0404809417962595,0.154139637477749,"flp-24"
-0.354778938753041,5.48029070232189,4.81278671047518,0.0405168207758267,0.154178436008261,"C27B7.7"
0.298754050403908,7.71771086757208,4.81228845516523,0.0405258131763925,0.154178436008261,"ddx-17"
-0.413922358270308,5.07984410540012,4.81013489882574,0.0405667298083691,0.154268090130971,"W04E12.7"
-0.354226071215687,5.69313939078957,4.78916174880759,0.0409615125604244,0.155702782460339,"F10G8.8"
-0.285233737112219,7.085358132904,4.78552512399213,0.0410302835002545,0.155897542991779,"pmp-5"
-0.480337370445089,4.3468553066238,4.78028865810807,0.0411314707494611,0.156156377886164,"taf-13"
0.409043850718312,4.87678417554892,4.78012906618732,0.0411335324496002,0.156156377886164,"F32D8.10"
-0.256246623651331,6.75037456907527,4.7785802606885,0.0411623551363538,0.156199103507179,"mogs-1"
0.252809889904867,6.83278916199553,4.77215606557037,0.041284934198287,0.156597418923622,"Y63D3A.7"
-0.386232073660264,5.23865516390635,4.76262626872475,0.0414679336788341,0.157224476903418,"div-1"
-0.440207836487051,5.1878652867962,4.75661171309451,0.0415837079065136,0.157562070178432,"T07H6.1"
-0.521665158190087,4.64067146457337,4.75610102455655,0.0415941680194702,0.157562070178432,"C50B8.4"
0.676012730721317,3.72053841388913,4.75548506012986,0.0416101384297557,0.157562070178432,"sex-1"
-0.277901372411603,6.4874433996137,4.75318009945101,0.0416494883909273,0.157620090646418,"denn-4"
0.490704556677216,5.0209049272673,4.75261594437581,0.0416609169968601,0.157620090646418,"pat-9"
-0.507015017913494,4.19100319563182,4.74897927046336,0.0417328413522709,0.157810562342742,"M02D8.3"
-0.256945168735541,7.13639437699953,4.74798427105181,0.0417499005688867,0.157810562342742,"mcm-2"
-0.35206803893671,5.70259661650563,4.74691001457411,0.0417708810404989,0.157810562342742,"Y45F3A.4"
-0.238847121312784,7.99950503145191,4.74631001889809,0.0417822588859313,0.157810562342742,"col-98"
0.293423465959849,5.9444230905165,4.74099394457283,0.0418855875428887,0.15813365556001,"C15C6.3"
-0.648972506044703,4.0770043012835,4.7304744131069,0.0420933110099298,0.158846914185918,"his-4"
0.393546602494101,5.47899405004137,4.72947556036454,0.0421102436999448,0.158846914185918,"gcy-12"
0.522771284769878,4.4889890947615,4.7282721268254,0.0421348142950373,0.158872194188794,"B0198.3"
0.297114105604159,6.99831795392986,4.72688620095271,0.0421606389665359,0.158902179335087,"F35D11.4"
0.811862869986284,3.29671038509815,4.72506534546785,0.0422105460412039,0.159022866462858,"phat-3"
-0.571430910831619,3.89792071792215,4.71734082001354,0.0423517415092113,0.159471672674802,"suds-3"
-0.270975727350769,6.44247756382638,4.71644991802412,0.0423655484037658,0.159471672674802,"let-413"
-0.339950233004539,5.6041114923914,4.71464595152436,0.0424012498285674,0.15953851554202,"unc-59"
0.561336904121175,3.92256778200733,4.70754376623779,0.0425446243047532,0.160010260022657,"F28H6.6"
0.178366123976456,9.30930349348606,4.70269176790447,0.0426372477887265,0.160229875427761,"lam-1"
-0.597653120862992,4.04897564545491,4.70275150400571,0.0426390603151593,0.160229875427761,"atln-2"
0.269570450730587,7.19765606269825,4.70089812784728,0.0426728960924797,0.160256458777158,"Y71H2AM.13"
0.39403244415708,5.45086284349263,4.70044486244254,0.0426821835996299,0.160256458777158,"cpd-2"
-0.259329863883009,6.86846167471888,4.6969889153852,0.0427505894384381,0.160380306635404,"tag-120"
0.410787304216544,5.35849883054374,4.6968990141534,0.0427526970503364,0.160380306635404,"T20D3.6"
-0.197509353329019,8.81573620891944,4.69485808997324,0.0427929059803418,0.160380306635404,"F23C8.5"
-0.452568552598724,4.85002034333662,4.69484940207252,0.0427939161499498,0.160380306635404,"Y65B4BL.1"
0.340395274942606,5.74173557568337,4.69424398382688,0.0428053613368365,0.160380306635404,"msh-2"
-0.608826844418326,4.22722377932893,4.68983065516042,0.042895427194853,0.160589364062716,"lgc-44"
-0.392255463743246,5.2694429993084,4.68964657070112,0.0428972826058881,0.160589364062716,"best-1"
-0.506397490720914,4.19121466779158,4.68584117584807,0.0429751701429978,0.160756624752024,"W02A2.9"
0.49926099166257,4.6219995628827,4.68563536656536,0.0429781236121428,0.160756624752024,"mdt-31"
-0.304739027397783,6.74638267217868,4.68033313656146,0.0430833326734606,0.161079907008711,"F53F1.2"
0.331663688257484,5.49116612211868,4.67947493186048,0.0431007871750899,0.161079907008711,"icp-1"
-0.428695656891734,5.1967997029194,4.6766863663837,0.0431570050112495,0.161222240149168,"ZK673.1"
-0.31591998757142,6.61919254436521,4.67391405651732,0.0432123618511626,0.161361238647075,"lin-24"
0.223468117316102,7.19753392204984,4.66666188267269,0.0433586288774202,0.161813470325457,"C51E3.9"
-0.293902716047459,6.01531088415253,4.66611074898257,0.0433698683821353,0.161813470325457,"ZK131.11"
0.200249169637261,10.1616179629967,4.6645856594241,0.0434005416855387,0.161859989985791,"mig-6"
-0.813026026285038,3.64013076170438,4.65714012766268,0.0435590397423287,0.162285012668723,"wht-1"
-0.597777735117012,5.16276404407718,4.65620147590859,0.0435711415469186,0.162285012668723,"F42A10.7"
-0.333650353258072,5.79128325652133,4.65608332908022,0.0435731924878558,0.162285012668723,"aps-1"
0.250536995847039,6.74108009670225,4.65537249306754,0.0435875166182555,0.162285012668723,"arx-1"
0.238871704740849,7.34489352409694,4.64892653460074,0.0437187750825737,0.162705579430374,"C02D5.4"
0.183686642296282,11.9133553807641,4.64605709399942,0.0437773036414714,0.162824272900711,"act-5"
-0.716692695794723,4.42316837301106,4.64523070000231,0.0437959722296772,0.162824272900711,"Y4C6B.3"
-0.264326556869994,6.68367294698391,4.6446775113483,0.0438056080056801,0.162824272900711,"imp-3"
-0.421788635446975,4.86830837273794,4.63903607436264,0.0439218610829167,0.163188160003432,"nhr-99"
-0.541740653228828,4.01670975969225,4.63680642327412,0.0439699079059227,0.163194865595007,"F40F9.5"
-0.371223212849389,5.38511944888318,4.63610620459585,0.0439815822997443,0.163194865595007,"shn-1"
-0.274952040112431,6.18427771312765,4.635780838639,0.0439880198946799,0.163194865595007,"spr-4"
-0.230416738784127,7.32505801529452,4.63533499484449,0.0439970861355563,0.163194865595007,"K03H1.5"
0.64315850625299,3.67084435647872,4.63302497504618,0.0440503131981112,0.163324159568143,"reps-1"
-0.616551774199679,4.00454364710667,4.63017319446833,0.0441065851856008,0.163464630631587,"flp-26"
0.533611903610365,4.17510920037838,4.62889657205557,0.0441318689464934,0.16349018616803,"tbc-18"
-0.22851037672446,7.14960129876235,4.62319470927902,0.0442474190906403,0.163849980481001,"alg-1"
0.343912699067112,5.97038134893681,4.62124446948082,0.0442878872328348,0.163931559278574,"elpc-2"
0.629744867424804,3.87516427461962,4.62006924871188,0.0443159846050328,0.163961107637356,"F52B5.2"
0.448015942884181,4.8181399864729,4.61911145449092,0.0443327525317966,0.163961107637356,"tra-3"
0.248985584018538,6.81925661020622,4.61660114789307,0.0443840622392343,0.164082618448662,"mrps-5"
-0.419720125042892,5.01176263278489,4.61494952699084,0.0444189476978402,0.164094928409133,"skr-20"
-0.258017649103527,7.18921405881187,4.61466267395006,0.0444243046542328,0.164094928409133,"spp-1"
0.199778882871274,10.3934631877914,4.61243440117258,0.0444705579790799,0.164197562704319,"let-2"
-0.21249847272356,7.68680872792114,4.60723670900238,0.0445788620566774,0.164525309469361,"hrpu-2"
0.363448357290315,5.73218147974465,4.60560639309508,0.0446131019861557,0.164525309469361,"F31C3.2"
-0.570457348858229,4.00636420463298,4.60566695077466,0.0446148376032651,0.164525309469361,"C54E10.6"
-0.256205924282343,7.05784135242218,4.60433127988539,0.0446395820124331,0.164548309980325,"pde-2"
-0.2928440300248,6.0493734815828,4.60282447144847,0.0446711650051701,0.164596489043087,"aakb-2"
-0.235690646285116,7.66518205095827,4.59994100079088,0.0447313610651731,0.164750012937222,"epc-1"
0.305481604661478,6.13823744037819,4.59728692809442,0.0447871204286842,0.164887075665189,"pqn-80"
0.189112047482271,8.36036541030673,4.59436695852317,0.0448482566988602,0.165043812214224,"nst-1"
0.207299879005796,7.81493140309303,4.59104583155228,0.0449180869700839,0.165216852554318,"mpk-1"
0.303095603572286,5.9951651518034,4.5890744828834,0.0449597603309279,0.165216852554318,"jac-1"
0.329731063444895,6.09566036001357,4.58902935327594,0.0449606953990543,0.165216852554318,"Y57A10A.13"
-0.522099557946525,4.24598951085392,4.58869949061972,0.0449696078260543,0.165216852554318,"kvs-1"
0.344025436090086,5.67158188216693,4.57772370806642,0.0451996779159363,0.165993530091115,"F53H8.3"
-0.304518085240649,7.0378508572509,4.57376649805515,0.0452834545341729,0.166232532726396,"Y45F10D.4"
0.305451406882644,6.65024107391075,4.57005316139038,0.0453624210244121,0.166453687712773,"nmt-1"
0.576723128861556,3.8198839783063,4.56727495443923,0.0454257453412649,0.16655033461886,"F29A7.4"
-0.225631833873823,7.51246678126246,4.56705398696873,0.0454262244349045,0.16655033461886,"aqp-1"
0.179721320053309,9.35978618093457,4.56584939326458,0.0454518760738903,0.166575692569233,"tufm-1"
0.223752361962038,7.41653959286343,4.56028464316899,0.0455708017288705,0.166942726893856,"M03F8.3"
-0.706379510561269,3.54455556857126,4.55953232220741,0.0455953669519968,0.166963924040446,"F28B3.5"
0.212296309874824,7.94061963443724,4.55709959091455,0.0456389433664097,0.167054691424763,"T05H10.1"
-0.634275366889941,4.85676725774821,4.54952015858644,0.0458025987001453,0.167584734585593,"K08D9.4"
-0.33935978959225,6.19288451853078,4.54453723730151,0.0459091929166409,0.167905649618204,"trhr-1"
-0.278161500781369,6.19077066403068,4.53793528847917,0.0460518728320598,0.168358224239245,"K04F10.7"
0.27038940727425,6.42528719681321,4.53323247460511,0.0461537896467823,0.168661464755258,"rpoa-49"
0.363604172028586,5.54169668680024,4.53078114485484,0.0462072281383662,0.168787372793021,"C32E8.9"
0.233864329792795,7.20480369396769,4.52473646891168,0.0463385705266504,0.169197630617022,"pbs-6"
-0.306325299013886,5.76660782028543,4.52165257711885,0.0464060244803137,0.169374369316284,"cdl-1"
-0.514834467103438,4.26184677797684,4.51383552088563,0.0465789661994025,0.169868152214106,"Y41D4A.6"
0.29154520261719,6.73732821096493,4.513719473788,0.0465795248113811,0.169868152214106,"ZK1290.5"
0.228874776675063,7.11928788635987,4.50476332447739,0.0467764204818141,0.170516258509147,"jmjc-1"
0.5534007768031,3.94352265995536,4.50359793864113,0.0468054727934232,0.17055223713374,"C25A1.20"
0.476022529851757,4.92427650185681,4.49863578581019,0.0469123767875024,0.170837849183052,"abhd-3.2"
0.26445765124505,6.98431451494707,4.49815715247416,0.0469222840743464,0.170837849183052,"F10C1.9"
-0.172472900123148,10.4487533624981,4.4926807917367,0.0470435045711255,0.171209086836626,"clik-1"
0.214922899890599,7.35360256300473,4.48999688225321,0.0471031496266984,0.171306059418971,"xrn-1"
-0.630382618961746,3.9828765695817,4.48959141890584,0.0471156492842363,0.171306059418971,"F53F10.1"
-0.31923168776995,5.73923094770413,4.48888881750062,0.0471279520120124,0.171306059418971,"pps-1"
0.179757555633609,9.01798756003957,4.48620686596366,0.0471873718482554,0.171451950593722,"atad-3"
-0.451577698497021,4.85933943200688,4.48061547130606,0.0473128842169607,0.171837766982434,"clec-146"
0.294569514628296,5.91541381766503,4.47439509336263,0.0474513482760626,0.172215416907478,"C56A3.5"
-0.316015813563553,6.28528530687191,4.474030515799,0.047459462161807,0.172215416907478,"ddo-2"
-0.509107234466275,4.36458207190168,4.47341233974986,0.0474749732133874,0.172215416907478,"sms-2"
0.413100247035384,4.71425467589512,4.47161670563276,0.0475144446849235,0.172246798283939,"C31E10.5"
-0.179685402583048,9.78178504614376,4.47121890716117,0.0475223705084359,0.172246798283939,"pygl-1"
0.411761381635177,5.08164745624091,4.46949872985238,0.047561607566018,0.17227524433824,"K11D2.5"
0.610307938742493,3.80864952478368,4.46934354325934,0.0475689714149566,0.17227524433824,"T07A9.14"
-0.239481715528264,7.05088175853914,4.46561830467513,0.0476483309243773,0.172444517592521,"F46H5.7"
-0.65010926335071,3.69538638243781,4.46561118405257,0.0476545022747523,0.172444517592521,"T25B9.8"
0.429144281198949,4.60245296451453,4.46422020902173,0.0476809086295019,0.172469877390115,"gcc-1"
-0.446294887330086,4.61353999128846,4.46291127912395,0.0477104334991822,0.172506492168047,"cutl-15"
0.3673717919334,5.3549161048757,4.45717069466806,0.0478392574410815,0.172901966629535,"lpr-2"
-0.193160386672262,8.72152491840518,4.45584820976131,0.047868753108578,0.172938270576338,"gsr-1"
0.406184373800187,5.24404637081167,4.45432687958081,0.0479036872803847,0.172994185056824,"die-1"
-0.509659811674445,4.74416450265443,4.45243519766088,0.0479470830230358,0.173080598927248,"W05B10.4"
-0.742627048517166,3.31480001071791,4.44911014965843,0.0480364373567854,0.173322452491207,"cdc-25.2"
-0.212422449859759,8.09787748247031,4.44745553818738,0.0480591044552731,0.173322452491207,"dlc-1"
-0.29583013064454,5.91653595320872,4.44687200917788,0.0480725641483879,0.173322452491207,"gcsh-1"
0.474530056552402,4.4438098160638,4.44565049062327,0.0481016630428488,0.173357067739752,"lipl-2"
0.388511564356611,5.33867127816405,4.4435168420487,0.0481491593068276,0.173383111605652,"mbl-1"
-0.54137462766073,3.90988332679595,4.44325078999861,0.048158650806961,0.173383111605652,"cdd-2"
-0.35126189581195,5.69944414124761,4.44270930777216,0.0481673923817298,0.173383111605652,"ptp-1"
0.313540908687244,5.82180797059944,4.44054781620738,0.0482166329522443,0.173490118809552,"F43G9.12"
-0.334871810003419,5.62331476859433,4.43519746171864,0.0483389676429587,0.173859935806451,"fem-1"
-0.255884056475308,6.82192379494291,4.4310878808416,0.0484329087250127,0.174076627446696,"cor-1"
-0.297260718851165,6.09504355606887,4.43085269175137,0.0484383732204619,0.174076627446696,"C05A9.2"
-0.211872923622202,7.8419112027686,4.42211469692535,0.0486391126581059,0.174727414401301,"ile-1"
0.424562853560378,4.88857462126071,4.41691720550811,0.0487598492103913,0.175090395528913,"R144.12"
0.232761024176543,7.06323048855525,4.41404780398657,0.0488254977089879,0.175255349265487,"ncbp-1"
-0.194402045226231,8.89087621109497,4.41054884325258,0.0489064823090363,0.175475195403407,"unc-108"
0.193634373699744,8.63513636471255,4.40806670281306,0.0489640839204755,0.175553650643243,"dars-1"
-0.497980792191709,4.64752369512634,4.40795582915566,0.0489678386677811,0.175553650643243,"F18A11.3"
-0.373905587892308,5.01032463093816,4.40487302083916,0.0490390003497374,0.17573790895184,"ced-11"
0.433337580850651,5.09660336401674,4.40326419532297,0.0490763616162321,0.175800939214311,"F09E10.7"
-0.73229129455369,3.2627824165528,4.40256732102828,0.0491087717069568,0.175846189789188,"T27F7.4"
-0.271758299001857,6.50074693976727,4.40020650457998,0.0491471168312627,0.175883767671766,"ver-3"
-0.334138333581645,5.75621041621035,4.39970948594096,0.049158830577476,0.175883767671766,"cup-4"
-0.251284095239274,6.94607391026794,4.39369021141877,0.0492993213052115,0.176288728055043,"frm-4"
0.531162895146836,4.74827049540037,4.39320148053864,0.049311670978843,0.176288728055043,"nlp-50"
-0.405789791074254,5.0318711982653,4.39213231708048,0.0493363890060892,0.176306203638722,"flp-5"
-0.395251456121813,5.39830830060221,4.39107587611335,0.0493608675522938,0.176322809725771,"ZC434.9"
-0.172847717499485,9.89251737673212,4.38767131463341,0.0494403257975244,0.176451045690371,"pdi-3"
0.236092811483486,7.02223736303624,4.3874961932027,0.0494445227204574,0.176451045690371,"acox-1.1"
0.222486009938794,8.67076542339482,4.3869910238046,0.0494563047869086,0.176451045690371,"hpo-34"
-0.662784530498516,3.82971390974223,4.38314628307657,0.0495515342373683,0.176719892059543,"F13A7.11"
-0.376113178199535,5.39368611930349,4.38160342233812,0.0495834439757614,0.176736505251453,"cks-1"
-0.26549544623784,6.28932630987844,4.38106136279428,0.0495959487799319,0.176736505251453,"aha-1"
-0.317948815246297,8.39413488373829,4.37583148143909,0.0497192272424139,0.177104827488903,"Y38E10A.22"
-0.464963692952179,4.66409153843842,4.37301350557124,0.0497870141787064,0.177275267546207,"mdt-8"
-0.420954903255947,4.68019164194704,4.37135725527476,0.0498261876454666,0.177279162587605,"skr-2"
0.556974946673645,4.11636505759629,4.37086202996093,0.049839443844836,0.177279162587605,"mdt-20"
0.383700386220298,4.87739192416149,4.37042742968967,0.0498479255954351,0.177279162587605,"K09C4.10"
-0.455093690274201,4.68720542850108,4.36809459538001,0.0499035498930553,0.17740602243069,"poml-3"
-0.469613928607362,4.55850336721999,4.35302719011392,0.0502628240675533,0.178586256287998,"2-Oct"
0.190615800942022,8.49704555132397,4.35091346857398,0.050312091276838,0.178586256287998,"lmp-1"
0.237306015083248,7.15816662739551,4.34988145332874,0.0503368953857884,0.178586256287998,"mec-7"
0.411101474772285,4.85360338815696,4.34927229807894,0.0503522605953435,0.178586256287998,"Y34B4A.4"
-0.516980234514887,4.21938358906287,4.34923057589492,0.0503547251314882,0.178586256287998,"F18A11.2"
-0.385453430392707,5.15339926464773,4.34827594406944,0.0503758881897168,0.178586256287998,"mxl-2"
-0.312812333147387,6.27082628050001,4.34824723279232,0.0503761478765379,0.178586256287998,"T01G9.2"
0.178141428104135,8.96840986756493,4.34488479827095,0.0504567397796264,0.178800666951239,"paa-1"
0.736902499917635,3.61693344365847,4.33515515148355,0.0506983259895954,0.179540846010034,"R12G8.1"
0.625465177588614,4.06076120111152,4.33445863181457,0.0507110201269678,0.179540846010034,"cyp-13A10"
0.188548156941726,8.97760463267531,4.33370711888724,0.0507261956109781,0.179540846010034,"rps-24"
0.244019811498512,6.98379598242977,4.33249817879315,0.0507555234774492,0.179573163246319,"sin-3"
-0.390731049264212,5.48636728272696,4.32718725334078,0.0508844950220101,0.179955336281145,"lsm-3"
-0.439045087980619,4.67287986780813,4.32641396085771,0.0509040232535237,0.179955336281145,"mtm-5"
-0.324814773682174,6.56205724357445,4.32214747801895,0.0510067072347588,0.180246674890397,"dod-3"
0.401741668338642,5.73814287333481,4.31891828591175,0.0510854845914021,0.180453334724734,"pqn-48"
0.278974210375768,6.38871281523969,4.31721260327833,0.0511269637004234,0.180528131159835,"glt-4"
-0.228332970478388,7.34712567995411,4.31140975515613,0.0512686990389565,0.180956730113284,"inx-5"
-0.564299560271687,4.10599449997314,4.30886107512538,0.0513339162075141,0.181115019444844,"ceh-93"
0.605391065624056,3.61642488555004,4.30409811718667,0.0514545401192954,0.181468590321561,"clec-227"
0.292323260869282,5.86194484484972,4.30090502310848,0.0515267118275463,0.181516904902276,"lin-65"
-0.361959142235225,5.58701171301397,4.30030960601835,0.0515414799700046,0.181516904902276,"F59F4.2"
0.251001303724409,6.83496659098476,4.29928107859822,0.0515665916395396,0.181516904902276,"hpo-27"
-0.357898692667421,5.24936609284327,4.29927546457352,0.0515671353429033,0.181516904902276,"gtf-2A2"
0.30509122290713,6.27091907931286,4.29833682539445,0.0515899102308403,0.181516904902276,"prmt-5"
-0.47265943204735,4.62700108934941,4.29789362482799,0.0516019181040528,0.181516904902276,"sli-1"
-0.44096904695605,5.01396366677355,4.29726248467459,0.0516169738893363,0.181516904902276,"F13E9.15"
0.22646279146506,7.29634153276273,4.29627799278275,0.0516406167236383,0.181516904902276,"tni-3"
0.440664542400713,4.78628793194011,4.29585275940958,0.0516519817121537,0.181516904902276,"lsm-5"
0.554869528499848,3.9982725063938,4.29155107197895,0.0517606030532198,0.181826756912753,"D1086.12"
0.190432233200008,8.48637930535882,4.28623655578985,0.0518890569314228,0.182206005204297,"C46C2.2"
-0.714840443462166,3.9166624836614,4.28473640501187,0.0519306276096573,0.182279988186918,"F53F1.6"
-0.252517204416257,8.57528154797202,4.28154302735234,0.0520056803033475,0.182471390519756,"col-10"
0.250055972717969,7.01978250980304,4.2776612524386,0.052102443712868,0.182738787791365,"rpn-11"
0.211461206684439,7.96790090209597,4.27412894011028,0.0521905212494978,0.182975522251295,"lars-1"
0.432412929890571,4.7826234053443,4.26944123242117,0.0523087091170413,0.183317592731421,"ets-9"
0.350322656188003,5.66078645207809,4.26097281459932,0.0525206336777193,0.183987767544761,"Y37E11B.5"
0.197925062541983,7.81509534407867,4.25976310808024,0.0525508146843913,0.184007938819152,"ZK1073.1"
-0.515079271352028,4.26404255613811,4.2591745719173,0.0525677836689513,0.184007938819152,"B0393.3"
0.33631628574475,5.45253727144737,4.25785202860043,0.0525993232257461,0.184045880676942,"plpp-1.2"
-0.393064770145793,5.06527934131756,4.25684014843697,0.0526251219556141,0.184063713338853,"zipt-1"
0.230869942262981,7.50808878343056,4.25331855376619,0.0527133915606817,0.184299946663791,"daf-16"
0.272825762483196,6.74107067886606,4.25049225700229,0.0527849306384331,0.184477522919146,"rpn-12"
0.647557423041469,3.76998103122869,4.2472008528576,0.0528732731440484,0.184658282540666,"T09B9.3"
-0.403957423203384,4.80691404389489,4.24684367898179,0.0528781900065837,0.184658282540666,"nlp-27"
0.277217045084574,5.99281091238467,4.24279023280815,0.0529803447154727,0.184851904456707,"tsr-1"
-0.318320026098501,5.95910327224333,4.24218347451353,0.0529957773481801,0.184851904456707,"his-62"
0.540056643303311,3.91035806501026,4.24231420618729,0.0529960076999377,0.184851904456707,"D1007.15"
0.425757767889617,5.05466664377396,4.23657107975761,0.053139145131538,0.185262290163121,"F56B3.11"
-0.318771343358449,5.64537055720844,4.23592205496038,0.0531553371056262,0.185262290163121,"C13B4.1"
0.417695270343949,5.16347132037764,4.2343698567126,0.0531952205537829,0.185328646529657,"acox-1.4"
0.457274642762198,4.50450710473219,4.23261207918175,0.053240972924944,0.185415389845545,"Y73F8A.5"
-0.622848160913251,3.5728658862978,4.23192111769077,0.0532651017470042,0.185426789206192,"Y4C6B.1"
-0.51461548052583,4.02685359198093,4.23006306031222,0.0533079299330942,0.18550325050299,"immp-2"
0.650425329254531,3.64204877668525,4.22706373327244,0.0533880852601676,0.1856069320923,"pik-1"
-0.212419307953321,7.40010562739252,4.22655145788145,0.0533947625273933,0.1856069320923,"atfs-1"
-0.311555965228697,6.21560543196821,4.22621879248379,0.0534033933308777,0.1856069320923,"nhr-7"
0.376527551177176,6.47933948129826,4.22552230616716,0.0534212281210432,0.1856069320923,"abcf-2"
-0.223510132505919,8.1456916112756,4.22325699240816,0.053479269082896,0.185736008365636,"trap-2"
0.29442103782195,6.33237795411811,4.22178191354015,0.0535173076077682,0.18579554156215,"nhr-34"
-0.608363438032662,3.9219540399735,4.21760942878166,0.0536286265870417,0.18610933605987,"H13N06.2"
-0.244179180131222,8.48242456725723,4.21316303734692,0.0537392937632151,0.186420624599588,"rps-6"
0.194757035332434,8.00492711940951,4.20343608854376,0.0539912430734499,0.187192341444877,"mma-1"
0.501170466957573,4.20228814870448,4.20303800229985,0.0540038641104611,0.187192341444877,"C04E6.11"
0.362478911456163,5.77892649375982,4.20008960073351,0.0540784648925226,0.187309656943145,"pisy-1"
-0.296549548816918,5.81928267472694,4.20003633221091,0.0540798435916155,0.187309656943145,"cri-2"
-0.18088856213038,9.86167730697445,4.19743359344774,0.0541473860432253,0.187416308975187,"fat-6"
-0.308268166508041,5.79498858616515,4.19723513498883,0.0541527947089479,0.187416308975187,"nab-1"
0.160318504619653,11.595982294775,4.1939417358902,0.0542384620273361,0.187570056466891,"npa-1"
-0.202822821572524,8.15178601519948,4.19390560716753,0.0542394123469099,0.187570056466891,"trap-1"
0.231205982050631,7.42439546502694,4.19287268576257,0.054266444962385,0.187590576267716,"npp-7"
0.240079711234575,6.85154097529105,4.1873209949173,0.0544117277604455,0.18801969355543,"B0238.11"
-0.636301076102658,3.72144419694382,4.18484752348996,0.0544824514533016,0.18819093856694,"gsto-3"
0.245148655124778,6.93550122998181,4.18360599476995,0.0545091682458252,0.188210102863547,"rpl-24.2"
-0.435018552381781,5.06274881693914,4.17597382963221,0.0547105786874297,0.188832203070628,"egrh-3"
-0.43745211137153,4.50901484306765,4.17415701733096,0.0547592905947206,0.188926989785666,"mbd-2"
0.457549644081254,4.39476942253327,4.17235226943197,0.0548071708457409,0.189018834751545,"ZK637.2"
-0.841047014864926,3.11582765212437,4.17149484834527,0.0548550429372318,0.189110580362516,"F09E5.10"
-0.316216929370337,5.91646072311507,4.1695676354682,0.0548793259385712,0.189120963922417,"C34F6.10"
0.220664936983112,7.12006186253612,4.16611843338159,0.0549705591510621,0.189361968776479,"cdr-6"
-0.549867964155439,3.99641012261845,4.16432871945766,0.0550214158349862,0.189463752203278,"F39H12.1"
-0.244372955805875,6.45185841410193,4.16199568773031,0.0550800322583441,0.18955075947638,"bca-2"
0.213225390757733,7.15465965873583,4.1616443718551,0.055089322065793,0.18955075947638,"rpn-10"
-0.251434342718806,6.82396867151877,4.15906275078202,0.0551580031678301,0.189713658090978,"aly-2"
-0.199570100183157,7.98780620702815,4.15707044667574,0.0552109683892049,0.189757824760137,"scd-1"
-0.700598846556099,3.50079971136303,4.15635322796167,0.0552399381451846,0.189757824760137,"ZK455.5"
0.264457592650166,6.78486288363388,4.1553801472663,0.0552561211262963,0.189757824760137,"ttr-45"
-0.551097977921312,3.99724189972968,4.15550286764568,0.0552562150831172,0.189757824760137,"K09E9.4"
-0.207560326917438,8.94563957711016,4.15283042200619,0.0553240713879498,0.18991749757153,"rps-4"
-0.223210316546208,7.31415668694794,4.1502417887746,0.0553933149908351,0.190080289955583,"obr-4"
-0.320797750014551,5.93731398102937,4.14946462345842,0.0554142516662774,0.190080289955583,"tceb-3"
-0.383910005683835,5.28645822137822,4.14833364662522,0.0554448110722717,0.190111768316069,"F10G7.9"
-0.567925526780051,4.31151607335483,4.14714881909516,0.0554781366021748,0.190152703365434,"F10D2.10"
-0.18352039232694,8.84390624107338,4.14426712690752,0.055553323433685,0.190337032234641,"rps-17"
0.361663260515335,5.33420253634719,4.13257325167066,0.0558686084024334,0.191343527467656,"H03A11.2"
-0.246808043645841,6.41328958836789,4.13009518347788,0.055935257005679,0.191366767514565,"C14H10.2"
-0.296512032282547,6.30752815841507,4.12992485647164,0.0559398754315494,0.191366767514565,"rcan-1"
-0.180457650364843,8.51841385933695,4.129916335834,0.0559399649949786,0.191366767514565,"nid-1"
-0.62697240260995,3.68131706072785,4.12407882718354,0.0561045880859571,0.191844215197133,"F27D9.7"
-0.546123491123849,4.33904811705054,4.12324722764103,0.0561226862813792,0.191844215197133,"frm-9"
0.378633440585437,5.16560307044016,4.12054634442456,0.0561946442428744,0.192016365089699,"T28H11.8"
0.224659376193308,7.2499871982472,4.11648038544571,0.0563048252109577,0.192318940050183,"rig-3"
-0.693880829077544,3.81947713318199,4.114063546923,0.0563758866296593,0.192353543125319,"W09G3.8"
-0.289981086537525,6.48616452569176,4.1133161740678,0.0563911885249358,0.192353543125319,"C47E8.4"
-0.229144481305411,7.23511519206327,4.11299212021646,0.0563999805961969,0.192353543125319,"nipi-3"
0.638612527273408,3.73348260636261,4.11313518601595,0.0564014944244412,0.192353543125319,"nhr-36"
0.341376315913875,5.24495810060836,4.11214829842877,0.0564234695203651,0.192354703798146,"exos-8"
0.375145403904023,4.96028276746657,4.11092981580309,0.0564570026847003,0.192395251387378,"stip-1"
-0.194372736170701,9.20804196840745,4.10916721102318,0.0565044608774384,0.192465733785134,"prdx-2"
-0.531239783443239,3.98457973337211,4.10869249599619,0.0565209797450214,0.192465733785134,"Y37E11AM.2"
0.36667781223336,5.10237783708383,4.10273066385029,0.0566815239210973,0.192938525720703,"ooc-5"
0.201535494669602,7.63957150168617,4.10055250835459,0.0567407637072375,0.193066257221986,"C15H9.9"
0.513946119879635,4.0493091376603,4.09938610875149,0.0567758167862519,0.193111624730897,"C45E1.4"
0.390889183303374,4.74623170718349,4.09775336971257,0.0568187730154181,0.193132186935295,"Y4C6B.5"
-0.237387752591287,7.09736151496754,4.09709819388126,0.056835900929394,0.193132186935295,"Y105E8A.25"
0.192913489359477,8.04608872035842,4.09535294690029,0.0568839235177179,0.193132186935295,"ttr-24"
0.50739480832868,4.06843385511383,4.09528514552684,0.056888680568935,0.193132186935295,"Y39B6A.27"
0.387731437538079,4.81299524780594,4.09514833593245,0.0568904732407533,0.193132186935295,"des-2"
0.253133573046618,6.81420922369055,4.09409386089056,0.056918746473467,0.193154417899082,"C46G7.2"
0.276681649064923,5.94702178471562,4.08979805215864,0.0570375256019202,0.19348364751113,"apb-3"
0.402821620820327,5.12413926067621,4.08831221644282,0.0570790440760307,0.193550641067883,"Y37D8A.4"
0.426053944864468,4.88632818418732,4.08267793954335,0.0572354936027666,0.194007157309263,"H43I07.1"
0.560230983885209,3.9985492844484,4.07802771372531,0.0573672971178298,0.194379816568073,"C03A3.1"
0.380631270336876,5.08966589180401,4.07174293100954,0.0575398807836908,0.194890316208684,"C53H9.3"
0.566470101411448,4.27852644834694,4.06934523208835,0.0576083934417424,0.195015415724666,"C14C10.2"
0.349077438404738,5.44868261589168,4.06875662182992,0.0576231335885382,0.195015415724666,"Y57G11C.22"
0.2357723912398,6.59371446054441,4.06805084906017,0.0576426175373323,0.195015415724666,"nud-1"
-0.233617133321077,7.87729232436822,4.06134101290054,0.0578307184967847,0.195577374726098,"T28B11.1"
-0.283187392386311,5.97509771256706,4.06043863131993,0.0578562701523339,0.19558939084578,"C11D2.7"
-0.255901078279823,6.45913303320165,4.05808239851698,0.0579224945041227,0.19572745107037,"F15A4.6"
-0.431703051000422,5.17104631823319,4.05743678483644,0.0579411372418416,0.19572745107037,"snf-6"
-0.334044228344648,5.42594157388532,4.05418676164021,0.0580325650389234,0.195961844193341,"efl-3"
-0.557747009417479,4.38884949624517,4.05128295775691,0.0581160313986266,0.196169185711917,"mif-4"
0.275822763336884,6.49973488684208,4.05012432319113,0.0581470325439027,0.196199342067491,"Y53F4B.39"
-0.392544871991426,5.10124184245637,4.04182990636637,0.0583826582769084,0.196919656578146,"dnj-27"
0.265947397876959,6.16743049143616,4.03925957639437,0.0584552460834191,0.197089720488312,"T20B12.7"
0.514673754418597,4.55488538764232,4.03661710649508,0.0585316955115589,0.19727267050541,"gro-1"
-0.253122804821535,6.48905954050007,4.02554871861348,0.0588467953867474,0.198241346785942,"pqn-18"
-0.230944139555313,7.45873648629785,4.02495607490468,0.0588636998667064,0.198241346785942,"nhr-97"
0.560800721474113,3.97652183097795,4.02114409603116,0.0589765996982057,0.19847699640872,"W03A5.2"
0.190659661354161,9.01029146880686,4.0209627974414,0.058978317907079,0.19847699640872,"T20D3.2"
0.213587128737161,8.15641113686034,4.01361243864605,0.0591900357466251,0.199114115710648,"C28H8.3"
0.226988725413168,8.84210183168895,4.01264812582691,0.0592178712846912,0.199132410587061,"F54E2.1"
-0.293720876131443,5.73077429010785,4.00988475408132,0.0592979911580308,0.199296497242221,"ZK484.4"
-0.243044927293208,7.46893959224785,4.0094101195428,0.0593114983357235,0.199296497242221,"ttll-12"
-0.23430836696927,8.21959300813528,4.00478268005345,0.0594455156230167,0.199671356027292,"acp-6"
-0.434239226001012,4.37867589707487,4.00380335552901,0.0594757425222078,0.19968218339281,"Y39H10A.6"
-0.470109550746051,4.59189213344181,4.00257052823068,0.0595110515489524,0.19968218339281,"lido-15"
-0.317015608621658,5.96609568490565,4.002357061273,0.059516115846468,0.19968218339281,"mmaa-1"
0.254378298931622,6.66409289107767,4.00131135091068,0.0595464086250976,0.199708456841095,"ddb-1"
0.199126491022786,7.72054589079532,3.99532126741363,0.0597206871898648,0.20019673098363,"rpt-5"
-0.561101902751368,3.97462509520364,3.99370477045787,0.0597715416018464,0.20019673098363,"Y22D7AL.9"
0.478635792167791,4.14541297817727,3.99340708644184,0.0597790925724047,0.20019673098363,"pde-12"
0.209097013388498,7.73812697050175,3.99321772379804,0.0597820628457473,0.20019673098363,"cytb-5.1"
-0.207151073412946,8.11314457618773,3.98794993022386,0.0599360768639447,0.200535543181301,"rab-1"
0.22853252680937,6.97268980092345,3.98781473990985,0.0599401204933763,0.200535543181301,"cdc-5L"
0.23948651197658,6.5873632651012,3.98744745836256,0.0599509024604542,0.200535543181301,"dkf-2"
0.196711720122129,7.48154984533041,3.98526292319173,0.0600148534459849,0.200602413986768,"pas-2"
-0.350156840769706,5.28638820718287,3.98523864056517,0.0600160185811272,0.200602413986768,"zmp-4"
0.407795114107975,5.17209253027417,3.98326920631298,0.0600738858127728,0.200720375333094,"che-3"
0.370962422023926,5.21222120650429,3.97913083300261,0.0601954911217915,0.201019373055251,"tsp-10"
0.20591375032636,7.65248276586059,3.97866758596426,0.0602085918846173,0.201019373055251,"rpt-2"
-0.590910768221862,3.75620644931656,3.97665022999043,0.0602735533410455,0.201117490139754,"clec-166"
0.653564648330646,3.70974195854469,3.97633352166438,0.0602832202477161,0.201117490139754,"cpin-1"
0.499046299885539,4.15578607908001,3.97274516899762,0.0603857446874545,0.201383966997809,"Y48C3A.5"
-0.278611286399478,5.87930461197131,3.96937411247392,0.0604830636774768,0.201632890572346,"C06A5.3"
0.405528526048746,4.80761074538743,3.96437189775032,0.0606320001691116,0.202053640743467,"F26A3.1"
-0.345799444977556,5.2398226601876,3.96214536934484,0.0606976953667569,0.20219678138098,"R04F11.5"
0.540308960054153,4.03931723814641,3.96039085370854,0.0607524494172747,0.202303381186888,"acr-23"
-0.390603906171707,4.84291118633185,3.95624203884395,0.0608737638110798,0.202586696874086,"ttr-59"
0.337519326200843,5.51824762864283,3.95584269998167,0.0608850990839997,0.202586696874086,"bpl-1"
-0.333155036809223,5.34201795824209,3.95451447872051,0.0609248289165606,0.202586696874086,"H28G03.2"
-0.181189068416452,9.09965794375409,3.95391723713726,0.0609421876695609,0.202586696874086,"pmt-1"
0.300023534432852,6.27149393897347,3.95361163380945,0.0609514581192418,0.202586696874086,"C36E8.1"
0.456924553799206,4.44913683324046,3.95168498325967,0.0610104505814697,0.202706994065713,"F23F12.13"
0.352109116825641,5.21290800572309,3.94963683121084,0.0610706458549892,0.202831196225891,"prhg-1"
0.480888894756781,4.42736063532193,3.94431970986897,0.0612310868270762,0.203288122845233,"Y18H1A.2"
-0.491289928868664,4.35519917797614,3.94143563776894,0.0613179888310139,0.203500649009535,"C42C1.12"
0.340891412484411,5.34775670549535,3.93662022303676,0.0614614477799658,0.20383555881329,"ipla-3"
-0.221417565806459,7.76517544298569,3.93649549849674,0.0614647546033552,0.20383555881329,"rnr-1"
0.378726601430802,5.09651085205628,3.93562405166361,0.0614916608887203,0.20384875352782,"Y48B6A.13"
0.348734133771618,5.77541125515727,3.92568480676727,0.061791842794339,0.204767526755299,"F22B8.7"
0.390175927810004,4.93275171669205,3.92292593561798,0.0618761279491769,0.20490807355589,"Y18H1A.4"
0.187990206392685,8.43072801240836,3.92106504507778,0.0619318864776739,0.20490807355589,"lec-9"
0.395473614960589,4.88129034506415,3.92037938630498,0.0619535897937113,0.20490807355589,"abts-2"
0.252924082790349,6.41204430979461,3.92021533061858,0.0619578573381276,0.20490807355589,"gst-42"
0.346118443566351,5.23573811871577,3.92015845425945,0.0619599876202178,0.20490807355589,"H20J04.4"
0.252562612743379,6.52106654670503,3.91973266119652,0.061972535124484,0.20490807355589,"nrf-6"
-0.405238878645857,4.80610989159952,3.91619383436147,0.0620811773006343,0.205190984156111,"Y59C2A.3"
0.352322552564247,5.2429436474663,3.91435284992835,0.0621368902695011,0.205216260300307,"F13B12.6"
0.188369668287974,7.89541378445004,3.91368320109442,0.0621568136940901,0.205216260300307,"ola-1"
-0.283479238628228,6.39286432572682,3.91335188164221,0.0621670596931695,0.205216260300307,"Y71H2AM.3"
0.204144588314555,7.5317766474715,3.91288686905075,0.0621811500673746,0.205216260300307,"npp-8"
0.350723159304612,5.58284207556368,3.9111403512473,0.0622348215874663,0.205317179493196,"T12G3.2"
-0.336827943757805,5.50581633507044,3.90354399986388,0.0624676430747427,0.205971634718836,"cdka-1"
-0.242832561559834,6.37579866850746,3.90314958748576,0.0624795297308178,0.205971634718836,"his-71"
0.438054638968781,4.40442228430897,3.89455543864505,0.062745716825006,0.206772486394043,"Y71H2AM.10"
-0.27146961552469,6.07921518481968,3.89123532958963,0.0628467642108288,0.207028744200993,"Y75B8A.6"
-0.532325671787301,3.87520626584512,3.88769531216906,0.06296056004859,0.207283410561972,"F48A11.4"
0.315632999886447,6.14960929958857,3.88723176738822,0.0629706998006847,0.207283410561972,"gck-4"
0.277110809681923,6.01277194068415,3.88227782605893,0.0631244801553883,0.2077127139384,"T03D8.6"
-0.351577211148626,5.29884634875675,3.88100695980091,0.0631643000651167,0.207766848641862,"madf-5"
-0.311880896860847,5.69549355661327,3.87364005118027,0.0633937069430826,0.208444322644581,"acl-12"
0.340584999217352,5.17550364659074,3.86991279694799,0.0635105371528327,0.20875127017591,"crn-2"
-0.399708685376781,5.11553751447676,3.86887027053851,0.0635432563044784,0.208766844451044,"nhr-117"
0.350352108251114,5.16884568327007,3.86826202050932,0.0635622368607554,0.208766844451044,"nhl-1"
-0.206145583406291,7.306040028557,3.86275072929148,0.0637346621401947,0.209255864508298,"apa-2"
-0.220977840330578,6.81660383611613,3.86139855230705,0.0637772077369835,0.209318255440945,"nex-2"
0.422885965122772,4.56666854798326,3.85904667420643,0.0638524670080529,0.20948792773749,"nprl-3"
0.522494656141626,3.81862326089901,3.8580652990173,0.0638866136873636,0.209522641938159,"fbxa-37"
0.192256387593705,8.19747440369395,3.85696907607495,0.0639166019128588,0.20954369749529,"unc-18"
-0.303484591587819,6.83139110463273,3.85504652063273,0.0639773529167886,0.209612962995976,"erp-44.2"
0.234708557526669,6.791406806475,3.85480807112509,0.063984881517386,0.209612962995976,"rpl-43"
-0.190590499475395,9.31747041271213,3.85290512815024,0.0640448862517702,0.209732259176607,"icd-1"
-0.180462040463609,9.99193895954083,3.85056390878999,0.0641189271685446,0.209857515138265,"spp-14"
-0.773386184054362,3.33188230615304,3.85070946686306,0.0641303417647807,0.209857515138265,"gcy-3"
0.199741859396935,7.93300581424693,3.84321960781686,0.0643518435354413,0.210504871550261,"hsp-12.2"
-0.341961283801502,5.27733885590961,3.83976745041604,0.0644621598905045,0.210788180796791,"ZK1098.2"
0.191005115855543,7.6489327294199,3.83836297249811,0.0645064007322877,0.210855297393665,"Y51A2D.14"
-0.232848547929611,6.67499177977703,3.83743493094899,0.0645360828165442,0.210874793209076,"pola-1"
0.294471674142212,5.8786054574185,3.83325095022316,0.0646697511953699,0.211233930153576,"sptl-3"
0.236213815396484,6.93027902048781,3.82940512046609,0.0647926719426152,0.211501832300866,"elpc-1"
-0.397794518383945,4.71344087692761,3.82922870128476,0.0647993466637677,0.211501832300866,"his-67"
-0.380674414305528,4.76436636851555,3.82807989531009,0.0648360759620936,0.211544055551917,"gbb-1"
0.346198803710992,5.08410808902396,3.82628405488272,0.0648932918160538,0.211585455851655,"Y32H12A.7"
0.3697178780974,4.8427655169084,3.82619609460716,0.0648963601515536,0.211585455851655,"C14A11.9"
-0.220561172649385,7.3029830888035,3.82385299489381,0.0649707630235696,0.211750386379237,"set-16"
0.294504905521717,5.72866879448912,3.81240732177713,0.0653399226798265,0.212875504780629,"tads-1"
-0.554600953765628,3.70736091031229,3.80715246885657,0.0655159714879917,0.213370880036533,"Y55D5A.1"
0.238853844520658,6.79929372950088,3.80064128130747,0.065721589141492,0.213962156373858,"F53H1.1"
-0.290614351582016,5.98000352690432,3.79454472479243,0.0659205386679753,0.214531299157016,"pqn-60"
-0.336254177639453,5.62440335069959,3.79374323261935,0.0659468544304359,0.214538413004393,"glod-4"
-0.237477113705551,6.86395138187405,3.79235289068316,0.0659920985158123,0.214607076775453,"clec-150"
-0.431965753348457,4.62124231763294,3.79057622456429,0.0660514472212208,0.214646277035831,"kin-9"
-0.323629124719758,5.49400725058259,3.79051788591586,0.0660524366179321,0.214646277035831,"spdl-1"
0.361930160055388,5.07056450698234,3.78460431551137,0.0662467301702633,0.215199005459924,"scrm-1"
0.210844403747814,7.30952961743093,3.77723293352202,0.0664888631594958,0.21590667726482,"C05D9.3"
-0.294082756532993,5.74666798025526,3.77105252628183,0.0666933652335658,0.216428604802809,"kel-3"
-0.458116836715645,4.20969189940931,3.77097004722815,0.0666982765897759,0.216428604802809,"Y75B8A.28"
0.322564481257415,5.97503400660895,3.7641787077557,0.0669213933879031,0.217039031117881,"ehbp-1"
-0.596563982516363,3.55931397699078,3.76401007876524,0.066935218009811,0.217039031117881,"memb-2"
-0.597563270729078,3.90891618227926,3.76176992335822,0.0670056870556757,0.217188320675178,"gcy-35"
-0.389196900279792,5.10790964755752,3.75971802766935,0.0670703519479009,0.217318695032357,"tag-30"
-0.371800506862239,4.97598317216382,3.75898351712214,0.0670949590408862,0.217319227989989,"cec-4"
0.286645336501601,5.97825491097415,3.75650408875141,0.0671771139879869,0.217467622781924,"mrpl-30"
0.299332056096461,5.87197015205396,3.75612808862958,0.0671896929233994,0.217467622781924,"F37C12.1"
-0.489631135906527,4.4259385714172,3.75467810384175,0.0672397032421179,0.217521789722616,"mig-18"
-0.40254902123231,4.94169077910316,3.75418133828011,0.0672553593462458,0.217521789722616,"C09E9.1"
0.492110907491319,4.17339968814502,3.75324030414629,0.0672885392023286,0.217549964381056,"F20D6.5"
0.316511920687649,5.83396744921457,3.74791752630941,0.0674645936219644,0.21803987709665,"Y55F3BR.1"
-0.298898224697504,6.0533008161889,3.745343131969,0.0675510042499523,0.218239817872938,"smg-4"
0.580757832515049,3.60323959648921,3.74384673773708,0.0676082595394945,0.218284329503949,"ham-1"
0.372740918425625,5.44330100008731,3.74347972025735,0.0676138840910893,0.218284329503949,"T23G7.3"
0.286276212458732,6.07389989853079,3.74274223961767,0.0676384796741694,0.218284472879506,"ubh-3"
-0.250659510553876,6.54419980267242,3.73722921758967,0.0678242763353768,0.218804659251754,"bli-3"
0.205547350150871,7.95478303269997,3.73451615678024,0.0679158405155762,0.219012529385771,"rpl-14"
0.242376316552707,6.65960952075591,3.73386487326833,0.0679379772855649,0.219012529385771,"ufd-3"
0.191871370515959,8.25015027902297,3.73086691779823,0.0680393786463995,0.219259918646299,"dur-1"
0.247927803465373,10.1570335837777,3.72896095560357,0.068104000308101,0.219388647369321,"hrg-7"
-0.175334442432318,8.25772459338095,3.72655573601107,0.0681856641653285,0.219476151317257,"ajm-1"
-0.33976694823837,5.71143467330306,3.72616794520195,0.068199122317019,0.219476151317257,"gpa-12"
0.362621373821443,5.11550611024809,3.72556819179303,0.0682198616970364,0.219476151317257,"lin-18"
0.304823957293962,5.47741479098629,3.72526496393638,0.0682299046497468,0.219476151317257,"csn-5"
0.312427059961148,5.45523915921057,3.72285592442783,0.0683118870840521,0.219660393513312,"bud-31"
0.32561863414529,6.07548841885637,3.71708953865678,0.0685083228290717,0.220212399954185,"sma-6"
-0.438728049305008,4.826209601034,3.71500709095904,0.0685803003325377,0.220302179481524,"Y73C8B.1"
0.318741320306372,5.65571589959764,3.71482597295272,0.0685858095607758,0.220302179481524,"Y71H2AM.9"
-0.323747779519125,5.64022129430784,3.71336203481348,0.0686359254954136,0.220319622866318,"C55A6.12"
0.251607152844788,6.29610705966065,3.71321464528298,0.0686408002856485,0.220319622866318,"mrpl-35"
-0.272890208149025,6.72749409225307,3.71223836448883,0.0686741965645998,0.220347268731814,"szy-2"
-0.246069517113208,6.51722550592761,3.71003851228507,0.0687496163327815,0.220509682112107,"eat-17"
-0.464809076032834,4.29712155283802,3.70606021336187,0.0688882555757116,0.220830788023832,"dhhc-14"
-0.390912422705425,4.75928557164117,3.70570399616626,0.0688994045639535,0.220830788023832,"clec-53"
-0.414246261275809,4.5299222236645,3.70015381382559,0.0690909746273968,0.221364992941328,"kbp-2"
-0.336640711988392,5.13149854445825,3.69917183518035,0.0691240131769822,0.221391066699045,"adm-2"
0.316429125888966,5.78514036303783,3.69699117630001,0.0691989292618023,0.221551199159771,"gln-1"
0.408040499257403,4.83427392203417,3.68991719816959,0.0694445791452422,0.222257650532883,"tut-2"
-0.371258031462123,5.14726880951468,3.68672696653264,0.0695550789123251,0.222492617818219,"pole-4"
0.216590066894656,7.11710653743656,3.68633827266417,0.0695680438122425,0.222492617818219,"ges-1"
0.27043034479183,5.88191261902361,3.68534952616583,0.0696025698675151,0.222507870308268,"timm-23"
0.238484307750574,6.55309066558869,3.68476340988659,0.0696228652792264,0.222507870308268,"stim-1"
0.167648488190916,8.68589963192496,3.68392321119109,0.0696519912518609,0.22252096809928,"snrp-200"
0.251514393730442,6.38457644006848,3.68020241388533,0.0697818237634651,0.222855673520463,"H14N18.4"
0.460153988307955,4.28163074782708,3.67936774820148,0.0698129468266381,0.222875012651935,"T23C6.4"
0.293905786045141,5.91573498770922,3.67703062013183,0.0698926809512085,0.223049471047091,"pak-1"
-0.236620888416486,6.73978400196749,3.675856090899,0.0699336492977232,0.223050696732333,"agef-1"
0.347458265574052,5.22748231420105,3.67559459490353,0.0699432395107123,0.223050696732333,"C46G7.1"
0.479527249863403,4.07889319136308,3.67306286860076,0.0700342895485217,0.223260978263143,"nhr-153"
-0.333001435195312,5.37118139794085,3.66967533048682,0.0701505965662101,0.223551596440923,"rol-3"
-0.532440093945155,3.87713570809953,3.66726549803667,0.0702392982757334,0.223712571053461,"T23B12.6"
0.311591298608757,5.35099965951179,3.66680607609539,0.0702514338523522,0.223712571053461,"T16G12.6"
0.583282707686737,3.79331837491502,3.66477710258295,0.0703273882679597,0.223874260325968,"F30F8.10"
-0.228115399557108,6.68894877595691,3.66281431868787,0.0703916109919475,0.223998501549537,"F53C11.3"
-0.285236268748658,5.67401223601579,3.66160208283777,0.0704345378919101,0.224017267742783,"mvb-12"
0.429834485530956,4.30634186641181,3.66047659546903,0.0704759844361751,0.224017267742783,"B0361.4"
0.420668033165417,4.4673442152916,3.66028989734197,0.0704821275728643,0.224017267742783,"oig-4"
0.525782944673019,4.14533435608732,3.65986346481939,0.0704983116067329,0.224017267742783,"npr-22"
-0.238292042952566,7.53792935861125,3.65907466096869,0.0705234880679395,0.224017267742783,"rpl-38"
0.593414789237442,3.6435462167017,3.651822100776,0.0707869081713571,0.224726372644724,"F35E12.9"
-0.447065522872827,4.24498849624727,3.65140572923029,0.0707972747472581,0.224726372644724,"K07E3.2"
-0.321335849123619,5.36441927638521,3.64997525778994,0.0708461943074593,0.224801396712213,"Y42H9AR.4"
-0.233867529607645,6.63999914428714,3.64768987691261,0.0709270538905269,0.224977679679156,"F53B2.8"
0.378968708868359,5.05211155185187,3.64419470576823,0.0710520462493541,0.225293774323469,"rbmx-2"
-0.18756102167918,7.94550238869556,3.63853864340959,0.0712532073631017,0.225831484762468,"bckd-1A"
0.283539195077454,5.92841666528083,3.6380032583807,0.0712725537662794,0.225831484762468,"T28D6.5"
0.46802291981814,4.04827866522361,3.63737770782155,0.0712978267605722,0.225831484762468,"tag-294"
-0.445032933953989,4.34714799184876,3.63556364763482,0.0713616369926849,0.225953103455115,"clc-2"
-0.282058640172514,5.84712582940823,3.63296654184543,0.0714529461926917,0.226087158835837,"slc-25A42"
0.316121284097009,5.37024780458499,3.63291998611287,0.0714548325642451,0.226087158835837,"ggtb-1"
0.343302855266448,5.24354123608981,3.63189786288576,0.0714915891379644,0.226122987913782,"madf-3"
0.629222570013796,3.69621775611791,3.625455929563,0.0717288675852646,0.226792802880721,"W08G11.3"
0.270949667497393,6.37981946772219,3.62315986264058,0.0718055478594949,0.226899299028786,"sfxn-1.5"
-0.264073383608094,6.45663221837499,3.62281528211224,0.0718179725968535,0.226899299028786,"F45F2.10"
-0.216315455541676,6.76419304376231,3.6222287220467,0.0718391099725601,0.226899299028786,"cope-1"
-0.175192928113985,8.09894709829913,3.61183585013264,0.0722151951928513,0.228006143629134,"nra-4"
-0.570556681154353,4.05984078131488,3.60857358203777,0.0723370793627917,0.228309894431871,"C07E3.3"
-0.493854468567947,4.32863174146882,3.60757345039159,0.0723722350041484,0.228339794684841,"C09E7.8"
-0.171145443670215,8.94624576777737,3.60495029912237,0.0724656798518669,0.228509182335605,"pccb-1"
0.216243141923696,7.32969990343212,3.60463277533834,0.072477324731347,0.228509182335605,"sup-1"
0.307938138628017,5.73734792503866,3.60166817875577,0.0725856953555876,0.228688635196845,"bcas-2"
-0.355055802691189,5.04529281534245,3.60136485698176,0.0725972393910243,0.228688635196845,"hira-1"
0.297544059637996,6.13972402952064,3.60096198784623,0.0726114067214817,0.228688635196845,"rpac-19"
0.215697221995193,7.32484052054793,3.60014546908791,0.0726411409804216,0.228701269283615,"ran-3"
-0.539357136192978,3.96433530657538,3.59673209741553,0.0727698708457374,0.229025459005115,"ntp-1"
-0.303885548314406,5.82035746845716,3.59471495054122,0.0728401396876488,0.229165492555869,"T19H12.3"
0.308385678985314,5.43694941103215,3.59325240711837,0.0728939598564839,0.229253695466572,"Y48A5A.1"
0.270294005907092,6.19693619127921,3.59097766589214,0.0729772561166525,0.229434506412008,"imb-2"
-0.461303936164578,4.48868022809811,3.58666819189924,0.0731372947157085,0.229849038548535,"C07B5.4"
-0.54486270853383,3.85267718207939,3.58611480284151,0.0731608119550506,0.229849038548535,"C05D12.7"
-0.499831726347894,4.34041247738682,3.58485586507319,0.0732045472773248,0.229892744642519,"fbxa-64"
0.24878670751757,6.05019568491327,3.58375984181898,0.0732430971740762,0.229892744642519,"mrpl-17"
-0.477655909210217,4.10583366608573,3.58358675046665,0.0732522939570639,0.229892744642519,"R03E9.2"
0.315022685350262,5.87145088016419,3.57997968111798,0.073382795768253,0.230221043463492,"flp-22"
0.266428052055541,6.52696900707977,3.57822161188567,0.0734477550903838,0.230343559262294,"cnp-3"
-0.45580677618339,4.11589333171172,3.57694193370298,0.0734979548918048,0.230419716834639,"T28F2.2"
-0.42308296355898,4.50080838866276,3.57265897804879,0.0736554963054023,0.230826025919178,"C28C12.4"
-0.302688351820231,5.72441186489102,3.57197829371256,0.0736794805487151,0.230826025919178,"W01F3.2"
-0.383509358752822,4.66060465180314,3.56884018622913,0.0737971602835862,0.231113262445003,"C15B12.4"
-0.323990617524521,5.74275864550677,3.56564868170467,0.0739151203435866,0.231401174286911,"rnst-2"
-0.25574353361763,6.44572418983781,3.56461496107685,0.0739535555436752,0.231440007863012,"C06A6.2"
0.404320533042521,4.40342781715111,3.55511166984783,0.0743108284970273,0.232395423349674,"fbxa-79"
-0.373225579563589,4.87049156176017,3.55464715006262,0.0743274299135547,0.232395423349674,"twk-1"
0.441513366835801,4.33229674328631,3.55441349588643,0.0743372606013354,0.232395423349674,"W01G7.4"
0.396101738954969,4.93628381067126,3.55305052398715,0.074387298532102,0.232470112917019,"F48F5.6"
-0.530407229974428,3.98384876564498,3.55032647768672,0.0744926704719355,0.232717615307793,"spp-4"
0.211624821898225,7.28426047930255,3.5455342194161,0.0746695816036004,0.233188356177594,"moma-1"
-0.521101119520305,4.15491751263455,3.54139842137319,0.0748286283729708,0.233602996792164,"C49F8.1"
-0.441619248396246,4.57931723144197,3.53899426021266,0.0749182168172516,0.233735528590097,"ugt-51"
-0.212022532338134,8.39787929273174,3.53881326070197,0.0749236594850722,0.233735528590097,"rpl-22"
0.577359860806977,3.66853990760121,3.53769664201121,0.0749724174569405,0.233805599301879,"mus-81"
-0.235810408512308,6.83169583948036,3.53630438009158,0.0750188887377939,0.233868492204673,"Y38F2AR.9"
0.193975644476631,7.16029735647736,3.53271930238799,0.0751550464344704,0.2342108369607,"F54C9.9"
0.450243992000249,4.77375534971044,3.53024107193036,0.0752503055214487,0.234289023825864,"acl-3"
-0.272099789293322,6.39968723478327,3.52988917626852,0.0752628049516283,0.234289023825864,"lin-5"
0.268632214843461,5.8698577161259,3.52929976979756,0.0752853458440218,0.234289023825864,"T04F8.7"
-0.277730418559827,5.80031494355578,3.52929522724661,0.0752855405545489,0.234289023825864,"Y50D7A.3"
-0.433825543012305,4.52279760363203,3.5277897816237,0.0753442125158769,0.234389570846278,"C17E4.20"
-0.210836364071531,6.97032276634717,3.52676092083586,0.0753820155839347,0.234425148848116,"F07F6.4"
-0.189694647732497,7.4289635941183,3.52226509785266,0.0755537433124275,0.234665649157241,"C06A6.4"
0.268699756242638,6.37360561948899,3.52202046051132,0.0755631970785378,0.234665649157241,"fard-1"
-0.785851769730356,3.18928893269089,3.52261812265667,0.0755634778696254,0.234665649157241,"ser-6"
0.296550397966383,5.72928494860812,3.52197851785248,0.0755649256031022,0.234665649157241,"smu-1"
-0.671616980004734,3.60394756897488,3.52047484858778,0.0756305803098914,0.234787531262306,"F10C1.8"
-0.189936012853877,7.83994244336185,3.51841380678194,0.075701215221037,0.234924783431148,"rpl-26"
-0.222683901026139,6.51863881671358,3.51673767699807,0.0757656369333966,0.235042665029598,"msh-6"
0.170278538690091,8.58598337850538,3.51374271459184,0.0758805660839558,0.235262855074778,"srap-1"
0.319670692678356,5.22337610379727,3.51352397216099,0.0758895364249761,0.235262855074778,"daf-1"
-0.337526811354108,5.30351407033994,3.51146173515935,0.0759688384934456,0.235335519035993,"C18B12.6"
0.246773263455182,6.23934469829349,3.51080731991399,0.0759936878465461,0.235335519035993,"F57G12.1"
0.409857631058384,4.78611713160031,3.51000090487806,0.0760256144232176,0.235335519035993,"fndc-1"
0.278171949994892,5.70478377576432,3.50976672591118,0.0760338942337139,0.235335519035993,"gtf-2F2"
-0.235060578664641,7.0124726085217,3.50946561908944,0.0760453206827587,0.235335519035993,"pqn-52"
0.250529397570548,6.1748257143497,3.50585997443862,0.0761845316098965,0.235684297335974,"M176.5"
-0.469829817323339,4.12508640732858,3.5044276793402,0.0762426392046664,0.235782019189109,"Y57A10A.29"
0.220107713972129,7.64447157944465,3.50119248176861,0.076364932634046,0.236078100156225,"pas-5"
0.233559443687277,7.08908644351784,3.49791809588702,0.0764919554358338,0.236388590816822,"mrps-18C"
0.541102330517868,3.98664043050472,3.49331782763022,0.0766742518574698,0.236866197383668,"C56C10.9"
0.286344234821577,6.56994467038962,3.4925723823459,0.0766997843063299,0.236866197383668,"C49G7.3"
-0.467239188593932,4.48517628897188,3.48896432543369,0.0768419362732423,0.237193551333729,"kel-20"
0.47449716178361,4.16296819514051,3.48854832663856,0.0768591408606989,0.237193551333729,"F45H11.8"
0.478324350443767,4.09905419886047,3.48754709532789,0.0768985060003628,0.237232691481341,"unc-93"
-0.187934435025349,7.63112631089348,3.48353178982468,0.0770526030157727,0.237625630736467,"C25H3.9"
0.277616269603211,6.25325322935823,3.48143916903199,0.0771346842792244,0.237796282221423,"cid-1"
0.209918710673464,6.94402876087542,3.47851395046516,0.0772493575755653,0.238067257609827,"Y54E10A.11"
0.622020091095077,3.78524747412482,3.47729978278008,0.0773022632703436,0.238147755625996,"ddn-2"
-0.234252992585357,7.16382139660472,3.47576343329622,0.0773574099537472,0.238235099376088,"oaz-1"
-0.346089610608022,4.99643320999561,3.47487021490321,0.0773932351865568,0.238262899599611,"W10C8.4"
0.389030523585294,4.58107572029527,3.47193118327421,0.077509533288641,0.238538338687888,"mtq-2"
0.144473062643196,10.8441777976233,3.46466102046602,0.0777953021691973,0.239334959026413,"pat-10"
0.265785444315128,5.96022982288164,3.46188155413371,0.0779056130518454,0.239522883068744,"agr-1"
-0.455119799953463,4.2701306496698,3.4618166029335,0.0779102663181653,0.239522883068744,"F59A2.5"
0.199193214175315,7.06801647863365,3.45935631898206,0.0780056773856166,0.239697108980541,"trak-1"
-0.531524582756944,4.08518770776081,3.45905233866211,0.0780208563029678,0.239697108980541,"F22F7.7"
0.203897031730121,7.19231500602613,3.45628101417025,0.0781278815081766,0.239932735313747,"evl-14"
0.519918767960866,4.58580462576053,3.45524589985727,0.0781703827291566,0.239932735313747,"C18G1.1"
0.378139886583328,4.8343896735985,3.45503038525567,0.0781785102017685,0.239932735313747,"aars-1"
-0.579697931621152,3.78023374124032,3.45286182392833,0.0782695304192415,0.240035535274029,"gpa-4"
0.475479626896187,3.95344046109324,3.45278362305939,0.0782707812837835,0.240035535274029,"fpn-1.1"
-0.308875638677828,5.59972693496359,3.45214127994811,0.0782929987959378,0.240035535274029,"C34C12.4"
0.305813692430258,5.60024930498711,3.44930908817007,0.0784060034915477,0.240250129708345,"asb-1"
0.275659127253481,5.74423184283038,3.44903126083319,0.0784170370502324,0.240250129708345,"Y45G12B.3"
-0.43426251352477,4.97642043502424,3.44752648829277,0.078477736412579,0.240346969172917,"H32K16.2"
0.534307821315222,3.85261351173065,3.44699452534288,0.0785027104350638,0.240346969172917,"unc-46"
-0.238672757525893,6.38507732593881,3.44103553210063,0.0787370749735227,0.24098152619263,"let-502"
0.312337330990207,5.20985464766904,3.44022748777031,0.0787699434135831,0.240997325229383,"Y54E5B.2"
0.4512084450672,4.23882297895272,3.43961112138769,0.0787964485931635,0.240997325229383,"kvs-3"
0.266559868763435,6.14216371662904,3.43879715912282,0.0788270046894299,0.241007874378859,"sulp-7"
-0.21335809287882,6.9315903349933,3.43668484695854,0.0789118724234633,0.24113828660999,"rsp-2"
-0.235336756344151,6.68432363491619,3.43638636679399,0.0789239021521843,0.24113828660999,"nsy-1"
-0.17563746255612,8.45352449236069,3.43316781774112,0.0790534462532815,0.241446693200183,"unc-32"
0.240639044548151,6.21708492095315,3.43199353837864,0.0791009746051931,0.241446693200183,"K05C4.2"
-0.253086709151649,5.97545514868106,3.43186236714606,0.079106311696337,0.241446693200183,"T05A12.3"
-0.358599493627261,4.87386913446981,3.43018989472488,0.0791745531885846,0.241557933992727,"erh-2"
-0.269562661946479,5.66433677254504,3.4287339822204,0.0792327695988546,0.241557933992727,"drh-1"
0.199920887947851,7.29855779273776,3.42801335936431,0.0792616772510931,0.241557933992727,"scp-1"
0.208257786187453,7.44785817526797,3.42732788797917,0.0792893836709388,0.241557933992727,"rars-1"
-0.40307317630842,4.50989331761681,3.42697589947895,0.0793051472890165,0.241557933992727,"C06B8.7"
-0.243332197199202,6.08537422852709,3.42692636541313,0.0793057709284411,0.241557933992727,"Y55F3AR.2"
-0.197247515561423,7.43664008408893,3.42569957947927,0.079355302447211,0.241626025362381,"ttr-21"
0.303986722205189,5.83646021843535,3.41952986832599,0.0796058384994899,0.242305891851751,"obr-3"
-0.231203998745919,7.11167885712471,3.41884631052817,0.0796334807169194,0.242307076336116,"F56H9.2"
0.268992362271382,5.94590739135579,3.41770352257607,0.0796800959899751,0.24235691761939,"clp-7"
-0.556839944760267,3.57326213974315,3.41730412173542,0.0797043782610612,0.24235691761939,"ucr-2.3"
0.241507160239589,6.46201982994001,3.41592669213883,0.0797523617911956,0.24241991408052,"sem-4"
0.370939450433338,4.60330731623037,3.41294319948347,0.0798751890306474,0.242710289019647,"F53C11.9"
-0.256367543218142,6.44729971584071,3.41053745543322,0.079972262079015,0.242922235102331,"Y57G11C.3"
-0.510752270451728,3.80502861438811,3.40354197215543,0.0802637816034144,0.243724481637964,"cdt-2"
0.556133607849155,3.6571008472763,3.40110197279383,0.0803654058111209,0.243949751815185,"F55C12.4"
-0.262316488412695,5.89695440653176,3.39214757027762,0.0807280393435028,0.244930924646296,"num-1"
0.19526648556244,7.36493553054161,3.39176391033362,0.0807437341287024,0.244930924646296,"prp-6"
0.339108488967509,4.86529012436179,3.39082549355962,0.0807833678137114,0.244967572725685,"Y66D12A.24"
0.240609233747365,6.1075561370102,3.38949957665863,0.0808374884361059,0.245043340479592,"H05C05.2"
-0.324923346647074,5.14473538987196,3.38781782433439,0.0809075851638787,0.245043340479592,"his-61"
-0.173922028588041,8.00299877737801,3.38743958089576,0.0809226140640953,0.245043340479592,"nex-1"
-0.355598379551108,5.30745305156788,3.38712496185096,0.0809361606939902,0.245043340479592,"R13A5.10"
-0.298165607496243,6.06475970651486,3.38687586213525,0.0809461580236825,0.245043340479592,"C53B4.4"
-0.247398880751519,6.10837023315631,3.38614393277813,0.0809764960495931,0.245051744852598,"Y73B6A.3"
-0.409094767175041,4.79118557837791,3.38459700375933,0.0810415382262364,0.245165129761643,"pir-1"
0.408567351726862,4.45741889133767,3.38298878395443,0.0811089111960093,0.245212589972528,"rgs-3"
-0.255890696658922,5.97642005518297,3.38245135863898,0.0811298034632715,0.245212589972528,"mom-5"
0.272198598275444,5.62297960887447,3.3815643063878,0.0811667843565263,0.245212589972528,"exos-7"
0.176629293895516,7.76052234867511,3.38152144517303,0.0811682608340878,0.245212589972528,"pbs-5"
-0.349214268048614,5.08228464705813,3.38089218509048,0.0811951259564866,0.245212589972528,"nhr-90"
0.194371611147784,7.24758290393648,3.37749238283733,0.0813360538709903,0.245480146296924,"unc-11"
0.196121254649153,7.13390493917318,3.37742349380509,0.0813389394883296,0.245480146296924,"fkh-9"
0.339369580752122,5.01157089876158,3.37621590932345,0.0813899568428932,0.245550765622723,"R119.3"
0.275049029989644,5.8476938607654,3.37480353566054,0.0814483778901722,0.24564366615384,"F25G6.8"
-0.279291755180394,5.8771587998153,3.37284956298394,0.0815299960738139,0.245743802937975,"unc-85"
-0.36152502720789,4.78308009144669,3.37270486208344,0.0815368595958863,0.245743802937975,"pef-1"
-0.215576848100545,7.32210875173952,3.36961849400801,0.0816649974344785,0.24604659172821,"daf-15"
-0.418042592870184,4.73990407518397,3.36880374484246,0.0817001987522415,0.246069263924857,"ZC239.6"
-0.509613616884639,3.80656589333193,3.36640043107342,0.0818049964975178,0.246148059277382,"T05H4.15"
-0.367507171516068,5.29691341924959,3.36625164505451,0.08180659435618,0.246148059277382,"Y66D12A.13"
-0.461031096424935,4.20951912060267,3.36623248818913,0.0818094157197914,0.246148059277382,"C37A5.3"
-0.532720470298588,3.93292282720792,3.36479465548307,0.0818714283021829,0.246171755221159,"cki-1"
-0.227724535518086,8.27118616202341,3.364665325858,0.0818726667629026,0.246171755221159,"lpin-1"
-0.224232187466081,7.15662588993216,3.36324300565978,0.0819325135509878,0.246268417167624,"bcl-11"
-0.183097309826754,8.08253442418742,3.3623455719604,0.0819701663791693,0.246298326893273,"ccar-1"
-0.47753524924654,4.05808094749567,3.35946922815793,0.0820945324365989,0.2465886783425,"F59C6.14"
0.313410658654196,5.27696394967325,3.35784729859587,0.0821601373749,0.246646331968258,"aat-1"
-0.166179047900337,9.66139272020241,3.35761954648411,0.0821692087830368,0.246646331968258,"cey-4"
-0.225385682967675,7.53604264084124,3.35673196575068,0.082206691922011,0.24667556458947,"mml-1"
0.192014107906677,7.04226380846573,3.35254104034606,0.0823838262123112,0.247070515767688,"C17C3.1"
-0.297793703507501,5.68233551294925,3.35230816028722,0.0823938903667972,0.247070515767688,"cfim-1"
-0.277051645829444,5.61841620627757,3.35036622912401,0.0824761351471954,0.247233755088912,"gly-7"
-0.206497774710317,6.96494987019131,3.34681325326794,0.0826265635763468,0.247543881578061,"M01G5.3"
-0.301663160427854,5.37942971271611,3.34661652897574,0.0826352761808215,0.247543881578061,"gip-2"
0.258365649376752,6.00186332311335,3.3424192280563,0.0828134438111464,0.247933596532924,"usp-39"
-0.207914567624797,6.96376173461302,3.34141598224586,0.0828560518574556,0.247933596532924,"aat-5"
-0.450163948073547,4.34489401126565,3.34087275511282,0.0828811563981108,0.247933596532924,"bus-19"
0.175696668398093,7.58598788707189,3.33995050549961,0.0829184177407452,0.247933596532924,"cah-3"
-0.341193175859445,5.08761755386498,3.33974937093422,0.0829276696471089,0.247933596532924,"F37C4.4"
0.251302112073675,6.32885080281154,3.33878400016012,0.0829682815958625,0.247933596532924,"cyn-15"
-0.339355215202994,5.08562960810852,3.33839008087659,0.0829856419293283,0.247933596532924,"R05G6.4"
-0.437110516622906,4.54473342345742,3.33834314001695,0.0829884583603624,0.247933596532924,"pho-6"
-0.450072693280114,4.3456297078003,3.33742289391628,0.0830282771358589,0.247948144758883,"wee-1.3"
-0.199983894318729,6.98438453454215,3.33688909794641,0.0830491030358739,0.247948144758883,"C37C3.18"
-0.304910662512977,5.76319617392497,3.3336111203979,0.0831893918680371,0.248283612990506,"R06C1.6"
0.242745522695938,6.42313224048696,3.33143650879821,0.0832823728484264,0.248477710401127,"F53H2.3"
0.25263728981007,6.68721957661722,3.32921848905282,0.0833774394379027,0.248641117859334,"clec-56"
-0.361332654485997,4.91333915633358,3.32887201468557,0.0833930731589849,0.248641117859334,"otub-4"
0.552810196013413,3.74703255170641,3.32476026306225,0.0835744037138614,0.249098231116306,"tcab-1"
0.424602679778346,4.73662075051005,3.32295438611716,0.0836476712886332,0.249176085552128,"F52C12.6"
0.356447374094512,4.8993647699075,3.32274218595602,0.0836565757927233,0.249176085552128,"gtf-2E2"
0.481015274505709,4.27493570696078,3.32211127514198,0.0836851152717107,0.249177615499256,"ZK757.2"
0.199922913164458,7.08135988849851,3.31924613071902,0.0838065115793453,0.249455538818868,"car-1"
0.372718331513152,4.83052118308069,3.31631186220413,0.0839341343165824,0.249751803282709,"B0294.1"
0.421213797502453,4.3569998101716,3.31551699918232,0.0839694755946459,0.249773371532953,"slc-36.3"
-0.325666216213312,5.32198191324107,3.31304466211029,0.0840750664141159,0.249951795669598,"Y92H12A.2"
0.416623374201097,4.21939188905132,3.31236686947869,0.084106321238958,0.249951795669598,"anoh-2"
-0.242651532046863,6.17894970842814,3.31195740856725,0.0841218453786667,0.249951795669598,"sur-2"
-0.212276686905817,6.84559245797433,3.31139613089343,0.0841461118380052,0.249951795669598,"F35G2.1"
-0.374460540837011,4.64094540966908,3.31087220892157,0.0841700231959032,0.249951795669598,"F09C8.2"
-0.174061205999017,7.65106839459956,3.3093944400841,0.0842328778336782,0.250054930490562,"F54D5.7"
0.239346184242296,6.46207296663823,3.30790272464452,0.0842977804754313,0.250164074167911,"dip-2"
0.370016324209798,4.71924669617956,3.30319362088468,0.0845036816225001,0.250691435871087,"cdk-8"
-0.372233737931068,4.70099414977204,3.30223319203354,0.0845456083960987,0.250732156187363,"tag-340"
-0.201604805079228,6.78167559432454,3.30133175671547,0.0845838430877368,0.250761903598889,"fitm-2"
0.154096083645688,9.28979266344007,3.30035288270952,0.084626447467995,0.250804581479315,"bcat-1"
-0.296833446359243,5.79464650333803,3.29900116153664,0.084685734305766,0.250896655685627,"copz-1"
-0.166343980607904,8.15395201604811,3.29745915293074,0.0847528749488259,0.250974941667245,"zip-2"
-0.234303730889923,6.35681735029753,3.29648505148747,0.0847956235871891,0.250974941667245,"ugt-60"
0.328369545851781,5.27820188322872,3.29646606002276,0.0847968422864025,0.250974941667245,"dpf-7"
0.430578767173168,4.24518897280438,3.29527923574551,0.0848505642582611,0.251050371653976,"Y54G11A.9"
-0.227848016290877,6.61660060087543,3.29412391735913,0.0848989752840789,0.251110042997587,"pmp-2"
-0.207901088229455,7.00793147503309,3.29307398987914,0.0849449640327685,0.251162512542516,"Y51A2D.13"
0.20976364431403,8.07755145461309,3.28895265000785,0.0851257845996908,0.251515373361917,"C37A2.7"
-0.553818154922155,3.7089284652482,3.28888933371888,0.0851349552812732,0.251515373361917,"nhr-168"
0.171869086274075,7.92884595528513,3.28833288116876,0.0851530307038219,0.251515373361917,"nfki-1"
-0.181567502695696,8.0466721259338,3.28777732897816,0.0851774591376372,0.251515373361917,"faah-1"
0.246500808498042,6.41740822201567,3.28513898567385,0.0852937217095632,0.251775059667904,"F54G2.1"
0.158464662364854,9.95651619740828,3.28409033462556,0.0853397902938953,0.251827439596091,"hphd-1"
0.476747231378606,3.87664588271026,3.2827362288539,0.0854038054033222,0.251932725229243,"F47G4.4"
0.244317847253162,6.20519350714834,3.27869312720022,0.0855782520776891,0.252363595098751,"unc-98"
0.518013882240625,4.0970961552093,3.27672366242485,0.0856682504263612,0.252545230285404,"cyp-14A4"
0.367124630288846,4.82902109540209,3.27532245484086,0.0857282666271864,0.252631065407211,"C03H12.1"
-0.271792535325346,5.72847112127185,3.27472178435059,0.0857541958608664,0.252631065407211,"hmp-2"
0.216503497181395,6.64696774592414,3.27251312025182,0.0858520114848088,0.252689139060838,"cah-5"
-0.20403542282426,7.23125759241448,3.27229697738249,0.0858615707777233,0.252689139060838,"F56D5.6"
0.476363196186168,4.02806142361812,3.2717468484057,0.0858892400014161,0.252689139060838,"ego-1"
-0.181098055303654,7.73158123142315,3.27093657433237,0.085921915191786,0.252689139060838,"his-41"
0.154890994565728,9.10213691374766,3.27092703692705,0.0859223268901408,0.252689139060838,"ampd-1"
-0.529509656274711,3.62832947110694,3.2705950623386,0.0859444333055869,0.252689139060838,"fbxa-136"
0.228141001467193,6.24280498457148,3.26842809624596,0.0860336014895813,0.252867686229378,"wdr-4"
-0.411611529079433,4.48168627380413,3.26430095087898,0.0862189794279449,0.253328799105703,"rme-6"
-0.462670810744569,4.09711372179738,3.26229870770578,0.0863097953843181,0.253342839446806,"gtr-1"
-0.238356428543377,7.48262625490126,3.26164156871761,0.0863360790388365,0.253342839446806,"acdh-12"
-0.19756818489175,7.29066913800044,3.26160984748892,0.086337531902697,0.253342839446806,"epg-3"
-0.417425796972394,4.32985815258778,3.2616506469595,0.0863377351843237,0.253342839446806,"clh-4"
-0.359163028212016,4.64836258918232,3.25946660871633,0.0864345629986939,0.253543285919296,"F54B11.5"
0.221302379588322,6.7930908689618,3.25593455559804,0.0865915793203697,0.253895484894235,"ZK177.8"
-0.286452848574687,5.75230796417774,3.25548848747448,0.0866117428505472,0.253895484894235,"M05B5.4"
-0.345816437227216,5.04275304788036,3.2507923183832,0.0868231269919775,0.254414447964009,"samt-1"
0.255334656351797,6.07006036768467,3.25022360067127,0.0868481511615471,0.254414447964009,"ttbk-7"
0.179200225056182,8.66635234576899,3.24963108039847,0.0868746219793871,0.254414447964009,"F59B1.2"
0.20177762102244,7.03987408283284,3.24600596707953,0.0870380427099442,0.254732978630119,"K12H4.5"
0.207782322583528,6.99171586949052,3.24594729745127,0.0870406916070523,0.254732978630119,"madd-4"
0.488004508355879,4.17259973214873,3.24451935750597,0.0871076883848991,0.254845165327456,"Y53C10A.6"
-0.243810636284147,7.08282975626691,3.24356936619416,0.0871480230220468,0.254879300226651,"chpf-1"
0.302215147110457,5.49004355881455,3.24226297448978,0.0872073514669642,0.254968945048596,"scav-1"
-0.396511273262068,4.78984618368149,3.24130053661216,0.0872515489571255,0.254992971076686,"bed-1"
0.34653165039599,5.22155398089174,3.24070130448037,0.0872781734142639,0.254992971076686,"C27A12.2"
0.334495481496438,4.8879468318094,3.24019043181362,0.0873016088131182,0.254992971076686,"asps-1"
0.175572680552445,7.53562465654305,3.23660624465837,0.0874631487193072,0.255380904848394,"B0205.6"
-0.381132005478918,5.33144379757234,3.23531653248731,0.0875221594147692,0.255390363009063,"ptr-5"
0.291175986950567,5.56273622231014,3.23519311019835,0.0875275952329174,0.255390363009063,"F02E9.10"
-0.249974292877765,5.94128768452657,3.23464055438836,0.087552561742394,0.255390363009063,"fhod-1"
-0.138981581324375,10.4231914668999,3.23290305658749,0.0876312907804864,0.255536177871205,"vdac-1"
0.27088308060466,5.55438273504176,3.23097177718818,0.0877194925068899,0.255709510779921,"nlp-3"
0.361631330000847,4.87989865970171,3.22816914987124,0.0878477295122394,0.255925738691554,"hlh-2"
0.203436670420741,9.23339003709104,3.22807225136896,0.0878512377107886,0.255925738691554,"eel-1"
-0.330232167815708,5.33847544374622,3.22735690333167,0.0878843635439271,0.255938380697365,"attf-3"
0.474634492862161,4.16455548567225,3.22602750746799,0.0879472108454291,0.256009347721509,"rga-6"
0.643475954827793,3.45892850169566,3.22577844532762,0.0879663206938712,0.256009347721509,"nhr-209"
0.187802900867089,7.05823781282347,3.2220512748381,0.088126368032998,0.256391210137888,"C52E12.1"
-0.414161208704668,5.01411705452337,3.22110389307584,0.088170437262019,0.25643551118633,"Y71F9AL.10"
-0.32256655268143,5.31946741213971,3.21826894451156,0.0883000773542311,0.256728576767975,"pqn-75"
0.601613933615209,3.47424662997972,3.21441118189194,0.0884865377794066,0.257186599345114,"F14D2.19"
-0.284581265475888,5.40614784280924,3.20773556610371,0.0887847079112538,0.257968901319921,"C32D5.11"
0.204319029251088,7.11836642555006,3.20674767737155,0.0888299680891426,0.258016088298127,"fat-3"
-0.297559293537789,5.85249701213772,3.20486926947981,0.0889169351931016,0.258155163464211,"cdh-1"
-0.170492869812442,7.73179315565738,3.20384646544706,0.0889640153895805,0.258155163464211,"cap-1"
0.230023966889134,6.19757323360703,3.20382956734657,0.0889649556691423,0.258155163464211,"F57B10.8"
0.169250427539767,8.00924924065933,3.20153693697688,0.0890709515686306,0.258376520355542,"upp-1"
-0.467241249654063,4.1910365311649,3.20068924010316,0.0891129120356556,0.258376520355542,"F54D5.15"
-0.522228283989933,3.8415770926993,3.2004038677732,0.0891284206422728,0.258376520355542,"C50F2.7"
0.289472152745084,5.48619210037025,3.19907321551126,0.0891855800387943,0.258457950497041,"aex-3"
-0.293281203853364,5.43812982949142,3.19746263126188,0.0892603993911201,0.258563133971963,"btbd-10"
-0.271923945712494,5.70184693022377,3.1965733379487,0.0893015771525611,0.258563133971963,"F13H10.6"
-0.162576536965606,9.62993956097609,3.19640481737662,0.0893091198321785,0.258563133971963,"tba-2"
-0.509014897814127,3.8070091577239,3.19402193832254,0.0894251971968733,0.25875294058824,"nhr-103"
0.444505973325865,4.27174430241212,3.19379254649407,0.0894328856627669,0.25875294058824,"R04A9.3"
-0.307579160115255,5.27876265222424,3.19265117577807,0.0894843328380392,0.258817567749839,"T10B5.7"
0.334890665876227,5.16978019906338,3.19068137824553,0.089576235662255,0.258952617754077,"lep-2"
-0.393552135044639,4.33834627213263,3.1904328941265,0.089589275920767,0.258952617754077,"R07G3.7"
-0.274777854924443,5.87302175881099,3.18809576681861,0.0896965555934109,0.259109798256986,"ada-2"
0.518507599260238,3.90104355268219,3.18806584931314,0.0897019411804075,0.259109798256986,"usp-33"
0.383239717617086,4.49676434971619,3.18615910276675,0.0897884106427458,0.259275335831326,"C25F9.4"
0.33654787325653,5.14395930726041,3.18430087912743,0.0898744446516003,0.259358327375642,"mob-2"
0.218407658991383,6.73969367661979,3.1838074381081,0.0898970296948585,0.259358327375642,"nhr-45"
-0.352416937377053,5.43702914401123,3.1832568299897,0.0899231483061364,0.259358327375642,"tim-1"
-0.1993930197526,7.62273720163094,3.18302016006664,0.0899338345854351,0.259358327375642,"tbc-14"
0.270046400921684,6.10244690329557,3.18096043344369,0.0900305702701688,0.259475781716013,"T15B7.1"
-0.30433934466803,5.72693063811743,3.1809121502166,0.0900329306707796,0.259475781716013,"D1022.4"
0.19205314662752,7.15312997768928,3.1772270451253,0.0902058438268123,0.259814818044605,"H05C05.1"
-0.336840694265676,5.05303132434357,3.17717353963949,0.0902090139808455,0.259814818044605,"F44E7.9"
-0.274058253735066,6.36548585657453,3.16600621393748,0.0907354013354224,0.261246260775013,"F40H3.1"
-0.412409440296203,4.9568853520433,3.16447900531329,0.0908084575759934,0.261321430904088,"let-49"
-0.243273718843297,6.12829995865867,3.16421506395155,0.0908202925985416,0.261321430904088,"feh-1"
0.242836670467348,5.91575680861567,3.16262010178618,0.0908959762469612,0.26137143132337,"R09H10.3"
-0.457204303523807,4.26910141574482,3.16265452278563,0.0908964644755212,0.26137143132337,"C45B11.6"
-0.354656688388054,5.44855158454201,3.16009754671756,0.0910159656874425,0.26163044000228,"vab-9"
0.242786972568072,6.5471123844859,3.15749559163901,0.0911394098745784,0.261847016951625,"pkn-1"
-0.207501249179434,6.60231479984288,3.1568377720778,0.091170721491732,0.261847016951625,"clh-1"
0.546194444419393,3.68091501704031,3.15643988055242,0.091195931199235,0.261847016951625,"C52E2.4"
-0.220034278102381,6.66024512370862,3.15603165231268,0.0912091116296461,0.261847016951625,"dnj-7"
-0.340215446238844,4.97765480323622,3.15415181510726,0.0912994161548655,0.262021662050649,"T24C12.3"
0.197752241721623,7.21714051825269,3.15319159942493,0.0913444926385657,0.262066435640364,"ugt-48"
0.258819194182761,5.67889876573955,3.14976001444826,0.0915086312484301,0.262452658203159,"cacn-1"
0.223303954145467,7.19925180842969,3.14880751257928,0.091553992868545,0.262457494349501,"maoc-1"
0.538842783942094,3.7102884100765,3.14861056010675,0.0915693563684795,0.262457494349501,"smf-3"
-0.196576438550719,7.03758431798338,3.14710898896794,0.0916353180562153,0.262513482314463,"mcm-4"
-0.41019940605908,4.40351141769588,3.14688287869405,0.0916479416380716,0.262513482314463,"ced-9"
0.2437270962921,5.92174243706953,3.14602486541283,0.0916873950378125,0.262541909591366,"mrpl-18"
0.204357108472506,7.11765933381171,3.14489657554319,0.0917413602510048,0.262611858979937,"adss-1"
-0.262965693975685,6.48041514104321,3.14394717368392,0.0917869584653582,0.262657820313968,"sph-1"
0.363265206774156,4.56845698644942,3.13684224426515,0.0921299577157084,0.263554521895226,"Y119D3B.14"
0.218603570630881,6.67759145682502,3.12716379470629,0.0925965746860447,0.264804163889876,"D2023.4"
0.191636813827309,7.49490426286449,3.12571426567786,0.0926668096429298,0.264862904960454,"cra-1"
0.315519074153524,5.12106224733528,3.12552354269446,0.0926766952347285,0.264862904960454,"ZC247.2"
0.259665389503994,6.41058545528296,3.12442958405384,0.0927292862447911,0.264894138487762,"cpna-1"
-0.530703070234414,3.87571867923121,3.12415470442323,0.09274721101253,0.264894138487762,"T01B6.1"
-0.274487246357786,5.99601449429558,3.12332670831815,0.0927829384080704,0.264911080727731,"sms-1"
0.296818823252996,5.55662257498166,3.12216511910322,0.092839555508447,0.26498763660533,"dhcr-7"
0.174203688744257,7.77585968536259,3.1198513263879,0.0929518341931396,0.265222964637742,"ucr-2.2"
0.230076192570305,6.31249052408773,3.11798527968503,0.0930429170372983,0.265397682187558,"F45G2.8"
-0.294338488406627,6.27161644812606,3.11735097007897,0.0930738648170398,0.265400812087332,"T14A8.2"
0.417339340928148,4.29752142958452,3.1132492193899,0.093276192741179,0.265892475043868,"scrm-4"
-0.183206975971865,8.14174380079541,3.11149247737663,0.0933600062140565,0.266046094631146,"gfi-1"
0.350100063303528,5.05029068923067,3.11081983622619,0.093393670922805,0.266056753660576,"vpat-1"
0.439533040127769,4.27340016478086,3.10255763767624,0.0938008791216434,0.267131203161605,"inx-10"
-0.375431950450959,4.4953765783759,3.10127483962681,0.0938634265765086,0.26722373541202,"pqn-36"
0.267000974532681,5.57375751191151,3.09576969638661,0.09413381433962,0.267835784364658,"sma-3"
-0.169481734977218,8.27368133621368,3.09566486659604,0.094138660008948,0.267835784364658,"Y71F9AL.9"
0.239292546508357,6.24908140990376,3.09434362673832,0.0942041617656536,0.267936405073073,"Y71G12B.10"
-0.610853528198286,3.32897607523073,3.09318473912745,0.0942762246083577,0.26805561656313,"ZC487.1"
-0.148642912288106,9.87738522336321,3.09047248542277,0.0943957539620458,0.268143619727659,"fln-1"
0.190647016679836,7.02616371698215,3.08988418432361,0.0944250326055257,0.268143619727659,"rrp-1"
0.185375630351806,7.30466715296778,3.08988351995512,0.0944250435347449,0.268143619727659,"clec-66"
0.220619689922668,6.75514595759128,3.08980857225625,0.094428801693543,0.268143619727659,"R102.4"
-0.250095994463052,6.20567493469928,3.08922196073726,0.094457970643013,0.268143619727659,"mig-22"
-0.282035474496616,5.59110931636922,3.08833403050081,0.0945022310014916,0.268183637355334,"Y57G11A.4"
0.316813942538319,5.13101425805634,3.08733935241078,0.0945519500152694,0.268239115375163,"tap-1"
0.662665531323529,3.34858626755929,3.08576781764917,0.0946429847345705,0.268287923529875,"K08B12.3"
0.229290705591294,6.59817917969257,3.08484469229031,0.0946754700087408,0.268287923529875,"trm-2A"
0.168003594615188,7.90050766131942,3.08467247674522,0.0946839243362911,0.268287923529875,"men-1"
-0.243903751408633,5.86524968674816,3.08455800283914,0.0946898553634853,0.268287923529875,"vab-1"
-0.236313061260167,6.41757685687559,3.0828612317887,0.0947742596230662,0.268441523513438,"snr-3"
-0.212901491569948,6.55175331804383,3.08169106930037,0.0948325703415564,0.268478945613831,"mrps-17"
-0.192082663214881,7.38572956153288,3.08138299178425,0.0948478650515177,0.268478945613831,"rme-8"
0.165188257285963,9.56775010559679,3.07838461621524,0.0949974773969528,0.268816859177692,"aldo-1"
0.627374178487985,3.33146666979856,3.07060954532888,0.0954006352003691,0.269793860105769,"C25A1.16"
0.216408156151216,6.7186917379789,3.06996183188548,0.0954195318372823,0.269793860105769,"unc-76"
0.561722936588082,3.72101615300215,3.06979521138013,0.0954337746072031,0.269793860105769,"K02F3.12"
-0.22059301902062,7.2177601646422,3.06853016876966,0.0954914397686151,0.269871071513909,"atgp-2"
0.204308506507041,7.17624826447168,3.06747000644852,0.0955447521554965,0.269935936261366,"pbs-1"
0.196158515909098,7.4216021126593,3.06564009023415,0.0956368343513855,0.270036022212204,"spp-8"
-0.38193463882546,4.75175098537881,3.06557996399239,0.095640921600071,0.270036022212204,"gfl-1"
0.220066323590401,7.13883782431699,3.06449645494926,0.0956944676700597,0.270101432398254,"dao-5"
-0.314255010536239,5.15979029457249,3.06359500583715,0.0957404686322809,0.27014551145973,"jnk-1"
-0.368505962304318,4.70308905169235,3.05947528894228,0.09594901550652,0.270648063727306,"F53A9.7"
0.230620108391164,6.15808134419861,3.05845024792429,0.095999821173416,0.270688215713191,"ddl-3"
-0.449895310299894,4.22614867803129,3.0580129169865,0.0960242855656904,0.270688215713191,"ZK652.8"
-0.4567128356288,4.46203455807947,3.05739936248844,0.0960545856006206,0.270688215713191,"C50F4.8"
-0.505539556337149,4.16256538809614,3.05515110985827,0.0961695925853426,0.270926440962066,"lron-4"
-0.341190652052554,5.32926757704044,3.05201686147082,0.096326227425197,0.271212407188173,"Y73F8A.26"
0.49281027106026,3.83136675924448,3.05198436667928,0.0963321090878697,0.271212407188173,"glb-6"
-0.152901043195469,8.76175694025298,3.0509303756254,0.0963809102538939,0.271221352714272,"F27D4.1"
-0.209563054541848,6.57173464516222,3.05063012094467,0.0963962967694409,0.271221352714272,"mog-2"
0.306839661979468,5.25335198416925,3.04860684079102,0.0964996333297367,0.27142620687589,"W10D9.6"
0.342185114598835,4.66282908990119,3.0478985095353,0.0965363629301903,0.27144364415317,"sut-1"
0.195665576293029,6.78308334682666,3.04032031666408,0.0969219869248703,0.27244179125799,"F37A4.1"
0.301544125862232,5.8624936363726,3.03776894586861,0.0970527305714068,0.272723080755492,"C07H6.4"
-0.216690732217912,6.89432447171375,3.03645484161706,0.0971199506527405,0.272825744471885,"catp-5"
-0.308734418453641,5.21078197159109,3.03478529666263,0.0972061002669794,0.272981502676473,"C47D12.2"
-0.276965566844586,5.55171507497563,3.03319942093416,0.0972873100109047,0.273043802781088,"psd-1"
-0.422827746128678,4.20920064110875,3.03319544252053,0.0972897050062406,0.273043802781088,"glb-10"
-0.274937064960242,6.21141740744687,3.03218251493223,0.0973393790818516,0.273097008335987,"W02B12.1"
0.381270735300142,4.65556252178023,3.02876382632303,0.0975164137109655,0.273507392524982,"F09A5.2"
0.36267375019975,4.79914444944099,3.02319995346657,0.0978033364899798,0.274225627477897,"C50B8.6"
0.425669612792294,4.38195978451192,3.0224034478811,0.0978454025085901,0.274257085026442,"Y39E4B.6"
-0.221501975595217,6.84921754465576,3.01873768389987,0.0980334348665297,0.274697532114187,"mnp-1"
0.205680900995373,6.79197272034056,3.016698604452,0.098139217170861,0.274862838132646,"bre-1"
0.20828454931122,6.64274227224518,3.01640910684066,0.0981542583591443,0.274862838132646,"rtfo-1"
0.270717522730153,5.63084807979001,3.00591297465159,0.0987011767283898,0.276307355885426,"unc-26"
0.270882826468455,5.97354581895065,3.00407471339555,0.0987971882043029,0.276489077848428,"C04F12.8"
-0.318130493768407,5.98779921763524,3.00124821621488,0.0989451930518784,0.276587867424711,"glb-11"
0.310342056512717,5.1880262478929,3.00119733281534,0.0989482535996621,0.276587867424711,"lact-9"
0.207703128858168,6.57573829334164,3.00087710241271,0.0989645592123381,0.276587867424711,"csn-1"
0.270546762290308,5.88476703708647,3.00077739276925,0.098969893465522,0.276587867424711,"pha-4"
0.343070499612411,5.25331531504591,2.99991439601886,0.0990154774304063,0.276587867424711,"prx-5"
0.36623203944101,4.61507046682642,2.99985913147298,0.0990191409304753,0.276587867424711,"T23B3.6"
-0.2241868453315,6.18971392499729,2.99783661671038,0.0991241454070247,0.276794213823447,"pph-4.1"
-0.396599841539395,4.96154218000497,2.988440221452,0.0996197847306098,0.278018685570152,"T04A8.8"
-0.552343774255146,3.64195237639105,2.98846179224895,0.0996251863937133,0.278018685570152,"T23F2.5"
0.355666555563019,4.61037905554022,2.98455428207593,0.0998258017562134,0.278375269533922,"C05G5.3"
0.341717410885092,4.74689550713012,2.98442102448443,0.099832623147544,0.278375269533922,"C25G4.3"
0.259244733149789,6.13022253814366,2.98305851805564,0.0999038985265844,0.278375269533922,"tin-10"
0.255204408059678,5.67984810588984,2.98264619176078,0.099925866025917,0.278375269533922,"ckc-1"
0.139711267387693,10.0534999576032,2.98255391891117,0.0999304644543669,0.278375269533922,"F57F5.1"
0.304477425376466,5.47639126244393,2.98236614934494,0.0999408233440873,0.278375269533922,"mys-2"
-0.302933642664458,6.13135434377536,2.98069752416016,0.100029143381096,0.278534016223404,"mboa-2"
0.531911074265269,3.79508093546395,2.97935832880183,0.100105240004534,0.278658637720825,"ncs-4"
0.206627554106945,6.79536136163173,2.97783283985992,0.100181274612921,0.2786856150131,"gld-4"
0.322282159699441,5.43328169470115,2.97761529124867,0.100193167506018,0.2786856150131,"rpb-11"
-0.494727007685397,3.9101691376752,2.97685540727802,0.100237554843675,0.2786856150131,"glo-1"
-0.280824190613945,5.6609411974939,2.97672698473333,0.100240310067697,0.2786856150131,"ebax-1"
0.718878148904783,3.24676562001873,2.97502022615206,0.100348872895316,0.278900227856286,"K03H6.5"
0.258910355370203,6.01945020968307,2.97000219638862,0.100598821084882,0.279445460170927,"C01F6.9"
-0.322555331106308,4.86924966797135,2.96930178694437,0.10063700702027,0.279445460170927,"C18E3.3"
0.274861281380917,5.67383313676646,2.96924589388324,0.100639339047048,0.279445460170927,"F27D9.2"
-0.180028224744757,7.97229353796392,2.9677749989211,0.100717730363841,0.279575816629695,"ubql-1"
0.457209185444945,4.43471941654051,2.95921890632114,0.101178609100367,0.280758424305478,"xpg-1"
-0.350745927476392,4.67514391565421,2.95868293658277,0.101206922719498,0.280758424305478,"tipn-1"
-0.346599637832588,4.78624507475776,2.95720499779438,0.101286320207764,0.280891039603003,"abhd-3.1"
-0.276056210877625,5.42946734071469,2.95632293180401,0.101333219492354,0.280933475056602,"emc-6"
0.322305676271748,5.13356447945952,2.95386985918238,0.101465763120543,0.281213248099985,"F44E2.6"
-0.172083483471546,8.5860135019924,2.95101302791233,0.101619458518568,0.281551450822246,"rpl-20"
-0.262631044496078,5.68576792628679,2.94765499705245,0.101801555762373,0.281927938666429,"F59E11.5"
-0.397512052510382,4.80248690810651,2.94712377072949,0.101831104324157,0.281927938666429,"smp-2"
-0.270536831592481,5.7326190239137,2.94646355552498,0.101866120120199,0.281927938666429,"R02F2.1"
0.259084303015866,5.74195564636918,2.94616724849017,0.101882180512342,0.281927938666429,"sec-15"
-0.537375240352369,4.06658260995225,2.94403152386083,0.102001254334528,0.282084900490287,"his-64"
0.456643408809386,4.15373315156616,2.94399905812298,0.10200235688632,0.282084900490287,"F10G8.9"
0.415643412779348,4.44486352757669,2.94224386175042,0.102096721023962,0.282258067980114,"D2007.1"
-0.195395949124855,6.99784444221472,2.94115560563667,0.102154283495565,0.28232941702178,"ppfr-1"
0.706760363679651,3.09860557300602,2.93902399401654,0.102295511769444,0.282631881647648,"K06A5.1"
0.57515546381807,3.53336899252894,2.93728692595403,0.102373627594487,0.282759839373278,"fsn-1"
0.426695490715554,4.64503006332556,2.93488309837839,0.102497466261984,0.283013966625869,"mff-2"
-0.204171800119251,6.78341198261192,2.93274921432697,0.102612930886866,0.283244821023013,"vps-36"
0.427754558344916,4.18371823824922,2.92816813949563,0.102866359581001,0.283720746644699,"Y57A10A.31"
0.245263646109189,6.34081676776694,2.92802768603285,0.10287162727642,0.283720746644699,"rsd-2"
0.256113905636089,5.60764890397688,2.927290574847,0.102912258718018,0.283720746644699,"cln-3.3"
-0.343303606845928,5.36690374943221,2.92727998421072,0.102912991556535,0.283720746644699,"C49A9.6"
0.318269022893817,5.29267722318139,2.92602106967538,0.102982175238944,0.283740707101798,"C35B8.3"
-0.190386914494984,7.0085458665282,2.92597877523592,0.102984058240637,0.283740707101798,"ttr-47"
0.426079168280198,4.1183172052984,2.92326883285034,0.103135858363015,0.284070915955876,"tofu-5"
-0.455166100719063,4.2102129894692,2.92221839794714,0.103193388786291,0.284086355185063,"F36D3.1"
0.175286507652391,8.2706442944377,2.92195356474841,0.103205368040463,0.284086355185063,"R06C1.4"
-0.293714077193131,5.13929093648361,2.92049906998962,0.103286173673483,0.284151690529947,"hrg-3"
0.27776711200625,5.42916817985332,2.92037057321283,0.103293022583825,0.284151690529947,"dnj-15"
-0.373577880457585,4.50747038168817,2.91838932165949,0.10340349065799,0.284294895031806,"ZK328.6"
-0.45411857795917,4.22452938243615,2.9183058489429,0.103409030540194,0.284294895031806,"mxl-1"
-0.338557872302153,5.59803324760821,2.91435957470812,0.103624950624294,0.284800443895084,"R06F6.8"
0.183802997216177,7.08517122362375,2.91307826052425,0.103695619130696,0.284906597555938,"F42G8.10"
-0.353499255808797,4.7184527728845,2.91008658695701,0.103862548250539,0.285089620175587,"C38H2.2"
0.321110909332288,5.19287253130223,2.90866225853369,0.103941040343068,0.285089620175587,"xbx-5"
-0.362965072786675,4.63564511037116,2.90835088661037,0.103959060392534,0.285089620175587,"F16B12.4"
0.245732677264383,6.30929995916847,2.90826508532715,0.103962647955017,0.285089620175587,"unc-1"
-0.315061359020009,5.38396229345818,2.90825854205193,0.103963326566782,0.285089620175587,"cblc-1"
0.389672457131586,4.53155793158824,2.90769933036044,0.103995440109457,0.285089620175587,"Y59C2A.1"
0.311164027686498,5.00655654225998,2.90755561157918,0.104002690260605,0.285089620175587,"smc-5"
-0.194056765549347,6.79541965407531,2.90725463881119,0.104018752429379,0.285089620175587,"unc-60"
-0.385136824664381,4.48044597850602,2.89969890068057,0.104441315333971,0.286159548423523,"thoc-3"
0.245158583358862,6.8360659132348,2.89822593886521,0.10452204101649,0.286204324215768,"ZK1058.9"
0.233613762179389,6.06017931322111,2.89757875361405,0.104558317170484,0.286204324215768,"Y37H9A.3"
-0.443042905378849,3.96476268006965,2.89728489431309,0.104578451882929,0.286204324215768,"R07B7.8"
-0.252190642462886,6.13103685229189,2.89707614012027,0.104586418780456,0.286204324215768,"erd-2.1"
-0.139355535308713,9.47635110059113,2.8956205260709,0.104667699488787,0.286338620355325,"vha-10"
0.287504984672362,5.32303803824154,2.89202079516937,0.104870010818792,0.286803834570863,"K05F1.6"
-0.456475509715618,3.99429880613972,2.8902377456136,0.104973333002741,0.286998125377421,"lrch-1"
-0.550979606522525,3.70851862607456,2.88737030344263,0.105137416655872,0.287358368117846,"F36D1.7"
-0.290079121290982,5.24067399712403,2.88533898083457,0.10524585921371,0.28749468075979,"F23B12.4"
0.206357726544723,6.57340568567414,2.88522268442618,0.105251961069972,0.28749468075979,"acdh-13"
-0.193501600400045,7.06707540136377,2.88395714217346,0.105323284763133,0.287598567421314,"capg-1"
-0.499147393789689,3.82811592565184,2.88336185966274,0.105361877965249,0.287598567421314,"C24A3.4"
-0.372892327758845,4.62066811513776,2.88284991575233,0.105387035503165,0.287598567421314,"prx-11"
-0.151380028259378,9.00361372121263,2.88186774266011,0.105441125960814,0.287657886136115,"K02D7.1"
-0.248312765635697,5.69072507108769,2.87756295204921,0.105684897327001,0.288234485317289,"eak-7"
-0.24348945249401,5.96332099437705,2.87697211680507,0.105718287870136,0.288237135066966,"ndc-80"
-0.212410030402147,6.45065883298118,2.87475640028924,0.105843835925885,0.288490970330179,"exc-4"
0.506204288882763,3.86439691643986,2.87145896378377,0.106035525455024,0.288876031742547,"T07D3.4"
0.582679018997701,3.34773995062233,2.87135083310176,0.106050091959023,0.288876031742547,"F29B9.12"
-0.233778594204774,6.44108101211955,2.86956725383916,0.106138735201838,0.289012967449966,"ttr-48"
-0.189990206694264,7.3461154022958,2.86909789881329,0.106165375288673,0.289012967449966,"hsr-9"
-0.443683278395824,4.45868161684608,2.8660360947408,0.106341604502521,0.289404103346163,"pqn-37"
0.199703205453217,6.67149324618425,2.86351138082857,0.106484092444867,0.289703202548139,"F33H2.6"
0.330824451036983,5.10909481322467,2.86266802901851,0.106532861601755,0.289747223157298,"ndx-4"
-0.225661848611773,6.16306179104601,2.85920330901082,0.106730657092173,0.290099915835199,"prx-14"
0.431028201248554,4.18423818615723,2.85889525467832,0.10675072564859,0.290099915835199,"C13A10.2"
-0.248417290249784,6.22066373419687,2.85868374968524,0.106760423418375,0.290099915835199,"fli-1"
-0.254990391845461,7.02911555073093,2.85721128866752,0.106844784624435,0.290240446103225,"T04F3.1"
0.565142065066757,3.78484392295715,2.85629852379472,0.10690244444848,0.290291441502381,"vab-2"
0.514112859437693,3.69635452493173,2.85585299240304,0.106928857374907,0.290291441502381,"Y48G10A.2"
-0.589881976713226,3.36239794246545,2.8548063892635,0.106996493145492,0.29031668901894,"Y71G12B.26"
-0.295373793700515,5.2705208650568,2.85428396226792,0.107013335368391,0.29031668901894,"pri-2"
-0.432911156353176,3.93130317370932,2.85394989270979,0.10703611591543,0.29031668901894,"T03G11.6"
-0.383491156935397,4.61265119048025,2.85159866535368,0.107168646998141,0.290587508527134,"pals-17"
-0.128739919124759,10.7390151251951,2.85032816965156,0.107240432164852,0.290693500724908,"idh-1"
-0.261132146579779,5.67083625789315,2.84933718146636,0.107297867319175,0.290760542009993,"spd-2"
-0.167347217404957,7.56505422703892,2.84727379306434,0.107416636943791,0.290993698679844,"asg-2"
-0.532777345650134,3.69271618218974,2.83968366692783,0.107862536999157,0.292112645890802,"mcm-10"
-0.502467538491508,3.88884807056367,2.83821752161177,0.107945556387839,0.292248459757697,"R05D3.8"
0.235781472098752,6.28221403307435,2.83649761588452,0.108041029327368,0.292417897031849,"F58G6.3"
0.378193112477708,5.10071947598964,2.83552925551462,0.108097878083791,0.292419120323485,"rbm-7"
-0.332272073344708,4.79272670487517,2.83458056871041,0.108153436494468,0.292419120323485,"abhd-5.1"
-0.415630049003514,4.70897482522988,2.83441829593221,0.108163043849839,0.292419120323485,"Y43F4B.10"
0.228597654863755,8.3441076625267,2.83421409331674,0.108173708284283,0.292419120323485,"pab-1"
0.283166417903377,5.60538438385408,2.83366640559498,0.108205928001829,0.292419120323485,"T13C2.3"
-0.224079851794621,6.23117647628003,2.83169140066936,0.108320846247426,0.292640730472762,"mpc-2"
0.376569083137678,4.87357401874076,2.82753627325244,0.108564208858237,0.293157942294344,"F58H1.3"
0.256801388483415,6.37898955599629,2.82728278175367,0.108578236865963,0.293157942294344,"symk-1"
-0.264410077532912,6.25584268116627,2.82623839728245,0.108639343239166,0.293233880005898,"C01A2.4"
0.25288575750032,5.9213976963664,2.82364298825518,0.108791384966342,0.293498213639605,"F32A5.8"
0.364750955808637,4.7042076120108,2.82345598690801,0.108803296834567,0.293498213639605,"mage-1"
-0.184008991257363,7.64412620769957,2.82279696308554,0.108840775380419,0.2935102620283,"hmr-1"
0.51045466440891,4.20479415015962,2.82169611972894,0.108907919588315,0.293602278065405,"W01B6.3"
0.321891434025051,5.36185737854458,2.82101252751547,0.10894594330617,0.293615756876373,"C06E1.9"
0.329813471039615,4.6568221004088,2.81859743768572,0.109088583253401,0.293911089001816,"unc-71"
0.232169782440695,5.96285328392719,2.81786247396339,0.109130770318579,0.293935679764462,"kin-29"
0.435156806067506,4.22953005344791,2.81446187468023,0.109333239472059,0.294391832872828,"hda-2"
0.420815806127472,4.28317615218375,2.81311327440676,0.10941256770598,0.294516239622728,"phat-5"
0.435226647658409,4.07736959750257,2.81169970442856,0.109496879095263,0.294568682033623,"pho-5"
0.23149489400471,5.91707103676916,2.81162669352521,0.10949831223947,0.294568682033623,"bris-1"
0.468628014714555,3.97642115331648,2.80904553088628,0.109654371503152,0.294899279199795,"npr-8"
-0.155184986587582,8.53916908553725,2.80685079422647,0.10978056037897,0.295104493304271,"hmg-1.1"
-0.15423146210884,8.03313816571353,2.80657235384753,0.109797060381344,0.295104493304271,"unc-116"
0.289250153660608,5.12820489182359,2.80459480908422,0.109914958409813,0.295229986383773,"mrpl-54"
-0.184775510901952,7.01284960131799,2.80446774947039,0.109921925901476,0.295229986383773,"snr-4"
-0.303405502426416,5.07823080434925,2.80411696430218,0.109943368003225,0.295229986383773,"cgef-1"
0.22786565994292,6.13998439512881,2.80347785204232,0.10998075609043,0.295241214492759,"pcf-11"
-0.321152289749758,4.91877527154525,2.80041401095677,0.110163529565904,0.295642602285074,"B0205.8"
-0.374557051702814,4.91668095381935,2.79756271456439,0.110333295306701,0.29600884990099,"C01G10.4"
0.220440925827539,8.68653015733219,2.79591138057652,0.110430835474689,0.296106683203038,"col-42"
0.137629938551841,9.65873278658317,2.79581856233941,0.11043636953113,0.296106683203038,"larp-1"
-0.167308369086224,7.63757289206256,2.79342170371195,0.110579488769613,0.296401035468986,"sec-24.1"
0.254494419051368,5.63502820668294,2.79021099018662,0.110771811553796,0.29682705742158,"dcs-1"
-0.215789962566105,6.29143833967979,2.78921549387428,0.110831268867267,0.296896900120178,"F25B4.7"
0.285232480408437,5.15583021500974,2.78388019515748,0.111151920435417,0.297625450251037,"mboa-7"
-0.442962378703423,3.91006496124975,2.78363749820217,0.111170185612832,0.297625450251037,"C15B12.1"
0.167163382460495,8.86335101086927,2.78173811308638,0.111280127416969,0.297830106220431,"rpl-21"
-0.424691534049142,4.31502079194182,2.78035021779727,0.111365917811002,0.297970019638163,"tag-296"
0.390092052651768,4.51998401602116,2.77707376753748,0.111562861000791,0.298407159193151,"C05B5.4"
-0.187323208151684,7.04289729142361,2.7697609733283,0.112003947736822,0.299496871978372,"pod-1"
0.300195478108708,4.94395832046097,2.76873855836313,0.112066734462752,0.299574665095709,"seld-1"
-0.235698136739893,6.09471242942511,2.76747447945443,0.112142840417938,0.299688005457134,"nhr-10"
0.241502344281924,6.20833178705089,2.76491306791264,0.112298543147011,0.300013926418292,"Y44A6D.2"
-0.306757574176328,5.60757596547805,2.76407171634924,0.112349931163789,0.30006105075916,"mlp-1"
0.399350664613461,4.14685500550148,2.7619420835193,0.112482063870396,0.300275687594473,"F41G3.21"
-0.316907282285328,5.00664119312714,2.76165135940516,0.112497842242401,0.300275687594473,"otpl-3"
-0.158187772979623,8.48753815210151,2.7610353931944,0.112534609567237,0.300283677569719,"T14G8.3"
-0.587178397709618,3.44385768711551,2.7561482507211,0.112844687846306,0.300961261766382,"tsp-21"
0.22673850952543,6.09474583076717,2.7557745443183,0.112856241899575,0.300961261766382,"F39H2.3"
-0.311071111170391,5.31595996309098,2.75095541539562,0.113151983544781,0.301612481702969,"cyk-4"
-0.228750012737603,5.93218736096533,2.7506850199023,0.113168286914982,0.301612481702969,"spcs-1"
0.44701952827256,3.80769096910038,2.74958882740663,0.113240306483384,0.301684848375094,"D2030.8"
0.225844530775847,6.01234703049964,2.7491380960064,0.113263302651677,0.301684848375094,"cku-80"
0.305467471505394,5.07222963924344,2.74768765171517,0.1133530089966,0.30183336417753,"F55H2.5"
0.318709088827066,4.90537705562169,2.74609790323719,0.113451038954242,0.301970575725878,"paf-2"
-0.520706878418672,3.83883405688432,2.74517924540069,0.113511825561995,0.301970575725878,"F56C11.5"
-0.765815528072239,3.07576992108844,2.74524540612933,0.113533710110999,0.301970575725878,"rpa-4"
0.224425138093721,5.96989579207284,2.74463672839933,0.113540393054955,0.301970575725878,"T22H9.1"
-0.293211982826891,5.76453198712058,2.74336941575441,0.113618604431696,0.302088221292526,"rnf-145"
0.153615529813211,7.98912012146194,2.74259883848533,0.113665889479389,0.302123594427876,"B0495.7"
-0.145682786240072,8.45001671231224,2.74126811387041,0.113748058511048,0.302251640233632,"copb-1"
0.274611225781082,5.44469463136896,2.73970626268453,0.113845020157397,0.302418904756324,"cdk-9"
-0.291803669669284,5.03631504459377,2.73745499981715,0.113984675889578,0.302598222999388,"M04F3.5"
0.270062057018759,5.76435223021488,2.73708826561748,0.114006890038858,0.302598222999388,"F25B5.5"
0.310203553939228,5.5069967375502,2.73682270265784,0.114023464876573,0.302598222999388,"par-3"
-0.62704935867583,3.29818710074105,2.73667525818314,0.114048661035986,0.302598222999388,"T05B11.1"
0.21728531481068,6.45623488892531,2.73475528223255,0.114151387817641,0.302700904641873,"acin-1"
0.381829655724122,4.5771993637233,2.73471041582887,0.114155453072118,0.302700904641873,"thoc-7"
0.198444474148093,7.6620242791062,2.73390163116359,0.114204232700978,0.302739962118187,"pqn-94"
-0.316150550817826,5.26215165136173,2.73297887723396,0.11426207459067,0.302803011977839,"tag-322"
0.580457699844572,3.60416471542123,2.72961017251186,0.11447861725186,0.303286467814746,"F52H2.7"
0.383542626083435,4.20181044157267,2.72735970763064,0.114613656836876,0.303441416954599,"T25D10.4"
0.391676277285805,4.16324780421185,2.72713374861567,0.114627890200236,0.303441416954599,"pigv-1"
-0.28537269508766,5.43669662974527,2.72691202674017,0.114639491570183,0.303441416954599,"emb-27"
-0.422793078520172,4.07656921572654,2.72492791475672,0.114766093276877,0.303686111703783,"W02H5.8"
-0.272822480749964,5.6061892580147,2.71978337638291,0.115084906265441,0.304370264295507,"C48B6.10"
0.211220327891461,6.1705128537679,2.71964964371464,0.115093108599876,0.304370264295507,"Y48G10A.1"
-0.475954954395162,3.75787174049461,2.71867924216011,0.115159480913372,0.304455231876537,"T10D4.6"
-0.264783429649853,5.60599439376068,2.7180219160877,0.115195304120872,0.304459408126835,"Y71F9B.13"
0.248771477341866,6.87241615031387,2.71501526205727,0.115383789140373,0.304851103430526,"Y94H6A.5"
0.393148539524823,4.16405275545367,2.71452323674889,0.115417264079673,0.304851103430526,"F53A3.7"
0.34691549842231,4.72157921407586,2.71403621172117,0.115446368828094,0.304851103430526,"sel-13"
-0.60043166546109,3.19210141080104,2.71123535339154,0.115642045589392,0.305277145883399,"F26F4.6"
0.471159353534756,3.81965293597209,2.7097517022378,0.115719821806463,0.305391788566716,"pak-2"
0.247931172883605,5.91138878846637,2.70708392353305,0.115883530601054,0.305733077321652,"hlb-1"
-0.158066430375777,7.83692788140422,2.70603772374013,0.115949405284655,0.305816126486462,"gsy-1"
0.410956068315617,4.01791874100842,2.70461691843989,0.116042643925396,0.305894208912537,"T10F2.5"
-0.543249884075374,3.45620987656077,2.70414595930302,0.116079870572648,0.305894208912537,"C06E2.1"
-0.257386216067763,5.58479742808273,2.70394297424817,0.116082224819582,0.305894208912537,"Y46G5A.18"
-0.240456698115929,6.0080654287789,2.70332961087491,0.116120898746862,0.305905455039511,"C26C6.9"
0.177993558537071,7.18730131924158,2.70052307692492,0.116298616712158,0.306282879498755,"ntl-3"
0.139790673732495,9.01989918452502,2.69647901405391,0.11655534982456,0.306746970659944,"acs-19"
0.198777560099275,6.72774799834999,2.69600777975919,0.116585436984644,0.306746970659944,"T19D12.6"
0.433128630140627,4.18453427670596,2.69567538211852,0.11660907400838,0.306746970659944,"mdt-6"
-0.598936115068131,3.27950542984392,2.6958386270987,0.116612840043933,0.306746970659944,"C29G2.6"
0.339984891886847,4.60213991184563,2.69286450558574,0.116786823508416,0.307097923430339,"best-17"
0.302583017402576,5.15502999125948,2.69240603416862,0.116815338774199,0.307097923430339,"lmp-2"
0.146930926539554,8.5417523920504,2.69153701676288,0.116870112877546,0.307151100678174,"kars-1"
0.352059933451865,4.82086775620998,2.68688002449409,0.117168649912892,0.307844700465581,"efl-1"
-0.325903815921205,4.81680204651886,2.68469354517046,0.117308677126755,0.30812155046794,"atg-16.2"
0.197144067122922,7.29408040748569,2.68395965101837,0.11735475717452,0.30815154933215,"F15B9.10"
-0.250305330041588,5.6917014137284,2.68292390647594,0.117421400923011,0.308235510955563,"sdpn-1"
0.190466146143053,7.31343282709311,2.6806565951048,0.117566732514949,0.308525920540263,"Y32F6A.4"
-0.440125321338043,3.91079391404043,2.67940218738024,0.117651602004603,0.308620378905015,"C02B8.12"
-0.18731815455842,7.03129989294379,2.67853919388799,0.117702880302009,0.308620378905015,"C16A3.5"
0.239646529744983,5.89978729293271,2.67847942052432,0.11770686141794,0.308620378905015,"haf-6"
-0.225372890479588,6.63562173549177,2.67785730781667,0.117746785210229,0.308634041068439,"F57B10.5"
-0.170740543356391,8.16001104049894,2.67087909713787,0.118196811594558,0.309722325931983,"let-711"
0.25969471808886,5.88900359118753,2.6691977095351,0.118305809558912,0.309916603650055,"F13B6.3"
-0.259559083571017,5.8190136565294,2.66353844201834,0.118672797654722,0.310786404697537,"vab-19"
0.248304193344144,5.55080980290818,2.66282286103317,0.118719392429031,0.310816878117347,"T05A12.4"
0.357010311177381,4.53300879583063,2.65845849447027,0.119004603190941,0.311471865460893,"T28C12.2"
0.218100146290737,6.18606761455257,2.65764647566014,0.119056208690163,0.311509912893387,"T11G6.5"
0.288003188198097,5.35550942270486,2.65699100421787,0.119099287580717,0.311509912893387,"otub-3"
0.447537851284986,4.42503956812252,2.65640103884643,0.119139100509838,0.311509912893387,"K08C7.6"
0.212294680058347,6.36480068273022,2.65606620993554,0.119159286216445,0.311509912893387,"alg-2"
0.404369231404979,4.47585941967866,2.64980077488725,0.119570641199967,0.312483575516349,"oxy-4"
-0.373469838612011,4.82690347442743,2.6493123983548,0.119602025360717,0.312483575516349,"abhd-12"
0.273205791185918,5.3030812842685,2.64825660541556,0.119670775223563,0.312543815059021,"C46F11.4"
-0.231285232343145,6.25202360476003,2.6478759705263,0.119695387501515,0.312543815059021,"hcp-6"
-0.418156180688537,4.09572604374761,2.64636018261452,0.119797904407501,0.312719661798912,"T11F9.12"
-0.342486322710865,4.61032651438147,2.64444273880423,0.119922175955041,0.31295217681722,"5-Mar"
-0.298623823379402,5.26085238013401,2.64374664389047,0.119967148634324,0.312977675618479,"T19C4.5"
0.193960846499097,7.86482088047309,2.64203887981058,0.120079039479888,0.313177688476294,"W03F9.1"
0.241711187736938,5.88184127144772,2.64063567314713,0.120171751837113,0.313327579350081,"pdxk-1"
0.30197808715074,4.92188335115296,2.63883813464917,0.120290984437678,0.313546509127937,"ing-3"
0.446318642196176,3.96544574773082,2.63656453173083,0.120444102406977,0.313852332072197,"swt-4"
0.645437141214366,3.20819105658956,2.63579198334898,0.120510153005548,0.313852332072197,"F28H1.1"
-0.246145277256646,6.32670794550127,2.63516795728242,0.120532851644109,0.313852332072197,"K12H6.6"
-0.531270336431141,3.75569818600351,2.63500356957675,0.120549512318811,0.313852332072197,"rsa-1"
0.319811870994885,4.93312193884515,2.63255307266967,0.120706744819563,0.314146395281704,"Y40B1A.3"
-0.404148877545081,4.68390510263385,2.63216127798922,0.120733127058552,0.314146395281704,"B0457.6"
-0.353244171097409,4.97507525584581,2.62919083731026,0.120929845839472,0.314566196418591,"let-522"
0.497684056101033,3.56066718584279,2.62771679113052,0.12103492868934,0.314747455682047,"T23B12.11"
-0.152859096443284,7.93942259370735,2.62668119181936,0.121095872466209,0.314769598181154,"top-1"
-0.271457276013746,6.8307297105394,2.62640658084023,0.121114249845656,0.314769598181154,"C34B4.2"
0.350950164938851,4.41237811936631,2.62428427220644,0.12125729143325,0.315049263042964,"Y71F9AL.1"
-0.256521973600915,5.43423823663158,2.62188590900348,0.12141588666454,0.315369163989022,"Y54G11A.4"
0.265914936594458,5.69472396422845,2.61947274052107,0.121576957011262,0.315695305136429,"ptps-1"
0.52416212097182,3.39638976006663,2.61892377599721,0.121624699010993,0.315727065374232,"vps-50"
0.4330455024328,4.00773632380557,2.61722948644106,0.121730250369595,0.315908831300663,"grl-21"
-0.27205382071066,5.50268507846944,2.61238123709873,0.122052283684807,0.316474465311401,"klp-7"
0.284100538769283,5.37778968496511,2.61235765023112,0.122053959429696,0.316474465311401,"F19C6.2"
0.289465379692729,5.20568932704113,2.61234393224769,0.122054992863884,0.316474465311401,"homt-1"
0.21157956452408,6.28503975941351,2.61048648307959,0.122179393177597,0.316704660274639,"nhx-9"
0.232877094022039,6.01388146396352,2.60757565629554,0.12237538563239,0.317120242978019,"pus-1"
0.258870457575401,5.97368211571425,2.60371062558163,0.122636152453238,0.317703389120553,"F29C6.1"
0.522565047344389,3.90133006819515,2.60251883489341,0.122720806337764,0.317830087139254,"pdr-1"
0.20030973074619,6.33344698713422,2.60092466551751,0.122824454403525,0.318005889371504,"lpd-8"
-0.321858640718172,4.90019136300584,2.59866950921462,0.12297795562245,0.318310626910977,"dsbn-1"
0.223216444838194,6.08980172990501,2.59260103935821,0.123389335803229,0.319282475153234,"pmp-4"
0.177659271609305,6.80764703055256,2.59096394167563,0.123500710638856,0.319401277884803,"dli-1"
0.35587020719459,4.48203303622636,2.59089246630637,0.123507096318519,0.319401277884803,"npr-28"
0.395360890212174,4.28916734063515,2.58944830102682,0.123606102494337,0.319564366756951,"F22H10.2"
-0.234783534106879,6.0256497214019,2.58735107578913,0.123747200584413,0.319756378608216,"cpd-1"
0.252621338464904,5.95370970528898,2.58670161678498,0.123791573013372,0.319756378608216,"rfc-1"
0.510789645367088,3.69694801815708,2.58651559222437,0.123810294490263,0.319756378608216,"W03G1.5"
-0.56263833463133,3.26198709944594,2.58646881035403,0.123824228044999,0.319756378608216,"tag-63"
0.302725027622497,5.09404204257379,2.58182289517196,0.124125852191404,0.320442204365206,"zag-1"
-0.153660206637823,8.235525978437,2.58078644774631,0.124196207036886,0.320505709096286,"copb-2"
-0.230411081594465,6.12725384725833,2.58040505826457,0.124222547918772,0.320505709096286,"mrps-18A"
0.354657148170807,4.39614002510239,2.5795046714523,0.124285990285424,0.3205763677481,"lin-54"
-0.233282031846419,5.81458985385449,2.57880644611719,0.124332330149939,0.320602884966098,"F55H12.4"
0.304812251520499,5.00355035828267,2.57762898771099,0.124413739976726,0.320719791862299,"twk-30"
-0.406272467191781,4.13528479153171,2.57402239351932,0.124664032754675,0.321271859484585,"C53C11.5"
0.179431736259468,6.90610839310649,2.57318992738542,0.124718551275787,0.321319223237618,"thoc-2"
-0.401863922834801,4.08656985619273,2.57248929915452,0.124769930195873,0.321358473166717,"R10E4.11"
0.288564609451735,5.24631917006981,2.5676411563276,0.125102139756916,0.32212080063097,"R05C11.4"
0.331780883858019,4.56683728539083,2.56642465699647,0.125187181501538,0.322246447808387,"aex-1"
0.432060078887511,4.43929406181878,2.56533334242102,0.125263099957933,0.322343839835168,"Y6D1A.1"
0.479597079447567,3.51765709024978,2.5649351448916,0.125297526765307,0.322343839835168,"E03H4.8"
0.281371417493884,5.26085619193678,2.56070635330141,0.125582925398451,0.322984607959973,"sars-2"
-0.268018970682138,5.33499021697639,2.55819396415889,0.125757604388511,0.323340329849119,"natb-1"
0.41047634855976,4.51179286259605,2.55742541218102,0.125812183482284,0.323387141758019,"C50F2.2"
-0.28302198778453,5.53195920848176,2.55480991204268,0.125993288238896,0.323759053679777,"tag-243"
0.15872329826566,8.42513616414009,2.55408752093922,0.126043314087625,0.323788557432103,"kin-1"
-0.397962787792087,4.47286937231279,2.55362099432634,0.126077604974687,0.323788557432103,"D1014.4"
0.303774418763418,5.48371541946326,2.55192043296191,0.126195070314686,0.323996641688672,"haf-7"
-0.222540872420131,5.8154551043915,2.54840628719276,0.126440832523606,0.324533903570259,"clec-83"
0.275209576157909,5.55758230447801,2.5473174218717,0.126517236389969,0.324636291123582,"aat-2"
-0.466358501393351,3.78096067826399,2.54399164342555,0.12675577855793,0.325154537552958,"R13A1.5"
0.319851067530161,4.79068546859683,2.54216396752158,0.126879835495889,0.325378891662517,"zyg-12"
0.382963053924926,4.55961533559498,2.54114256010394,0.126952130957196,0.325470414169675,"nekl-3"
-0.210472220303989,6.14803110617497,2.54039164043489,0.127003725163698,0.325508826875307,"dod-6"
0.225358862343107,6.17456346145782,2.53877918099108,0.127117344600289,0.325706141452786,"icln-1"
0.418253522543181,3.89942542024275,2.53705573562055,0.127242935440121,0.325934007201993,"gtf-2H2C"
0.312857588210383,5.13324432534773,2.53151156949291,0.127631467932942,0.326835075285653,"prp-4"
-0.481174434599856,3.60191794753891,2.52965819329205,0.127769925218422,0.327063097414028,"rgef-1"
-0.424430163582955,3.81830578207269,2.52927948159076,0.127794083951899,0.327063097414028,"tag-189"
-0.22112188612649,6.00702000411544,2.52736444768962,0.127925211957279,0.327284543579825,"dlc-2"
0.245025166281794,5.79433471864275,2.52695667293188,0.127954231636877,0.327284543579825,"math-4"
0.325196924210194,5.03941129957543,2.52205673313392,0.128303479675578,0.328083473625415,"F56G4.6"
0.564878068515247,3.56306931723194,2.51860247216687,0.128557477405613,0.32863845072263,"T02E1.8"
0.299301207204507,5.03416591644487,2.51790219257666,0.128600067909924,0.328652832361923,"F58A6.1"
0.193504086100832,6.71851768298336,2.51487189036436,0.128816276206021,0.328876241424876,"ttx-7"
0.178588493947899,7.05830032362224,2.51424978303275,0.128860825091814,0.328876241424876,"pat-6"
0.421996378784425,4.04748614527737,2.51427085104517,0.128862487283863,0.328876241424876,"Y43F8B.24"
-0.270248978226633,5.20035507192973,2.51402192201625,0.128877672571326,0.328876241424876,"R09A8.5"
-0.199941514446073,7.19173279167557,2.51390691046867,0.128885392585028,0.328876241424876,"pxn-2"
0.171151170154193,8.49661772837448,2.51357043998326,0.128909425415104,0.328876241424876,"ZK1320.3"
-0.291049636928555,4.90331134207996,2.51253827052691,0.128984360274388,0.328973019850714,"nhr-22"
0.482384381036239,3.85204943462199,2.51070418577011,0.129119744748217,0.329132816843227,"slc-25A26"
0.489202221119552,3.58981027776741,2.51072582613464,0.129121051079651,0.329132816843227,"gpc-1"
-0.17608201683423,7.52556552951917,2.50855755231578,0.129269449571701,0.329416645497849,"ostd-1"
0.274827548563006,5.59629146890551,2.50706262200519,0.129377339939666,0.329520510111132,"exoc-8"
0.250868032846329,5.48850546331351,2.50676707617734,0.129398678161218,0.329520510111132,"T28F3.8"
0.33669413797392,4.7891401964314,2.50646075613358,0.12942139481589,0.329520510111132,"tre-4"
0.199448312854966,6.93062384479437,2.5055761778453,0.129484185298648,0.329585998136352,"pas-1"
0.309578747182391,5.10504218180383,2.50321569671146,0.129655040889943,0.329924178754421,"rpc-25"
0.308032748069791,5.12699433804647,2.50271377722392,0.129691261359431,0.329924178754421,"dcar-1"
0.252774212722029,5.48169633187797,2.49834119695764,0.130007203122541,0.330622046732261,"mec-9"
0.366710069441453,4.4372358697048,2.49755083506235,0.130065804702899,0.330622046732261,"unc-86"
0.218327581841159,6.41669340157406,2.49737221940782,0.130077147617754,0.330622046732261,"F33A8.4"
-0.152750630289282,8.73071770853384,2.49592416416804,0.130181995513161,0.330793976023869,"T02C5.1"
-0.375072270898961,4.22582786002828,2.49408123617486,0.130318253735286,0.331045598274407,"sand-1"
-0.464346019931043,3.72034051565415,2.49277787539134,0.130416605877282,0.331200812012257,"C05D11.13"
-0.160029169326988,7.67458934390205,2.4889846372824,0.130686567484225,0.331791625214803,"unc-94"
0.224766333920289,5.75915247661251,2.48656562386421,0.130863252547936,0.332145354953954,"unc-7"
0.166445879449681,7.19924876041751,2.48589985491207,0.130911682575093,0.332173450278296,"fars-3"
0.210866123777665,6.22585168371682,2.48045788156585,0.131309894908087,0.333042208714826,"csn-3"
0.44232883486062,3.91192172563564,2.48025156882962,0.131328982538992,0.333042208714826,"T09B9.4"
-0.291323516001127,4.95365049579665,2.47904860839762,0.131413917623342,0.333067780607509,"cogc-2"
0.299098308208616,4.88223450650689,2.478848461577,0.131428666779904,0.333067780607509,"scav-6"
0.23271753537207,6.71209627696231,2.47852706578718,0.131451450022691,0.333067780607509,"crm-1"
-0.259800984966647,5.89160272894896,2.47589191367577,0.131645127070913,0.333418961973742,"F01F1.2"
0.405979375121418,4.03979990950602,2.47535908432059,0.13168735836154,0.333418961973742,"smut-1"
0.207643621031126,6.73726543788453,2.47480083779174,0.131725245485755,0.333418961973742,"glt-3"
-0.409837233198023,4.62770837105313,2.47434463958598,0.131760076625672,0.333418961973742,"C01G6.4"
-0.171299317439999,7.46570351857795,2.47393807031101,0.131788660293538,0.333418961973742,"F53H1.4"
-0.348518814528015,4.68842803123735,2.47359588196207,0.131815054700001,0.333418961973742,"lmd-1"
-0.206361726072794,6.15714251907866,2.47283497308129,0.1318700345191,0.333463161805835,"Y47G6A.5"
0.397783069951338,4.05830872531512,2.47158020945741,0.131965510145733,0.333609710180753,"W06B4.2"
-0.200610783422076,6.6233366605679,2.47067216846646,0.132029420927586,0.333676401781458,"W01A11.7"
-0.362689847555597,4.26151308203787,2.47009744333043,0.132074058621596,0.333694360671956,"ZK856.6"
-0.196690748299089,6.28049142258073,2.46935485674717,0.132126684155411,0.333732485461864,"rei-2"
-0.206713662270682,6.1915171878681,2.46690944869179,0.132307409195481,0.33409405713065,"klp-19"
0.201176677353145,6.44266696068947,2.46490089286,0.132456028371421,0.334374374858121,"mrpl-21"
-0.23737419279155,6.42598800580704,2.46387062060634,0.1325323595459,0.334472100119955,"cuc-1"
-0.160908104239914,7.85075480357027,2.46291551870012,0.132603027998506,0.334555482955367,"ZK856.7"
-0.130511478658537,9.99097443377491,2.46045338786801,0.132785752559526,0.334921454186311,"tnt-2"
-0.230398082729376,5.74526990649134,2.45829103795244,0.132946768161108,0.335232477515715,"nas-9"
-0.189165801621817,7.3960603495355,2.45662438372484,0.13307059948658,0.335449588895713,"mcm-6"
0.500728525852299,3.458751455482,2.45450371018644,0.133238388914879,0.335718637093587,"Y45G5AM.6"
-0.134944695760566,9.61436885543817,2.45417829973453,0.133252847857752,0.335718637093587,"T08G11.1"
0.268342438948932,5.61361576554285,2.45213316413425,0.133405839587537,0.336008872456882,"F07A11.5"
0.225058520456383,6.27583254136184,2.44960696110369,0.133594524212914,0.336388817552256,"F31F7.1"
0.451058027074283,3.89038484234299,2.4476333159366,0.133746428363699,0.336648578536334,"F10B5.2"
0.27373177011165,5.03277108746042,2.44693930781675,0.133794894815385,0.336648578536334,"eral-1"
-0.375249861492215,4.51089013581436,2.44673226370573,0.133811278432955,0.336648578536334,"C30G7.2"
0.504915473009392,3.7235750171879,2.44301253964199,0.134094774942368,0.337069756270787,"zig-10"
0.183253015715662,6.78508111963819,2.44284305733442,0.134101716650432,0.337069756270787,"oxa-1"
0.230507960809938,6.41829021150298,2.44265844030523,0.134115625700205,0.337069756270787,"B0464.6"
-0.238880946443517,6.8000653689439,2.44217002108497,0.134152315480116,0.337069756270787,"ttr-44"
-0.338418190596369,4.99910519866276,2.44196753412231,0.134168245129042,0.337069756270787,"rsa-2"
0.244582716003614,6.04961720805106,2.44077982654254,0.134256991859315,0.337197433508805,"pno-1"
0.20395107910228,6.30428206486219,2.44013811577036,0.134305256697937,0.337223393759208,"map-1"
-0.263262039577707,5.30507983245935,2.43603703963173,0.134614863636154,0.337905350815655,"nuaf-1"
-0.20113129485823,6.13395914783299,2.42770733651228,0.135245242606263,0.339391885975808,"tbcb-1"
-0.202978277864098,6.28547446887862,2.42619709264962,0.135359953667115,0.339508487085703,"W02D9.10"
-0.30549243865314,4.87772504994568,2.42610051676621,0.135368078587202,0.339508487085703,"C09B7.2"
0.235395903069612,6.39668349672577,2.42388208587439,0.135536035963406,0.339833867949983,"marg-1"
0.351660135160077,4.6962143673702,2.42308712235892,0.135597620745787,0.339850349051132,"apm-3"
0.1728048251174,8.90886308473308,2.42253870547138,0.135638205764634,0.339850349051132,"pqn-87"
0.441473085719261,3.91123121145083,2.42234263249509,0.135657281383699,0.339850349051132,"K08C7.4"
-0.195627140659791,6.55533782583524,2.42120324333506,0.13574014013351,0.33995970594036,"pqn-85"
0.377650316056609,4.75459225772227,2.42072750888469,0.13577740589295,0.33995970594036,"B0285.6"
0.290042201223111,4.99828048852853,2.41663194795547,0.136089968311474,0.340646370567938,"tsp-11"
0.383548658248563,4.02718689368894,2.41406732778981,0.136288881114322,0.341048252740625,"gcna-1"
0.243640326146634,5.96578507869351,2.41041443906533,0.136566043202204,0.341645664071694,"F44D12.2"
0.415065405858147,4.23915104927333,2.40780764239405,0.136768659597268,0.342056301681943,"B0464.9"
-0.165082497038323,8.00273593307873,2.40664715307019,0.136855613936915,0.342109862792194,"nac-3"
-0.177176615608486,6.91806546999591,2.40650015972399,0.136867032049469,0.342109862792194,"snx-6"
-0.246718224706969,6.09141335862936,2.4054704595568,0.136946465369887,0.342212204497939,"hic-1"
0.302087716905501,4.85880670669481,2.40154189596133,0.137250432733708,0.342789889772818,"Y71F9B.2"
-0.264876809259512,5.44862040615575,2.40147920934867,0.137254752850212,0.342789889772818,"F39G3.3"
-0.134352083287017,9.75310167330529,2.40000271947524,0.137368500215565,0.342977628592133,"vha-8"
-0.271771447386963,5.76811128774281,2.39788938919579,0.137532389334589,0.343290419307646,"Y25C1A.13"
-0.342384306726546,4.51009064510289,2.39646176586189,0.137644376954002,0.343382453735481,"Y41E3.8"
0.348063099809613,4.26258444432285,2.3963562400864,0.137653229089477,0.343382453735481,"hda-10"
-0.485448524262643,3.73354377275567,2.39586185900285,0.137695356313054,0.343382453735481,"fbxa-128"
0.142514573683861,8.96640892785573,2.39541805446471,0.137723746487541,0.343382453735481,"vig-1"
-0.374548388503074,4.16448142756145,2.39393725242737,0.137841462814191,0.343579603555082,"F25B3.5"
-0.436084109788892,3.9317089015393,2.39297127213185,0.137917936751826,0.343673872102155,"F53F4.16"
-0.200623411102852,6.23254873743265,2.39093801594694,0.138072120114104,0.343961675521014,"kin-18"
0.19567346026904,6.5596562118104,2.38970751466537,0.13816790554174,0.344029640436176,"pacs-1"
0.580124420158566,3.26353512297482,2.38979338753323,0.13817679068694,0.344029640436176,"aakg-3"
0.133494340021617,9.25880476107214,2.3872196828267,0.138361755296652,0.344240610177206,"nep-22"
0.156900056237627,8.13876257004557,2.38712425244073,0.13836920913124,0.344240610177206,"C18B2.5"
-0.419494748810047,4.16326886177861,2.38705166294228,0.138377678638324,0.344240610177206,"snt-6"
0.201916487390095,6.2601447783876,2.38353478263046,0.138649840496537,0.344660361179255,"max-2"
-0.26821188357446,5.31948196658806,2.38340801358919,0.138660114088441,0.344660361179255,"cogc-1"
0.154985417825554,7.48404549261939,2.38336888403489,0.138662705200562,0.344660361179255,"T02D1.8"
-0.4529812386484,3.8064804886551,2.38188344075102,0.138784140412579,0.344865788822874,"mis-12"
-0.226850352367606,5.66424041253046,2.37900473987044,0.139004936651529,0.345263719367804,"C34C6.4"
0.468579640528369,3.54613420465147,2.37888682596018,0.139021945263383,0.345263719367804,"cul-6"
-0.166015187010448,7.41193443442763,2.37637381390663,0.13921131599716,0.345582873438011,"B0272.3"
0.309402667700787,4.87754046131115,2.37617028518475,0.139228191728147,0.345582873438011,"exos-2"
0.454287691353175,3.60283002255585,2.37553243307585,0.13928460988361,0.34562642100898,"F56D1.1"
-0.371862536137937,4.22643708243266,2.37464075310889,0.139350072501249,0.345692381308204,"C29F9.2"
0.51262248163495,3.69431699237176,2.37304288814249,0.139479672118786,0.345917368147316,"K11D2.4"
-0.276114845430946,5.10694254004803,2.37097536194797,0.139637137073635,0.346211317825346,"T09A12.5"
0.35788009998684,4.46792477695247,2.36960510690205,0.139746266544259,0.346335762840707,"T23G11.4"
0.320285074487193,4.72287841837406,2.36935838506108,0.139765236427,0.346335762840707,"T03F6.3"
-0.26934478244993,5.21857768423581,2.36724818616987,0.139931495054855,0.346651134726306,"tofu-6"
0.203388530375396,6.11097431027329,2.36659193132253,0.139983008779813,0.346682153498975,"sds-22"
0.407951324134185,4.01557683130052,2.36585022623387,0.140044955678241,0.346738986615215,"lgc-10"
0.440403565767504,3.74709678976625,2.36534579338167,0.140086977819004,0.346746469874378,"cit-1.1"
0.168559408095988,7.73194672328222,2.36413233947959,0.140177643801908,0.346830830817059,"pqn-41"
-0.400864158604322,4.08606292859469,2.36342922145819,0.14023656068404,0.346830830817059,"F56A8.9"
0.230656980258257,6.41306936614952,2.36331100820146,0.140242902781137,0.346830830817059,"cul-1"
0.544218105888257,3.44509882308035,2.36300825714883,0.140277096796552,0.346830830817059,"irk-1"
0.34917169711837,4.41074642539947,2.36215567754145,0.140336233835927,0.346880582439595,"algn-8"
-0.281673668759772,5.32306072503751,2.36116292984758,0.140413775610338,0.346975786256675,"C01G10.7"
-0.330918632680081,4.55321792542587,2.36007164261358,0.140501468531407,0.34701459277663,"amx-1"
0.298566517110023,5.17679831823756,2.35985685412614,0.140517669181836,0.34701459277663,"F53B1.8"
0.389928945840619,4.41473320167493,2.35950835450384,0.140546569405988,0.34701459277663,"F18H3.1"
-0.166360723122349,7.73337762847783,2.35856416809337,0.140619875963161,0.34709919966365,"F25B5.3"
0.199920929322262,6.89129261077328,2.35510215353115,0.140895773554836,0.347683686560102,"fust-1"
-0.566793581289579,3.07796453886151,2.35333665626769,0.141062665127712,0.347998933310345,"col-34"
0.371615175378689,4.17397455291045,2.35156154284587,0.14118101580784,0.348194288917477,"lgc-20"
0.336448194074817,4.91210134514581,2.35026533598414,0.141282976902698,0.348282816704118,"nfyb-1"
0.333383875026873,4.9024669439842,2.34933134325731,0.14135775310726,0.348282816704118,"flp-3"
-0.160039540629882,7.64183109836874,2.34921092054139,0.141366521727233,0.348282816704118,"C01B10.11"
0.193139438708111,6.8745838081337,2.34893384141957,0.141388794354392,0.348282816704118,"kynu-1"
0.31813113817326,4.66306677892218,2.34836026844288,0.141435879478368,0.348282816704118,"ceh-48"
-0.430267091068824,4.12467226729446,2.34818197124841,0.141451945913685,0.348282816704118,"tsp-20"
-0.361474429828275,4.37779687016391,2.34522617979644,0.141687998204591,0.348767439655876,"ckb-4"
-0.453368538182701,3.7441927843554,2.34344223610242,0.14183518991857,0.349007814210414,"C50F4.9"
-0.133859435147111,9.06325986005396,2.34300956618138,0.141864159324759,0.349007814210414,"mrp-5"
0.180685076300457,6.52357314013925,2.34081565796438,0.142040861437211,0.34934586418762,"F40E10.6"
0.176935113012872,6.98782022246377,2.33929534379341,0.142163337127756,0.349550395576017,"Y54F10AR.1"
0.240911942092687,5.52211242996082,2.33847079431334,0.142230103789658,0.349617874701093,"Y87G2A.1"
0.267114800182887,5.30083662640252,2.33755921165029,0.14230382844362,0.349702415337818,"mmab-1"
0.384390350278746,4.18187841308336,2.33528112366818,0.14248991175339,0.350062947057029,"pgs-1"
0.307290462756755,4.76949314879214,2.33321515349929,0.142655540296402,0.350373041098151,"lgc-39"
-0.142070797468833,8.20290572580459,2.33198836376189,0.142753839995887,0.350517644684737,"hsp-25"
-0.282369363643755,5.33596130930602,2.32760645639401,0.143109935719458,0.351243975675446,"rab-14"
0.360037899786645,4.20871806073211,2.32740019428177,0.143128660878657,0.351243975675446,"prx-10"
0.471485247151024,3.97819675940097,2.32475442401292,0.143345169101753,0.351678228058413,"H10E21.1"
0.185542900175606,6.92295024989054,2.32230669516078,0.143541032951303,0.352061606612424,"rsd-6"
-0.190099354895325,6.51915882644289,2.32127247542236,0.143625452875425,0.352171511725152,"rsp-7"
0.191265509575777,6.46923677057718,2.31977116347893,0.143748066972028,0.352374983029583,"rsks-1"
0.388234556092913,4.24695720082269,2.31670372405871,0.144001172474263,0.352738846721433,"deg-3"
0.308098024508952,5.10503526723424,2.31663528779589,0.14400512093281,0.352738846721433,"eif-2D"
0.360895981727297,4.21086400763745,2.31652990110111,0.14401552284319,0.352738846721433,"Y54F10AR.2"
-0.289193622608835,5.1051294043943,2.31597223350553,0.1440594385227,0.352749233793811,"C34D4.4"
-0.223500712431343,5.89095699617798,2.31471829724695,0.144161744442135,0.352902552267351,"kup-1"
0.329201396441328,4.71563768848668,2.31410927659331,0.144212607658776,0.352929891190249,"B0228.6"
0.429246059383695,3.76967824400695,2.31296910834569,0.144310249153803,0.352983473056192,"asah-2"
0.395064813110688,4.16548244101268,2.31263409611228,0.144335170143172,0.352983473056192,"lite-1"
0.264997537879998,5.33826219769427,2.312383494809,0.144353605672288,0.352983473056192,"D2023.6"
0.14455020714644,8.83452249448791,2.31056664613087,0.144502398017201,0.353250156934543,"spg-7"
-0.207925436905044,6.16016087068237,2.30953791514365,0.144587196747654,0.353360298593567,"ddi-1"
-0.194549737185673,7.43027481385021,2.30883590910805,0.144644844962842,0.353404044123283,"T05E12.6"
0.435946987005932,4.14681572653833,2.30808048800461,0.144709785752285,0.35346557833065,"K08E4.3"
0.373968108930594,4.23830894506981,2.30668891049715,0.144824041215541,0.353564528325437,"D1025.10"
0.380296022176696,4.63712856254561,2.30660581486912,0.144829829283685,0.353564528325437,"C13F10.7"
-0.318700567643008,4.59430711814406,2.30401057827108,0.145044097982958,0.353990413166753,"R07E5.19"
0.24729634700592,5.46992598148192,2.30251087594049,0.145167034566296,0.354168415002113,"fmo-5"
0.276131783373224,5.45921100236214,2.30206590828858,0.145203838199302,0.354168415002113,"cyn-8"
-0.478691741901974,3.93238645163082,2.30151310201882,0.145253384253718,0.354168415002113,"R02D5.1"
0.265620873428641,5.14437004832235,2.30119213874867,0.145276370432202,0.354168415002113,"H40L08.1"
-0.137841650266333,8.52974086782995,2.30030823602147,0.145348892112208,0.354248081077205,"R53.4"
-0.526296616794901,3.62858812079982,2.29861999155479,0.145496303030641,0.354425531410829,"Y39B6A.5"
-0.247546286086167,5.75978056702498,2.29847063456139,0.145501427246601,0.354425531410829,"otub-2"
0.178070897111424,7.48988919440311,2.29630931966504,0.145680536623174,0.354620260921762,"T05G5.1"
0.134253367543798,8.31934815306509,2.29561932611827,0.145737800289151,0.354620260921762,"acs-14"
0.254053738056513,5.64121619283861,2.29470964359793,0.145813701402507,0.354620260921762,"Y47G6A.21"
-0.142510658666055,8.00911654624764,2.29464017135268,0.145819175110787,0.354620260921762,"gbf-1"
-0.133329105045857,8.30230546872371,2.29447907459935,0.145832564805637,0.354620260921762,"mca-2"
-0.273901588739278,5.05265814201619,2.29392667146647,0.14587924257332,0.354620260921762,"F09F9.1"
0.204647033114965,5.93287511383207,2.2938520532634,0.145884928282824,0.354620260921762,"alkb-8"
-0.266689645140293,5.12643430529252,2.29367088613875,0.145900451518592,0.354620260921762,"mdf-2"
0.220547077876317,5.7996011486226,2.29309479762204,0.1459479581693,0.354638780017285,"R08F11.1"
0.304251894959359,4.88683098441213,2.28902096878002,0.146288116784618,0.355368209380339,"F23H11.7"
0.326206497574945,4.66724356954097,2.28791248394486,0.146380982308337,0.355439119807874,"D2021.4"
0.451271507643757,4.01594843014972,2.28774414743376,0.146397262033116,0.355439119807874,"T10C6.15"
-0.783842798743446,2.97680103499398,2.2864416541953,0.14654164029091,0.355679002373572,"nlp-70"
0.352291543908941,4.34021904935232,2.28558767862185,0.146576072961058,0.355679002373572,"odd-2"
0.340081312489372,4.29808681572327,2.28473173044208,0.146647824472119,0.35569661441729,"Y52B11A.3"
-0.160622392394137,8.01553881090802,2.28409444570628,0.146699049875793,0.35569661441729,"pezo-1"
0.24600660305449,5.50412320835121,2.28404762088596,0.146703350024542,0.35569661441729,"dars-2"
-0.292928247781205,4.9688290312493,2.28158028263568,0.146910589646181,0.356101977247601,"sld-5"
-0.333840116232942,4.41784691888359,2.27732927976086,0.147268693790242,0.356872705502599,"W01A8.8"
-0.272258396232163,6.52811611294413,2.27557151583296,0.147414970443573,0.357107833475629,"T09F3.2"
0.14429361816669,9.51523017543618,2.27520094119107,0.147446052939943,0.357107833475629,"vha-19"
0.37155153565388,4.17296737038659,2.27382437777312,0.147564692566119,0.357297843574445,"R08D7.5"
0.323390924557078,4.63759483043565,2.27280098274198,0.147649710725482,0.357406364840802,"C26E6.12"
0.396105739254758,3.88734640905228,2.27129620601012,0.147779706332553,0.357623671475974,"Y38H6C.20"
-0.197600292088602,7.54962828138579,2.26870274378858,0.14799481581478,0.35804609285226,"rla-1"
-0.221801569401308,5.86223235518023,2.26803235142841,0.148051773936721,0.35804609285226,"bath-44"
-0.140671819824412,8.52725815849252,2.26775433229702,0.14807507405441,0.35804609285226,"zig-12"
0.152236959057118,7.56590997705879,2.26723520984253,0.148119068814698,0.358055095386483,"T22B11.4"
0.194806274417658,6.41121977815879,2.26569166871472,0.148250023276028,0.358274247607275,"C53B4.3"
0.200743624405432,6.28766830044161,2.26454394130059,0.148347413352876,0.3584121880762,"mrpl-37"
-0.286514043904808,5.10829837887003,2.26120018208351,0.148632084634485,0.359002408173106,"ZK1128.7"
-0.323071399181839,6.0954770878002,2.26000962984464,0.148732908110169,0.3591483666506,"mig-38"
-0.249178455988496,5.25041369570273,2.25656693677083,0.149026755803496,0.359760218802302,"sgca-1"
0.18695746970809,6.55909088714295,2.25411481583565,0.149235772283427,0.360167006344176,"T19H5.4"
0.227531380550843,5.5474462050514,2.25140426217381,0.149467943087184,0.360629438802754,"F30F8.9"
-0.206226033874382,5.95981074130713,2.25022918722777,0.149568495119163,0.36077414273046,"atic-1"
0.30397977729031,4.96131355723615,2.24969034895745,0.149615300810534,0.360789161786399,"sng-1"
-0.391317960312989,3.98444215044242,2.24729310039354,0.149823902748266,0.361194229754565,"Y82E9BR.19"
-0.252079348244812,5.24131751911318,2.24607773143839,0.14992523799437,0.361258694059358,"F41H10.4"
0.278030327221552,5.46143891934737,2.2459981971889,0.149931906543587,0.361258694059358,"glb-18"
0.287906993369308,5.07383682729768,2.243628571474,0.150136104668044,0.361434579955285,"F49C12.9"
-0.349576889945824,4.58206444276288,2.24351936155108,0.150146233952417,0.361434579955285,"gap-3"
0.290642982333988,5.16814059602432,2.24324214151735,0.150169298774906,0.361434579955285,"dpl-1"
0.177936303778137,6.69772259347547,2.24286522800463,0.150201264050223,0.361434579955285,"adsl-1"
-0.14047147596254,8.27144855106771,2.24262195728212,0.150222111750986,0.361434579955285,"arf-1.2"
-0.350255361272216,5.30774851740406,2.24231826048272,0.150248814252023,0.361434579955285,"F01F1.3"
-0.332415559866613,4.8650957508998,2.24082611858579,0.150377925216423,0.361647317581612,"Y15E3A.5"
-0.342426431023448,4.96874091128903,2.23701205485522,0.150707330173406,0.362341501506694,"rig-6"
-0.238785058268004,5.949231658136,2.23642753556365,0.150757287604852,0.362363623707687,"lonp-2"
0.277352569062749,5.46961672882467,2.23553197933908,0.150835001950069,0.36245243306434,"lig-4"
-0.530030665454223,3.48879390174277,2.23368709657355,0.151004460361028,0.36273670388917,"C14A11.2"
0.132939739608258,10.1540302324305,2.23262972734599,0.151086188768736,0.36273670388917,"ttr-16"
-0.170967187880214,6.74736657762415,2.23259249677286,0.151089536832886,0.36273670388917,"rnp-4"
-0.291755793967505,4.68807637689153,2.23190387556395,0.151150407203683,0.36273670388917,"dtmk-1"
0.219024203690119,6.17672044264598,2.23181262650219,0.151157292532828,0.36273670388917,"prmt-9"
-0.223737823111506,5.71259001464389,2.2299819100866,0.151316457327238,0.363020675147455,"unc-61"
-0.170656565592059,6.92585321135921,2.22857988681103,0.151438218954265,0.363214784117175,"Y47G6A.18"
-0.154144645600065,9.22453567007424,2.22685708595823,0.15158812574995,0.363473041492636,"sgt-1"
0.246437310315303,5.38967242512412,2.22640888218874,0.151627658406949,0.363473041492636,"ttr-39"
0.316087083302229,4.63642100377719,2.22439970221553,0.15180369315161,0.363796936876271,"F55G1.9"
-0.348948667327834,4.53173244712739,2.22365310446851,0.151869130200236,0.363855682190864,"nhr-5"
-0.229964428474282,5.60666094204562,2.22218807864475,0.151995923171681,0.364061355851136,"T19B4.5"
-0.199321088206146,6.38268165033611,2.22118878518671,0.152083105802975,0.364172069403246,"csn-4"
-0.40614783447715,4.06948179818091,2.21960685614749,0.152224655329436,0.364305132350742,"cst-1"
-0.236164391606436,6.98034343008377,2.21924697092921,0.152253022789969,0.364305132350742,"ugt-44"
0.398185556945484,4.07852231425935,2.21918299507871,0.152261598449596,0.364305132350742,"mrpl-36"
0.131491143715874,8.46554628693501,2.21171699027999,0.152914203424479,0.36576814168605,"unc-112"
-0.251673008283412,5.80194163305093,2.20961614873946,0.153099577284788,0.366113055846974,"C15H9.4"
0.195498756017262,7.30032714402316,2.20759147929524,0.153278051233549,0.366358926840682,"lpd-3"
-0.343893750512566,4.45565303068491,2.2075214063689,0.153285889418587,0.366358926840682,"str-176"
0.149449422507232,8.00690199023325,2.20704770093247,0.153326011334403,0.366358926840682,"Y71H10B.1"
-0.306867961200456,4.62303229816236,2.2059288971593,0.153426211471846,0.366499851208002,"sago-1"
0.462193533949324,3.67101240687491,2.2029965932138,0.153690714223098,0.366961288860443,"D2096.12"
0.142729574019517,7.81322917499655,2.20276781357323,0.153704656815078,0.366961288860443,"C49C8.5"
0.170561505476055,7.65749859889816,2.20233289067134,0.153743201102818,0.366961288860443,"pas-7"
0.354673482497982,4.49788393343866,2.1950948233606,0.154387897175635,0.368268331244907,"rga-8"
0.415102866935842,3.73448062697285,2.19500082212376,0.154400236435851,0.368268331244907,"C53A5.16"
0.194835889447,7.09955298501033,2.19477323587321,0.154415064546284,0.368268331244907,"hxk-1"
-0.304775665615617,4.85858041229576,2.19323087670485,0.154553432427207,0.368499481820944,"F31E3.2"
0.287023080465737,4.96991492218247,2.19076079756453,0.154773792639757,0.368882788358609,"ZK1320.11"
0.144658034760417,10.054037694048,2.1904900386803,0.154797175049597,0.368882788358609,"R193.2"
-0.210022724951656,5.80043785166966,2.18903483839061,0.154927547631887,0.369094540727521,"sdn-1"
0.164818757216148,8.11502232499357,2.18729424445531,0.155083103211735,0.369329326498611,"hsp-43"
0.256338143647507,5.29400370195847,2.18694008297195,0.155115354844267,0.369329326498611,"ztf-22"
0.314227676440332,4.79994589250556,2.18655085669042,0.155150718082591,0.369329326498611,"W05H9.2"
0.19384272790424,6.51022148820899,2.1854117523047,0.155251954899571,0.369471394810517,"seu-1"
-0.201064719591493,5.95293157159063,2.18016439218995,0.155723522463676,0.370494471026101,"pfas-1"
0.471230802821092,3.54688372033268,2.17976175612652,0.155767553613952,0.370500085388348,"Y67D2.4"
0.291771608859467,4.63613085366063,2.17743553842995,0.155970456656874,0.370883479576429,"W02G9.3"
0.35998832451432,4.20849583315526,2.17638049905293,0.156066825706988,0.370927590536297,"pars-2"
0.161921552799124,7.25838319093253,2.17627346194382,0.15607410917942,0.370927590536297,"aqp-11"
0.219480908443597,5.6175788919935,2.17583253503694,0.156114165311756,0.370927590536297,"pcs-1"
-0.370934420913886,4.4862802490816,2.17499356245416,0.15619127173172,0.37101164759998,"hosl-1"
-0.505484867409546,3.61724012124862,2.17361042586164,0.156322195239957,0.37122346097181,"C39F7.5"
0.201839160882063,6.73822955385458,2.17267608715577,0.156399271621832,0.371226381978513,"fipr-1"
0.251259496208644,5.21824657794736,2.172596604543,0.156406931379092,0.371226381978513,"dph-1"
0.18142400945183,6.92705332547879,2.17111032638627,0.156541025279822,0.371260948028248,"F41E7.1"
0.175639288825015,6.43150951306372,2.17110130186014,0.15654188186324,0.371260948028248,"ark-1"
-0.195087777453324,6.49530698130806,2.17104734125691,0.156546765735902,0.371260948028248,"lbp-7"
-0.321878778317908,4.39566441914657,2.17020313505562,0.156625007540984,0.371321001715997,"dao-3"
-0.137675851733353,8.35192447111915,2.1698448991434,0.156655615502947,0.371321001715997,"vha-9"
0.394617030872894,3.80750415222769,2.16920059152688,0.156718833793372,0.371371842019421,"C16E9.2"
0.342548500407528,4.86572479878748,2.16743781448485,0.156874990651074,0.371642830236798,"ptb-1"
0.398231025348343,3.78269126656033,2.16654345075632,0.156960335334089,0.371643348833812,"T25B9.3"
0.494159407801106,3.5604558265126,2.16645904821272,0.156970844815325,0.371643348833812,"snpc-1.2"
-0.219533347723019,6.50151347085192,2.16544703621628,0.157055130650713,0.371643348833812,"T13F2.2"
0.319376136010871,4.80251072195686,2.16522354119488,0.157076339882925,0.371643348833812,"cdk-11.2"
0.31065662558174,4.52410219540741,2.16489517057415,0.157106697798471,0.371643348833812,"nmad-1"
0.404021891308427,4.31372389293479,2.16468962942178,0.157126009252761,0.371643348833812,"fil-1"
0.317824000018199,4.85653458543555,2.16383908605769,0.157202271012861,0.371698776218334,"acl-8"
-0.411917147844606,3.99660846525534,2.16350640685077,0.157235245260753,0.371698776218334,"ceh-58"
0.266326714914958,5.10370678463788,2.16303921863614,0.157274861785331,0.371698776218334,"F10E7.6"
-0.288120652529633,5.00176707159318,2.16253143746181,0.157321244925574,0.371709590388859,"max-1"
0.215922951656136,5.99810277565816,2.16184291130304,0.157383427526292,0.371757718952248,"cca-1"
0.152367665818263,7.42578849625703,2.16019289869121,0.157533822722327,0.371919523423045,"prx-19"
-0.26658012576206,5.09311180293549,2.15985706541381,0.157565127620102,0.371919523423045,"tbc-3"
-0.332627893854102,4.43353192881076,2.15930638680619,0.157616491025817,0.371919523423045,"C42C1.19"
0.155081024044994,7.77769065150821,2.15873538103875,0.157666900115944,0.371919523423045,"gtbp-1"
-0.211081015532102,5.88247925952725,2.15868771640017,0.157671482432295,0.371919523423045,"cyb-3"
0.158923473035765,7.3569752941486,2.15834201962012,0.157702913429859,0.371919523423045,"wars-1"
0.272634809415498,5.42560388094033,2.15725679836121,0.157802524829698,0.372055753980601,"T16H12.9"
-0.202001554402344,6.22985980786543,2.15530938754459,0.15798051924659,0.3723562798286,"ocrl-1"
0.266683045742688,4.99576763425688,2.15479914486842,0.158027880777965,0.3723562798286,"nars-2"
-0.564976461616109,3.1724685692807,2.15471371391897,0.15805562929627,0.3723562798286,"T28B8.3"
0.196201660188782,6.3276233095367,2.15316873281892,0.158176746770999,0.372542902130053,"unc-41"
-0.275166721487009,5.04351596012696,2.15153592521558,0.158327231718155,0.372798574471958,"cya-1"
0.207366022937466,5.88537458006454,2.15082848180175,0.158391710588082,0.372851654444966,"edc-3"
0.193174591869147,6.24091323576395,2.14894696486129,0.158564660195174,0.373027087756268,"F45D3.2"
0.194920664261898,6.50446572788948,2.14873573341369,0.15858406971515,0.373027087756268,"ppk-1"
0.30061587194228,4.65783327801087,2.1485841293565,0.158599122606725,0.373027087756268,"egl-23"
0.179224126048131,6.85589253755955,2.1481923439918,0.158634059026707,0.373027087756268,"cpx-1"
0.29611625303494,5.55033285634932,2.14663791733881,0.158777497267614,0.373265660551655,"F59C6.11"
0.457406625551152,3.78245123486092,2.14387659693966,0.159037005850763,0.373776901670404,"mec-10"
0.124093124495411,9.28010077535707,2.14304443718987,0.159108767586507,0.373846736948106,"ifc-2"
-0.212319608117875,5.79764539633257,2.14251002985177,0.159158415299518,0.37386458928085,"C53D6.7"
0.310792793930433,4.76048541162897,2.14122345983517,0.159278212472179,0.374047170388311,"nhr-228"
-0.390802932113373,4.10866272751314,2.13810182893948,0.159569302132775,0.374631810209268,"cyp-34A8"
0.192299133229387,6.60640596804659,2.13619633024501,0.159743212513142,0.374777404325602,"ttr-5"
-0.263085370870153,5.68336377849514,2.13609648398288,0.159752666165718,0.374777404325602,"apm-1"
-0.266108826875432,5.60939208347153,2.1355162255267,0.159806596285576,0.374777404325602,"F22D6.15"
-0.274060828325372,5.02516693254799,2.1351568363272,0.159840405771215,0.374777404325602,"cnep-1"
-0.586667527314545,3.5847759114139,2.13522166115912,0.159842078191731,0.374777404325602,"C07G3.10"
0.169364031661155,6.72550425807371,2.13438040323645,0.159911921398763,0.374832722319051,"R05D11.5"
0.445104715481534,3.8895263544733,2.13314536757321,0.16003091975489,0.374832722319051,"pms-2"
0.430361292239088,3.95631538268366,2.13261127665464,0.160080158758746,0.374832722319051,"mec-6"
0.251055384860722,5.47134505917328,2.1322134719637,0.160113820635128,0.374832722319051,"pelo-1"
-0.281109937923155,4.88866900477569,2.13215820003621,0.160119484522741,0.374832722319051,"hpo-15"
-0.277675469501839,5.17301624726177,2.13172642432599,0.160159416950326,0.374832722319051,"rfc-2"
0.334362380326572,4.91223614282967,2.1317143596357,0.160160781924426,0.374832722319051,"fcd-2"
-0.185790430743206,6.20681400137083,2.13040796957973,0.160281817416765,0.375017273329594,"mbk-1"
0.178895172268094,6.61551555753591,2.12934830610174,0.160380603759075,0.375093570841399,"heh-1"
-0.585437943963402,3.22689413795098,2.12893569856281,0.16043747475884,0.375093570841399,"kvs-4"
0.334400022223377,4.42007608154644,2.12871868047513,0.160440990879523,0.375093570841399,"cfap-36"
-0.201448807666501,6.07885596276167,2.12691962464083,0.160607470719468,0.375384075227863,"cyp-13A5"
0.307489674263205,4.8895842688963,2.12422576963261,0.160860194088734,0.375875948920613,"Y67D8C.9"
-0.24336968929454,5.52408430757061,2.1237486932661,0.16090435544707,0.375880353200184,"C56G2.3"
0.407810546981942,4.12844121705669,2.12247010582139,0.161026617827728,0.376067155005602,"agt-1"
0.220551866100549,5.69703278816498,2.12192138377829,0.161075542864907,0.376082629099762,"C39E9.7"
-0.308026527403543,4.8263694096309,2.11943856535764,0.161309342836893,0.376529631704598,"taf-8"
0.35917291986647,4.56549730267418,2.11821125100518,0.16142513386247,0.376701014480635,"lgc-41"
-0.135195554852679,8.81678734955546,2.11766486346136,0.161475105971678,0.376718752871736,"C01B10.6"
0.240537483985926,5.36800047834681,2.11521912301164,0.16170588370496,0.3770815967207,"pde-1"
0.323059170412191,4.3796548482351,2.11513212398693,0.161715457012263,0.3770815967207,"lim-7"
0.624300615276849,3.24606408022574,2.11320691673342,0.161911857651304,0.377338352577942,"ift-139"
0.268491670281228,5.1860357670313,2.11290533900923,0.161924241267848,0.377338352577942,"gen-1"
-0.207126752713586,6.2120974316565,2.11215754547701,0.161994416826441,0.377338352577942,"C09E7.7"
-0.474138481761325,3.53107840003513,2.11223895866896,0.16199533143516,0.377338352577942,"F47B8.8"
0.137763552745244,8.06373581519443,2.11164498231314,0.162042672013716,0.377349763455724,"rpn-6.1"
-0.212958266585548,5.77627070690935,2.10509854245759,0.162662897503646,0.378694899634698,"F47B8.2"
-0.154686764636298,7.19585501179457,2.10389529243871,0.162776988531667,0.378861310218599,"hrg-1"
-0.260860462018439,5.14409345482128,2.10292727124606,0.162869555894124,0.378977550760182,"C39E9.12"
0.252353977457057,5.09660924731831,2.10244142896763,0.162915780506977,0.378985924774341,"npp-23"
0.128826712609599,8.72042849555292,2.10126481927892,0.163027045148888,0.379092692813944,"alh-12"
-0.153601527321184,7.82775372828446,2.10105577844263,0.163046952797269,0.379092692813944,"erfa-1"
0.175655638308972,7.25879949474696,2.09975682613936,0.163170732583384,0.379281302849378,"xbx-6"
0.384986723731358,3.9324986753065,2.09909399323377,0.163237691222426,0.379337771212387,"tyra-3"
-0.214656093835058,6.13533912047775,2.09795412603058,0.163342722855956,0.379482662375831,"M04F3.4"
-0.18176080924645,7.29609748223766,2.09597593778083,0.163531482711861,0.379786773604888,"snf-3"
-0.167282903264231,6.92363334641319,2.09568767610964,0.163559054789463,0.379786773604888,"smg-1"
0.38068858359209,3.85362898594504,2.09512873092873,0.163616761285168,0.379821572999068,"acr-12"
-0.426475860540637,3.57418612987129,2.09315824818509,0.163808714587576,0.380167914747621,"cyp-25A3"
-0.375106556398427,4.2703494103803,2.09222454233244,0.163892606853303,0.380203921220686,"lury-1"
-0.177841503384691,6.68059901419982,2.09202282095167,0.163909754812607,0.380203921220686,"hda-4"
-0.26222359052896,5.15248289722322,2.08954517271194,0.164147884731329,0.380459547835159,"coa-4"
0.315925629854864,4.7460408662202,2.08936028240976,0.164166073951436,0.380459547835159,"B0222.1"
-0.345972232139434,4.31419669643899,2.08862851663166,0.164237374517392,0.380459547835159,"clh-3"
-0.199045379588575,5.88320882187083,2.08845980336651,0.164251688246813,0.380459547835159,"F48C1.6"
-0.133924722404878,9.06375449263586,2.08799281329099,0.164296317684994,0.380459547835159,"F32A5.4"
0.250890075689867,5.87174608041868,2.08786953770929,0.164308401150378,0.380459547835159,"C14B4.2"
-0.173640787781616,6.5227997984947,2.08695992608591,0.164395735733048,0.380459547835159,"lin-66"
0.39227870397866,3.90940898009615,2.08677108629269,0.164417783636131,0.380459547835159,"Y37F4.7"
-0.152759569596816,7.39777454474163,2.08652291410688,0.164437684017525,0.380459547835159,"nduf-7"
-0.216034569550497,5.76099750412288,2.08641924514753,0.164447873392252,0.380459547835159,"C05G5.1"
0.293821937736069,4.88192422658981,2.08362690265766,0.164717393507217,0.380983960892994,"phf-10"
0.398560558313499,3.78351675739653,2.08257184648592,0.16482321308562,0.381060030360768,"tbcc-1"
-0.235009181861078,5.60645388753754,2.08239111908542,0.164836000086325,0.381060030360768,"nlp-10"
-0.208422921469339,6.4188171420769,2.08151121688939,0.164920718018672,0.381124964690928,"vps-25"
0.305838578323969,5.65658235884824,2.08107516934943,0.164962986075757,0.381124964690928,"swt-1"
0.394278411815798,3.80748254900525,2.08081365450103,0.164992688009828,0.381124964690928,"Y39B6A.13"
-0.195634127780117,7.15697113750867,2.07810630516127,0.16524975759475,0.381619635006473,"din-1"
0.340769911619629,4.37333675986582,2.07755690690865,0.165304723304114,0.381647440897658,"B0001.8"
0.196347764197532,7.61151461753813,2.07531403184456,0.165520173057075,0.382002627786667,"atgl-1"
-0.339123219432548,4.38836509588296,2.07508246493974,0.165544497228886,0.382002627786667,"pifk-1"
-0.126210187873394,8.51641274598576,2.0742192931677,0.165626343205335,0.382092324192691,"F53F4.13"
0.181126948967043,7.23089288228139,2.07368927341823,0.165677860203284,0.382112024660804,"F25E5.8"
0.161230244174204,8.24901362800093,2.07304272477222,0.165740568132227,0.382157518481231,"cbs-1"
-0.402230838445158,3.9426945130459,2.07236707648407,0.165810138256949,0.382218807166849,"Y62E10A.19"
-0.502593914939643,3.39598758974837,2.07074356715341,0.1659758456513,0.382501618373694,"Y38F1A.8"
0.350770218916921,4.32287059745163,2.06891149058996,0.166144427036912,0.382775462746452,"che-12"
-0.155997856894465,8.43553103600313,2.06851753268894,0.166180776763166,0.382775462746452,"upb-1"
-0.299612939654273,4.67363671687096,2.06705319593014,0.166324758555495,0.383002296940132,"Y17G7B.8"
0.25745020986737,5.47221678818971,2.06662796170598,0.166365411177909,0.383002296940132,"ubl-5"
0.141820142652232,8.07563859172263,2.0648131396828,0.1665422077161,0.383310061818236,"ncam-1"
0.322388530104512,4.81537516772605,2.06323892118408,0.166697076178043,0.383478051804278,"H35B03.2"
0.214980176767512,5.65589372620494,2.06318702011604,0.166701458803682,0.383478051804278,"elo-9"
-0.208948754110823,6.23991300588518,2.06205832216038,0.166811770665546,0.383574710454466,"W07G4.5"
-0.292896573996104,4.64121653361856,2.06188597269203,0.16682976103109,0.383574710454466,"sas-6"
0.292882464362771,4.76356692400004,2.05990053756397,0.167024053445537,0.383899233965417,"F27D4.6"
0.380311971174601,4.49951055072273,2.05956703325375,0.167057264223619,0.383899233965417,"npr-2"
-0.128747425740542,8.28158714506135,2.0580999261815,0.167199649108767,0.384032707687548,"nra-2"
-0.352785316740036,4.36908984287906,2.05809855223975,0.167201733377404,0.384032707687548,"sna-1"
0.222844605733104,7.9167994200371,2.05658030201736,0.167348914969202,0.384271488375821,"Y47A7.2"
0.24561245941476,5.42245864294587,2.0543422441515,0.167569473742363,0.384524537445828,"lin-2"
0.375983923749503,3.8776495985782,2.05402257853545,0.167604702852164,0.384524537445828,"C34B7.1"
-0.312081396206521,4.5450126028116,2.05396121672423,0.167608024298764,0.384524537445828,"clec-80"
-0.378239715884016,4.38611152753275,2.05372104983964,0.167632111926671,0.384524537445828,"C50F7.6"
-0.265926810432761,5.31812842024946,2.05266077546879,0.167735156398463,0.38466166508608,"Y17G7B.10"
-0.169708587656601,6.87771492770119,2.05199741638559,0.167800142621276,0.384711466747231,"dcr-1"
-0.300716325797261,4.66046059789013,2.05089090104383,0.167910434939209,0.384865088178527,"glt-5"
-0.358035254385712,4.39754079500045,2.04867549123298,0.168129847647,0.385254478725087,"cutl-10"
-0.344636025111182,4.25346411082311,2.04798633080023,0.16819843196518,0.385254478725087,"ceh-88"
-0.22915560729465,5.77756759539635,2.04784531519605,0.168210312272049,0.385254478725087,"lsy-12"
-0.148408195609062,7.14650610986794,2.04594450757412,0.168398250035359,0.385585588736642,"sdhd-1"
0.17296406892407,6.80812288681094,2.0431658030533,0.168673722976665,0.386116908080724,"ehs-1"
0.123537203279398,8.83450847943567,2.03838811322111,0.169148520230936,0.387104116698392,"C26B9.5"
-0.212331201787817,5.83223266931228,2.03515179134765,0.16947139234719,0.387743219083599,"exoc-7"
0.261903865761771,5.03719299931443,2.03471041898537,0.169515934057095,0.38774534852113,"F39B2.8"
0.309024094058136,4.73356101863505,2.03419623205818,0.16956764898438,0.387763880432129,"M117.1"
0.204535332036882,6.46283935598691,2.03328617326656,0.169657603344744,0.38786982549193,"ilcr-1"
0.141809167723571,7.82675831005831,2.0290410947894,0.170082376308245,0.388740978857739,"F59C6.5"
0.259914570984157,5.49447892323332,2.02765301583423,0.170221971008332,0.388960047349032,"svh-2"
0.128847586602103,9.0398126790674,2.02426063682614,0.170562417384113,0.389637834779586,"rpl-7"
0.129912539456403,8.67636308723408,2.02322891829634,0.170666241402625,0.389774865736127,"C53B7.3"
0.139343447737538,7.60660362190042,2.02235457147504,0.170754301129119,0.389875832393169,"F20A1.1"
-0.284867341619517,4.95395052196226,2.0218794517194,0.170802989619798,0.389886875663574,"ufm-1"
-0.147541115039052,7.7501103353923,2.02006756577291,0.170984863465538,0.390201853457931,"ZK822.5"
0.304318418775825,4.88256164026445,2.01947344757167,0.171045710626331,0.390240547389968,"cth-1"
-0.44723807499513,3.68169257124858,2.01851344458921,0.171148133871058,0.390306700134589,"hil-1"
-0.50341727041647,3.61355797662666,2.01838232126828,0.171162504085566,0.390306700134589,"Y34B4A.5"
-0.23378303679246,5.46442997864816,2.01716118943198,0.171278814689018,0.390443736698693,"K02C4.5"
-0.158843218256465,7.11957634253386,2.01684546622406,0.17131042817024,0.390443736698693,"E04F6.6"
0.420397444565401,3.70775439450585,2.01491087744389,0.171511878491064,0.390802693916978,"ZK1098.3"
-0.260925454707831,5.25204224366664,2.01325285162693,0.171674709546464,0.391073492845915,"age-1"
-0.234578562943536,5.43664339651315,2.01213442313687,0.171788018708697,0.391099191616831,"T25D3.4"
0.406105578029507,3.75964294758301,2.01216555342752,0.171789644279453,0.391099191616831,"spe-15"
-0.131975338277328,9.04622896022573,2.0118353321017,0.171817955511792,0.391099191616831,"iff-2"
-0.292349315178864,5.10678060256186,2.00953670790924,0.172052152486602,0.391532041914096,"set-4"
-0.281236538020454,4.96363323567915,2.00890740142867,0.172116285937742,0.391577763119872,"F18A11.5"
0.183238360087084,6.35524716992557,2.00766115563448,0.17224243208163,0.391764508477303,"ddx-19"
-0.132961456450061,7.82135420899463,2.0070762418908,0.172301859209493,0.39179944507202,"ZK1321.4"
0.235591479773574,5.73129947741741,2.0055575321967,0.172456890348666,0.392051703423674,"ubxn-1"
0.190975156967741,6.34295604912309,2.00337771084282,0.172679210651699,0.392456764290453,"flp-11"
-0.246108770189669,5.37724184326457,2.0019208873167,0.172828394792379,0.392529375980359,"T10C6.6"
0.188160400437465,6.42199109276479,2.00154700038605,0.172866293248688,0.392529375980359,"snr-6"
0.136698721642129,8.00808164282645,2.00106592855398,0.172915364621109,0.392529375980359,"rme-1"
0.163917094239285,7.03258384477937,2.00093104746101,0.172929250818456,0.392529375980359,"dlk-1"
-0.154744884323597,8.31960071274564,2.00090422100206,0.172931904815551,0.392529375980359,"rps-25"
0.157459425327027,7.72807776378739,1.99988809462439,0.17303591189293,0.392665209964277,"mpc-1"
-0.201774873802657,5.82909789924436,1.9985227903208,0.173176007522868,0.392803211109865,"clpp-1"
0.405444386105449,3.7579884648525,1.99760117149551,0.173275454302901,0.392803211109865,"npr-26"
0.29537008557075,4.90726663709728,1.99755016905176,0.173276344001001,0.392803211109865,"F44E2.3"
-0.300260893469044,4.67490976124398,1.99752144818493,0.17327964023704,0.392803211109865,"chtl-1"
0.269839068502514,5.05281489902535,1.99663489232734,0.173370095582082,0.392803211109865,"cpg-9"
0.194962740400357,6.04419209234696,1.99598207918808,0.173436589425822,0.392803211109865,"F43B10.1"
-0.162206662327857,6.80665841737764,1.99591849002054,0.173443030073905,0.392803211109865,"M05D6.6"
-0.194929969129385,6.29838334017729,1.99584948493882,0.173450163853035,0.392803211109865,"sel-9"
0.221250854644544,5.56817183048517,1.99411128892939,0.173628950319632,0.393050742327655,"aat-9"
0.349735486323527,4.24579244301973,1.99394602584486,0.173647881662696,0.393050742327655,"wrt-5"
0.169348650885951,6.4850018511826,1.99327165295403,0.173715102680122,0.39310281952888,"mce-1"
-0.234701893615801,5.4971411865652,1.99193510611486,0.173852925358754,0.393175429543986,"faah-4"
0.300520020234487,5.04682831962181,1.9917224714641,0.173875162709518,0.393175429543986,"tlp-1"
0.227687225021717,5.54486544512242,1.99167326303932,0.173879854793269,0.393175429543986,"F15E6.6"
-0.303728991590308,4.91691596689549,1.99011818000841,0.174040647732158,0.393351627228217,"cav-1"
-0.220713333621299,5.51689225895675,1.98983148624314,0.174069713095578,0.393351627228217,"C27F2.9"
-0.269832464517451,4.94060095682274,1.98963446222735,0.17409050198437,0.393351627228217,"ced-6"
0.118605278954632,9.96634441873475,1.98812530883013,0.174245416099482,0.393601624629191,"tag-10"
-0.422267300460404,3.82040787679687,1.98549391977357,0.174522307036819,0.394126957547462,"ceh-43"
0.238634952718426,5.26651434860891,1.98337344753544,0.174737517651323,0.394509082619928,"phf-15"
0.195467288941643,6.20181973620119,1.9826761541587,0.174809421651157,0.394509082619928,"praf-3"
-0.322835791209467,4.51776588795439,1.98237147712862,0.174842380144524,0.394509082619928,"mpst-7"
0.278965457861083,5.07803482169411,1.9817214875561,0.174908959509438,0.394509082619928,"nft-1"
0.199475361411315,6.03198091145877,1.98167417575433,0.174913373488669,0.394509082619928,"natc-1"
0.376751911082889,3.87734035888757,1.97964182894643,0.175128369081245,0.394893819300368,"F55D10.4"
-0.228356219775242,5.35731107616381,1.97789335400296,0.175306468879432,0.395195186310099,"lron-8"
-0.146234128416467,7.19276189471798,1.97696082650209,0.175403128944784,0.395200366387398,"T26C5.3"
0.35926886754173,4.29013072852821,1.97692846119145,0.175408538674956,0.395200366387398,"C05D12.2"
0.199158566566714,6.39914440667737,1.97658694692137,0.175442115187387,0.395200366387398,"endu-1"
0.166988182843656,7.07535562288768,1.97532047151197,0.175574015370536,0.395397307664498,"tomm-20"
-0.340302140305396,4.33005906413709,1.97463569657516,0.175647370733493,0.395462338108758,"elt-7"
0.260920906253234,5.16650462659663,1.97400905764882,0.175711306561137,0.395505987677158,"stn-2"
-0.312040471667693,4.62323776624783,1.97347962432499,0.175767248263098,0.395505987677158,"sgcb-1"
0.21751012343158,5.55085915281609,1.97280769212476,0.175836431276765,0.395505987677158,"rnf-5"
-0.121070021531665,9.01038156259163,1.97272526473927,0.175844693430189,0.395505987677158,"F54D1.6"
-0.142685782009446,7.47838687676182,1.9721570008752,0.175904089358781,0.395539519091786,"npp-6"
0.151719515708411,6.99665478029094,1.96922946397791,0.176210335690477,0.396127963242487,"H24K24.3"
-0.364101841274958,3.99522328481814,1.9686159500196,0.176278015320856,0.396179937871013,"F57B7.2"
0.143620142763159,7.91488314023802,1.96750345960245,0.176391076458231,0.396319462895109,"LLC1.2"
0.196713277858913,6.10785339929733,1.96714107723056,0.176429246894482,0.396319462895109,"ceh-18"
-0.224679288661746,5.38320000375858,1.96591420723599,0.17655823616225,0.396430535018022,"his-3"
-0.155703017296775,7.02836780626201,1.96548949863362,0.176602448398338,0.396430535018022,"rsp-6"
0.228550320695658,5.73294899682855,1.9653958311986,0.176612456327341,0.396430535018022,"R11D1.10"
0.170411971732062,6.41436453516185,1.96474929351499,0.176680227863608,0.396482560811543,"Y66H1A.5"
0.352363687685881,4.4773892780781,1.96412100570359,0.176747693915535,0.396533874994453,"C35D10.17"
-0.448126667421648,3.5160302861921,1.96367204086996,0.176802079430394,0.396555824474176,"glc-4"
-0.386592520552208,4.07729382800358,1.961934623122,0.176979185023242,0.396852946794866,"ZK154.6"
-0.260951876003348,5.51308224142957,1.95895849486999,0.177290052355492,0.397449787063206,"C46C11.3"
0.126719596382185,8.05863947558484,1.95844696247743,0.177343650624583,0.397469724654188,"fah-1"
0.318203286721642,5.11727577345867,1.95711498909012,0.177484940949793,0.397686141629186,"F10E9.11"
0.275307196013654,5.0547696027018,1.95168860212211,0.17805934260907,0.398872666953197,"ttc-1"
-0.362491005029766,3.92159729868742,1.95057165241163,0.178181112358076,0.399039345302189,"gbh-1"
0.19159085893472,6.05786449510847,1.95013663816263,0.17822351143797,0.399039345302189,"T02E9.5"
0.226705128620314,5.59677956525259,1.94961032187965,0.178279539241794,0.399064295921146,"hpl-2"
-0.195299828426774,6.26780081522813,1.9469331472537,0.178564011815358,0.39952645291583,"ral-1"
-0.1448590001741,7.86073488013805,1.94673791584896,0.178584641283499,0.39952645291583,"atgp-1"
-0.143978075592537,7.67786092681562,1.94633589154229,0.178627443131765,0.39952645291583,"F40A3.6"
0.191905484491313,6.29904330075536,1.94597748153743,0.178665749273798,0.39952645291583,"Y82E9BR.18"
-0.180240031491659,7.12342035846402,1.94431798199604,0.178842532714942,0.399821211558599,"T24B8.7"
0.158424682951513,8.54771169723705,1.94306751480128,0.178975844891966,0.400018661873925,"hlh-30"
0.162412961966531,6.70791458281256,1.94258207706205,0.179027777709477,0.400034172308359,"lact-3"
-0.192989676213426,7.27908447102196,1.94105687072326,0.179190669716861,0.400261394785207,"smo-1"
0.128182069872495,9.24366140290566,1.94041575979786,0.179259137980874,0.400261394785207,"F56C9.7"
0.331986795649664,4.15421949137633,1.9403896761804,0.179264523004689,0.400261394785207,"C55A6.6"
-0.2116311865155,5.73958368680355,1.93954650520819,0.179352395444091,0.400346609726528,"acdh-11"
0.347188733229809,4.1834396453342,1.9391902618003,0.179392744702563,0.400346609726528,"ZK637.14"
-0.267426009431206,4.88175127985774,1.93789837651,0.179529497575374,0.400551257952987,"C56A3.4"
0.215930949502188,5.51861704884424,1.93735361501067,0.179587324916714,0.400579755603237,"D1054.8"
-0.199168110673621,6.01203262564746,1.93535196148965,0.179801859951256,0.400957696720998,"ife-3"
0.260974575463626,5.21030513856505,1.9343001983226,0.179915173175165,0.401109780516649,"Y61A9LA.11"
-0.274685565949028,5.318513084737,1.93384367198551,0.179964150041604,0.401118390077689,"magu-4"
0.183435779052125,6.01503356405105,1.93153126555312,0.180212541594073,0.401548872750374,"K07A12.4"
-0.196052455833265,6.33008067012667,1.93109832500647,0.180259099478907,0.401548872750374,"knl-1"
-0.369440175049949,3.97486540966322,1.93081782091775,0.180292779217129,0.401548872750374,"T27A3.7"
-0.17581702208955,6.74941390033348,1.92931269604451,0.180451453145155,0.401801620313944,"C16C2.4"
-0.407443337112547,4.06788027404774,1.92830299854908,0.18056342652337,0.401950281727411,"nhr-56"
-0.156389212642779,7.47087751208752,1.92722814143201,0.180676299275925,0.402100870303442,"unc-16"
-0.346213455399783,4.44183554332932,1.92637441425234,0.180770201083095,0.40220917363108,"ZK792.4"
-0.365239620094511,4.1353238245235,1.92425075569293,0.18100091425556,0.402621748472901,"mab-21"
-0.391659195609611,4.12396872654473,1.92231689949004,0.18121043660226,0.402986991453401,"R09H10.7"
0.393951735244963,4.14726420525019,1.92187254443541,0.181258376060818,0.402992803590081,"pad-2"
0.228702047475917,5.76143882940788,1.92007027040215,0.181451484605303,0.403321287406438,"nhr-119"
0.451985428362594,3.39597072976542,1.91893720285807,0.181584827543603,0.403516796223488,"H01G02.3"
0.334506950288651,4.15580463987938,1.91789444590387,0.181690195105215,0.403650056142045,"ndx-2"
-0.313025081782492,4.31430247795305,1.91717265428505,0.18176818264415,0.403722436145175,"spe-39"
-0.127724923354714,9.15512540482374,1.91637412791957,0.1818530060227,0.403809959177779,"rps-1"
-0.402887440517794,3.88639300490748,1.91438513834276,0.182073964993302,0.404199656118715,"math-24"
0.14163236352555,7.59753419191202,1.91007120880738,0.182540712370541,0.405134666421987,"T21C9.6"
0.211984040732606,5.92962807325938,1.90892643342987,0.182666153509661,0.405311896894034,"ZC477.3"
0.171834642510716,6.27255515532612,1.90746986694897,0.182825600955045,0.405564475571682,"snf-1"
-0.217043376567959,6.09677014540293,1.90703812589593,0.182872946386628,0.405568312876904,"hint-1"
0.210606287897397,6.66808550353962,1.90545474884962,0.183046526711141,0.405852037154304,"K02F2.5"
0.220014825494828,5.44911838500985,1.90500913651599,0.183095726585088,0.405859911510352,"C04H5.1"
0.167510950489603,6.52298764241076,1.90451962497218,0.183149189804761,0.405877229948687,"prpf-4"
0.435152397814908,4.07881105947181,1.90346151791312,0.183268308649041,0.406010455540011,"ddx-35"
-0.235461583561898,5.85960376171917,1.90314214891526,0.18330063755906,0.406010455540011,"rnp-7"
0.164559663107344,6.6291745666096,1.90135698449,0.18349688057559,0.406293710777009,"T24B8.4"
-0.220809112346123,6.12452625267812,1.90114829940265,0.183519912549822,0.406293710777009,"C05B5.8"
-0.221242673109447,5.3538621416802,1.90042067773397,0.183600330596306,0.406370559953139,"atf-6"
-0.385732867768068,4.05735841440589,1.89803110557601,0.183866488515821,0.406711070264448,"ify-1"
0.129731467961196,8.18035302820811,1.89795384460597,0.183871816563732,0.406711070264448,"got-2.2"
0.358356394258571,4.14744873908331,1.89780003080545,0.183891407317859,0.406711070264448,"ZK632.5"
-0.334953058384499,4.28680304036423,1.89431909075411,0.184275606458484,0.407417360765795,"C39D10.6"
-0.267453304112966,4.73394065046154,1.89386467614148,0.184324826063525,0.407417360765795,"flr-1"
0.258299208132685,4.99248603252761,1.89365027557352,0.184348222062849,0.407417360765795,"D2063.1"
-0.203835453556855,6.73197103755858,1.88929677043607,0.184830286636831,0.408212006332024,"akt-2"
0.150313194178077,10.396531798191,1.88901214772364,0.18486178430745,0.408212006332024,"clec-63"
-0.301519882946003,4.34748775216473,1.8888234877613,0.184884700252593,0.408212006332024,"C05D12.1"
0.383999561893075,3.95455843543549,1.88877800272867,0.184891435102807,0.408212006332024,"F16F9.1"
0.446499271895382,3.88953934703605,1.88734006291501,0.185051789538639,0.408464612906662,"chin-1"
0.122109425457489,8.70568905971328,1.88675208266095,0.185113053184348,0.408498425381494,"cdc-48.2"
0.372458753532759,3.9974579800166,1.88527364476733,0.185281022937431,0.408767636460719,"K01F9.2"
0.144114691417366,7.54661068257629,1.88438487932681,0.185376707987387,0.408801188749149,"idhg-1"
-0.142627392842188,8.46581536326541,1.88377102952024,0.185445124238066,0.408801188749149,"R11F4.1"
-0.191073635980244,5.94956669439996,1.88363209613831,0.185460829440372,0.408801188749149,"stam-1"
0.390974020704464,4.07930029707955,1.88343963350533,0.185485067820037,0.408801188749149,"nhr-232"
-0.204134899917666,5.81539069651821,1.88304704915559,0.185526127162616,0.408801188749149,"glb-33"
-0.343408772701661,3.98551576600926,1.88234401064092,0.185607867372516,0.408850217774641,"ttm-2"
-0.343324403867567,4.38895020572109,1.8817296433994,0.185674801664699,0.408850217774641,"C27A12.9"
0.12019553443578,9.94962226904937,1.88160976219459,0.185686332175683,0.408850217774641,"T21B6.3"
0.14882949109569,7.35199101685544,1.87818665315924,0.18606924264369,0.409510739608697,"Y82E9BR.16"
0.315107338006068,4.52700366115293,1.8781169188634,0.186078437523241,0.409510739608697,"F28A12.3"
0.248633116041402,4.96427078763059,1.8770728978173,0.18619473487949,0.409598026816902,"H01G02.1"
0.226377485839999,5.89649724360593,1.87692953935825,0.186210237812835,0.409598026816902,"rei-1"
0.3193682659152,4.39681572309526,1.87625246017562,0.186287692309899,0.409667047323104,"F38A6.5"
-0.379674984538478,3.70806466287893,1.87532639280013,0.186395611294845,0.409705444614395,"F27D4.7"
-0.298659094657005,4.50116921835642,1.87516982148504,0.186408927796107,0.409705444614395,"lgc-25"
-0.140510582665098,7.39610335900858,1.87484944308451,0.186443395445939,0.409705444614395,"isw-1"
-0.294146311929525,4.50231989061619,1.87410618339015,0.186528348041781,0.40976165548255,"Y54G11A.11"
-0.224206715671116,5.69645905473606,1.8738030126005,0.186561149633715,0.40976165548255,"crtc-1"
0.184778478419366,6.20688307671599,1.87327441130102,0.186620430765475,0.409790627299541,"F32B5.7"
-0.130930898836103,8.69368491751215,1.87255110676618,0.186701582700569,0.409791356377473,"inx-12"
0.231168887834655,6.26983972231,1.87222558041566,0.186738349094101,0.409791356377473,"nhx-2"
0.237940258751924,5.29562296292135,1.87204488262746,0.186759034533969,0.409791356377473,"C50F4.16"
0.46705920798774,3.54462934253697,1.87052258220378,0.186937673030379,0.410082124577621,"F38E9.1"
0.144840060719476,7.64577201862505,1.86870661353741,0.18713454473026,0.410412737345027,"clec-4"
0.35785758615968,4.05995679614885,1.86717934308795,0.187309913981564,0.410696040742314,"mdt-4"
-0.110967323745066,11.1129482845975,1.86429090040589,0.187633344996014,0.411303764881548,"F28B4.3"
0.249445620946363,5.10544920763778,1.86257746262987,0.187828007756219,0.411586109353351,"R02D3.4"
-0.41483197938239,3.97288405124972,1.86236814164881,0.187854733073434,0.411586109353351,"F20C5.11"
-0.19022096726316,6.41032882266294,1.86127403064814,0.187975235166548,0.411748661213545,"lst-2"
-0.148772063073498,7.19169545900997,1.86062259651245,0.188049073346147,0.411808943625762,"K10D6.2"
0.238853573235911,5.36648028465481,1.85980600039254,0.188142141207525,0.411911297088428,"bre-3"
0.309685824389554,4.70503393783164,1.85907879987105,0.188225377022446,0.411992079543714,"C25E10.5"
0.24915647042359,5.56100432502607,1.85728039023519,0.188429012042246,0.412246055349075,"nhr-4"
-0.298715208865371,4.64957402801065,1.85724324575022,0.18843414339654,0.412246055349075,"erl-1"
-0.197699577678024,6.33631227346865,1.85674402068802,0.188489844918301,0.412266472612206,"stdh-1"
-0.326607757473342,4.56895412671927,1.85533755051272,0.188651231950972,0.412457739299296,"ima-1"
0.347475698240252,4.26097547190536,1.85517900489309,0.188670073752136,0.412457739299296,"F35C11.7"
-0.167900554673898,6.79496685972616,1.85427625911134,0.18877087405097,0.412576657125657,"his-37"
-0.240321776589897,5.21347914535555,1.85281636754565,0.188937864158708,0.412840145056543,"best-7"
0.341697288841422,4.0283870520285,1.8511493791475,0.189130819543403,0.413160225199115,"C31B8.7"
-0.193468495823939,5.77780938716735,1.85032360082241,0.189222301305894,0.413258531297152,"Y71H2AR.1"
0.297088728575765,4.65693817691544,1.84872451160418,0.189406198151888,0.413558572634686,"lad-2"
-0.207566917942497,6.16259041419382,1.84797752429212,0.189490707736701,0.413641513009331,"dhod-1"
0.170968552037827,6.45929610692141,1.84751056759789,0.189544166464966,0.413656648021604,"Y69E1A.5"
0.303407696703731,4.47273468207926,1.8468933126877,0.189616339124763,0.413712606419207,"degt-1"
0.125820630300135,7.99727501626981,1.84617224756037,0.189697461875444,0.4137880602391,"eif-2gamma"
-0.532761511583504,3.33187186308787,1.84543437558128,0.18979569144081,0.413900783075851,"fncm-1"
-0.291021476459071,4.4637681159948,1.84488744257166,0.189846512577475,0.413910089094245,"ins-18"
-0.215998254040439,5.63461878603326,1.84406118736596,0.189940093773227,0.414012594689325,"ari-1.2"
-0.321013968775893,4.47954781079243,1.8428495148946,0.190080638336125,0.414141429906124,"C36E6.2"
0.376394352640557,4.25665274049212,1.8427529455074,0.190092360302203,0.414141429906124,"nlp-64"
-0.393761000235376,3.7464557801703,1.84053868613111,0.190350414966069,0.414537048440735,"col-99"
0.246284846477145,4.98691449191651,1.8403524259097,0.190367199278317,0.414537048440735,"F56C11.6"
-0.125701352060508,8.68203645457834,1.83862356418256,0.190565731812002,0.414867757478089,"copa-1"
-0.196209041450481,5.87144243763456,1.83742270441092,0.190704545149792,0.414962620632926,"algn-7"
0.169112960884982,7.00963331452113,1.83727168676875,0.190721843108414,0.414962620632926,"ltah-1.2"
0.358323293378586,4.14610929403394,1.83705548465745,0.190749322970056,0.414962620632926,"ttr-43"
0.154885027414586,7.52968646125635,1.83492457938268,0.190993029346135,0.415391150664502,"nud-2"
0.255957036968246,5.05667720682136,1.83362353576262,0.191144270662103,0.415575472214954,"cpsf-2"
-0.472976071638511,3.69530070147034,1.83343795612008,0.191171260978423,0.415575472214954,"D2007.2"
0.172515710806744,6.93350961032486,1.83296706220302,0.191219698255866,0.415579158443633,"ubh-4"
-0.14622382904685,7.68523236125672,1.83132352679305,0.191410121655096,0.415891346929487,"msa-1"
-0.360405035417084,4.39301613694904,1.8288652821577,0.191697338030532,0.416290507043145,"ccz-1"
0.258003138647622,5.05564884560372,1.828848740156,0.191698117500808,0.416290507043145,"mrpl-42"
0.148117962810858,8.50138610447062,1.82853143551812,0.191734296068123,0.416290507043145,"F26A3.4"
-0.195567630306688,5.74490072082455,1.82335547272486,0.19233733872339,0.417397291905081,"B0495.5"
0.201580694183578,5.97013046266362,1.82334975112917,0.192337949042303,0.417397291905081,"C35D10.5"
-0.440121888401025,3.76938154473244,1.82199141710743,0.192501617520351,0.417625439157086,"C25F9.10"
0.178747571008956,6.34290378372502,1.82149271330242,0.192554727524618,0.417625439157086,"mrpl-47"
-0.513742427164612,3.28089579055674,1.82130184070591,0.192591870334731,0.417625439157086,"ccch-3"
0.280233353381832,4.95768236280833,1.82084597920189,0.192630966818492,0.417625439157086,"usp-50"
-0.143653993416657,7.1455899325923,1.82034078583175,0.19268933130689,0.417650132776586,"zyg-9"
-0.104166157250117,10.9770471987589,1.81990096290775,0.192740688033784,0.417659628883348,"aco-2"
-0.183858722266325,6.03860968773137,1.81828311383815,0.192930272104403,0.417817794555425,"ztf-8"
0.180382738672904,7.23617583622495,1.81795398750521,0.192968708542768,0.417817794555425,"pcyt-2.1"
-0.141955810749449,10.0023363540546,1.81787028406619,0.192978440006712,0.417817794555425,"myo-2"
-0.160123435757238,6.80290400144577,1.81767312576376,0.193001651359704,0.417817794555425,"twk-8"
-0.192962765022863,9.13196158032005,1.8158546373344,0.193214794166452,0.418078477940271,"anc-1"
0.360865607755133,4.22816813776968,1.81586298423396,0.193216113581889,0.418078477940271,"B0019.2"
0.195926934017556,6.33728478714515,1.81382863282065,0.193452870250412,0.418461625911179,"gcsh-2"
-0.188520870906483,6.33370135307287,1.81353559245246,0.193487317975577,0.418461625911179,"nhr-40"
0.235729530593416,5.33670584694092,1.81304768492267,0.193545022751454,0.418484629689489,"utx-1"
0.348069160935862,4.41256083235302,1.8125626569919,0.193603308464432,0.418508878083458,"Y39E4B.10"
-0.277989595014113,4.89947485548858,1.8116966237836,0.193704372962605,0.418625566361332,"pqn-74"
0.252161111960571,5.32319974023196,1.81088598205866,0.193799451220063,0.418729263863325,"E04F6.8"
0.251259751390242,5.14671189167546,1.80926923935925,0.193990132232114,0.41903942314765,"mek-1"
0.208305522248721,5.68465305712014,1.80840839924724,0.194091344203389,0.419156216009797,"Y69A2AR.31"
-0.297723592933934,4.43358493007743,1.8065398000752,0.194313431112531,0.419445506206039,"K03A11.5"
-0.256480031446616,4.89890557136135,1.80648017916818,0.194319653589324,0.419445506206039,"syx-18"
-0.153962543814454,6.75994087470017,1.80553983273274,0.194430067374213,0.419581973064108,"acds-10"
0.177985301295383,6.1594397156639,1.80513344277654,0.194478198951052,0.419584000697356,"K09F5.6"
0.358192523103031,3.84300096904634,1.80333918848318,0.194694741644257,0.419809102596572,"cnc-3"
-0.245567672257586,5.16153081568093,1.80306153842065,0.194723957715439,0.419809102596572,"F12A10.1"
0.282349983350826,4.74511501599248,1.80306326544011,0.194724186155468,0.419809102596572,"cic-1"
-0.381536911260039,4.27130981869501,1.80202632817452,0.194848277421044,0.419974796254666,"F46C5.10"
0.25159860271913,5.04390141005979,1.80037641389798,0.195042531448485,0.420291601335066,"R01H10.7"
-0.251918739676786,5.03589249977664,1.79935901329527,0.19516339624195,0.420450146834789,"fzy-1"
0.129750601857996,8.18654070015616,1.79777691250894,0.195350779652588,0.420688124611167,"fgt-1"
0.479121587115433,3.76798323612207,1.79767099304726,0.195368492466484,0.420688124611167,"R08D7.4"
0.316891468051801,4.57460253273885,1.79627016692562,0.195531475707461,0.420937130875311,"faah-3"
0.378509981328788,4.15465069688145,1.79504888722099,0.195678226584493,0.421151080262098,"mec-4"
0.146059802884486,7.22899331392314,1.794298998181,0.195765162782188,0.421236220304074,"B0250.5"
0.139910855913707,7.12441189437088,1.79280219499036,0.195943810273095,0.421518610485866,"asna-1"
-0.303221717580374,5.73983490179077,1.79231063807625,0.196002704725668,0.421535089851095,"clec-170"
-0.216110350814342,5.45161920385692,1.79194688633922,0.196046293615372,0.421535089851095,"T24H10.4"
0.140765251662243,7.60694461491417,1.7908376968636,0.196178507693032,0.421717386822715,"gba-4"
-0.285556917019277,4.47907477489371,1.78834974684286,0.196477896736357,0.422258878386016,"F46B6.5"
0.347249358661098,4.07598767173963,1.78550868552048,0.196820037680396,0.422891965929532,"R01B10.3"
-0.274261933494307,4.9597621421909,1.78502158003189,0.196876425367393,0.422910920014856,"R02D3.7"
0.158063289860029,6.49340574899737,1.78144486779595,0.197305998211988,0.423731311619031,"ger-1"
0.148660621039559,7.38070508633913,1.78000266626916,0.197479750869963,0.423905887306016,"T03G6.3"
-0.40024003423049,3.96625952484918,1.7800083535963,0.19748264370954,0.423905887306016,"ztf-14"
0.287336650763474,4.39602795708195,1.77955156796157,0.197535824687273,0.423917696667764,"T06G6.3"
0.119180358149077,8.66396606688116,1.77721993666568,0.19781560202869,0.424415665452963,"apy-1"
0.25309670214674,5.17722701942533,1.77652379311924,0.19790034536123,0.424495047191001,"cyn-11"
0.167596675875745,6.55527241631327,1.77240087030099,0.19839915130977,0.425462338228452,"unc-36"
-0.366693514694009,4.13479730948607,1.77149084571793,0.19851218588147,0.425602084560442,"arrd-13"
0.356672523827474,4.20839467733647,1.77092646422805,0.198580310047602,0.425623807781544,"srr-1"
-0.301813061775724,4.63807966258614,1.77060653054078,0.198618060790195,0.425623807781544,"Y45F10A.7"
0.294076689244843,4.34784271845768,1.76984868636784,0.198710748939677,0.425719823812692,"C47G2.4"
-0.391790337018684,3.83166609853602,1.76896285761358,0.198821179444214,0.425853795817515,"ZK1307.2"
0.231025532254109,5.48830500921541,1.76829421019575,0.198898277046466,0.425916324956678,"teg-1"
0.114536290533098,10.2860015334595,1.7678913748578,0.198946920518962,0.425917907617166,"ifb-2"
-0.210697165026698,5.50160464386361,1.76686390628398,0.199072395779792,0.426083936176729,"T04H1.2"
0.126392330079285,8.44953022266555,1.76585808436811,0.199194585131401,0.426242853526663,"ears-1"
-0.175400679518606,6.0697621181597,1.76443804039631,0.199367964477634,0.426511206008335,"sec-12"
0.169727842153037,6.35044186231136,1.76396019148639,0.199426240663721,0.426520177961685,"C09D4.1"
0.235613338209669,5.16173711600811,1.76362112301272,0.199468102571666,0.426520177961685,"mig-1"
0.319108599200817,4.12643530614652,1.76225155306269,0.199637455979547,0.426733108158639,"trpp-1"
0.272137339366625,4.79329749618512,1.76202349327322,0.19966367449555,0.426733108158639,"nhr-64"
-0.186283935492756,6.3323715513807,1.75864801924894,0.200076047879514,0.427511689905493,"kin-20"
-0.179895844673216,6.47979072371176,1.7569921460512,0.200279125494587,0.427782850239025,"crh-2"
0.255659694753781,5.10964168578512,1.75667455522757,0.200318623117215,0.427782850239025,"B0025.4"
0.234573862781563,5.25778519728603,1.75644006938524,0.200347293712214,0.427782850239025,"pha-1"
-0.338405175259812,4.14428372357806,1.75506414464804,0.200518442348636,0.4280454912177,"eaf-1"
-0.211235728992962,5.56669183972216,1.75350834753773,0.200707468965644,0.428262186362101,"F10C2.5"
-0.363271591552177,3.99780189512171,1.7534616482449,0.20071628957045,0.428262186362101,"tcl-2"
0.278797385784189,4.5407812522922,1.75176799467947,0.200922822847662,0.428600004303878,"kal-1"
0.289259436706148,4.47988280668944,1.75107325755503,0.201008583095233,0.428622614829704,"dro-1"
-0.257433878612512,5.43295702194569,1.75089180444798,0.201029839595081,0.428622614829704,"F08B4.7"
-0.15907244142758,6.68565908154871,1.75021837213211,0.201112604030586,0.428696274858772,"K07A1.10"
-0.224972050385399,5.30151362442299,1.74869591244987,0.201300920364834,0.428942594480297,"R13H4.5"
0.19015468197471,5.72055071950569,1.7485019153476,0.201324648157269,0.428942594480297,"M02E1.1"
0.233658019449102,5.48716574215027,1.74716185036591,0.201490382789461,0.429192858979659,"B0353.1"
0.242360205359362,5.41201666284184,1.74631157606441,0.201595617231954,0.429314163547138,"dmsr-1"
0.319340395815014,4.54373096969831,1.74544927598257,0.20170331694864,0.429376412922099,"K02A11.4"
-0.380261508785135,3.61514824868178,1.74484335534877,0.201783744030915,0.429376412922099,"brc-1"
-0.307505588216188,4.44211357515658,1.74472831915223,0.201792876646555,0.429376412922099,"lact-2"
0.217975682363666,5.43778961924259,1.74451525016882,0.201818021550045,0.429376412922099,"mics-1"
0.211789313796034,5.48686507857438,1.74319309779799,0.201981898382284,0.429622262803084,"svop-1"
-0.221659708739811,5.3465957200004,1.74114692699198,0.202235994423417,0.430015257600532,"C16D9.4"
-0.152650374553051,6.64248646754212,1.74092357522682,0.202263390764304,0.430015257600532,"uso-1"
0.313875730585978,4.44385562624023,1.73928728484167,0.202468327185816,0.43028517361427,"Y54G11A.1"
0.280139205978527,4.62858318993827,1.73913296286469,0.202487140524363,0.43028517361427,"erv-46"
0.227970310392984,5.550136918688,1.73701751988376,0.202749676501081,0.430675484500704,"pfs-2"
0.147732003732374,6.97051442444573,1.73687100870078,0.202767695210881,0.430675484500704,"C39H7.4"
0.242103308322733,5.20122764061219,1.73494233335804,0.203008738055692,0.43108447338265,"pals-24"
0.210646818246655,5.76734761799712,1.73037328280288,0.203579764427973,0.432176792757574,"F17C11.7"
0.187176641313512,5.9753539056582,1.72968803076318,0.203665580907128,0.432176792757574,"mut-16"
-0.188658451500735,6.91650000533826,1.72940636401095,0.203700782008793,0.432176792757574,"akt-1"
0.153533312617885,7.35659688050661,1.72927219653535,0.203717572651782,0.432176792757574,"usp-5"
-0.132250780192524,8.05216084249721,1.7277505320096,0.203908399005517,0.432397391624458,"C06G3.5"
-0.114661061081548,8.91748920676551,1.72766743322863,0.203918823875981,0.432397391624458,"pfk-1.1"
-0.355749371468303,3.78180449994296,1.72519493488864,0.204234424199504,0.432963344195945,"T05E11.8"
0.309541248327664,4.2807080757724,1.72468501782001,0.204295698756001,0.432990001821121,"B0041.8"
-0.147835067383377,7.5504669021511,1.72149166221133,0.20469594964377,0.433734911411526,"T27E9.2"
-0.165811832074026,6.80164625330567,1.72098659499998,0.204759736903941,0.433744692647027,"W07G4.3"
-0.228007158147602,5.28299788816283,1.7200595256289,0.204877168421106,0.433744692647027,"H14A12.3"
-0.235698872817679,5.42502410321675,1.71992583542712,0.204893940883176,0.433744692647027,"F46C5.9"
0.191654898582572,6.0439137827476,1.71900096971714,0.205010558824459,0.433744692647027,"cah-6"
-0.265036926553795,4.62911932418416,1.71900587533485,0.205010993230386,0.433744692647027,"F26F4.12"
0.282123915094957,5.15024433147216,1.71885415004692,0.205029537687617,0.433744692647027,"zfp-3"
0.471087853749837,3.64618830123113,1.71847211121035,0.205083539594305,0.433744692647027,"immp-1"
0.140896815850819,7.71397608941267,1.7181580689611,0.205116934282408,0.433744692647027,"ppm-1.G"
0.18177517352767,5.8189846696615,1.71798038846189,0.205139628003683,0.433744692647027,"C01B10.9"
-0.2011851012471,5.63599310878196,1.7164997698209,0.205327064940091,0.43403778753741,"T08A11.1"
-0.123942610099041,8.32049597427538,1.71471452318918,0.205552962667995,0.434330759853875,"gpb-1"
-0.149319873266688,7.2890407607036,1.71429012383808,0.205606849761028,0.434330759853875,"swsn-1"
0.279666185136455,4.83890530938061,1.71425450684292,0.20561221102519,0.434330759853875,"glt-7"
0.161543600704025,6.6111823313183,1.71294836914411,0.20577716854747,0.434575963314859,"sfa-1"
0.199212122293949,5.83057270611516,1.71254594777981,0.205828385031567,0.434580900336182,"rnp-3"
0.340529605209755,4.28127307421874,1.71168282956166,0.20593988231208,0.434713080160662,"fut-3"
-0.20850053274605,5.75620473406975,1.70895216832713,0.206285477638016,0.435303967393444,"pros-1"
-0.185255941833059,6.09471353608048,1.70869838269684,0.206317727881675,0.435303967393444,"efa-6"
-0.422243716216773,3.75621549165099,1.70723956601264,0.206508774461045,0.435518381781244,"C35C5.10"
0.107001734144506,11.004879467153,1.70713105628729,0.206517320615198,0.435518381781244,"lev-11"
0.258203763003123,5.22254699117016,1.70662711106359,0.206582159911893,0.435551810238711,"F52G2.3"
-0.0999946097729322,10.9645258677695,1.70254483470347,0.207103294934365,0.43654703538678,"cts-1"
0.186372379786616,5.9326803522427,1.70071141467184,0.207338347313939,0.43687628996192,"M04B2.4"
-0.201590653555478,5.9361416903427,1.70055988123568,0.207357771188764,0.43687628996192,"tag-131"
-0.116842427171677,8.44533212965537,1.69948435477587,0.207495495840624,0.437062888774932,"pptr-1"
0.330007985132724,4.17411144805664,1.69676280794364,0.207847479728502,0.437700602147349,"agt-2"
-0.162949299592847,7.90432564818456,1.69593340157742,0.207951722557249,0.437812772819528,"rpl-31"
0.197671354953608,6.04509069115643,1.69556560625727,0.207999229826756,0.437812772819528,"hsf-1"
0.283759201051174,4.66280169884808,1.69495117784495,0.208079293073859,0.437877631886314,"nhr-80"
-0.275865586016375,5.3279842477256,1.69341456750447,0.208276579020359,0.438189082837201,"flp-16"
-0.28736742755018,4.93342409899689,1.69062382786528,0.208637059761723,0.438843647584926,"mdt-19"
-0.228389005079411,5.51826610614093,1.69000464406138,0.208716610889342,0.438850450577947,"nspc-20"
-0.174329582401714,6.70755117601239,1.68947006447266,0.208785470342685,0.438850450577947,"T21F4.1"
-0.112427116593353,9.04029181914651,1.68944676498528,0.208788370930685,0.438850450577947,"tcc-1"
0.125224893849252,7.51337540119982,1.68890811222384,0.208858072960825,0.438893199407869,"F38B2.4"
-0.227147182229967,6.05009117485904,1.6879446779931,0.208982905445148,0.439051751491684,"sec-31"
-0.208662481666131,5.82136520910675,1.68686755629695,0.209122460306164,0.439184602679153,"ZK1290.14"
-0.244902031126926,5.32312375791828,1.6863703705647,0.20918713358009,0.439184602679153,"nhr-107"
-0.350590825337064,3.88784033998393,1.686342417965,0.209194330485459,0.439184602679153,"dom-3"
-0.250988696416757,4.96065111670305,1.68397129892687,0.209498692734826,0.439719753802016,"ech-9"
-0.297204688110322,4.43604165238195,1.68325410255889,0.209592723714471,0.439781087198202,"glc-2"
0.22194338344279,5.63665233746907,1.68298105674511,0.209626841474073,0.439781087198202,"T04F3.4"
0.201621926441871,5.52431882897714,1.68107738808778,0.209874481973069,0.44013395248157,"Y54F10AL.1"
0.170725218893748,6.44662009456095,1.68092546290902,0.209894045497903,0.44013395248157,"Y54G11A.7"
0.256139912083997,5.00335818039548,1.67850541673856,0.210209962226316,0.44069247209483,"F53G2.12"
-0.125803326237936,7.85798133220735,1.67556824730865,0.210592738772644,0.441390862901361,"acdh-3"
-0.227171980731385,5.37193924914264,1.67348335756028,0.210865935981596,0.441676571533802,"F28F5.6"
0.215635558650152,5.53594291086122,1.67333945992387,0.210884663174257,0.441676571533802,"M05D6.2"
0.123253464840608,8.51676940751855,1.67329805954975,0.210889748539858,0.441676571533802,"F22E12.1"
0.12336812752099,7.83649401631232,1.67300786413297,0.21092776096418,0.441676571533802,"nsf-1"
0.157517331507094,7.20841155407525,1.67174372567626,0.211093492544766,0.441919529601016,"C02B10.3"
0.346983978843626,4.00648635633947,1.66828026378968,0.211551313723906,0.44272118360547,"tag-124"
0.240873835131841,5.48558471645999,1.667061817628,0.21170874959628,0.44272118360547,"rig-1"
-0.167406642069601,6.48088985495689,1.66655811360748,0.211774804770674,0.44272118360547,"rpl-39"
-0.376904738824485,3.79540442934086,1.66625666339965,0.21181916532721,0.44272118360547,"pin-2"
-0.328101960671249,4.49016812396272,1.66594184654216,0.211857357424934,0.44272118360547,"cnc-10"
0.352863830331313,4.1823579230522,1.6653873474601,0.21193127517072,0.44272118360547,"dma-1"
-0.289121615746487,4.70417723094448,1.66522204855447,0.211951766525559,0.44272118360547,"ZC443.1"
-0.186807249660396,5.73731983924084,1.66493841007399,0.211988294018556,0.44272118360547,"K09E2.3"
0.381557093300355,4.0512244180304,1.66483048633439,0.212005254754883,0.44272118360547,"ztf-11"
0.304665782938691,4.27993922430084,1.66466112518088,0.21202663004425,0.44272118360547,"M176.11"
0.226894840501082,5.15529687901349,1.66385368711356,0.212131673450692,0.44272118360547,"acl-6"
-0.212360858530341,6.01779076605006,1.66382897878463,0.212134524022137,0.44272118360547,"F54C8.7"
-0.290752094208253,4.59340640707535,1.66373252812638,0.212148362954574,0.44272118360547,"rcq-5"
0.325726350236013,4.34692700704535,1.66335619831644,0.212198566228349,0.44272118360547,"trp-2"
-0.167718560993359,6.63894381279236,1.6631553887254,0.212223336466822,0.44272118360547,"K11H12.7"
0.235986928519713,5.33024328739492,1.66177346698057,0.212406204270391,0.442998724411928,"git-1"
0.196826623872255,5.68812824331648,1.66058368051254,0.212563286355136,0.44322236842953,"rba-1"
-0.252178661903964,4.85719661442234,1.65957795427099,0.212696983932822,0.443313695780416,"F31E8.4"
-0.115908972276051,8.21788486955276,1.65949700125854,0.212706807580616,0.443313695780416,"K07E3.4"
-0.124626580768119,7.86035196308725,1.65834639282409,0.212859192663695,0.443325160631586,"scl-3"
0.375885508762824,3.76927409239991,1.65811072929399,0.212895237302001,0.443325160631586,"C47E8.3"
-0.124451652502174,7.69568873905022,1.65802167969023,0.212902223842178,0.443325160631586,"cgh-1"
-0.113817247191114,9.09159826945898,1.65794965364666,0.212911757495993,0.443325160631586,"gpd-2"
-0.285197801548606,4.41196909693754,1.65733392507278,0.21299508703759,0.443394829981554,"adbp-1"
0.185931500167729,5.65666026418559,1.65669037433354,0.213079021888413,0.443417127932627,"nuaf-3"
0.21938355140035,5.8615281426398,1.65649006593957,0.213105543544721,0.443417127932627,"ulp-2"
-0.121852427987393,8.46346423971002,1.65549799629089,0.213237006718645,0.443489547034384,"attf-2"
0.265591321900498,4.86554606019598,1.65548117345321,0.213240109500842,0.443489547034384,"ZC376.2"
-0.439963659237707,3.70787911336473,1.65475182486939,0.213341907853334,0.443597498298408,"sid-5"
-0.161296357474115,6.9389759465941,1.65333651918522,0.213524370325272,0.443873083133503,"ZC190.4"
0.357120758821674,3.84264829711699,1.65293381676895,0.213582047695046,0.443889197301695,"plr-1"
0.166656516123028,6.43672414364671,1.65162083398505,0.213752777591966,0.444140206957274,"jhdm-1"
-0.442776422096456,3.44299530536384,1.65054013605894,0.213906385754484,0.44434105292195,"duxl-1"
-0.413162483956162,4.13351525451871,1.65016524830942,0.213949392369685,0.44434105292195,"mff-1"
0.147560468793453,7.4417036979046,1.64623557678823,0.214471528594504,0.445223018234207,"pbo-1"
0.242712986258063,5.04042298714005,1.6462202967701,0.214474208423924,0.445223018234207,"slc-25A46"
-0.164738942226753,6.47839936629751,1.64526492439362,0.214601490278679,0.445383251649799,"1-Jun"
0.246489218367732,4.9045363441371,1.64278498965912,0.214934489151426,0.445710396076515,"flp-25"
-0.354603690378901,3.86401563506657,1.6426736830726,0.21495280366224,0.445710396076515,"dop-3"
0.229196899361087,5.31633490477387,1.64238737490688,0.214987490456544,0.445710396076515,"isy-1"
-0.231627563806773,5.23235261376693,1.64234907387127,0.214992688740046,0.445710396076515,"fip-2"
-0.271226838284033,5.05559693236634,1.64192561614663,0.215049664450054,0.445710396076515,"spp-16"
0.353759163446385,4.07947703373033,1.64186532972985,0.215059903179423,0.445710396076515,"W04A4.6"
0.223341804560114,5.71980198922363,1.63981481693993,0.215332778415127,0.446171925632462,"slc-25A18.1"
0.414624785389506,3.51632105325547,1.63878857062703,0.215478340854713,0.446225730951929,"K01G5.10"
0.120456587522378,7.97377315677214,1.63841344752348,0.2155210346947,0.446225730951929,"mec-12"
-0.18555436408409,6.10968913240966,1.63800589775332,0.215576066368265,0.446225730951929,"pkc-3"
0.16827934662496,6.3952021985033,1.63777893150772,0.215606584829596,0.446225730951929,"F32A11.1"
-0.270237080268986,4.90168867897039,1.63749681859321,0.215645288621338,0.446225730951929,"T18D3.7"
0.138358692821395,7.22654589585876,1.63738284243721,0.215659876943025,0.446225730951929,"unc-57"
-0.218471388879612,5.44731150936318,1.63529095017936,0.215942201596075,0.446602429806299,"tpst-1"
-0.210755473517305,5.55334737507105,1.63509897785279,0.215968057437551,0.446602429806299,"C42D8.1"
0.344781094580841,4.28229953251609,1.63458444954026,0.216039205937351,0.446602429806299,"Y22D7AR.6"
-0.357687065352762,3.94172715390447,1.63456929700328,0.216042858013372,0.446602429806299,"san-1"
-0.143945026753528,7.16256126005718,1.63377139213052,0.216147044629609,0.446615143967491,"nlp-49"
-0.147888518966299,6.8166085765185,1.63369481232639,0.216157408506824,0.446615143967491,"ept-1"
0.363459358466577,4.3294192909454,1.6333951258452,0.216199705279055,0.446615143967491,"hrde-4"
0.188188084600777,5.6374250143152,1.63285800627859,0.216270679176708,0.446657981082488,"gpb-2"
0.351011445591412,4.16498587718461,1.63230532877397,0.216347572117345,0.446713019901373,"nbs-1"
0.217716501209008,5.34113912801543,1.6303086099135,0.21661584917026,0.447163110047082,"uba-2"
-0.32820029725367,4.30458922867119,1.62810109825984,0.216916688906275,0.447680195233448,"F38H4.3"
0.495415070304756,3.48833687817008,1.62720749246787,0.217044499029054,0.447681993624411,"gst-31"
-0.115477277003597,8.94830414830429,1.62656001419762,0.21712391181054,0.447681993624411,"ncs-2"
0.13793545029088,6.99820962306583,1.62655479196891,0.217124712443797,0.447681993624411,"nlp-36"
0.170109194576215,6.66676632155129,1.62652211514211,0.217129174109111,0.447681993624411,"C27H6.8"
-0.117537503263823,8.35845339039261,1.62622584384079,0.2171693216176,0.447681993624411,"rab-11.1"
0.270604060524839,4.58128703282329,1.62490842677509,0.217349728640074,0.447950031835628,"dic-1"
0.352896066256639,4.08021572240762,1.62369879579331,0.217515907042805,0.448188627929914,"T25G3.1"
-0.17960646634166,6.06530431385768,1.62139713637031,0.217826967157483,0.448725571130024,"lon-8"
0.472005468713815,3.54814087087415,1.62036669090481,0.217974879197688,0.448926256878999,"bath-46"
0.167159447831935,6.4628462986678,1.61807590611798,0.218280588283897,0.44942696109737,"Y7A9A.1"
0.192636954580907,5.53608032656999,1.61779591572816,0.218319091775902,0.44942696109737,"Y75B8A.13"
0.215666562711645,5.22692081818819,1.61650856390169,0.21849550586708,0.449686005246345,"snrp-40.1"
0.117467839475757,9.26186491420794,1.61592337362604,0.218575128624675,0.449745769174262,"hpd-1"
0.13682878118009,10.7373751862294,1.61462100444245,0.218753660840378,0.450008976985608,"eef-1A.1"
0.217317482195375,5.55226395112987,1.61392428216798,0.218849575791514,0.450102146278591,"ZK632.2"
-0.238247398452167,5.21401326066683,1.61214291416827,0.219094433631971,0.450442820180646,"gpap-1"
0.110126886665237,8.50539846856486,1.61197801694879,0.219116544514824,0.450442820180646,"gcp-2.1"
-0.124711661043038,7.71115515975966,1.61062427955465,0.219302716176253,0.450721324438989,"aagr-1"
-0.104719379930569,9.47869797952912,1.60977984792473,0.219418929293318,0.450855951085484,"chc-1"
-0.354672751594265,4.10389515330247,1.60884661156388,0.21955027731221,0.450982855030596,"T05F1.13"
-0.368409556360825,3.81729593553397,1.60862803427749,0.219582136928068,0.450982855030596,"T22C8.6"
-0.171872666724383,6.12499798370914,1.60601203559742,0.219938649841273,0.451610747283778,"aqp-10"
-0.134692266687186,7.50869253324107,1.60478141154349,0.220108541994458,0.451824461896648,"egl-30"
0.167884926387294,6.77043667798274,1.60452278000848,0.220144367218117,0.451824461896648,"mrpl-4"
-0.211869089487989,5.3350574555843,1.60342041002566,0.220297211175122,0.452033811345029,"F48F7.5"
0.321182012971908,4.10597881273105,1.60304854577555,0.220350875791998,0.452039602368864,"ast-1"
0.302363393119142,4.47026259432404,1.60249128006123,0.220426879047948,0.452091206831673,"dhps-1"
-0.308040510466663,4.2541465157589,1.60196616155134,0.220500267486742,0.452137425789812,"T20B3.14"
0.217554231204332,6.06107835723142,1.59749019958621,0.221119517000908,0.453302657517887,"acox-3"
-0.206732352401906,5.52925978275844,1.59516346172577,0.221443494117041,0.45384664023958,"nrx-1"
-0.248654029594846,4.88049448230069,1.59485510711093,0.221486961196664,0.45384664023958,"R02F11.4"
-0.317365437361671,4.71209113662158,1.5936380513932,0.221656857381571,0.453987227921862,"sulp-5"
0.190913727107123,6.12914170907603,1.59334712260157,0.221696512410257,0.453987227921862,"T22F7.4"
-0.210824799178792,5.80827599675508,1.59325985478057,0.221708755329741,0.453987227921862,"asm-1"
-0.228964979736384,5.02547909911412,1.59256448312158,0.221806263208837,0.45403020290969,"rab-6.2"
0.105235347811364,9.9381391378436,1.59237593542168,0.221831875091631,0.45403020290969,"asp-2"
0.411158148739718,3.51747011818889,1.58896265476367,0.222316752096027,0.454913079204753,"glr-2"
0.287586719624536,4.39454064766133,1.58857107072608,0.222365565428395,0.454913079204753,"Y71H2AM.6"
-0.179766148011598,5.84548879040314,1.5863569514889,0.222674442650944,0.455340103946563,"T24G10.2"
0.170298985342901,6.5528896029956,1.5863399017132,0.222676726123007,0.455340103946563,"F20D6.11"
0.330598923255317,3.85397853264543,1.58554063234906,0.222792805569205,0.455415666991712,"C33C12.10"
0.230868973846385,5.3909823415996,1.58534890180453,0.222816123204808,0.455415666991712,"lin-17"
-0.203671037367968,5.62535199917326,1.58482674859059,0.222889311258296,0.455451293602331,"F09G2.1"
-0.256968034417892,5.47864769476443,1.58436303696535,0.22295452593359,0.455451293602331,"vamp-7"
0.317687248109864,4.01780373271125,1.58414942678564,0.222987232150596,0.455451293602331,"frpr-19"
-0.269266498926692,4.66144451404922,1.5833800584383,0.223093483465024,0.455563656749548,"C14B1.8"
0.344751511264487,3.91059224285945,1.58177879532539,0.223321329743845,0.455755256873083,"col-168"
0.14130584172133,7.6736868605286,1.58170904594984,0.223327469110484,0.455755256873083,"eef-1B.1"
0.257933035408896,4.6490616463869,1.5815389928289,0.22335255782364,0.455755256873083,"ztf-18"
-0.126508486736587,7.440250725367,1.58123959420803,0.223393618119659,0.455755256873083,"C33A12.1"
-0.203536409964023,5.72631103630654,1.58088624130338,0.223443613171721,0.455755256873083,"tub-2"
0.13398465026481,7.16033599990052,1.578947515164,0.223716816878212,0.456162844483284,"abcf-3"
-0.385345350964154,3.68345424398108,1.57852671204617,0.223781928930403,0.456162844483284,"F07C3.3"
0.145304212569194,7.05433201014601,1.57837693897983,0.223797359986063,0.456162844483284,"dpf-5"
-0.125908107668123,7.59615889889867,1.57767084935903,0.223897022532025,0.456261386049103,"ZK1307.1"
0.146380109168147,6.8488569698224,1.57717318601399,0.223967405487261,0.456300229648772,"mfsd-6"
0.283052246153993,4.30552563096714,1.57579090916725,0.22416468281227,0.456597524601121,"C13G3.1"
-0.127245524400424,8.31834398183582,1.5748025701901,0.224302648812745,0.456773900731589,"F21D5.7"
0.262584603116358,5.41964884737528,1.57351826674898,0.224485000703176,0.457040563602458,"F53C11.1"
0.283659376470815,4.41300755724623,1.57294336188776,0.224567719962006,0.45710430361314,"Y37A1A.4"
-0.41551042481802,3.69631151429899,1.57223290733265,0.224672595953184,0.457119895213841,"del-5"
-0.243908188199552,4.96484712946018,1.57215834043482,0.224678207410245,0.457119895213841,"Y116A8C.9"
0.173181416146702,6.2638783361177,1.57085589439299,0.224862496549719,0.457278944448427,"odr-8"
0.352174890945222,3.75930240776935,1.57066329675057,0.224894508562494,0.457278944448427,"Y47H10A.4"
-0.264655353874048,4.61466720284764,1.57052439838909,0.224910676422559,0.457278944448427,"dhs-27"
0.15409744878998,7.04682156085533,1.56988919530244,0.224999800067996,0.457355560677767,"smg-6"
-0.17128282895175,6.27993712599194,1.5691576652046,0.225103879123895,0.457462534694983,"edc-4"
0.140578725952603,7.49462979534692,1.5668369642149,0.225434161257303,0.457783801177952,"plst-1"
-0.370095541480579,3.81743166163259,1.56658960175404,0.225473889277705,0.457783801177952,"klp-18"
-0.197387191366833,6.71075944202396,1.56635946497604,0.225502293357275,0.457783801177952,"CC8.2"
0.305501831419323,4.1997044955112,1.56636827415667,0.225503200190306,0.457783801177952,"C25H3.17"
0.196649223826315,5.70954465270533,1.56624047149274,0.225519407171233,0.457783801177952,"sec-10"
0.253280529570294,4.60248765979783,1.5641611700007,0.225817070658273,0.45828339995953,"JC8.7"
-0.120277803955285,8.79070257661475,1.56357596700815,0.225899436266138,0.458321581564013,"pqn-59"
-0.136439775138992,7.34810420150491,1.56329961204671,0.225938982341139,0.458321581564013,"R148.3"
0.260639239850856,4.99237228901089,1.56046667329144,0.226344963651841,0.459001287973039,"dus-2"
0.276002302741635,4.37293295810873,1.55955347150794,0.22647681601109,0.459001287973039,"nape-2"
-0.138655964094038,7.18136060553664,1.55904817202402,0.226547617722782,0.459001287973039,"asd-2"
0.429022933417746,3.55898723964163,1.55899086497207,0.226562842206233,0.459001287973039,"slx-1"
-0.268423949461646,4.41803672593476,1.55894761580104,0.226563602765515,0.459001287973039,"lgc-45"
-0.368189518340407,3.73326855294933,1.55883183416551,0.226583809797961,0.459001287973039,"T09B4.4"
-0.278000842644107,4.29655075413131,1.55779965427276,0.226728652578422,0.459190079743678,"eas-1"
-0.107574110891813,9.17490853091819,1.55697134893333,0.226845601199746,0.459211113467813,"gpd-3"
0.290890153035887,4.54369494881896,1.556820013918,0.226868681908426,0.459211113467813,"twk-42"
0.162513681394669,6.18138970170427,1.55663566996574,0.226893985093252,0.459211113467813,"ZK688.5"
0.16139806071916,6.47098431295822,1.5561084379246,0.226969722630561,0.459259855236303,"clec-173"
-0.291041052217774,4.3953366915882,1.55524572365551,0.227095359198332,0.459409519597809,"unc-49"
0.308704030529574,4.67657127330953,1.55460857131845,0.227186430771682,0.459489207459287,"rpm-1"
0.371023575922003,3.87741028838241,1.55367141397103,0.227324144908519,0.459663173159345,"C29E4.11"
0.307063688370087,4.27996558169638,1.55124843336038,0.227671547928729,0.460251469978287,"glh-4"
0.247644451710127,4.95401698893415,1.55091371398599,0.227718616177537,0.460251469978287,"mlck-1"
0.120070331157565,7.92717487607808,1.55040920793474,0.227790703970182,0.460292533863384,"aars-2"
-0.267830417006191,4.41851536521788,1.54984588979216,0.227873702961051,0.460355622137402,"C46H11.10"
0.137476389288359,7.34357533978586,1.54870672323031,0.228036779720579,0.460580419921777,"nuo-2"
0.179329093337051,6.13534360719996,1.54813878584209,0.228119025275504,0.460641892737795,"leo-1"
0.381880089594717,3.74777817632334,1.547475545169,0.228219759088302,0.460740662591756,"malt-1"
0.232795777253136,5.03280480131145,1.54619237935091,0.228401351368245,0.46100259137686,"nstp-4"
-0.325480835326044,3.8770549810078,1.54578191510432,0.228464138176468,0.461024660128682,"sem-2"
0.216310603209594,5.23673523100869,1.54023817646496,0.2292660334656,0.462432377199422,"twk-31"
-0.152836852810036,6.86147286414197,1.53990264935623,0.229314469094299,0.462432377199422,"hda-1"
-0.285294685582098,4.5462964417834,1.53951145489065,0.229372716251935,0.462432377199422,"ZK970.7"
0.281293998596891,4.58888856901686,1.53938163397406,0.22939151846105,0.462432377199422,"unc-105"
0.327524649376469,4.86962820444758,1.53902471941817,0.229443134165644,0.462432377199422,"F13E9.1"
-0.165130182570553,6.44163862915085,1.53859213961768,0.229505466350532,0.462432377199422,"cdo-1"
0.340765640946068,3.80781566128947,1.53848147843496,0.229525821682719,0.462432377199422,"glb-29"
-0.198419535502163,5.44601989828474,1.53688505125443,0.229754775798695,0.462788788315857,"mrps-16"
0.216256176935535,5.06795858372541,1.53430784312481,0.230131704995447,0.463443032642021,"glrx-21"
0.223497948743641,4.98511519824987,1.53060802896763,0.230673888788332,0.46442969773937,"phf-5"
-0.135392767475386,7.32084610926482,1.52779108633738,0.231087079230147,0.465114852449863,"cls-2"
-0.177490660300265,6.40801892808929,1.52757576673352,0.231118818819424,0.465114852449863,"F40A3.3"
0.172802281099789,5.95262260748972,1.52623365617924,0.231316427273741,0.465407185990231,"ZC434.4"
-0.327916813444711,3.87686311519705,1.52374372588927,0.231687257623804,0.465909556683815,"oig-1"
0.147788502875916,6.82342528110579,1.52362375905918,0.231701091687373,0.465909556683815,"F23F1.4"
-0.233914050823444,5.06330967833195,1.52347696711396,0.231723322422205,0.465909556683815,"clec-49"
-0.203506037625976,5.26196436725948,1.52263520396578,0.231847454149664,0.465951311798792,"drr-1"
-0.169865860944054,6.23194974098414,1.52262297752871,0.231848903767614,0.465951311798792,"maph-1.1"
-0.218000647491208,5.49832699383342,1.52070858080376,0.232132091504361,0.466412037819462,"cyp-33E1"
0.194829749542709,5.50059025838649,1.52019169450528,0.232208556423284,0.466412037819462,"gcy-8"
-0.152886468228209,6.52621598626277,1.52000796151115,0.23223552934729,0.466412037819462,"ZK546.2"
-0.322023609582146,4.04859443729515,1.51902025659323,0.232384653183287,0.466516469527708,"F48C5.2"
0.134268787869826,7.21721747492584,1.51894786961367,0.232392469186618,0.466516469527708,"iglr-2"
-0.317619229177672,3.99635520253815,1.51760189641357,0.232595132946286,0.466774875160544,"Y71F9B.6"
-0.123035232213308,8.03825961548998,1.51698581969335,0.23268330024118,0.466774875160544,"snt-4"
0.114351638549085,9.42152519358368,1.51674950696163,0.232718361481194,0.466774875160544,"rpl-5"
-0.193026337530164,5.41178313602056,1.51643282874608,0.232765774554749,0.466774875160544,"C15H9.5"
0.289875586751744,4.66535209228182,1.51631693751763,0.232783690975352,0.466774875160544,"R04B5.5"
-0.184216162498807,6.01800924660849,1.51310445352685,0.233260331062934,0.467580065846173,"ldb-1"
-0.232226938888358,5.00477718843238,1.51290583919935,0.233290425384504,0.467580065846173,"best-18"
0.40458264738643,3.7562691909674,1.51234326978054,0.233378326425095,0.467650822683237,"C50F4.12"
0.121787893280486,7.88756474429559,1.51161774120361,0.233481592517353,0.46765145980296,"pam-1"
0.141827206622476,6.86377390904948,1.51160324826456,0.23348384097012,0.46765145980296,"F49E2.2"
-0.224522960740082,5.54424667089353,1.5105808181227,0.23363652849034,0.467851886217931,"sem-5"
-0.349853781601035,4.03712399172219,1.50994208085852,0.233734549454805,0.467928762242524,"nhr-213"
-0.176003219368492,6.27473390176514,1.50961688620742,0.23378017791939,0.467928762242524,"swsn-9"
0.218715985735502,5.20282259881195,1.50898292405464,0.233875234888832,0.468013664955346,"F43E2.1"
-0.235808964136623,4.94839853752387,1.50689096257888,0.234188185115333,0.468534463064903,"sqv-1"
-0.251010461492523,4.84652346339808,1.50649586251654,0.23424742080732,0.468547540696936,"inso-1"
0.211366000011042,5.29727159809105,1.50388800012731,0.234637741588012,0.469138177366469,"drd-5"
0.135254905580242,7.29195242765321,1.5038152714492,0.234648236952951,0.469138177366469,"Y32F6B.1"
0.16934001326787,6.92847129022406,1.50278200991398,0.234803310196744,0.469342677823572,"F53E2.2"
-0.280422425403092,4.51069903725697,1.50197338145039,0.234926070127412,0.469393938027052,"F08G12.1"
0.154346099009141,6.47871613160065,1.50190836318232,0.234934543270766,0.469393938027052,"W09D10.1"
-0.392502082273105,4.03913627389474,1.5003230245742,0.235175817772947,0.469770432671147,"C15C8.7"
0.256524398124647,4.64921276031317,1.49981718526622,0.235249974746681,0.469813011112476,"Y51F10.3"
0.180437983373453,5.92575105449945,1.49828489683314,0.235479780986762,0.470112814727126,"ubc-12"
-0.265229611869336,4.84485392475245,1.49811643050712,0.235505846000969,0.470112814727126,"Y49G5B.1"
-0.253255409620042,4.66747898783722,1.49718728749617,0.235646158779741,0.470287317106773,"B0511.7"
-0.217317110420551,5.24666162710287,1.49624099380251,0.235788319509706,0.470424890169887,"C45E5.1"
0.334092083440637,3.82994026601329,1.49604899627828,0.235820912775524,0.470424890169887,"glb-32"
-0.192956506567635,6.87170846304833,1.49474408303865,0.236013966342793,0.47070439092727,"unc-80"
0.220363982312277,5.54676649273087,1.49400549096078,0.236125838215752,0.470821894500168,"sqv-6"
0.267681779366979,4.6817702761029,1.49246169128935,0.236360181588298,0.471115167713798,"hrpl-1"
0.175922266486659,6.34183986823952,1.49233183787221,0.236378895868997,0.471115167713798,"K07C5.6"
0.202439994974566,5.69568810225691,1.49185384702633,0.236451408993866,0.471154073815432,"Y54G9A.7"
0.199894674535355,5.61561076704311,1.4830883957999,0.237783995643583,0.47370322770941,"ooc-3"
-0.201578422509318,5.39873254902226,1.48271575663856,0.237840993034275,0.473710633751734,"aps-3"
-0.30416670020635,4.2876990924769,1.48174109697118,0.237991382840327,0.473732208658333,"nhr-122"
-0.319887362114622,4.13514230609654,1.48162354745333,0.238009881487518,0.473732208658333,"snpn-1"
0.147116704261955,8.01463877194465,1.48159525052143,0.238011672036528,0.473732208658333,"Y54F10AM.8"
0.165137582598479,6.49080468088962,1.48059264533364,0.238165014051636,0.473931320486369,"F07C3.2"
0.350854887613952,3.75852678666335,1.479251155637,0.238374811351104,0.474157676828074,"chl-1"
-0.360179432308003,3.94252056888395,1.47917410502265,0.238385425196434,0.474157676828074,"dmd-8"
-0.137727183558608,7.32950253739778,1.47841697808784,0.238497891227097,0.474275274189245,"pcp-5"
-0.150280777579158,6.74193702348029,1.47566212580558,0.23892035577034,0.475009142029091,"Y37A1B.5"
0.169106176122896,6.19701473560103,1.47488868664314,0.239039178757925,0.475139132201366,"rpia-1"
0.109698490629671,9.22102728382209,1.47398599226049,0.239177738944401,0.475226048044363,"dsc-4"
-0.129326830315655,7.28545694440856,1.47390794214224,0.239189805983413,0.475226048044363,"ZK1098.1"
0.165121384846484,6.69919006881781,1.47184489095119,0.239507283589945,0.475685739604892,"rps-27"
-0.254482305382774,5.35113041367178,1.47155175016688,0.239552772580528,0.475685739604892,"nhx-4"
0.470973821450713,3.44563160178722,1.47141897658942,0.239581682819785,0.475685739604892,"pbo-6"
-0.244289574233007,4.73336439355919,1.47096158389186,0.239644272491798,0.475703779130291,"lact-1"
0.104813191210206,8.89671714768923,1.46969838532385,0.239838032451199,0.475899318591654,"eif-1.A"
0.190252678031233,6.09657742524856,1.46938354235887,0.239886781913222,0.475899318591654,"F49B2.6"
-0.135860886341125,7.05897565004906,1.4686106312006,0.24000600560196,0.475899318591654,"cey-1"
0.267252247902352,4.59586954543101,1.46826477190975,0.240060547788496,0.475899318591654,"C43H6.4"
-0.256293653607829,4.86835777719366,1.46824504930046,0.240063228003844,0.475899318591654,"skr-16"
-0.348824466909548,3.80555632737527,1.46826393150107,0.240063934752398,0.475899318591654,"acr-19"
-0.303581709922415,4.38872761163307,1.46670383921454,0.240302291341555,0.476265642513992,"F41G4.8"
-0.21325404863987,5.09619101456087,1.46567681040421,0.240460119566562,0.476472236029932,"glna-2"
-0.101019518454876,10.4974153243926,1.46462424734419,0.240622487461663,0.476524180115959,"mup-2"
-0.255564187481802,4.87467723214762,1.4646272067554,0.240622872209308,0.476524180115959,"msrp-7"
0.383112943422333,3.82754742590499,1.46449212079386,0.240647122789411,0.476524180115959,"F47G3.3"
0.360894619754779,3.58821212765258,1.46408586415864,0.240712311382711,0.47654712992734,"sip-1"
0.184656852828583,5.67590139670756,1.46313783823786,0.240853176932377,0.476693600877063,"cyp-43A1"
0.113509147857133,8.01259345320862,1.46266568632204,0.240926172530882,0.476693600877063,"acdh-9"
0.310584044748265,4.76133831234789,1.46253676950698,0.240947142317121,0.476693600877063,"elt-2"
-0.184375253349319,5.8030681337475,1.46076051503435,0.241222271456154,0.477089203388934,"F59A7.5"
-0.178097878058916,5.96817213189648,1.46055343015838,0.2412544211491,0.477089203388934,"pfn-2"
-0.339931215334924,4.28525969969315,1.46018274483487,0.241313873159693,0.477100655161849,"tub-1"
0.338393650421451,4.11535934915103,1.45960089120793,0.241404908412297,0.477174531056855,"F35H12.5"
0.344082986000923,3.66966516250773,1.45836426398825,0.241600306623906,0.477448471173121,"fbxa-6"
0.217349827313881,5.64738032194988,1.45774021913448,0.241692326257518,0.477448471173121,"D1044.1"
0.301545832441987,4.11610787498194,1.4575132149285,0.241729943634867,0.477448471173121,"cdk-4"
0.18150767084141,5.53948253493029,1.45700930574675,0.241806294121561,0.477448471173121,"C39E9.11"
-0.370033336112293,3.73426969094571,1.45691162496443,0.241826327351032,0.477448471173121,"T19B10.8"
0.241203913850533,4.69718738352003,1.45621330809419,0.241931164280211,0.477448471173121,"T19C3.5"
0.231502266249943,5.23934299555191,1.45594522632245,0.241972457305731,0.477448471173121,"aap-1"
0.165892469730221,6.39835798852044,1.45593867710215,0.241973097638745,0.477448471173121,"glrx-5"
0.20130777969736,5.47115957905053,1.45444341127389,0.24220680561012,0.477803574146789,"F16F9.4"
-0.372996734891983,3.54453293395786,1.45410037276653,0.242267364399111,0.47781702237633,"Y38C1AA.12"
0.246921851261971,4.76616933873576,1.45289643962848,0.242449256278782,0.477973985694146,"tbg-1"
0.130525226746831,8.25191656966064,1.45285706792226,0.242454468055404,0.477973985694146,"hecd-1"
0.211896894141154,5.47405862897844,1.4510285271927,0.242741112964422,0.478331784645706,"elt-3"
0.336160999164946,4.22031521988199,1.45102438556427,0.242743562290117,0.478331784645706,"C50B6.7"
0.242868109930183,4.68222786259322,1.44788784162747,0.243234572434077,0.479160773226786,"ZK1127.3"
0.185914998736383,5.85192712631834,1.44764394181825,0.243272042553786,0.479160773226786,"ire-1"
-0.250522143000908,5.14411506984434,1.44724371804754,0.243335316979186,0.479179247677064,"D1069.3"
-0.141269583892157,7.23558618793566,1.44614886494728,0.24350697325929,0.479411093721954,"pdf-1"
-0.126049515586909,7.49723457332403,1.44556120140037,0.243599407200365,0.479486900468993,"sel-2"
-0.197913658584235,6.21767963603408,1.44513423812306,0.243666744372013,0.479513285571397,"fntb-1"
0.258423270775676,4.55908750349377,1.44388382186518,0.243864854961425,0.479796951861481,"C31H2.4"
0.288367806730082,4.39389604982128,1.44211720652731,0.244143881571101,0.480239657311651,"mdmh-35"
-0.282647266852024,4.8464142896447,1.44114865344437,0.244296081518482,0.480265566492754,"M02H5.8"
-0.141127012832633,7.34763136994712,1.44105840679491,0.244309522451492,0.480265566492754,"Y57E12AL.1"
-0.314185479885694,4.25169501479289,1.44101066114833,0.244319104402961,0.480265566492754,"D2045.8"
-0.137790446960981,6.69586950645804,1.43983184578704,0.24450346633306,0.480521732795587,"acbp-3"
0.139128301898392,6.65083391594411,1.43916958790551,0.244608240937925,0.480621407774386,"T13H5.4"
-0.175160053279071,5.87724763240571,1.43498809222071,0.245271215193343,0.481721834738592,"K10B2.4"
0.155355437954813,6.31424962842973,1.43495335502088,0.245276655703701,0.481721834738592,"imp-1"
0.392029185810463,3.80466877682653,1.43453151920551,0.24534783581667,0.48175521383525,"ani-2"
-0.269494843537899,4.48607793967683,1.43379902591583,0.245461366092137,0.481871716918788,"C01G12.7"
0.272075747305507,4.40515786610575,1.43240539223304,0.245683178676415,0.482200693512584,"nlp-71"
0.164720492041277,6.09570002673684,1.43023461284173,0.246027542694706,0.48277000267019,"Y69A2AR.3"
0.352755679611218,3.61540601694876,1.42790742915824,0.246404768602854,0.48340352993115,"ZK792.1"
-0.279405568284006,4.29631941590986,1.42717758785167,0.246517331958165,0.483433152100643,"uev-3"
0.447480953891973,3.27838925468889,1.42717264977116,0.246528614511789,0.483433152100643,"F46F2.5"
0.163840660928585,6.00804351863033,1.42635328507799,0.246647395979704,0.483559426164398,"T28B4.1"
-0.228798177844492,4.78283596424703,1.42501265700974,0.246862711483594,0.483861673828343,"npr-20"
0.246904128214076,5.09833165928926,1.42449883411634,0.246944687703234,0.483861673828343,"C17E4.6"
0.221648524059206,5.36217986126409,1.42437203753975,0.24696482688483,0.483861673828343,"coh-1"
-0.304351422221737,4.58742171878014,1.42230097420754,0.247297767263649,0.484306907879431,"R06F6.12"
0.281398736271598,4.21000632627938,1.42225705459328,0.24730571331179,0.484306907879431,"Y41D4B.4"
-0.184421302139413,5.71445851284738,1.42193515867996,0.247355490797492,0.484306907879431,"Y42G9A.2"
0.165511949082552,5.85877362937135,1.41942676625846,0.247758604777855,0.484989378044894,"lipl-7"
-0.222266257272813,4.94389653345609,1.41820046529294,0.247956551097058,0.485188723853992,"best-9"
-0.164291602101974,6.35863552135231,1.41779151707463,0.248021808062571,0.485188723853992,"F13D2.1"
0.26823343214427,4.81769421269404,1.41768817524314,0.248039205403412,0.485188723853992,"T25D10.1"
0.106983499022338,8.87211143545006,1.41743746640121,0.248078724399983,0.485188723853992,"eif-3.D"
0.151922449115329,6.66685257604485,1.41709840709938,0.248133483433531,0.485189091974385,"met-1"
-0.190889787619686,5.80990041411662,1.41553470176564,0.248385851922754,0.485545198777636,"rga-4"
-0.266740584720869,4.56727927316779,1.4152997902558,0.248424823893765,0.485545198777636,"lips-15"
0.248528248148566,4.5381184950282,1.41411019094355,0.248617005415755,0.485814020912413,"nhr-11"
0.222565959405935,4.93718654382201,1.4127667829397,0.248833693249091,0.486130601335457,"kcnl-1"
0.206219260897571,5.6373916116401,1.41171818474874,0.24900295671944,0.486281775232536,"mxt-1"
0.273509060504493,4.71495732985297,1.41161467007752,0.249020461436704,0.486281775232536,"F21G4.6"
0.345120939311723,3.78294534369091,1.41129029411214,0.249076410429323,0.486284225983117,"inx-18"
-0.162637192142012,6.23942680450569,1.40939300234487,0.249379745198186,0.486690691736615,"unc-96"
0.132259942470837,7.04655166450728,1.40930425172862,0.2493940829549,0.486690691736615,"Y54E10BR.4"
-0.133562186355,7.73521017706754,1.40638309657472,0.249868617144054,0.487382668962015,"nmy-2"
0.138476245164837,7.02447721207243,1.40615516137616,0.249905774785774,0.487382668962015,"tag-260"
-0.165356265946111,6.06534167922319,1.40611054446727,0.249913124260244,0.487382668962015,"dhs-13"
0.233650739384128,5.04549746648792,1.40544871429895,0.250021316165615,0.487479459989945,"Y67D2.7"
-0.360231085848381,3.57462627643804,1.40503818282855,0.250094288324895,0.487479459989945,"F53C3.4"
0.162278968935402,5.91666008827317,1.40453880287907,0.25016906088855,0.487479459989945,"sid-2"
-0.17776445101136,5.66308000718345,1.40445936151652,0.250182069051189,0.487479459989945,"mat-2"
0.106450549429744,8.95964488955635,1.40398909395294,0.250258442290302,0.487521430850805,"F09B12.3"
0.155854013745278,6.3172159236826,1.40247415572169,0.250505676553955,0.487748608253712,"pph-6"
-0.215172030829001,5.62603724143104,1.40237184234453,0.250522530981331,0.487748608253712,"F47B8.3"
-0.150228632376944,6.74426835018426,1.40212810779054,0.250562130700332,0.487748608253712,"uda-1"
0.108919127588919,8.59308803736247,1.40192927902591,0.250594493589355,0.487748608253712,"dhs-28"
0.503118615625903,3.13786704081451,1.40127004048069,0.250719792842753,0.487885681366802,"Y54E10BL.3"
-0.246651917378999,4.63465797394704,1.40078674810038,0.250782292429223,0.4878964380369,"ZK813.4"
0.221844012142327,5.18328672768674,1.40046020288709,0.250835071225584,0.4878964380369,"Y56A3A.6"
0.301573887715284,4.20031067528031,1.39944589059641,0.251002605691729,0.488115522135863,"C09D4.2"
0.202107557287878,5.72926787927474,1.39822388289243,0.251200732385155,0.488393988986751,"mel-26"
0.259898369453126,4.95896501550211,1.39746553809512,0.25132547426756,0.488529687737839,"cls-3"
-0.138731394065204,6.58906429049744,1.39682749492489,0.251429468471424,0.488625006378017,"vps-35"
0.216138653715597,5.53569366205148,1.39631145371912,0.25151432054225,0.488683090896229,"T07A9.10"
-0.455401294024911,3.80400736813873,1.39554611019712,0.251644211087242,0.488769580651474,"T10E9.2"
-0.222197071768052,5.00070458961092,1.39537268404183,0.251668781939315,0.488769580651474,"kbrl-1"
-0.527318174557286,2.95289864352859,1.3938791524486,0.25194328278271,0.489094781598691,"Y76A2B.4"
0.253967663102444,4.47983809423136,1.39368837828933,0.251946248984592,0.489094781598691,"sav-1"
-0.314849365002152,4.15486146120675,1.39166133694594,0.252280839734101,0.48961479623311,"R08E5.3"
0.250804413106309,4.61637513419051,1.39108504805251,0.252374545228399,0.48961479623311,"F58B4.6"
-0.372743504277011,3.64249469510662,1.39083071943821,0.252421251395503,0.48961479623311,"smi-1"
-0.105068175713335,8.50385957880515,1.39071493454519,0.252434397248068,0.48961479623311,"emc-1"
0.415657018207862,3.51756242743244,1.38874021162996,0.252767545291239,0.490082054340274,"flr-4"
0.12229606072218,7.187165126847,1.38855258396135,0.252791263356169,0.490082054340274,"cash-1"
0.251212229279726,4.93392317081634,1.3882575295422,0.25284066845786,0.490082054340274,"Y51H4A.8"
-0.242576258748001,4.7876501757393,1.38751421229532,0.252963674875604,0.490213607959677,"W03C9.5"
0.162613770282007,6.02276125769881,1.38699188386326,0.253049291524029,0.490272663094386,"ZK973.11"
-0.159634945640728,6.58125061570799,1.38494847944841,0.253387440474147,0.490629876417743,"npp-20"
-0.187734067321148,5.43493951184521,1.38488951201414,0.253397468513801,0.490629876417743,"daf-25"
-0.288225154426357,4.38006841067733,1.3848868977552,0.253399211844593,0.490629876417743,"wrb-1"
0.245032031053029,4.83065189058837,1.38431400709607,0.253493318208492,0.49070522364287,"R07E5.1"
-0.255989149009789,4.76801309446218,1.38386287318496,0.253568202745595,0.490743337094273,"mig-2"
0.131539240543491,7.17770610581746,1.38201095900331,0.253874645567806,0.491229482860362,"usp-14"
0.182341647920167,5.5691181122434,1.38033093006279,0.254154081471369,0.49166317196735,"C23H4.3"
0.147143272734149,6.47080897184465,1.37895917657108,0.25438217693289,0.491914795126038,"mrp-3"
0.141655622299626,6.80526201287543,1.37888317085775,0.254394806882187,0.491914795126038,"gop-3"
0.383998000460849,3.50236427005221,1.37855751144975,0.254456402444109,0.4919269132704,"R10H10.7"
0.132530963685458,7.06787364657208,1.37765483377939,0.254599441828181,0.492096442890078,"dgn-1"
-0.290663360208276,6.68196103807771,1.37598545441422,0.254877939165459,0.492278920785994,"ctc-3"
0.129796844042868,7.52308904924157,1.37582737326512,0.254904247164362,0.492278920785994,"ard-1"
0.173404163820184,6.239179267692,1.37582692043991,0.254904444801915,0.492278920785994,"rbc-2"
0.109018588302493,8.67282279725621,1.37576089082471,0.254915324631505,0.492278920785994,"art-1"
-0.215309623773538,5.26459683736503,1.37242333189377,0.255473861166539,0.493250401657264,"lect-2"
-0.178041359966832,5.84385425071887,1.37152956126993,0.255623300154049,0.493431776306914,"sup-17"
0.163334854259862,6.69158179176131,1.37090305907727,0.255728197425364,0.493527111636403,"bec-1"
0.118086733227085,9.53341271865383,1.37033843021615,0.255822779440338,0.493602502605044,"rpl-2"
-0.241272586922623,4.53756984969646,1.3696002638576,0.255947947642669,0.4937253248858,"gtf-2H5"
-0.283597334912293,4.19875716933386,1.36910458510055,0.256032067655665,0.4937253248858,"T09B4.2"
-0.138260325083243,6.6622918100672,1.36896723054542,0.256053028123769,0.4937253248858,"hpo-18"
0.186117279891391,5.43257343968946,1.36854039454672,0.25612499247863,0.493757005231462,"T10H10.2"
-0.333984499405605,4.28682076402977,1.36811138522954,0.256198659193322,0.493791952934711,"F26G1.11"
0.268962859232724,4.56816873663162,1.36608225038802,0.256539245353511,0.494334029618944,"asm-2"
0.362899985530252,3.8977556509076,1.36556699751315,0.25662837980074,0.494334029618944,"clec-178"
0.333149647610655,3.8289569344779,1.36546053548647,0.256646707987971,0.494334029618944,"F46B6.9"
0.352981209683216,3.73353509433389,1.36479944785086,0.256758876205949,0.494442964770867,"Y49A3A.3"
0.209074333085805,5.33250871247993,1.36069723522704,0.257447138272474,0.49560032987079,"mrpl-40"
0.286833637076776,4.41240939138831,1.36056052084767,0.257471366963579,0.49560032987079,"tag-175"
0.213382677846529,5.5349781911436,1.35950232918143,0.257649209881144,0.495816011641257,"sao-1"
-0.192662871987917,5.59741887545432,1.35923213892814,0.257694948801512,0.495816011641257,"gon-14"
0.0964137188200435,9.48618238715793,1.35814567483367,0.257878717749421,0.496004051205039,"T16G12.1"
0.0956255750868763,10.254321098239,1.35799502300976,0.257904254720604,0.496004051205039,"K12H4.7"
0.288850133244921,4.37834465104009,1.35744032415818,0.257999944905371,0.496080776417312,"aipr-1"
-0.213088416457126,5.36398934825656,1.35672538383685,0.258120034076497,0.496186557699657,"R05F9.9"
0.295315059228721,4.02729177311243,1.35612282229167,0.258224750528529,0.496186557699657,"F54D5.5"
0.31855131528242,3.90019448892305,1.35564758908703,0.258306133199431,0.496186557699657,"cutl-20"
0.258025829337605,4.4636133609562,1.35513957500826,0.258390347109411,0.496186557699657,"exos-4.1"
0.27930427219981,4.73985646213157,1.3549919699929,0.258414973708127,0.496186557699657,"C08E8.4"
-0.111420616166196,9.29674606569268,1.35490568528832,0.258428673733035,0.496186557699657,"pod-2"
-0.202800368061589,5.44446283592648,1.35480818818431,0.258445613396368,0.496186557699657,"nlp-55"
0.115228966033088,7.83958249237549,1.35443518541289,0.258508673167347,0.496200477791641,"T22D1.3"
0.161523252823832,5.94374526969784,1.35245194407101,0.258846387117821,0.496616692761038,"syg-2"
-0.134495503897321,6.56660772546531,1.35227227217378,0.258876914282178,0.496616692761038,"uig-1"
-0.215559358758308,5.04077896265153,1.35218055143615,0.258893079625173,0.496616692761038,"Y38F2AR.3"
-0.353978880469395,3.78367383376413,1.35141491667865,0.25902743927504,0.496767248186881,"D1053.4"
0.222064842926314,5.06018786971633,1.34999150507128,0.259266367245037,0.497052755027073,"irx-1"
-0.17372904844243,6.27398565990825,1.34986122534412,0.259288120325674,0.497052755027073,"lin-33"
-0.327716482130543,3.87730842420408,1.34861629435797,0.259504414662192,0.497360153214388,"F13E9.13"
0.191110935182829,5.74524792492097,1.34771787343738,0.259654458223842,0.497540471566418,"W01D2.1"
-0.129194953171821,7.179290753103,1.346752996063,0.259819395699975,0.497635610061336,"Y71H2AM.4"
-0.186590250586143,6.0659250700762,1.34652125908234,0.259859162282123,0.497635610061336,"F26A1.13"
0.19610547485478,5.76862688298015,1.346446478163,0.259872020865457,0.497635610061336,"cytb-5.2"
0.228527974666063,5.39116736306645,1.34580778179815,0.259981594889043,0.497738234314919,"ril-2"
-0.147143414341005,6.64011357626334,1.34457778066535,0.260192118680907,0.498034042452518,"unc-64"
0.165813126430398,5.85391056031002,1.34160338749642,0.260702973820001,0.498745680489834,"gsa-1"
0.205300467046633,5.67114544219195,1.34121566410489,0.260769697497203,0.498745680489834,"egl-20"
-0.282235727360909,4.27963466374675,1.34091413379088,0.260823243767127,0.498745680489834,"T19H12.2"
0.196893789849015,5.39031657173366,1.3406273276799,0.260871069917498,0.498745680489834,"C11E4.6"
-0.179009820530388,6.02736203531609,1.34049377616888,0.26089381827382,0.498745680489834,"C30F12.2"
-0.250843554764624,4.95893250186527,1.34045827082908,0.260900479131506,0.498745680489834,"Y38A10A.7"
0.179294406075426,5.94737094676485,1.3396124913072,0.261045562467295,0.498915755781753,"npp-5"
0.185504102156633,5.55737169539398,1.33895017093631,0.26115978096387,0.499026781119657,"C03H5.3"
0.103903993229657,9.01428442704844,1.3366800433644,0.261551080067507,0.499667093442244,"clu-1"
-0.299343700964791,3.8871352863105,1.33403209650627,0.26201249462331,0.500345493728209,"clk-2"
0.353453900830416,3.75849358119282,1.333974080081,0.262023402180204,0.500345493728209,"F58H1.8"
-0.201465381939229,5.18131003596402,1.33365288588963,0.262075015666659,0.500345493728209,"bed-2"
-0.121766541995356,7.22320675745314,1.332936166332,0.262198668567867,0.500474100952535,"F49C12.12"
-0.179564812218637,5.7204437058873,1.3316574697655,0.262420473759438,0.500789961836266,"panl-2"
0.212014785021817,5.25349618735044,1.33091557083192,0.262549417930929,0.500928513910705,"rhgf-1"
-0.297304135330442,4.28803474183377,1.33041970549373,0.262636915262563,0.50098794541932,"ife-4"
0.101192834330351,8.68543908547078,1.32996755548301,0.262713518476224,0.501026575026193,"ads-1"
-0.173138880327253,6.17804150413924,1.32839189207212,0.262987518296392,0.501367373588401,"acy-3"
-0.119076279046773,7.29188125227192,1.32829089050259,0.263004997234991,0.501367373588401,"misc-1"
0.221249704777348,5.2445226802654,1.32719868464962,0.26319548266942,0.501622944568878,"rsf-1"
0.260902932791486,4.48099917332522,1.32649179282108,0.263319476644369,0.501751707425007,"T10E9.3"
-0.226645714519704,4.66919775329611,1.32464464386498,0.26364120554134,0.50225711559204,"M04B2.6"
-0.218351663951491,4.98440969409036,1.32358405625633,0.26382597860508,0.502409221575761,"T27F6.8"
-0.262496963762896,4.43577221656257,1.32339436157843,0.263859921409104,0.502409221575761,"rab-33"
0.158059365522513,6.48238645365852,1.3232109736543,0.263890570774806,0.502409221575761,"ptr-24"
0.231571870278673,4.73348829835964,1.32234391790968,0.264042943036756,0.5025066345629,"K11H12.9"
-0.124212383930519,7.88391812179578,1.32227081575122,0.264054774117407,0.5025066345629,"T28D9.1"
0.162354022253361,6.07714998055467,1.32149215211902,0.264191126004215,0.502658527991328,"skat-1"
0.291080069514019,4.38077690234084,1.3199837607274,0.264456653782769,0.503056078045058,"prx-1"
0.359390203792727,3.45810643335736,1.31761441913904,0.264878493016579,0.503655593517481,"ceh-27"
0.100186413947605,8.73270138181518,1.31744934762752,0.26489955297247,0.503655593517481,"let-418"
-0.115869086307812,7.92286484608342,1.31720901098931,0.264941762555535,0.503655593517481,"ZK1320.9"
-0.1624303206511,6.72679345093347,1.3158613351304,0.265178672344857,0.503998199191561,"ile-2"
0.239387621854763,4.87896283878775,1.3153105301666,0.265276225404793,0.504075853830737,"Y67D2.2"
0.321771254650435,3.77078511453139,1.31355276293437,0.26558925387426,0.50446340004719,"F52H2.1"
0.235044095989165,4.8610461884159,1.31350755415117,0.265593653764582,0.50446340004719,"C47B2.9"
-0.147293401610374,6.53878585722084,1.30984853461876,0.266238665361188,0.505580515533175,"ina-1"
-0.0964296918421113,8.86505418939095,1.30848524157535,0.266479659411267,0.505930098617462,"egl-4"
-0.467596576591091,3.29753060611948,1.30609563019851,0.266915456060435,0.506617592830914,"fbxa-152"
-0.156870713113431,6.32753847096182,1.30551987681156,0.26700522955503,0.506617592830914,"Y105C5B.5"
0.126046623971947,7.73016023514095,1.30547699962232,0.267012713981066,0.506617592830914,"acs-13"
0.174964294217802,5.76974041360474,1.30506219185254,0.267086540052522,0.50664954717452,"pnk-1"
0.305248879726112,4.26048742426062,1.30354599538991,0.267357537841464,0.506916735848756,"prkl-1"
-0.198644645371709,5.34184243863566,1.3031873080807,0.267419794741429,0.506916735848756,"ZC204.12"
-0.223352303371847,4.92994369992182,1.30271474448661,0.267504142006778,0.506916735848756,"C18F10.7"
0.230802575328413,4.76904953219397,1.30231288905422,0.267575791475153,0.506916735848756,"yars-2"
0.247056263403125,4.64316785342361,1.30225163228805,0.267586865456796,0.506916735848756,"rft-1"
-0.285659577713505,4.32231239233398,1.30208801655303,0.267616690984594,0.506916735848756,"rad-51"
0.137486675501839,6.41608173420445,1.30202354236253,0.267626493991009,0.506916735848756,"C23G10.8"
0.145539956267226,6.73121986549262,1.30142281424062,0.267733409390951,0.506971113585289,"Y54F10AM.5"
-0.374222867096778,3.64085342548646,1.30116935928302,0.267784250259061,0.506971113585289,"F23F1.6"
-0.18743379218995,5.30873284284278,1.30060045271682,0.26788023575114,0.506971113585289,"rab-6.1"
0.252921392648574,4.49624878747324,1.30058833698526,0.267883285527352,0.506971113585289,"ZK822.6"
-0.219401773862956,4.84203215887047,1.30024955191114,0.267943160730007,0.506975070322071,"cpf-1"
0.282434343241153,4.30602600993161,1.29986878005894,0.268011997208048,0.506975070322071,"helq-1"
-0.189121934419195,5.41024309454452,1.29961168194423,0.268056439723772,0.506975070322071,"C18D11.3"
-0.270735736991993,4.55498539612887,1.29848440520374,0.268258454090062,0.507214717073743,"tig-2"
0.229901448875649,4.56052033220071,1.29798661052511,0.268347293438663,0.507214717073743,"F26E4.4"
0.104844189355645,8.8523655456991,1.2976666453161,0.26840323566659,0.507214717073743,"rps-18"
-0.229629864659361,5.09939558833447,1.29762461211382,0.268411342237314,0.507214717073743,"R144.6"
-0.218483909764475,5.02973480928535,1.29597404436271,0.26870648993602,0.507555614332048,"F25G6.9"
-0.134858820215807,6.72248062049926,1.29584178122609,0.268729604805739,0.507555614332048,"cyp-36A1"
0.202867754568928,5.83389292003588,1.29565578397134,0.268762999918489,0.507555614332048,"gld-2"
-0.250665548973041,4.73899328803935,1.29493794295424,0.26889225816431,0.50769188093839,"C24H10.2"
-0.168970867595388,5.7784523668754,1.29414888584799,0.269032872186442,0.507849525819459,"ptl-1"
0.178115878570631,5.63566257368493,1.29337217103703,0.269172146124732,0.507945742530439,"sec-22"
0.186889120452864,6.01757753203005,1.29322694442511,0.269198103565789,0.507945742530439,"rbm-12"
0.289874315094549,4.15272712367885,1.29253794034327,0.269323805998586,0.508075102722984,"gakh-1"
0.124422405620281,6.90677879088227,1.2915410896499,0.269500590351428,0.508300752824469,"tomm-22"
0.121916650731008,7.86652232345007,1.2907976076284,0.269634091999426,0.508444689706658,"col-107"
0.148882591457219,6.54366163824606,1.29021560999776,0.269738826029721,0.508496615817337,"bas-1"
-0.297889184631727,4.739722432508,1.29001359590262,0.26977601358794,0.508496615817337,"chil-22"
-0.334638933203067,3.65648749506299,1.28893167407351,0.269975250374649,0.50876429654112,"cima-1"
-0.101233692428533,10.3237892654016,1.28749275849995,0.270228927563852,0.509134434195849,"acdh-1"
0.113444760622472,8.64317386054024,1.28684814052059,0.270345158547926,0.509159755400638,"rps-23"
-0.181951239524622,5.54128346394517,1.28676621687676,0.270360250397365,0.509159755400638,"W03A5.6"
0.385111279759911,3.36489825132199,1.2865187600912,0.270414167697876,0.509159755400638,"F23C8.3"
0.308769339873319,4.75397429635092,1.28584751038928,0.270526637940691,0.509263675191761,"T19C9.8"
-0.25858328312676,4.3796365380886,1.2845847241444,0.270755406571125,0.509586435187103,"nlf-1"
-0.113457077447358,7.85790380789026,1.28416168451107,0.27083025917461,0.509619435835229,"gpx-2"
-0.224172166978868,5.55261062384422,1.28372827505493,0.270908934225382,0.509659613668615,"pct-1"
0.204235841732808,5.55625201723961,1.28282443733949,0.271072446035541,0.50985934370679,"M163.1"
0.336217546569382,3.80754365974475,1.2821522979688,0.27119789940914,0.509987420399041,"npr-6"
0.226792868928791,4.67525297294527,1.28102151894532,0.271399754940118,0.510259086735586,"T07F10.3"
0.320636355898292,3.76939733809714,1.28016082010331,0.271559154127582,0.510450832843199,"C17H12.10"
0.107193678386002,8.04456308180567,1.27938209492593,0.271696157208479,0.510600408738234,"rpt-4"
0.327710077121099,3.60215539910836,1.27735744753791,0.272069896626355,0.511194727579232,"ZK1127.13"
0.130883304696273,6.71424592648079,1.27518196578542,0.272460199417516,0.511819909786844,"mrp-7"
0.204922849416841,5.48770429907831,1.27378592201164,0.272714984898455,0.512177291146617,"scav-4"
0.0934304606344804,9.16969024053828,1.27301890133612,0.27285464125409,0.512177291146617,"clec-50"
0.293286180139518,4.02630320984381,1.27283454850441,0.272891085709436,0.512177291146617,"K12H4.2"
0.158604728561317,5.98607226673007,1.27277020645087,0.272900231871651,0.512177291146617,"spr-5"
-0.230098153198106,4.91091199923529,1.2722426361136,0.27299717192808,0.512177291146617,"B0272.4"
-0.174053433295782,5.57566110482303,1.27200436221657,0.273040256517489,0.512177291146617,"T16G1.9"
-0.159512659333621,6.58957301788285,1.271929792129,0.273053690252498,0.512177291146617,"F32B4.4"
-0.349024057112789,3.80648064179252,1.27114341059184,0.273201563842065,0.512346573322041,"dyf-1"
0.208876169278421,4.93330707765751,1.26924641153567,0.273545273682279,0.512882966745917,"tmc-1"
-0.132369231473792,6.60451073239732,1.268432233645,0.273693864449978,0.513053373144583,"C18C4.7"
-0.202105048270154,5.18280424505451,1.26807865643413,0.273759115200804,0.513067515440629,"dhfr-1"
-0.173789327226739,5.59436389940205,1.26683421934431,0.273987205029251,0.513386773427834,"nhr-6"
0.154028297931835,6.14142814114669,1.26400708107015,0.274506719505858,0.514251842209562,"T28D6.7"
-0.218097149182468,5.34601589909716,1.26163286027969,0.274944402343906,0.514963278120849,"rga-1"
-0.16942138157857,5.64743743637514,1.26020455266125,0.275207832111754,0.515243440587949,"ttr-35"
-0.367819608176805,3.73330245850497,1.26021822874081,0.275209886329116,0.515243440587949,"tag-281"
-0.288356199458245,3.93179298348582,1.25917003976558,0.27540199429506,0.515494553953132,"F46B6.4"
-0.193739514033884,5.39100651321281,1.2580934615449,0.275598179632031,0.515656979616944,"C16H3.3"
0.172490511557447,5.59132627672418,1.25805725373413,0.27560476517149,0.515656979616944,"hat-1"
-0.112611375726715,7.68898852821034,1.25626391349362,0.275936559007875,0.516124365460545,"prdx-3"
0.295549583584717,4.15636808801641,1.25609185447112,0.275970670723139,0.516124365460545,"oac-32"
-0.372978925689475,3.89531455467539,1.25479682924283,0.276212224579972,0.516467484488018,"ubc-17"
0.154118994579921,5.9160128878583,1.25423891331827,0.276312342415257,0.516546054754846,"dod-17"
-0.124758824606196,7.10212249018854,1.25299987483773,0.276542381850506,0.516867420019519,"pgrn-1"
0.271718037671524,4.03784524444631,1.25238912817883,0.276658544345818,0.516975854934566,"acbp-5"
-0.189147819613058,5.90528105139686,1.25162255428721,0.276798638637812,0.517128954849503,"sqst-2"
-0.342174873032151,4.00545598278219,1.2510884111746,0.276900837430195,0.517211207057115,"hasp-1"
-0.152720846061125,6.68915242264296,1.25068317560155,0.276973420941032,0.517238119215862,"sor-1"
-0.267292683254304,4.27187819608003,1.24952047851131,0.277191866900616,0.517537355861693,"ethe-1"
0.240047634758739,4.48713815258543,1.24883015108578,0.277320039410847,0.517642093764403,"glb-19"
-0.157226979276117,6.15484971506176,1.24858605247484,0.277364406106582,0.517642093764403,"Y61A9LA.3"
0.10336364002332,8.64253207689872,1.24746317980866,0.277573876969377,0.517924310626386,"ipgm-1"
0.126990782027527,7.097078959534,1.24678506919769,0.277700648002277,0.518052132057961,"arx-4"
0.387288342135152,3.21020998041319,1.24604667954299,0.277851938903557,0.518225632219745,"twk-40"
-0.134926248883858,6.70079239840214,1.24323722235508,0.278364783542874,0.519006458972442,"ncr-1"
-0.32038269402534,3.99517589351198,1.2431323909107,0.278387335827193,0.519006458972442,"E02H4.7"
-0.104404544526123,7.96221549380761,1.24251756389486,0.278499658795454,0.51910701600637,"apb-1"
0.0982405831242438,8.55974962190447,1.24206021431334,0.278585473127198,0.519110906089397,"cif-1"
-0.133120104534578,7.13209248779101,1.24188456225537,0.278618518036059,0.519110906089397,"cisd-1"
0.206478190311345,5.022353097099,1.24142506764457,0.27870534658214,0.519163887798409,"daf-8"
-0.132673844481375,6.48243913784981,1.24068027796872,0.278844738698354,0.519314740629885,"swsn-3"
-0.106360467219711,8.21489964132459,1.23982597839339,0.279005224833264,0.519410975793506,"col-160"
-0.131506979378241,6.85790177679818,1.23938851292412,0.279087596720031,0.519410975793506,"ife-2"
-0.219337203888946,4.72030919827765,1.23925679618321,0.27911325113445,0.519410975793506,"M01E5.4"
0.207078381480352,5.23951696061079,1.23916472079911,0.279130091366704,0.519410975793506,"W03F8.3"
-0.100186949968674,9.3904290223593,1.23814816964217,0.279320986192481,0.519503083635846,"R07E3.1"
0.191044786604829,5.81028119466052,1.2375102890599,0.279441371123121,0.519503083635846,"lin-10"
-0.142253610216501,6.11860458297218,1.23742251814538,0.279457860362851,0.519503083635846,"dnj-8"
0.189470894437781,5.53197638397208,1.2373706748346,0.27946777745619,0.519503083635846,"C28G1.5"
0.38433666633128,4.13787674028147,1.23736039339216,0.279471740977421,0.519503083635846,"T14B4.8"
0.227499610607399,4.91653661036693,1.23693515259787,0.279550302811589,0.519540497971956,"M106.7"
-0.198139318673164,5.27227792236252,1.23622081478122,0.279684770061419,0.519591830295877,"W09C3.4"
-0.125461265166116,6.80016352418569,1.23616567117955,0.279694803711176,0.519591830295877,"mog-1"
0.282323190047532,4.71977225310871,1.23582735588331,0.279759509107612,0.519603466779983,"alr-1"
0.1656643382049,5.86393652877141,1.23534937143285,0.279848985156498,0.51966109587018,"mtx-2"
0.174842207338482,6.31679995594739,1.23500274584549,0.279914374019452,0.519673981918343,"sipa-1"
-0.175150618143787,5.94750297471839,1.23328368525179,0.280239371237814,0.520168736884218,"B0395.3"
-0.254814751915123,4.60868754368235,1.23238669803216,0.280410070575601,0.520376943746121,"rde-11"
-0.17569370457924,5.46272584189953,1.23169659049717,0.280539972160626,0.520402718126518,"cpn-1"
0.259987167491608,4.87701606155014,1.23169329564665,0.280541022155033,0.520402718126518,"F52E1.2"
0.157371187146497,5.74883728694733,1.23126072847648,0.2806224394025,0.52044516243797,"iars-2"
0.229365124072462,4.5463427630824,1.23094603654505,0.280683070645821,0.520449047155787,"dat-1"
-0.268096124195826,4.60498009767537,1.230311897799,0.280803251608067,0.52056332569794,"rgs-1"
0.173404436863717,5.45803074652438,1.22975986030766,0.280907192037508,0.520575148781845,"K01D12.6"
0.244077493027186,4.72863078159389,1.22966000113917,0.280926730835147,0.520575148781845,"unc-63"
-0.161893103887324,5.8323134242172,1.22797913626935,0.281245250365137,0.521056787038223,"pph-1"
-0.326436588667401,3.58804110190091,1.22768771009968,0.281306596891778,0.521061865200999,"F23A7.3"
-0.302075980220108,4.55467879343015,1.22496799923469,0.281819398056627,0.521819656140963,"F59C12.3"
0.318991217675312,3.77022156828054,1.22491194743921,0.281833088380261,0.521819656140963,"ZC376.3"
0.335178653651336,3.69462505722923,1.2242681350184,0.28195645183702,0.521939373991868,"lgc-11"
-0.149655524971501,6.36370714756064,1.22272428770497,0.282246354558439,0.522367264441941,"vps-2"
-0.419648512919733,3.5036409731325,1.22234666750683,0.282325942693997,0.522404012875762,"ZK809.5"
-0.19444779622838,5.61039568480941,1.22200606604948,0.282383723527265,0.522404012875762,"K02E11.6"
0.273692658896302,4.45886762024468,1.22168683746761,0.282445829961637,0.522410208901376,"C54D10.5"
-0.130411022969735,6.66273981740716,1.22111873054384,0.28255317996623,0.522427119962484,"ptp-2"
0.115927569293284,7.31606170821835,1.22101755136482,0.282572491272027,0.522427119962484,"rsp-1"
0.101503632736262,8.17670844186688,1.22042064225923,0.282686637557315,0.522433563777139,"T19D12.1"
-0.220444901970474,4.83964460112563,1.22010603746405,0.282747663053146,0.522433563777139,"F10D11.2"
-0.0940243888232771,10.9510371411191,1.22007778637827,0.282752256089933,0.522433563777139,"crt-1"
-0.107308121506044,8.27006875055242,1.21807948442103,0.283135154600182,0.523032341481451,"rmd-2"
0.166108760209199,6.43320491650786,1.2173858491302,0.283268337860912,0.523169670112457,"C49C3.9"
0.160815757885545,6.08476180728506,1.21704327950397,0.283334130796214,0.523182504030973,"sir-2.1"
-0.354768872903288,3.50157894110534,1.21543594384913,0.283650079789184,0.5236571551922,"inpp-1"
-0.108594252201145,7.77281765000053,1.21481957481565,0.283761277593917,0.523690636729822,"golg-4"
0.191644255743501,5.69589599037372,1.21443950074334,0.283834626846236,0.523690636729822,"R05G6.10"
0.140416438854715,6.57703988117033,1.21438533389538,0.283844919401756,0.523690636729822,"acp-5"
0.118043444769528,7.07179024555924,1.21373793111031,0.283969502617725,0.523718875002952,"sftb-2"
-0.192943329906319,5.05137407194639,1.21369640047755,0.283978033560818,0.523718875002952,"mrps-21"
-0.206733912971837,5.12597463964834,1.21062213679221,0.284570742073915,0.524703124798668,"elpc-4"
-0.196982829700973,5.52435980525251,1.21024523293854,0.28464328517756,0.524728063137816,"Y54G2A.75"
0.380021762673193,3.50089404515532,1.20989149619358,0.284718378875488,0.524757692077522,"ercc-1"
-0.233944601455933,4.75614833614514,1.20917409280246,0.28485086957347,0.524893073860667,"mtm-9"
-0.192888090930598,5.36798677217091,1.20670244566636,0.285328759877041,0.525664733540567,"rep-1"
-0.214136271874056,4.86636166155905,1.206124447388,0.285441169203737,0.525762882823787,"T26A5.8"
0.212882822316997,5.5011242803413,1.20409124512128,0.285835251566453,0.52637970622977,"mab-31"
0.197914662242633,5.70918496449666,1.20366696006769,0.285917599546433,0.52642231881701,"syx-7"
0.26236835861255,4.21867378669912,1.20331787179007,0.285987181160855,0.526441413602725,"Y62E10A.20"
0.202742151016311,5.16219249438118,1.20033496618412,0.286566309243688,0.52739827271489,"cex-1"
0.316029062224848,4.01893217081859,1.19956823897991,0.286718016997097,0.527568271755213,"C05E11.3"
-0.371972579584591,3.64182044285331,1.19787896345138,0.287050583707801,0.528070916562396,"oig-3"
0.144256605734795,6.90525772192859,1.1962575459778,0.287362034450211,0.528534515576504,"far-2"
0.231743853406772,4.41951974896749,1.19562865416528,0.287486449570797,0.528653986170414,"C53A5.17"
0.20968151552601,5.02278285944957,1.19496512363757,0.287615552977425,0.528710050131323,"M01F1.3"
0.207947468846668,4.84749700372491,1.19486221186139,0.287635869135666,0.528710050131323,"F10D7.5"
0.251881776032858,4.41325758807421,1.19425111853926,0.287756273163237,0.528822039002552,"ttr-10"
-0.112442454517054,9.50697640058118,1.1934667326955,0.287908598744983,0.528992633073289,"him-4"
0.153091166954311,6.01082117897698,1.19311165691363,0.287978422643887,0.529011602422892,"bcs-1"
-0.235465019710946,5.08994461710764,1.19024935525015,0.2885411207345,0.529774800788594,"best-23"
0.203088907633069,4.9061793424634,1.19014190846891,0.288562397040839,0.529774800788594,"T05G5.5"
0.202983695772889,4.9166769492595,1.19008978088422,0.288572642022175,0.529774800788594,"F25E5.1"
-0.204208952524634,4.98958853393515,1.18845668274922,0.288894110535057,0.53024336421303,"C05C8.1"
0.220522165321692,4.9521035602612,1.18818764235803,0.288947148758535,0.53024336421303,"jip-1"
-0.113257140961034,8.75534473203936,1.18753592210547,0.289074943456072,0.53036841152867,"T08H10.1"
-0.122145931889114,7.19275564721134,1.18583602096307,0.289410485460279,0.530809181003136,"sax-2"
-0.267734876011187,4.49005557978136,1.18572034816411,0.289434586604792,0.530809181003136,"rga-5"
-0.273580642896128,4.15454321774224,1.18489964632017,0.289597641459246,0.530998686371243,"trh-1"
-0.15426801842832,5.89175110952507,1.18239191756221,0.290091893129935,0.531795262230567,"tag-241"
0.114337289786514,7.94763059086091,1.1816766512283,0.290233465699211,0.531945113076003,"nuo-6"
0.212619719596563,5.01264424788328,1.18090837796685,0.290386456590623,0.532033644550655,"F33H1.3"
0.152612013517711,5.96374373675398,1.18073135161757,0.290421130077956,0.532033644550655,"fars-2"
0.11837959838069,7.06782329669864,1.18052848321664,0.290461287892124,0.532033644550655,"tpa-1"
-0.230952706945188,4.88850927489139,1.17926007554387,0.290713844650806,0.532386569060828,"rbm-17"
-0.106049443244185,9.10459681741364,1.17830640751228,0.290902665426588,0.53262265204032,"rpl-10"
-0.102449082894407,8.33316578356354,1.17693706479924,0.291175163180767,0.533010003278162,"cox-6A"
-0.362713309537348,3.36196085280685,1.1764037265671,0.29129108957814,0.533010003278162,"sqv-8"
-0.143441311768214,6.67844681278616,1.17634054122163,0.291294073324551,0.533010003278162,"F55G11.8"
-0.128097535458132,6.59484866901633,1.1749614281733,0.291569015267521,0.533172713617666,"ttc-17"
-0.226666918248357,4.62180140347147,1.17487665431132,0.291586905031492,0.533172713617666,"Y56A3A.2"
0.192355788551424,5.30935931293065,1.17482864391893,0.291595829455946,0.533172713617666,"nhr-86"
0.162182992798566,5.79994238625354,1.1746920199498,0.291622866530504,0.533172713617666,"ZK822.2"
-0.332302791329525,3.85387650048495,1.17341466857803,0.291881411986086,0.5334587112678,"C38C3.10"
0.412815883398729,3.92444868468165,1.1733229219801,0.291899294828236,0.5334587112678,"Y58A7A.3"
-0.331679488489783,3.56056783557781,1.17299731531721,0.291967451560802,0.533473615254231,"F35D2.3"
-0.161128734029163,6.60930482777793,1.17160756459102,0.292239093415956,0.533708517651565,"sta-1"
-0.147781803626749,6.39563863198639,1.17130137998271,0.292300387393097,0.533708517651565,"golg-2"
0.311822899407424,3.92138980494701,1.171190547006,0.292325644432575,0.533708517651565,"edg-1"
-0.261764634068456,4.28728865568537,1.17113121728811,0.292336124278835,0.533708517651565,"prg-1"
-0.228771934914727,4.59634928640431,1.1704486695724,0.292472133542789,0.53379523608053,"rde-2"
0.108326618505712,8.59625046261281,1.17028550889562,0.292503699267163,0.53379523608053,"rpl-19"
0.198783201024704,4.92714508566792,1.16878615390604,0.292804994189663,0.534235420344818,"C23H4.7"
0.233120847033111,4.51629380165987,1.16847655413836,0.292867652833933,0.53424011106822,"F40F9.10"
0.126984003312552,7.02198315937914,1.16761659336011,0.293039144774288,0.534415908443911,"drp-1"
0.143332136466514,6.12934606883179,1.16739244303765,0.293084239070128,0.534415908443911,"ufl-1"
-0.10658088726111,7.80514294441728,1.16694652240798,0.293173693597965,0.534469409427826,"unc-73"
-0.150057309359544,6.10112836294439,1.16592492610032,0.293379243698043,0.534734492767384,"ZK809.8"
0.159661619482933,5.71875918449921,1.1651952142599,0.293526150038736,0.534892600941669,"C01B10.10"
0.252364292424019,4.15457418934357,1.16401871348373,0.293765022694644,0.535183119931832,"M02B1.2"
0.109800536361139,9.92115102165744,1.16380488784563,0.293805962027586,0.535183119931832,"asp-6"
0.311297737048293,3.68173515420102,1.16350361777578,0.293871517247891,0.535192884033387,"clec-205"
0.250755516485312,4.41016766543496,1.16316158580612,0.293937104933286,0.535202703248381,"Y47H9C.8"
0.194983167974339,4.98115176798446,1.16194433592052,0.294181930666061,0.535538809490571,"nlp-42"
0.259550594691171,4.09745565205805,1.16103789053793,0.294366713659543,0.535765496652404,"gst-35"
-0.288967830724805,4.30735347116865,1.15852278032453,0.294874929640076,0.536490630776167,"snpc-1.1"
0.138667703593878,6.53199135211542,1.15846099170048,0.294885807288621,0.536490630776167,"zoo-1"
0.128057549707613,6.7964306895608,1.15757029801435,0.295066274739659,0.536709134351536,"Y37A1B.17"
-0.268932769393559,4.41667837062029,1.15649483029847,0.295285775943022,0.53698627675156,"wdr-48"
-0.143423158057806,6.1553512231167,1.15622394414373,0.295339432382761,0.53698627675156,"rpl-25.2"
-0.132599016924473,6.68114703548978,1.15561272298926,0.295463480324136,0.537101983962767,"abf-6"
0.33762940235466,3.69700759581582,1.15423272267772,0.295748542612635,0.537276210481306,"cyp-25A4"
-0.329197589994884,4.11948617857221,1.15417462337425,0.295758009448957,0.537276210481306,"C44B11.4"
-0.329962448748111,3.77048038348239,1.15369314773741,0.295857865513741,0.537276210481306,"nmr-2"
0.14417440923575,6.61954195997257,1.15357469164024,0.295877774965173,0.537276210481306,"pptr-2"
0.162268332851052,6.17473451460207,1.15335645024532,0.29592222565199,0.537276210481306,"larp-5"
-0.0993800041660316,9.74699937870533,1.15309355147851,0.295975591621387,0.537276210481306,"R09H10.5"
0.353798724123532,3.61594068377821,1.15262145525998,0.296077195280015,0.537276210481306,"F53B1.2"
0.217906011488858,4.9375232171917,1.15250060517657,0.296097013834583,0.537276210481306,"mtd-1"
0.211418196054523,5.30050814612279,1.15221228985661,0.296155489269345,0.537276210481306,"acl-11"
-0.147951027389929,6.22312855997483,1.15217096853541,0.29616361574276,0.537276210481306,"acly-2"
0.125201678214593,6.76937433611062,1.15126220473639,0.296348797896116,0.537502481047402,"syf-1"
-0.135516261166136,6.16515423729088,1.15093365512553,0.296415855628979,0.5375144549046,"ced-10"
0.191113600025492,5.12876771814894,1.15045053545219,0.296514813371599,0.537584258908419,"mrpl-55"
0.242279126662554,4.33798502232563,1.14998298077879,0.296611311293094,0.537649575679286,"spt-4"
-0.168220916840241,5.5338470115368,1.14754794040824,0.297107698576255,0.538351877681093,"ttll-15"
0.168347457328403,5.53080347685193,1.14748846116277,0.297119858708933,0.538351877681093,"alkb-1"
0.113613684383738,7.31409204930434,1.14688686677642,0.297242763408032,0.538464834853466,"rpn-9"
-0.141252688442563,6.72144775519116,1.1462032366539,0.297382812149921,0.538471410401975,"cpt-2"
-0.139184850895633,6.43350088549529,1.14618249765628,0.297387082335679,0.538471410401975,"bgal-1"
0.28769527907348,4.17095829359821,1.14599203348976,0.297428084184467,0.538471410401975,"C05D2.10"
0.293902993313464,4.51524225966543,1.14501402984924,0.297627726353693,0.538692675006168,"T16H12.3"
0.27709081837682,4.70575962297802,1.14454658490441,0.297723325382647,0.538692675006168,"F57C9.4"
0.23542742613672,4.65232376176918,1.14450430704316,0.297732066694445,0.538692675006168,"E02A10.3"
-0.168045658462519,5.62244016602187,1.14209233423397,0.298226814777081,0.53947804886735,"Y44A6D.3"
-0.394883678295409,3.26384443128242,1.14018410265212,0.298631478600971,0.539940009329375,"gnrr-5"
0.285551075909309,4.22978911200015,1.1399519960853,0.298669078468776,0.539940009329375,"K07F5.22"
0.148981023473311,5.80811021056591,1.13955171301094,0.298749883482186,0.539940009329375,"F46B6.6"
0.244704763108806,4.35608915244108,1.13935615055859,0.298791552317322,0.539940009329375,"deps-1"
-0.128563713122453,6.8379118726485,1.13928050892572,0.298805683951809,0.539940009329375,"dhs-6"
-0.110348613360561,7.8346665520654,1.1388466133868,0.298895092836117,0.539940009329375,"gpdh-2"
-0.252448978036846,4.66770397241727,1.13879231671644,0.298907291184252,0.539940009329375,"R03G8.3"
-0.141587924736006,6.07884102030194,1.13720710258508,0.299233711489801,0.540130895518852,"let-23"
-0.28263802677552,4.36776105599102,1.13721329465267,0.299233847707656,0.540130895518852,"F18G5.6"
-0.17121194758506,5.56857121413655,1.13682271047226,0.299313275078207,0.540130895518852,"tdc-1"
-0.245558353983275,4.92184693606399,1.13679201394361,0.299320040034658,0.540130895518852,"F44A6.4"
0.141595545877796,6.02645921621016,1.13669895128279,0.299338730150926,0.540130895518852,"rsp-5"
-0.197357093004596,4.893159390272,1.13626731666423,0.299428533350857,0.540130895518852,"C53D6.4"
-0.228123323925384,4.51655063953471,1.13607132772961,0.299469575415352,0.540130895518852,"metl-2"
0.260101850711053,4.48157381697911,1.13592944576531,0.299498966922499,0.540130895518852,"best-15"
-0.231019875891655,4.66982757955262,1.13560913053221,0.299564943760066,0.540140319401896,"pept-2"
0.114647364457828,8.8683952277579,1.1339551126719,0.299906451128226,0.540644374717184,"rps-3"
0.103780623462702,7.5805146113164,1.1336673581684,0.29996611185242,0.540644374717184,"rbm-25"
0.111545268301191,7.8136869068484,1.13322361922088,0.300058101393576,0.540700563334067,"prdh-1"
-0.267970148633228,4.17410116279694,1.13252908936789,0.300204278377268,0.540837471386814,"Y41C4A.12"
0.242263114882799,4.47264292697306,1.13201492064756,0.300310188914619,0.540837471386814,"K08D8.5"
0.179680818338929,5.51454683939908,1.13185946094082,0.300341465992262,0.540837471386814,"cyn-13"
0.230195735905321,4.54723496308869,1.13169059999643,0.300377396660453,0.540837471386814,"npr-12"
-0.0991285727520122,8.12388186867704,1.13112048234346,0.300494669122081,0.540939077376883,"let-92"
-0.203634062359557,5.2110040902495,1.13058526787036,0.300606391317389,0.541030652875082,"B0302.5"
-0.156207312301347,5.67171338584986,1.12945435364435,0.300841373570612,0.541343989560071,"F36H2.3"
-0.151649978516471,5.84784486394737,1.12879516869087,0.300978559092909,0.541481256352702,"M04G7.1"
-0.158272934835038,5.8357577931732,1.12650457493771,0.3014560677239,0.542230608564272,"tat-2"
-0.161452076783082,7.83012741209491,1.12588631177449,0.301584938534626,0.54225945410229,"pho-11"
-0.133218835993352,9.46416189572522,1.125842471412,0.301594083965339,0.54225945410229,"rla-0"
0.379756900239261,3.53141209519875,1.12359301903552,0.302070754512102,0.54300668790277,"C39D10.11"
-0.168643913815493,5.60934080608107,1.12305404601436,0.302177393260098,0.543088579639283,"glo-4"
0.106442055655561,7.34023264801001,1.12166843351935,0.302467478852368,0.543480384170244,"E01A2.2"
-0.298091736103565,3.78262842337248,1.12144844098921,0.302517649449841,0.543480384170244,"ssu-2"
-0.0951790706579536,8.51527280474984,1.12085493173976,0.3026380316139,0.543531048405947,"cyc-1"
-0.141800792313248,6.12912322872469,1.12050370319903,0.302711879328595,0.543531048405947,"tag-343"
-0.136948550848051,7.08519625938972,1.12029530489574,0.302755547487795,0.543531048405947,"unc-78"
-0.160710087708032,6.08247352792279,1.11997098853817,0.302823717338249,0.543531048405947,"nhr-21"
-0.137323648100459,6.33099719032981,1.11983846164521,0.302851514318194,0.543531048405947,"R11G1.6"
-0.166377723124989,5.5929965030599,1.11902205292671,0.303023185465998,0.54366731329927,"algn-3"
-0.138144901375719,6.54161638476773,1.1188948985458,0.303049736217656,0.54366731329927,"gly-5"
-0.0828896506923819,11.1708436853714,1.11763197689313,0.303315242409846,0.544021728347426,"irg-7"
0.371478848725546,3.6841317641052,1.11739625074375,0.303369669232543,0.544021728347426,"nhr-126"
0.285595474584111,3.807396402418,1.11667851165413,0.303519773295149,0.544101620231215,"mgl-1"
-0.215107498679943,4.67420356317292,1.11658521941578,0.303536614143159,0.544101620231215,"H21P03.2"
0.16246264900003,5.82032366604794,1.11480743629221,0.303910639073069,0.544662264059394,"cnt-2"
-0.299027547974867,3.98701157057835,1.11279027827094,0.30433935126265,0.545320671518786,"ttr-28"
0.240514562637874,4.2279578815642,1.11243901994036,0.30441261833501,0.545342049086555,"dhhc-7"
-0.130751271050952,6.73363802826792,1.111982475146,0.304507410949002,0.545401972350438,"alh-7"
0.161737561162402,5.93979549036157,1.11130040448735,0.304651847944268,0.545550771414399,"sac-1"
0.116539979468982,6.82895873779208,1.11097372883315,0.304720926588368,0.545564590877402,"flp-17"
0.132099371758381,6.25559238406422,1.11066773172002,0.304785780917629,0.545570843192801,"rrf-1"
-0.265286837349528,4.19316063297287,1.1098901211133,0.304952465558249,0.545693453955347,"tric-1B.2"
-0.132469660648788,6.26043335486876,1.10976529018831,0.304977029884616,0.545693453955347,"nstp-10"
-0.102888254737946,7.66209593530242,1.10848732157617,0.305248021830568,0.546039400504569,"rpa-1"
-0.187688289743665,5.6060389450435,1.10801446507405,0.305348682488339,0.546039400504569,"T12D8.5"
-0.295864297638481,3.8892633506885,1.10800106608314,0.305354616950705,0.546039400504569,"npr-3"
-0.297181402145672,3.88729369096695,1.10769536586474,0.305419559493017,0.546045707511043,"best-4"
-0.133095230314212,6.91991766814082,1.10718654323134,0.305524382070719,0.546120112057915,"F42A10.6"
0.362290339737037,3.45947958354108,1.10656728483767,0.305663280626906,0.546120112057915,"F26F4.5"
-0.234060725141342,4.82136941691112,1.10636551679323,0.305699663080848,0.546120112057915,"plc-3"
-0.179804362951239,5.41035060969491,1.10632954523583,0.30570687186056,0.546120112057915,"Y73F4A.1"
0.226313817569689,4.46636439337279,1.10495938518256,0.305999439291341,0.546403370431094,"lgc-40"
-0.231167840112257,4.34753141809367,1.10483403711677,0.306026426237692,0.546403370431094,"ess-2"
-0.238547780600106,4.52552132247458,1.10472257651421,0.306049801456174,0.546403370431094,"apc-2"
-0.283288482304569,4.04609584128619,1.10373387967859,0.306261909707559,0.54667228251554,"lido-9"
-0.211069668992419,4.81222631967275,1.10227977082541,0.306570391973856,0.547113078089031,"F20D1.1"
-0.105606211715576,7.64710673739373,1.10186122199973,0.306658987043716,0.547161359383037,"eif-3.G"
0.116813302059162,7.73503528463688,1.10110610184317,0.306820345912129,0.547339425261785,"rla-2"
-0.19524864207711,4.97383945916167,1.10063302946968,0.306922133902185,0.547411172020928,"lsm-4"
-0.158276754583671,5.57058952082974,1.09892522409832,0.307287301252264,0.547952546216182,"C35E7.2"
0.109004970010363,7.71591855060067,1.09796695399122,0.307492390545725,0.548208310475644,"R151.2"
0.245116990295706,4.4896425222165,1.09744358564153,0.307605870387037,0.548300680355081,"skr-18"
-0.219634656830737,4.49475534402021,1.09677249434387,0.307749883663112,0.54844742747018,"F58F9.4"
0.122521841223943,6.80100291809607,1.09529580038359,0.308065908080606,0.548900598946827,"Y82E9BR.14"
-0.0939302160870509,9.03226380229432,1.09489827276592,0.308151285495474,0.548942712751003,"icd-2"
0.090419273550803,9.26657125657763,1.09236585961218,0.308696497706486,0.549803798298952,"tank-1"
0.136046575060505,6.71528711074404,1.09131813408493,0.308922546380783,0.550096206663637,"sec-24.2"
-0.0923352773780525,9.24945925829632,1.09059719725611,0.309078062803192,0.550262926788783,"gdi-1"
-0.106634413099501,8.60520682955625,1.08970941154867,0.309269835966175,0.550385488247295,"clec-41"
0.225887228266735,4.57341740269867,1.08927661214903,0.3093644827466,0.550385488247295,"klp-11"
-0.131651765293437,6.74309162669996,1.08915837050893,0.309389039026343,0.550385488247295,"C34B2.8"
0.28427319417322,3.83021580227312,1.08914920890541,0.309394519205937,0.550385488247295,"ets-6"
-0.267846296211415,4.08871039617164,1.08882551201123,0.309463311344462,0.550397739780679,"ser-1"
0.108033811028352,8.80407331281073,1.08815677562614,0.309605612827885,0.550540700730545,"kcc-1"
-0.15157301644098,6.08127718941725,1.08601906800094,0.310068891008265,0.551254251140669,"nmy-3"
0.300616044349457,3.732569581568,1.08558901832179,0.310166284582427,0.55131716038032,"D1007.10"
0.122594423937496,8.11285467568267,1.08395314113864,0.310517217439051,0.551830617679513,"mxl-3"
-0.101599512334886,8.65343511032356,1.08230674744392,0.310875253589793,0.552356490740777,"T23E7.2"
0.276035111066055,3.87655987784014,1.08196293813716,0.310953377827858,0.552379943040041,"Y80D3A.9"
-0.128372456613352,6.60771659924491,1.0815408535298,0.311042104533599,0.552379943040041,"tppp-1"
0.181354489975928,5.09340226472937,1.08115739005998,0.311126082212576,0.552379943040041,"C04G6.4"
0.148180728613143,5.90913206612857,1.08110578035216,0.3111369648796,0.552379943040041,"hrde-1"
-0.131403757527981,6.90534129756723,1.08029398373676,0.311313817888503,0.552583580524392,"mef-2"
0.14184016211365,6.23770391063525,1.07977923391298,0.311426141918762,0.552672620319305,"pmr-1"
0.19241614830321,5.0040692730644,1.07788261903765,0.311840781359609,0.553298021765773,"M04C9.3"
0.138753071982162,7.03152097376691,1.07736508391591,0.311953393509612,0.553387394591771,"pat-4"
0.109867456247406,8.37523924916583,1.07645850721775,0.312151654153088,0.553497774228141,"rpl-17"
-0.117174936093425,6.81746346523287,1.07637491406751,0.312170034828694,0.553497774228141,"arx-3"
0.160964123989698,5.94229725700408,1.07622756858577,0.312202377432699,0.553497774228141,"T14B1.1"
0.165526694909661,5.92958881115836,1.07529902723715,0.312405743902686,0.553747900526072,"gst-28"
0.196390656006289,5.0166251571275,1.07282723349761,0.312948410199655,0.554599225649818,"zyg-8"
0.126355613458833,7.18335338889855,1.07147783556438,0.313244450234951,0.555013233766232,"tnt-3"
-0.30473700974471,3.66860546769391,1.07096639392183,0.313361799905476,0.555026530538541,"hex-4"
-0.161972992996139,5.61449656444803,1.07087703250002,0.313376806130185,0.555026530538541,"F56A11.5"
-0.166842967286982,5.39482898926651,1.07013356608373,0.313540563022351,0.555205964117053,"arf-6"
0.208896110284795,4.96393293105571,1.06857412129652,0.313884502857158,0.55565913621871,"F40G9.17"
0.401452208815029,3.44098842679755,1.06831503503745,0.313948600020543,0.55565913621871,"twk-14"
-0.197658429751221,4.75186264552608,1.06812418443507,0.313983972597323,0.55565913621871,"tag-89"
0.160034366690402,5.90634709611886,1.0673156720217,0.314161751044982,0.555699322127669,"M01B12.4"
-0.18625536203059,5.12785027247104,1.06719107373008,0.314189608377349,0.555699322127669,"ZK550.6"
0.136005712028616,6.80504543916024,1.06716836748024,0.314194184269013,0.555699322127669,"ego-2"
0.189029645581465,5.42767782894669,1.06426517222545,0.314836475564494,0.556724563294335,"C25H3.7"
0.131073331895243,6.67158029545827,1.06338714250063,0.315030761407395,0.556957347320173,"mrps-7"
0.142891606069631,6.24139595550691,1.0628455369444,0.315150873248017,0.557058929234219,"B0310.1"
-0.192475681236692,5.21912332039874,1.06194040527393,0.315352027115923,0.55721858412741,"ckr-2"
0.136293710261006,6.06226886822317,1.06187359782132,0.315366540921058,0.55721858412741,"cdap-2"
-0.11239822571251,7.39317910851429,1.06079707781895,0.315605510230669,0.557530020159125,"Y71H2AM.11"
-0.219970940709028,4.48094130250258,1.05864859324298,0.316084635353096,0.558265493230905,"drn-1"
0.232615925671997,4.54586626502639,1.05819815875898,0.316184821206135,0.558331528370158,"daf-28"
0.170862910779944,6.0414469053014,1.05748314170667,0.316343186770053,0.558500252893674,"lip-1"
0.28723161240379,3.80783138095756,1.05690692169472,0.31647520703533,0.558622407335938,"F36H9.7"
0.224404283045916,4.89489719682084,1.05635101160772,0.316596239850037,0.558626688282641,"B0281.3"
-0.108291974383746,7.1852014875949,1.05631659646215,0.316603293471626,0.558626688282641,"sar-1"
0.111305371385835,7.87837494864602,1.05494481511744,0.316909580950206,0.559056167505611,"haf-9"
0.128522712550112,6.52334438742349,1.05405965119548,0.317107572844768,0.559228347985822,"ntl-2"
-0.157013527750622,5.62435143850992,1.05394672359595,0.317132980603365,0.559228347985822,"taf-5"
-0.295788022130672,3.69610955223967,1.0536091533122,0.317212884355954,0.559258329329524,"elt-6"
-0.17969622705435,5.17470622055669,1.05323816549338,0.317291771090255,0.55928650609902,"clc-5"
-0.264132653121441,4.3768724726683,1.05289454931394,0.317369696737037,0.559312977936372,"Y70C5A.3"
-0.174622278485886,5.49581069526556,1.05224548886311,0.317513895939073,0.559363194954628,"nuo-3"
-0.290028886700119,4.00835796250919,1.05221101580895,0.317524018101002,0.559363194954628,"F57A8.4"
0.123209204259445,8.59190839474879,1.05113623805761,0.31776226387393,0.559668084891165,"F54D5.4"
0.142676770550762,6.29150503340855,1.0504092323746,0.317925511698246,0.559668084891165,"mec-1"
0.200259948563245,4.83023076301624,1.05021412334166,0.317969942375748,0.559668084891165,"iff-1"
-0.168720285052126,5.31782163015329,1.05015860578022,0.317982049560144,0.559668084891165,"F33D4.4"
-0.121931524657925,6.80635849385458,1.0500245917914,0.318011828238687,0.559668084891165,"rbr-2"
0.154088408830866,5.74349370249525,1.04921340514526,0.318194171700189,0.559878167541338,"cku-70"
-0.287472463462113,3.83000276451284,1.04720632661813,0.318649069417509,0.560567644675717,"nhr-59"
0.157570589928209,5.57276802255082,1.04662570708555,0.318776477577897,0.560680843154319,"trpa-1"
-0.101179042316829,7.63894542788698,1.04606759476823,0.318901993886037,0.560712071616301,"C41G7.9"
0.209101568156719,4.8366830167629,1.04598937709684,0.31892036285723,0.560712071616301,"F35B12.10"
0.180479899789594,5.78612172601587,1.04491804690298,0.319161451719627,0.561025003408304,"avr-14"
0.212846470599199,4.95585697431298,1.04167730789498,0.319894379250172,0.562202199231721,"Y67H2A.2"
0.159903580159013,5.85931586258344,1.04063861784401,0.320129188676482,0.562322497221712,"Y48C3A.12"
-0.106292462518339,7.89389336121435,1.04060410403809,0.32013683162653,0.562322497221712,"tdo-2"
0.0969996741992978,8.51456559672239,1.04053464523776,0.320152567870465,0.562322497221712,"eif-2alpha"
-0.276056334531564,4.23823320607983,1.03980239787038,0.320320419750712,0.562410898900231,"lir-1"
-0.237404842607695,4.31532679692883,1.03969536624696,0.320344473371244,0.562410898900231,"dmsr-6"
0.331216979740388,3.60283296282094,1.03902113945397,0.320501156494661,0.562410898900231,"M70.5"
0.244535427299341,4.42614895787812,1.03895842762175,0.320511408350548,0.562410898900231,"W03C9.6"
0.100011193652092,7.95226019747713,1.03891833033119,0.320519179476715,0.562410898900231,"nars-1"
0.306683643154603,3.81834993350192,1.03864236130735,0.320585426697078,0.562416146164902,"Y48G8AR.2"
0.126541867065117,6.63653222093514,1.03767765086437,0.320801070816243,0.562628320373009,"Y43F8C.7"
0.312626178296359,3.7935440679749,1.03755363131816,0.320832930411782,0.562628320373009,"C01G5.5"
0.166373913465247,5.51307582318922,1.03628396389567,0.32111822389814,0.562974122068761,"mtcu-2"
0.166341929693998,5.71851055793779,1.03611434402782,0.321156759322096,0.562974122068761,"sec-8"
0.10040598562934,7.76190396270653,1.03554867989781,0.321285345872739,0.563078192626271,"tag-18"
-0.359922533382523,3.24455469342028,1.03534846619701,0.321342790393173,0.563078192626271,"F19C7.4"
-0.130797441778735,6.59738137312356,1.03481584816476,0.321452396678583,0.563159262831386,"mrps-26"
0.313718072238297,3.65488576316963,1.03386197126055,0.32167458536864,0.563437497736915,"gpa-16"
0.233287371462895,4.68922833787484,1.0314716426535,0.322216648191199,0.56427579654677,"parn-2"
0.275574155991156,4.01968568659795,1.02994250569955,0.322568207081323,0.564780214486026,"Y42A5A.1"
-0.350651967407767,3.50158187318249,1.02761227226686,0.323106689018064,0.565546028282792,"C24B5.4"
-0.30456909587658,3.86381603900786,1.02720868746841,0.323195965561729,0.565546028282792,"fbxa-19"
-0.258219504312811,4.80171934030309,1.02669366660364,0.323311652460852,0.565546028282792,"F52E4.5"
-0.166980251481587,5.56944399132569,1.02647122550492,0.323362242148122,0.565546028282792,"lsy-22"
0.199197844480033,5.08310425375811,1.02645292578329,0.323366709902625,0.565546028282792,"glr-5"
-0.27110596142143,3.89859599462623,1.02597013802006,0.323480297340214,0.565546028282792,"C32E12.4"
0.254294810954464,4.13539617577641,1.02584875429702,0.32350714053704,0.565546028282792,"Y48G8AL.10"
-0.135382773935608,6.59349299677696,1.02580823426768,0.323514464047495,0.565546028282792,"W10C8.5"
-0.290551802365753,4.07996045171914,1.02512248483752,0.323674477735314,0.565714523598324,"scc-1"
-0.169075898795058,5.30092578083763,1.02483437784293,0.323738813797884,0.565715761296578,"acs-16"
-0.0912191145503629,8.86454532988885,1.02419634829278,0.32388530194332,0.565739706619316,"C32F10.8"
-0.279050698127471,4.04802231943297,1.02412289041479,0.323904718628356,0.565739706619316,"mei-1"
-0.165219496369854,5.65857452120709,1.02394509125501,0.323943408660324,0.565739706619316,"C27H5.2"
-0.282240540014555,4.13256275741294,1.02316870248104,0.324124243063751,0.565944352922193,"orc-1"
0.107526935929411,7.7458689808626,1.02274673682333,0.324219407421539,0.565999362141156,"eif-1"
0.219574246702109,5.24250022983542,1.02243949326229,0.32429070797705,0.566012698198656,"Y69A2AR.1"
0.201594881489853,5.08294223382097,1.02092457006163,0.324640576919951,0.566444954963125,"C03B1.13"
-0.0929486807587219,8.98677388797483,1.02080765624887,0.324667054339775,0.566444954963125,"Y22D7AL.10"
-0.28154399449391,4.29436297330013,1.02054472151685,0.324729494482853,0.566444954963125,"F46G10.4"
0.105809278565806,7.1637234946688,1.01995747301405,0.32486366738998,0.56650809932006,"spat-2"
0.166970634276909,5.38968710119788,1.01983137634735,0.324893127705881,0.56650809932006,"pdk-1"
0.119154350280451,7.15883436502294,1.01825625397668,0.325257449675195,0.567032153933756,"T08B1.1"
-0.180141226932551,5.43683959921757,1.01698688643111,0.325551958366507,0.567434319121076,"fem-2"
-0.167425441708896,5.65299942415572,1.01615036711665,0.325745985549756,0.567661222564266,"H14E04.2"
0.220952031656844,4.5098354772216,1.01532202973962,0.325939293099522,0.567845915478824,"K02B12.5"
-0.152305906113015,5.71875947035637,1.01514402776719,0.325979704488125,0.567845915478824,"K07C5.2"
0.364057813694643,3.45838624258262,1.01402892369931,0.326245808774348,0.568163895745222,"M110.3"
0.172961185289783,5.62266417890611,1.0138025530449,0.326291671402963,0.568163895745222,"mec-8"
0.252819625216441,4.13586196603582,1.01354281592372,0.326353955187363,0.568163895745222,"T04F8.6"
0.222195171278109,5.00766850396725,1.01292726119909,0.326495782031736,0.56829952976589,"F23D12.7"
-0.150333974305071,6.98666978477612,1.0126250407236,0.326565663855338,0.568309907484402,"mrpl-50"
0.187733102395042,5.53981454408365,1.01201442275305,0.326708156473843,0.568446618240496,"sfrp-1"
0.273149083678862,4.1657504429867,1.00931432761875,0.327340116768809,0.569434744314515,"pign-1"
-0.16759005381297,5.32478328920204,1.0082965723195,0.327576522136348,0.569715584317471,"taf-10"
0.122737801202385,6.95264664808588,1.0080679301863,0.32762971348726,0.569715584317471,"dnj-9"
-0.122031623383678,7.33790950909782,1.00679282768672,0.327928283702727,0.570057175951534,"cdh-4"
0.124564774803944,6.48335077551561,1.00668164622247,0.327954387019694,0.570057175951534,"ragc-1"
0.147248690646633,5.99482833415725,1.00543699915623,0.32824630092932,0.570453061290576,"vms-1"
-0.125617781535976,6.64046933715368,1.00434127242584,0.328503471737905,0.570788424315364,"ergo-1"
0.151912489691872,5.97220265795138,1.00343972488807,0.328715402581205,0.570961507330967,"ric-3"
-0.174181604200015,5.49572192976385,1.00337174324357,0.328731521316749,0.570961507330967,"F44E2.9"
-0.11547096344849,7.23935998529149,1.00227857198867,0.328988455147517,0.571238617804574,"gst-27"
-0.145786449415173,5.89307147630716,1.00190914764651,0.329075537272332,0.571238617804574,"R186.3"
0.101503083905661,8.32372310639967,1.00187324744422,0.329083815138346,0.571238617804574,"cyc-2.1"
-0.163564555850749,5.75445370419353,1.00135211535685,0.329206762922014,0.571340489779354,"K03B4.2"
-0.148806362387065,5.89154763041868,1.0008890740343,0.329315850328241,0.571418271910303,"aspm-1"
0.0911533904803563,8.97171213703547,0.999306701680792,0.329688938124841,0.571848943690411,"utp-20"
0.102868195949929,7.28923538701418,0.999291060420442,0.329692687589365,0.571848943690411,"F44G4.2"
0.106364642213142,7.03931362786037,0.998792429688254,0.329810450031775,0.571941624972208,"ben-1"
0.104136840865908,8.43835403053886,0.99792928446125,0.33001434106407,0.572159591321616,"rps-5"
-0.225518548562039,4.44867548365056,0.997504570488538,0.33011605187315,0.572159591321616,"knl-3"
0.230155939993633,4.7322588852978,0.997291630940847,0.330165974544891,0.572159591321616,"H20J04.9"
0.335850467865756,3.80835968917839,0.997186771011058,0.330193551127119,0.572159591321616,"ZK688.11"
-0.329926577507754,3.77300415357201,0.996150380877728,0.330439241473258,0.572473752131477,"cnc-4"
-0.267688755523952,4.28882705767972,0.993939539672339,0.330961072765781,0.573159892454057,"tiam-1"
-0.268168057751387,4.10811916761395,0.993928544347187,0.330964220881692,0.573159892454057,"K09A11.1"
-0.115617062011072,7.07029512996353,0.992703446344191,0.331253053021759,0.573548372817226,"pcn-1"
0.281225630422667,3.85515379936344,0.990001030673534,0.331899340988363,0.574505300063373,"eng-1"
-0.111122899249265,6.89530862439794,0.989838163652169,0.331934959669952,0.574505300063373,"csnk-1"
-0.23119669586786,4.53033229892821,0.988989679172992,0.332138325379653,0.574675153360207,"ceeh-2"
-0.290295019572041,4.07583675347126,0.988893961995483,0.332162367913407,0.574675153360207,"T05C1.1"
0.315797468454859,3.94586289881904,0.987265981368003,0.33255152436317,0.575037891773532,"mod-1"
0.166023542445956,5.40470759542618,0.986869462519785,0.332643811409539,0.575037891773532,"lsy-2"
0.162729919547479,5.64279568175937,0.98684234215977,0.332650180964788,0.575037891773532,"scpl-4"
0.297566545847753,3.58782368219195,0.986736338268808,0.332680588704429,0.575037891773532,"T08B1.4"
0.192417002959975,4.8537902809402,0.986655143020455,0.332695412808801,0.575037891773532,"C16A11.2"
-0.250588223211807,4.33934569649821,0.985952685814814,0.332864240041251,0.575217873315211,"cah-2"
0.324695284791065,3.47468767533687,0.985685519288365,0.332933289572934,0.5752253940134,"F14B6.6"
-0.265901365165632,4.01834288550395,0.983243908479793,0.333514273557333,0.57604564632048,"C18H7.6"
0.14062986071523,6.43863695000104,0.983136375753951,0.333537620881547,0.57604564632048,"ctl-2"
0.224334973800901,4.36318104889163,0.982604482673493,0.333666599426477,0.576156483880522,"lin-3"
0.283511818776163,3.95589641163073,0.980873306831038,0.334083900935357,0.576765041401215,"Y104H12D.2"
-0.166527504690087,5.25462909120043,0.9799315899937,0.334308150109374,0.576984171125555,"mig-5"
0.280669493478028,3.8555261837374,0.979808473735491,0.334340619687196,0.576984171125555,"flp-2"
0.358827326479438,3.15536111594038,0.978956028346921,0.334556035016812,0.577243878776339,"del-9"
0.284527856118899,3.83045163043693,0.9767642722849,0.335074795653208,0.577948562205233,"F59A3.2"
-0.211369845878421,5.06252157352689,0.976671017635157,0.335094459359799,0.577948562205233,"toe-2"
-0.311239218165696,3.64208576277202,0.975641061255732,0.335347745809978,0.578136569451897,"T28F3.5"
0.128292365595074,6.75995516133987,0.975460666346701,0.335386496666391,0.578136569451897,"krr-1"
-0.201298037053949,4.58187264570084,0.975232124513009,0.335442726558627,0.578136569451897,"mif-3"
0.157594532124898,5.54816230886098,0.974883150182913,0.335526368090228,0.578136569451897,"F40F8.11"
0.149485100918324,5.85979333443958,0.97487360992911,0.335528590526576,0.578136569451897,"phat-6"
0.373570403634072,3.24526380957925,0.97429618747085,0.335679076369607,0.578283795388913,"del-2"
0.131110482443981,6.443323652429,0.973837267630808,0.335779399452516,0.578344564225556,"T10B5.3"
0.121460956659986,7.16464712564494,0.973202395337018,0.335933183175931,0.578408348509638,"mrpl-45"
-0.144120005138597,5.94837180441406,0.97295958181053,0.33599213796197,0.578408348509638,"erd-2.2"
0.208834082685896,4.74546416944539,0.972882001911804,0.336011598251297,0.578408348509638,"F28D9.4"
0.426060658123285,3.22783605611568,0.972405410540555,0.336137976622872,0.57851388891869,"R09F10.3"
0.1566525531949,5.68317765202193,0.971946660570984,0.336237876587965,0.578573826348674,"cyl-1"
0.128570379378544,6.59204877733116,0.970367535245984,0.336621278829096,0.578988626732347,"K02F3.9"
0.28151902311359,3.83161463783349,0.969855224158922,0.336749126529167,0.578988626732347,"W03G11.3"
-0.0942813466954184,8.90681802771302,0.969648633308273,0.336795986847307,0.578988626732347,"pcp-1"
-0.178234823447418,5.42087923055864,0.969636171585641,0.336799348821605,0.578988626732347,"bath-43"
0.267125984671044,3.77126713610275,0.969628895302847,0.336804541385637,0.578988626732347,"glit-1"
-0.114326225011598,6.76316365638061,0.969257892083154,0.336891136172243,0.579025534836152,"gei-17"
0.228256403448885,4.56088531381016,0.966905190678216,0.337465299873941,0.579900266946118,"Y61A9LA.1"
0.163581950629799,5.52193703399566,0.96649676841878,0.337564160049785,0.579958057391815,"slo-2"
0.166479643940134,5.87460905024848,0.965694418572385,0.337759937680231,0.580182304079392,"H35B03.1"
0.214879155811378,4.65582615210302,0.964861593356858,0.337964163754341,0.580420973525178,"R144.11"
-0.0933591778714166,8.98566683495919,0.962989085029224,0.338421379153982,0.581093951730022,"cpz-2"
0.259486703006211,3.96324189962818,0.962372811027715,0.338575031056573,0.581148210002322,"ZK616.3"
-0.217646237081056,4.71915934283644,0.962088035944224,0.338643002380468,0.581148210002322,"gly-20"
-0.31664909015562,3.70841366508137,0.962077600767604,0.338649069398496,0.581148210002322,"F01F1.11"
0.105082867110115,9.63232398183364,0.961492220201609,0.338788238030241,0.581274840665163,"Y82E9BR.3"
0.186312723460869,4.8252633169225,0.961067911335262,0.33889305989514,0.581342503478235,"cil-1"
0.258729473436548,3.98680150504287,0.959604219468743,0.339254333951101,0.581849977461272,"sulp-1"
-0.276159164865718,3.77030427324858,0.957350341450614,0.339810141945995,0.582690833566411,"R01B10.6"
0.095533183809693,7.89784988841536,0.95623497306962,0.340081175822521,0.583043141966454,"elo-1"
0.262188688646516,3.96462360393738,0.955449991764044,0.340277485115499,0.583267229643706,"lgc-55"
0.277710617034549,3.97382495744036,0.954506604066797,0.340510385631647,0.58355393960119,"fce-2"
0.146889156578321,7.89024644016909,0.954183907288845,0.340587489810202,0.583573592580942,"Y119D3B.21"
-0.0933196086601503,8.04299753491552,0.95185531028799,0.341163603721324,0.584448092617782,"F21C10.7"
-0.134575198834956,6.50678985399674,0.951443721085977,0.341265672963649,0.584510325239801,"cup-2"
0.215582376007439,4.59707787765219,0.95098709941819,0.341379748413962,0.584593093826759,"arrd-4"
-0.284196205509507,3.83115107153796,0.949712980033149,0.341698297526205,0.584916800817119,"jtr-1"
-0.249620471570119,4.26430145261564,0.949697553182833,0.34170035580296,0.584916800817119,"F48G7.4"
0.132610602297461,6.52161679678879,0.949250575682296,0.341809766560108,0.584991459958792,"mrpl-39"
0.167255227694329,5.46868639347224,0.948621330196515,0.341966307386479,0.585021791967897,"ndx-9"
0.274100091394773,3.87756044787811,0.948474281500372,0.342005626368105,0.585021791967897,"F59B2.13"
0.152359419959085,5.68839252526276,0.948385283211632,0.342024887487249,0.585021791967897,"Y65B4A.2"
-0.347253633148841,3.62677410622437,0.946741208776743,0.342438810979547,0.585607730088043,"skr-21"
-0.105094741816371,7.01333000846065,0.946478654176245,0.3424991785466,0.585607730088043,"klp-4"
0.102685267878732,7.18923080819588,0.946189192936791,0.342571281050991,0.585618392583034,"app-1"
0.218956603760608,4.25445230247696,0.945164327632616,0.342828349718947,0.585945185957547,"set-19"
0.0971585323914045,7.74251664519456,0.942270065015645,0.343549655787443,0.587065152720768,"T20H4.5"
-0.0939616192810221,7.82015040314413,0.940527683627142,0.343985921798693,0.587697699983124,"ZK829.7"
0.1382322736629,5.89164841094289,0.940053031869854,0.344105067807936,0.587788310831962,"sorb-1"
-0.171995997146612,5.61667119068813,0.938863874701112,0.344403483344943,0.588185050023029,"pat-12"
-0.161723564202344,5.44424048934725,0.938389522005403,0.344522660930691,0.588275586390392,"cept-2"
-0.179046173089249,5.20598137340029,0.93719645203427,0.34482264384208,0.588566870729579,"T05A8.3"
-0.254858619535246,4.30670489847526,0.937188947006896,0.344825647242198,0.588566870729579,"Y39G10AR.32"
0.105322829029072,7.48458343802093,0.936290967633878,0.345050045700647,0.58869872436,"rsp-3"
0.212561926753044,5.23809238939708,0.93607826346792,0.345103975644521,0.58869872436,"ZC328.3"
0.120677693824111,7.02101268455291,0.935830552462158,0.345166000758849,0.58869872436,"ZK909.3"
0.208507464117119,4.7360368776457,0.935826554179477,0.345167748294757,0.58869872436,"blos-2"
-0.124772885454808,6.18769390780094,0.935271032208205,0.345307003059806,0.588823276602366,"srgp-1"
0.234284545009352,4.76254928478772,0.934143956962937,0.345591823396425,0.589097885455846,"M04C9.1"
-0.128344410599035,6.44173614765132,0.934106635299436,0.345600559052716,0.589097885455846,"C14B9.8"
-0.108750125922147,7.09109046570924,0.932894247343824,0.345906578652082,0.589506496223052,"eat-3"
-0.299139627849884,3.66921468035253,0.932330464477559,0.346053542457821,0.589582943224805,"R05H11.2"
-0.098130587082972,7.79710272421703,0.932191640881513,0.346084060363318,0.589582943224805,"pdhb-1"
-0.27197447182613,3.9766438825465,0.931430009802555,0.346279319644499,0.589700533031732,"ZK973.9"
-0.24829603457891,4.20016632785246,0.931401371940505,0.346285736470439,0.589700533031732,"F42A6.6"
0.122803919598313,6.35987468153215,0.931098781141586,0.346360575811341,0.589715028636276,"igdb-2"
0.191883369752547,4.97860091571243,0.930728908439042,0.346454673048736,0.589762300991062,"ears-2"
-0.211392181133606,4.53936402249307,0.93003085803597,0.346631962914903,0.589937917741524,"F26F2.7"
0.169730407814676,5.13806861040181,0.929712761911734,0.346711957997375,0.589937917741524,"rnp-2"
0.276975343520034,3.85328894036638,0.929546123795338,0.346756895525498,0.589937917741524,"F53A2.1"
-0.109537579790485,6.79790267371547,0.92914661851889,0.346855084295008,0.589992070875629,"pac-1"
-0.308688157635579,3.41124330568411,0.928661110193912,0.34698575377411,0.590029191981778,"C02F12.8"
0.114246304733902,6.93496037016065,0.928537328300658,0.3470096327604,0.590029191981778,"hgap-2"
-0.148312608017493,5.54763586683606,0.928014673928748,0.347142484349867,0.590142223394775,"R02D5.3"
0.137968994216742,6.00951963561462,0.926297839528722,0.347578633248334,0.590558046342823,"Y95B8A.8"
0.284877209445442,3.67071639508492,0.926291197989661,0.347584540579812,0.590558046342823,"Y34B4A.2"
0.14284070525573,5.80519254433954,0.926267616367897,0.347586352098976,0.590558046342823,"nfx-1"
0.172894416925942,5.28622193023801,0.925965579931474,0.347663393574961,0.590576085646729,"mys-1"
0.153366000216016,5.62127866312633,0.923904504551305,0.348188182734272,0.591354562118512,"cnnm-2"
0.170574721459539,5.27607148626031,0.922358434035571,0.348582875201396,0.591911830293279,"crld-1"
-0.140678701853162,5.99775676379153,0.921846729760874,0.348713348671274,0.5919836930135,"cbp-3"
-0.279957451385412,3.97299679398093,0.921680418724494,0.34875836058989,0.5919836930135,"F40G9.5"
0.143039745127998,5.88706598361465,0.921369899581995,0.348835236179975,0.59200116145756,"Y47G6A.9"
0.11320591947923,6.86467341593881,0.920711915890651,0.349003413240162,0.592173539526389,"mrps-35"
-0.14978400990884,8.70685469832537,0.917487161761789,0.349829698475024,0.593462287567533,"frm-1"
-0.103388626877224,7.48870862391718,0.916491942249428,0.350085319785246,0.593782636056968,"mppa-1"
0.0855412731576104,8.8393086035124,0.915342051265963,0.350380941920952,0.59391302164274,"eif-3.L"
0.201793074006937,4.85868073618032,0.915320883639268,0.350387066081612,0.59391302164274,"Y43H11AL.1"
-0.176067249510114,5.38884028531377,0.914990056362525,0.350471848629169,0.59391302164274,"F38B2.2"
-0.14932885278829,5.58122840153609,0.914978507678384,0.350474743286746,0.59391302164274,"C27D8.3"
-0.289701248121102,3.60123744429851,0.914771251870253,0.350532975856918,0.59391302164274,"W02B8.1"
-0.0998136323388382,7.55558218349328,0.914355171936576,0.350634989705116,0.59391302164274,"rpl-29"
0.147873336682959,5.96117404926466,0.914228064168689,0.350667857956823,0.59391302164274,"rfip-2"
-0.248368821368117,4.09630855151764,0.914124209507235,0.350696587968101,0.59391302164274,"R03H10.7"
-0.0930021567925017,7.84357350446724,0.913594183017433,0.350831027810318,0.594027550611605,"let-526"
-0.0939642643540227,9.08654654864127,0.913334276007958,0.350898017508775,0.594027851041608,"xdh-1"
0.297480685905634,4.24060759382417,0.912477619468292,0.351120653501942,0.59429128611324,"far-3"
-0.199225798263445,4.77511094495472,0.912015478859509,0.351239019357028,0.59429128611324,"R107.2"
-0.187078864524012,4.93587457510125,0.911956267575662,0.35125415684682,0.59429128611324,"C30B5.2"
0.224032672562689,4.36307244591189,0.911482600231829,0.351377233784235,0.594386412780751,"mig-23"
-0.274281129954742,4.17261122671459,0.910896507972929,0.35152919962127,0.594530362151933,"bath-47"
0.288106248136214,3.64263242601906,0.909966406883228,0.351772380031391,0.594763824804552,"glb-8"
-0.167954742716293,4.99595958398943,0.90984026113984,0.35180102965326,0.594763824804552,"R08F11.4"
-0.146114821171342,6.01783262189913,0.909099215314427,0.351992432719385,0.594974281237271,"athp-2"
0.124765580136328,6.86449134607892,0.908223817301476,0.352219156526248,0.595244349111361,"smg-2"
-0.168412539605087,5.25385140034816,0.90785009431128,0.352316374221304,0.595295492816726,"F10A3.4"
0.128319073106165,6.08819592922158,0.907261364179603,0.35246880957336,0.595391800940956,"F39H12.3"
-0.154383761706035,6.16039909956132,0.907112977691622,0.352507304032526,0.595391800940956,"Y54G11A.2"
-0.125422328843813,6.86799795764892,0.90613499838778,0.352761167914292,0.595652164892257,"txdc-9"
-0.153467461898298,5.73637711425217,0.906003530754066,0.352795444868139,0.595652164892257,"F55H12.3"
0.0907009327860808,8.09499762442182,0.904677418062839,0.353140018855306,0.596120734316029,"F21D5.3"
-0.154960433735872,5.81741935355039,0.903764435479421,0.353377840506925,0.596408955950469,"rsp-4"
0.2590990296614,4.27290733127927,0.903092545171858,0.353554271229941,0.59659347608757,"Y73E7A.3"
0.137073745532967,5.95588310661812,0.901216545711267,0.354042225592768,0.59694960325358,"ulp-1"
-0.244635822403295,4.18161774362194,0.901147176152519,0.354062039293274,0.59694960325358,"nhr-50"
0.185637957321021,5.2897905556499,0.900921331268737,0.354119552004752,0.59694960325358,"cls-1"
-0.238987518038663,4.74464182423353,0.900693682646378,0.354179438643946,0.59694960325358,"Y37A1A.2"
-0.176757200388113,4.96398909590951,0.900565298686202,0.354212772981473,0.59694960325358,"M04C3.1"
-0.233466019503489,4.2548824753185,0.900516489862644,0.354226584941271,0.59694960325358,"nhr-87"
0.286323709704319,3.83186169646496,0.90048927700261,0.354235306125958,0.59694960325358,"C43H6.3"
-0.150286011263821,5.58854551257934,0.899655611167397,0.354450247981519,0.597189099917316,"dgk-1"
-0.0872076428195791,8.46500973699419,0.899419497859696,0.354511761260105,0.597189099917316,"cox-5B"
-0.270840487339806,3.68253445120959,0.899004379718371,0.354624727990439,0.59726623537848,"D1025.1"
0.0885785579171005,7.87261846739855,0.898508248097514,0.35475027939894,0.597345347128993,"pkc-1"
-0.115206690890745,6.40362394226269,0.898295596019558,0.354806071104287,0.597345347128993,"mon-2"
-0.133148055619895,6.40632676864797,0.897927724110228,0.354902445867082,0.597394480538475,"Y79H2A.3"
0.166058784339425,5.04307840048247,0.896403309192082,0.355302634686779,0.59787684531187,"Y60A3A.19"
-0.175175361677469,5.21098885224608,0.896323452747857,0.355323501364067,0.59787684531187,"abl-1"
-0.294689578522482,3.69720679592785,0.895609819082794,0.355514714899153,0.59800055749527,"ZC250.2"
0.188944979046539,5.18336163401655,0.895391091645525,0.355568355186956,0.59800055749527,"T03F7.7"
-0.146831418221362,5.64026885007754,0.895243099490956,0.355607017190433,0.59800055749527,"asp-13"
0.190222117066897,4.88632730918218,0.894896127332298,0.355698635582845,0.59800055749527,"ZK353.9"
0.213369122581232,4.28796731413625,0.894767535027865,0.355733320053142,0.59800055749527,"T09A5.15"
0.290326292092087,3.45822365631087,0.894288968464422,0.355864109266754,0.598107333741155,"glb-20"
0.20352900136318,5.20356662285383,0.89186055892441,0.356497676237761,0.599058937711194,"ztf-27"
-0.276443862612841,3.65598446885956,0.891483221838385,0.356601335917396,0.599105871656239,"his-63"
-0.246503657212666,3.98590152313522,0.891251891568365,0.356660373262453,0.599105871656239,"kqt-1"
0.172123912652318,5.36380756456668,0.8901773164466,0.356941908268078,0.599329712826414,"acl-7"
-0.114212549413941,6.45826307037818,0.889967308730073,0.356997147652383,0.599329712826414,"clr-1"
0.150936684932663,5.56563017822586,0.889819452620336,0.357036369311402,0.599329712826414,"mrps-28"
0.11986079496898,7.02424005555881,0.889717020234199,0.35706326496924,0.599329712826414,"gss-1"
0.235774626731232,4.38855164277195,0.889400166974432,0.357148270211142,0.599359243195029,"ZK858.5"
0.0916631467496387,7.70046583763695,0.888634629820171,0.357349472714622,0.59950082014128,"hum-4"
0.100282281521751,7.53960702273786,0.888419969006078,0.35740629500643,0.59950082014128,"F37H8.5"
-0.223091192313577,4.37869287503008,0.888316873220734,0.357434917058703,0.59950082014128,"Y49E10.16"
-0.244258762564392,3.90939147856182,0.887358440034571,0.357690273761532,0.599722923398033,"ckr-1"
0.189308975606201,4.77692843194188,0.887305278000882,0.35770224527947,0.599722923398033,"ndx-6"
-0.335266501073711,3.9499842997422,0.886797983508449,0.357838713911396,0.599824117827848,"K12C11.6"
0.106525696674518,6.97700318218619,0.886331663651528,0.357959718001336,0.599824117827848,"ptr-21"
0.0936343969385727,7.8443027574257,0.886311530594431,0.357964994848112,0.599824117827848,"rpn-5"
0.192580485265574,5.33666934330994,0.885158678569271,0.35827137398371,0.60017535207236,"tbx-2"
-0.203024614103262,5.08648534233885,0.88501526223609,0.358309612956932,0.60017535207236,"T27E4.7"
0.111640469202997,7.23787513384299,0.883848424578507,0.358619338426293,0.600581001685471,"pas-6"
0.109028583540719,6.98562308666592,0.88344570029449,0.358726488735483,0.600604554404388,"tnc-2"
-0.194441790348581,4.85062089894681,0.883290113222331,0.358768506179474,0.600604554404388,"Y25C1A.8"
0.243884364221991,4.06890173212879,0.882740798037328,0.358916212986594,0.600738714168639,"Y50D4A.4"
-0.107885531886496,7.31791888355511,0.881837261855103,0.359154843945697,0.601024979770599,"klc-2"
-0.116191106572144,6.99748866223565,0.880624455532667,0.359478354132581,0.601366630482559,"spcs-3"
-0.072210052351305,11.2042192766737,0.88056452014131,0.359494279722731,0.601366630482559,"T25C12.3"
-0.163475462646612,5.69348981878096,0.879476066436576,0.359785188679876,0.601640223832986,"set-30"
0.177405098960501,6.21626811099886,0.879392456759171,0.359807447356135,0.601640223832986,"F36G3.1"
-0.205175478923804,4.76892644848193,0.879195103901982,0.359860837964663,0.601640223832986,"Y53F4B.14"
0.177044815179528,4.80749064540231,0.87844924468703,0.360060243586422,0.60178285257928,"fis-2"
-0.32460042644027,3.70483549660715,0.878315197723543,0.3600995968971,0.60178285257928,"alkb-7"
0.259569003834741,5.28589084175648,0.87811556532485,0.360149202404043,0.60178285257928,"K06A4.7"
0.180997524015855,4.96295923599144,0.876613908279417,0.360551596171364,0.602342022089364,"fut-1"
-0.167255989981136,4.99566974140461,0.875952331103555,0.360728979785738,0.602501619633366,"T28F4.1"
0.163479643130793,5.09234828999484,0.875728032720328,0.36078908378576,0.602501619633366,"C23G10.7"
-0.167418583623056,5.3392975305463,0.875424456922701,0.360870412802529,0.602501619633366,"aps-2"
0.177840620569018,4.99773232864664,0.875247204397551,0.360918189873727,0.602501619633366,"F43G9.4"
0.0867117752900094,8.31131241360032,0.874783314303633,0.3610422013933,0.602541667381627,"abce-1"
-0.0859489176758053,8.10295520594956,0.874607021802323,0.361089556328952,0.602541667381627,"eif-3.H"
-0.135213350288513,5.85180736253174,0.874352550496447,0.361158095067682,0.602541667381627,"dapk-1"
-0.233678482399671,4.98383414256081,0.873922311261154,0.36127412991748,0.602541667381627,"cav-2"
0.1078858839141,7.16504725368153,0.873894747595734,0.361281028996902,0.602541667381627,"F21D12.3"
-0.205081792779403,4.48670299568127,0.873170456922611,0.36147689170363,0.602734962700002,"C46F11.5"
0.0850187650770872,8.05831727404783,0.872959557428812,0.361532511087517,0.602734962700002,"mccc-1"
0.175734549508081,5.11285686985121,0.871119161628184,0.362028741034341,0.603449106962191,"nrde-1"
-0.286352920969245,3.85276770112364,0.870589094585141,0.362174399010679,0.60348775293024,"Y50D7A.1"
0.104801378763232,6.78099813096416,0.870506699600387,0.362193543528346,0.60348775293024,"W05B5.1"
0.0754220492857112,9.75302944486861,0.870116572540884,0.362298749127727,0.60348775293024,"ogdh-1"
0.2578864886728,4.29144257876494,0.87003072063304,0.362323431013566,0.60348775293024,"Y49A10A.2"
0.139676704006493,5.6985505525366,0.86955003608982,0.362451926028404,0.603588700939977,"T09A5.5"
0.137190692766922,5.83461322360779,0.868584031461855,0.36271294916979,0.603804864815713,"fecl-1"
0.155962503984124,5.24493111349396,0.868413423041756,0.362759308799439,0.603804864815713,"npp-19"
-0.241252046211613,4.4711445638192,0.868237788524279,0.36280757647113,0.603804864815713,"rdl-1"
-0.108386713669302,7.38610800123797,0.86784797343088,0.362911907984359,0.603804864815713,"ncx-3"
-0.136977637037521,7.35686904900729,0.867775714500655,0.362931469412605,0.603804864815713,"hsp-70"
0.0984766520819961,7.20074094439904,0.867562465740156,0.362989202838824,0.603804864815713,"T28D6.6"
-0.0926841959647551,7.85493484560242,0.867219491248045,0.363082000174285,0.603811062400969,"C01G6.5"
0.324010101750276,3.4742824765226,0.8670698024386,0.363128753869979,0.603811062400969,"nlp-5"
0.114237205508835,6.53311560577035,0.866530806064367,0.363268638200996,0.603930714705508,"F52C9.3"
0.214614754170239,4.76444555955383,0.866027952410303,0.363405595303823,0.604003172743041,"C30F2.3"
0.166015652533069,5.12672199068825,0.865870184930425,0.363448090673183,0.604003172743041,"dyc-1"
-0.108492604239504,6.8509750629891,0.864975547413413,0.363690418830111,0.604292938482249,"alp-1"
0.243283490695897,3.93292822591502,0.863315429092544,0.364144018811148,0.604933570861345,"sto-6"
0.149203250996693,5.75790382789765,0.862267553895834,0.364426654703236,0.605105228135296,"F58B4.3"
0.185170145140034,5.77719257930359,0.86162059094962,0.364602837030821,0.605105228135296,"lin-41"
-0.221569806926794,4.39607034006967,0.861621928920061,0.364603584193009,0.605105228135296,"vps-45"
-0.225382143709866,4.36166328286431,0.8614823927109,0.364641671054599,0.605105228135296,"B0207.6"
-0.181184766262179,5.0827766035925,0.861466463319039,0.364645144243511,0.605105228135296,"ZK1067.3"
-0.0991886288367023,7.54177723022108,0.860851538912598,0.364812275556834,0.605105228135296,"trr-1"
-0.132852987004626,5.98557744087513,0.860786279401319,0.36483019354488,0.605105228135296,"F10G2.1"
0.267239500907453,4.40623636223704,0.860755283647668,0.364839753692407,0.605105228135296,"sqv-7"
0.0985341502067561,7.64513053420099,0.860676924053615,0.364859872683986,0.605105228135296,"Y46E12BL.2"
0.229653257152765,4.01685108307833,0.858979071316807,0.365325612229557,0.605764643478737,"Y53H1A.2"
-0.0972221111437826,8.09397269507667,0.858448989041073,0.365468165851801,0.605888022112318,"tct-1"
0.240175314444265,3.93193878471674,0.858163333318919,0.365548909538288,0.60590890281598,"haf-1"
-0.173126107693381,4.99507987582881,0.857691429673519,0.365675890126634,0.606006400580784,"ace-2"
-0.0894118003960295,10.2770123473046,0.857180536883406,0.365815146473949,0.606124201882198,"ubq-1"
-0.0933287353795863,7.66521026240225,0.855258582447073,0.366341822337689,0.606813922088809,"chd-3"
-0.199343786547673,4.7261092930138,0.855039515359938,0.366402708805959,0.606813922088809,"ztf-29"
-0.225094811950839,4.37713647901507,0.854919524898158,0.366436165526354,0.606813922088809,"inx-6"
0.146990429362532,5.4907039953161,0.854282596661108,0.366609946543313,0.606975151146039,"che-10"
0.185432000063204,4.82673790085351,0.854041297527567,0.366676633331819,0.606975151146039,"tag-234"
0.153444452696622,5.70628889281183,0.853721079998489,0.366764120074807,0.606975151146039,"B0495.9"
0.303024192371795,3.56015666838489,0.853584681556021,0.366806600731938,0.606975151146039,"C03B1.7"
0.138978294544021,5.64684143752391,0.852994163258119,0.36696395052953,0.607051128158379,"cyp-13A2"
0.156272088382845,5.60990293418578,0.852902855602812,0.366989069154345,0.607051128158379,"pbo-5"
-0.244050206476445,4.00532045110403,0.851263243008973,0.36744258657809,0.607688250979501,"T24D5.2"
-0.115281860589192,6.70204376831704,0.850941124923507,0.367529017359825,0.607718150148076,"ufbp-1"
0.10187687151819,6.98092632921011,0.85037642820721,0.367684685031681,0.607862501788151,"R09F10.1"
0.0865111670626642,8.05282671120806,0.850011012965926,0.367785413091582,0.607915989551452,"ugt-46"
0.0832530033560175,8.36856945622704,0.849643231704085,0.367886896863946,0.607970706322927,"K08D12.3"
0.238349493803113,4.08595852396481,0.848532175265208,0.368195769242538,0.608368069937819,"ser-2"
-0.0855182915260432,8.14762543664263,0.848267211148599,0.368266961136742,0.608372640554955,"ppm-1.A"
-0.252400004668367,3.75715407695035,0.846946321161433,0.36863599819502,0.608538295678296,"ephx-1"
0.163042021435357,5.29992209156921,0.846585234594215,0.368732671881976,0.608538295678296,"D2045.9"
0.0981341127399311,9.33859428933287,0.84655241357097,0.368741391930481,0.608538295678296,"lfi-1"
-0.112769066702514,6.52215162735937,0.846535572126207,0.368746149598473,0.608538295678296,"C01B10.3"
-0.242648933532909,4.00621198729822,0.846154843234206,0.36885391956834,0.608538295678296,"C02D5.2"
-0.121578782581562,8.97377206522997,0.845477487872948,0.369039248022307,0.608538295678296,"cpna-2"
-0.105117243919803,7.33351598196553,0.845473761850651,0.369040332259791,0.608538295678296,"srpa-72"
0.142151227879019,5.47271575741541,0.84539880662664,0.369061342332002,0.608538295678296,"tag-250"
0.337114481756626,3.22751748113592,0.845347502760353,0.369085689540314,0.608538295678296,"nas-39"
0.0901408428051537,9.09598115449471,0.845304266892903,0.369087279019422,0.608538295678296,"lea-1"
-0.220460864752877,4.49690277850536,0.845189804605978,0.369120124687105,0.608538295678296,"R07E4.1"
0.264342258768967,3.9660748500385,0.844625489147824,0.369278077835479,0.608685834266823,"npr-29"
-0.112152163811514,6.46667798063374,0.844029894346793,0.369441019184914,0.608816147501455,"oat-1"
-0.235690279087948,4.23642940360714,0.843670154672285,0.369542483046782,0.608816147501455,"use-1"
-0.216197234250534,5.35501584958508,0.84359319772376,0.369562563048628,0.608816147501455,"clec-52"
-0.254153631900061,3.86463857075452,0.843100620334898,0.369702121451048,0.608872531445411,"Y48E1C.1"
-0.342631986548794,3.42574082886803,0.843001626978543,0.36973375292698,0.608872531445411,"F33E11.3"
-0.230733508799389,4.19035509670085,0.842349585064705,0.369909730713811,0.608966983762873,"lin-56"
0.2934808528624,3.61604692482247,0.84195782233501,0.370021602593628,0.608966983762873,"cas-2"
0.0887762452731091,7.92008542065841,0.841911320064453,0.370029933758222,0.608966983762873,"test-1"
-0.138043007238822,6.02965115391934,0.841596868329208,0.370117609876188,0.608966983762873,"dhrs-4"
0.166871676449936,5.47390525311284,0.841540036338297,0.370133571055513,0.608966983762873,"pals-23"
0.101490263884511,7.06489985947869,0.841253693578375,0.370213105690023,0.608985147583717,"hum-8"
-0.161022424114525,5.60872792534378,0.840769259664288,0.370348242478898,0.609094750995168,"F01F1.15"
-0.264105582038159,3.8177557548973,0.839987092493792,0.370569389448508,0.6093026004783,"ari-1.3"
-0.220232149485079,4.22879062853306,0.839829579820189,0.370611681856557,0.6093026004783,"ssup-72"
0.152207966722134,6.09815360296083,0.839575609022751,0.3706810240027,0.609303934998708,"ZK265.7"
0.298423949396704,3.42710808844172,0.837294047044142,0.37132503635254,0.610088127849921,"tag-51"
0.169183328162641,5.34401816377322,0.837167035181379,0.371354263536718,0.610088127849921,"trpp-5"
-0.0855106099170856,9.37026831482046,0.837131144178426,0.37136395770147,0.610088127849921,"lec-6"
0.0966942998805616,8.77521305065801,0.835723204288681,0.371758220397178,0.610597609169218,"clec-265"
-0.131671801015834,8.3157370546162,0.835533350350548,0.371811433589264,0.610597609169218,"Y39B6A.1"
-0.0848325017778973,8.51993400337027,0.835083795269439,0.371937475393985,0.610611930947032,"got-1.2"
0.116463229488368,6.43143350011095,0.834732095727914,0.372036222384838,0.610611930947032,"vps-34"
0.128275790553956,6.07772962028572,0.834622332345376,0.372067054744591,0.610611930947032,"plx-1"
0.156599977999342,5.41864423612427,0.834523852295014,0.372094864680128,0.610611930947032,"K10D6.4"
0.0897215625004329,8.25759780260038,0.834002902326736,0.372240785468505,0.610738664624558,"vha-3"
0.135996684365978,5.67961746903506,0.832193130149179,0.372749634077719,0.611460700476937,"Y4C6B.7"
-0.10651539182962,6.85959796319651,0.831749049376921,0.372874473930365,0.611507180237673,"eif-2Bepsilon"
0.113547202698607,6.347223273571,0.831603323683259,0.372915524828328,0.611507180237673,"plpp-1.1"
0.160497219560713,5.24528478132182,0.83044738793882,0.373241439897306,0.611928755693702,"F32D8.5"
0.227020022489012,4.16349177877459,0.829523725452569,0.373503335217911,0.612149310364777,"rab-37"
-0.0910523862108398,8.20915046145987,0.829402754186933,0.373535687674069,0.612149310364777,"rps-30"
0.138115740508542,5.87198068121238,0.829079429257308,0.373627109870256,0.612149310364777,"mrpl-14"
-0.229476511659188,3.97550049196015,0.828796865522044,0.373709215832881,0.612149310364777,"nmat-2"
-0.122795346721038,6.47469211088876,0.828749437993925,0.373720217822519,0.612149310364777,"exos-9"
-0.194435986855092,4.79907956689138,0.828097422436846,0.373905033287541,0.612339224711646,"magu-3"
-0.103464673899566,6.75270229095579,0.827211785335171,0.37415482321316,0.612385062072964,"plc-4"
0.223759224968585,4.05838191512079,0.827057603129769,0.374200471681152,0.612385062072964,"rev-1"
0.137249317893917,5.70711186017019,0.826714553381607,0.374295640890553,0.612385062072964,"wdfy-2"
0.172729331898537,5.03616840842391,0.826619839299828,0.374322767094207,0.612385062072964,"klu-1"
0.0721881394153868,11.1059494905869,0.826426295132064,0.374377049415658,0.612385062072964,"ost-1"
-0.278563465912542,3.53141687612611,0.826419592935586,0.374384493986939,0.612385062072964,"gst-41"
-0.107731940100893,6.75741536903513,0.826291986241741,0.374415161109958,0.612385062072964,"mrpl-41"
0.368329024457985,3.11841364831711,0.825948528916546,0.374525772264395,0.612430116552962,"rev-3"
-0.258028392688292,3.73320827881091,0.825721485104481,0.374580471692162,0.612430116552962,"R08B4.3"
-0.208929683600616,4.76640333593113,0.825320167284579,0.374691172893669,0.612498477329953,"gly-19"
0.177105628260854,5.02757623027818,0.824839925077718,0.374827127404544,0.612582744482637,"mpk-2"
-0.209859726657455,4.7269707896503,0.824652635884991,0.374880521058377,0.612582744482637,"cln-3.1"
-0.301407107698861,3.44225378681818,0.824402358610601,0.374957431850881,0.612595833624804,"W06H8.2"
0.126017911349468,6.30214726880906,0.822971562970207,0.37535721039786,0.613136314100197,"acl-1"
0.0772602338539405,8.82193106359016,0.822612340828471,0.375459225230738,0.613161740840257,"nuo-5"
-0.188196051804814,5.00311167777744,0.822433202102233,0.375510705081003,0.613161740840257,"unc-101"
0.157724054263069,5.33327367273633,0.821849925773349,0.375676452024026,0.613258200902651,"C27F2.10"
-0.143231557381942,6.18104865400143,0.821739227065913,0.375707729199949,0.613258200902651,"T23G5.2"
0.312053333651296,3.68059898608476,0.820719135505513,0.376002176873717,0.613439649798852,"F28B3.6"
0.243707881604814,4.06690006224864,0.820215549611304,0.376143718685762,0.613439649798852,"sinh-1"
-0.143511974432689,5.50913244920504,0.820078312201423,0.376181037482265,0.613439649798852,"ensa-1"
0.11588555920571,6.65590306681172,0.820045244419264,0.376190286768813,0.613439649798852,"tufm-2"
-0.14072048244528,6.09718747886104,0.819950663622697,0.376217305630943,0.613439649798852,"sel-5"
0.0962915319834621,7.23206605742098,0.81989585228403,0.376232865859087,0.613439649798852,"itsn-1"
0.222557708557876,4.39712770320173,0.818472678816977,0.376640255627218,0.613991293139273,"T14B4.3"
-0.122160222327493,6.06719673726233,0.817976441234702,0.376780950153148,0.614108052761071,"Y105E8A.3"
-0.157979782359014,5.17296609405244,0.817604620986891,0.376887541242818,0.614125218488255,"cdk-5"
0.162818452337992,5.2380658629608,0.817457292758102,0.376929627408661,0.614125218488255,"C15C7.7"
0.234381655379979,4.41992818070061,0.816260069166023,0.377273040614606,0.614497850523664,"T17H7.7"
-0.133401688121259,5.79159292906175,0.816174385076403,0.377296565741613,0.614497850523664,"algn-5"
0.11911075967574,6.29336682620009,0.815654939717039,0.377445301766246,0.614627505128882,"pnn-1"
0.128253538821201,6.24559249605123,0.815260934873146,0.377558236339576,0.614671292172679,"mrpl-13"
-0.174954712683175,5.45649185608119,0.815079379839703,0.377610459773611,0.614671292172679,"F43D2.6"
0.237334165263808,3.95523706201163,0.81427788620238,0.377842583182694,0.614820193698302,"C09G1.4"
0.140703338042765,5.69928984435618,0.813937665678879,0.377937957228574,0.614820193698302,"Y48A6C.4"
-0.186103091626088,4.73340665297107,0.813846235390003,0.377964780110918,0.614820193698302,"M142.5"
-0.104879682559518,6.61238778476701,0.813519701586189,0.378057878156167,0.614820193698302,"C29F5.1"
-0.108871007109564,6.99396453837366,0.813490039809764,0.378066378858321,0.614820193698302,"tfg-1"
0.169823139863707,5.03525612594405,0.813315917987393,0.378116839404152,0.614820193698302,"nhr-20"
0.146345975174066,6.01377593085209,0.812589802082816,0.378325177960651,0.615046472343783,"cyn-4"
0.130372408035799,6.75648259141044,0.81177500993195,0.378559506781848,0.615314913125669,"pgp-10"
-0.18449320893709,4.82473602753563,0.809747505713459,0.379144289202947,0.616140758925841,"F08G2.4"
0.189735761300685,4.64090809022739,0.809533571513027,0.379206189724688,0.616140758925841,"Y119C1A.1"
0.111061172534399,6.36643062540716,0.808538962526545,0.379492566602901,0.616405719794024,"Y47D3A.21"
0.142881296164164,5.52699005494429,0.808486318541424,0.37950791926133,0.616405719794024,"Y55B1AR.2"
-0.180041692039783,4.83552818091582,0.808167803391356,0.379600360852127,0.616431168130337,"R08A2.7"
-0.160772665735685,5.11259887007206,0.807952959055939,0.379662251342,0.616431168130337,"R02F11.2"
-0.129902885873903,6.31913042333101,0.807522203423351,0.379786430419601,0.616520203187999,"F07C6.4"
0.148877274965308,5.54024732768766,0.806545786862852,0.380069082181417,0.616630814626848,"unc-9"
0.21235036381412,4.4247862274184,0.806194477587007,0.380171734245282,0.616630814626848,"taf-2"
0.16564939684425,5.3120994713589,0.805428976609915,0.380392710212289,0.616630814626848,"ttll-4"
0.297680641909016,3.58681169972253,0.805404234189986,0.380404306933604,0.616630814626848,"K10G9.2"
-0.201771585792186,4.5022116452443,0.805177594457225,0.380466294450741,0.616630814626848,"Y47G6A.7"
0.0965967690606694,7.60511881879092,0.804924405992653,0.380538663703279,0.616630814626848,"rpl-36"
-0.317573618702704,3.3812127255415,0.804813463020087,0.380578383559074,0.616630814626848,"ubc-19"
-0.141467769997208,5.66713479974091,0.804603246380059,0.380632018686728,0.616630814626848,"cyn-16"
-0.126247052462766,8.47474918537857,0.804591331094604,0.38063527424195,0.616630814626848,"sma-1"
-0.12746475927691,6.23741503714126,0.804561587157861,0.380644015966531,0.616630814626848,"H19N07.3"
0.125640378176709,6.11778241082521,0.804237307580874,0.380738133923743,0.616630814626848,"nlp-11"
0.357447098829815,3.31500492448316,0.804211345997653,0.380753955779978,0.616630814626848,"fbxa-95"
0.119868744191294,7.27539095610923,0.804174886585617,0.3807561772918,0.616630814626848,"somi-1"
0.140484164540446,5.63291511866642,0.803768274940004,0.3808743909177,0.61670992708965,"F32D8.14"
-0.285761002005055,3.72220040961916,0.803200835909099,0.381042856749719,0.616870364049846,"C49C3.7"
-0.185791243063858,4.99012763376877,0.802547911417574,0.381229363800344,0.61694384852471,"pnk-4"
0.108875282804221,7.19570912048301,0.802475542832164,0.381249929548441,0.61694384852471,"aqp-4"
-0.222344317921988,4.20858395460294,0.802321227676714,0.381296417460722,0.61694384852471,"C24B5.1"
-0.0753055587203037,10.2910692462308,0.801899732984498,0.381417384020198,0.617027285539224,"tni-1"
0.209350496215456,4.19203647420071,0.801305860011207,0.381591942629119,0.61719737346107,"rabs-5"
-0.131854765033513,5.84787084346302,0.800947093928525,0.38169493403511,0.617251665788679,"hir-1"
0.143572811170763,5.50153313433809,0.799289481876499,0.38217838659569,0.617816779731285,"T23B3.2"
0.163485842772074,5.68350814421733,0.799272235152289,0.382183363909804,0.617816779731285,"vps-18"
-0.128314723571416,5.9169969770135,0.798977559120361,0.382269346037902,0.617843438578983,"uba-5"
0.145154372755092,5.61221789551116,0.79819801223442,0.382497116948355,0.618099212429629,"F35E12.10"
0.177094334143475,4.77154094747845,0.79742451095754,0.38272375709383,0.618353066385834,"mre-11"
-0.231275601475157,4.48822539176164,0.796959348341845,0.38286022464831,0.618369179244819,"Y105E8B.7"
0.176893994285738,4.96157561439174,0.796690044481005,0.382938513737229,0.618369179244819,"Y45G12B.2"
-0.10486182528341,6.9185347657775,0.796675195164141,0.382942380038463,0.618369179244819,"mag-1"
0.139047943206708,5.74743584486584,0.795538789156604,0.383275378045624,0.618794513565216,"F14B6.2"
-0.162620098982043,4.88754638286356,0.794716350856341,0.383516993000518,0.619019270964011,"lsm-8"
-0.159299552746194,5.1290747231693,0.794587925042371,0.38355451213494,0.619019270964011,"cup-14"
-0.186610779817431,4.92948311143955,0.794353438101567,0.383623460017062,0.619019270964011,"D1007.5"
-0.090289956434578,7.78691789728177,0.793853556710348,0.383769648461112,0.619142795221874,"gsnl-1"
0.0996136142062142,6.91745650507752,0.793480116562874,0.383879405308388,0.619207509542249,"swsn-7"
-0.0908605430946165,7.58315970625761,0.792942575697058,0.384037339409016,0.619220890729658,"Y41D4A.4"
0.217745387642401,4.2539772787862,0.792905898523315,0.384049606691054,0.619220890729658,"nhr-65"
0.0985258409190308,7.32455383877552,0.792740976615097,0.384096638440452,0.619220890729658,"kdin-1"
0.0936392728663172,8.01473597878864,0.792266579973524,0.38423612751613,0.619287770423083,"pkg-2"
-0.0739600273635158,9.83425372187117,0.792126186116499,0.384277429920611,0.619287770423083,"dim-1"
-0.137941086590495,6.507935649813,0.791260780495316,0.384532297646313,0.619586201227505,"F25B4.5"
0.131306157229639,6.01872958132388,0.790177388931411,0.384851650065117,0.619954943057546,"esyt-2"
-0.197558394979459,4.41839813641037,0.790014958156496,0.384900605744872,0.619954943057546,"Y52E8A.3"
0.199447355571067,4.51598565147978,0.789729020091408,0.38498478362854,0.619978022485307,"xpa-1"
0.274334657881552,3.74723407180633,0.789501611149604,0.385054396599243,0.619978022485307,"W09G3.1"
-0.139723782352056,5.49929854113537,0.789233558024031,0.385130265995859,0.619987904213142,"Y69A2AR.28"
0.119736401174836,6.31067981348856,0.787711031214689,0.38557998633536,0.62059950371247,"rsr-1"
-0.125229263248515,5.78749599271742,0.787001459371023,0.385789990617689,0.620653611272956,"sqv-4"
0.257031375474404,3.65601510243148,0.786947395997293,0.385809907221595,0.620653611272956,"mdt-1.2"
0.0987352567451716,6.848289186688,0.786810157699461,0.385846513852513,0.620653611272956,"ddx-23"
-0.199800399781344,4.48814957213914,0.786657085223615,0.385892831303217,0.620653611272956,"col-169"
0.133560150998169,5.97673749159908,0.786210896058052,0.386024052308734,0.62075236915843,"T24B1.1"
0.259754785983856,4.11572474585633,0.785702903719113,0.386176317887862,0.620884926282275,"F54A3.6"
0.0753016954641907,9.23288640655995,0.782780177514344,0.387042232930609,0.622031830644368,"F19C7.1"
0.180585780550358,4.79656483189569,0.782756671478062,0.387049903015746,0.622031830644368,"rgl-1"
-0.0924720735263503,7.69020492155346,0.78258749937155,0.387099552238813,0.622031830644368,"let-363"
0.0978957000895682,7.01098713842441,0.781571487138395,0.38740202138017,0.622207731800945,"txl-1"
0.0971020746818472,6.99119547382309,0.781478483636746,0.387429721852416,0.622207731800945,"nep-2"
0.114015943930125,6.21486095380963,0.781341461251335,0.387470583909797,0.622207731800945,"F13B12.1"
-0.109591879097054,6.72847405568725,0.781279712547747,0.387488945110992,0.622207731800945,"ani-1"
0.0745897792444813,9.34141981195576,0.780712251364512,0.387657978751515,0.62235563739063,"vha-16"
0.118604428421205,6.27806555801702,0.780501061038347,0.387721052244596,0.62235563739063,"Y119D3B.12"
-0.146012060984737,5.21447037274171,0.780001924875093,0.387870223864822,0.622372601264525,"row-1"
0.149394554850016,5.24895519354136,0.779997153332504,0.387871621145735,0.622372601264525,"cfz-2"
-0.186546749457061,4.64887063277725,0.779264138396026,0.38809088083388,0.622612057288709,"kel-8"
0.133942839056182,5.58843149464873,0.778468594156441,0.388327920325244,0.62287994580764,"mdt-29"
0.275040799595905,3.54747991870463,0.77783664884833,0.388521682480644,0.623072170578053,"Y57A10A.8"
0.116831431010415,6.7557312575025,0.77752856906636,0.388608886966989,0.623072170578053,"M01E5.3"
0.172191197907286,4.95069809161677,0.777191936530337,0.388710102478402,0.623072170578053,"flp-13"
0.147521293456085,6.56512221225215,0.777130342124612,0.388728076728878,0.623072170578053,"ZC247.1"
0.207324655718001,4.6812340551294,0.776876186877692,0.388804872884026,0.623082935258088,"eor-2"
0.10493902370985,6.83407691713672,0.776410190112424,0.388943721124299,0.623193120294853,"mecr-1"
-0.160289970564971,5.05661878478718,0.77565302032396,0.389171072308937,0.623368949647783,"B0228.1"
-0.202308818935046,4.47428915650202,0.775579610929899,0.389193683443352,0.623368949647783,"mdt-22"
0.125476306078172,5.98369758377643,0.77492778891728,0.389388280672223,0.623524334666284,"C26B2.7"
0.178776795432611,4.8948560372038,0.774787090353918,0.389430956068145,0.623524334666284,"C03H5.5"
0.220229214745565,4.09885636748359,0.774033772007099,0.389658472441907,0.623776283485955,"C31E10.6"
-0.304799428678065,3.86307407836548,0.773421932093204,0.389843378094727,0.623959941429382,"rga-9"
-0.157826677101538,5.413581196916,0.773059708152181,0.389949647240252,0.624017695034752,"sgn-1"
0.106532066099128,6.84769066820421,0.772540061349931,0.390105751235755,0.624153766516141,"cua-1"
-0.279947732903205,3.53072247003479,0.772327265122875,0.390175079776933,0.624153766516141,"lys-3"
0.180758506993709,4.70687378417762,0.770398177907982,0.390751785828567,0.624886151667751,"lev-10"
0.0860309160120203,7.63952900029632,0.770323778944634,0.390773479166876,0.624886151667751,"saeg-1"
0.170769537815554,5.10979683634381,0.770013440396853,0.390867563403315,0.624924205398107,"R13D11.4"
0.150000969524171,5.35807420635908,0.769704800856234,0.390960606978465,0.624960581921168,"del-10"
0.157940173561757,5.19754081546079,0.769296935752733,0.391083851426499,0.625045213559771,"Y39A3CL.4"
0.274457358013881,3.54749163182364,0.768892021880657,0.391210785719126,0.62512603337553,"arrd-22"
0.223054587118576,4.36110213621174,0.768667043675808,0.391275039448299,0.62512603337553,"C10G11.6"
-0.244892422309836,4.21889195162872,0.768053192569754,0.391461006177003,0.62525663045095,"emre-1"
0.0913058622035899,7.60845416685848,0.767861310040176,0.391517455843068,0.62525663045095,"idhg-2"
0.150648402157474,5.10692872941691,0.767696526558512,0.391567755972431,0.62525663045095,"algn-9"
0.231991811155994,4.01838821617793,0.76733901260113,0.391677692797658,0.625316892228777,"T19D7.7"
-0.199748698779006,5.11706537028729,0.767107196512473,0.39174615788036,0.625316892228777,"W02F12.2"
0.360970392771712,3.31311820452968,0.766194124644127,0.39203058366641,0.625520633088472,"gst-22"
-0.276670435034454,3.39556663933343,0.765972195141819,0.392096636975811,0.625520633088472,"frm-5.1"
-0.0841968481205875,8.57851661879436,0.765879996459314,0.392117594555532,0.625520633088472,"H34I24.2"
0.223624871049497,4.36367322458065,0.765760076756425,0.392155214130597,0.625520633088472,"Y43F8B.11"
0.0819908618413241,9.64586527427324,0.76510968834336,0.392351293474531,0.625721139064046,"ZC412.3"
-0.16071726492533,4.97031611605294,0.764659394519399,0.392488542364991,0.625807850042108,"K02E11.3"
0.202774008459036,4.35582550932098,0.764141654701736,0.392646541893074,0.625807850042108,"gcy-18"
0.105047898659365,7.09648090473999,0.763731967841351,0.392769858761435,0.625807850042108,"cars-1"
0.117720444025073,6.09130817884905,0.763622607999405,0.392803171844277,0.625807850042108,"F08D12.3"
-0.122997212152015,6.18658183271995,0.763616844554355,0.392804913036592,0.625807850042108,"rbm-26"
0.27584882188419,3.69450889518416,0.763553021489241,0.39282798460072,0.625807850042108,"H06I04.1"
0.157721082844874,5.01679007079278,0.763009112962534,0.392990143159219,0.625910488417027,"C06A1.2"
0.125213803795272,5.86300901330526,0.762844313666691,0.393039948631891,0.625910488417027,"fahd-1"
-0.144660827468356,6.06175878421488,0.762438136632607,0.39316355850943,0.625910488417027,"F33G12.6"
0.278757464980602,3.51715282335293,0.762420736099453,0.393174004927353,0.625910488417027,"gem-4"
-0.264316473007823,3.70946178707338,0.760922480489449,0.393629085517689,0.626522771095197,"orc-5"
0.162934958396247,5.23688765253196,0.760445747037599,0.393771117093515,0.626609327040078,"ZC8.6"
-0.221765623990895,4.41309773388464,0.760130584091288,0.393868117560903,0.626609327040078,"C08G5.7"
0.309771587203884,3.17369391208193,0.759907207483964,0.393946131949535,0.626609327040078,"C45G7.4"
0.111376202607739,6.21186327251211,0.759808567161792,0.393965373766059,0.626609327040078,"F28C6.8"
0.169733248620378,5.08581100128566,0.759492400879482,0.394062294976774,0.626635545309812,"F31C3.3"
0.104286319939624,7.15763269826401,0.758972677838209,0.394220724307264,0.626635545309812,"F13C5.2"
0.146191116671441,5.708266356254,0.758441844821482,0.394383173035679,0.626635545309812,"B0361.6"
0.127323778798954,5.91423278546835,0.758428569351342,0.394387199380087,0.626635545309812,"Y71H2B.2"
0.217135489806091,4.11810566149543,0.758418103334627,0.394392079813075,0.626635545309812,"F26A3.7"
-0.122562568449815,6.17332730916928,0.758341428212169,0.394413821468925,0.626635545309812,"kin-4"
0.153998392164317,5.27193301443561,0.758141555256663,0.394475216184796,0.626635545309812,"pry-1"
-0.216768087451539,4.44176777966878,0.757500586433635,0.394672186460853,0.626836443341093,"Y87G2A.2"
0.25773997121167,3.81736716693829,0.756130080098818,0.395094112237789,0.627377561223365,"nhr-55"
-0.0950591716601621,7.27804616390078,0.755925068481924,0.395154014492278,0.627377561223365,"mrps-15"
0.0988159045974733,7.48635159665261,0.755248677193238,0.395361577167476,0.627595033493309,"daf-2"
0.150431237345873,5.51852491175502,0.753933320906076,0.395765943749813,0.627928549416351,"Y53F4B.21"
-0.181512482702436,4.52459793611719,0.753929231324044,0.395767948810428,0.627928549416351,"ttx-1"
-0.322880318692981,3.37752853788274,0.753899176296493,0.395783555385135,0.627928549416351,"K01A11.1"
0.076530688581372,8.35804257945516,0.753241781994814,0.395978437763077,0.628020872026718,"mct-6"
-0.105039794703673,6.43335166280381,0.753054325446257,0.396036223895215,0.628020872026718,"Y67D8A.2"
-0.067984740236902,10.0506446263728,0.752997398446955,0.396053653070949,0.628020872026718,"mdh-2"
0.107305175442972,6.60822745345575,0.752542129343996,0.396193922399332,0.628072323726439,"lpd-9"
-0.0839877028844482,8.72575035610169,0.752218087489842,0.396293662978425,0.628072323726439,"sdha-1"
-0.104826406919669,6.78770826451407,0.752149035628678,0.396315012567678,0.628072323726439,"lntl-1"
0.227500712299015,4.51490486654666,0.751745033631588,0.396440447426154,0.628072323726439,"glo-3"
0.149553448989149,5.13502232839813,0.751649491708343,0.396469341987366,0.628072323726439,"rpb-10"
0.216336421074984,4.11569655418576,0.75152233432164,0.396509948608312,0.628072323726439,"F27E5.9"
0.127325616785792,5.73450022009369,0.751115829404743,0.396633682131636,0.628156406810184,"M01E11.2"
0.366060457375648,2.93163115363413,0.750235381412712,0.396925285149129,0.62843804006602,"C06A5.6"
0.155197739625889,5.18907470045634,0.750082552851312,0.396952877405328,0.62843804006602,"nlp-9"
-0.174569328963578,4.72760939543529,0.749841290530175,0.397027746931138,0.628444667609889,"fox-1"
0.143017635721015,5.55667731816745,0.749541715662791,0.39711981540923,0.628478511712969,"B0495.8"
-0.256066199998834,3.86628277976538,0.749084477669347,0.39726376934902,0.628594442655657,"F41G3.18"
0.10967927743026,7.25981487925251,0.747994918688751,0.397598165977148,0.629011618096588,"sqd-1"
-0.129437332846706,5.91903561206174,0.746755791204391,0.397982226910228,0.629507201469283,"nhr-48"
0.356808188958778,3.70958186381033,0.746475646157362,0.398072695650617,0.629538302566637,"R09E12.9"
-0.214174679406361,4.14554356590097,0.745898000503146,0.39824997200191,0.629706651443887,"C23F12.4"
0.0819434784543777,9.03559217319835,0.745527354414121,0.398363287264758,0.629716254324083,"Y32F6A.5"
0.104812145859176,6.54765449306723,0.745416834999699,0.398397697736247,0.629716254324083,"soap-1"
0.221123078723373,4.09691741488499,0.744613195996291,0.398649194059656,0.630001774686171,"coa-1"
0.0764728046261765,8.60897495673586,0.744276509630676,0.398752017596423,0.630028149531898,"Y34B4A.6"
0.229468860999719,4.62049262786672,0.74379012638965,0.398904172671415,0.630028149531898,"trpa-2"
-0.154399634086953,5.59927715220507,0.743398137209225,0.399025551626367,0.630028149531898,"gfat-1"
0.127595492551185,6.09102353239215,0.74331979149341,0.399049850220826,0.630028149531898,"nrd-1"
-0.216206851211937,4.35394425739343,0.743048652655545,0.399135432597442,0.630028149531898,"vps-8"
-0.140313137463595,5.63412239358148,0.742989873324619,0.399152668067251,0.630028149531898,"Y50D4B.1"
-0.114831231857584,6.07546693067621,0.742959955626624,0.399161912755953,0.630028149531898,"lron-3"
-0.155100917531186,5.39724563219055,0.741997080660548,0.399462172227701,0.630390162100904,"F16H6.10"
0.168947583137563,5.01520341518247,0.741681963720627,0.3995606555828,0.630433680352559,"gkow-1"
-0.17035895046706,4.93813224855286,0.741200038004253,0.399711095736037,0.630559140068476,"K05F1.10"
-0.089759526164238,8.45039323410121,0.740971104677729,0.399782012435721,0.630559140068476,"F36A2.7"
0.0961324461741468,7.01263446327092,0.739534862944416,0.400230873980076,0.631155143766736,"adr-1"
0.233861407973538,3.97482427162484,0.738371009945088,0.400597329920152,0.631621007327553,"F13E6.2"
-0.0935949567060027,6.94842155592489,0.737821920771872,0.400767138263361,0.6317767067907,"soc-2"
0.238696952367595,3.97709338196738,0.737547372042942,0.400855393681275,0.631803812306368,"phf-30"
0.134317513285779,5.46805511160895,0.736982149885313,0.40103063281114,0.631865265178808,"par-6"
0.086726027529479,10.00758756739,0.736962552766959,0.401036519109663,0.631865265178808,"alh-8"
-0.0983042844705242,7.24055482489594,0.735220770443118,0.401583540598261,0.632510735838936,"sdz-24"
0.168572616538053,5.11744448008516,0.735206282276165,0.401588471916634,0.632510735838936,"mrps-18.C"
0.170232140057176,4.98292059453598,0.733979071268447,0.401974612334768,0.632813761877001,"F54B11.9"
0.0990828049641875,6.67212991827031,0.733948487417414,0.401983807031694,0.632813761877001,"hmg-5"
-0.171580209682995,4.77617573962994,0.733916786141824,0.401994390628872,0.632813761877001,"lgc-30"
-0.117464334419145,6.38520103860745,0.733610269867563,0.402090325267057,0.632852731801983,"Y53H1B.2"
-0.28727323664392,3.60365265290501,0.732919013026104,0.402312582073453,0.633020272433743,"ntc-1"
-0.124718300643512,6.08385246558261,0.732820629589392,0.402339169893497,0.633020272433743,"ndg-4"
-0.159956836229894,5.34475403025362,0.731226317553021,0.402842443120258,0.633660606091971,"szy-20"
-0.150708235106007,5.10670076569217,0.731080272355779,0.402888697136195,0.633660606091971,"vacl-14"
-0.120366310848853,6.0373637153481,0.730810017068831,0.402973774927099,0.633682319221231,"ech-2"
0.210400380977519,3.98637213254795,0.729521494355218,0.403383356043711,0.634214220793038,"gst-11"
0.0944707977269671,6.86341099167563,0.729000277963006,0.403546210994722,0.634358090868825,"F13C5.5"
0.2016040133235,4.24639285147976,0.728676785607939,0.403650062667343,0.634409175742505,"pqn-88"
-0.227709842441232,4.08607321769896,0.727396724233061,0.404056363736974,0.63493551254603,"twk-39"
0.198104150922891,4.57277479257914,0.72714723495631,0.404134513013606,0.634946095635972,"mes-3"
-0.198680004385208,4.34562070917059,0.726477315308956,0.40434759908297,0.634978308448609,"mdt-27"
0.161791942174433,5.21671037740702,0.72642026753039,0.404364832663296,0.634978308448609,"mrpl-53"
-0.139200111662643,5.33802045874438,0.726406103293902,0.404369270322351,0.634978308448609,"set-17"
-0.149344095723544,5.52227984108173,0.726038428884063,0.404486018052613,0.635049476691821,"C40H1.7"
0.156906532522029,4.99477756355592,0.724976776654982,0.404823889106984,0.635467725644455,"moc-3"
-0.110423826461198,7.24846930399659,0.724548746781963,0.404959682793487,0.635568674266,"did-2"
0.136944251851577,5.33900616157519,0.724145195054871,0.405088461131707,0.635658578877869,"exc-7"
0.159661306974867,5.44585924966787,0.723888490549623,0.405170190088387,0.635674635623054,"tbca-1"
-0.165391760911027,5.57184385416624,0.722700929802065,0.40554880367241,0.636022674372106,"unc-33"
-0.281337756507368,3.83086170024551,0.722678261918567,0.405558792404737,0.636022674372106,"arp-6"
-0.137809626327578,6.15689096409398,0.721730529238184,0.405858503918769,0.636022674372106,"hpk-1"
-0.0730753797786843,8.59009635303538,0.72146586284544,0.405942951090593,0.636022674372106,"itx-1"
0.228326592666371,4.01853714281654,0.721262586934804,0.406010015579378,0.636022674372106,"T07F12.1"
0.0726620488118142,10.9547137264504,0.721042879818482,0.406078147712394,0.636022674372106,"F41C3.5"
-0.198150802162592,5.07304249657872,0.721042589859356,0.406078701724137,0.636022674372106,"C24H10.1"
0.158052824216695,5.50175117837468,0.721000776607688,0.406091850414249,0.636022674372106,"nhr-69"
0.184775406976066,4.55484671387494,0.720873414162113,0.406133244115264,0.636022674372106,"W04A8.6"
0.183841445841158,4.42801930495075,0.720744635697699,0.406174613019216,0.636022674372106,"ptp-4"
0.117778605597198,6.02450387411208,0.720728171299994,0.406178916329414,0.636022674372106,"pmk-1"
0.300862415689818,3.21045947985034,0.719558030036979,0.406563079007131,0.636512121051664,"trp-4"
0.12371268647229,5.99671893245124,0.7187002391439,0.406828314238408,0.636815236248889,"Y97E10AR.1"
0.14509167221583,5.37690887705005,0.718407026657168,0.406922511513598,0.636850563257772,"dylt-1"
-0.111956526026634,7.15641721474867,0.7180574970067,0.407034389383727,0.636913543824484,"Y56A3A.7"
0.189985062224934,4.34782319991617,0.716980484287635,0.407381361913771,0.637280474099031,"bar-1"
-0.25602492847335,3.98573421633555,0.716749274784262,0.407456697450795,0.637280474099031,"rga-2"
0.176190372344603,4.66156989958518,0.716648251034023,0.407487668467796,0.637280474099031,"pqn-96"
0.277862698436477,3.51761641982677,0.716450383807713,0.407555592816004,0.637280474099031,"F45E1.5"
-0.156607234539152,4.92062826701676,0.715720592133833,0.407785767435704,0.637427140466698,"B0454.6"
-0.287942861064123,3.62951448656985,0.715710371603706,0.407792776400245,0.637427140466698,"ndfl-4"
0.291191858994546,3.6455743655954,0.715096274753785,0.407990167813363,0.637551610251856,"twk-17"
0.216567038149503,4.269063187016,0.715008538659893,0.40801582075504,0.637551610251856,"tag-280"
-0.0741497508723505,8.39552063170925,0.713722322943425,0.408428969977527,0.637910366797888,"eif-3.B"
-0.119767076122148,6.17848141813108,0.713710292394857,0.408432960161771,0.637910366797888,"toca-1"
0.0693127539018245,11.0687390521452,0.713624071157545,0.408460658888806,0.637910366797888,"ant-1.1"
-0.179783050092462,4.53896197568583,0.712984651538211,0.408667944058187,0.637977546685342,"nbet-1"
-0.150420489406604,5.03190031115137,0.712876483217315,0.408702405884786,0.637977546685342,"sqv-5"
0.108943166106719,6.93457249522751,0.712823993313912,0.40871894116744,0.637977546685342,"ugt-9"
0.205495794609653,4.78882761027847,0.712476737942657,0.408831680077743,0.638041507384801,"Y105E8A.14"
0.0950332668115351,6.78742850461129,0.711882927257978,0.409022985457775,0.638065277076096,"cpsf-1"
0.0725421296839558,9.39027873703018,0.711514957649469,0.409141890781505,0.638065277076096,"haf-4"
-0.0731389652599752,8.80764583354032,0.711233289386336,0.409233000660026,0.638065277076096,"sdhb-1"
0.142459673778303,5.23706639345691,0.710650132213765,0.409422088575626,0.638065277076096,"ttc-7"
0.102581386325986,6.38341245036217,0.710467120819747,0.409481075927397,0.638065277076096,"C35A5.3"
-0.115735481096084,6.06450221762662,0.710408971703971,0.409499939127485,0.638065277076096,"Y43F4B.7"
0.0731293692368969,11.628447678078,0.710302683045563,0.40953423461898,0.638065277076096,"unc-15"
0.131906787532306,6.1756492256308,0.710196147341482,0.409568854452821,0.638065277076096,"ZK795.3"
-0.0929642044550017,7.55087178302104,0.710112760650264,0.409595778646612,0.638065277076096,"nucb-1"
-0.189352295251656,4.28891229664054,0.709874207118087,0.40967441297244,0.638065277076096,"gap-1"
0.0719068870793243,9.81122546706018,0.709690206763967,0.409732678096475,0.638065277076096,"unc-27"
-0.148384550979896,5.23573344615969,0.709655122301963,0.409744422242818,0.638065277076096,"mog-3"
0.152185575715117,5.1685069215422,0.709545885414769,0.409779859645092,0.638065277076096,"cha-1"
-0.167493987522251,5.07143932775273,0.709165430082036,0.409903278811509,0.638145692858191,"parg-1"
0.123727278405129,5.85632822048166,0.707930788334964,0.410303704788469,0.638585426886452,"cyk-3"
0.217080184404287,4.13710267791959,0.707669769161041,0.410390057678063,0.638585426886452,"oac-59"
0.186296508974892,4.37967932906627,0.707633782824112,0.41040120675168,0.638585426886452,"Y37H9A.1"
0.0886758896518428,9.0090359963448,0.706276241584689,0.410841512239265,0.639048206627323,"unc-44"
0.170004722919322,5.05757934003009,0.706274995147763,0.410842374207826,0.639048206627323,"C01G10.9"
-0.0935739718020379,8.0826923354663,0.705326640260085,0.411150758482578,0.639343544015135,"chd-7"
-0.200644975162508,4.11620571423347,0.705130197235392,0.411216550510127,0.639343544015135,"dop-2"
-0.164792167985751,4.77674605134442,0.705030375860631,0.411247973031443,0.639343544015135,"Y65B4A.8"
-0.169201190019181,4.60785597951751,0.703570796296409,0.411724336890527,0.639776655084187,"clh-2"
0.1100100676243,6.56304400264241,0.703559449182561,0.411727283748289,0.639776655084187,"patr-1"
-0.0821788876270854,8.11414155459051,0.70351279774235,0.411742438464933,0.639776655084187,"F54D5.3"
0.26205763767932,3.60210818312238,0.702833431224393,0.411968658290728,0.640016309778588,"inft-2"
0.12458512891176,5.96188315157931,0.702292609526259,0.412141336427928,0.640172715265672,"hpo-3"
-0.10915872777596,6.83144133980536,0.702065899223023,0.412215423748174,0.640175953282972,"glrx-3"
-0.153373664541395,5.26850585675229,0.701216177742053,0.412493824779578,0.640496436625083,"tsp-15"
0.0814785141717575,8.35779568631734,0.700565319007102,0.412706705572997,0.640611034219089,"ttr-17"
-0.221959671757521,4.30245361494763,0.700554055310866,0.41271173141457,0.640611034219089,"mth-2"
0.268210005625625,3.57309115887321,0.698945629001281,0.413242576066354,0.641276150161788,"arrd-15"
-0.0912700206814592,7.0087344495046,0.69872130985009,0.413311799814612,0.641276150161788,"wdr-23"
-0.278374896779911,3.39445829169524,0.698605032251814,0.413356609670139,0.641276150161788,"C17D12.7"
-0.197462100327728,4.5955484706087,0.698151579105004,0.413499805412401,0.641326706875066,"bra-1"
0.187831314823541,4.36495212002976,0.698050184339317,0.413533461985688,0.641326706875066,"Y34B4A.7"
0.196163455912354,4.45285903757873,0.697774024105218,0.413624118390454,0.641355430172572,"air-2"
-0.11745368854315,6.03107243653398,0.697542444387941,0.413699378334076,0.641360274240327,"snfc-5"
0.0756162909424874,9.2583367284273,0.696701955706463,0.413975872085785,0.64150052174728,"vha-6"
-0.176015205135298,4.55186746621211,0.696641267155169,0.413996766113433,0.64150052174728,"slc-25A21"
-0.0732672489819755,9.70436120848503,0.696609561859956,0.414006297805184,0.64150052174728,"W08E12.7"
-0.172132991358275,4.58172680401995,0.695416017499297,0.414400523660791,0.64199948699566,"gopc-1"
0.117506239241313,6.14202772851901,0.692191184429788,0.415465460943967,0.643453470146914,"pes-4"
0.100539250508014,6.73512957182982,0.692135709775282,0.415483789462764,0.643453470146914,"bam-2"
-0.189719529846486,4.36378448684749,0.691438661734543,0.415715837193477,0.643604042072759,"slc-17.4"
0.138134385185275,5.33048952843681,0.691405967760324,0.415725791657165,0.643604042072759,"prp-38"
0.24524488849394,4.32281561799393,0.690682297971231,0.415966697505281,0.64386488640659,"fbxa-31"
-0.118977153459151,6.05021717477435,0.690227388655385,0.41611651089647,0.643984664644128,"vps-26"
-0.141893535301899,5.95983605781848,0.689831325091084,0.416248014867586,0.644076070342449,"rab-18"
0.235624020596635,3.78283681443656,0.689391654139518,0.416396981218313,0.644194459720206,"rde-8"
0.107131633913064,6.3364814936531,0.688363276887728,0.416735928970295,0.644606670924651,"Y53G8AR.9"
-0.249682884881613,3.64142211155264,0.688001596225651,0.41686022470154,0.644686772972933,"C06G4.1"
-0.137371805552796,5.83142673682343,0.687610295156338,0.416986612234909,0.644770081631404,"syx-3"
0.132486993746965,5.42128866737332,0.687024294712804,0.417181940782694,0.644931920003577,"F17C11.2"
0.158922547870553,4.90552623138502,0.686861829625699,0.417236351800762,0.644931920003577,"php-3"
-0.211802993708632,4.05840583859724,0.68561367513842,0.417654082865998,0.645465400792906,"K10B3.5"
-0.113228063521633,6.35659566427849,0.684550797310351,0.418007275700168,0.645898972584323,"nstp-5"
0.105500092854489,6.30505233985823,0.683731650563158,0.418281221696648,0.646209963875742,"mrpl-46"
-0.134557009248708,5.50159877992515,0.683424633210891,0.418384112571611,0.646256626976058,"R12C12.6"
-0.0771763966223358,8.27759668981646,0.682471424240649,0.418703123617979,0.646637045698706,"kcc-2"
0.132665658069609,5.66298437985123,0.681849710985995,0.418911734163775,0.646846861488386,"ntl-11"
0.227369039118653,4.03649486008438,0.679938075867778,0.419555400254455,0.647680235957186,"ubh-2"
0.122251650442588,6.88018415429473,0.679808264698375,0.419597138579844,0.647680235957186,"spp-17"
0.260873694291552,3.82053411093005,0.678895397695255,0.419907031788734,0.648036271575932,"C07A4.2"
0.140456249814648,5.12259221657571,0.678502454706539,0.420036892549793,0.648036271575932,"aho-3"
0.259920737661344,3.82174391117641,0.678481287840762,0.420046455189753,0.648036271575932,"nlp-12"
0.147050950513512,5.27407193992662,0.676629885317822,0.420668189748454,0.648882872146687,"nkat-3"
-0.188093153891354,4.51006291782105,0.674681240888087,0.421327393657052,0.649786965655655,"vab-3"
0.137709409398745,5.80568647766997,0.674181377326613,0.421495797844376,0.649838371651889,"ist-1"
0.244596607911652,3.93270105238735,0.674154976603781,0.421506904658243,0.649838371651889,"moc-1"
-0.151164118582837,5.53716166823931,0.671977165355802,0.422243238142192,0.650751246161671,"dnj-14"
0.119173265598868,5.7551604984482,0.671856644273833,0.422284095976305,0.650751246161671,"lon-2"
0.106128768405867,6.24531588854679,0.671754855118388,0.422318601996721,0.650751246161671,"F59E12.9"
-0.112026052848163,5.91937018046189,0.670750384917781,0.422659998258927,0.650893089068293,"R151.1"
-0.0660902108932194,10.9666988096943,0.670707907391991,0.422674302407572,0.650893089068293,"vha-12"
0.267265072702151,3.60466787821602,0.670637519973614,0.422702392528516,0.650893089068293,"hmg-3"
0.204751709193946,4.04899576406238,0.670627694981272,0.422703486253551,0.650893089068293,"C34F6.7"
-0.224199580374551,3.8776329640232,0.669876173231297,0.42295987052487,0.651175101097251,"ugt-18"
0.125810412874849,6.27195346619163,0.669496634883232,0.423086634371441,0.651257490684987,"acy-1"
0.140551297366147,5.35269693753637,0.668973349602998,0.423265123144577,0.651419458175253,"Y50D4C.3"
0.216714626573769,3.92198476460015,0.667824498046905,0.423658982842462,0.65177911245637,"W09D6.5"
-0.0681963377785849,9.0818901401794,0.667745243810772,0.423683695058098,0.65177911245637,"erm-1"
0.119323337804705,5.8239361402446,0.667643040236261,0.423718734675269,0.65177911245637,"cTel55X.1"
-0.112143659463749,6.13628336390796,0.666408963759162,0.424140314533577,0.652025645759422,"F54A3.5"
-0.139973389434577,5.78640090053275,0.666340314886878,0.424163836236405,0.652025645759422,"fnta-1"
0.15932960670188,4.69543590326519,0.666143735168165,0.424231614384129,0.652025645759422,"lron-11"
0.15815984319172,5.01813395537166,0.66592356447302,0.42430668044457,0.652025645759422,"dkf-1"
0.122813695127382,5.91759556449832,0.665913993468176,0.424309631306226,0.652025645759422,"epg-2"
-0.130843110156124,5.73337591562664,0.665593667916613,0.424419275118125,0.652025645759422,"Y48C3A.14"
0.246629123277921,3.5316816196589,0.665284715179853,0.424529596023816,0.652025645759422,"tyra-2"
0.233751795556281,3.78217608728655,0.665263527782126,0.424535120777941,0.652025645759422,"ensh-1"
0.133563238163986,5.5439157746026,0.665244009395901,0.424539024103171,0.652025645759422,"sacy-1"
0.0708285588595945,8.96234882488308,0.664879975986398,0.424663485716533,0.652104153973349,"hel-1"
-0.0885125296548335,6.91659912416263,0.664340176206132,0.424848531765978,0.652275651171008,"pde-4"
0.138216460927407,5.63639824854446,0.663147291377632,0.425257891218855,0.65279142106817,"btb-14"
0.287578900943627,3.66925567993362,0.662135331697675,0.425609011723623,0.653016328399369,"drd-1"
-0.136170614573256,5.6544027039617,0.661975784419111,0.425660387384771,0.653016328399369,"Y105E8A.2"
-0.135800845835385,5.56190262454972,0.661610521643782,0.425786040723463,0.653016328399369,"gcy-23"
-0.208212079960983,4.56813805649267,0.661546723027618,0.425808634945129,0.653016328399369,"inx-7"
0.26551537600409,3.60301326385504,0.661552547534387,0.425809893494115,0.653016328399369,"dmsr-3"
0.0803995839683016,7.47111208139242,0.661438333405658,0.425845087398441,0.653016328399369,"daf-22"
-0.0682123946215848,9.7842877306576,0.661004822586353,0.425994252495442,0.653095228268841,"vha-14"
-0.130399032466493,5.64662650277706,0.660862462495139,0.426043451125777,0.653095228268841,"tag-325"
-0.0854696185576673,7.35053509419313,0.660477292864087,0.426175961468375,0.653128086655083,"mep-1"
0.099556913561825,6.36870201080827,0.660358217487637,0.426217029677628,0.653128086655083,"T01H3.3"
0.101876528829702,6.24136109416484,0.66016022291997,0.426285264521364,0.653128086655083,"marb-1"
0.203937686312989,4.45566271144218,0.659599627202553,0.426479425957235,0.65331298693759,"set-6"
-0.150897157367329,4.95340301821594,0.658997321639988,0.426686723635993,0.653517943126204,"srf-3"
0.245853176946156,3.53144048323825,0.658737528688444,0.426780596477329,0.653549135942118,"gtsf-1"
0.231276795629323,3.80568195098288,0.657825513495721,0.427093804529306,0.653916138465655,"B0336.7"
-0.12138391166121,6.16427067934203,0.657438786624684,0.427224751348264,0.653918059018506,"cit-1.2"
0.14159580596557,5.22081156090956,0.657389183361711,0.427242155532392,0.653918059018506,"rbx-1"
-0.246092402902395,3.51764138793389,0.656666839283303,0.427496685817215,0.654052962486675,"twk-9"
0.199324897404931,4.28086094267457,0.656501559292353,0.427550240102506,0.654052962486675,"F59F4.3"
0.0686609538774455,8.88546074032924,0.656495646431805,0.427550986162699,0.654052962486675,"iffb-1"
-0.175869757945086,4.35562275657572,0.655376120500846,0.427940044439809,0.654535512663744,"R74.10"
-0.143413158033473,5.269820904794,0.654980778881392,0.4280763101114,0.654631316339948,"orc-2"
-0.183998846902157,4.91402686011117,0.65440716050315,0.428275565336058,0.654756994732826,"daf-18"
0.229931385460002,4.54859203908247,0.654321110779246,0.428305779031168,0.654756994732826,"rbg-3"
-0.209015985691185,4.05864648391609,0.653363298486534,0.428639532721096,0.655154561702469,"spr-1"
-0.125071654049513,5.50574639949153,0.652940367486277,0.428784931667432,0.655158142094725,"mrps-6"
0.0848421180984522,8.01643771372825,0.652927289184245,0.428789250798471,0.655158142094725,"endu-2"
0.136809818776117,5.35743440939725,0.652126584397273,0.429068171933029,0.655450866926168,"R53.5"
0.0739462321878941,8.09266586955295,0.651953124106492,0.429128275377036,0.655450866926168,"Y43F8B.1"
-0.0830638482798458,7.52800042610987,0.651341149577723,0.429341486628654,0.655648289521735,"C18E9.4"
0.126198893371506,5.53186011603828,0.651159442393168,0.429405015170966,0.655648289521735,"Y62E10A.6"
-0.249130037158254,3.64130830849199,0.650765815627394,0.429545958368682,0.655750878409332,"F08H9.3"
-0.233472521857488,3.95531679193556,0.650408498576219,0.429668941050345,0.655814815094611,"hpo-9"
-0.232487049599868,3.97636671932638,0.65021794633464,0.429735363034664,0.655814815094611,"arl-3"
0.0886237048340116,7.36784036206244,0.649897817132223,0.429844979236711,0.655819839435619,"lgc-34"
0.179178840817155,4.83703634094582,0.649781358285933,0.429886179758271,0.655819839435619,"T24A6.20"
-0.0716625528218272,8.60113339527057,0.6494370657109,0.43000585421744,0.655889869591227,"ZK1307.8"
0.122835832979661,5.94040083274208,0.649023474912056,0.430150514946059,0.655955104145967,"eif-2Bgamma"
-0.111872693122363,6.74400961229787,0.648892664949663,0.430196177288846,0.655955104145967,"egl-19"
0.153568460867166,5.33050504803136,0.648066636133329,0.430485343602159,0.65621952209348,"wago-1"
0.12273813736734,6.10989073096617,0.647955966485177,0.430523883213364,0.65621952209348,"nhr-8"
0.232558717329542,3.83075084533694,0.647771638641973,0.430591012472541,0.65621952209348,"Y43F8A.5"
0.0709594987916794,8.7494503710286,0.646321748149069,0.431096371989682,0.656877093977766,"Y53G8AL.2"
0.247298717671,3.86565663704726,0.644102865861393,0.431878292051377,0.657955773582726,"nep-12"
-0.20563912502022,4.294310805983,0.643376962086441,0.432132493923864,0.658067431891349,"sek-6"
0.18867117336057,4.76506074689005,0.643003265762161,0.432263446177874,0.658067431891349,"F16F9.3"
0.16147374882777,4.81159975007812,0.642928207085,0.432289845993193,0.658067431891349,"C49A9.5"
-0.204713922553495,3.98583803109325,0.642907961907967,0.432298502254675,0.658067431891349,"ZK418.6"
0.0777536575166378,7.74448536784078,0.642786292734594,0.432339255767815,0.658067431891349,"dbt-1"
0.183344019132388,4.90878268530932,0.642627654404983,0.432395673952228,0.658067431891349,"C35B1.2"
0.121319276088428,6.02604636899882,0.642036786772952,0.432603584686103,0.658271174301581,"nhr-100"
0.160863814291554,4.94427579578854,0.641392385125663,0.432831326341116,0.658505017539162,"R151.10"
0.310710962550596,3.53310307911389,0.640114549159638,0.433286938519362,0.65904649774445,"nhr-112"
-0.0974928002415051,6.64481611896276,0.639964191891461,0.433335488225628,0.65904649774445,"C15H9.11"
-0.223380523028062,4.01625112178031,0.638980925340259,0.433685365041201,0.659465808206143,"R09F10.5"
0.240518477388593,3.95577787299707,0.637273220392296,0.434290844336903,0.660273580198257,"par-2"
-0.147246539401054,5.07388862481418,0.635324630858647,0.434981451895696,0.661131487011297,"F48A9.2"
0.0654981203503314,10.300800605265,0.635260486837351,0.435003846475772,0.661131487011297,"lbp-6"
-0.133435823909877,5.36467583051962,0.634863707318959,0.435145340017138,0.661190257599403,"F34D10.6"
-0.0831263311671974,7.42988185828778,0.634504772314359,0.435272882791561,0.661190257599403,"bckd-1B"
0.0936521584428104,6.70304154629229,0.634401913007474,0.435309557911094,0.661190257599403,"mrpl-28"
0.10648429297653,6.21760194870662,0.634316586715685,0.435339980653122,0.661190257599403,"mrp-8"
0.0944766249937917,6.80959402526942,0.633876942781557,0.435496602215951,0.661315164867979,"Y106G6H.1"
0.0803887607670354,8.41970736330863,0.633451792835717,0.435648114628167,0.661432272397376,"gcst-1"
-0.0728002906493524,10.0267768744201,0.633168089456711,0.435749305451087,0.661472951129523,"asp-5"
0.0601088191835899,11.4590283826447,0.632655723615745,0.43593215465173,0.661637553261955,"act-4"
0.150400954466631,5.33026332294419,0.631857851480182,0.436217440142133,0.661940661480289,"W02G9.4"
-0.149529147543409,5.55604837989877,0.631546023100988,0.43632881217139,0.661940661480289,"Y48G1C.8"
-0.143644335606277,5.26933778081892,0.631472485813727,0.436355215041725,0.661940661480289,"plc-2"
-0.115606194608448,5.82275845111058,0.631183423992724,0.436458407482084,0.661984254678132,"snx-17"
-0.0742715403349784,8.39926829156522,0.63044531972385,0.436722389010654,0.662271663089497,"M60.4"
-0.110493279945695,6.37394941587514,0.629698187478141,0.436990094286415,0.662476314343522,"M05D6.5"
0.144536378100331,5.37594590662333,0.629653339098895,0.4370063641463,0.662476314343522,"fut-8"
0.161043042517083,4.8131212211741,0.629075961608499,0.437213669003988,0.662677587984054,"exp-2"
-0.142972560922926,5.57333041669035,0.627908558922563,0.437632311620662,0.663199059590813,"K12B6.9"
-0.123504436222218,5.74621405599176,0.627427420108421,0.437805144414086,0.663334499348572,"syx-5"
-0.180258673559338,4.74717924676575,0.627202129459639,0.437886621906717,0.663334499348572,"cogc-5"
-0.14707893361887,5.06046503134027,0.62703774671896,0.437945507949176,0.663334499348572,"ppk-3"
0.106424057485074,6.48677255258689,0.626592920659272,0.438105173577498,0.663406928714915,"F19B6.1"
-0.0949893525566515,6.64951285650688,0.626282216422095,0.438216986385189,0.663406928714915,"Y48G10A.3"
-0.14375348322845,5.24095812157376,0.625982929222724,0.438325012384691,0.663406928714915,"arx-7"
-0.185843205849776,4.20881623592904,0.625896545318539,0.43835721881697,0.663406928714915,"adpr-1"
-0.175042617779812,4.64248136398852,0.625841339772525,0.438376412277795,0.663406928714915,"Y50D7A.10"
0.0646380139447641,10.442356796932,0.625659893847009,0.43844102048463,0.663406928714915,"apl-1"
-0.212535148334371,4.92406588674346,0.625272296976515,0.438581209480595,0.663506131273093,"F37A4.2"
-0.12920949454344,5.90001463861536,0.624323221145979,0.438923134277623,0.663910443494786,"fbxl-1"
0.104005741194909,6.56045295327004,0.623698824042476,0.439148508527964,0.6641193958302,"scpl-1"
0.171095477786101,5.06722874975002,0.62352769580705,0.439210667808073,0.6641193958302,"mau-8"
0.0897157364941054,6.79219255330754,0.62231294051451,0.439649518245557,0.664507081988248,"C03A3.2"
0.192707262651623,4.14693533817814,0.622290641066011,0.439659082797316,0.664507081988248,"T23F2.3"
0.147491712976611,4.94824383381249,0.62216993683523,0.439701690199235,0.664507081988248,"tdp-1"
0.211812387280013,4.32635309730401,0.621994127096384,0.439766018492729,0.664507081988248,"rgs-2"
0.216567465708876,3.91997604853839,0.621518686729308,0.439939252582346,0.664655886951511,"ift-81"
0.0848469023307552,7.63812659613466,0.620599436856833,0.440270184831628,0.665042849700647,"K07C11.7"
0.12054416057719,5.6697798918955,0.62016286646039,0.440428723597715,0.665169319094154,"usp-3"
0.21884550600393,3.72148539788673,0.619642482219445,0.440620620603185,0.665260538531085,"cec-6"
-0.153503236629293,5.12326934392613,0.619584846311934,0.440638770825505,0.665260538531085,"dnc-5"
0.214550880244,3.74535179588699,0.61911231260624,0.440813074478866,0.665387947500848,"mapk-15"
-0.169131278037044,4.86182357691564,0.618809458063432,0.440920651912851,0.665387947500848,"ZK1307.9"
0.17203563579373,4.94022100139797,0.618734956420941,0.440947675927905,0.665387947500848,"tba-5"
-0.124211770059425,5.78960697308771,0.618125633408313,0.441168948124672,0.665608877952903,"unc-103"
-0.113525634162004,5.86290546395861,0.617641373892653,0.44134518863773,0.665761803898551,"oxy-5"
0.186184057452939,4.76356506559424,0.617012282920933,0.441574802543638,0.665995177169718,"rde-10"
0.0893232310773458,6.78234473701288,0.615575880183097,0.442098139388892,0.666671397100855,"W04G3.5"
-0.215194658430841,3.9223475978232,0.61479567820347,0.442385338191834,0.666938353580358,"spat-1"
0.112229837803658,5.75933982754817,0.614576551960236,0.442463296450679,0.666938353580358,"Y38E10A.24"
0.0989016565481636,6.49386455240944,0.614475382725019,0.442500207824827,0.666938353580358,"C18A11.3"
0.230474548253146,3.83228570364238,0.614231551842809,0.442591917427673,0.666963514889736,"ZK909.6"
0.200031027424229,4.08703493783965,0.61312703380767,0.442995227654678,0.667407436394438,"K08C7.7"
0.221003038704027,4.05652441324874,0.613014251021184,0.443036631380044,0.667407436394438,"Y43F8C.6"
-0.111834633469144,10.3877401663911,0.611956665372299,0.443422517121287,0.667771435723136,"unc-89"
-0.177508413913861,4.47201538581528,0.611935626463409,0.443431184811848,0.667771435723136,"ncs-3"
-0.123652722473282,5.540002775958,0.61172664979022,0.44350712313685,0.667771435723136,"C14A4.12"
-0.13986563107063,5.56374880111018,0.611531631373431,0.443578686242362,0.667771435723136,"fat-4"
0.090425200805951,6.67884780843276,0.610368738861852,0.444005696226467,0.66830110803276,"mtss-1"
0.162714585648789,5.04500604182206,0.61002921635691,0.444130889450319,0.668376394397899,"nhr-101"
0.164304104430853,4.98944986763878,0.609706390057395,0.444249670499718,0.668442007177693,"nhr-61"
-0.103976471527058,6.07997120314233,0.607652822841289,0.445005916432049,0.669437220109589,"Y62E10A.13"
-0.085710637699554,7.85845141046951,0.60750139424955,0.445061681258327,0.669437220109589,"mrp-1"
-0.0923797718683487,7.00781430828052,0.60524905148424,0.445894109968806,0.670471379778016,"mig-15"
0.0945622119878962,8.13762122262239,0.605232880918266,0.445900041460736,0.670471379778016,"rpl-11.2"
0.168350354969431,4.75127667049873,0.60488974036107,0.446027697119124,0.670549924769383,"flp-15"
-0.0628602177434405,10.1707805094658,0.604034415268229,0.44634397403907,0.670911965034889,"lec-1"
-0.127047383297031,6.47732056793554,0.603051025905114,0.446708855532568,0.67134692943544,"unc-13"
-0.0890127869524071,7.12258669414772,0.602491441361079,0.446916627649109,0.671545671189493,"dpt-1"
-0.27081545383195,3.5623147979243,0.602157501531024,0.4470450360032,0.671583248147527,"T13C5.6"
-0.11839514174645,5.96914477737517,0.602017797416282,0.447092705633249,0.671583248147527,"F42H10.3"
-0.111855405271102,6.30791882139418,0.601757222625216,0.447189549680747,0.67161232182398,"ipla-2"
0.208696684334476,3.79443297632637,0.601526997599445,0.447277846427399,0.67161232182398,"ins-26"
-0.125469168075699,5.38386440624563,0.601356763432896,0.44733867617159,0.67161232182398,"cec-10"
-0.105869736140637,6.01320064905305,0.600656742871787,0.447599094568064,0.671859757308948,"tag-232"
-0.16485775053196,4.92614314782702,0.600508681712326,0.447654617286943,0.671859757308948,"elb-1"
-0.278217909951695,3.24626962957122,0.599994963161672,0.447853992344348,0.672045543617484,"clec-90"
-0.0730291511166563,9.12595475259564,0.599242622560135,0.448126093332204,0.67228254657856,"tln-1"
0.157164663256889,4.7467922895421,0.599144959739571,0.448163159776305,0.67228254657856,"nhr-121"
0.14330274175467,4.88805309968581,0.598935128601872,0.448241361424464,0.672286427871948,"F40F8.1"
-0.145125861483449,5.72554586671758,0.598122258515968,0.448544587067125,0.672522104883936,"dgk-4"
0.281405813800052,3.31468390066846,0.59768537593091,0.448714676186241,0.672522104883936,"lpl-1"
0.173015904414691,4.52985691088187,0.597639242785436,0.448725819267386,0.672522104883936,"pup-2"
-0.143109787493074,4.95744774239393,0.597601089321934,0.448739714719188,0.672522104883936,"sas-4"
0.114408100834988,5.76118018275507,0.597501318170668,0.448776700964615,0.672522104883936,"sec-6"
-0.112863766741865,6.85716201713998,0.597228987765142,0.448878476615782,0.672561263159911,"ced-1"
-0.323578887397357,3.09647481893112,0.596629889525076,0.449114843009696,0.672802033563472,"R01H10.4"
-0.103287618208652,8.80755746278226,0.595816179161778,0.449407478992318,0.673086880063368,"unc-68"
0.15717414013547,5.39511254011228,0.595686397140806,0.449456394886539,0.673086880063368,"sax-1"
0.268190773579781,3.15426125944322,0.595288051240534,0.449615404425354,0.673211613463426,"M03D4.3"
0.235020828068163,5.50333038072915,0.594043328124246,0.450073020875909,0.673578623635733,"nduo-4"
0.122676732247844,6.07635444713768,0.593952819854165,0.450106918813125,0.673578623635733,"M03C11.3"
-0.0860306502837683,7.99548720727645,0.593860786694223,0.450141397729835,0.673578623635733,"cbp-1"
0.0773000777858128,7.64951325562941,0.593801837681716,0.450163556590206,0.673578623635733,"mev-1"
-0.144043005757834,4.92543847582674,0.593558244022772,0.450255613910097,0.673603005767234,"lsm-7"
-0.225689721236123,4.1055794571675,0.592114189497562,0.450800232642927,0.67429211135901,"zfp-2"
-0.19271090570013,4.25230729634345,0.59193364629306,0.450867911599293,0.67429211135901,"W05E10.5"
0.0936683512709284,6.54909468776854,0.591664022363146,0.450968296280602,0.67432881302234,"dpy-30"
-0.235227581059416,3.57389224358288,0.591090943544086,0.451188507447225,0.674539794583428,"wdr-5.2"
0.112928572779632,5.91585885284707,0.590703004746652,0.45133083674908,0.674539794583428,"hpo-28"
-0.135678818402067,5.16638846894405,0.590679018191694,0.451340122670768,0.674539794583428,"Y59A8B.8"
0.0765515431413772,8.45292892694196,0.590485364907426,0.451412864443976,0.674539794583428,"lin-14"
0.113117105381627,5.89984038455941,0.589704890878677,0.451707816257796,0.674867113820881,"sup-36"
-0.142638081150684,5.66319710300217,0.589345710300412,0.451843640797504,0.674956621359309,"K07G5.5"
-0.149355426271952,4.97647897803798,0.588742550774947,0.452072096812338,0.675184446960943,"Y67A10A.9"
-0.0934992079751176,6.50019653314647,0.587709413575809,0.452462970351744,0.675543103743958,"mrpl-2"
0.158979931492289,4.70657912960345,0.587563317146177,0.4525189183733,0.675543103743958,"igeg-2"
0.101082594275783,6.12586302851875,0.587505785782769,0.452540178371276,0.675543103743958,"Y54G11A.17"
-0.153574153619162,4.9634052626302,0.587021480693057,0.45272419162128,0.675663348176993,"rft-2"
-0.0969939075263554,6.66695901445549,0.586892517178133,0.452772717179004,0.675663348176993,"lis-1"
-0.109604567706633,5.87847923884701,0.586668967996926,0.45285760950549,0.675675509985882,"ubxn-2"
-0.081686421463346,6.99636729544591,0.586268622222551,0.453009507256663,0.675675509985882,"M01F1.4"
-0.203325178440412,4.31250602269837,0.586139366330319,0.453059722030073,0.675675509985882,"C14A4.7"
-0.245830214874037,4.00847907139542,0.586075242205418,0.453084848783695,0.675675509985882,"lem-3"
-0.173562983943205,4.58305092453877,0.585237202063348,0.453402163207262,0.676035323339891,"F47G9.4"
-0.228728369762667,3.72118877216747,0.584762938145415,0.453584942907147,0.676122624782417,"F49C12.14"
0.16288916617911,4.61490785619728,0.584683333388404,0.453612805851661,0.676122624782417,"F44G4.6"
0.147044357342076,5.0032448230791,0.58422433012083,0.453787227947773,0.676269232933901,"sig-7"
-0.13219443407814,5.54037581682474,0.583752029384117,0.453966900328061,0.676423615018735,"VC5.2"
-0.179879425972174,4.22767317862422,0.583150715249952,0.454197242123969,0.676653431589177,"nhr-277"
0.112121369754472,5.87267574723543,0.582555442100649,0.454423127532216,0.676876533236544,"tgn-38"
0.147518713150643,5.11659704187941,0.581342662443108,0.454886612874631,0.677411015397536,"nhx-8"
-0.128747364722979,5.45047869336456,0.581217458543199,0.454934335051028,0.677411015397536,"ech-8"
-0.281565494107329,3.63090874274389,0.580868824718434,0.455071218611742,0.677501373857502,"eat-5"
0.15227814329763,5.05663619417762,0.580621106275566,0.455162617256486,0.677523996321349,"ttm-1"
-0.212817569884059,4.07605652311799,0.580047044967271,0.455383675299887,0.677635643618039,"lgc-31"
-0.0701985550117437,8.54725013327059,0.579963435063566,0.455413989025267,0.677635643618039,"T02H6.11"
0.0942031332462036,6.54463676439107,0.579684006447509,0.455521107241612,0.677635643618039,"ZK470.2"
-0.312655234144731,3.26058296036817,0.579452864990367,0.455617769555113,0.677635643618039,"C27B7.5"
0.219837463413585,4.13715047528067,0.579433125492054,0.455618701782548,0.677635643618039,"gar-1"
-0.112808518040698,5.93125450092807,0.579041235804744,0.455767547106228,0.677743646315683,"hda-3"
-0.179615790015635,4.61764554943629,0.578778257467383,0.455869034395075,0.677781201472677,"glt-6"
0.116443042233597,5.6864459469882,0.578532582017814,0.455962717195579,0.677807142381858,"cox-18"
-0.176008610772924,4.263552045372,0.578144968657214,0.456112606727261,0.677916614244747,"Y48A6B.9"
0.0861069824258359,7.02860413755525,0.575739821835194,0.457036422120699,0.679037631337501,"sec-11"
-0.0992789749997444,6.16608428856987,0.57550776488484,0.457125879598717,0.679037631337501,"sax-3"
0.164908199983619,4.71408394147579,0.57550099884851,0.457129026226872,0.679037631337501,"C44B7.7"
0.199782819570668,4.22834718600554,0.575338635106326,0.457192274876527,0.679037631337501,"coa-6"
0.104410149986522,5.90522153541515,0.575085573171968,0.457288652724874,0.679037631337501,"xpc-1"
0.300713599620264,3.55940306478872,0.575001607413635,0.457325085642668,0.679037631337501,"asm-3"
0.278693680293862,3.3479770319472,0.574798056865358,0.457405736361291,0.679043980963139,"C04F5.9"
-0.141669855853685,5.03477645514316,0.57430570517815,0.457589813662833,0.679203845288189,"F28H6.4"
-0.212052530482869,3.68178517375269,0.573886251790122,0.457754695955123,0.679245033531844,"nduf-2.2"
0.0877562970044481,7.36610225899036,0.573593183463397,0.457864603901688,0.679245033531844,"Y54G2A.18"
-0.143606011618584,5.51779860224384,0.573574881241309,0.457871849525141,0.679245033531844,"K07C11.4"
-0.0721462057956873,7.80311546311912,0.57322608711507,0.458006444806058,0.679245033531844,"C07D8.6"
0.110895047158049,5.90977223847765,0.573024196497825,0.458084626046662,0.679245033531844,"emr-1"
0.149157105525988,4.63602643486069,0.572855249291348,0.458150543361947,0.679245033531844,"Y51H7C.7"
0.173268118842919,4.73069232917607,0.572850379155165,0.45815234125413,0.679245033531844,"ZK287.1"
0.21053278317403,3.7697201629749,0.572558106274957,0.458267583991744,0.679299043153552,"npr-34"
-0.105627664868171,6.19712166886549,0.572359923654799,0.458341576861788,0.679299043153552,"mrpl-49"
0.163572530427649,4.61406170597692,0.571487886195112,0.458679931039388,0.679600458457122,"srp-3"
-0.0863025666281052,7.29882998676385,0.571400412360345,0.458713140360094,0.679600458457122,"ttr-41"
0.0824820379493627,7.1018809746534,0.571242749268749,0.4587742606748,0.679600458457122,"allo-1"
-0.178166182512872,4.68685908747039,0.57077788270153,0.458955138124246,0.67975514460481,"tag-267"
0.197325869738903,4.57325601809539,0.57038717057621,0.459106840454894,0.679866575363835,"fat-1"
0.223316233010276,3.87600172230775,0.569645060728055,0.459396539133069,0.680182286333409,"R10H10.6"
0.100735650931122,6.14309267722336,0.569207288624819,0.459564454354647,0.680243839171854,"dhs-12"
-0.167863985740252,4.29669662967906,0.569141460513969,0.459591130570839,0.680243839171854,"gcy-19"
-0.209637387453696,4.24631419450808,0.568656923737815,0.459779676484521,0.680345094982489,"F41G3.6"
-0.192375499713099,4.04860338520941,0.568573562698498,0.459812583033379,0.680345094982489,"cmt-1"
-0.212290920094444,3.94484809172056,0.566503517772574,0.460619496760455,0.68142561492466,"brd-1"
-0.0958771319918666,6.52412225407692,0.565897672645556,0.460853966756054,0.681555607264181,"rde-4"
0.075774813334346,7.93956344746464,0.565880302943883,0.460860680561495,0.681555607264181,"C35B1.5"
0.0731524146841452,7.8921929478312,0.565586218137951,0.460975557061464,0.681589998764979,"pghm-1"
-0.0720393714137809,7.82989973595634,0.564907447005753,0.461240880824355,0.681589998764979,"clik-2"
0.117786996305569,5.545002470229,0.564704680428354,0.461320380618268,0.681589998764979,"gtl-2"
-0.15370646548985,4.67643516648561,0.564578920948911,0.461370055265908,0.681589998764979,"Y48E1C.2"
0.155979583402684,4.6947248102577,0.564488297466619,0.461405490120727,0.681589998764979,"flp-8"
-0.061912259426787,9.53808477603419,0.564421036008717,0.461431161157602,0.681589998764979,"akap-1"
-0.135352279269492,5.17715657681768,0.564262868004532,0.461493415411894,0.681589998764979,"F32A7.4"
-0.225443907609136,3.77072456687202,0.564259507612946,0.461497221073577,0.681589998764979,"F58D5.2"
-0.0996740490017693,6.45880747049926,0.56313773938172,0.461933893943914,0.681940218183323,"clik-3"
-0.138368352746678,5.83204871401794,0.562929829634976,0.462015475331603,0.681940218183323,"rin-1"
0.133087261971118,5.08922337189587,0.562883507151775,0.462033888074081,0.681940218183323,"best-22"
-0.14845068621555,4.82814194333374,0.562865396471757,0.462041151089454,0.681940218183323,"F21D5.1"
-0.27099208969571,3.27879488903002,0.561956155513223,0.462404975977402,0.682275528310961,"F47H4.2"
-0.171788859736486,4.48788483427387,0.561896309948022,0.462421812349776,0.682275528310961,"psr-1"
0.278821287232727,3.54674446850688,0.561019421676936,0.462769718341267,0.682599994586762,"mut-14"
-0.183611097559005,4.22778924013036,0.560892560235567,0.462816716123876,0.682599994586762,"R05D7.3"
0.125083358269045,5.42199422437523,0.560573993320364,0.462940963016717,0.682599994586762,"mdt-17"
0.0886988973046359,6.67066564358129,0.560553563218334,0.462948820982811,0.682599994586762,"rab-10"
0.145742637018548,4.95766401565569,0.559284690138975,0.463448905740331,0.683224045918965,"coq-3"
-0.124041750084551,5.32311018381509,0.55882533121915,0.46362986011498,0.683321317167903,"tag-72"
0.268352624229841,3.15360829548747,0.558750624110167,0.463668598186251,0.683321317167903,"F19F10.11"
-0.22527350670711,3.99667286863532,0.558380317542271,0.463807082212735,0.683387939928416,"F52E1.9"
-0.229571946422393,3.85465371123806,0.558034775780919,0.463943983587585,0.683387939928416,"F38E11.9"
-0.0943499288109624,6.41367756160909,0.557973550713486,0.463965813354202,0.683387939928416,"sly-1"
-0.126502536109152,5.78917645992601,0.557807065127966,0.464031629797422,0.683387939928416,"tat-3"
-0.181053526187472,4.60096650232705,0.55713269972391,0.464298721879604,0.683387939928416,"shc-1"
-0.0688949152217519,8.56661221844288,0.556981167547406,0.464357891996278,0.683387939928416,"mmcm-1"
0.0957550455151227,6.64663046545436,0.556819319247638,0.464421968489376,0.683387939928416,"pmp-3"
0.154959802135325,4.7449422127491,0.556779334818999,0.464438316547169,0.683387939928416,"R151.8"
0.224902597010498,3.66914735732997,0.55671966015512,0.464464592332135,0.683387939928416,"Y67A10A.7"
-0.0724414214601952,8.22862396129253,0.556596299949826,0.464510128202179,0.683387939928416,"mak-1"
-0.0764537628997529,7.24748269805897,0.556472154655773,0.464559296921308,0.683387939928416,"rfip-1"
-0.154422084590885,5.68293620324496,0.556254365950212,0.464645609681578,0.683401838821986,"F56D5.3"
-0.102180028953937,6.08104416061158,0.555995010236324,0.464748239055878,0.683439727662225,"C14C6.2"
0.101897168374034,6.65501274607024,0.555742951995286,0.464848030783754,0.683473431734473,"rsp-8"
-0.0666694897373964,8.50400865244325,0.554994809348257,0.465144485811268,0.683729146332103,"dlat-1"
0.174923183497235,4.30558197004885,0.554918831606388,0.465175751452355,0.683729146332103,"ckb-1"
0.0817765562929743,7.73562562090378,0.554378878901402,0.465388846287895,0.683839524009915,"atp-4"
0.139808104718539,4.9967843738452,0.554340064451059,0.465404674365538,0.683839524009915,"qui-1"
0.104183760983,5.95788783139984,0.553714855419289,0.465652633580256,0.68409080719796,"fcho-1"
0.0784117026269571,7.61966856604705,0.553361535701171,0.465792919772541,0.684134284066885,"ifa-1"
0.270126786896055,3.5725376002298,0.553262792632375,0.465836121442011,0.684134284066885,"F54E7.9"
-0.151403486153885,5.31538048995266,0.552573283731099,0.466106680808209,0.684418579531921,"Y39B6A.3"
-0.168138159091469,4.82270341892792,0.552342279048471,0.466198872731089,0.684440914374524,"gly-9"
0.100546605290521,6.58548842545366,0.551797335854809,0.466415393707423,0.68464574301679,"C35D10.1"
0.171033662107281,4.37074246768862,0.551147111699526,0.466675483175851,0.684914447163502,"hpo-4"
0.0925468709111955,6.87208304622092,0.550122235343655,0.467083451436498,0.685318571242711,"dre-1"
0.149077215573334,4.64995166988945,0.550069832303445,0.467104998507573,0.685318571242711,"B0024.13"
0.0684330437639206,8.18904316840172,0.549802483878065,0.467211101290857,0.685355406409991,"sbt-1"
-0.207830430739142,3.70819337508625,0.549556195182223,0.467312609789652,0.685355406409991,"Y40H7A.10"
-0.0801875822085702,7.56090405599649,0.54942649774809,0.467361357447281,0.685355406409991,"cyn-1"
-0.130623277808817,5.17947051288287,0.548924821794866,0.46756226859736,0.685536960768326,"F10E9.3"
-0.10681918038274,6.31801303386555,0.548414919811606,0.467766035102625,0.685722641071301,"syd-9"
-0.199016812744012,3.88713100577322,0.547969753757639,0.467946436455436,0.685820098576682,"hpo-20"
0.156742000999367,4.76958350457841,0.547864846031412,0.467986788669973,0.685820098576682,"nhr-84"
-0.197917942803088,4.02649102245714,0.546981596412151,0.468342053527633,0.686018377899068,"M106.8"
0.174823139965523,4.89177307670967,0.546890329792959,0.468377346571979,0.686018377899068,"Y67H2A.7"
0.192985774778542,4.10489374520883,0.546792354753221,0.468417713223098,0.686018377899068,"mab-5"
0.269123934715453,3.38034088865852,0.546770351542405,0.468430724578253,0.686018377899068,"vps-33.2"
0.123460853319836,5.27085242568268,0.546178870975351,0.468662695210699,0.686245063095903,"pinn-4"
0.240063103579769,3.58988890280589,0.545969593689215,0.468750223782205,0.686260207417682,"npr-23"
-0.0954530876320141,6.74162418959091,0.545472062584331,0.468946419452445,0.686416500071102,"C50D2.7"
0.181509103077439,4.69741365785651,0.545311875040675,0.469011386563035,0.686416500071102,"cutc-1"
-0.153943295287004,4.89348471614463,0.544979201448328,0.469145023547217,0.686499079058313,"zipt-11"
0.127623300509432,5.53630565054332,0.544585346083954,0.469303194697925,0.686562700870393,"snt-5"
-0.114485923139736,5.50362656179382,0.544469815433278,0.469349710516967,0.686562700870393,"T14G11.1"
-0.18470373383394,4.29015926838304,0.544230966530839,0.469446831647056,0.686562700870393,"hst-1"
0.191692574160526,4.38020982264014,0.544016100571293,0.469533195422871,0.686562700870393,"klu-2"
0.0910393154986572,6.33628505734408,0.54391102080595,0.469574601731286,0.686562700870393,"C02F5.3"
-0.225696342650842,3.62834597085183,0.543349783660069,0.469804298007457,0.686785599076669,"K02E10.7"
0.108026734497412,6.06645990418838,0.543064379717866,0.469915901808076,0.686824088920268,"ncbp-2"
-0.155496493596564,5.02515865837305,0.542893531880226,0.469985126194007,0.686824088920268,"hpo-26"
-0.178044343274581,4.24650220039246,0.542050399099601,0.470326318794683,0.687209745341583,"Y119D3B.13"
-0.0768376772895379,7.3094282757348,0.541254936969302,0.470646598754734,0.687564723879123,"gst-26"
0.262015765928329,3.19076347379443,0.540869728860797,0.470810968662863,0.687642283619209,"D1054.1"
-0.0918449550921371,6.33646192739038,0.540661035794634,0.47088690993841,0.687642283619209,"dhs-19"
0.0961542751250558,6.39228939830266,0.540550331321881,0.470931713525741,0.687642283619209,"F13H10.3"
-0.151880283050226,5.48588539390354,0.540297313181143,0.47103428948192,0.687650624994031,"F48E3.8"
-0.193431291798311,4.23801948105719,0.540157137763154,0.47109211076804,0.687650624994031,"mut-15"
0.165427954853524,4.4027139350287,0.53927208902946,0.471450499100917,0.688060798999713,"aakg-5"
-0.136574671125957,5.06755838221664,0.538627129481382,0.471711602988284,0.688262000399388,"F41C3.8"
0.0683303298647314,9.20844371101728,0.538548377256824,0.471743181918105,0.688262000399388,"nkb-1"
-0.112693946791781,5.77092553944773,0.538230645196636,0.471872343937403,0.688337491377761,"tam-1"
0.0832392434488428,7.05535203764514,0.537916284214921,0.471999956370501,0.688343279379855,"unc-95"
0.147466216217576,4.63672208944338,0.537841069833699,0.472031152218983,0.688343279379855,"Y39A1A.21"
0.206166095465463,3.8420352919268,0.537158943839848,0.472310189322,0.688637240613627,"F41D9.2"
-0.161500398236464,4.46494603757369,0.536035516502255,0.472766044094301,0.689020376260042,"ubc-16"
-0.0702113817255235,8.38236897331985,0.535904924689751,0.472818371991027,0.689020376260042,"rpn-3"
-0.0724528595634638,7.7048900791739,0.535835139922559,0.472846816508576,0.689020376260042,"spt-5"
-0.153412085215252,4.58953561916025,0.535655549336447,0.472920751299777,0.689020376260042,"F11A10.6"
-0.0655374128369513,8.43216875927482,0.535519534908314,0.472975466653203,0.689020376260042,"clp-1"
-0.0601975256202283,9.4921165671463,0.535331439587357,0.473052168713232,0.689020376260042,"prp-8"
0.166507851524685,4.40411469828128,0.535178665948397,0.473115442252565,0.689020376260042,"eri-1"
0.0939720955077979,6.56164759239179,0.534581235706323,0.473358377614062,0.689191973171234,"C01G10.6"
-0.231017797864083,3.57505010573733,0.534344566217406,0.473458892155786,0.689191973171234,"F19C7.8"
0.214667093343649,4.13889479715973,0.534321530482365,0.473465816233258,0.689191973171234,"lin-15A"
0.175201059640127,4.35693504494374,0.534005426677598,0.473594530902191,0.689231173160192,"F15D4.4"
0.10015315996923,6.02405958242053,0.533872870110185,0.473647786301741,0.689231173160192,"W04B5.3"
0.103398987139838,5.92901457397294,0.533423762331332,0.473831412481955,0.689385548744405,"aex-5"
-0.0812103355649069,6.82289874883054,0.532109942933256,0.474369185042582,0.690026344464462,"mrpl-16"
0.174672643350715,4.35737442934316,0.53185478290375,0.474474723888977,0.690026344464462,"gcn-2"
0.147650635172916,4.66415358755724,0.531780813436865,0.474504675520833,0.690026344464462,"K10D11.6"
0.141706057996982,4.8757719597313,0.531193765836079,0.474745275972882,0.690263327665559,"acox-1.6"
-0.114753876995357,5.53894696246241,0.530783134049746,0.474913519759157,0.690318882021128,"nlp-37"
-0.181936178398065,4.10622561284298,0.53072488340556,0.474938769691063,0.690318882021128,"islo-1"
-0.105777013553987,6.27573511488472,0.530482726339052,0.475036765733501,0.690348460957266,"dnj-5"
-0.126659036018574,5.3279770852679,0.529763380637984,0.475332565008416,0.690665441328621,"Y76B12C.3"
-0.14834834954944,6.59693466564724,0.529321692848771,0.475514019313261,0.690706886962175,"C01G10.5"
-0.0812574803524388,7.61591978545055,0.529315623530749,0.475516461038744,0.690706886962175,"F53F8.4"
-0.183568597382983,3.97506383458368,0.528928362365392,0.475677744088311,0.690752544946665,"insc-1"
0.0856358292787533,7.00625342157582,0.528861800279448,0.475703276651494,0.690752544946665,"ubc-7"
0.0657576753490944,9.19116707008879,0.528035841100556,0.476043474258695,0.69113329765152,"ccg-1"
0.0998543053520265,6.70880977068782,0.527848039798711,0.476120959185194,0.69113329765152,"gly-4"
0.0973624089252192,6.90700093501338,0.52675620021136,0.476571483259578,0.691674348295936,"F45H10.3"
0.14994924725799,4.6374392120534,0.525864056999427,0.476940766132325,0.692014556068793,"gtf-2E1"
-0.0924571221525455,6.67492452811088,0.525812306356316,0.476961556584137,0.692014556068793,"daf-4"
-0.127047168406443,5.12717439976247,0.525040134902213,0.477281347942207,0.692291370395427,"E04F6.9"
-0.0559527470715953,11.1096251963653,0.524974715571314,0.477308075640982,0.692291370395427,"vha-13"
0.112040015338865,5.52643035935636,0.523791090172418,0.47779876657222,0.692890039731464,"ZC262.2"
0.143267952869796,5.01039944800346,0.522439867840487,0.478359970291344,0.693533128681408,"F47G3.1"
-0.131945609866107,5.18786241346086,0.522347621264499,0.478398231717813,0.693533128681408,"F36F2.1"
0.118584103184547,5.39905446931185,0.521610076429068,0.478704865828429,0.693864519413199,"Y39A1A.3"
-0.104093280080218,5.77878480374327,0.520893576382585,0.479003049017465,0.694183554818954,"obr-2"
-0.0668220261205831,9.21562759521695,0.520108867876089,0.47932995144359,0.69454410011163,"R05F9.6"
-0.0921396845006325,6.3652996194945,0.519275815869096,0.479677637841323,0.694934638756265,"nra-1"
0.182542746750861,4.03893944029483,0.51878961169321,0.479882299902034,0.695117876902735,"Y76B12C.8"
-0.0812677246191399,7.21440857341104,0.517900225622486,0.480252529898985,0.695540844328371,"C32D5.8"
0.174053525660927,4.30370227732201,0.516722740564017,0.480746633349642,0.696143048389523,"C24G6.13"
-0.0973456524952527,6.07343157590888,0.516416309779802,0.480874098561516,0.696214233888689,"ubc-13"
0.117668488981418,5.67536728506325,0.515248887131837,0.481364064331878,0.696753437672169,"ctn-1"
0.102726782419329,5.99669452540295,0.515155476275083,0.48140325808347,0.696753437672169,"cyp-37A1"
0.123597768392212,5.18182280541239,0.514269056556223,0.481776081134826,0.697167955570396,"F17A9.2"
0.195733265450779,4.14722126294652,0.514104253385797,0.48184648374537,0.697167955570396,"twk-48"
-0.153652606370306,4.39525403859582,0.513539820369498,0.48208361678705,0.697300381199836,"atat-2"
-0.0980672407618029,6.44352256151614,0.513511011372986,0.482094864833584,0.697300381199836,"aakg-1"
0.100683208035288,6.405106387659,0.512465869857109,0.482535318905842,0.697823929796982,"atm-1"
-0.182617478148567,3.97510714271988,0.511762717604521,0.482833843806972,0.698109740935841,"moc-2"
-0.20980558445221,3.81817118588152,0.511468218460694,0.482958785450789,0.698109740935841,"K02E11.7"
0.125424013914198,5.39519129606588,0.511271197720985,0.483039796102243,0.698109740935841,"ZK622.4"
0.206997958070978,3.5744736421169,0.511158602715282,0.483090854766657,0.698109740935841,"K11D12.9"
0.102695215136477,6.07662564744626,0.5109732018465,0.483165589280204,0.698109740935841,"ath-1"
0.0835052514454084,6.87500793526164,0.510882072274309,0.483204065427867,0.698109740935841,"rfp-1"
0.0811473525380743,7.03581561663208,0.510372711833462,0.483419476007907,0.69830748353961,"mrpl-12"
-0.149488390388687,5.11793555615216,0.509443621166274,0.483813127633059,0.698704572121292,"C56C10.7"
-0.10381713730867,5.93913527983603,0.509352394881312,0.483851540945989,0.698704572121292,"D2013.6"
0.131434873828936,4.90505469201203,0.508788657667614,0.484090850706714,0.698829585849405,"rhgf-2"
0.131741930387631,4.88295726253558,0.508778169687088,0.484095312028623,0.698829585849405,"F42H10.6"
-0.107182895699094,6.01783455409039,0.508491479487287,0.484216555161033,0.698891135054666,"dnj-23"
-0.105024858095024,5.75014796572876,0.508255087084799,0.484316899243992,0.698922504654817,"tag-304"
-0.0751634029664396,7.12159389368534,0.507440640878489,0.484662679087672,0.699225248525527,"pbs-3"
0.2363769790268,3.61534004899121,0.507398527713664,0.484683973305908,0.699225248525527,"bre-4"
-0.133469285411141,4.95200626959126,0.506957665131618,0.48486837284437,0.69937779087594,"K11G12.6"
0.138320270900964,5.3874941765817,0.506129160007903,0.485220713887698,0.699759828555719,"C45B2.6"
-0.17338211108455,4.67839385710538,0.505965850451966,0.485290642545784,0.699759828555719,"lgc-26"
-0.0745248801225671,7.13889876152438,0.505776212402856,0.485370831875142,0.699761969547898,"C23G10.2"
0.181801746487869,4.03611076326122,0.505571105703008,0.485459821959677,0.699776795889022,"C37A5.7"
-0.141475879503112,4.90882238588678,0.50426458312559,0.486015921346824,0.700310834245597,"F17A9.5"
0.109230555106556,7.16473994404689,0.504156044001937,0.48606185456001,0.700310834245597,"acox-1.5"
0.0671406804716045,8.15490755479478,0.504050393078469,0.486106930373414,0.700310834245597,"gars-1"
-0.0985380939156842,6.04532915227987,0.503960642169062,0.486145368233475,0.700310834245597,"C03G6.5"
0.275417421782819,3.11558438642852,0.503296352619122,0.486439025223848,0.700620342340067,"F55A11.7"
0.1699862530931,4.42124886660877,0.503087241545108,0.486519489203919,0.700622737044386,"gut-2"
0.139254187562159,5.0305634182398,0.501992406234323,0.486987646577147,0.701154727713229,"T22C1.3"
0.164071475882744,4.65604277663073,0.501385624534886,0.487247979071925,0.701154727713229,"cpsf-4"
0.143270075578778,4.71320317821294,0.501322200164758,0.487275128430668,0.701154727713229,"angl-1"
0.077020801704473,7.21800374298038,0.50125240060126,0.487304519521668,0.701154727713229,"F14B8.5"
0.09689457202291,6.11921273888362,0.501191915743482,0.487330513988573,0.701154727713229,"F48E8.4"
0.119115381940475,5.5308499246688,0.501118552011467,0.487362075949584,0.701154727713229,"ebp-1"
0.146936476505421,4.85223791209162,0.500787946710969,0.487504238994538,0.701209224887398,"F25B4.8"
0.208961450761681,3.79581713055314,0.500488448427921,0.487634809897528,0.701209224887398,"F23H11.2"
-0.194034521016805,3.90875002036151,0.500371852577028,0.487684459719219,0.701209224887398,"T22C1.5"
-0.115315738900185,5.82128765664447,0.500295258421199,0.487715425340644,0.701209224887398,"acy-4"
0.126129041602855,5.15621042396726,0.499753873081062,0.487948260306284,0.701430554952816,"arr-1"
-0.100566392356782,6.10545533655985,0.499141390346537,0.488211442257847,0.701695430506711,"Y48C3A.3"
-0.120853832244176,5.63465985003638,0.498779940612501,0.488367070183023,0.70173935834336,"T23F2.2"
0.0795026602530301,7.30366624245868,0.498703499486323,0.488399859344136,0.70173935834336,"unc-129"
-0.132778943086153,5.08002870718735,0.498082653392679,0.488667625805043,0.701848388166588,"phip-1"
0.104918544219259,5.76350702272934,0.498079141258028,0.488668909369022,0.701848388166588,"pqn-51"
-0.180469481269974,4.10590578924991,0.497980978789695,0.488712560020172,0.701848388166588,"Y51H4A.24"
-0.207234784806166,4.31569720057279,0.497567302340028,0.488890521337047,0.701950121153123,"nnt-1"
-0.10366470324476,5.82836765926255,0.497203713983541,0.489046435799502,0.701950121153123,"hum-7"
0.124768736535847,5.19143358872284,0.496884552409379,0.489184388322698,0.701950121153123,"F45F2.9"
-0.135964863134476,5.19895113470311,0.496739512293868,0.489247016499734,0.701950121153123,"spin-4"
0.1980492080586,3.86571755424196,0.496644569101099,0.489289880997859,0.701950121153123,"D2085.7"
0.136329282926701,5.48424410764874,0.496574984295395,0.489317963902837,0.701950121153123,"nlp-47"
0.0762411750750749,7.29671312966213,0.496410498865377,0.489388857780428,0.701950121153123,"K02D10.1"
0.156438670284662,4.93737005886955,0.496329187285281,0.489424387595805,0.701950121153123,"F44A2.5"
0.147575327837082,4.91227498189664,0.496168248071775,0.489493954690065,0.701950121153123,"C05D11.5"
0.0643983589777486,8.13096856739549,0.494943307692253,0.490023448920374,0.702596111006457,"srp-7"
-0.0578197874073613,10.9909452049408,0.494154756100747,0.490365115289588,0.702972628190862,"hsp-6"
0.199622084848748,3.86447341917974,0.493867424151343,0.490491891169534,0.702994938095796,"dyf-6"
0.111064981668879,5.69428553451927,0.493754578142182,0.490538814075618,0.702994938095796,"F43C9.2"
0.0717066236721792,7.5169748621022,0.493103048149667,0.490821468699015,0.703170599398018,"vha-17"
-0.200610939469133,3.86576149577156,0.492936171159262,0.490896118866352,0.703170599398018,"F35C11.6"
0.0706128986667198,7.56565308574998,0.492810358065793,0.490948590419894,0.703170599398018,"gmps-1"
-0.103150796884285,6.02736471989536,0.492743479571665,0.490977739406467,0.703170599398018,"rilp-1"
0.113251703929629,5.77261061416035,0.492246329059168,0.491193853049721,0.703366813893553,"pqn-65"
-0.0956949650265296,6.05527422698061,0.491945186511089,0.491324793094479,0.703428462324862,"aos-1"
0.118959945947861,5.55086412173906,0.491783677559422,0.491395138848242,0.703428462324862,"T01H8.2"
-0.139573377291489,4.77692503572128,0.490922334257721,0.491770533610826,0.703711267223399,"trp-1"
0.131284367055652,4.87125930435174,0.490835568770942,0.491808269872947,0.703711267223399,"T01G1.4"
0.122595621334293,5.26260667463571,0.490636366003182,0.491894899498994,0.703711267223399,"C55A6.7"
-0.115890345679605,5.898996641889,0.490602969177688,0.491909293194627,0.703711267223399,"C52B9.4"
0.130540447884119,5.05531541920586,0.489360151715234,0.492451815491073,0.70437404947412,"K09H9.5"
0.0702154666131966,7.86553593703615,0.488197190972877,0.492959814939888,0.704956804629394,"Y69H2.3"
-0.0930917583220463,6.3111229590295,0.487899083559433,0.493090347846618,0.704956804629394,"T26E3.4"
0.0581688539288034,10.3643632389148,0.487883460314303,0.493097105836262,0.704956804629394,"Y16B4A.2"
0.207087834019583,3.79441473130722,0.487292791555926,0.49335822895419,0.705216722448827,"Y119C1B.3"
0.146259854758601,4.63518923533068,0.486803136455598,0.493571039176183,0.705407508329118,"Y38C1AA.6"
0.0941685467054799,6.36736677135896,0.485988892472416,0.493927705583676,0.70580379786957,"flp-14"
-0.071186418147537,7.33084925541091,0.485476455303117,0.494152721508653,0.706011866773812,"lmd-3"
0.120941261549959,5.57621377860655,0.484780119451312,0.494458957445764,0.706235088933445,"Y102A11A.3"
-0.105130660461684,5.89511316283514,0.484759846763948,0.494467824610358,0.706235088933445,"tbc-7"
-0.193558069401873,4.2380014722236,0.483543226096469,0.495004522117572,0.70688808322315,"M01H9.4"
0.165365548392963,4.55739976637829,0.48315940160583,0.495173242978943,0.707015465444962,"C49A9.9"
-0.0831148907296433,6.80432314206263,0.482882545554975,0.495294680570679,0.707033884341889,"dbn-1"
-0.140620395396708,4.59397918573291,0.482769494564501,0.495345187894008,0.707033884341889,"ubc-26"
0.189738905846101,4.33145235166294,0.481780306985467,0.495782270388367,0.707489864261793,"ceh-79"
-0.106065810438946,6.06066857483527,0.481684291111504,0.495823793073359,0.707489864261793,"Y25C1A.7"
-0.211005257834328,3.8190024421698,0.481124437496029,0.496073597301794,0.707732726830912,"ugt-52"
-0.195940921168586,3.75920763666118,0.480840436179356,0.496199496193954,0.707755546552257,"pes-5"
-0.147940180094596,4.44239439955271,0.480725041783082,0.496248799595858,0.707755546552257,"wht-2"
-0.111607085332923,6.01718617971142,0.480068775752602,0.496538656993574,0.708055364768223,"C25F9.11"
0.0911430431319955,6.72026524573526,0.479405598953579,0.496832585667405,0.708359209533144,"inx-16"
0.138895119499691,5.40439679243388,0.479229032216091,0.496911077478148,0.708359209533144,"pll-1"
-0.134073036476058,5.21331139041068,0.478773936647134,0.497113116736559,0.708533619894958,"gcc-2"
0.152278029050143,4.36367449274923,0.478328049839688,0.497311783155386,0.708703167820891,"sdc-1"
0.116456620412192,5.68209216178522,0.477863103710861,0.497517607080307,0.708882859703688,"cup-5"
0.123779580954271,5.44207590047921,0.477625676185977,0.497623254832201,0.708919781880002,"lrk-1"
-0.0872126573105991,6.35211430893055,0.477132487971405,0.497842536764651,0.709033059765627,"pfn-3"
-0.261396731554036,3.15293170476878,0.476966256937555,0.497925557505944,0.709033059765627,"polq-1"
-0.0984009619646613,6.05371617457427,0.476909083695375,0.497942011604608,0.709033059765627,"vps-24"
-0.054265267393687,11.1463775369008,0.475937218726577,0.498374949821331,0.709348471623672,"hsp-60"
0.0859003458203938,7.30470234526434,0.475827735570754,0.498423813034496,0.709348471623672,"kvs-5"
-0.216514903710205,3.94213709757453,0.475810040397033,0.498433581488114,0.709348471623672,"nhr-136"
-0.0914692899875848,6.07314176586492,0.475553517917267,0.498546199390281,0.709348471623672,"C49F8.3"
-0.17361079764091,4.61699410909157,0.475460811762072,0.498588133188719,0.709348471623672,"lin-26"
-0.181125633084264,4.41420348878803,0.475340142824012,0.498642216583956,0.709348471623672,"T02C12.5"
-0.146516161204691,4.88658517784526,0.47364948652046,0.499397371787364,0.710309075757711,"cpna-3"
0.0649104028508393,8.0043724195372,0.473102212775202,0.499641937517688,0.710543260791709,"elo-3"
0.0763775164640083,7.51782203394449,0.47288593874638,0.499738838366071,0.710567409549455,"xpo-1"
0.191483886688367,4.12811279302249,0.472122143875879,0.50008261910023,0.710833880059392,"mdt-10"
-0.074532901940441,7.58093767031131,0.472111249060899,0.500086145514733,0.710833880059392,"mboa-3"
0.279816106832578,3.51999091251383,0.471239308505113,0.500481557825385,0.711282213974663,"E04D5.2"
-0.0933440056181778,6.25779906270356,0.470157730485369,0.50096390865959,0.711651629698127,"Y69A2AR.22"
0.106652335443425,5.53838869883907,0.469777652048198,0.501135084889204,0.711651629698127,"Y53G8AR.8"
0.221913013722837,3.72107793494759,0.469735523740619,0.501156585651801,0.711651629698127,"B0432.7"
-0.169669522654525,4.0376328121032,0.469644247033621,0.501196582974321,0.711651629698127,"R05D7.5"
-0.137364087604708,4.62179520378558,0.469522319246345,0.501250544705318,0.711651629698127,"tbc-6"
0.106777667216337,5.75443590374493,0.469414572899631,0.501298562183356,0.711651629698127,"C16C10.4"
-0.0934637882629776,6.54542160922506,0.469407274268977,0.501301783466356,0.711651629698127,"sup-46"
-0.0986212392054304,6.0262741553192,0.468569632682875,0.501679438720499,0.711953557666293,"Y54E10BR.3"
-0.110328209004904,5.43474833418896,0.468314662756575,0.501794594323838,0.711953557666293,"Y57G11C.31"
0.164213730741326,4.66767420725105,0.468309735481575,0.501797207056057,0.711953557666293,"efn-2"
0.135230874849475,4.82550816066665,0.46799011186969,0.501941369453593,0.711953557666293,"svh-5"
0.0594835800071421,8.78140807013459,0.467793574574478,0.502029638212324,0.711953557666293,"cpn-3"
-0.143240877808439,4.99954383918604,0.467764032383397,0.502043372959057,0.711953557666293,"arc-1"
0.131516168436752,5.2141828193371,0.467693812217963,0.502074997926854,0.711953557666293,"seb-3"
0.198257118286716,4.29970654270989,0.467294628167488,0.502256124195079,0.712096826697249,"ssr-2"
-0.152315584647071,5.16423170320442,0.466721376254692,0.502514640982946,0.712349756533701,"unc-79"
-0.143339196116901,4.56697557272491,0.466349276889117,0.502683424864293,0.712422749894886,"F35H10.2"
0.0846644917191515,6.55962795837299,0.466252966569372,0.50272638992695,0.712422749894886,"cam-1"
0.152961955411099,5.21034137586344,0.465568612054211,0.503036643850634,0.712647619757946,"spas-1"
0.189173326364626,3.9968527025141,0.465552406627353,0.503045378652668,0.712647619757946,"T24E12.5"
-0.124841798700035,5.47426791593715,0.464721302916851,0.503420854584074,0.713065926096384,"nhr-42"
-0.109129333435368,5.39076619707134,0.464064266908327,0.503719245681474,0.713187413814464,"duo-3"
0.149962981446502,4.67498002961142,0.464037375263513,0.503731832639542,0.713187413814464,"F42F12.4"
-0.0704866333315419,7.92236114408805,0.464002103926421,0.503747267883797,0.713187413814464,"mars-1"
0.125547755778804,5.16372447521122,0.463491767806299,0.503979563261853,0.713402690170536,"mif-1"
-0.239848277324846,3.41198054504393,0.463298552207511,0.504072149024095,0.713420165070555,"zyg-1"
0.166365102437309,4.36944989941492,0.463012797006582,0.504198075461185,0.713484814407988,"glb-25"
-0.118924682943394,5.41561061730174,0.462693938788857,0.504342518569545,0.713575641725307,"lmtr-2"
0.191388433742544,3.70820962784581,0.462482101442942,0.504441499779957,0.713602128010119,"iglr-3"
0.102573559470727,5.89544757540599,0.462053839593135,0.504634022974117,0.713760912863963,"gpa-7"
0.0952909815820561,5.94413142515436,0.461617533409071,0.504832956225986,0.713928712232423,"obr-1"
-0.166958120057953,4.29813643365065,0.461138857904037,0.505052311717953,0.714125334523588,"cyb-1"
0.206075371742864,3.8421918998791,0.460416618670673,0.50538331384817,0.714479733411366,"T07C4.12"
0.0863175668136088,6.5204030852793,0.459712815326335,0.505703014574953,0.714818044926218,"cft-1"
-0.212110439797017,3.9425945937092,0.459346707752118,0.505872368088676,0.714943764850805,"K09C4.1"
0.183676200201237,3.78301444754792,0.458963397512003,0.506048422725809,0.714993254772793,"Y56A3A.28"
0.07725978104356,7.03904191658458,0.458915035876007,0.506068220929613,0.714993254772793,"C15C7.4"
-0.204323638882226,3.70851168419129,0.458719553484963,0.506160533394353,0.715010057580107,"R186.1"
0.17770909381127,4.30829386757376,0.457578986317127,0.506681880869509,0.715576267956718,"Y106G6H.8"
0.148370730402146,4.42635373196067,0.457490528597813,0.506722324041783,0.715576267956718,"chk-1"
0.0948807931221434,6.3112240609998,0.457119421635111,0.506891998239736,0.715702200468397,"T13H5.8"
-0.0729376112340897,7.41330929855316,0.456740551978348,0.507066059328093,0.715834286040977,"istr-1"
-0.103950418757091,6.38164474525525,0.456523470396399,0.507165917006892,0.71586159201592,"acl-9"
0.126962709112205,5.13792195173249,0.456234422845807,0.507299116886865,0.715935944165257,"ascc-1"
0.10914451673129,5.74207958012453,0.455812832374445,0.507492956196336,0.716095837730776,"nmrk-1"
0.175207101046862,4.30372285672546,0.455497439294054,0.507639078793787,0.716188360767306,"F08D12.2"
0.103653704021681,5.71214364576811,0.454469073895231,0.50811227677437,0.716742226368543,"ric-8"
0.0571882565240887,10.5286185673101,0.453911859061962,0.508369342937665,0.71699108947633,"tkt-1"
0.2555538988125,3.22898145865805,0.453551227267258,0.508543044969489,0.71710529587013,"lgc-4"
0.139574115509398,4.84951173407347,0.453252819158497,0.5086743120973,0.71710529587013,"C54E4.4"
0.117880532083299,5.10214903687623,0.453213666387552,0.508692284450895,0.71710529587013,"gon-4"
0.203838338929854,4.40330753459556,0.452784063373943,0.508891506263082,0.717272413155527,"pals-19"
-0.152409219545715,4.52412298387942,0.451960299123043,0.509272730257935,0.717695965243826,"moa-2"
-0.0976495834416191,6.35217456025515,0.451615367814829,0.509431905825602,0.717806509460448,"ZC21.3"
0.0752803349350141,7.34388910945735,0.451249510285699,0.509601498282049,0.717931694062066,"snr-1"
0.114452718895965,5.42127728102218,0.450877644239012,0.509774201908171,0.71806122135069,"Y59C2A.2"
-0.111633779375602,5.32691035868499,0.449393612885862,0.510463762241133,0.718899784825737,"daf-19"
0.105180869630385,5.43825995202098,0.449248499983991,0.510531238487201,0.718899784825737,"F35A5.8"
-0.191409310379419,3.78346159562737,0.448957923526485,0.510668674691246,0.71897944365477,"B0432.14"
-0.0961587762785699,5.75012676694231,0.447810816785087,0.511200898574155,0.719614817799685,"cka-2"
0.0933919755463588,5.9425625879707,0.447570864398683,0.511312807209943,0.719639477101437,"tsp-9"
-0.0709813445121059,8.82468727307569,0.447426001864824,0.511380296516351,0.719639477101437,"col-166"
-0.135827282284158,4.64839946482406,0.446923740446612,0.511615400657992,0.71985638981646,"E01G6.2"
-0.172997168317898,4.0363994659748,0.446488896441973,0.511819528082793,0.720029655725334,"K07D4.9"
-0.131106145474297,5.03218482699826,0.446169357430596,0.51196772080521,0.720124190109022,"mutd-1"
-0.18273299010823,3.97290966759402,0.445857474319688,0.512114990180957,0.720217396029561,"cec-2"
0.153271930627603,4.36513069380068,0.445085691353766,0.512475487316491,0.720504029406431,"elp-1"
-0.0829519840169076,6.78122741359365,0.445072356017804,0.512480877512796,0.720504029406431,"pfd-2"
-0.105123459379145,5.63961569066108,0.444388717198961,0.512801424805203,0.72084070639416,"K03B4.1"
-0.150064171288725,4.4270067239359,0.443764436954021,0.51309505830064,0.721139450419063,"nhr-204"
-0.194107918479077,4.04696381490919,0.443301714759037,0.513313081907079,0.721331849412966,"nhr-212"
-0.107502878956602,5.40674059595357,0.442944554269563,0.513479620944144,0.721403480020278,"clh-6"
-0.0687839194718933,7.42578878965021,0.44284479265244,0.513526332813895,0.721403480020278,"C18E9.5"
0.128259769985913,5.10610952961649,0.442458735535927,0.513708217995857,0.721490213631496,"mys-4"
-0.11085698751226,5.72828803871234,0.442368737984519,0.513750370318412,0.721490213631496,"fmo-4"
0.0655578871666884,8.35212282099034,0.441646452779607,0.514090323607678,0.721853611370162,"F22H10.3"
0.0698909490961323,8.75835599276184,0.440829691836386,0.514475378923109,0.722206048722981,"eef-1G"
-0.113538416480357,5.30302040173446,0.440770031933707,0.514503780520905,0.722206048722981,"lin-61"
0.0592648652241331,8.79882036874457,0.44058862377038,0.514589127866594,0.722211828865333,"acaa-2"
-0.0939936472646662,5.9985553985945,0.440273108711603,0.514738174296337,0.722306993003272,"drap-1"
-0.0961699938678936,6.28243409680949,0.439245904465524,0.51522360101727,0.722680252157111,"trpp-8"
0.111765558702979,5.24171109302631,0.439232932101522,0.515229937342527,0.722680252157111,"F20C5.4"
-0.159804581455435,4.34661597804466,0.439196121065196,0.515248016918674,0.722680252157111,"W09C5.7"
-0.162789937439611,4.36199408907433,0.438931279244231,0.515373301259263,0.722741959226516,"F25E5.5"
0.0945170258057434,5.76191014783951,0.43829215250816,0.515675126809636,0.723051183167398,"C06A8.8"
-0.165168722647377,4.31240668237918,0.438025917693659,0.51580214971048,0.723115249617767,"ZC373.5"
0.163496144579944,4.83711789039154,0.437601739032953,0.516002726356318,0.723282396347788,"Y22D7AL.15"
-0.18601568105353,3.66905108200726,0.437409423053431,0.516096404756362,0.723299674446534,"immt-2"
0.116673177103234,5.31267671184973,0.436617069403044,0.516469908367343,0.723709055207887,"cnk-1"
0.117858015543984,5.13939444638317,0.435146335977435,0.517169509485822,0.724575182609273,"lin-37"
-0.120606460843111,5.35128063800521,0.43496531918126,0.517255648743607,0.724581687880796,"ppfr-4"
0.0856677632431366,7.08154696435283,0.434010400071316,0.517710710268612,0.725104013062916,"tat-5"
-0.145309876342492,4.45679245041968,0.43384239089224,0.517791629618317,0.725104013062916,"snt-2"
0.150100534596364,4.78142010717722,0.433395442249761,0.518004720281261,0.725288183940266,"vps-41"
-0.134266753757939,4.85979985528918,0.433186963467359,0.518104263824458,0.725307199296147,"C14B1.3"
-0.0912518406235113,5.87536770913163,0.432890657321197,0.518245532309744,0.725307199296147,"F29B9.8"
0.137763364934922,4.77851865372295,0.432787322242025,0.518295314088496,0.725307199296147,"wve-1"
-0.0672972190659639,7.84600967161328,0.432477659722294,0.518442909662889,0.725307199296147,"T25G3.4"
-0.147723557594935,4.96490749352609,0.432346345255501,0.518506116870238,0.725307199296147,"cyp-44A1"
0.159474351972932,4.28196312739981,0.432307902169715,0.518525137552582,0.725307199296147,"C06A12.3"
-0.21211589256915,3.79433099155951,0.4321764760669,0.518589344947206,0.725307199296147,"AH9.6"
-0.0768944072277223,7.0765164639202,0.43175584191113,0.518788435357256,0.725408788746617,"pitr-1"
0.138185591562698,4.57384744890478,0.431680446576766,0.518825158884235,0.725408788746617,"gpa-2"
-0.0740508462392942,7.29756131612162,0.430916190662883,0.519190840029583,0.725805936902991,"amph-1"
-0.146724496762325,4.4553914121694,0.430359286526721,0.51945880250276,0.725955617379198,"H02F09.3"
-0.234451653217031,3.85108609246163,0.430232281707547,0.519521090357025,0.725955617379198,"T20D3.5"
0.099527715492207,5.57688131996299,0.430107824238776,0.519578907366883,0.725955617379198,"C27A7.5"
0.105393266649165,5.45409108395062,0.429832379368749,0.519711261420104,0.725955617379198,"F54C9.7"
-0.115475492665048,5.24512272660833,0.429715071127374,0.519767704802484,0.725955617379198,"F30A10.3"
0.106739538894965,5.69280939867053,0.429672938516076,0.519787814670563,0.725955617379198,"sid-3"
0.196998646087839,3.65697433075113,0.427935199076322,0.520626913731704,0.727013332808007,"C50D2.6"
-0.23187387785738,3.44094125937669,0.427507497937653,0.5208347729822,0.727132524930791,"dna-2"
-0.0900175628195145,5.87538657833711,0.427413280921803,0.520875835258599,0.727132524930791,"grld-1"
0.122643839760961,5.15488854486556,0.425870113370805,0.521621454922024,0.727952875748721,"F46C8.3"
0.109849070647517,5.89502096446017,0.425857759036107,0.521627237812968,0.727952875748721,"dnj-2"
-0.118754286372087,5.1683435974037,0.4254491474895,0.521825137608235,0.728114767494479,"shl-1"
-0.0689390030187644,7.23579139582013,0.424458751216242,0.522304657383391,0.728486148713764,"tiar-1"
-0.186775917262789,3.80783182610883,0.424274896817432,0.522396009742742,0.728486148713764,"daz-1"
-0.16122523732035,4.60130692460119,0.424231164045566,0.522415615692876,0.728486148713764,"F19B2.5"
0.0910818535448596,5.86166337193278,0.424205839202702,0.522427375983202,0.728486148713764,"ubc-18"
-0.216657568620728,3.5041559888018,0.423879093865621,0.522589722242595,0.728486148713764,"tag-68"
0.14100863699403,4.80027133588684,0.423768120259093,0.522640130555137,0.728486148713764,"zak-1"
0.157384825073488,4.06790212915822,0.423719132371195,0.522664845646733,0.728486148713764,"dpm-3"
0.0776036042354966,6.95497077127376,0.4235308719165,0.522754887029716,0.728497445232164,"yars-1"
0.0698573755796002,7.19617468215662,0.422414057474551,0.52329771909273,0.729139636491688,"mrps-30"
0.0739936767619115,7.2136028898038,0.421704204389503,0.523643284679707,0.729506807284123,"ced-7"
-0.164018839464171,4.29730729623988,0.42127865710065,0.523851601641264,0.729512953397471,"lsm-1"
-0.0864386041663249,6.2022515736233,0.421212505015392,0.52388293425244,0.729512953397471,"pfn-1"
0.11550873934643,5.50520452348264,0.421167291707288,0.523905072113497,0.729512953397471,"F56H11.2"
-0.0980412531178937,5.8791795926337,0.421021908067957,0.523975899268502,0.729512953397471,"Y57E12AM.1"
-0.0590780763919643,7.95045561246639,0.420767257994662,0.524100004162314,0.729523671587865,"mct-4"
-0.0956342246342756,6.33931877402018,0.42066964372138,0.524147701507511,0.729523671587865,"sec-16"
0.0770833763290747,6.60963282477781,0.420308362071759,0.524324035759086,0.729654875870094,"mfap-1"
-0.0714873113398051,7.1004187851595,0.416757321604396,0.526063138177829,0.731714582591095,"Y37D8A.16"
0.107602736125527,5.49155607225029,0.41668310025741,0.526099739724641,0.731714582591095,"Y11D7A.10"
0.0713054406294142,6.98425816491922,0.416538873148813,0.526170471283042,0.731714582591095,"K10C3.4"
0.114097831089611,5.28554339796225,0.416432369151784,0.526223018874821,0.731714582591095,"T20D3.14"
0.0644690009529213,8.84323267136996,0.416340583590451,0.52626788569847,0.731714582591095,"eps-8"
-0.0629960037499488,8.60720339087632,0.416279503302501,0.526297914258245,0.731714582591095,"sax-7"
-0.0639100145150676,7.85180676518574,0.415889833006259,0.526489559911393,0.731866584923733,"dhs-3"
0.132150916851222,4.69372516711101,0.415672123180232,0.526597225895252,0.731901818889274,"irk-3"
-0.0964043398553329,5.71827429759244,0.415332778976278,0.526763870915263,0.731961364534502,"ntl-9"
-0.109098790931418,5.30695789612028,0.415250064648925,0.526804720690167,0.731961364534502,"rbf-1"
-0.114823590131692,5.23536259380921,0.414836607998827,0.527008451832654,0.732130022694395,"F55G1.15"
-0.137450999523049,4.69748328738553,0.41435573680226,0.527245825962439,0.732345358324018,"C49A9.4"
-0.190516948969031,3.64343942282634,0.414042277989828,0.527402902616608,0.7324491107723,"W05E10.1"
0.069199930256584,7.58386353370249,0.413413700472186,0.527710341849455,0.732761619457053,"teg-4"
0.136123567246364,4.55993650557957,0.413042815222077,0.52789429088705,0.732902582803991,"cox-10"
-0.0642739459721765,7.82336227678315,0.412581434207817,0.52812183286545,0.732988223974645,"K02F3.2"
-0.102415421909531,5.73414949086958,0.412510684853968,0.528156963233924,0.732988223974645,"Y69A2AR.16"
-0.105320434759854,5.5724232925254,0.412417116426829,0.528203301204089,0.732988223974645,"F14D7.6"
0.129086024624919,4.98240326044562,0.41223668824439,0.528292820314527,0.732998043916426,"smn-1"
-0.253036472048078,3.18994485273866,0.41137165900212,0.52872866696679,0.733257301923824,"Y37H2A.1"
-0.162059689768579,4.20097303764385,0.411351806465929,0.528732012002135,0.733257301923824,"sftd-3"
-0.18907935638302,3.9508108993814,0.411109201541481,0.528852913582549,0.733257301923824,"rpl-41.1"
0.125029964235888,4.75762273111223,0.410856980707254,0.528976821035153,0.733257301923824,"ubc-15"
0.168479965978692,4.15549550919311,0.410830689153929,0.52899058404411,0.733257301923824,"nlr-1"
0.0914813047872432,6.04172423968661,0.41073467645583,0.529037120789714,0.733257301923824,"T06D8.9"
-0.166224724085846,4.39033088382887,0.410582756973108,0.529113295299855,0.733257301923824,"C03D6.1"
0.149593909399326,4.44375749362737,0.410529923587272,0.529139449909263,0.733257301923824,"twk-33"
-0.161133229336278,4.11466694794899,0.41001523594511,0.529395653680207,0.733470610842129,"blos-1"
0.0939564576040379,5.8326464540766,0.409886664533804,0.529458371430074,0.733470610842129,"vps-28"
0.16602713792624,3.98643883604579,0.409193881773899,0.529804432064442,0.733710519012582,"lgl-1"
-0.134894443231734,4.99264151319267,0.409065158931274,0.529867279575245,0.733710519012582,"dpff-1"
-0.227369608757943,3.09746467355719,0.409059449834105,0.529879118499583,0.733710519012582,"F32D1.3"
-0.1855889959797,3.80590466024528,0.408575845001675,0.530112796009579,0.733916149633404,"lec-7"
0.0683196628627222,7.17100559787986,0.408411136307849,0.530192715003414,0.733916149633404,"dhs-22"
-0.233811017050055,3.44327111336044,0.40815840261761,0.530323021062003,0.733982250974825,"fic-1"
-0.0912439142793385,5.90887336749145,0.407912384134381,0.530441449774574,0.734031895711399,"rad-8"
-0.0828772363954915,6.36600338052825,0.407683016198942,0.530555845320976,0.734075944716588,"rbm-39"
0.118516232440789,4.94266063383914,0.407005266443542,0.530894556858288,0.734430294854059,"Y106G6H.14"
-0.167174712488464,4.20206492199303,0.406476071471265,0.531159808238876,0.734606812993798,"cebp-2"
0.154314085766981,4.36243909996422,0.406420361574689,0.531187403074696,0.734606812993798,"F13G3.6"
0.130450483614372,4.68077118027969,0.405752014700492,0.531521515883878,0.734910688945614,"ZK6.6"
-0.119909281203,4.93831558167869,0.405649984483801,0.531572448611994,0.734910688945614,"rfc-3"
-0.218289773335387,3.87711856968689,0.405114615621002,0.531842209623934,0.735169323035821,"R08D7.7"
-0.156910914678837,3.98589161340788,0.404839971899825,0.531979589824269,0.735204190070139,"C56G7.3"
-0.145422574862605,4.57860511352265,0.404714133071297,0.53204172995037,0.735204190070139,"C30H6.9"
-0.0825615465253857,6.41923421533771,0.404565930025915,0.532115505916246,0.735204190070139,"sel-1"
0.104048541709518,5.59009626737457,0.40360436868303,0.532598433402535,0.735754524767022,"tmd-2"
0.0701853053350781,7.43165490841946,0.403273696013456,0.532764546471317,0.735754524767022,"dap-3"
0.184881812725332,3.75936585006761,0.403182958203731,0.53281246729427,0.735754524767022,"M03A8.3"
-0.100525704653605,5.60136784005407,0.403114313086354,0.532844830162507,0.735754524767022,"F02E9.1"
-0.092050832960284,5.68422888869522,0.40258758110949,0.533109881178175,0.736006203968191,"F22G12.5"
-0.16681370440465,4.21719716680202,0.402261110223809,0.533275260927873,0.736120221224921,"tag-321"
-0.109227035657546,5.27884301209403,0.402055742856246,0.53337788511526,0.736131306222705,"C50D2.8"
0.12744464912677,4.720937723467,0.401700182663102,0.533557385973555,0.736131306222705,"cup-15"
-0.178701432656698,3.69530197193748,0.401689942024381,0.53356467445044,0.736131306222705,"gfi-3"
0.0599498459363365,8.9768617983227,0.401585967371625,0.533614471781052,0.736131306222705,"R10H10.3"
-0.0588410446338178,8.06474424254867,0.401008483442857,0.533905879872522,0.736419047152745,"hpo-19"
-0.0863753839883879,6.3629354933639,0.40073814247893,0.534042465140912,0.736493184049612,"dpy-31"
-0.0816235173812692,6.25839452206672,0.400369963400057,0.534228501590301,0.736635485055733,"nlp-15"
-0.0971402847370749,5.94752201659383,0.400025814023129,0.534402525768724,0.736680648020718,"tomm-7"
-0.159572037370015,4.65782908714296,0.399978406881643,0.53442696881494,0.736680648020718,"W02D3.12"
0.197210382389336,3.88487516236817,0.399016406002934,0.534915227604448,0.737239387479638,"K07F5.15"
-0.136336468456094,4.69705977643279,0.398409427544006,0.535221605156776,0.737547317335539,"spd-1"
-0.0662262551270465,7.25313743458376,0.39804487526223,0.535406068171165,0.737555482810066,"apg-1"
-0.0919404742866344,6.02889677773621,0.397936135519074,0.535461315096498,0.737555482810066,"let-60"
0.113218584207823,5.44328089604842,0.397906622748544,0.535476396528959,0.737555482810066,"Y39A3CL.7"
-0.130858790404815,4.84560502757478,0.397417776358811,0.535724904889569,0.737699394714132,"T06A1.5"
-0.181281796635505,3.83098245922226,0.397377842762808,0.535746821692627,0.737699394714132,"F08B6.1"
0.201993713833268,3.62918177654404,0.396645550120771,0.536119989112715,0.738098919665709,"kqt-2"
-0.187422346455405,3.64284188738972,0.396146181740398,0.536374161791482,0.738334521208866,"ace-4"
-0.0830422790561356,6.11988962369364,0.394520904886986,0.537200198186035,0.738898963715889,"R10E4.1"
-0.082258405832488,6.15716267439043,0.394347681920988,0.537288674653904,0.738898963715889,"F55A11.6"
0.10201697175588,5.30491487960071,0.394148761182862,0.537390470107105,0.738898963715889,"B0001.3"
-0.0853286962899837,6.04111600682411,0.394120525955967,0.537404754560241,0.738898963715889,"anat-1"
0.0998652501427874,5.43465208341069,0.394019671649198,0.537456410195165,0.738898963715889,"coa-7"
-0.15157918804831,4.72659653980187,0.393913022164103,0.537511241453291,0.738898963715889,"sms-3"
-0.214915645454354,3.50154561842997,0.393907699973323,0.537517233019036,0.738898963715889,"mps-2"
-0.10154103809262,6.75087791783884,0.393875227736684,0.537530107200883,0.738898963715889,"F53A9.6"
-0.118368335517576,5.34878527706615,0.393690169102239,0.537624911999513,0.738898963715889,"ncap-1"
0.0603218341100692,8.4646876431124,0.393605442433682,0.537668029240767,0.738898963715889,"T12D8.9"
0.154403653567484,4.10850640550055,0.393532257003474,0.537706738618654,0.738898963715889,"evl-20"
-0.0644546489193751,7.37153224266168,0.393383744452627,0.537781486245138,0.738898963715889,"ntl-4"
-0.137508132487718,4.40328693198582,0.392755637324331,0.538103876937803,0.73917303956833,"M153.2"
-0.0733634849778141,7.07975783367103,0.392616674636452,0.538174312892339,0.73917303956833,"rsu-1"
0.15449289672641,4.42924021190663,0.392508704502595,0.538230374329701,0.73917303956833,"glr-1"
-0.0644961832257462,8.69144631985317,0.392129085106091,0.538424243125228,0.739325088127629,"rps-8"
0.0878530711631871,7.48478069833735,0.391854158655736,0.538565307026766,0.739404593078285,"rps-10"
-0.134923923656679,4.4038403273137,0.391641194366084,0.538675394038867,0.739441551397185,"E01G6.3"
0.109757157172312,5.31814471609692,0.391455349838751,0.538770237900388,0.739457577210922,"C46C11.2"
0.0806896521409182,6.43195646834133,0.390816921333813,0.539098097830401,0.739793361291881,"lars-2"
0.0671828944972103,7.16687189383329,0.390298082898387,0.539364934037812,0.740045313044781,"cisd-3.2"
-0.15087542162382,4.44050561762842,0.390072913945741,0.539481547753184,0.740091103390458,"smcr-8"
-0.124429983012491,5.59048721053427,0.389654273709259,0.539696528585247,0.740271804327588,"F11A10.5"
0.135156930444764,4.65827101431708,0.388903925182879,0.540083748894309,0.740688664417601,"frh-1"
-0.120566341134018,4.91534188476281,0.388351452535095,0.540368737081635,0.740965213046393,"zgpa-1"
0.0864923026068388,6.11679532880892,0.387732602570326,0.540688173322448,0.741288905013089,"ltah-1.1"
-0.173306803288285,4.03865818734051,0.387054455872801,0.541040315075066,0.741657329838485,"F26F2.8"
0.0782214692986681,6.35575435963834,0.386721403901293,0.54121138646348,0.741777468328473,"F54D8.6"
-0.115679701396367,5.07807912627185,0.386409661827781,0.5413731349063,0.741884793842773,"sym-4"
0.127336284425307,5.30354632882551,0.385725771956761,0.541727664505882,0.74220058194217,"mcp-1"
-0.10367829949639,5.52591981492133,0.385558779777533,0.541814253486869,0.74220058194217,"vps-16"
-0.0879942143142678,6.13284467505803,0.385482022685568,0.541854007129302,0.74220058194217,"Y39G8B.9"
-0.106856118741927,5.44852910155405,0.384601463024598,0.542311552827924,0.742664522661855,"R04F11.3"
0.157811185262553,5.03232558832,0.38450899517234,0.542359773438694,0.742664522661855,"vps-54"
0.0851916120543498,6.0837479672309,0.38383301811326,0.542711243362805,0.743031361986248,"ugt-65"
-0.206730494100782,3.3954233108389,0.383193942189448,0.543048671358407,0.743378866366066,"dmsr-7"
-0.128395879743415,4.78435250116285,0.382960366132659,0.543166306890654,0.74342543635542,"zig-8"
-0.218500823221273,3.50150512483756,0.382780595834903,0.543263323862612,0.743436506379191,"exo-1"
-0.0539682252341098,8.47157817017598,0.382623369136572,0.543341628439094,0.743436506379191,"F27D4.4"
-0.129068100559272,4.68869073004051,0.382443764231785,0.54343588249102,0.743451058813304,"Y24F12A.1"
0.0637312420605934,9.40355277843905,0.382109080778746,0.543610095355316,0.74357497812371,"rpl-4"
-0.109466362906226,5.64780407274982,0.381915054810623,0.54371158152285,0.743599395680613,"F25E2.3"
0.107845475638449,5.16380723709582,0.381334548106536,0.544015173196229,0.743872545369457,"VM106R.1"
-0.120700898102254,4.97066304443047,0.38121336815361,0.544078637109164,0.743872545369457,"H18N23.2"
0.161865298235751,4.24579279949385,0.380792390913314,0.544299584569156,0.744006206882911,"rab-19"
0.202657826614047,3.60133199132104,0.380711798663667,0.54434376063135,0.744006206882911,"C31C9.6"
0.244774798347724,3.01703715036538,0.380479350890804,0.54447306612852,0.744019576910207,"glb-4"
-0.123963910426469,4.98837737129507,0.380368556376603,0.544520907316918,0.744019576910207,"cogc-8"
-0.0670640275057576,7.69959663430614,0.379998207815837,0.544714662962797,0.744103625825778,"emb-4"
-0.209284242763446,3.36366872554562,0.379940515225803,0.544749803227982,0.744103625825778,"nlp-69"
-0.133616949915298,4.7343646603436,0.379556279402961,0.544946939471608,0.744258562034111,"W04B5.5"
-0.0772191545981061,6.56084709879599,0.379327527829266,0.545066557657814,0.74430759701054,"gpc-2"
-0.100423120011913,5.63500841809517,0.379027275217718,0.545224290489765,0.744408655826858,"F39G3.5"
-0.0639022618967914,7.19365763715483,0.378712576436127,0.545389526341725,0.7445199261023,"chdp-1"
0.179097666363537,3.85591973729942,0.378169951941942,0.545676681246874,0.744797570304874,"tiar-3"
-0.195125328361625,3.75913080626463,0.377894942468696,0.545821775988517,0.74483980116596,"madf-2"
0.123784120375249,5.16227021095505,0.377789695593071,0.545875170891621,0.74483980116596,"tbc-10"
0.0614278527055054,8.81860976222723,0.377180741119036,0.546195632251643,0.745162707741193,"ldh-1"
-0.0725887874604596,8.1391870650413,0.376740331213474,0.546427825781097,0.745365111847151,"T28C12.4"
0.0940024304897452,5.75924325751346,0.376506700152317,0.546551190414304,0.745408751059514,"F36G3.2"
0.114257306394663,5.44676543290284,0.37620844760249,0.546708678931143,0.745408751059514,"F56E10.1"
0.162730556444038,4.00832806528165,0.376159526194909,0.546735778345755,0.745408751059514,"inx-11"
0.146434479908371,4.45630858443928,0.376045654847018,0.546795172017788,0.745408751059514,"nlp-80"
-0.168293234961669,4.03909500456225,0.375458344988167,0.547106187746885,0.745603288168078,"crb-3"
-0.0580542803679137,7.87840816100517,0.375380026933101,0.547146193872416,0.745603288168078,"cec-5"
-0.150854714378244,4.61668931184681,0.375299300066599,0.547189456225026,0.745603288168078,"hsb-1"
-0.151565973812935,4.17354319616579,0.37504272186775,0.547325725018343,0.745610352339975,"unc-130"
0.0976286115854103,5.84473785659232,0.374846725798427,0.547428421889935,0.745610352339975,"otub-1"
-0.0591160314194866,7.84841757973657,0.374592504011439,0.547562904712798,0.745610352339975,"T04A8.7"
-0.101553290536708,5.36398873191168,0.374516062096988,0.547603588178386,0.745610352339975,"nhr-32"
0.148454879792309,4.23813978647065,0.374483028968589,0.547621879017614,0.745610352339975,"Y94H6A.7"
0.0765004760681382,7.16522108633811,0.374337868471329,0.547697808022987,0.745610352339975,"ugt-17"
0.109690128850836,5.27479216104798,0.373687057123386,0.548042999044601,0.745966060089643,"rer-1"
0.063296464863922,7.24811404077004,0.373394988386427,0.548197758224286,0.746062493245389,"slc-25A10"
0.0750992467967724,6.63665208201564,0.372234829446061,0.548814137507555,0.746787036513571,"asp-8"
0.157622384192176,4.10683869822643,0.371710988128112,0.549094054649499,0.746980741223479,"exl-1"
-0.192682678637757,3.78366573657151,0.371655506822721,0.549124521947661,0.746980741223479,"poml-2"
-0.131622591776304,5.24849484829984,0.371429349849612,0.549243047765346,0.746983510275554,"rog-1"
0.129556915347563,4.73333933244915,0.370933103269772,0.54950772317104,0.746983510275554,"vps-33.1"
0.141862025863689,4.25418325919329,0.370920326884348,0.549515024445422,0.746983510275554,"hst-2"
-0.137082149506986,4.40349940372665,0.370844451296686,0.549555290537256,0.746983510275554,"Y76B12C.6"
0.132844263427995,4.45120147792649,0.370549269562,0.549712669909336,0.746983510275554,"M04C3.2"
0.0574651552886218,8.57362188347129,0.370535143869884,0.549719487664791,0.746983510275554,"alx-1"
-0.186680806275131,3.80679140046014,0.370536584994352,0.549720791770059,0.746983510275554,"mdt-28"
-0.0778780413715412,6.60057402546937,0.370386832141407,0.549798683077632,0.746983510275554,"Y77E11A.7"
0.172124478375963,4.15798513831141,0.37002714036919,0.549991786809619,0.747058006473229,"vps-53"
-0.197919054301489,3.58807370274723,0.369815573245313,0.550106734034048,0.747058006473229,"Y66D12A.21"
-0.187856989829519,3.64392196112495,0.369748570360841,0.550142227291389,0.747058006473229,"T10E9.1"
-0.188835166713313,3.48751826101814,0.369661670270175,0.550189610436026,0.747058006473229,"dnj-22"
-0.186236228105526,3.82988357401167,0.369147502761959,0.550462779872035,0.747172628066166,"R05A10.4"
0.0577978964625329,7.76578331415691,0.368853392074857,0.550618171966686,0.747172628066166,"gei-15"
0.102641812682057,6.24305398189915,0.368714334227855,0.550692674250014,0.747172628066166,"ned-8"
0.154685242928039,4.29522228117977,0.368605585951408,0.550751735930725,0.747172628066166,"F57C7.4"
0.134511959906826,4.68066052774381,0.368474464029548,0.5508215622116,0.747172628066166,"F42A10.9"
-0.0604680763822531,7.49428373712571,0.368400176579457,0.550860857428056,0.747172628066166,"hxk-3"
0.241462904361531,3.33166811897218,0.368406839666244,0.550862285116828,0.747172628066166,"sydn-1"
0.125433527518346,4.53927194232143,0.367065679669559,0.551577204985278,0.747933983450996,"K07B1.4"
-0.144304299753423,4.66899438796485,0.367038226092098,0.551591849003282,0.747933983450996,"egal-1"
0.0761030115663801,6.31878156819763,0.366417241141168,0.551925072308323,0.748271701417093,"mrg-1"
0.118714992318286,5.04998776102613,0.363697371178726,0.553391447292623,0.750145351102106,"F25H9.7"
-0.07393898134483,6.46216446164623,0.363475279130304,0.5535112438177,0.750193364143776,"spcs-2"
0.163766921120557,4.17248828293655,0.362755856606991,0.553901502368731,0.750575267777716,"F35H8.2"
-0.0727572884366097,7.30916615201608,0.362592029201832,0.553989148259139,0.750575267777716,"D2030.4"
-0.157556048251711,3.986056947366,0.362489272327226,0.554046280781144,0.750575267777716,"T01C3.2"
0.083459978257123,6.10475022785442,0.362143651983208,0.554232123809849,0.750712646677844,"ugt-61"
-0.0619347432812234,7.83435424501296,0.361877492360606,0.554376347186869,0.75079361810182,"gsk-3"
-0.0695914317925334,7.19050583433377,0.361425577386175,0.554621557264052,0.751011310635804,"acs-22"
-0.112459399684515,5.00986690137017,0.361266893500993,0.554707990466556,0.751013970342341,"arx-6"
0.197379660138685,3.65843023649836,0.360945543097882,0.554884772186178,0.751124524396847,"lim-4"
0.0782285974605021,6.41941787487675,0.360804988355707,0.55495860991597,0.751124524396847,"W10G11.19"
-0.0955621920819569,5.52357027396319,0.360372708416167,0.555193708050865,0.751240845871566,"ZK154.4"
-0.0706012110165062,6.83979694742319,0.360336028439171,0.555213541583856,0.751240845871566,"his-35"
0.162849884961148,4.20922191579131,0.359770750177723,0.555522134103996,0.751544019220729,"dct-15"
-0.172086708230888,4.88406304552755,0.359391999168561,0.555727792604399,0.751705199218412,"F42C5.4"
0.0855118915206057,6.19287694971184,0.359164504229107,0.555851455267552,0.751705199218412,"F28B3.10"
-0.0819665272145314,6.75686847885346,0.359084738175809,0.555894914504675,0.751705199218412,"nrf-5"
-0.0594149958110841,7.9874344078434,0.358553143854144,0.55618483242895,0.751982868784337,"eif-2beta"
-0.144906212645444,4.06703210334813,0.357877740393963,0.556554952488323,0.752273498112763,"E02H1.5"
-0.167150125312452,4.18432939013073,0.357711560844773,0.556645564309085,0.752273498112763,"trpl-2"
-0.117887686903876,4.76256650714084,0.357615593612457,0.556697401467365,0.752273498112763,"H10D18.5"
-0.0684660477099005,7.01130135510909,0.357531545664036,0.556742940627406,0.752273498112763,"F47G9.1"
0.0989229458197008,5.37965434665045,0.35738573206996,0.556822842321459,0.752273498112763,"mans-1"
-0.0781396452332167,6.15851437426684,0.357060707912959,0.557000547951431,0.752372399143979,"herc-1"
0.0569446205389848,9.6958997817907,0.35694224522619,0.557065312583636,0.752372399143979,"aqp-2"
0.125690579220731,4.59488477130083,0.356788769483859,0.557149912941622,0.752372399143979,"exc-1"
-0.135630649466183,5.07826107060955,0.356471509032995,0.557323423896386,0.752492416380071,"shk-1"
-0.0705341915134682,7.20435108843999,0.356083582884798,0.557535789685642,0.752548682904489,"F54B3.1"
-0.0763728750128965,6.70439371432516,0.355953646033874,0.557607059267253,0.752548682904489,"sft-4"
-0.14939630737713,4.32339565363873,0.355726106501065,0.557732697685249,0.752548682904489,"dop-5"
0.203709173690079,3.31355217887037,0.355726823118772,0.557736505542237,0.752548682904489,"Y39G10AR.9"
-0.0720171671461885,7.27079599566623,0.35562326334929,0.557788305065862,0.752548682904489,"H34C03.2"
0.0642030906441268,7.04667272304567,0.35519563706552,0.558023091599017,0.752751222486248,"R102.2"
-0.161615905017496,4.20048449874998,0.354770728152127,0.558257580992614,0.75295329984911,"acsd-1"
-0.149485568590945,4.02662156021833,0.353903261861453,0.558735169940618,0.753483148178679,"acr-24"
0.058970357785782,7.58111877764753,0.353613177436659,0.558893568205354,0.753582456007553,"pbs-7"
-0.0577804317481956,8.23156765637147,0.352772270850605,0.559357228888188,0.754093270969656,"lys-8"
-0.110356821014581,5.57767030214487,0.351950996399011,0.559810940813957,0.754566496855957,"K01G5.8"
-0.149500422145202,4.83657588354337,0.351830187970936,0.559877986701018,0.754566496855957,"his-1"
-0.0686959880768953,6.88898544001445,0.351379937666908,0.560126646311689,0.754787210117798,"snr-2"
-0.0999709204554008,5.66025653974778,0.350971525939392,0.56035280214288,0.754845527687819,"pho-13"
-0.16122417013835,3.98561768397423,0.350762113824953,0.560470147738632,0.754845527687819,"sas-7"
0.0856692766644518,5.82385804664331,0.35070577420783,0.560499981814212,0.754845527687819,"pqn-20"
-0.109675949193275,5.63758088850664,0.350688599105911,0.560509523540094,0.754845527687819,"sdc-3"
-0.089414356194887,6.42645424983906,0.350170900954433,0.560796438191204,0.755117542322883,"rskn-1"
0.0738471378739796,6.59472373553357,0.349542361165177,0.561145249633615,0.755472806555492,"nrde-2"
-0.0753987425738551,6.42723768791031,0.348749350844532,0.561585957814959,0.755951665546223,"sart-3"
-0.0853532985060269,5.99191922762601,0.348374496767294,0.561794542850955,0.755982472247014,"osm-7"
-0.0638891082702975,8.61270768524843,0.348296770546459,0.561837717914778,0.755982472247014,"spp-3"
0.130582528045812,4.88373457879141,0.348250368943587,0.561863927185723,0.755982472247014,"tac-1"
0.0658477455380259,6.9582018020411,0.347880842914773,0.562069381501475,0.756144480394858,"Y49E10.18"
-0.0862739112408279,5.90857392455033,0.347555167305634,0.562250929462473,0.756223208833974,"bpnt-1"
0.155730114284064,4.10864535568979,0.347362253830501,0.562359576928992,0.756223208833974,"exo-3"
0.0597088763818724,7.79094790124496,0.347318021045817,0.562383067912522,0.756223208833974,"paqr-1"
0.112441155669555,5.41233228919407,0.346652327449041,0.562754765769202,0.756605068571164,"F55F3.2"
0.135226224938393,4.35568281990254,0.346367616476502,0.562914414940206,0.756605068571164,"F47F2.1"
-0.118753952379898,5.16727968523711,0.346253008920249,0.562977927660483,0.756605068571164,"hmg-12"
-0.141622095885978,4.38500173450018,0.346201115328144,0.563007438270928,0.756605068571164,"E02H4.4"
0.0459290861747609,9.93483353301096,0.345589985396583,0.563348455122428,0.756948936752835,"inf-1"
-0.128284580532899,4.71330448138377,0.345180959166021,0.563577923156467,0.757142839949252,"C34E10.10"
-0.143487094663083,4.08671634768857,0.344550161165173,0.563932172785599,0.757402410742626,"eff-1"
-0.138824952211802,4.22784286935675,0.344435283043287,0.563996357972758,0.757402410742626,"C44B7.12"
-0.112179656203326,5.15404136568376,0.344245276180384,0.564102235468831,0.757402410742626,"unc-31"
0.101573883462243,5.2539185285936,0.344220214591759,0.564116261326833,0.757402410742626,"arrd-17"
0.13145462392491,5.17401044141603,0.344004954128079,0.564237102247457,0.757402410742626,"rbm-42"
-0.0705437377581804,7.31397653767111,0.343924107760756,0.564282259448786,0.757402410742626,"Y56A3A.19"
0.146172866839653,4.22013142324396,0.343632297778972,0.564447093500366,0.757509299367812,"F57G8.5"
0.133787393628967,4.38634556608155,0.341133304010592,0.565854200221003,0.759060723489972,"frpr-5"
0.18840389496283,3.70754112027945,0.340816148391807,0.566034838720717,0.759060723489972,"sprr-1"
-0.133274126454097,4.51668958437071,0.340633652593622,0.566136294291208,0.759060723489972,"fut-6"
0.105392736330113,5.20046508380105,0.340588859792137,0.566161229900947,0.759060723489972,"chn-1"
-0.14067129474164,4.22720219662208,0.340387061407843,0.566276028354241,0.759060723489972,"nhr-95"
0.146213203368007,4.22096849422671,0.340336316454833,0.56630471764631,0.759060723489972,"osm-1"
0.156706853515172,4.02756544882254,0.340217160180015,0.566372453592581,0.759060723489972,"Y59A8B.21"
-0.161004971735863,3.79466408294656,0.340164485967298,0.566402916362972,0.759060723489972,"C17G1.5"
-0.144368230765591,4.19137811566185,0.340081817161015,0.566448719457125,0.759060723489972,"daao-1"
-0.0722428334475476,6.49294946953737,0.339915975726411,0.566541578756728,0.759060723489972,"zfh-2"
-0.160304589786693,4.0784323135277,0.339916909593996,0.56654222934197,0.759060723489972,"viln-1"
0.126516238133686,4.77085068094869,0.339498254238553,0.566778451766761,0.759189410376431,"F26F4.9"
0.10627867169014,4.93877710592734,0.339444070514571,0.566809054783348,0.759189410376431,"R08D7.1"
0.108499184999966,5.13409002306156,0.339104278470629,0.567001519693616,0.75927008464721,"hda-6"
0.0685553187037402,7.02304182337643,0.339035845057479,0.567040081212178,0.75927008464721,"pbo-4"
-0.0541106636921594,8.46948906125484,0.338566030776851,0.567306509582231,0.759472218538106,"aagr-3"
0.101454507361415,5.07395931794194,0.338263198554799,0.567478692154583,0.759472218538106,"taf-3"
0.0740140310976499,6.34119039836408,0.338214502413547,0.56750611328247,0.759472218538106,"cdf-1"
0.124753780452408,4.54054777747701,0.338029205903389,0.567611886797743,0.759472218538106,"F48B9.8"
-0.0787199986860068,6.15085657834475,0.338017274228688,0.567618141062391,0.759472218538106,"tric-1B.1"
0.126814579132799,5.06109044326418,0.337675087758345,0.567812813014128,0.759500718109108,"ttm-5"
-0.108228560153566,5.32089695617691,0.337665681046976,0.567818077833941,0.759500718109108,"K09E4.4"
0.207647748816347,3.572361230249,0.337533924494328,0.567895711842239,0.759500718109108,"C54D2.2"
0.0771201961977925,6.54834967627295,0.336897449782956,0.568254964601372,0.759858991739406,"lex-1"
0.0547231962500455,8.1237407805197,0.336756722990572,0.568335043922609,0.759858991739406,"eif-3.I"
-0.0584077284917578,7.44044377676431,0.336607612673957,0.568419992583375,0.759858991739406,"Y92H12BR.3"
-0.0566330801003156,8.4624414733288,0.335878465235578,0.568835647244456,0.7601876276745,"acs-5"
0.0926970676889735,5.91843102498131,0.335779266137608,0.568892338967979,0.7601876276745,"unc-53"
-0.0609063889257119,8.20400612928348,0.335726540448603,0.568922334332035,0.7601876276745,"hrp-2"
0.104316731940432,4.97961091946772,0.335103325011839,0.569278533998122,0.760549278103276,"timp-1"
-0.064207861678369,7.51415252568518,0.334510235588299,0.569617308290522,0.760887543270888,"F35A5.1"
0.12539751032444,4.56811120942285,0.334061252033067,0.569874829752553,0.761117186620092,"rtel-1"
-0.0746062306611056,6.09444126195211,0.333692784009784,0.570085395110868,0.761247692489364,"bub-1"
0.123580621810901,4.86509984997447,0.333591419949482,0.570143784083531,0.761247692489364,"dnc-3"
-0.116557838925261,4.81144383651112,0.332697133677224,0.570656818421583,0.761718331975075,"algn-13"
0.0660715468629485,6.81871445038644,0.332677685698622,0.570667619984925,0.761718331975075,"zipt-15"
-0.0670835677584551,8.03263456122346,0.33187541464778,0.571128604169383,0.76221921640198,"rps-19"
-0.107645731463928,5.0421575418899,0.331376075929904,0.571416227580952,0.762488620654697,"pho-4"
0.334727262557107,2.59090688707311,0.330278389528697,0.572076040447791,0.763254513148456,"C54D10.10"
-0.0870493078672656,5.73490371304098,0.329869343412896,0.572284788848572,0.763369694434545,"ztf-4"
0.109835351492549,5.14398826250587,0.329784241283825,0.572334088752747,0.763369694434545,"ccnk-1"
0.100011705798661,5.06319552609807,0.329003541321694,0.57278537697948,0.763803003946241,"cnt-1"
-0.119558296574921,4.50953647632744,0.328925640074789,0.572830776100949,0.763803003946241,"cln-3.2"
-0.0739291255296887,6.86324447130557,0.32869004766333,0.572966537127253,0.763825870906884,"smg-3"
-0.106644506068639,5.81338767249432,0.328598238701894,0.573019745692151,0.763825870906884,"kmo-1"
0.0923825907989786,5.53164739949762,0.328059963945192,0.573331598748983,0.764127004118904,"C08B6.8"
-0.0809665616518285,6.3548435999704,0.327510462579244,0.573650180666785,0.764437013835189,"vps-11"
0.0473438972466844,9.26798490566763,0.327080730661809,0.573899577866197,0.764654750008745,"egl-21"
0.0565829892427432,7.57541603107069,0.326830547813305,0.574044916611399,0.764733795863343,"egl-27"
0.144692873850227,4.23531144275,0.326289269617144,0.5743605254444,0.765039615239875,"Y59E9AL.36"
-0.048991584271601,9.034670777388,0.325923266070064,0.574572578990172,0.765207429568847,"F54D5.12"
-0.157908837993832,3.98786993678752,0.325183899499774,0.57500473047045,0.76561099479043,"R06A10.4"
-0.0647699690628973,6.73131546302171,0.325107642080016,0.575047826252446,0.76561099479043,"F42C5.9"
-0.117537806884665,4.80055130966796,0.324214359099654,0.575569549397611,0.765885748436777,"Y119C1B.10"
-0.0630169916240026,6.77445859165067,0.324208226731882,0.575572767663667,0.765885748436777,"mpdu-1"
0.0601218292152632,7.06204161149615,0.324169365503739,0.575595463468534,0.765885748436777,"mrpl-19"
0.062305092913551,8.90070182140628,0.32416365841314,0.575598759538246,0.765885748436777,"rps-0"
-0.108529401929519,5.16927203793109,0.322095090781546,0.576810141933428,0.767319987446914,"R06F6.14"
0.101252566930305,5.86993776051189,0.321878301787145,0.576937211527885,0.767319987446914,"pqn-92"
0.105032894261135,5.48950239055572,0.321727010648038,0.577026095641197,0.767319987446914,"mdt-30"
0.057759137790768,7.44025050920202,0.321665944430962,0.57706181802982,0.767319987446914,"ZC449.5"
0.0902623398001531,5.53236731570384,0.32155227729235,0.577128703455797,0.767319987446914,"eif-2Bbeta"
-0.0550742082481293,8.16025022015269,0.321440077509337,0.577194474867277,0.767319987446914,"F21F3.6"
-0.0627300018181411,7.10555404842546,0.320839872364535,0.577547373865823,0.767508307100662,"snap-1"
0.059405323431288,8.92559114910943,0.320785524278644,0.577579309857648,0.767508307100662,"Y37E3.8"
-0.0957040012888382,5.38361903586126,0.320758990560268,0.577595105478633,0.767508307100662,"Y75B8A.25"
0.106182956937928,5.05293227347718,0.320525168124512,0.57773281919187,0.767576583298702,"coq-2"
0.2169861941541,3.21122307670433,0.320365598116217,0.577832469253502,0.767594275232763,"top-3"
-0.164171091339234,3.77076104373237,0.318806431376184,0.578748094628969,0.76867013014111,"H25P19.1"
0.0789838467763295,6.05932994956764,0.318689475200025,0.578815265020215,0.76867013014111,"dnj-17"
-0.103791837644692,4.9035377893474,0.318435961671954,0.578965382202639,0.768754661464107,"hil-5"
-0.0679030703974738,7.00401561550898,0.318244738836737,0.579078146058713,0.768789576916234,"ceh-20"
-0.067791355058597,6.44527815566467,0.31759771204871,0.579461111055362,0.769183149954198,"noca-1"
0.103739736289114,5.00073063462805,0.317423374256687,0.579564635352068,0.769189944595996,"C18A11.1"
0.0949335239137054,5.22312643077202,0.317297318408026,0.579639256415833,0.769189944595996,"C14C11.4"
0.0772785395848946,5.9715678193052,0.316763470189744,0.579955660332411,0.769494967320619,"C29F7.3"
-0.0834790751577092,5.68116644618731,0.315884266162019,0.580477797712856,0.77007282892644,"pgam-5"
0.0594813490298351,7.92167608343702,0.315548427373934,0.580677373921054,0.770222666199029,"F32D8.12"
-0.131915075459081,4.16399237006002,0.31403309043633,0.581581174541443,0.771209384873653,"B0563.6"
0.0846729152937353,5.7286352153813,0.314008796869385,0.581594750374293,0.771209384873653,"atg-5"
-0.125848860843451,4.72835431419822,0.312556043676289,0.582463332585118,0.772190688161973,"syd-2"
-0.0647177769213308,7.44866942193912,0.312382186992026,0.582566994265887,0.772190688161973,"ZK858.6"
0.0936891377257351,6.29290932499395,0.312077932905124,0.582749281608652,0.772190688161973,"hpo-6"
0.0784260020279855,5.86375321655869,0.311952079146218,0.582824732637799,0.772190688161973,"F33C8.4"
0.143825700255381,3.99700890818725,0.311950416887009,0.582826964241871,0.772190688161973,"M01E5.2"
-0.0868944744136647,5.57636167083806,0.311900167064187,0.582855888905073,0.772190688161973,"Y67A10A.10"
-0.142784941424988,4.08793536507578,0.311432709669227,0.583137242449485,0.772448334716682,"mig-32"
0.0820426301051854,5.85344455107423,0.311108480556184,0.583330790043821,0.77258961035001,"fmi-1"
0.046434619564554,9.75773793346308,0.310393692851751,0.583760190265455,0.773043171231778,"mca-3"
-0.0742901387821495,6.23933629030114,0.310248401803316,0.583847637086401,0.77304383340807,"met-2"
0.074787113018225,6.32562483607679,0.309992367979925,0.584001682345823,0.773111176106764,"pqn-15"
-0.0436344598553357,11.4521905567589,0.30960554608805,0.584234523265679,0.773111176106764,"asp-3"
0.195382584660392,3.41155688081183,0.309598072716192,0.584242834786823,0.773111176106764,"csc-1"
-0.160310483735478,3.62972189222437,0.30943327888487,0.584340852167332,0.773111176106764,"M18.6"
-0.0655021809220535,6.78591374637282,0.309365529134611,0.58437917707186,0.773111176106764,"scc-3"
0.0649342051248656,6.70304969982853,0.309221474539747,0.584466007089807,0.773111176106764,"C49A1.10"
-0.0586074318657445,7.353554197393,0.309056406976304,0.584565510783077,0.773111176106764,"mboa-6"
-0.0963832793294958,6.01524069224458,0.309009041586278,0.584594133052049,0.773111176106764,"inx-17"
-0.148434625591729,4.20655851369253,0.308758567101592,0.58474610966749,0.773197153636772,"dhhc-4"
-0.115907569481902,4.70696146352843,0.30812669928259,0.585127151602276,0.773585948683396,"gck-2"
0.134684889131182,4.33958644059894,0.307924725367867,0.585249532227427,0.773632707557843,"C54C6.6"
0.0632264413604861,7.98784285640664,0.3074216444717,0.585553050014971,0.773779463882223,"rpl-36.A"
-0.137043136550546,4.14494460188606,0.307351678212825,0.585596439727427,0.773779463882223,"emc-5"
0.0536569889093952,7.78779414759226,0.307308316031907,0.585621641262341,0.773779463882223,"rpn-8"
-0.0508992426800992,8.70443814960084,0.307074532675776,0.585763183360584,0.773829349134887,"tars-1"
-0.0560491015395205,8.42057836815406,0.306958494941722,0.585833466317279,0.773829349134887,"rpl-16"
-0.0534308855156753,9.49992161230121,0.30675543646355,0.585956496146331,0.7738768875872,"spp-5"
0.0891750292723486,5.4091721848287,0.306283521022991,0.586242811040972,0.774140031630073,"sec-3"
0.119483218174695,4.85296116510399,0.305975178117369,0.586430114933624,0.774225268498331,"cdc-6"
0.104070838402241,5.04278682700746,0.305631021301613,0.586639029714304,0.774225268498331,"tbp-1"
-0.0607101231138095,7.59964921184949,0.305621321435015,0.58664464579737,0.774225268498331,"pmp-1"
-0.077244173339396,6.32165944490917,0.305603245580464,0.586655678087196,0.774225268498331,"pfkb-1.2"
0.162774131896568,4.31360645924511,0.305009577768804,0.587017310559045,0.774587549447977,"dhhc-6"
0.0786598377487619,6.29081666172405,0.304662974657539,0.587227498561855,0.774645068871402,"C06H5.6"
-0.154649463982928,4.15414073427964,0.304651990695328,0.587235155122399,0.774645068871402,"R11D1.1"
0.0577712614618464,7.74473865419963,0.304251511365275,0.587478035404417,0.774784876974566,"C05D2.8"
-0.110767853652345,4.74560007612299,0.304190842173596,0.587515424649929,0.774784876974566,"twnk-1"
-0.055919910070723,7.52794895564908,0.304006446463331,0.587627403359201,0.774796602325537,"lec-4"
0.15649706438277,3.81836472454096,0.303892559606597,0.587698603765991,0.774796602325537,"Y54F10BM.9"
-0.074088922716383,6.84534301205302,0.303535267668053,0.587914819540041,0.774966739885916,"Y32H12A.8"
-0.0677010397630423,6.54521726263552,0.302956261671715,0.588268386816097,0.775317851642739,"Y53C10A.5"
-0.0724935131331345,6.60719716538119,0.301676581118057,0.589051372127114,0.776234733893905,"arx-2"
0.104926651436835,5.02506904579427,0.301302419022088,0.589280960088895,0.776240976181243,"cux-7"
-0.126952718190165,4.44987801040064,0.301206127767463,0.589340369036387,0.776240976181243,"W02D7.6"
0.15270442124537,3.8185291837201,0.301081926702241,0.589417678023369,0.776240976181243,"nphp-2"
-0.0846513820406196,5.66785015304471,0.301051242661775,0.589434850331101,0.776240976181243,"Y53F4B.13"
0.0777041111543891,6.6152097528107,0.300816721220282,0.589578711775058,0.776240976181243,"mrpl-44"
-0.135121891319224,4.12530738102757,0.3008163689143,0.58957994737959,0.776240976181243,"brc-2"
0.106400953025388,5.11811769811957,0.300052607782161,0.590048371191779,0.776630333994973,"twk-43"
-0.0710579511788796,6.82082999443646,0.300048994059021,0.590050377475655,0.776630333994973,"mig-10"
0.061027678671205,7.08971524396161,0.299811558506121,0.590196405716632,0.77670755524372,"ero-1"
-0.108940240678852,9.63672282044626,0.299359660321936,0.590474518128167,0.776916110236093,"ttn-1"
0.0914549057031579,5.29168465411407,0.299123649386819,0.590620101111214,0.776916110236093,"Y75B8A.8"
-0.169530625703679,3.74492445402582,0.298970747399919,0.590716151440196,0.776916110236093,"ska-3"
-0.100800699553589,5.35737874729035,0.298924658917307,0.590742710575526,0.776916110236093,"gei-1"
0.104488870936635,5.01189012606657,0.298845220304375,0.590791791846387,0.776916110236093,"mfn-1"
0.137878903933329,4.05941175264443,0.297949559975875,0.591345389945972,0.77752911298575,"acs-21"
0.0572254016043513,8.07387478451833,0.29758752424593,0.591567954281419,0.777706739836773,"cox-6C"
-0.0529888930617259,7.78320697052675,0.297433336910584,0.591663293044606,0.777717081380779,"acly-1"
-0.0855082754485866,5.6306653494534,0.29645693661951,0.592267886552336,0.778396715349124,"sel-10"
-0.11270258852757,4.6690574058276,0.296105495996247,0.592486125116131,0.778567491081855,"prx-12"
-0.139348853396416,4.08884079093261,0.295966559899585,0.592572962788316,0.778567491081855,"egl-43"
0.167957767419668,3.92174692431933,0.295322628133416,0.592973093580784,0.778978099146979,"F30F8.5"
0.12097459199975,4.69130314233132,0.294886933894868,0.593242920101889,0.779217432800398,"frm-3"
0.134458585580759,4.11703855590063,0.294563344822614,0.59344484595264,0.779367522210476,"F40H3.2"
-0.129043310673831,4.54362065014791,0.294357425172598,0.593572528193002,0.779420078003838,"cox-17"
0.134288838085481,4.0576349954302,0.294035823715652,0.593773443360549,0.779568766231342,"dop-1"
0.113185286934921,5.1952157917572,0.293669285604015,0.594000992953038,0.7797523738883,"K09E4.3"
0.125175734756297,4.2977098563537,0.293483282450824,0.59411756636303,0.779788283305296,"clec-64"
0.0583423338325563,7.76990358932122,0.293343878102482,0.594203758789043,0.779788283305296,"F58F12.1"
0.0846382662901926,6.08950229592354,0.293003923013529,0.594416053390364,0.779951760728118,"gpx-1"
0.0592916255675449,8.0148175105896,0.292645938806662,0.594639637475577,0.780030543526883,"myo-6"
-0.065579211252232,6.47012450430471,0.292626943193597,0.594651560457228,0.780030543526883,"T22C1.6"
0.0508611590033094,8.87721128980784,0.291908389215246,0.595100989368162,0.780490360992087,"cox-5A"
0.0470064042273954,8.67689531338329,0.29178592381641,0.595177668150528,0.780490360992087,"ctps-1"
0.169825874738635,3.6439082073227,0.291308338098525,0.595479242151536,0.780555827316894,"F45G2.7"
-0.166300905950212,3.60123645176938,0.291228970727568,0.595529244558971,0.780555827316894,"kqt-3"
0.0626322813789425,6.56306775077672,0.291105860267628,0.595603902978088,0.780555827316894,"nos-3"
0.0703495092516891,6.34913365850399,0.291022188292335,0.595656390861348,0.780555827316894,"plrg-1"
-0.068136442767729,6.85138007721487,0.29096536992695,0.59569201760731,0.780555827316894,"cnb-1"
0.0672439181524299,6.50839572131934,0.290814510642772,0.59578668707009,0.780555827316894,"Y57E12AL.6"
-0.101479580173146,5.35706732763045,0.290591350235889,0.595926899189182,0.780555827316894,"pole-2"
-0.129801488102679,4.16510001743817,0.290396029812698,0.596050366570494,0.780555827316894,"Y53C12A.10"
-0.0993611029772282,5.57017015267414,0.29038885645936,0.596054021341873,0.780555827316894,"T28H10.2"
-0.0533153224276684,7.76986344545796,0.29030669947237,0.596105507533653,0.780555827316894,"F02A9.10"
0.0853901993843268,5.6325081083324,0.289983871632975,0.596308520393231,0.780706678665325,"nhr-114"
-0.109394220171215,4.70777637283709,0.2896358665958,0.596527729075859,0.780878686574421,"ttr-20"
0.0764654083267268,5.72723748579052,0.289387520203633,0.59668370776328,0.780903754857527,"T01G1.2"
-0.107721577402176,4.92036122446785,0.289326197787717,0.596722540828033,0.780903754857527,"chpf-2"
0.051946202899392,8.07682189815814,0.288195745117921,0.597434929727033,0.781710110975757,"lim-9"
-0.0807109515308368,5.79911656587513,0.288045543065699,0.597529858812341,0.781710110975757,"acdh-2"
0.106323239255641,5.12376914715603,0.287833122902448,0.597664183632969,0.781710110975757,"mus-101"
-0.0552479586400069,7.32279743305994,0.287480168393612,0.59788704169236,0.781710110975757,"mrpl-38"
0.105756697886361,5.00062725385238,0.287402838237143,0.597936204498334,0.781710110975757,"gpx-7"
0.0955090481834938,5.25711392857073,0.287386020377533,0.597946758095839,0.781710110975757,"Y71G12B.13"
0.0505746891094627,7.91297338772242,0.287373985931285,0.597954163170186,0.781710110975757,"F32H5.1"
0.0878585440701368,5.39791156643114,0.287060007209604,0.598152976355318,0.781855059214221,"C33F10.14"
0.0783049297069296,6.04411247753716,0.286614296207173,0.598435107060042,0.781941867124373,"strl-1"
0.0543192520996522,8.2337763162655,0.286494348534716,0.598511033540052,0.781941867124373,"mdl-1"
-0.0983453220051919,5.27946550346628,0.286345773071303,0.598605404230844,0.781941867124373,"ZC455.1"
0.167620985448485,3.61526696575003,0.286344609212232,0.598608390320226,0.781941867124373,"M03C11.1"
-0.0963839630882205,5.20269682539348,0.286129956050228,0.598742270573536,0.781941867124373,"C53D5.1"
-0.106870809582264,5.61991753740399,0.285978030554231,0.598838531832338,0.781941867124373,"C08F11.13"
-0.139493550471922,4.08693954673047,0.285775333350378,0.598968140607835,0.781941867124373,"C05D9.7"
0.144956336850263,3.90874607597698,0.285609710452496,0.599073643189366,0.781941867124373,"Y14H12A.1"
-0.0997224861087046,5.0457158382994,0.285451958810397,0.599172650363377,0.781941867124373,"cccp-1"
-0.10203899293991,4.8176019201255,0.285399033618309,0.599206366007906,0.781941867124373,"cyy-1"
0.0609471338317149,6.95268802136519,0.285356851633622,0.59923283074973,0.781941867124373,"ppk-2"
0.0962060028319513,5.74001755811764,0.285290962891658,0.599274759035595,0.781941867124373,"C32H11.4"
-0.0624740942915197,6.81713460441525,0.284592883254636,0.599718631936655,0.782406215194248,"lin-28"
-0.0520966687667978,8.66467921773027,0.284282772155468,0.599916027870928,0.782548914876823,"Y43F4B.5"
0.150998991886806,3.86559756487741,0.283940403802207,0.600135732553257,0.782720668641779,"C44C10.11"
-0.124663320987594,5.08694198399329,0.283350582371529,0.600510621546915,0.782902205468576,"dpf-2"
0.118256564953912,4.39520527135562,0.283207148945809,0.600602589393746,0.782902205468576,"T28D6.4"
0.161458923472669,3.74607000030408,0.283122213776798,0.600658075568175,0.782902205468576,"clec-8"
-0.149986190809139,4.04841272670008,0.283060855396077,0.600696503915536,0.782902205468576,"C46H3.2"
0.221574629153245,3.21084140959499,0.283016586736613,0.600729200028299,0.782902205468576,"nob-1"
-0.179928424973504,3.51874925521276,0.282896592471966,0.600803255866842,0.782902205468576,"icap-1"
-0.157928619141406,3.65582933224662,0.282343275092288,0.601156310238986,0.783206171035423,"lgc-38"
0.0476872387603217,8.84156660551949,0.282251537746742,0.601212700181842,0.783206171035423,"dld-1"
-0.0475008530899164,9.29585770990883,0.282051194338251,0.601340918713847,0.783258439537769,"Y37D8A.2"
0.0503458389077042,8.29227479119715,0.281557265703263,0.601657284659542,0.783451843372609,"C18H9.3"
-0.117979744531592,4.52359927824043,0.281421090624693,0.601745124409291,0.783451843372609,"T22F7.1"
0.0884937634483885,5.16373907356973,0.281407125178441,0.601753755302165,0.783451843372609,"R74.8"
-0.0686048386310545,6.22602295255404,0.280635506691437,0.60224869708196,0.783735550739758,"rab-35"
0.0746018128731708,6.26198024918762,0.280558801131032,0.60229796199815,0.783735550739758,"mrpl-23"
-0.0942231896402971,5.48448912805492,0.280318345656294,0.602452545635964,0.783735550739758,"rgs-4"
-0.0503787581911592,9.10425092933032,0.280295120457739,0.602467325577959,0.783735550739758,"aco-1"
-0.120102629819687,4.25398245718804,0.280261740498042,0.602489616383544,0.783735550739758,"dsh-2"
-0.066388013492153,6.49189328688508,0.280171346882635,0.602546940785776,0.783735550739758,"R07E4.3"
0.0650187525312574,8.67259380985464,0.280106304177646,0.602588710477673,0.783735550739758,"rack-1"
0.0918805792033593,5.45367318147009,0.27891868147228,0.603353564545,0.784558886778289,"sur-7"
-0.187314957074001,3.28113378291293,0.278856695779904,0.603398230546614,0.784558886778289,"Y55B1BR.2"
0.123623903704982,4.52218716311854,0.278693381388171,0.603499263864623,0.784575516160311,"T14F9.2"
-0.11764548151467,4.41111803741086,0.278371288295571,0.603707230133309,0.784731137882346,"ZC581.3"
0.048212451594117,8.14465529197054,0.278026437027195,0.603929300759185,0.784905045029955,"gsp-1"
0.0870774697728431,5.2554136642779,0.277105447877702,0.604525200127292,0.785510774476537,"mig-14"
0.122563420787881,4.63918915841997,0.277033468014191,0.604572064980648,0.785510774476537,"T05E7.4"
-0.0575748451390615,7.25354159423065,0.276537058849192,0.604893291131869,0.785724669826817,"cap-2"
0.193099582931005,3.73596513832022,0.276508926839926,0.604913436617316,0.785724669826817,"cdkl-1"
-0.154570637152082,3.84347174959744,0.275515074366271,0.605558264881186,0.786447346342189,"Y9C12A.1"
0.0944625238735725,5.04801548976836,0.275031577372814,0.605871310120528,0.786738983245453,"gos-28"
0.0899145185087557,5.21071752557067,0.274699493301249,0.606087407249896,0.786904663822842,"pqbp-1.1"
0.0634737411391564,6.72014911180719,0.273365370792276,0.60695727433826,0.787918984689951,"twf-2"
-0.060265862960331,6.97442904276261,0.27243311863048,0.60756685148186,0.788595164456236,"flp-9"
-0.0560629902211987,7.41126422384743,0.272291690284162,0.607659427915411,0.788600200495682,"M28.10"
0.0822800229994174,5.41031087913866,0.272117019472172,0.607773975758633,0.78863374466871,"Y116A8C.30"
0.0793683710031946,5.82041710564384,0.271807211680915,0.607976926085136,0.788781971373551,"pinn-1"
0.0447145404861019,9.63548956269759,0.271507077351594,0.608173662529171,0.788922094185419,"T21H3.1"
0.118541527069906,4.66351045995594,0.270489283770844,0.608842611632013,0.789579129571796,"nhr-201"
0.0423370783113025,10.8854569870502,0.270276942358527,0.60898184159319,0.789579129571796,"atp-2"
0.0594745527059707,8.17262974551933,0.270243229178308,0.609004026495011,0.789579129571796,"nlp-40"
0.0658735279539497,6.75381293975206,0.270072332969533,0.60911653760295,0.789579129571796,"dss-1"
0.139357009448931,3.97403701186607,0.270062557797022,0.60912419859779,0.789579129571796,"osm-9"
0.187235644260888,3.44381813654929,0.269640156247464,0.609404422452447,0.789827218662494,"bath-36"
-0.157131808227723,3.65693198960696,0.269374592486371,0.60957840718234,0.789937562783586,"F43C11.9"
0.0824511653097773,5.70940756811549,0.268736127184811,0.609997564071219,0.79036554097307,"dnj-30"
-0.0616446340720239,6.77102367621256,0.268450226254959,0.610186362580906,0.790494965715698,"skih-2"
-0.0768565593642449,6.07365862591451,0.266463784768814,0.611502149513235,0.79208415083365,"F31D4.9"
-0.1253637499791,4.18307432995596,0.2659860740284,0.611820340519248,0.792380866359306,"rig-5"
-0.0879020170513127,5.84305232443675,0.265462190697666,0.612167967329471,0.792645866313419,"sma-4"
-0.0836904038636165,5.47654921865858,0.265409252382398,0.612203257673406,0.792645866313419,"nhr-182"
0.0872970386691528,5.1636774158312,0.265140955674431,0.61238198367642,0.79276182540289,"usip-1"
0.0684227872960138,6.05872013033146,0.264551609550816,0.612774642110573,0.793154657592823,"C17H11.6"
0.0580537796929223,7.35661673895549,0.264242811349464,0.612980641766857,0.793305805815011,"F49C12.11"
-0.120243943490837,4.48088696094157,0.263851731631868,0.61324235459603,0.793481090394755,"Y73C8B.2"
0.0880105608424769,5.5091290319404,0.263772930980627,0.613294573522973,0.793481090394755,"kcnl-2"
0.176485720053142,3.61729763805517,0.263527887528935,0.613460568017184,0.793580373961994,"C08G9.1"
-0.0814695245732938,5.90142009315947,0.263292134451688,0.613615999574602,0.793665966281319,"parp-2"
0.128152275776569,4.24523376755824,0.262228256581547,0.614329405120696,0.794427467238923,"lev-1"
-0.0999335363342083,4.89353885680213,0.262084684182499,0.614425237704295,0.794427467238923,"tag-180"
-0.0543742554846373,7.74922471670148,0.262013331312198,0.614472803082001,0.794427467238923,"R04F11.2"
-0.118628087370987,4.26985520259549,0.26144064425069,0.61485818232549,0.794682396983836,"B0041.5"
0.102081694857754,4.94795085885907,0.261331628580121,0.614930966976773,0.794682396983836,"famk-1"
0.117088329155279,4.44349490478343,0.261321422067839,0.614938127460217,0.794682396983836,"Y119C1B.6"
-0.0595754418844661,6.57344189163126,0.260611608161028,0.615415153084845,0.795183276569882,"eea-1"
-0.123949838953914,4.39626291523498,0.260438751463555,0.615532175279948,0.79521891461988,"F21F3.7"
-0.10042784283985,4.70191719252865,0.260255647361598,0.615655325826751,0.795262458510191,"vps-52"
0.0771399854040939,5.88735511368409,0.26004171381152,0.615799221308418,0.795332782779365,"bcmo-2"
0.0767140926275903,5.80506745546708,0.259754388881009,0.615993048596117,0.795405091425999,"rab-8"
-0.0682920265812366,6.19815203145266,0.259693470594514,0.616034131094301,0.795405091425999,"clp-4"
-0.0498529684938538,8.31201359806816,0.259353127194752,0.616263867186515,0.795485627190289,"har-1"
0.0987050279944364,4.83125189202564,0.259336489407579,0.616275447091071,0.795485627190289,"slc-17.1"
-0.152051578311574,3.70731132954372,0.258835933969313,0.616615426417743,0.795808935444934,"W03G11.4"
0.17768968650752,3.19092043968563,0.258622233848241,0.616763502850019,0.795884514345358,"C16A11.4"
-0.064127371844021,6.2155570741838,0.258037012233064,0.617154355441938,0.796127038492249,"F54C8.4"
0.106376299303028,4.65699448997783,0.257955561750547,0.617209930200068,0.796127038492249,"arrd-18"
-0.0793701338064452,5.663665823234,0.257940111061289,0.617220073819264,0.796127038492249,"ccb-1"
-0.0826255125475463,5.79888537709525,0.257671336497059,0.617402299339152,0.796246568526893,"rpb-7"
0.130932096542648,4.15362846492754,0.25749717212619,0.617521285613384,0.796284517822857,"taf-7.2"
0.095331329077133,4.95335053443423,0.256942087682288,0.617897563454431,0.796455059074342,"Y37E11AL.3"
0.0809764625514639,6.0105639875681,0.256905358690883,0.617922304850516,0.796455059074342,"nlp-29"
0.0663968343871956,6.91738814078948,0.256766193125224,0.618016852572091,0.796455059074342,"rbm-3.2"
0.0484225944909553,8.46300913463408,0.256676904666445,0.618077519809536,0.796455059074342,"D2092.4"
-0.102394747814325,4.88407347842917,0.256642194205277,0.618101440514336,0.796455059074342,"zip-1"
-0.163491087590436,3.79153636807663,0.25646682651444,0.61822209914852,0.796495099772423,"R07B7.10"
-0.0684524033311262,6.79235104453917,0.256055962234154,0.618500076136868,0.796675621869284,"inx-15"
-0.126532048292711,4.54483353261809,0.255953639381688,0.618570236513793,0.796675621869284,"dnc-6"
-0.132322566551306,4.26427631573227,0.255743626628813,0.618713591287538,0.796675621869284,"T24D1.2"
-0.0806350494213048,5.40369855202588,0.255639189747659,0.618784149412308,0.796675621869284,"rap-2"
-0.0440430237353167,8.91959743111385,0.25557575192556,0.618827238756001,0.796675621869284,"pyp-1"
0.0736633088373178,5.93400748975192,0.25546938645002,0.61889984481511,0.796675621869284,"wapl-1"
0.0598225679839892,7.3762640699346,0.254649257194445,0.619459648941791,0.797280795996158,"zyg-11"
0.169809447747461,3.67212378184301,0.254398155120026,0.619633327398514,0.797388900550035,"col-142"
0.10191280948895,4.74724133269216,0.25390349214413,0.619970093723999,0.797706816685974,"ZK228.3"
-0.0713303383919977,6.44927513433052,0.253652170585066,0.620141874855011,0.797812387402098,"ccdc-47"
-0.0608200004778293,6.60914279609838,0.253253122745632,0.620415370420352,0.797947147718308,"C02B10.4"
-0.0783249222912556,5.52207515677798,0.253133334829355,0.620497611480544,0.797947147718308,"nlp-38"
-0.0863358208198231,5.17339996643301,0.253106848213467,0.620515867655425,0.797947147718308,"sek-1"
0.0662870549580131,6.77246125943875,0.252852215447771,0.620690413863088,0.798056177824543,"lnkn-1"
-0.0943921880284283,5.4028748971142,0.252518389383747,0.620919767783313,0.798235635535198,"fdps-1"
0.112461871635363,4.42596076120714,0.251520289443826,0.621606739800414,0.798997869642646,"tbc-12"
0.0519964048571568,8.05780459978168,0.251395044414889,0.621692415047556,0.798997869642646,"rps-15"
0.0662101703234931,6.67643940948668,0.251225515628735,0.621809270859855,0.799032551989445,"gck-1"
0.0683160233646549,6.0277336860708,0.250467758392868,0.622332049888273,0.799588765253849,"F32D1.5"
-0.199070195838249,3.39576258282349,0.250149797508782,0.622555212983649,0.799759918889991,"B0286.1"
0.0446834266229422,8.91459055941096,0.249723268957136,0.622846546809939,0.799762906081716,"glt-1"
-0.0603939726204158,6.54626977115872,0.249670030221122,0.622883426686189,0.799762906081716,"C35E7.6"
-0.0792400529547673,5.43501702089688,0.24954881639287,0.622967412446722,0.799762906081716,"zen-4"
0.0682744852711828,6.69965812979993,0.249458244830212,0.623029997740277,0.799762906081716,"stl-1"
0.0583259131705511,7.15712534961479,0.249403742051256,0.623067721547282,0.799762906081716,"spon-1"
-0.163912780058292,3.7703987674453,0.249354769059384,0.623103346865693,0.799762906081716,"Y71H2B.8"
0.0957898918294975,4.99818811945851,0.249231556969874,0.623187202039605,0.799762906081716,"dhhc-1"
-0.157427866400949,3.6558839661349,0.248603373031209,0.623624546301715,0.800208665199675,"ech-3"
0.073654044439244,5.73775788085646,0.248363281729197,0.623789120988272,0.80030433978452,"mrps-25"
0.122296510523124,4.22756418157171,0.24808118968769,0.62398572788406,0.800441077278485,"efl-2"
-0.119522611152206,4.2532355966598,0.247492859636512,0.624394718796373,0.800850179575671,"K11E4.1"
0.0655477977677042,6.87230770704234,0.247354322798902,0.624490378206345,0.800857342078842,"mrpl-32"
0.0438510144878662,8.5514973620674,0.247097904959412,0.624668861461306,0.800923956899154,"spl-1"
0.108000239108374,4.64541059343421,0.246920718572182,0.624792716925179,0.800923956899154,"mom-4"
0.0634380241987565,6.43459715197731,0.246822658179333,0.624860667155556,0.800923956899154,"dpy-26"
-0.0728019501527784,5.9221447351478,0.246762459437478,0.624902653133442,0.800923956899154,"aex-6"
0.067207816428983,6.02207622788554,0.246446256041791,0.625123136984251,0.801091065282066,"jmjd-5"
-0.147453559135403,3.70858043964982,0.246219642701599,0.625283124227155,0.801180610679295,"K02G10.5"
0.0550899272556546,7.3933066214087,0.245886667983339,0.625513727160529,0.801360597721075,"flp-6"
-0.127290378399052,4.23567484321008,0.24513597822659,0.626039425733385,0.801710476857043,"Y75B8A.19"
0.0516885637273377,8.37610302838531,0.245120149536222,0.626049708904405,0.801710476857043,"rpl-35"
0.125015933256593,4.28187320208738,0.245110060172462,0.626057502269561,0.801710476857043,"R05H5.5"
-0.0894191051258452,5.26218528135771,0.244980718746815,0.626147514486032,0.801710476857043,"ZK632.10"
-0.0689065640071456,6.27769608598501,0.243967097695153,0.626858038653651,0.802504653948108,"T10F2.2"
0.0668554966521901,6.50780640282177,0.243552930104601,0.627148941311198,0.802732316080666,"pqn-27"
-0.0892121447251304,5.27265103888627,0.243457096210644,0.627216443573544,0.802732316080666,"T05E7.3"
-0.0613859274471092,6.35063195380618,0.242532807794937,0.627866804015227,0.803449014752358,"arl-8"
0.0572169498418156,6.77628463121027,0.242229185995733,0.628080813029554,0.80360721091463,"dpf-4"
-0.053079137155609,7.13961842458612,0.241924017095118,0.628296088088277,0.80376698117883,"ech-5"
0.0517604131317367,7.59248395280874,0.241281642330973,0.628749783267745,0.804231667822403,"pcp-4"
0.0670350242349497,5.95051482956037,0.240555067326042,0.629263958760883,0.804773569813437,"rpb-3"
0.0726933745428245,5.92544287891987,0.24003761023286,0.629630689492463,0.805126774094275,"eif-2Bdelta"
-0.149047737374983,3.73356930234141,0.239380903019541,0.630098558642069,0.805454442025452,"gab-1"
-0.0666816612112455,6.16021121955525,0.239328507784015,0.630134029615511,0.805454442025452,"cids-2"
-0.0519988827025268,7.36237866027764,0.239157163145576,0.630255758649796,0.805454442025452,"R166.2"
-0.0480825608472017,7.46059424046482,0.23905298736136,0.630329814742305,0.805454442025452,"ifd-1"
-0.175445298436674,3.54420254606553,0.23904241375775,0.630339895131379,0.805454442025452,"hot-5"
-0.109141316168032,4.58211219120336,0.238764567550513,0.630535412105125,0.805585464793327,"C25A1.1"
0.0770505313658155,5.85971372352937,0.238640045358181,0.630623645817293,0.805585464793327,"nex-4"
-0.0740100793529829,5.96058449965238,0.237690027423407,0.631300687328121,0.806304630408891,"atrn-1"
-0.0850936429920768,5.87037630417394,0.23759572188785,0.631367994253368,0.806304630408891,"abt-2"
0.062765970932183,6.62072433161308,0.237283198971815,0.631591106142552,0.806473721774153,"T12A7.2"
0.116087976854916,4.63753981302799,0.237105789234729,0.631718245344444,0.806490274971956,"F22G12.4"
-0.0759927640978799,6.29688066931741,0.236988181731314,0.631801934748375,0.806490274971956,"W05F2.4"
-0.127563958134859,4.05746405686893,0.236846839459513,0.631903974034549,0.806490274971956,"pqn-42"
0.056972289063126,7.07520293212829,0.236745394879759,0.631975530543301,0.806490274971956,"Y116A8C.27"
0.0968692207812383,5.13065971679383,0.236583769532068,0.632091360502179,0.806490274971956,"T20F7.1"
-0.0401625654859603,10.3721707561741,0.236503871875017,0.632148321480099,0.806490274971956,"dnj-13"
0.0435849806140815,8.2959209284513,0.23595883832843,0.63253873035919,0.806872575555748,"dlst-1"
0.149106655493463,3.48811913793696,0.23579599412407,0.632658268060009,0.80690929010494,"F59G1.4"
0.104339613961693,5.19161801416919,0.235570111165377,0.63281772248019,0.806996897672314,"pst-1"
-0.0444873390453389,8.25635946214384,0.234548090704969,0.633551860718582,0.807739402907481,"gas-1"
0.156923640769021,3.74420095837992,0.234509069652923,0.633581666390369,0.807739402907481,"bcc-1"
0.0724756730312566,6.00039632270137,0.234077133732594,0.63389099190016,0.808017893761193,"toe-4"
0.0996265373505868,5.01738909799394,0.233656217415422,0.634194569110482,0.808288978492158,"T19E7.6"
0.134586898079726,3.70839199164589,0.23330003235793,0.634453143454297,0.808462475560123,"taf-11.1"
0.107105156902516,4.97302043768487,0.233215578605783,0.634512558144027,0.808462475560123,"fmo-3"
-0.0834795500088904,5.9479211695312,0.231714872345091,0.635598112881505,0.80972959186552,"taf-1"
0.0641340802135003,6.10812155696348,0.231460051174289,0.635782896573916,0.80984895894537,"F27C1.2"
-0.0859133103791895,5.08316124289404,0.230763479703318,0.636288859520766,0.810377345652361,"grp-1"
0.071106657325336,5.6929738032384,0.229235370537216,0.637401632038471,0.811536537362463,"pdfr-1"
-0.0699858640312583,6.04266086543201,0.229154237537667,0.637460820830015,0.811536537362463,"R12E2.13"
0.0715361923975823,6.42637419543427,0.229137720953709,0.637472857602006,0.811536537362463,"Y54E2A.4"
-0.12110794890622,4.36431706773141,0.228904998788368,0.637643375096324,0.811637401285814,"T05B9.1"
-0.0572719844232543,11.2390141697501,0.228769059870283,0.637742061287529,0.811646817478875,"unc-22"
-0.138717782291699,3.78066638710182,0.228385455656482,0.638024132926492,0.811681465461845,"mdt-9"
0.0721549458730485,6.0297136359546,0.228350781810911,0.638047944328934,0.811681465461845,"hmgs-1"
-0.177789227856735,3.11712443256666,0.228235546813368,0.638138455044714,0.811681465461845,"bath-41"
0.0505765120777964,7.36948234184844,0.22817796199717,0.638174351898523,0.811681465461845,"dcp-66"
-0.124442992050253,4.38129760466879,0.228108549963755,0.638225747952284,0.811681465461845,"M60.6"
0.0708390120739525,5.63399276891535,0.227463798090116,0.638697624690931,0.812165414920919,"F46C5.6"
-0.0439207403366111,8.30045373824134,0.227171534183509,0.638911928597955,0.812321744196256,"ZK1320.2"
-0.057894444551417,6.81003572877738,0.226641071890293,0.639301544631942,0.812609949557798,"fbl-1"
0.121472374637446,3.94302767419926,0.226591185363336,0.639339379429749,0.812609949557798,"ndx-3"
-0.127732836966431,3.85381611848638,0.226491601799551,0.639412800259403,0.812609949557798,"ceh-74"
0.0581856996993047,6.52306953455264,0.226105653871466,0.63969534513877,0.81285283887792,"hrpk-1"
-0.0984509066093398,4.82946632604343,0.225724842664853,0.639976051746568,0.813093323246461,"igcm-4"
-0.0762974227449567,5.44305838694753,0.225099884827581,0.640436728139414,0.813562358892346,"yif-1"
-0.0942703749977059,4.72629458046028,0.224272250699709,0.641048484723146,0.814112970867488,"mtp-18"
-0.060041963803642,6.2585395740595,0.224265314750525,0.641053302108119,0.814112970867488,"ccr-4"
-0.088730324421376,5.13291383582516,0.224063196301117,0.641203022193514,0.814186813813558,"mes-2"
0.0475008152854191,8.77848377094291,0.223684139854148,0.641483513831563,0.814353576000507,"rpl-23"
-0.092950199041178,4.78897228386535,0.223567978344353,0.641569930181859,0.814353576000507,"unc-77"
0.0741303791098962,5.99588394086475,0.223440301667898,0.641664309958697,0.814353576000507,"algn-11"
-0.128762137877643,3.99663239095918,0.223392600417257,0.641700725841812,0.814353576000507,"col-155"
-0.142514076971279,3.73386788461942,0.223191989720723,0.641850149471348,0.814426955751356,"C06G3.8"
-0.114077259647267,4.15439674293899,0.223010301256355,0.641984100242256,0.814463686450323,"M106.2"
0.0480957923670996,8.46811792142331,0.222799176502641,0.642140009155107,0.814463686450323,"lbp-2"
0.144088376364134,3.9528416687523,0.222782038431344,0.642153913172507,0.814463686450323,"Y56A3A.16"
0.129434578578891,4.26360447450739,0.222220096755947,0.64257117077169,0.814876662292268,"prmt-6"
-0.0646055847621189,6.34959661541572,0.221990615150207,0.642741280539793,0.81497614450646,"ZK863.8"
0.0569565727166947,6.5544551068722,0.221807600261593,0.642877545444546,0.815032690224934,"lin-40"
-0.0852172235873975,5.3837110749877,0.221638938539906,0.643003296888134,0.815075892876019,"nrde-3"
0.160893813782829,3.36354148091543,0.22149272062183,0.643115571645555,0.815102002494744,"T10B11.5"
-0.105675460641947,4.38752191641934,0.22123054560652,0.643308218498566,0.81514799649588,"C55A6.3"
-0.0996576424296051,4.87078861380659,0.221193950768634,0.643335225667708,0.81514799649588,"W02F12.4"
0.137478035818606,3.68168991872248,0.220744908549749,0.643672003178095,0.81545850388379,"unc-8"
0.0614672983585843,6.11331529351635,0.220617267951021,0.643765567447697,0.815460843450274,"B0507.2"
-0.0506556148449416,6.9968579399083,0.2204135453328,0.643917813732088,0.81553750454302,"pqn-53"
0.0669917001531508,5.78440876255723,0.219953402599947,0.644262123329346,0.815857361988494,"F44B9.5"
-0.0560597163424995,6.56992494178666,0.219592414745725,0.644532466626182,0.816083474903643,"cul-3"
-0.0867326364711615,5.22321587127474,0.219202927909446,0.644824651958518,0.816246651560096,"ceeh-1"
0.145478004294423,3.54664870685882,0.218857177487385,0.645086358486136,0.816246651560096,"T04F8.2"
-0.051697680689908,7.43437403686332,0.218770834022223,0.645148833806363,0.816246651560096,"dod-24"
-0.0727376043927318,5.91796706632861,0.218762926837653,0.645154830088385,0.816246651560096,"nlp-13"
0.109910214942669,4.14503787120173,0.218617616155025,0.645264778913902,0.816246651560096,"F10C2.3"
-0.113944108576162,4.30430485416289,0.218567678000131,0.645302124700317,0.816246651560096,"nhr-104"
-0.0660758378820732,5.96795327962608,0.218564407275642,0.645303983108302,0.816246651560096,"igeg-1"
0.0825574998158985,5.30585627649764,0.218391931099429,0.645433738150634,0.816294646642573,"sec-5"
-0.0704865454508022,5.85881287468606,0.21799923004474,0.645729088257834,0.816552030109572,"pho-7"
-0.143805330188545,3.75909327028239,0.217458509757572,0.646137989924252,0.816952910753203,"T04A8.18"
0.0596690797433196,6.14434120765697,0.216906998220324,0.646552509622357,0.817360779617855,"mrpl-34"
0.114687660844819,4.48908397367596,0.216736664956629,0.646681595164411,0.817407742764682,"oac-6"
-0.0731108083685878,5.59138020397937,0.216174217795225,0.64710643225655,0.817828470389906,"K08E4.6"
-0.0438760499595084,8.14718028720404,0.216006533788728,0.647233232136139,0.817872465452304,"vha-1"
-0.114742792139577,4.32180057306581,0.215642312285659,0.647509733386715,0.81810559038529,"anmt-1"
-0.102771613385431,4.57305431284894,0.215440530469732,0.647662480652621,0.818118580371817,"adm-4"
0.0544343070575497,6.67113279911703,0.21538517748871,0.647704047602881,0.818118580371817,"F44B9.2"
-0.139468061176173,3.58828320135858,0.214900891652364,0.648073727033522,0.818413255574366,"pks-1"
0.0866773100542521,5.00278042614162,0.214835469723723,0.648121441063897,0.818413255574366,"pqn-21"
0.110136414681182,4.23721910769386,0.214657818201392,0.648256886447596,0.818468045641235,"fbxa-190"
0.103520758071121,4.70560898398735,0.214267641548245,0.648553184467486,0.818725878617125,"F02C12.1"
0.054807692566227,6.49535094613249,0.214003673926294,0.648753751366061,0.818862805706367,"coq-5"
0.114599675503114,4.12632167532567,0.213757104784551,0.648942359517968,0.818891096625907,"F54H5.14"
-0.0746016040051037,5.43568452780257,0.21373250486454,0.648960371929608,0.818891096625907,"Y38C1AA.1"
-0.153570385084343,4.18856252677233,0.213305743203458,0.649286384116439,0.819186212740068,"F57H12.6"
0.107113051859733,4.29029964305237,0.212808088298796,0.649666157652278,0.819549064654711,"H06H21.37"
0.0847869269613625,4.93891456102963,0.212468891898671,0.649925005562523,0.819759288474449,"rpy-1"
0.0572004243545309,6.88687585170729,0.212181083907908,0.650144944563005,0.819920383277968,"lin-59"
0.106052645698107,4.25457501917521,0.211796110502493,0.650440400736912,0.820072794920531,"Y14H12B.1"
0.0569093177901059,7.03680842926416,0.211782352098038,0.6504502699111,0.820072794920531,"F46F11.1"
-0.0695592377673849,7.23347755812549,0.211547475889128,0.650630287283716,0.820173771103994,"col-147"
-0.0559258355776356,6.73294216910008,0.211437204709111,0.650714855625641,0.820173771103994,"aka-1"
0.112104945653422,4.8945964834562,0.211280167069791,0.650835566435196,0.820209641555681,"glr-4"
0.109299754862442,4.19996734323313,0.211078038984193,0.6509911887872,0.820289492560515,"F15A4.5"
0.100199171359821,4.83334651872935,0.21088610913992,0.651138122110368,0.820358373768355,"cpna-4"
-0.162880128110594,3.77121407870689,0.210294867344045,0.651593965628937,0.820816371267623,"C25A11.2"
0.140561725378291,3.60328457242216,0.209981451106747,0.651835758096582,0.820926875718181,"twk-13"
0.130254077419709,3.78245474906023,0.209940985120897,0.65186635278038,0.820926875718181,"pmk-2"
0.0621927370065241,5.9707846475905,0.209523896638224,0.652186367319849,0.821213566327826,"R05D7.1"
0.0867190914797375,5.25576251670033,0.209021463452956,0.652574242006334,0.821292175714896,"snx-27"
-0.106490087558163,4.63414492581545,0.208976282541559,0.652609361937657,0.821292175714896,"mes-4"
0.0829253007922998,5.12050127307986,0.208919021759598,0.65265340484822,0.821292175714896,"arrd-7"
-0.0546262245771439,6.61632611555323,0.208792270963714,0.652751177484329,0.821292175714896,"aat-3"
-0.0647487288281854,5.89529531032064,0.208640941230369,0.652868192470729,0.821292175714896,"mel-11"
0.119903792951143,3.96565396640899,0.20858138040786,0.652915282414401,0.821292175714896,"Y102E9.5"
-0.119688755779187,4.3044244052131,0.208545075545217,0.652942905130851,0.821292175714896,"acc-1"
0.0813639014335523,5.31021430825957,0.208486420902491,0.652987784290699,0.821292175714896,"ZK355.2"
0.0889407410805613,5.1093636926518,0.208215331503219,0.653197615472561,0.821433007161532,"F47G3.4"
0.0893228420990274,4.81283010669158,0.208103201407252,0.653284534207535,0.821433007161532,"F44E2.7"
-0.132196965176526,3.61529689172432,0.207499372094142,0.653754315138957,0.821830967387453,"Y50D4B.6"
-0.0381999603377299,9.06465869437977,0.207455999407098,0.65378589948616,0.821830967387453,"spp-10"
-0.0677196395460524,5.9888329120467,0.206896619290411,0.654220333388337,0.822260812009571,"Y37E11AM.3"
-0.126619598763074,4.05677560041589,0.20642173009645,0.654590541952585,0.822425034628217,"D1046.2"
-0.0400902041778283,8.58962897904491,0.206234995898133,0.654734951045218,0.822425034628217,"pgk-1"
0.0891243981308947,5.01446507878652,0.206178839348609,0.654778918113142,0.822425034628217,"wdr-20"
-0.0837727732693146,5.40450740503432,0.206002072631957,0.654916521843934,0.822425034628217,"cogc-4"
-0.152471895661537,3.47342276236831,0.205868924201019,0.655022859240415,0.822425034628217,"rab-28"
0.078073752568147,5.92525407886581,0.205740785574775,0.655120126664016,0.822425034628217,"syf-2"
0.0806631971615918,5.10271617924241,0.205693465019952,0.655157171247035,0.822425034628217,"Y71F9AL.12"
0.0654985830409814,5.97009991009551,0.20549277288173,0.655313595592486,0.822425034628217,"unc-132"
-0.0751632363391746,5.52423387566402,0.20540950883276,0.655378629852763,0.822425034628217,"C33G3.4"
-0.158704931677726,3.44177699805231,0.205365812850848,0.655415506349028,0.822425034628217,"nstp-6"
0.11170593379844,5.21316849160837,0.205194726164339,0.65554640307577,0.822425034628217,"xtr-1"
0.0809074365215394,5.06441659522518,0.205173006213,0.655563404840002,0.822425034628217,"ZK1248.11"
0.0471601579350249,7.89934447992792,0.20515701767014,0.655575674819018,0.822425034628217,"mask-1"
0.137941764145872,4.01802416875815,0.205022872130156,0.655681487045257,0.822425034628217,"Y71G12B.17"
-0.0442712282535448,7.71300581739756,0.204948630147637,0.655738507533397,0.822425034628217,"eif-3.K"
0.12228524546811,3.90033695913151,0.204680224170945,0.655949604250733,0.822454854083136,"nhr-202"
0.13424792927114,3.73343599865295,0.204568291445706,0.656037579098429,0.822454854083136,"ztf-23"
-0.0764558280016647,5.44341144899657,0.204563552636855,0.656039795878709,0.822454854083136,"algn-6"
-0.0658990009832314,5.63884622989852,0.204261679621621,0.65627608626445,0.822635088534784,"ubxn-4"
-0.0904629760982125,4.94202825544218,0.204112710905848,0.656392952918872,0.822665596899026,"ced-12"
0.0738815071154739,5.30167368807299,0.203917137316348,0.656546145801785,0.822741618368382,"C56C10.11"
-0.0787431297399118,5.82586654013009,0.203677764822364,0.656733800902377,0.822860798171228,"K08D8.4"
0.0491439167988593,8.05280647679803,0.203284364493702,0.657042561509058,0.8229478956556,"dyn-1"
0.131848686626266,4.09843438087871,0.203153084276796,0.657146582515766,0.8229478956556,"R10E8.8"
0.0783730824282157,5.74346059334782,0.203148818915936,0.657149135673242,0.8229478956556,"adr-2"
-0.109239187262667,4.7595241529189,0.203118063706482,0.657173552936088,0.8229478956556,"R05H10.1"
0.108776927644518,4.20244138456117,0.202831252225376,0.65739946589,0.823028778266868,"R07E4.5"
0.0533424969040298,7.40515758400199,0.202760793539306,0.657454165749053,0.823028778266868,"F44E5.1"
0.0543311663736343,7.02179481810081,0.202658541624617,0.657534633807096,0.823028778266868,"asg-1"
-0.039713226660089,8.57210528636591,0.202564760691096,0.657608417591703,0.823028778266868,"ima-3"
0.110460555124535,4.16388460383157,0.201883613654428,0.658145946566272,0.823585589151404,"W10C8.6"
-0.0763149960776331,5.33415327750368,0.20173061377433,0.658266026532317,0.823619932718665,"BE0003N10.1"
-0.0959664442969227,4.60144567737804,0.200726183615174,0.659060131478691,0.824081664051946,"mec-2"
-0.114517077420298,4.47428616041848,0.200597908968841,0.659161770162652,0.824081664051946,"ccpp-1"
-0.0930055089396314,4.65521827670654,0.200594370391268,0.659164457957504,0.824081664051946,"attf-5"
0.121467980274798,3.94341958766582,0.200594063113001,0.659165445824682,0.824081664051946,"C50H2.13"
0.0864464489284865,4.94945331033005,0.200574770022847,0.659179853006608,0.824081664051946,"exos-1"
0.053050332480261,6.63039894117709,0.200560193775488,0.659191181502355,0.824081664051946,"ztf-6"
-0.108272014804218,5.08916561283197,0.200247860011682,0.659438823189783,0.824245030134844,"T20G5.9"
-0.0603682234570534,6.87809879461827,0.199974422038455,0.659655481825933,0.824245030134844,"unc-83"
0.0493670242717675,7.17420831535357,0.19982175172487,0.659776624439941,0.824245030134844,"wrk-1"
0.049802614909394,7.63130396610906,0.199730167143365,0.659849302658305,0.824245030134844,"C39E9.8"
0.0634911378593438,6.179212699153,0.199548350678032,0.65999374055654,0.824245030134844,"R74.7"
-0.0875887622236682,4.83414277211002,0.199429776390277,0.660088190986233,0.824245030134844,"parp-1"
-0.0730454584759211,5.49581401537852,0.199399289293379,0.660112242030395,0.824245030134844,"1-Apr"
0.129042426844845,3.78343282200767,0.199347773337626,0.660154543392193,0.824245030134844,"atg-4.2"
-0.0401268823115812,8.71283505565639,0.199343819912821,0.660156209604119,0.824245030134844,"gyg-1"
-0.140354624365684,3.75914257841771,0.199089530015906,0.660359972632044,0.824383672658172,"C08H9.16"
-0.0571960913383258,6.35902549872861,0.198670670562115,0.660691858529263,0.824682200503113,"lfe-2"
-0.107690001612441,5.21226720197114,0.198526460600345,0.660806881056321,0.824709991503615,"M03D4.4"
0.0869791492638093,4.94055491165774,0.197891843906098,0.661313121509081,0.825115859212082,"ins-17"
-0.0446818775195355,7.71807767459236,0.197885803427909,0.661317693481644,0.825115859212082,"srpa-68"
0.0996297109602937,4.48236112733238,0.197408385098198,0.661699608771932,0.825308258311838,"shc-2"
-0.0695521637933093,5.57129998072701,0.19737274210928,0.661727735224011,0.825308258311838,"D1086.8"
0.184681603063479,3.1177407265013,0.197351304498787,0.661750373805544,0.825308258311838,"T03D3.5"
-0.0591211704873477,5.98572715541258,0.196895926184755,0.662109251295765,0.825584120945945,"trcs-2"
0.130772260671727,3.78391179089121,0.196837706031153,0.66215727887364,0.825584120945945,"gbas-1"
0.122492537063513,3.89979841381941,0.196436092977509,0.662478877029462,0.825869278697272,"F52H2.3"
-0.0725027673438994,5.38244732488882,0.19629511405581,0.662590899793381,0.825893129127008,"ndx-7"
0.0570231700522755,6.25858904564437,0.196155593441011,0.662702767908086,0.825916780133277,"clec-149"
0.101119446014712,4.45142553373551,0.196027159071465,0.662806321484441,0.825930063674585,"ZK512.4"
0.0967550941752807,4.56923233519547,0.194692041267538,0.663880460611328,0.827152631067168,"B0001.5"
-0.167422944548999,3.38032866141688,0.194396793341047,0.664121372865755,0.827268837100114,"Y38E10A.20"
0.104577773530745,4.28920269905249,0.194345999390364,0.66415981995508,0.827268837100114,"tbc-13"
-0.144123110304614,3.75897185301839,0.193937235485722,0.664490851917429,0.827458880913724,"mgl-3"
0.0437222636260178,7.5257309613151,0.193925844650506,0.664498527693622,0.827458880913724,"unc-25"
-0.0724780720975392,5.72592505125874,0.193529965032495,0.66481872944862,0.827650145810158,"dgk-2"
-0.116659924126344,4.30355006263551,0.19350644778238,0.664838301808137,0.827650145810158,"C41G7.8"
-0.0678682308069811,5.99069490957088,0.193228135224075,0.665063050070777,0.827754543422996,"T24H10.1"
0.0691220630107654,5.57918952588742,0.193172235140288,0.665108363312775,0.827754543422996,"arid-1"
0.0584392528725658,6.35193786394136,0.192865440950642,0.66535694707371,0.827948021893962,"cox-15"
0.0760109620324776,5.68720917447965,0.192406806941067,0.665729125760287,0.828295222101135,"odr-3"
0.0799643699577265,5.55534967153202,0.1921389890809,0.665946695276687,0.828343791196066,"mcd-1"
0.172605110974629,3.2642960617239,0.192134115978303,0.665954495497636,0.828343791196066,"F08G2.7"
0.126343442728031,3.82832865780751,0.191922328564727,0.66612406400721,0.828438810055687,"D2030.11"
-0.0849773594845725,4.93333394074717,0.191694635525169,0.666308207748719,0.828468710577885,"flh-2"
0.114754148522526,4.02649792372789,0.191663226547197,0.666334467365027,0.828468710577885,"kin-32"
0.0710472450230989,5.61984165266975,0.191056118786235,0.666828186876781,0.828939695810789,"pxf-1"
0.0734400857829951,5.74684003824039,0.19096835726671,0.666899746275399,0.828939695810789,"oig-2"
-0.097256399629906,5.03028664710587,0.190318552994233,0.667430441316248,0.829483373461387,"rfth-1"
-0.0907302641595682,4.66704315033012,0.190106011677821,0.667604351032615,0.829583547872953,"Y45G5AM.9"
0.0667098473505523,5.57362137350216,0.189966001123071,0.667718622151309,0.829609596079834,"brap-2"
-0.0443392613297085,7.54271214582165,0.189600552682488,0.668017724884841,0.829865249678792,"lpd-5"
-0.0589359192884747,6.37219867393744,0.189163932378554,0.668375669864189,0.83007918985171,"Y71H2AM.15"
0.089817958042316,4.62315977882156,0.189163130985057,0.66837666405898,0.83007918985171,"unc-122"
0.123745246250545,3.92145192381173,0.188798907436125,0.668676349692416,0.830335394569172,"ZC434.8"
-0.054068427193516,6.33814609246445,0.18866715647547,0.668783495797948,0.830352473277413,"dpy-23"
-0.0504239471938458,6.89666935353366,0.188320558426381,0.669068398711945,0.830481768560956,"C05C12.4"
0.0809738570193843,5.21955909727218,0.188276135758398,0.669105082668774,0.830481768560956,"snpc-4"
0.0389072458802658,9.52737858496795,0.188199624188193,0.669167854006376,0.830481768560956,"phb-2"
-0.0844056810792627,4.81185671349689,0.187985049004386,0.669344763836777,0.830554209521138,"exc-9"
-0.135864895356611,4.94662955119019,0.187684878987465,0.669591986073586,0.830554209521138,"nduo-2"
0.071742219555176,5.9745666151373,0.187573423650091,0.669683675498279,0.830554209521138,"F28E10.1"
0.148573196123797,3.54632935113603,0.187518577615072,0.669731022349208,0.830554209521138,"F14D12.1"
0.0804182479073594,5.62947394367348,0.187472112606844,0.669767241860113,0.830554209521138,"F11D5.1"
-0.0424941415089743,7.6648162562896,0.187448395899754,0.669786714910197,0.830554209521138,"zyx-1"
-0.0668338586697182,5.63925877688674,0.187327318583156,0.669886682615118,0.830562333723471,"F30B5.4"
-0.0453737341204939,9.08470797054689,0.187192255444155,0.669998056418538,0.830584595596378,"ret-1"
-0.135196182272886,3.82787650476616,0.186560132663869,0.670521699213633,0.830924936739038,"F52C12.1"
-0.0949428618813288,4.70377493157506,0.18644198618843,0.670618451893908,0.830924936739038,"C47E12.3"
-0.0474669021138251,7.25100782484643,0.186378375685851,0.670670775796136,0.830924936739038,"cdc-42"
0.112718189694253,4.12755085402458,0.186360837084033,0.670686066662924,0.830924936739038,"unc-47"
-0.0977648603486246,4.26338370158663,0.186295643412648,0.670739879763365,0.830924936739038,"fozi-1"
-0.0709210630023529,5.49598316818483,0.185939712504928,0.671034159571424,0.831077641421486,"abhd-11.2"
0.0771772329165471,5.40034500234773,0.185920510473684,0.671050094226166,0.831077641421486,"dlat-2"
-0.135853304767501,3.58703552145774,0.18560990027969,0.671309571119145,0.831283202899766,"gnrr-4"
0.115860415975102,3.98495454158005,0.184852639449665,0.671937553999921,0.831944964853544,"F59F3.6"
-0.108972070278866,4.32352510542263,0.18455782608843,0.672182448647138,0.832022275753183,"D1037.1"
-0.0989121823960211,4.28099134152552,0.184529961843783,0.672205685113555,0.832022275753183,"nlp-7"
0.0925884911675089,4.64790938602137,0.184439506863043,0.672280736588783,0.832022275753183,"D2024.5"
-0.0936935684506258,4.91703626200135,0.18345904892586,0.673098431854405,0.832918323955116,"W02D9.2"
0.0783785792388162,5.62650713278333,0.182885458537126,0.67357791104006,0.833305598795823,"mrps-10"
0.0582463977105439,5.96365109097038,0.182860416249284,0.673598845860486,0.833305598795823,"E02H1.6"
0.0482708271658633,7.30412086939149,0.182586953719417,0.673827809661609,0.833379280292999,"pph-5"
0.160171640953616,3.3963055476788,0.182568822800867,0.673845871783418,0.833379280292999,"twk-22"
0.102215844004802,4.66866548084996,0.182357945464219,0.674020074429818,0.833478787448611,"cec-3"
-0.0557794432457358,6.40328779494882,0.181746888190823,0.674532606548986,0.833808934491194,"ndnf-1"
0.0803803138439853,5.22978098809408,0.181707615192386,0.674565729281968,0.833808934491194,"apn-1"
-0.0621425157740521,6.08211879927889,0.181638031705106,0.674624087773959,0.833808934491194,"C29E4.12"
-0.0394309455515365,9.72251870516769,0.181592637211916,0.674662183638471,0.833808934491194,"vha-2"
0.0887237596548796,4.81207782611451,0.180723763618025,0.675393826236813,0.834597152059973,"syx-17"
-0.107606894677715,4.00676404761727,0.18056070420752,0.675531990183445,0.834651879477628,"K04C1.2"
-0.087703946968388,5.12086243092428,0.179303503738143,0.676593717082488,0.835706272484387,"nduo-3"
0.102862121703137,4.65721332121125,0.179230135618737,0.676656019215916,0.835706272484387,"nca-2"
0.043196206009587,8.24778531149533,0.179189867921702,0.676689780311983,0.835706272484387,"erfa-3"
0.152241847670201,3.95630739186216,0.17910662134919,0.676761349891754,0.835706272484387,"Y37E11AM.4"
-0.117010655137843,4.11390023044754,0.17885018902542,0.676978526139089,0.835858363547097,"F26A1.1"
0.0690363120583165,5.30598950910427,0.178584559009492,0.677203265715202,0.83601974944097,"dct-11"
-0.0557397558850768,6.25796769924633,0.178384556472682,0.677373001946684,0.836102525212972,"hut-1"
-0.0372053854506975,9.37986096827718,0.178070817702772,0.677639606709057,0.836102525212972,"egl-3"
-0.132604656486775,3.61674351023103,0.17799561528795,0.677705454649241,0.836102525212972,"tbc-19"
-0.0555144927744223,6.41803902055891,0.177941016387815,0.677750049917921,0.836102525212972,"Y39A1A.22"
0.0917224407228953,4.61000399053684,0.17788910157949,0.67779455307881,0.836102525212972,"elt-1"
0.0647255097141847,6.2040990047046,0.177767517332531,0.677897700508853,0.836102525212972,"gon-2"
-0.0457177244597308,7.17618897827488,0.177731202439237,0.677928591188878,0.836102525212972,"Y71G10AR.4"
0.063265883313068,5.89621632971464,0.177436457164801,0.678179678392685,0.836216892256475,"etc-1"
0.0576645848356817,6.03756777130689,0.177401540520664,0.678209426393144,0.836216892256475,"F10C2.4"
0.0954593408260884,4.92148669902051,0.177134160386219,0.678437592252388,0.836305260506536,"mans-3"
0.0752586607972073,5.31791700630007,0.177078780181233,0.67848473981863,0.836305260506536,"C32D5.6"
-0.0670851178992081,5.76012301033114,0.176864767617585,0.678667325802413,0.836305260506536,"T23B5.3"
-0.107928353056248,4.17323535375498,0.176776703512252,0.678743177079772,0.836305260506536,"coa-5"
-0.0569947196813549,6.36632582444566,0.176766263836535,0.678751407020038,0.836305260506536,"VF13D12L.3"
-0.0717001506712615,5.54675075281509,0.176408427504057,0.679057269766061,0.836564122387194,"ekl-4"
-0.111796737196621,4.33997442915018,0.176300907037223,0.679149683431646,0.836564122387194,"stau-1"
-0.0437085398995632,7.74612219651677,0.175759767860934,0.679612439944874,0.836885728627706,"ain-1"
-0.0507806507203577,6.68401741062327,0.175655463510133,0.679701871690821,0.836885728627706,"ell-1"
-0.0552806606176706,6.67078454795234,0.17560191177859,0.679747784120209,0.836885728627706,"daf-3"
-0.0690156310771707,5.77877799463924,0.175555895545567,0.679787282887109,0.836885728627706,"xbx-9"
-0.0759161256446903,4.94848146259601,0.175021801652222,0.680245869471626,0.837334352135155,"unc-29"
0.125008758081333,3.80669365310741,0.174593115852033,0.680615501181045,0.83755841333038,"nfyc-1"
0.0390217670415242,7.95649953834311,0.174590656366948,0.680616301463502,0.83755841333038,"B0334.3"
-0.0656118570479326,5.58023506503344,0.174395143109262,0.680784661627234,0.837649657698275,"H10E21.5"
0.0548578730891629,6.98933959179651,0.174276126525283,0.680887077515317,0.837659749022926,"nhr-105"
-0.0842805391017324,4.68247936595219,0.174012708181428,0.681114361701005,0.837679066503009,"ucp-4"
-0.070282885694066,5.49856962694494,0.173892584078272,0.681217707367836,0.837679066503009,"hex-3"
0.071029212933966,5.340690189276,0.173767116231638,0.681325964869635,0.837679066503009,"W02B12.11"
0.0475690706405373,7.21465985729146,0.173690811568728,0.681391688466466,0.837679066503009,"cdd-1"
0.0498145461897574,6.6590612807958,0.17356808382115,0.681497632136714,0.837679066503009,"coq-1"
0.110221889913028,4.12671129119585,0.173553848319763,0.681510658319302,0.837679066503009,"F19C6.3"
-0.0747760669753429,5.56188314905887,0.17338941965008,0.681651991165206,0.837679066503009,"csk-1"
-0.0606352869142038,5.73673431932081,0.173384162652162,0.681656511770247,0.837679066503009,"sumv-1"
-0.0650068528728819,5.46801803911202,0.173269095926914,0.681755974483789,0.837685512594717,"Y71H2AM.20"
0.0462508826771439,7.12797336882135,0.172430208464792,0.682481905526422,0.838384731377197,"uaf-2"
0.0964178541122911,4.38636479433861,0.17235476400761,0.682547786727341,0.838384731377197,"sox-4"
-0.0917962177112651,4.72958372405353,0.172285174412272,0.682607926042012,0.838384731377197,"T12G3.4"
-0.051623427163015,6.28905904269932,0.17176290863862,0.683060933688827,0.838825243291072,"K07C5.3"
0.066910860892461,5.52596651114164,0.171651256955897,0.683157999741052,0.838828583855502,"morc-1"
-0.0952662624597868,4.62866309241758,0.171165895301589,0.683580396949026,0.839231332404556,"plx-2"
0.0594917869699749,5.93615542757835,0.171021382631916,0.683705924257205,0.839269553026482,"zig-9"
0.0913499482954838,4.58010085901319,0.170421291878554,0.684229403946429,0.839721646083804,"thoc-1"
-0.0577416011584857,5.98386080855804,0.170142494013393,0.684472507077302,0.839721646083804,"Y53G8AR.7"
0.0880910642088135,4.81189257133034,0.170118183496701,0.684493961791584,0.839721646083804,"ZK632.14"
-0.0460155920696528,8.10112858234903,0.170111793160494,0.684499269257377,0.839721646083804,"pcp-3"
0.0535654432422809,6.49629735572244,0.170057834437289,0.684546450434756,0.839721646083804,"mrps-14"
0.109668517502457,4.16589629120578,0.169734567591498,0.684829756889638,0.83988910180198,"F28D1.6"
-0.0553045608335714,6.05086571057295,0.169589141404202,0.684956346384893,0.83988910180198,"C35E7.4"
-0.0553756872374863,5.95642686822451,0.169558524944088,0.684983149374069,0.83988910180198,"lin-45"
-0.0491343363843652,6.54855050213731,0.169469774317748,0.685060821759977,0.83988910180198,"sup-12"
0.0335126298272627,9.57587390307587,0.169111129646746,0.685375004384005,0.840109234125666,"eif-3.C"
-0.111293504243621,3.98597499501493,0.169050246098756,0.685429353767583,0.840109234125666,"dbl-1"
0.0928368621457057,4.63873272769243,0.168550824518746,0.685867040959346,0.840529822352797,"Y56A3A.31"
-0.0460182902917277,7.48169223801813,0.16843438117586,0.685969008085043,0.840538926527579,"gcs-1"
-0.054130147237405,7.30451108371607,0.167838760430723,0.686492962762294,0.841065031269058,"F39C12.1"
0.0347751850581424,8.86688561773043,0.167418433989153,0.686863342211431,0.841402862441696,"nuo-4"
0.0588247050651374,6.02395052860986,0.167047878662937,0.687190395457567,0.841568381809902,"sue-1"
-0.115600765527778,3.74612082394382,0.166914794790027,0.68730932038365,0.841568381809902,"Y94H6A.3"
0.0686477494294871,5.43735962356836,0.166865577954826,0.687351484436134,0.841568381809902,"Y71H2AM.2"
0.0732710231146539,4.99650531981665,0.16683672474833,0.687377076673435,0.841568381809902,"K04B12.2"
-0.0444676581667155,7.46305583200954,0.166278695029029,0.687870479662806,0.841830854532815,"acl-14"
-0.0420732408722819,7.22469183891106,0.166251669439193,0.687894420375998,0.841830854532815,"sur-6"
0.0823493548475541,4.81133153240756,0.166229826748395,0.687914012336151,0.841830854532815,"mkk-4"
0.0581397971764787,5.73685060521425,0.166077295204873,0.688048927669082,0.841830854532815,"Y45G5AL.1"
-0.0395621045361053,7.62805321887913,0.166018289938094,0.688101143496543,0.841830854532815,"hmg-4"
-0.0968487824877891,4.92199614157097,0.16582757074135,0.68827045602883,0.841830854532815,"tbc-8"
0.0588852399836905,5.98957688875859,0.165812120320662,0.688283979460209,0.841830854532815,"F48F7.6"
0.0453745185079954,7.31682833368496,0.165700053742302,0.68838335021432,0.841830854532815,"M106.3"
0.136180163597648,3.65507760462058,0.165613459507938,0.688461833619123,0.841830854532815,"C55A1.6"
-0.0787740061985198,4.88395363025729,0.165525727747916,0.688538294248412,0.841830854532815,"M4.1"
0.13397189946966,3.68414952739998,0.165061996708131,0.688951646152545,0.842220416051461,"glb-27"
-0.0548699340681595,6.16755149132149,0.164570433550184,0.689387622173624,0.842610246650386,"F08F8.9"
-0.0968350919406297,4.98030877728775,0.164489299708446,0.689460076974644,0.842610246650386,"hlh-11"
0.127680141226462,3.78138804372589,0.164302820452255,0.689627404168977,0.842651569007561,"T07D1.2"
0.0825605335488816,4.99895608752899,0.164186543721683,0.689729986950295,0.842651569007561,"math-20"
-0.111202680519632,3.98698762679202,0.164133308807682,0.689778216087845,0.842651569007561,"ddr-1"
-0.0393896478455098,10.2008785427406,0.163825684209017,0.69005187314783,0.842870065140453,"nep-17"
-0.0832362113391487,4.85065813005928,0.163295386863444,0.690526224468239,0.843169547729014,"nlp-1"
-0.0662794124980937,5.54767582313713,0.16326659604406,0.690551827849532,0.843169547729014,"vps-15"
-0.120048324474469,3.91919268075732,0.163234447554605,0.690581559617892,0.843169547729014,"R09A1.3"
0.0897420752352713,4.71674068973781,0.162948958193957,0.690836471729176,0.843364969125924,"gly-10"
0.0784966349529837,5.14003775170716,0.162761821640871,0.691004066817035,0.843453755912996,"abi-1"
-0.126995577473199,3.66920981970906,0.162504774200794,0.691236092237228,0.843563351053856,"C54G4.9"
0.0539573737324669,6.04584783852172,0.162450069651474,0.691283609917714,0.843563351053856,"ykt-6"
-0.0380449483569586,8.51935396348644,0.1620877214859,0.691609004917507,0.843578552201156,"dnpp-1"
-0.0352969684797586,10.3194620756651,0.162082152065989,0.691614009309235,0.843578552201156,"epi-1"
-0.0474558322857575,7.14012677835262,0.161871590588416,0.691803353301093,0.843578552201156,"kgb-1"
0.0885162744062452,4.62149102258741,0.161862987396703,0.691811416995694,0.843578552201156,"C08B6.3"
-0.158265204566978,3.65881931842549,0.161851200866531,0.691823341081852,0.843578552201156,"ztf-3"
0.0596679666981297,6.02037058150098,0.161802710034319,0.69186534727824,0.843578552201156,"hmgr-1"
-0.0984951212563129,4.70499152084377,0.161275750272012,0.692340150863912,0.843910885659125,"W09G3.6"
-0.0568816906446877,6.02792692807544,0.161162609945113,0.692441897991976,0.843910885659125,"C14B9.10"
-0.054081634211217,6.09676501831285,0.161102020026545,0.692496537826578,0.843910885659125,"gpa-17"
0.0532903550091204,6.09763876073628,0.161078689219282,0.69251758202328,0.843910885659125,"qns-1"
0.06811091918298,5.35502623477281,0.160935463809706,0.692646889991069,0.843942804880852,"mtm-6"
-0.0469886095631317,7.97456411564749,0.160789652698072,0.692778391291801,0.843942804880852,"pgp-2"
0.0675719437769988,5.38598587169107,0.160665929067819,0.692890261164587,0.843942804880852,"vps-22"
-0.0428821523288215,7.11943816746741,0.160629071174785,0.692923459186843,0.843942804880852,"pxl-1"
-0.0371607779804344,8.33949267557593,0.160339659956139,0.693185059235388,0.844145782997101,"tnt-4"
0.100865426858843,4.40626247757691,0.160132135287084,0.693373303959095,0.844225424723837,"mdt-11"
0.0412991152212383,9.64341606514727,0.160057531215836,0.693440364048834,0.844225424723837,"mlc-1"
0.0594488002719637,6.18465090456488,0.159530455750672,0.693918081039936,0.844627383654173,"ztf-17"
-0.0541300652295891,6.65223243775217,0.159483654688617,0.693960526104345,0.844627383654173,"glrx-10"
-0.03523286084367,8.48214084972899,0.158392209344522,0.694952735629468,0.845558725602909,"cox-6B"
0.0779996835964004,5.02111666996873,0.158336745005492,0.695003466773766,0.845558725602909,"olrn-1"
-0.0709066951299385,5.372156703375,0.158238981585289,0.695092479217006,0.845558725602909,"lev-9"
-0.070607153593966,5.1979839432259,0.15822403207284,0.695106143901885,0.845558725602909,"M01G12.9"
-0.0995067616088713,4.08773344044007,0.158038654869728,0.6952757900897,0.845649391202124,"R10D12.13"
-0.0796160052395991,4.8472241767488,0.157851395405303,0.695446124771436,0.845736190573587,"F17E9.3"
0.0773063085610962,5.05136415625447,0.157686579615673,0.695596545294951,0.845736190573587,"nfm-1"
-0.0751104849012392,5.01665488283232,0.15764720010044,0.695632522963069,0.845736190573587,"ZK856.11"
0.0773250062336651,4.86672178866741,0.157456556235048,0.695806767502319,0.84583237214426,"Y105E8A.11"
0.0617799385994232,6.53956467583097,0.157105915352424,0.696127278465796,0.846014701897056,"mrps-33"
0.108870280259814,4.14673701735393,0.157085029276854,0.696147065468324,0.846014701897056,"frpr-18"
-0.0735159463225506,5.06977847374192,0.156855385624025,0.69635684079739,0.846153979982178,"pix-1"
-0.0596211591226331,6.0989537566248,0.156519969632919,0.696664172517164,0.846411746085011,"Y53G8AR.6"
-0.110905530216972,3.79337482046172,0.156050157149445,0.697096707274649,0.846821536327218,"rpi-2"
0.0494111933014577,6.86032618908987,0.15583222871932,0.697295793577314,0.846947664029494,"clip-1"
-0.114384024004002,3.7698042929687,0.155190473893259,0.697887961006414,0.847551135269502,"EGAP2.1"
-0.0606100545885829,5.87295009976754,0.154776262184117,0.698268823076714,0.847832425714898,"F44E2.8"
0.0836993165517948,4.44328904691011,0.154626189681162,0.698407795534594,0.847832425714898,"ZK262.3"
-0.0470826326364493,6.67485443243573,0.154560863157868,0.698467740007078,0.847832425714898,"ugt-21"
-0.0354877162193152,9.52103101679609,0.154524819019724,0.698501014324781,0.847832425714898,"unc-70"
-0.0539242902550454,6.39799602604465,0.154254556068689,0.698750936111509,0.847931877528417,"mrpl-51"
0.102991782713142,4.37235805604057,0.154230449892171,0.698773688747128,0.847931877528417,"Y55D9A.2"
-0.106560505329592,4.04913663817282,0.153622967524606,0.699336668819584,0.848499225228565,"F19C6.4"
0.0550176590374478,6.36610425878241,0.153284740938807,0.699649716404323,0.848708635580155,"nck-1"
0.072149862595474,4.99770652884299,0.153230572569577,0.699700179822577,0.848708635580155,"ckk-1"
-0.108372800424671,3.81949152859724,0.153075419173187,0.699845296266119,0.848768862242813,"Y43F4A.1"
0.0544829759746239,6.03761903513985,0.152541320270581,0.70034093385341,0.849254124780506,"mrpl-48"
0.0751235776266947,4.8894909012387,0.152293677748943,0.700571796986099,0.849418225419802,"C03G6.17"
0.0555519845163735,5.80315509144662,0.152121694237446,0.700731961142008,0.849496573017943,"F52B11.2"
-0.0563764688055192,6.31667750052277,0.151679314143441,0.701144829515674,0.849881210528134,"fnci-1"
-0.077361058621102,4.94667202177802,0.151516178229745,0.701297445407013,0.849916641893108,"lyst-1"
-0.0513807004890758,6.2836500791448,0.151443463357845,0.701365245930686,0.849916641893108,"rhi-1"
0.105089792376384,4.23709912418559,0.151040597982538,0.701742761930287,0.850199631123966,"Y51F10.11"
-0.110360118424818,3.77118024185326,0.1509908834001,0.701790022811696,0.850199631123966,"nlp-41"
0.0944543759494058,4.01736835571418,0.150761840913089,0.702004181456069,0.850343212169742,"daam-1"
0.0920143043835948,4.13675768489361,0.150375134997564,0.702366812294241,0.85066657514073,"rnf-121"
-0.0636155439556759,5.37115669129589,0.150089698808025,0.702634353176915,0.850874698187953,"elc-1"
-0.0597626823387518,5.91416546505355,0.149850954503199,0.702858777422374,0.851030558363384,"C14A4.6"
-0.0474872613723203,6.8133454932702,0.149662734783783,0.703035871771102,0.851129076241403,"mrpl-22"
0.04638460937535,6.47096375866417,0.149378328064818,0.703303765714132,0.851250276095756,"ubxn-3"
0.0594980303826478,5.64800904965045,0.149353222799017,0.703327469148512,0.851250276095756,"mdt-26"
0.0369932164700229,8.21273095689842,0.149154743265638,0.703514535461917,0.851313146899192,"cand-1"
0.0376949614986586,8.07651059356897,0.149094979113028,0.703570914791954,0.851313146899192,"slc-36.2"
0.0630658271228684,5.84642563851925,0.148735170426797,0.703910680478655,0.851602486476586,"ZK1236.5"
0.0908431766402155,4.20988894880754,0.148639536879616,0.704001605623991,0.851602486476586,"ham-2"
-0.0945728575588066,4.10662858936474,0.148449783036825,0.704181130728926,0.851703772726279,"C50E3.5"
0.0414655923848059,7.80005491965482,0.148202595717658,0.704414309452054,0.851756222498645,"rpt-1"
-0.0978785537632401,4.29752591137162,0.148201280233558,0.704416095381008,0.851756222498645,"twk-29"
-0.0495606904620454,6.28717043936781,0.147903072528716,0.704698084941657,0.85188102788164,"aqp-8"
0.0440914954216598,7.01879571002156,0.147888318886825,0.704712053631396,0.85188102788164,"C16B8.3"
-0.0788590678083358,5.05759289802059,0.147632276099589,0.704955040835501,0.85188102788164,"lim-8"
0.0892650507677737,4.19208790923993,0.147582996491159,0.705002250995954,0.85188102788164,"Y106G6D.5"
-0.128710927750812,3.61720296735979,0.147545484834299,0.705038920578887,0.85188102788164,"acd-5"
0.0575209247787496,6.61551225229718,0.147485500757351,0.705094194599144,0.85188102788164,"rskn-2"
-0.0699331240179361,5.14652178449652,0.147260828737668,0.705307725922712,0.852023232497124,"ect-2"
0.0573199355780003,5.63883974374674,0.146976406327829,0.705578055196928,0.852230949589339,"mdf-1"
0.0366539654667744,8.60783455764069,0.14687823856082,0.705671381270579,0.852230949589339,"rpl-15"
0.0865703685757778,4.26238840956411,0.146620654122849,0.705917202033165,0.85241203901628,"M142.8"
-0.0893976089861118,4.18273543498006,0.146320748729965,0.706203147867593,0.8524497264452,"Y48G1C.12"
0.0471992020456379,6.81446420029462,0.146302535417684,0.706219902504492,0.8524497264452,"pqn-35"
0.0905069219859488,4.21014806851358,0.146286223421202,0.706236046001051,0.8524497264452,"H04M03.12"
-0.0520506045096461,6.13955185353099,0.145994240596482,0.706514156298822,0.852669657072462,"ife-1"
0.0454399710887923,6.72516856076019,0.145889637314201,0.706614053724743,0.852674477696347,"hcf-1"
-0.0857608138354767,4.73448931190696,0.145724812342779,0.706771828070486,0.85274912788366,"C48E7.6"
0.0617544304920678,5.50802572008293,0.145095389990206,0.707374115130603,0.853319850657759,"sop-3"
0.07128700907672,5.5208077400685,0.145029986111884,0.707436803419002,0.853319850657759,"efr-3"
0.0859203693361117,4.3133993238484,0.144697906605522,0.70775577519068,0.853588795065157,"C50D2.2"
0.0670694927360852,5.46853977781276,0.144424026935663,0.708018401477239,0.853740285616351,"Y105C5A.24"
0.101565987856405,3.84257409224888,0.144312821042388,0.708126293816163,0.853740285616351,"C28C12.12"
-0.0347871887909566,8.38230005982006,0.144192133553548,0.708241235662477,0.853740285616351,"F28H7.3"
-0.107547565235672,3.81778608913079,0.144168138321415,0.708265475953909,0.853740285616351,"C05C8.5"
0.0836139392081828,4.34645453422203,0.14370250684833,0.708713122888833,0.854164074231343,"R06A4.2"
0.0763076464927321,4.86589794621816,0.143564901842752,0.708845515278223,0.854207844448181,"F10D7.2"
0.0458007063235141,7.06712760868945,0.143386109396161,0.709017766095654,0.854260796585264,"hum-1"
0.0427686285630428,7.09710450115162,0.14329141442013,0.709109157484847,0.854260796585264,"dnj-20"
0.0875293870533856,4.28089369103309,0.143134584864935,0.709261110437828,0.854260796585264,"sqv-3"
0.105100767453113,3.74697701205796,0.143122249572728,0.709273782520798,0.854260796585264,"K04F1.9"
-0.0712069536639837,5.37665602568104,0.142772466236626,0.709610714548359,0.854401533259637,"uri-1"
-0.0845712620076181,4.52431880550641,0.1426749383131,0.709705333920518,0.854401533259637,"lnp-1"
-0.0686922609785701,5.00034594683437,0.142623853745647,0.709754592351592,0.854401533259637,"K09E9.1"
-0.0978491355906308,4.12481226650134,0.142603264005479,0.709775022455931,0.854401533259637,"sulp-2"
0.0433459084179035,6.69112077329078,0.142293257366422,0.71007462124745,0.854433859857894,"hmp-1"
0.108555904851826,3.66837907476894,0.142240829858968,0.710126897496775,0.854433859857894,"dgk-3"
-0.0589066137351073,5.76323027172129,0.142197949998225,0.710167047313237,0.854433859857894,"nono-1"
0.0798929934638985,4.50177848258833,0.14217844180672,0.710186280997619,0.854433859857894,"C30H6.8"
-0.115951079967263,4.1569966890774,0.141976802834933,0.710382153110884,0.854553879489767,"pals-22"
0.091574512030758,4.09681936721277,0.141802162618674,0.710551746793572,0.854564274011965,"F20A1.6"
0.0333091759373405,10.6914756713182,0.141769212016405,0.710583025280673,0.854564274011965,"cpr-5"
0.0865857680938175,4.72907824977321,0.141519265189535,0.710826187347054,0.854741091655755,"lgc-50"
-0.0548812150808227,6.13763087754134,0.141398674589928,0.710943223180982,0.854766220054376,"spat-3"
0.0947304816167205,4.03907796252482,0.141240059459131,0.711098299602112,0.854837071628229,"egl-26"
-0.0974840373956183,4.10492416454162,0.140911803868212,0.711417940223048,0.855075720294305,"K11G9.1"
-0.044446319430575,6.59847698777354,0.140794868675941,0.711531252503465,0.855075720294305,"C36B1.9"
-0.0411032419982736,7.2153162590741,0.140739395656074,0.711585339608319,0.855075720294305,"him-1"
0.0635975949187964,5.51779002033849,0.140347794981217,0.71196765009548,0.855419510405258,"cogc-6"
-0.0840175480726713,4.44177135406113,0.140099180101649,0.712210965235562,0.855596229145977,"sys-1"
0.0322910847172273,8.85514471310564,0.139976564985225,0.712330474074215,0.855624188731944,"pat-2"
0.0718583648374305,5.13599531824448,0.139660201705166,0.712640353936917,0.855817943966718,"R11H6.5"
0.0309726090015301,9.29080313837609,0.139615184404547,0.712684293907275,0.855817943966718,"suca-1"
0.0308408834307776,10.9897879141308,0.139489260822758,0.712807705931955,0.855850548742878,"unc-87"
-0.0771618449450839,4.7937271038473,0.139056422685411,0.7132326554628,0.85624514443961,"kbp-3"
-0.0385962505133013,7.60281683176046,0.138907076404385,0.713379115658477,0.85630534863231,"mrps-27"
0.060682003003886,5.74302905664348,0.138500788788229,0.713778757409189,0.856669402284705,"gfi-2"
-0.103538469119082,4.27913129296152,0.138056251422161,0.714217193312178,0.856966436833985,"math-41"
0.0463830710619321,6.22540406962162,0.138053896903295,0.714219018888745,0.856966436833985,"hex-1"
-0.0418159019611457,8.1019060034555,0.1379126508273,0.714358307001922,0.856983199690157,"dys-1"
0.0651499121696455,5.20120057049616,0.137820476786525,0.714449422332738,0.856983199690157,"inx-3"
-0.0861194502014625,4.42550403585362,0.137737574618652,0.714531546201688,0.856983199690157,"glb-24"
0.0345184578605075,7.88761192828205,0.137557047705219,0.714709444027393,0.856983199690157,"gsp-2"
0.0515881951729853,5.90547420887701,0.13747842085899,0.714787208010982,0.856983199690157,"T19A6.1"
0.0435959816212744,6.94545612285193,0.137454001495687,0.714811315813992,0.856983199690157,"cpr-8"
0.0507962915557629,6.0080730701179,0.137163113037042,0.715099086610895,0.857212616833958,"slo-1"
-0.0585695223847171,5.9480143108533,0.136869106350186,0.715390272833905,0.857300386263007,"alh-11"
0.0372003876564092,7.80777003150423,0.136801930540862,0.715456801273649,0.857300386263007,"tag-123"
-0.0628900317077104,5.18286107489594,0.136797267026577,0.715461575308909,0.857300386263007,"T23F4.2"
0.0363286477893746,8.81446785432346,0.136193246043448,0.716060945652591,0.857875746141117,"F40F8.5"
-0.0832079048253376,4.23626762392939,0.13611959735097,0.716134719138384,0.857875746141117,"C44C1.6"
0.0728981911138845,4.7574353080322,0.135531575660119,0.71671969783981,0.85833691336282,"lurp-1"
-0.108367075723052,3.81691955850427,0.135509650710615,0.716742409252463,0.85833691336282,"nhr-63"
-0.0416327167861282,7.3491259366886,0.135277460747355,0.716972831278528,0.85833691336282,"zfp-1"
-0.0413276977837947,7.52061860752728,0.135244033981255,0.717006175359554,0.85833691336282,"gcy-28"
0.0678225485545061,5.16648512132116,0.135232672568755,0.717017657894006,0.85833691336282,"vamp-8"
0.101734265674372,3.79440409728468,0.135152247999241,0.71709893065561,0.85833691336282,"Y38F1A.2"
-0.0375128334225299,8.23339844375416,0.134320006023851,0.717929952788274,0.859181726851576,"stt-3"
-0.0603543008163083,5.6669510974886,0.134198998295237,0.718051268099263,0.859181726851576,"sphk-1"
-0.0790085011662137,4.64677734581963,0.134142411187469,0.718108221026628,0.859181726851576,"pig-1"
-0.0526391726611622,5.95605560413546,0.134059326673407,0.718191271393647,0.859181726851576,"F45E1.4"
0.0997018676782079,3.86439654405518,0.133806600784775,0.718445818569987,0.859300888348911,"actl-1"
0.121449326075095,3.44237311393433,0.133769571789725,0.718484175456732,0.859300888348911,"impt-1"
0.053518434728205,6.30841456790925,0.133387397144545,0.718866034829934,0.859500158213218,"ceh-100"
-0.0329786523492693,8.24811985391943,0.133281256012545,0.7189727662323,0.859500158213218,"eif-3.E"
-0.0467364033457375,6.87108951901155,0.133273888793854,0.718980203676033,0.859500158213218,"dad-1"
0.0597490493984166,5.84417647435129,0.133217010296202,0.719037473488912,0.859500158213218,"tyr-6"
-0.0601885505198823,5.50449114750161,0.133082637690682,0.719172781297915,0.859522146498681,"png-1"
-0.0720972072632065,5.05610946924633,0.132947980241036,0.719308502002337,0.859522146498681,"unc-69"
0.0716217873901687,4.79515304840441,0.132910947735065,0.719345888212427,0.859522146498681,"sto-5"
0.0729044910511769,5.63565978176484,0.13255750353308,0.719702162714819,0.859832293563216,"rnp-5"
0.109265600278442,3.66975204001188,0.131862372375043,0.720406131838764,0.8605576942333,"Y56A3A.30"
-0.0714607132312364,5.26251606356302,0.131735820221277,0.720532985312853,0.860593601882936,"F49E8.7"
0.0413218407764045,6.72726081544465,0.131493630528269,0.72077830399808,0.86073723727533,"mrpl-24"
0.0795945145922456,4.47380993547942,0.131426372790071,0.720846864104387,0.86073723727533,"trxr-2"
-0.0409091290857567,6.81668390133497,0.131281906479191,0.720993067369483,0.860796208135098,"crh-1"
-0.0700556010839811,5.86626918457021,0.130814533530664,0.721467882204979,0.861048122933578,"dhs-30"
0.0939745072228485,3.97580471000478,0.130676387850232,0.721609181276572,0.861048122933578,"slc-25A32"
0.0390030730984151,6.97502812770847,0.130579675651819,0.721706794602609,0.861048122933578,"unc-14"
0.0876251859422671,4.34678875119621,0.130499700885503,0.721788657800128,0.861048122933578,"rom-5"
-0.0486208386131141,7.76897555178842,0.130375752671632,0.721914443862239,0.861048122933578,"tni-4"
-0.0421896151150686,7.42539680764083,0.130206276957455,0.722087184119978,0.861048122933578,"tat-1"
-0.114169934223716,3.54451914118142,0.130142986953274,0.722153518982693,0.861048122933578,"efn-4"
0.0794674641310597,4.56252142514462,0.130030839215518,0.722266451170572,0.861048122933578,"unc-58"
0.0375459069317543,7.72000681834044,0.129969844619831,0.722328361758911,0.861048122933578,"nuc-1"
-0.0531222493514592,5.90622896578601,0.12994009356549,0.722358781204267,0.861048122933578,"F13H10.8"
-0.117802120433633,3.51565984798604,0.129888697677065,0.722413106408116,0.861048122933578,"K07B1.7"
0.047773326143895,6.4245781051953,0.129806171391282,0.722495503832331,0.861048122933578,"spds-1"
0.0755299209695984,4.85374171646383,0.129724355773269,0.722579273532017,0.861048122933578,"ttr-7"
-0.0703603549879485,4.72636444076563,0.129688768125872,0.722615681189944,0.861048122933578,"F26G1.1"
-0.0508717696047844,5.83875413897203,0.129648385034214,0.722656742023435,0.861048122933578,"perm-3"
-0.102171649303177,3.86309931796554,0.129427623297347,0.722883446262448,0.861079281830067,"him-6"
-0.0351270023172843,7.80141426759737,0.129386947191637,0.722924046865017,0.861079281830067,"atx-2"
0.0491253767238725,6.24216525309176,0.129338719005982,0.722973438180346,0.861079281830067,"scm-1"
0.0520223181898308,5.76391475978953,0.129193894499475,0.723121731833014,0.861140546172961,"unc-62"
0.0984649855826366,3.84090117674304,0.128976607719962,0.723345347776192,0.861184912564589,"ugt-56"
-0.0637285447462325,5.1460552380674,0.128780834772354,0.723545227103532,0.861184912564589,"F53A9.9"
-0.109776995466827,3.81690956498275,0.128772291261175,0.723554929933658,0.861184912564589,"C09G9.5"
-0.0712695168546977,4.73917611493865,0.128737340041171,0.723589963749223,0.861184912564589,"Y57G11C.38"
0.0572847811028655,5.37680863190232,0.128685234224572,0.723643288918012,0.861184912564589,"slcf-1"
-0.0622494009164964,5.39960727501478,0.12858563515889,0.72374553523762,0.861191321439733,"swan-2"
0.0862367294577815,4.26474988265876,0.128441271088641,0.723894239139994,0.861253001497884,"F29A7.6"
-0.0895385119335816,3.97493873856401,0.127838181168467,0.724515066611745,0.861841707537267,"F13G3.12"
-0.0775613341235437,4.74749166761359,0.127641881796001,0.724716810740511,0.861841707537267,"mrps-11"
-0.0563408976115099,6.31301524800426,0.127614892028449,0.724744420991258,0.861841707537267,"romo-1"
0.0967091737592828,4.01675376238896,0.12758421727345,0.724776790828495,0.861841707537267,"tag-153"
0.044628190741593,7.24314673620434,0.12734291499967,0.725025057687285,0.86202163518289,"F22B7.9"
0.0470729451552868,6.44955568471577,0.127101326713286,0.725274650353033,0.862030627650531,"cul-4"
-0.0518746287546433,6.17747490220927,0.126841160557719,0.725543732051638,0.862030627650531,"T22C1.1"
-0.0655046975680788,5.14607736473728,0.126812402193154,0.72557360660887,0.862030627650531,"pdp-1"
-0.0763088552931121,4.65079531469808,0.126699299335938,0.725690835285216,0.862030627650531,"nhr-130"
-0.0541810588553841,5.89042116665975,0.126693141858924,0.725696971690405,0.862030627650531,"lin-15B"
-0.0690670884686612,5.14554365185849,0.126636029773091,0.725756218568786,0.862030627650531,"Y51H4A.7"
-0.0667778195452877,5.05279223607634,0.126626828567224,0.725765767843093,0.862030627650531,"nhr-28"
0.0520162408405071,6.10909190804884,0.126557110351357,0.725837866980686,0.862030627650531,"dnc-2"
0.0389469849113191,7.40164565514357,0.126492087856635,0.725905219797495,0.862030627650531,"tlk-1"
-0.0675973817728086,5.19924683631887,0.12639790019986,0.726002991222292,0.862031596548797,"xpd-1"
-0.0714995908733155,5.01324334720656,0.12615106492741,0.726259110565785,0.862220557089117,"F37B12.3"
-0.080377111107028,4.28764555946401,0.125821833781265,0.726601438943031,0.862310707583426,"maea-1"
-0.0473761458117285,6.39177388188514,0.125729146859551,0.726697345776878,0.862310707583426,"slc-17.2"
-0.102922542373708,4.10439728523345,0.125725798468308,0.726701466150431,0.862310707583426,"C31H2.3"
-0.0582295322883011,5.36873824894142,0.125607987247518,0.726823462502043,0.862310707583426,"sam-10"
0.0355228454514081,7.42236958223038,0.125541400270807,0.726892665416953,0.862310707583426,"pas-3"
-0.0830701822599388,4.23638506506815,0.125442395875336,0.72699627078414,0.862310707583426,"molo-1"
0.136976174276823,3.21120227034696,0.12539625810675,0.727047259587529,0.862310707583426,"nlp-57"
-0.0450385070862383,6.82528198499436,0.125323691098111,0.72711939857014,0.862310707583426,"F45D3.3"
0.0294250999094547,9.06859159158748,0.125238714174058,0.727207927731473,0.862310707583426,"pat-3"
-0.0739417497295592,5.19166508228415,0.124916477581632,0.727544186793635,0.862585635262043,"zip-5"
-0.0507252850882338,5.80032924098227,0.124830547075257,0.727633816720878,0.862585635262043,"nasp-2"
-0.0723752129325721,5.01314960774517,0.124564763744322,0.727911642972541,0.862799949029311,"unc-75"
0.0882072780125197,4.39502810627653,0.124352042745309,0.728134389217056,0.862855506096177,"rars-2"
0.0524525457722913,5.86217448244742,0.124334282918768,0.728152610756902,0.862855506096177,"F55B11.4"
0.0427808728762422,6.65859993636793,0.124220128775395,0.728272086662492,0.862882079226575,"attf-4"
0.0679058310267894,5.00516653691283,0.124112489538764,0.728384978168068,0.862900844889046,"lmtr-5"
-0.105059863867841,3.81755588924971,0.123993578098581,0.72851047625348,0.86293453828533,"col-91"
-0.0699409316359368,4.9322285320472,0.123369278796796,0.729164935634929,0.863513115142469,"pdl-1"
-0.0429040326957024,6.45997588462171,0.123341338999883,0.729194141572777,0.863513115142469,"taco-1"
-0.0471036905755143,6.46322315124804,0.123233808634173,0.729307219760633,0.863513115142469,"tmbi-4"
0.0576397279982787,6.03590906969685,0.123074733023479,0.729474620032765,0.863513115142469,"usp-48"
0.0896248374790915,4.07785256682275,0.123065921887208,0.729484535804193,0.863513115142469,"dyb-1"
0.0514251659996612,5.64325243548881,0.122835845397491,0.729726239036976,0.863576163329129,"cal-4"
0.109431383818042,3.67079526107165,0.122831556347382,0.729732056584383,0.863576163329129,"ocr-2"
-0.0788266555628446,4.69995247705915,0.122725823362304,0.729842406899513,0.863591807258926,"cyp-34A9"
-0.0397687289309184,7.15313664740852,0.122560284556824,0.730016752290735,0.863683159629664,"C31H5.6"
0.071747621401879,4.92417724281963,0.122236506629771,0.730358806129899,0.863972877235356,"swan-1"
0.0880991214821889,4.18952261838054,0.121868826033834,0.730748032463903,0.864251429086025,"set-25"
0.0443863900294479,7.63004631474315,0.121771956436224,0.730850020881823,0.864251429086025,"nlt-1"
0.106630787640198,4.10711942652845,0.121666811316132,0.730962042077638,0.864251429086025,"npr-15"
0.102513662059128,3.81755936841796,0.121609037245937,0.73102366301301,0.864251429086025,"Y40D12A.1"
0.0747650327745598,4.74442002196286,0.121544507385167,0.731091255198197,0.864251429086025,"C01C10.2"
0.0642824174562384,5.1797009715541,0.121463052920261,0.731177510919478,0.864251429086025,"pgl-1"
0.0807525778958154,4.44151090872709,0.121264248593275,0.731388678241808,0.864352514263749,"F13D11.4"
-0.0530269440465949,7.1645526537766,0.121199109198606,0.731457464550719,0.864352514263749,"ifo-1"
0.0619887028801578,5.07355527919125,0.121060973070688,0.731604323573222,0.864365740928611,"taf-6.2"
-0.084585100494982,4.52536459670627,0.121005835347867,0.731663093715974,0.864365740928611,"T19D2.2"
0.0433306898954858,8.61279952252274,0.120732000782244,0.731953946578387,0.864594465129326,"rps-7"
0.0846183404626431,4.47612858111492,0.120256034277173,0.732461344661659,0.865078880896229,"algn-14"
0.0745251192906231,5.26882986307932,0.11984513597065,0.732899730320928,0.865481671175903,"frm-8"
-0.0273403889338419,10.7163957615245,0.11906436968106,0.733735393580207,0.866325339806037,"eat-6"
-0.0455295354244871,6.17954475949407,0.118995751490627,0.733809035438001,0.866325339806037,"F11G11.5"
0.049484980376864,6.60074508775213,0.118662477333298,0.734166840384151,0.866632684261218,"gfm-1"
0.052499558748602,5.71381775334567,0.118542054874694,0.734296304086183,0.866670442005874,"tli-1"
-0.11292795969255,3.92247838630477,0.118363753295021,0.734488892621498,0.866782684403735,"cyd-1"
0.0492353399085699,5.89770547061595,0.118102426921611,0.734769429351372,0.866820975889866,"C52A10.1"
0.0426175339853287,6.6957602255447,0.117995596342526,0.734884526368092,0.866820975889866,"tol-1"
0.0461396452343077,6.25511208611799,0.117955535817551,0.734927721455684,0.866820975889866,"clec-160"
0.0730078004379598,4.75785220490267,0.11789824557241,0.734989700504647,0.866820975889866,"smrc-1"
0.0375599944755573,7.71976490742421,0.117880301939858,0.735008810846215,0.866820975889866,"mrpl-11"
0.124997519786212,3.38149493637204,0.117695494242278,0.735210539628814,0.866943886981403,"Y110A7A.7"
0.087307809660105,5.87622236666518,0.11759988381601,0.735311490973953,0.866947946724495,"unc-2"
-0.13213896018736,3.42549024689808,0.117141238188108,0.735809451666163,0.867420025823901,"egl-2"
0.0514803022602046,5.58778370275922,0.117006301378884,0.735953447337151,0.86747475809023,"B0334.4"
0.129062167016553,3.34895910085432,0.116776454110423,0.736204918350043,0.867572902312126,"calf-1"
0.0433090548456894,6.33744420401845,0.116681145663546,0.73630582625122,0.867572902312126,"ZK121.2"
0.034347035986153,7.2550680905581,0.116659355650665,0.736329447851457,0.867572902312126,"rpt-6"
0.0529774587109999,6.21295825537934,0.116559559602437,0.736437751785277,0.867585537448377,"C27F2.4"
-0.0787663912659903,4.42794957467899,0.116346615748792,0.736669334529101,0.867743382789909,"C33H5.13"
-0.0726512198782547,4.90008848371173,0.1160005927979,0.737045392831211,0.868071345563955,"mrrf-1"
-0.0687375243018959,4.58728820374713,0.11568592301809,0.737388201202588,0.86826202893496,"C27C12.4"
-0.0788387653974577,4.30460981578964,0.115672853243251,0.73740260718568,0.86826202893496,"C04F12.1"
0.0441318673800633,8.38925021774567,0.115538456663674,0.737548677837511,0.868302623741158,"T24B8.3"
-0.0767707851275214,4.8485193332144,0.115461901114371,0.737632405479357,0.868302623741158,"cox-19"
0.0456460197813899,6.11053811946502,0.115202771346011,0.737915147487034,0.868520462841834,"dcap-1"
0.0379741090592267,7.02886883913358,0.114946001638781,0.73819581608095,0.868627581159264,"wdfy-3"
0.0400143823732309,7.08302254614813,0.114940756833278,0.738201552495715,0.868627581159264,"K09A9.6"
0.0408770536881585,8.12104199746509,0.11467360074439,0.73849395616127,0.868700391119662,"rpl-18"
0.0336302822022404,7.84569964986207,0.11466028225369,0.738508545158917,0.868700391119662,"ttr-46"
0.0312644445661584,8.52926469257259,0.114616462977752,0.738556546673437,0.868700391119662,"K08E3.5"
-0.0538937945005537,5.75805039550987,0.114413765137549,0.738778792001454,0.868846857101181,"R10E12.2"
0.074528766260083,5.33347646009177,0.114148524947845,0.739069919333694,0.86907428287209,"T22F3.2"
0.099808629926079,3.88946864688562,0.113972066890345,0.739264562449941,0.869188207450731,"atx-3"
0.0812297378478368,4.31338936603924,0.113675232359256,0.739590590698307,0.869456557172901,"sol-1"
-0.0678118718465234,4.90881687947113,0.113363822408102,0.739933354273818,0.869744507251258,"F01G4.5"
-0.0430779405462615,6.35937017730018,0.112888679532467,0.740457584314833,0.870245655273388,"Y48E1C.4"
-0.0306489582925574,8.74225676223767,0.112758736398464,0.740601177332825,0.870299374526322,"atp-3"
-0.055959054806598,5.3371734437191,0.112551097073948,0.740830984243281,0.870454378341088,"repo-1"
0.0403333030903129,6.7545310358048,0.112370961534955,0.741030362385255,0.870487405561254,"W08E3.2"
0.105383331783893,3.64284101590191,0.112350023076832,0.74105490638771,0.870487405561254,"F27C1.11"
0.0537293634120732,6.05140546824215,0.112221683239247,0.741195811727489,0.870537907803052,"abts-3"
-0.061746381750414,4.96534033435425,0.111982156390446,0.741461648876464,0.87073511031048,"set-1"
0.0610345256748092,5.04180483731828,0.111642553587281,0.741838888670033,0.871063069092085,"trpp-10"
0.0572610156240854,5.24839242309971,0.111394256395517,0.742115086054416,0.871269299990929,"F49C12.7"
0.0640967476833917,4.76474380407442,0.111215744793949,0.742314001996523,0.871269299990929,"trpp-4"
-0.0416899747560436,6.30194193418853,0.111199327104066,0.742332096722946,0.871269299990929,"dpm-1"
-0.0599301691614716,5.32959971024695,0.111058214148261,0.742489469338935,0.871269299990929,"unc-50"
-0.0728989277462759,4.72901555769726,0.111044859277631,0.742504497360394,0.871269299990929,"eor-1"
0.0984887133912531,3.90799631312968,0.110938291368882,0.742623981275457,0.871294512736882,"pch-2"
-0.0622845472087421,5.0639981575262,0.110631473644926,0.742965879021579,0.871567303775231,"pcaf-1"
0.0509182899215176,5.69538485317589,0.110553850428119,0.743052543315291,0.871567303775231,"set-2"
-0.0532446870142434,5.579790011681,0.110282639441359,0.743355954648187,0.871808177387816,"dnj-25"
0.030278168611588,8.00230061052893,0.110181555904914,0.743469068101499,0.871825835464314,"emb-5"
-0.0501590093508907,5.92020174952932,0.10978900385589,0.743909221027935,0.871951738299469,"F09E5.8"
-0.0885428207250355,3.99560913014677,0.109779355130011,0.743920745938912,0.871951738299469,"magu-1"
0.0489371005119074,6.46359233265051,0.109762126172905,0.743939367308632,0.871951738299469,"ZK809.3"
-0.0313251584682049,8.00078198247681,0.109735951064002,0.743968719687299,0.871951738299469,"idhb-1"
0.042074339111724,6.78848952897382,0.109315360608436,0.744441384345968,0.872390714145249,"gon-1"
0.0687187881919121,5.49346719835798,0.109096127182679,0.744688212065443,0.872564956968088,"ptr-12"
-0.0978652059301959,3.88843344806557,0.108973138367618,0.744827572895837,0.872613249521266,"T04F3.2"
-0.0334757919841367,7.2393307144245,0.108697257647222,0.745137818780909,0.872702012355746,"mrps-9"
-0.0375796773304411,6.7295922930037,0.108609304352784,0.745237104659231,0.872702012355746,"maco-1"
-0.0904206155986054,3.73321558518515,0.10851948897013,0.745339664845539,0.872702012355746,"glb-9"
0.0933513841518931,4.15738180909227,0.108482602161868,0.745380742041162,0.872702012355746,"ipmk-1"
-0.0409119849105931,6.43188466834137,0.108470291446485,0.745394115603367,0.872702012355746,"apd-3"
0.0591604322766501,4.99059302774235,0.108178498764825,0.745724179619279,0.872934237692264,"nhr-143"
-0.0614373096293646,5.00494781271509,0.108121371399986,0.745788827973281,0.872934237692264,"F42G10.1"
-0.0361129012264846,6.99542683426962,0.107879629251163,0.746062470246312,0.873051372342727,"Y39G8B.1"
0.0313453895386337,7.7516777528825,0.107859476009675,0.746085291537514,0.873051372342727,"hsp-75"
0.0786542459089908,4.51872496961169,0.107363164765359,0.746648848635918,0.873595856457685,"F56F11.2"
0.0476909527840974,5.656068202468,0.106936702681855,0.747133715291224,0.873644183907189,"R151.6"
-0.0673930980314565,4.91994309381686,0.106906961267381,0.747167710121315,0.873644183907189,"vti-1"
0.0678313090494468,4.90648234898968,0.106864182512611,0.747216442642152,0.873644183907189,"ZK1320.13"
-0.108015505117044,3.77256138714257,0.106841570028668,0.747243089563068,0.873644183907189,"D1054.5"
-0.0610495036369284,4.96504015651011,0.106828270684363,0.747257345871142,0.873644183907189,"snb-2"
-0.0756329456719427,4.54639779540322,0.106737448402411,0.747360994906246,0.873644183907189,"sorf-2"
0.0869910299035891,4.15521557095175,0.10672276545566,0.747377984793395,0.873644183907189,"C34B4.3"
-0.0405552190815207,7.0862745330276,0.106583364819436,0.747536428917795,0.873714524715146,"clec-62"
0.0657245361325194,4.67589705363791,0.10615582107129,0.748025002151862,0.874170648545243,"C35E7.11"
0.0441069731625978,6.00753654735368,0.105669351387611,0.748581761057835,0.874706326398372,"C24D10.6"
0.0602716932102273,4.99197812376751,0.105511514931099,0.748762900809697,0.874740291168109,"lin-25"
0.0289916000457772,8.40182858552587,0.105459496335598,0.748822424477246,0.874740291168109,"immt-1"
0.0518192994355705,5.65476891406598,0.105302412761513,0.749002839979375,0.874740291168109,"tag-307"
-0.0471312920821471,6.10782522304098,0.105301061770937,0.749004368087146,0.874740291168109,"Y92H12A.4"
0.0463511942279107,5.9547968208124,0.105137384920758,0.749192457396669,0.874748872890812,"T23B3.1"
-0.0373671383040153,7.69775262816142,0.104989779941773,0.749362165712641,0.874748872890812,"acbp-1"
-0.0637953039506341,5.42803788556462,0.104985757184284,0.749366884489263,0.874748872890812,"F42G2.2"
0.0505535880739628,5.88077724375063,0.104952367954137,0.749405259791847,0.874748872890812,"F46H5.4"
0.0661374061595184,4.81426283992611,0.104812361810429,0.749566589879891,0.874822335340261,"C51E3.6"
0.037013146144675,7.31552432994609,0.104690075564173,0.749707262165083,0.874871671861104,"pqn-31"
0.0462784401398349,6.40276483484818,0.104558482731518,0.749858968144678,0.87493386952419,"ccch-1"
-0.0753421805213518,4.30665056763307,0.104448756664756,0.749985943336531,0.874967198819721,"ugtp-1"
0.0582551981144153,5.40299801274965,0.103484987335281,0.751100456385381,0.876152474117347,"hap-1"
-0.04730338591674,5.70432754118174,0.103245335367323,0.751378533507013,0.876361870839677,"sfxn-5"
0.100517015756425,3.77170418352431,0.102922210526557,0.75175506582867,0.876686029680313,"slr-2"
0.0400957570352471,6.65091723558491,0.102772574290789,0.751928184814674,0.876729846655513,"C50D2.5"
-0.0726646870991067,4.66234591611389,0.102719808433839,0.751989856101107,0.876729846655513,"trip-4"
0.0672141737756864,4.98274202766643,0.102396461872594,0.75236663770067,0.877054120335211,"Y77E11A.2"
0.062616275913905,4.88435835677315,0.102170509257374,0.752630408334182,0.877179235341466,"ugt-40"
0.0679749316849013,4.63768494718109,0.102135580829312,0.752671284042295,0.877179235341466,"C44F1.1"
0.096365940671365,3.86259709505647,0.101870662696896,0.752981609496017,0.877313094975696,"C33G3.6"
-0.0675527759461532,4.60139136942735,0.101868532879938,0.752983492043587,0.877313094975696,"F31D4.8"
0.0623320103415265,4.83435764180152,0.101606745514214,0.753289896548672,0.877555093057422,"C56G2.4"
-0.0858179309800901,4.69993936118918,0.101456296053556,0.753466272575065,0.877645569168728,"algn-12"
0.0948317824556058,4.03750979271982,0.101280177089733,0.753673289668671,0.877771707943955,"perm-5"
0.0284171477742743,9.30899461652912,0.100904535112942,0.754113957688015,0.878169901480569,"vha-15"
-0.0707148726615647,4.40213930154927,0.100769506884371,0.754273192371121,0.87824030295595,"glb-3"
-0.0940935599078404,3.68381142292034,0.100654241854177,0.754409740172533,0.878284273913054,"soem-1"
-0.0498763150674899,5.67471438209784,0.100543045211478,0.754539577307476,0.87832042181733,"trpp-11"
0.0577040016053155,5.19673477828748,0.0999757917441404,0.755209140735158,0.87898474542169,"sox-2"
0.0373721964001383,6.64587510585375,0.0994722060693012,0.755805153997407,0.879543524335136,"cas-1"
-0.0868134996309404,3.75790788363118,0.0993682285378914,0.75592947118327,0.879543524335136,"C32D5.1"
0.0354402143133584,6.9431906270515,0.0992865948609664,0.756025284776219,0.879543524335136,"trxr-1"
-0.0383776476295564,6.51830669648069,0.0992218788534842,0.7561020985556,0.879543524335136,"F09B9.4"
0.0634099997322696,4.60867774479234,0.0991532194411718,0.75618386008523,0.879543524335136,"mut-7"
-0.0467536784799105,5.7286366207655,0.0989474250697643,0.756428165248459,0.879712598721263,"ppfr-2"
-0.0482085032001879,5.87700352100738,0.0988507819351553,0.756543082160838,0.879731172311275,"rbm-5"
0.0459439166809555,5.84672372350678,0.0982132324160411,0.757302801316287,0.880499438538396,"unc-6"
0.0519937510880961,5.63985030581133,0.0981213866455776,0.757412483306788,0.880511818655943,"W04C9.2"
-0.0514687360864329,5.35482781306802,0.0978437057316929,0.757744432569692,0.880782553271948,"trx-2"
0.0690654033957372,4.4658936553442,0.0977296184670596,0.757881183672005,0.880826353467686,"T24B8.2"
0.0439319397782956,5.94387479948683,0.0975183240094785,0.758133968722293,0.881004981820665,"F37F2.2"
-0.038739076269617,6.92104078379045,0.0974008207158726,0.758274810158669,0.881053494134961,"B0416.5"
0.0298321084784254,8.30927475115406,0.0972646111628936,0.758438199074895,0.881103458343539,"pdha-1"
-0.0711647159694692,4.78739894924555,0.0971999621826796,0.758516012840113,0.881103458343539,"flp-7"
0.0342812371476798,7.19882646300236,0.0968630489843647,0.758920701870266,0.881458388024629,"let-765"
0.0664271801361337,4.64939807871131,0.0967491286011695,0.759058015970213,0.881502719434582,"Y34F4.5"
0.0991677608842934,3.76901523542343,0.0963093038186697,0.759588839813974,0.881978441218186,"mctp-1"
0.116366567130362,3.47106530232147,0.0962459358239376,0.759666055882225,0.881978441218186,"cps-6"
0.0367584280389948,6.44795552042628,0.0959536867566394,0.760017416509392,0.882139175222859,"sma-5"
0.0516113390607138,5.64474426475794,0.0958928714807382,0.760090997524107,0.882139175222859,"dsh-1"
-0.0809343884066312,4.42533117939289,0.0958838906858383,0.760102150644733,0.882139175222859,"fbxa-44"
0.0271662469352511,8.34152920006204,0.0951019381431529,0.761049808593804,0.883110593981577,"itr-1"
0.033648313114114,7.25486898064139,0.0950295240513524,0.761137833953529,0.883110593981577,"T26C12.1"
-0.0621363968364462,5.04466334515297,0.0947883546077066,0.761431337156081,0.883335858383966,"dhs-1"
-0.03354770205475,8.54006062245966,0.0946432309249881,0.761607922510572,0.883345159547708,"vgln-1"
0.031996935077878,7.39056267815802,0.0946185057176434,0.761638060183638,0.883345159547708,"gba-1"
0.0885388245313931,4.23124434705738,0.0945317421794934,0.761744263268267,0.883353103523955,"ZK546.5"
0.0766265103825861,4.65454381241816,0.094343429892711,0.761973745858421,0.883503987275329,"mau-2"
0.0705403643945468,4.38755645403746,0.0940488798255661,0.762333656696438,0.883806042728912,"C25H3.14"
-0.0585964819978448,7.37468145763574,0.0938197495901242,0.76261361506875,0.88401533918856,"cla-1"
-0.070119789927676,4.38889523183339,0.0933789738568576,0.763154259873341,0.884472732162587,"F45E10.2"
0.0614854347431013,5.08137484503454,0.0932640378193619,0.763295150568453,0.884472732162587,"mtm-1"
0.0446120589244164,5.95465924952547,0.0932546108888642,0.763306632986563,0.884472732162587,"R11H6.2"
-0.0478948614892172,5.66453319977117,0.09279875361193,0.763867311264347,0.885007071208145,"T26A8.4"
-0.0371538998221799,6.98960449718132,0.0925793854483548,0.76413761336185,0.885168931760763,"B0035.13"
-0.0310907748421111,7.56371308241522,0.0924841708073571,0.764255047233267,0.885168931760763,"C29H12.2"
0.0343527021253706,7.22649990645522,0.0923922059690664,0.764368562387364,0.885168931760763,"pad-1"
-0.0474841196794177,5.42615738974928,0.0923625489712475,0.764405247785304,0.885168931760763,"hinf-1"
0.0274391102872804,8.48337306282245,0.0922786073191548,0.764508834149126,0.88517359609583,"kin-19"
0.0527493807370139,5.7382724912,0.0919782558579023,0.764880263982149,0.885415957401157,"EEED8.10"
0.0282127734580687,8.05849353829197,0.0919482664447473,0.764917328624259,0.885415957401157,"mtch-1"
-0.0329083591680666,7.37448913950419,0.0918274938878465,0.765066885696002,0.885473793377136,"C01G10.15"
0.101027837780106,3.84389390626007,0.091746859503286,0.765167645484158,0.885475144604927,"Y48A5A.3"
-0.0345681068470203,7.41054364916106,0.0914957510205431,0.765478217769478,0.885618162145206,"F58G6.9"
-0.0791899266435104,4.80719483097146,0.0914274933070654,0.765563142609538,0.885618162145206,"gar-2"
0.0584782686644118,5.16812381459098,0.0913461430258184,0.765664101924367,0.885618162145206,"C09E8.1"
-0.0701025220655964,7.99717067535487,0.0913254668673941,0.765689665100686,0.885618162145206,"ctc-1"
-0.0459800332455006,5.86233728572363,0.0911175724558297,0.765948163901169,0.885801915354487,"tiar-2"
-0.0441443685156059,5.96578828567337,0.0906124516044266,0.766577470467993,0.886318735278441,"miro-1"
-0.0691859894748756,4.66283480171134,0.0905990198673573,0.766594429680713,0.886318735278441,"C49C3.10"
0.0563278172049079,5.11904002439802,0.0902260158923431,0.767060302745789,0.886665523453722,"cox-16"
0.0321315039219254,7.13231339001334,0.0901674675050208,0.767133427408856,0.886665523453722,"C49H3.3"
0.0648083558712238,4.52550603911681,0.090119636594264,0.767193552123438,0.886665523453722,"F28H1.4"
0.0293865592244259,7.82695245152337,0.0898657346357765,0.767511263684688,0.886917422071818,"ttr-51"
-0.0540184263394044,5.27542998143453,0.0894809743148159,0.767994204612775,0.887360165459673,"aat-6"
-0.0715523923031536,4.41962409833292,0.0891202855684152,0.768448094502595,0.887769231837653,"nepr-1"
-0.044548238610956,5.72421316365583,0.0889786460655152,0.768626230949485,0.887859662124448,"pho-14"
-0.0928843809392249,3.73421621101248,0.0888630428192778,0.768772954323253,0.887888559940054,"K08B5.2"
-0.040058800442569,6.10182737003454,0.0888003951905871,0.768850975478403,0.887888559940054,"Y87G2A.13"
-0.0395771342911243,6.75488949514856,0.0883937694016604,0.769364612470268,0.888366333697812,"cka-1"
0.0434186037392995,5.98447762863452,0.0881566561661102,0.769664750558262,0.888597493470134,"eat-4"
-0.0507393921353814,5.45006486768617,0.0879685023612724,0.769903254656592,0.888659785314166,"nlg-1"
0.032091019695523,7.07147277906787,0.0879563467694584,0.769918606037006,0.888659785314166,"cul-2"
-0.0513962829954508,5.24762349297137,0.087772630400231,0.770151825417414,0.888734663986378,"cyp-33C7"
0.0308544850956997,9.94513379454898,0.0877476778220098,0.770183397369817,0.888734663986378,"ketn-1"
-0.0509811892377799,5.69313951941638,0.087636504994803,0.770324676915415,0.888782338756158,"rpb-9"
0.0327033590419365,7.91131042031149,0.0873586416100998,0.770678023029088,0.889074646782356,"rbc-1"
-0.0397113959299323,6.1640511312023,0.0872116609301273,0.770865241055551,0.889175254050974,"uev-1"
0.0700006507029525,4.23771091420816,0.0870898675940581,0.771020887426789,0.889239422767101,"tag-229"
0.0243394490461249,9.47893003482301,0.0869197427730738,0.771237485638504,0.889321190003763,"aqp-7"
0.0520346592045868,5.27187886212801,0.0868772553387403,0.771291834002813,0.889321190003763,"T27F6.6"
0.0685793496253854,4.27054604649908,0.086749809047661,0.771454933137785,0.889393906966811,"cal-3"
-0.0560594810418224,5.08779740918111,0.0866642548521765,0.771564000935213,0.889404321575908,"peli-1"
-0.0574438500575317,5.16856905840131,0.0864894785421967,0.771787563552458,0.889406780840798,"C04E6.13"
-0.130208254438109,3.36335002992817,0.0864314029668789,0.771863877328812,0.889406780840798,"nep-8"
0.039815286984267,6.32624018027944,0.0863129935819145,0.772013482688702,0.889406780840798,"B0511.12"
-0.0296634652503823,7.36515456086066,0.086292853233005,0.772039273216239,0.889406780840798,"lin-13"
-0.0467789534421182,5.75796558479424,0.0862717903269233,0.772066306886658,0.889406780840798,"arx-5"
0.0423894329222772,6.12577201982958,0.0861616988729516,0.772207441088675,0.889454120834229,"F13G3.10"
0.157320497262461,2.97661156873507,0.0857675292558391,0.772718557578526,0.88992755122159,"lagr-1"
0.0613912059550005,4.56642636715182,0.0855483438529764,0.772995872188202,0.890131627978928,"rtcb-1"
-0.085936864227088,3.7810935445944,0.0854513275483639,0.773121490141049,0.890160990526297,"pot-1"
-0.080809209758814,4.05675036129056,0.0853709840584648,0.773224681804647,0.890164527505519,"fkh-8"
0.0488667630123344,5.42854118718864,0.0852193199438173,0.773419773301501,0.890259874181269,"C50D2.9"
-0.0426535268992535,6.04727686743517,0.0851511051584743,0.773507763811754,0.890259874181269,"npp-25"
0.0696515234260421,4.29092922351824,0.0850577610426745,0.773628654876381,0.890283765273868,"Y105E8A.1"
-0.0860476300864072,3.99663433118183,0.0847080689002465,0.774081072078893,0.890689117620478,"fbxa-92"
-0.0783545357404955,3.83029323974897,0.0846279611738951,0.774184999651302,0.890693430628847,"seb-2"
-0.0632361226042158,4.92319850343645,0.0844818505928209,0.774373643044596,0.890795194761224,"aakg-4"
0.0688783564744391,4.44974703211333,0.0842551357865884,0.774667919954075,0.891018431605651,"glb-22"
0.0474079046128172,5.64879337836712,0.0841363678982341,0.774821917301807,0.891080282852202,"sdc-2"
-0.0270715306305279,8.10292448642404,0.084008286015138,0.774988345202707,0.891091780202584,"mvk-1"
0.0404522343632518,6.56736302756429,0.0839744580023238,0.775032362648361,0.891091780202584,"hrpu-1"
0.0622155527317459,4.53747348458576,0.083859876880299,0.775181698429496,0.891148239040167,"rpap-2"
0.0296008345199053,7.67822827955286,0.0837437218894203,0.775332671336491,0.891206565074692,"cdgs-1"
-0.0835426819675342,3.80474575437308,0.0836258788172921,0.775487110181371,0.891268859439319,"R05H11.1"
0.0285229403622706,7.61551195691165,0.0833356945840155,0.775864872536551,0.891537828397918,"lbp-3"
-0.0800549973261579,4.05704033155028,0.0832709317189176,0.775950048805807,0.891537828397918,"Y116A8C.3"
-0.0480445420337838,5.55430362974544,0.0831236975145143,0.776142009106343,0.891537828397918,"Y32B12B.2"
0.0317700566049401,7.39931054378978,0.0830047045867577,0.776297642050447,0.891537828397918,"ctr-9"
0.0835591782146722,4.2062336729527,0.0829268163011859,0.776400056262447,0.891537828397918,"math-26"
-0.0644799690519851,4.41867384893774,0.0829203516172124,0.776408397703522,0.891537828397918,"B0238.12"
0.0386629342778674,6.23794777026311,0.0829089312031687,0.776423057618387,0.891537828397918,"gly-3"
0.0300387103819118,8.30488809172702,0.0826204751986828,0.776801178781075,0.891856828582456,"C05D12.3"
-0.0690387571956256,4.15515485544784,0.0822915933532115,0.777233693862142,0.892238188783512,"C08B6.11"
-0.0382907886111547,6.37399604000351,0.082202975186854,0.777349800459616,0.892256271093008,"zipt-7.2"
0.0460890575290031,6.10931796890713,0.0809517564008465,0.779003026301273,0.894038454478459,"frl-1"
0.0381690156236506,6.65864108904461,0.0805391856153886,0.779551174210313,0.894526043990596,"nprt-1"
0.0347671944894096,6.67425490259816,0.0804806287441407,0.779629098513455,0.894526043990596,"hgrs-1"
-0.0910219204893686,4.57747041781022,0.0803154130650732,0.779849358988412,0.894663309776254,"fipr-22"
-0.0730606417880635,4.13497141640408,0.0801937012906093,0.780011850806785,0.894734274999758,"T20F5.7"
-0.0391125078295646,6.65376915538628,0.0800406770055148,0.780215550181784,0.894814602834303,"fmo-1"
0.026494274163123,7.88273364924457,0.0799358001051556,0.780355586550152,0.894814602834303,"C18B2.3"
0.0369254909558271,6.53518964084438,0.0799146945532528,0.780383807263209,0.894814602834303,"hyl-1"
0.073702748149774,4.06945466447813,0.0796543711842293,0.780732462639657,0.895098945883841,"rib-1"
0.0595717375807347,4.70014226212315,0.0792070773244318,0.781331729405115,0.895670501049624,"K06H7.2"
0.0724517448460647,3.9641885547115,0.0788418838778246,0.781823074011127,0.896036088319245,"ZK1248.13"
-0.036986642403572,6.20610667863131,0.0788197821192962,0.781852207083647,0.896036088319245,"Y105C5B.15"
0.0715898619740574,3.98640619265899,0.0786771642386246,0.782044874537749,0.896141381558851,"F23H12.3"
-0.029316484465392,8.296923129123,0.0784834192681299,0.782305489475,0.8962309515523,"F23H11.5"
-0.085814769404124,4.22081854487811,0.0784010430683735,0.782417099753569,0.8962309515523,"Y51F10.4"
-0.0578043433675721,4.72149772277668,0.0782573389469749,0.782610972087847,0.8962309515523,"mgl-2"
-0.0498732885606297,5.91256564135805,0.0782330900702128,0.782643579485213,0.8962309515523,"npp-18"
-0.0763985901608437,3.8545110156807,0.07805828726923,0.7828807276868,0.8962309515523,"C35D10.7"
-0.0479833485793689,5.72159455051549,0.0780398001141606,0.782905011281074,0.8962309515523,"mab-20"
-0.05022279759543,5.53167240029398,0.0780331692982039,0.782914002936011,0.8962309515523,"cni-1"
0.072699777772398,4.00626834547125,0.0780221440042082,0.782929456833507,0.8962309515523,"T25G12.3"
0.0744551850291653,3.82988781761932,0.0779169513504833,0.7830721054138,0.896278847738684,"C13E3.1"
0.0247778170124385,9.66574590932627,0.0778386465993836,0.783177390376772,0.896283971919151,"abts-1"
-0.0493437665916281,5.33354834358077,0.0777512873701492,0.783295914213569,0.896304243664458,"nhr-274"
-0.0408131545224547,5.63956969201086,0.0771235968689486,0.784148960650271,0.897164896299261,"cul-5"
-0.0837142331749058,3.5027531134159,0.0770264680846975,0.784282715930274,0.897170054182786,"T09A5.4"
-0.0600729578650702,4.49511965177131,0.0768398185973546,0.784536095632134,0.897170054182786,"C05D10.4"
0.0295967845716873,7.36793356529757,0.0767675188390974,0.784634523760815,0.897170054182786,"prp-19"
0.0583838730719607,4.75104300590527,0.0766897167539443,0.784740973170286,0.897170054182786,"Y105E8A.20"
-0.0423482091287244,5.93813496376964,0.0766489380040064,0.78479653915512,0.897170054182786,"C15C8.4"
0.0437766584917945,5.94774711770333,0.0765562173831715,0.784923294290051,0.897170054182786,"ttyh-1"
0.0543883880593961,5.15558151051005,0.076552485672093,0.784928472536599,0.897170054182786,"emc-3"
-0.0772390193514247,4.07754907524056,0.0764812138506202,0.785026383430595,0.897170054182786,"F41B4.3"
-0.108595275631362,3.27998709116389,0.076456757660897,0.78506163778451,0.897170054182786,"folt-1"
0.0368490499554506,6.23703251387817,0.075998806551076,0.785687051252348,0.897663426897524,"ccf-1"
0.0779497675439385,3.65619450839687,0.0759485562828151,0.785757107836553,0.897663426897524,"D1081.7"
0.0744757776324509,4.02895828797288,0.075857356233551,0.785881890045389,0.897663426897524,"T07A9.15"
-0.0249844337256501,8.76031726857244,0.0758124886275245,0.785942989661008,0.897663426897524,"ncx-2"
0.0307110258097065,6.81720706449034,0.0757393751925206,0.786043547013137,0.897663426897524,"C33G8.4"
0.0236610300440286,10.4554276743402,0.0755885856955374,0.786251041804761,0.897663426897524,"mlc-3"
0.079002823891578,3.85387955201992,0.0755560849807196,0.78629656762071,0.897663426897524,"cdc-26"
0.0217074942198696,11.8099971384437,0.0755522608839766,0.786301064973335,0.897663426897524,"eef-2"
-0.0712958608965273,3.92124132218715,0.0751941313673149,0.786795633988904,0.898059702396709,"W09G3.7"
-0.0371203564967612,6.07248348121064,0.0751541502310098,0.786850194766659,0.898059702396709,"Y42H9AR.1"
0.0334036700357012,6.36322112157655,0.0747751506328559,0.787374381216302,0.898257372687057,"F36D4.5"
-0.0567252596781755,4.89603696993642,0.0747469381511495,0.787413591483059,0.898257372687057,"Y43F8C.3"
-0.0442920103593079,6.02231821078275,0.0746679795391385,0.787522879663872,0.898257372687057,"tyms-1"
-0.0379997366599288,5.8498156328566,0.0746671599522258,0.787524022061613,0.898257372687057,"srp-6"
0.0668966620626439,4.23704232469212,0.0746641657505802,0.787528536733282,0.898257372687057,"Y57G11C.43"
0.0789546141204867,3.65639989669815,0.0745287261810946,0.787717026920964,0.898357117285055,"unc-24"
-0.0417405603871526,5.63063729615115,0.0744299576577622,0.787853094468387,0.898397058217061,"znf-207"
-0.0423812378468655,5.57702878853554,0.0738021595357995,0.788726754647478,0.899277965577165,"B0361.9"
-0.0323628599082942,6.85800443917625,0.0736359783405486,0.788958643097282,0.899315667766315,"ain-2"
-0.0486532885888624,5.42961540310271,0.0735862281792856,0.789028189364709,0.899315667766315,"ZC376.6"
0.0531166574105086,4.83001707066689,0.0735611874624486,0.789063268951189,0.899315667766315,"clec-187"
-0.0716527417916187,3.89899094560271,0.0734766717916688,0.789181931602659,0.899335625977857,"F52E10.4"
-0.0321246471429934,6.60060713744223,0.0733185395360158,0.789402463818739,0.899471018583227,"spl-3"
0.062676820719916,4.59708208766264,0.0732468332255324,0.78950307378512,0.899471018583227,"tsp-7"
-0.0256829275654155,9.57834337597083,0.073048719780563,0.789780494869631,0.899618322322455,"ech-6"
-0.0451615736871123,6.35343529194675,0.0730100719055289,0.789834734456089,0.899618322322455,"pde-3"
0.0776574502091468,3.73393789404508,0.0728817465901132,0.790015744002324,0.899709232730199,"Y57A10A.14"
0.0469518208918593,5.13468339438416,0.0727060577654407,0.790261811359397,0.899810968397596,"T28F4.4"
-0.0397035810159406,5.84923546143159,0.0726250396100877,0.790375690959971,0.899810968397596,"rabn-5"
-0.0940287980679387,3.44256626563615,0.0726026990259577,0.790408690044452,0.899810968397596,"rlbp-1"
0.0456800490159003,5.30283699719594,0.0724238403882614,0.790659023983583,0.899980717224176,"K10B4.3"
-0.0394541407038416,5.63287036079223,0.0720922488621799,0.791126783208109,0.900397878840668,"C54E4.5"
0.0337991981691805,6.94573074647928,0.0718466047563128,0.791474039549588,0.900504284428028,"R12C12.5"
-0.0747959797700925,4.170334352723,0.0718197985665543,0.791512405815436,0.900504284428028,"rrf-2"
0.0388334863935155,5.96640319791224,0.0717832422231412,0.791563745864073,0.900504284428028,"ptrn-1"
-0.047546293589889,6.09746699478359,0.0717396933559432,0.791625406263577,0.900504284428028,"emc-2"
-0.0716475220727619,4.20772931564556,0.0715884976888998,0.791840043454237,0.900633213042295,"dog-1"
0.0741808351833715,4.21789053800486,0.0714499054155607,0.792036637896258,0.900741589605478,"T24C4.4"
0.0550692814071126,5.29106435321944,0.0712925104142394,0.792259846571526,0.90081132105588,"Y17G7B.18"
0.0800296956068255,3.62873861640306,0.0711290996567179,0.792493205428156,0.90081132105588,"F16B3.3"
0.0661515558542547,4.28829498822126,0.0710668779183642,0.792581017537347,0.90081132105588,"F43C9.1"
-0.0950174612572025,3.38069027506325,0.0709776767926139,0.79270946739762,0.90081132105588,"tph-1"
-0.0701946384431573,4.17059801000617,0.0708625361891789,0.792872184523326,0.90081132105588,"Y75B8A.31"
0.036313376232878,6.88247210711156,0.0708157206849605,0.792938512995908,0.90081132105588,"R07E5.7"
0.0410143451279588,5.69612728915236,0.0708007847748231,0.792959846187309,0.90081132105588,"cfp-1"
0.0767411600313967,3.68168242226295,0.0707472172974025,0.793037211845562,0.90081132105588,"math-39"
-0.0682741899291236,4.15520206028328,0.0706996379060592,0.793104571002204,0.90081132105588,"C17H12.6"
0.0411788787283298,5.76523015649746,0.0706518346125386,0.793172409711644,0.90081132105588,"F35C8.5"
0.052759723893955,5.23174768709382,0.0706238397406843,0.793212443206218,0.90081132105588,"ari-2"
-0.0888550614222094,3.78314502774462,0.0703318109606053,0.793630723834213,0.901171234432949,"H14E04.3"
0.0473644041519798,5.00656767301387,0.0701245597524334,0.793926911791794,0.901392436820437,"amx-2"
-0.0534863369606105,4.60790776208116,0.0700501145044059,0.794033766616985,0.901398649003015,"rrf-3"
0.0745465920796632,3.7822548323747,0.0697057215478299,0.794529047292799,0.901782174747421,"C16D9.6"
0.0336201065207547,6.34544213881141,0.0696735901484505,0.794574463724137,0.901782174747421,"dhs-24"
-0.0859084971355284,3.47442817905652,0.0693226576697412,0.79508145672108,0.902242403536327,"apc-17"
-0.0687039837619232,3.94435999124862,0.0690354554075983,0.795495379691303,0.902596914348567,"ncx-8"
-0.0391020244646422,5.70108294375633,0.0686493844418183,0.796053797929628,0.903115263160945,"cfi-1"
0.0468802035129439,5.45669057006009,0.0685561360658777,0.796189090378378,0.903153508873967,"jmjd-3.1"
0.0513281171788032,4.77084651119802,0.0682802887179438,0.79658992921808,0.90349292775583,"M04D5.3"
-0.0491412508168222,5.20379977531738,0.0680509747433074,0.796923645722451,0.903679321951844,"swd-2.2"
0.0414800004148778,6.3412951408354,0.06797783328328,0.797030161110726,0.903679321951844,"lat-1"
0.0794548653756804,3.65514676030673,0.0679586075160522,0.797059188251755,0.903679321951844,"best-8"
-0.0304250266220851,6.54877682655704,0.0678486504754096,0.797218571619721,0.903744781368219,"sel-11"
-0.0265988478677687,7.54841352810377,0.0676964889611874,0.797440730549226,0.903758796665415,"unc-115"
0.0794359899787671,3.54611704786613,0.0676721394315431,0.797477553617229,0.903758796665415,"F32E10.5"
0.0415509910913723,5.93198540433011,0.0676314005380276,0.79753588107489,0.903758796665415,"Y39A3CL.3"
-0.0532740170530602,4.56758538074737,0.0672187058869606,0.798140327357466,0.904328488662576,"soc-1"
-0.0559469736354969,5.31687754125527,0.0671017343993421,0.798311804198159,0.904332927298547,"epg-4"
-0.0492630318856642,5.33880590492909,0.0670124466425451,0.798442914340899,0.904332927298547,"rpb-12"
-0.0398626776712227,5.90643507541994,0.0669825006533852,0.79848686460436,0.904332927298547,"R02F2.9"
0.0764161157524191,3.75867203592023,0.0669393394206957,0.798551097989078,0.904332927298547,"pde-5"
-0.098520686334397,3.37855788159279,0.0667285308632909,0.798862120016555,0.904569932382475,"jamp-1"
0.034232815254227,6.13425256271961,0.0666482150945445,0.798978686788275,0.904586718990775,"bgal-2"
-0.0554278027278298,4.91337554893118,0.0665533418324602,0.799118628144129,0.904629962163159,"Y48G1C.9"
-0.0569415655624596,4.34707650757431,0.066473453459581,0.799236630514562,0.904648361795668,"smf-1"
0.0731986814052916,3.96358287657961,0.0661603150227602,0.799699462414118,0.904926633182619,"F20G2.5"
0.0335653369749487,6.46466087011163,0.066120165810728,0.799758287285816,0.904926633182619,"F33D11.10"
-0.0669984028628238,3.98450157338666,0.0660826409738526,0.799814369619861,0.904926633182619,"twk-5"
0.0229370096439628,8.77200251612801,0.0659368260375707,0.800029724045642,0.904926633182619,"nuo-1"
-0.023662703588346,8.34640489374259,0.0658019639172731,0.800229664038766,0.904926633182619,"idha-1"
0.0873091343103671,3.36432235784892,0.0657947466844059,0.800242133304803,0.904926633182619,"flp-28"
0.0725764718374281,4.75130103399531,0.065790470127465,0.800246893324747,0.904926633182619,"Y71F9B.1"
0.0797896024810143,3.73326465804199,0.065708173468283,0.80036971337107,0.904926633182619,"Y39A1A.20"
-0.0565743580852608,4.58087537923825,0.0656883516262897,0.800398497733451,0.904926633182619,"tftc-5"
0.0718714247828402,3.92084172346396,0.0651162910633674,0.801250244410959,0.905774433955225,"trpp-9"
-0.0628212550824527,4.29770867235145,0.0649754345957891,0.801460191000618,0.905896587615878,"C25E10.8"
-0.0662597608126702,3.94353712109935,0.0647266123042504,0.80183243098361,0.906202128368537,"C25H3.3"
0.0288388700026472,9.35898731122656,0.0640221702847377,0.802889076815834,0.907189714168731,"dod-19"
0.0277375981671494,6.98757301510492,0.0637462781221785,0.803304855379107,0.907189714168731,"ZK550.3"
-0.0292665852326849,7.94326339235284,0.0637406798125827,0.803313286871793,0.907189714168731,"F29B9.11"
-0.0335064166758455,6.24485564120065,0.0637275849742071,0.803333070784853,0.907189714168731,"rgr-1"
-0.0398756704572007,5.96760226711868,0.0636640098571619,0.803429036472766,0.907189714168731,"F11E6.7"
0.0675938678432198,4.23563280607825,0.0636560817121106,0.803441346323553,0.907189714168731,"ZK353.10"
-0.0253415998629607,7.27957664227511,0.0635362693355524,0.803621974537915,0.907189714168731,"mrpl-15"
0.0289811808933596,7.22342521268423,0.0635256768639536,0.803637984731191,0.907189714168731,"bet-1"
-0.0508700696034777,4.63486692023558,0.0634716042942946,0.8037199276231,0.907189714168731,"set-3"
0.0350314568832335,6.09882646476501,0.0634670618954715,0.803726620009796,0.907189714168731,"ent-4"
-0.0541292196200263,4.59342607784896,0.0633302320193102,0.803933848722564,0.90729541223438,"Y50D4C.5"
0.0521290478898507,4.56091899093285,0.063270472241481,0.80402435642725,0.90729541223438,"K07C11.8"
0.0305799657787735,7.21577245504087,0.0631636735981227,0.804185987503933,0.90736264148445,"afd-1"
0.0851245793411062,3.45921558479361,0.0624878994497701,0.8052148807807,0.908408261010177,"trpp-12"
0.0456414890801208,5.45677178461632,0.0624168916609664,0.805321837743935,0.908413658891313,"unc-5"
-0.061642907538842,4.50604077887087,0.0621443925206505,0.80573826873207,0.908733186562776,"F32D8.4"
0.0768745660963452,3.70928394392836,0.0619314267782797,0.806064894027932,0.908733186562776,"gcy-37"
0.0953930649051603,3.11796838596605,0.0619228527887484,0.806080095762221,0.908733186562776,"eri-9"
0.0684725274634517,4.06869832973738,0.0619008170483437,0.806111397492118,0.908733186562776,"F41E6.5"
-0.0763775833916427,3.58885291548923,0.0618217577981054,0.80623322505527,0.908733186562776,"F10D7.1"
-0.0302006422310473,8.9338949216208,0.0617570089644123,0.806331439190622,0.908733186562776,"col-103"
-0.0437373465873601,5.30373794691467,0.0616033490936347,0.806567458542017,0.908733186562776,"glrx-22"
0.0289425618505221,6.65925946277903,0.0615576844514969,0.806637568749332,0.908733186562776,"daf-31"
0.0337557374085179,6.12728900304502,0.0615435211216495,0.806659349882635,0.908733186562776,"pafo-1"
0.0503699964014973,7.04203711657031,0.0615067182067685,0.806715919787423,0.908733186562776,"ctc-2"
-0.0564581501807567,5.18184876261382,0.0614980112236714,0.806729393942188,0.908733186562776,"Y52B11A.4"
-0.04394263394045,5.25884417763256,0.0613566097392764,0.806946972689463,0.908863128221689,"syx-2"
0.0494871407040576,4.73174518773591,0.0611860594411734,0.807209856224405,0.908965935154803,"B0205.1"
-0.0677881606360794,3.96311703711599,0.0611650067581705,0.807242720051999,0.908965935154803,"F58H10.1"
0.0385597027892988,6.27892220996933,0.0610206738495508,0.80746491566407,0.90910099596926,"fat-2"
0.0469612930694912,4.86376773937349,0.060942190587041,0.807586276808761,0.909122510395884,"flp-4"
0.0851908118767452,3.57567487739595,0.060675134896194,0.808000409228484,0.909329212176327,"F10E9.5"
0.0358768634282518,5.80559581683567,0.0606434498149042,0.808048416066053,0.909329212176327,"cdkr-3"
0.035907852685327,5.97399393287267,0.0606251801833548,0.808076718637404,0.909329212176327,"W02B12.10"
-0.078984496383865,3.53303859408131,0.0599893510211463,0.80906593490454,0.910218181237195,"chup-1"
-0.0806024938822562,3.5335917585217,0.059985809571709,0.809071452740699,0.910218181237195,"ghi-1"
-0.0715042764323735,3.96397817642877,0.0598452942341002,0.809289916096599,0.910222314735203,"M04B2.2"
-0.0334843464279575,6.00722310608981,0.0598034033871391,0.809354755434356,0.910222314735203,"cho-1"
-0.0240938261879773,9.15211811778704,0.0597447693445498,0.809446266151369,0.910222314735203,"T09B4.8"
0.046322222940477,5.19029488206639,0.0597202688568567,0.809484629694213,0.910222314735203,"zig-5"
0.0635878005271211,4.59832310531392,0.0596193235471439,0.809642493700435,0.910284700491978,"spg-20"
-0.0436774881095423,5.5781895795948,0.0594317678425816,0.809935812759436,0.910414657916796,"rsy-1"
0.0257464456404596,8.12089509939393,0.0594038882202643,0.809979425958196,0.910414657916796,"rps-26"
0.0377203720365647,5.55400540721189,0.0592650535836988,0.810197090224861,0.910414657916796,"C47B2.2"
-0.0257035456109987,7.1795541417554,0.059230427362872,0.810251366435734,0.910414657916796,"chch-3"
-0.0326647661608451,6.09918941531212,0.059218516814037,0.810270069519245,0.910414657916796,"C53D5.5"
0.0460660782892038,5.11630347702383,0.0590133075263969,0.810592424146838,0.910661769407321,"W03F9.4"
-0.0788321423661791,4.30479546462211,0.0587877183022429,0.810947616978893,0.910945705945589,"rle-1"
-0.0886717010876183,3.41214762252569,0.0586586785656985,0.811152191697968,0.911060401261576,"memb-1"
-0.0594061333880196,4.69665966857405,0.0584743946113075,0.811441701958046,0.911076590575233,"F43G6.8"
0.0892740028564707,3.26211292337228,0.058289885854257,0.811735270238054,0.911076590575233,"his-68"
0.0268152192342806,7.201474792873,0.0582862867510789,0.811738924281784,0.911076590575233,"ima-2"
-0.0523914289370471,4.88217814753618,0.0581060401026105,0.812024493191849,0.911076590575233,"Y50D4A.1"
-0.0719872345220266,3.61659170445391,0.0581043453207962,0.812028058469377,0.911076590575233,"Y106G6H.6"
0.0816862799795733,3.90003866869175,0.0580623884920227,0.812094166998885,0.911076590575233,"F19B10.1"
0.0798250660479735,3.89978951570148,0.0580557714730535,0.812104659212255,0.911076590575233,"cec-7"
-0.0621413478816131,4.04670526105328,0.0580448863758251,0.812121785821974,0.911076590575233,"acd-3"
0.032023579268047,6.29769375795839,0.0580230058176747,0.812156028333402,0.911076590575233,"etr-1"
-0.0354096801116827,5.99050494117789,0.0580007611746226,0.812191323461849,0.911076590575233,"H06I04.6"
0.0503256146738976,4.76837375006215,0.0577545215125213,0.81258253936153,0.91140044877802,"C34H4.1"
0.0503836587259694,4.45775609264778,0.057471351557764,0.813033463102545,0.911685557541636,"K11H12.1"
-0.0502036821640902,4.85314213310045,0.0574660447703303,0.813041815965317,0.911685557541636,"Y54E5A.7"
-0.0388767209314787,7.08732199383584,0.0573153937854969,0.81328202688236,0.911748124437692,"nhr-17"
0.0292042389694389,6.69847621558064,0.0572547688702993,0.813378843927894,0.911748124437692,"Y57G11C.9"
0.0495509700373009,4.7463108317184,0.0571782783112473,0.813501220218424,0.911748124437692,"tba-9"
-0.0629697035714108,4.21081792734221,0.057174287953373,0.813507802402903,0.911748124437692,"M04G7.3"
0.0290484245104966,6.70464782853232,0.0570900816509298,0.81364211059643,0.911783716323779,"Y55F3AM.13"
0.0393309578806936,6.26134071633131,0.0570180277435867,0.81375742832148,0.911798020819947,"ddp-1"
0.0263948250167129,7.54904296405009,0.0568621675150199,0.814007101452146,0.911844089794545,"rde-12"
-0.0494120577636622,4.59616601825531,0.0568270211452205,0.814063660521358,0.911844089794545,"F20D6.8"
0.0232791048852808,8.56578365877253,0.056800358823649,0.814106218061984,0.911844089794545,"rps-9"
-0.0630374816775434,3.98552095441822,0.0566831095497323,0.814294934713822,0.911927179657171,"dhhc-3"
0.0239119771187622,7.307380748601,0.0566227484671934,0.814391375004647,0.911927179657171,"skr-3"
-0.0336765677957052,6.54945025403013,0.056562570691256,0.814488104111753,0.911927179657171,"fkh-7"
0.0391066961678017,5.54710163121307,0.0562311534022852,0.815021783471252,0.912385410405413,"hpo-8"
-0.0509869604202459,4.65050536340878,0.0561811315343663,0.815102611050522,0.912385410405413,"trk-1"
-0.0551536538370528,4.77222544080367,0.0557577418523451,0.815787073551695,0.913036615174738,"egl-18"
0.0483828009157996,5.11796042193083,0.055593195935062,0.816053777929519,0.913133100779365,"sid-1"
-0.0325003753597992,5.84243639560679,0.055538008860533,0.816143276264825,0.913133100779365,"cee-1"
0.032864500506346,6.18449453126098,0.0555145251262103,0.816181391507548,0.913133100779365,"sulp-8"
-0.0445400108692176,4.91107043675866,0.0554452170912352,0.816294069954372,0.913144259683483,"Y55B1BR.6"
0.0385352360541402,5.63397196570043,0.0551412205663457,0.816788624747762,0.913489259422837,"Y55F3BR.6"
-0.0395557694908525,5.26180470805454,0.0550833392714561,0.816883007373106,0.913489259422837,"K05C4.7"
0.0800051981695712,3.5152259292165,0.0549872537732252,0.817040840695249,0.913489259422837,"his-74"
0.033289582990636,5.79733967557701,0.0549583889339244,0.817086801969903,0.913489259422837,"rsd-3"
-0.0201592485299627,8.71792132386326,0.0548461394739253,0.817270094103181,0.913489259422837,"kdp-1"
0.0466649029947041,4.75743275879216,0.0548404707781958,0.817279519436471,0.913489259422837,"xbx-3"
-0.0439141439020321,4.89925454056835,0.0547675150684154,0.817398759115553,0.913489259422837,"algn-1"
0.0265773873871415,7.58341147317634,0.0547158641535073,0.817483116470451,0.913489259422837,"Y45F10B.13"
0.0241619315723606,8.21341752045249,0.0546889442738844,0.817527166486055,0.913489259422837,"pqn-22"
-0.0218463431797504,8.29215234979182,0.0543134674274756,0.818142794004675,0.913990716523115,"ifp-1"
0.0204497419701896,8.62925883965677,0.0542475593899773,0.818251087532417,0.913990716523115,"goa-1"
-0.0959321080500346,3.03718536183619,0.0542293906000033,0.818284344114722,0.913990716523115,"nhr-57"
0.0244100155960862,7.41241335183947,0.0541182634639797,0.818463745565164,0.914076267029252,"eif-3.J"
-0.0435245151079352,5.11948291838243,0.0538467681438967,0.818911232389704,0.914364426199506,"vps-29"
0.0502006664114147,4.4886041664377,0.0538370234761722,0.818927446386983,0.914364426199506,"sec-20"
-0.0464206790556289,4.68982010100217,0.0537077026632579,0.819140934840598,0.914402948570851,"math-18"
0.0669290252698386,4.14454977291108,0.0534351177606425,0.819592162779428,0.914402948570851,"B0491.1"
-0.0380966812148588,5.27253502070697,0.0534134784924437,0.819627705675941,0.914402948570851,"algn-10"
-0.0326222400607993,6.00495703258422,0.0533997912454756,0.819650337081169,0.914402948570851,"dnj-1"
-0.020319986790362,8.66245531365267,0.053383997768891,0.819676483380406,0.914402948570851,"swsn-4"
-0.0346474955504391,5.94825731886147,0.0533770136847281,0.819688093700941,0.914402948570851,"tag-335"
-0.0280176436572975,6.69598489717458,0.0533157655084867,0.819789642706049,0.914402948570851,"mrps-34"
-0.0609620392237842,4.06706842121119,0.05326132944885,0.819880392737766,0.914402948570851,"sup-9"
-0.060356346135921,4.04766067792009,0.0531970232586343,0.81998716505796,0.914402948570851,"C53D6.6"
-0.0782739566102621,3.55882748666735,0.053174051652802,0.820025941060912,0.914402948570851,"madf-8"
-0.0499787690410562,4.61094626967613,0.0531330022292051,0.820093252941623,0.914402948570851,"Y69H2.7"
0.0802924552932787,3.60063070797645,0.0529559249451521,0.820388567918738,0.914617524434545,"Y48C3A.18"
-0.0384563468213937,5.2548386654294,0.0528554308776517,0.820555034456642,0.914688416669259,"calu-2"
0.036337698788957,6.68161496457799,0.052723872941101,0.82077433396091,0.914818177666598,"Y43F8C.13"
-0.0845569658951762,3.15436905226396,0.0524351857396453,0.821259215590822,0.915243881401103,"npr-16"
-0.0629356013321558,4.04630465595664,0.0523606733011877,0.821381895100751,0.915265876593655,"K10G4.3"
-0.0418743218156096,5.52868306287834,0.0521870333955627,0.8216725312168,0.915273909342776,"abf-5"
-0.0512267931627709,7.00003221300491,0.0521617355989342,0.821714934918323,0.915273909342776,"ctb-1"
0.0992889226959158,2.99542795770087,0.0520512860470456,0.821903977747638,0.915273909342776,"T13H5.6"
-0.0415494266724271,4.92171639547534,0.0520292871086428,0.821937445687826,0.915273909342776,"nhr-25"
-0.0607755642066423,4.59335147397451,0.0519598254178978,0.8220542721438,0.915273909342776,"nhr-131"
0.0825346649542063,3.57741490275071,0.051933542220362,0.822099300426052,0.915273909342776,"cutl-29"
0.0226193901245973,7.61192595530541,0.0519267431609135,0.822109710944934,0.915273909342776,"smd-1"
0.0505109697608787,4.54844120423641,0.0516130074911321,0.822638467448903,0.915701655806785,"C25F9.14"
-0.0483914836594787,4.6865340316384,0.0515765846546743,0.822699901764098,0.915701655806785,"nprl-2"
-0.0518864868845703,4.63263645824463,0.0511967842041302,0.823342272751218,0.916301933537499,"ras-2"
0.0849387437046247,3.68176279421813,0.0510640926760344,0.823567938999887,0.916438366163704,"dnsn-1"
-0.0776375664882706,3.19157057292698,0.050863214547738,0.823910596135928,0.916704931828874,"C18D4.6"
0.0476877792801419,5.25620252157956,0.0507894189969983,0.824033944314951,0.916727452315344,"cox-14"
0.0273338654043336,7.5219659795066,0.0505711567839977,0.824405717514876,0.917026302317623,"glb-1"
-0.0382165730070217,5.92615618710429,0.0502936575772775,0.824879735011902,0.917377066912587,"tin-9.1"
-0.075323993137639,3.58853124978863,0.0502663506364248,0.824927415360042,0.917377066912587,"npr-27"
-0.0629880971809096,3.71974220676309,0.0500985202407564,0.825214623128696,0.917581692625968,"C17H11.1"
-0.0329901501539082,5.9001173092367,0.0499936179639434,0.825393780113546,0.917661005016175,"fipp-1"
0.0288360901561463,6.70765848108164,0.0499361673604221,0.825492376349046,0.917661005016175,"scl-2"
0.0266405105808439,6.77142797215419,0.0497876113212504,0.825747645427438,0.917740077050267,"F22B5.10"
0.0528599360120059,4.88874006980231,0.0497496338032043,0.825813080604546,0.917740077050267,"pgp-5"
0.024986093631333,7.40195549991717,0.0496562790596501,0.825973645342352,0.917740077050267,"dhp-2"
-0.0218177224843174,8.75391165828984,0.0496546793700612,0.825976391469603,0.917740077050267,"glp-4"
-0.0366107203691297,5.2807042641658,0.0492428305737203,0.82668727237782,0.918402117515354,"strd-1"
0.0189653753362448,8.65818107723683,0.0491898681985602,0.826778826745349,0.918402117515354,"rpl-32"
-0.0355868927121061,5.53280148298816,0.0490219654165619,0.827069719971808,0.918610478484616,"PDB1.1"
-0.0395783994902189,5.14052832846526,0.0487855100644505,0.827480239507229,0.918793769933871,"C29H12.6"
0.0393119385661132,5.35810694422151,0.0487825339502296,0.827485388350347,0.918793769933871,"lsm-6"
-0.0341225099765,6.07125113292174,0.0487483571920527,0.827544765451629,0.918793769933871,"jph-1"
0.024220054520509,8.13869236194089,0.0486062022049411,0.827792116930579,0.918812261057012,"hach-1"
0.0184569239427353,9.31791878838025,0.0485904004792405,0.827819637690408,0.918812261057012,"ifg-1"
0.0518599723086819,4.33243820390037,0.0485521555565005,0.827886548083932,0.918812261057012,"orai-1"
0.0270274088964138,7.00808388669162,0.0484486647963135,0.828066721797666,0.918812261057012,"ucr-11"
0.0308195253796436,6.04051922912561,0.0484421344401548,0.828078129327391,0.918812261057012,"F08F8.7"
-0.0654606678616092,3.66876872474049,0.0482256913559027,0.828457002796532,0.919032752945856,"tag-266"
-0.0445511809481026,4.8668838257898,0.0482100871354751,0.828483580571481,0.919032752945856,"T07E3.3"
-0.0275994826521058,7.29870738969852,0.048037052838252,0.828786391796291,0.919053684537037,"hmit-1.3"
-0.0281769848599882,6.35532294118154,0.0480257960369092,0.828806128396997,0.919053684537037,"atg-4.1"
0.0362106887628915,5.49510375024501,0.0480221481053927,0.828812556812278,0.919053684537037,"mpst-3"
-0.0326381630947791,5.89141865926353,0.0478998072060324,0.829027095452772,0.919109062591426,"daf-12"
-0.0427383297705327,5.18573329685137,0.0478758228567802,0.829069247776767,0.919109062591426,"Y51H4A.15"
0.0234157318216752,7.25528921949225,0.0475278900540183,0.829681119561869,0.919672713380448,"sucg-1"
0.0374910788829029,5.1863891252922,0.0470977978841798,0.830440902161209,0.920400157207094,"W08F4.3"
-0.0230500155982314,7.35995940792817,0.0468587138394904,0.830864714044941,0.920615710927865,"dyci-1"
0.0316636771677817,6.25223854705633,0.0468460421343076,0.830887226199424,0.920615710927865,"flp-12"
-0.0448229725405452,4.68815182157264,0.0467624920313854,0.831035788407284,0.920615710927865,"Y57G11C.33"
-0.0489883622812944,4.84023610062656,0.0467547226090888,0.831049566517495,0.920615710927865,"C01B9.1"
0.0230904628677914,7.37115550147651,0.046589389858328,0.83134357901325,0.920826680080578,"pkc-2"
0.0502629028615487,4.19093731503084,0.0463918242640071,0.831696112423281,0.921102408514623,"sek-4"
0.030742696959431,6.21677431038312,0.0460889779373958,0.832237209034801,0.921586875766399,"F25H2.4"
-0.0182501255921707,10.1912473332743,0.04593403844789,0.83251490033825,0.921769306548236,"casy-1"
0.023139927038714,7.1601642245536,0.0458814405559582,0.83260930164086,0.921769306548236,"R12C12.9"
0.0334493738415959,6.44578539457294,0.0457797402613404,0.832791973742199,0.921840052643289,"ten-1"
-0.034849636569415,5.85323207075002,0.045705993861447,0.832924577632402,0.921840052643289,"M02B1.3"
0.0428298392170929,4.94762434302988,0.0456728683670081,0.832984251820513,0.921840052643289,"sor-3"
-0.0280346526799041,6.49313603774386,0.0456039236413554,0.833108261981565,0.92186254602092,"rbg-2"
-0.0185042588506882,9.25791832923202,0.0454688502259762,0.833351670241554,0.921933017362268,"F01G4.6"
-0.0316143305741621,5.99624067208587,0.0454535295320503,0.833379334218934,0.921933017362268,"B0303.7"
0.0322875733577028,5.60637363151157,0.0453150374716745,0.833629374695968,0.922094895548874,"snx-3"
-0.028361423028192,6.19424842836194,0.0452414709473053,0.833762330472903,0.922127239735612,"ZK524.4"
0.0197586023503143,9.37659830331369,0.0451349737102142,0.833955007418339,0.922186970532852,"ucr-1"
-0.0255571242473492,7.00680438026575,0.0450278455022744,0.834149103830826,0.922186970532852,"erp-44.1"
0.0382792430866625,5.25081354119635,0.0449716521102686,0.834251069933003,0.922186970532852,"him-17"
0.0181743040133072,8.95967863796044,0.0449303177770122,0.834325990533236,0.922186970532852,"cdc-48.1"
-0.0407401805825285,5.0903655656384,0.0448864534080722,0.834405713990454,0.922186970532852,"C04F5.8"
0.0300027243999175,6.53410801947335,0.0448682660558918,0.834438665834754,0.922186970532852,"Y41E3.7"
-0.0337214234284988,5.78470677690906,0.044725839046942,0.834697572654865,0.922247645081306,"ric-7"
-0.0218486777100845,7.42600058108453,0.044723926295122,0.834701023503461,0.922247645081306,"let-630"
-0.0291405362779782,6.77418028951512,0.044570821851175,0.834979817966643,0.922369393021899,"C25H3.11"
0.0496928340702605,4.26234442741617,0.0444708521467538,0.835162405065739,0.922369393021899,"C25D7.10"
-0.0602946628154062,3.76966948992365,0.044469773303388,0.835164745470015,0.922369393021899,"F25F8.1"
0.0182134798025555,9.00403983486938,0.0444357432277372,0.835226181893972,0.922369393021899,"egl-45"
-0.0435924045631126,5.15635734594587,0.0443213098103231,0.835435298770601,0.922451859183796,"Y48E1B.2"
-0.0442881842584844,5.16439949079231,0.0442813487770773,0.83550835924048,0.922451859183796,"C34B7.2"
-0.0604271958717978,3.72098924359113,0.0440012477611395,0.836022089493492,0.922904444709043,"F10E9.12"
-0.0312248824315956,6.21945008577835,0.0438489480120663,0.836301077597595,0.923088426011994,"Y48A6B.7"
0.0362900955185361,5.32175662466141,0.0437500823456828,0.836482962319269,0.923088426011994,"vnut-1"
-0.0279303410040167,6.07099171999252,0.043740682528502,0.836500219140551,0.923088426011994,"pvf-1"
-0.0544686696126908,4.12473681627035,0.04367632367489,0.836619062456893,0.923104999293154,"R166.3"
0.0327958084066078,5.56542032023172,0.0435056251962438,0.83693347894772,0.923211562656202,"F30A10.9"
-0.0415124898437732,4.75203988104118,0.0434564886817221,0.837024298254586,0.923211562656202,"T19A6.4"
-0.0428515949477795,4.5451954663346,0.0434549699918176,0.83702715179076,0.923211562656202,"lat-2"
0.0518928125782447,4.03849612101891,0.0433094993526324,0.837296277369547,0.923330286736701,"erh-1"
0.0249729003811878,6.38816918062354,0.0432843065726627,0.837342492628278,0.923330286736701,"ugt-50"
-0.0564454053708634,3.79503119398521,0.0430936963678324,0.837696264150789,0.923535837557862,"C45G3.3"
-0.0768690088780084,3.22835674663906,0.0430646970723544,0.837751348829427,0.923535837557862,"twk-7"
0.0304313361827961,5.77746161648992,0.0430156433904062,0.837840520272378,0.923535837557862,"egrh-1"
-0.0236204618785157,6.82271277992261,0.0428300486528385,0.838185481005069,0.923801550962696,"fig-1"
0.0232345720894907,7.52556654429576,0.0427668255346005,0.838303169281793,0.92381674244973,"hmt-1"
-0.0666700765730464,3.72047575463287,0.0426455137342796,0.838529973798626,0.923952162231204,"polk-1"
-0.0596864993219644,4.02729469288002,0.0425660961388938,0.838677870371177,0.924000612821579,"nas-25"
-0.0581224772276631,3.74623291790027,0.042449089137679,0.838896728763188,0.924127222826602,"R07E3.7"
-0.027499318324199,6.40266596545684,0.0423245546770219,0.839129070934416,0.924268653329768,"nhr-46"
0.0239661110943245,7.03632645548208,0.0422390714771579,0.839289213129972,0.924295076285399,"wwp-1"
-0.0308107985220702,5.92757045303031,0.0422008041321961,0.839360976934913,0.924295076285399,"Y71H2B.4"
-0.0216513394504135,8.18856208041955,0.041997829983938,0.839742070482376,0.924600216552174,"gst-13"
0.0490722978306215,4.53342958171419,0.0417752197701711,0.840161362279941,0.924796900187401,"F53F4.12"
0.0313207885894048,5.87188103553018,0.04175085534402,0.840207141811812,0.924796900187401,"unc-17"
0.0222342093661569,7.26672241510045,0.0417372681599253,0.840232747690229,0.924796900187401,"puf-9"
0.0377982424643187,4.98946051578502,0.041660660367635,0.840377404350217,0.924841626696098,"F28C1.3"
0.0490751091060205,4.09776612221088,0.041532221916736,0.84062036031474,0.924994507866132,"nhr-102"
0.0523909894593289,4.6395253548443,0.0414203083822042,0.840831931144231,0.925112820171186,"C52D10.3"
-0.0572869801514642,4.32714407900232,0.0408577859309282,0.841901069021387,0.926174511837311,"R11A5.3"
0.0490203713988655,4.34803036698799,0.0406915262890333,0.842218494096759,0.926409084623813,"D2096.9"
0.0172371605485232,9.75483185386314,0.0405904589340537,0.842411540023546,0.926447516755586,"hif-1"
-0.0186673269952935,8.57612701068427,0.0405136769537565,0.842558557089147,0.926447516755586,"F57F4.4"
0.016304159042184,9.6345871145979,0.0405097730860296,0.842566035371238,0.926447516755586,"atp-5"
-0.049542468763128,4.48607921237392,0.040333615559796,0.842904099238177,0.92670463043485,"C46H11.2"
0.0489609919646146,4.33238897514605,0.0401011440724994,0.843351196485747,0.926973934616307,"mocs-1"
-0.0431402279369046,4.74154422923971,0.0399833177181292,0.843578181599225,0.926973934616307,"Y48G1C.10"
-0.0477117132577107,4.48663533797653,0.0399637961245916,0.843615902300762,0.926973934616307,"C56A3.6"
-0.0348844410902986,5.71633945124489,0.0399311087045796,0.843678815645923,0.926973934616307,"plc-1"
0.0414005967441278,4.80198816685506,0.0399281443592626,0.843684630682841,0.926973934616307,"oxi-1"
-0.0206519583268131,7.58187994462288,0.0398642807857866,0.843807829559864,0.926973934616307,"sftb-1"
-0.046279718394033,4.8678476411786,0.0398190749581166,0.843895302484705,0.926973934616307,"C27B7.2"
-0.0252301591540995,6.96347657186895,0.039773598779283,0.843983129087729,0.926973934616307,"ubc-20"
-0.0224551337612569,7.47649820919467,0.0397008477706181,0.844123901954552,0.927014033137096,"B0491.5"
0.0170062983177701,9.26148014124245,0.0392988114446742,0.84490430472418,0.927756474410607,"cmd-1"
0.0510725324962624,4.91453640526251,0.0392417699147491,0.845015476772042,0.927763966902966,"nduo-6"
0.0487532570569253,4.76962953682829,0.0389917188012017,0.845503352358216,0.928020580173398,"lem-4"
0.0542537145251768,4.13789892829653,0.0389574459738126,0.845570552032884,0.928020580173398,"F54F2.9"
0.0345535206300677,5.47983237970186,0.0389423189529018,0.84559984284401,0.928020580173398,"lmtr-3"
-0.0851043130322785,3.4751968096096,0.0389086606354231,0.845666712469336,0.928020580173398,"chil-13"
0.0314266345814258,5.3799325320731,0.0387445991666213,0.845987014049522,0.928116836499853,"mat-1"
0.0263252026434095,6.19239345552349,0.0387065119606478,0.846061674536606,0.928116836499853,"inos-1"
0.0379144444295548,5.1190722503133,0.0387035275704624,0.846067591927939,0.928116836499853,"Y66A7A.2"
-0.0307135785351147,5.60327140739781,0.0386093103666805,0.846252502328685,0.928205156452546,"baz-2"
-0.0404973441188393,4.81267848560933,0.0384323520009641,0.846600603544079,0.928427607126656,"Y60A3A.8"
0.0311740400724382,5.60409759007288,0.0383551110606991,0.846752686283177,0.928427607126656,"C08F8.9"
0.0265978197357872,6.32591540999047,0.0383470362834543,0.846768582408059,0.928427607126656,"hgap-1"
0.0217939830740983,7.07409411736576,0.0381119047069213,0.847232828052049,0.928719202927036,"ric-4"
0.0319490700734576,5.37263434958933,0.0381065612316373,0.847243443363085,0.928719202927036,"sad-1"
-0.0394233915477345,4.56027421003753,0.0379203410182043,0.8476123258769,0.928899720551496,"F41C6.7"
0.0164038394296098,9.07244603290505,0.0379157750743796,0.847621202933325,0.928899720551496,"Y37E3.17"
0.0413905527055425,4.79949551592546,0.0378304016128318,0.847790716491856,0.928899720551496,"ceh-37"
-0.0527684269113721,4.14310222650426,0.0377844278568566,0.847882220926947,0.928899720551496,"F26E4.2"
-0.0403746957121973,4.94270015984417,0.0377600102302161,0.847930506354284,0.928899720551496,"C24D10.4"
0.0295314354215467,5.75118326221747,0.0376529987520706,0.848143241705835,0.929018302575653,"lec-12"
-0.0182336909219466,8.05136116584239,0.0374607025496464,0.848526406054921,0.929221899530462,"dnj-29"
-0.026268953930492,6.34585822294926,0.037454831367727,0.848538139949142,0.929221899530462,"B0303.11"
0.0369321807310403,5.0537083633595,0.0373121062456242,0.848823310269854,0.929341254666883,"add-1"
0.0403916242614345,4.83867770938336,0.0372476908664637,0.848952196915724,0.929341254666883,"F15A8.6"
-0.0560163758635828,4.04887254478077,0.0372322992183585,0.848983267593267,0.929341254666883,"vang-1"
-0.0532005654808995,3.8183321513337,0.0371914517546205,0.849065235818141,0.929341254666883,"viro-2"
0.0496738525571892,4.05932665197305,0.0370926211473212,0.849263134246062,0.929443442464517,"T01C1.4"
0.0227067321410935,7.28069707559091,0.0369792162789446,0.849490402119905,0.929471259604368,"gck-3"
-0.0532930070669311,4.12605845999153,0.0369757798768083,0.849497633060971,0.929471259604368,"M7.8"
0.0348555477278137,5.27467783151754,0.0367450016820134,0.849961739338036,0.929710155991027,"mafr-1"
-0.0268673319699183,6.26642245225547,0.0367166391522596,0.85001886678952,0.929710155991027,"ugt-23"
-0.0364685085559129,4.84691931791927,0.0367113260631927,0.85002967698246,0.929710155991027,"btf-1"
-0.0232703190865984,7.10490181382293,0.0364762170541163,0.85050444905016,0.929987542807652,"gsto-1"
0.027666491513138,5.96328392077143,0.0364135841835163,0.850631239479189,0.929987542807652,"ras-1"
0.0521495962591647,3.99730982681944,0.0363863892184078,0.850686699817686,0.929987542807652,"C26D10.4"
0.0354633656523415,5.6899701870259,0.0363445524544329,0.850771105778462,0.929987542807652,"C08F8.2"
0.0253429018699333,6.62881841863974,0.0363010112740783,0.85085937097575,0.929987542807652,"ZK899.2"
-0.0442586036238001,4.2704176408099,0.0362655741201624,0.85093151568506,0.929987542807652,"F33G12.7"
-0.0389597078668319,4.88909581261069,0.03622413204443,0.851015481754927,0.929987542807652,"ceh-23"
0.0197174668256732,7.56309383262541,0.0360752336440183,0.851318034829693,0.930057138056343,"gba-3"
0.026618862409915,6.32217257684021,0.03605437121131,0.851360508527133,0.930057138056343,"Y38F2AR.12"
-0.017347998135318,8.59279612967715,0.0360384074463324,0.851392986912673,0.930057138056343,"ribo-1"
-0.0200200238603074,7.22759975829158,0.035718200205292,0.852046420530596,0.930603852387218,"dpy-22"
-0.0504686868871614,3.86481091602304,0.0356908880269851,0.852102796342857,0.930603852387218,"nhr-177"
0.0307847764934983,5.49481310877115,0.0355996383024446,0.852289169373264,0.930693073556582,"hlh-33"
-0.0163453312953477,8.71231850322835,0.0353484465890383,0.852804730661181,0.931045572754802,"inx-13"
0.0510836143505108,3.95486770727784,0.0353405472310813,0.85282140867339,0.931045572754802,"nhr-53"
0.0355424185947978,5.0218943256677,0.0352048761614237,0.853100375277271,0.931235781042384,"F54C8.6"
-0.0539422544847081,3.81696487950742,0.0351259981450511,0.853263474337487,0.93129947831262,"T20D3.8"
-0.0284972622976884,5.79945598110862,0.0348403791588205,0.853853487613579,0.931829060804263,"vars-1"
0.0285089652372648,5.63270899237153,0.0347754711241218,0.853988042907203,0.931861523010302,"snu-23"
-0.0159150962478168,9.94123522806926,0.0346275430221158,0.854295136500665,0.931979933148184,"spc-1"
0.0454743026469942,4.2451728187431,0.0346223484652666,0.854306203481914,0.931979933148184,"syx-16"
-0.0382165569523732,4.56015074448044,0.0344096974053139,0.854748839491565,0.932348415153909,"F59B10.4"
0.046564307622084,4.15355471651872,0.0341903228098152,0.855207204847757,0.932620165580388,"Y45G5AM.7"
0.0469074213171863,4.17116886957215,0.0341900525160425,0.855207761778979,0.932620165580388,"ctns-1"
-0.0212519729691549,6.99176528806627,0.0338790199037423,0.85585976980439,0.933184416122478,"F58D5.5"
-0.0205938880988796,7.08864763314608,0.0338431982172928,0.855935093181735,0.933184416122478,"mek-2"
0.0255262727681384,6.31106863377485,0.0336741139742826,0.856291200674207,0.933393167249786,"F53F4.14"
0.0509801032069088,3.84270487317711,0.0336528576216482,0.856336527416095,0.933393167249786,"C02F5.12"
0.0479794288214613,4.09822917431282,0.0334877264035386,0.856685132825325,0.933658680552827,"C26D10.6"
-0.0216808586378932,6.74755422227942,0.0333945856302622,0.856881932770502,0.933758703794893,"F01D5.1"
0.0281084507350343,5.79656295578392,0.0330646698872627,0.857582473674307,0.934166819813896,"gpcp-1"
-0.0716697662972159,3.26325056169073,0.0330096976058844,0.857701062388591,0.934166819813896,"rib-2"
-0.0599215795635149,3.36431001040208,0.03295461114043,0.857818181575753,0.934166819813896,"odr-2"
-0.0153260802885679,11.4217675621581,0.0329358339014125,0.857856988116475,0.934166819813896,"atp-1"
-0.0296049898488054,5.42833642001184,0.0329345872358227,0.857859698230512,0.934166819813896,"ZK652.6"
0.0207789917840087,6.89277931667863,0.032921836813105,0.857886861295744,0.934166819813896,"timm-17B.1"
0.0491762861654795,3.76992207046949,0.0328113661186359,0.858123322249553,0.934178053566039,"F59B2.3"
0.0481918416488898,4.0363775938378,0.0328078466490188,0.858130640399896,0.934178053566039,"T22G5.3"
0.0217546860502105,6.84478217123296,0.0327467575199873,0.85826092325401,0.934178053566039,"T24H7.2"
0.0154485333156762,9.04194441164887,0.032720332569289,0.858317458056571,0.934178053566039,"pyk-1"
0.0485225328414543,3.93328221984176,0.0325538906421366,0.858674608105514,0.934432324289686,"C39B5.6"
0.0222965868358693,6.59925305006555,0.0325133226967285,0.85876127789574,0.934432324289686,"F37C12.3"
0.045609950935168,4.33187170140823,0.0323683180330024,0.859073233994489,0.934657381723569,"B0554.5"
-0.0168358745381316,8.21769937435562,0.0323182468552537,0.859180822461102,0.934660062706675,"F35B12.3"
-0.0578300328964258,3.39573293315348,0.0321014007047124,0.85964989026892,0.934983052011468,"F11E6.8"
-0.0286182635359864,5.74827304082783,0.0320832335947228,0.859688049734985,0.934983052011468,"mrps-23"
-0.0428622453708123,4.27230809163155,0.0319819050714275,0.85990754313233,0.935107383315747,"T23B12.8"
0.0223083753614454,6.3188020448162,0.0317759341300753,0.860354144042911,0.935478622316928,"T05F1.11"
0.0203231278631235,7.18128220198335,0.031702225046986,0.860514403926586,0.935538464821628,"ubr-1"
0.0280270909916983,6.20771682537495,0.0316379250784315,0.860654379361604,0.935576242438442,"odr-4"
-0.0455717899125704,4.2206240665351,0.0313835967179998,0.861209687175929,0.935867613670784,"clec-198"
-0.0500266109638789,3.86558383048364,0.0313793926788283,0.861219093061857,0.935867613670784,"Y50E8A.1"
0.050354524061908,3.9776674163577,0.031316381322634,0.86135689200717,0.935867613670784,"mlh-1"
0.050560809246127,3.71987068146824,0.0313042100147894,0.861383760980285,0.935867613670784,"C31C9.7"
0.0279844852171074,5.75267952947813,0.0312742912742427,0.861448717836204,0.935867613670784,"tpxl-1"
0.0346076531130178,4.71361440281336,0.0310374142348077,0.861968821147725,0.936197834612875,"bra-2"
0.0488558931903209,3.8657779894804,0.0310148064351621,0.862018903353969,0.936197834612875,"Y45G12C.1"
-0.025677936784339,6.23302987398961,0.0309920317112932,0.86206857181145,0.936197834612875,"fath-1"
-0.0603345558207215,3.77160211646279,0.0307623351091592,0.862575692689657,0.936520994041673,"B0393.9"
-0.0336867891505389,5.10590611773103,0.0307609812171205,0.862578208618139,0.936520994041673,"clec-84"
-0.023007104974201,6.75646504122307,0.0306908275297723,0.862733258873757,0.936520994041673,"cyld-1"
0.0253664780241158,6.53739112527937,0.0306205998818479,0.862888721869508,0.936520994041673,"ent-2"
-0.013776113424772,9.90926204480071,0.0305782391951083,0.862982568053533,0.936520994041673,"gta-1"
0.0259351443820049,5.65684971626784,0.0305712274027577,0.862998144661279,0.936520994041673,"eif-2Balpha"
0.0232726322453111,6.99687731607384,0.0304690701843462,0.863224782372507,0.93665261655772,"unc-82"
0.0261841727814967,5.67003252680738,0.0302894407286548,0.863624307717543,0.936839498926083,"ipla-7"
-0.0224430399925069,6.56654901771582,0.0301677828183464,0.863895556776611,0.936839498926083,"Y41D4A.5"
0.050300621587031,3.91228848739495,0.03016733913135,0.863896965756458,0.936839498926083,"wrm-1"
0.0379361603190286,4.53982752526243,0.0301581641608944,0.863917174346018,0.936839498926083,"tbce-1"
0.0455998199056395,4.19275081615121,0.030155218857605,0.8639238613986,0.936839498926083,"W05H9.4"
0.0290574159337242,5.35267062877427,0.030024651871363,0.864215466143531,0.936954737852171,"arp-11"
0.05113962821824,3.79638145315326,0.030013496770597,0.864240895863869,0.936954737852171,"hecw-1"
0.0256423949309307,5.72623964355486,0.0299364189484426,0.864413018374037,0.937027084413992,"mrpl-10"
-0.0263626482409398,6.02619023481361,0.029747711403943,0.864836584351757,0.93737194580903,"glh-1"
-0.0524555953754773,3.90861084936962,0.029549001987675,0.865284518332863,0.93774313170374,"C31H5.5"
-0.0276608903629358,5.84335367833233,0.0294952589561253,0.865405416778427,0.937759848942961,"mrps-24"
0.0347357956112252,4.84852280762609,0.0293358848872183,0.865765889708182,0.938036135193206,"gar-3"
-0.0452401236104684,3.99617756209118,0.0290582672298739,0.866396354565383,0.93860484811025,"gcy-11"
0.0530412132222716,3.69651696259454,0.0289882477252431,0.866556034005526,0.938663462273773,"T22E5.6"
-0.0338691891043324,4.6561562039751,0.028932665393211,0.866682261172772,0.938685830684263,"F20H11.1"
0.052510143650356,3.74686890168291,0.0288209681286218,0.866937682961088,0.938848104653719,"T09F3.5"
0.0513067307225404,3.8649351555989,0.0287004878965046,0.8672132070321,0.939032106165193,"mod-5"
0.0211069350349304,6.24047592574593,0.0285480710766044,0.867562309719789,0.939295725245816,"F52G3.1"
0.0193447926100479,7.76280132298003,0.0284805686091217,0.867717404839106,0.939302721838434,"rpl-33"
0.0494993307867855,3.55962600327314,0.028453660130196,0.867780064917433,0.939302721838434,"daf-38"
-0.0221586216855936,6.11528051041569,0.0283335999516948,0.868055794324633,0.939486800650069,"cfim-2"
0.0527280953934746,3.74713013971647,0.0282216134802782,0.868314759867237,0.939652693522347,"arrd-19"
0.0477631974996686,3.76965037820668,0.0281526115050059,0.868474240311211,0.939710900645854,"ins-1"
-0.0391743495578261,4.32257662987024,0.0280620299687543,0.868683619290973,0.93982307850037,"C02B8.3"
0.0156078989347799,9.363008447847,0.0279694488744433,0.868898084090043,0.939940730702589,"rpl-27"
-0.0190674840795839,7.46658623855549,0.0279179285327897,0.869017714830131,0.939955778899598,"mrck-1"
-0.0458265269341919,4.41085523292341,0.0277705822094101,0.869360649500993,0.940212326324453,"C37A2.8"
0.024211885112952,6.03726773030455,0.0276779196285721,0.869576512430234,0.940331400148043,"vab-8"
0.0348752060163091,5.18901891200774,0.0275703593386817,0.869827783434574,0.940480743398234,"ZC581.9"
-0.029413144631329,5.11598405855336,0.0275043214417725,0.869982283408482,0.940480743398234,"F13G3.7"
-0.0185070165907271,6.92877775951865,0.027483080880207,0.870031955286298,0.940480743398234,"guk-1"
0.0501486355270351,3.81964550338015,0.0274295638198697,0.870157814170743,0.940502446607352,"B0303.14"
0.0230297648454222,6.21967969324289,0.0273259677829828,0.870400439664967,0.940575562457054,"Y48G9A.9"
0.0218368888563546,6.15083884226811,0.0273103875585378,0.870437040591232,0.940575562457054,"F25H2.6"
0.0511760486284477,3.69598252752265,0.0271845402678164,0.870733636247556,0.940781718298337,"F18E9.1"
0.0497754381664111,3.74569521160874,0.0270908687169575,0.870954379743965,0.940905879745272,"K03A1.4"
0.0187536678282287,7.11867439301885,0.0270037639369056,0.871159520778436,0.941013157482817,"snb-1"
0.0160750128055113,9.2611179937861,0.0268906179812765,0.871427178739029,0.941187930778512,"asb-2"
0.0350777647300002,4.92910819172447,0.026728753836775,0.8718111958755,0.941378344655153,"grk-1"
-0.0317401331145442,4.93762322606686,0.0267270516039378,0.871815238993424,0.941378344655153,"F46B6.12"
-0.0242559313573518,5.70000670639703,0.0265981592991855,0.872121768039739,0.941594560788259,"dpf-1"
-0.0203100532212003,7.10521795917565,0.0265538641691624,0.872227286317861,0.941594560788259,"mpst-1"
0.0192487685348984,7.50563123417399,0.0264829708505095,0.872396381332214,0.94166276877804,"haly-1"
-0.065882139487126,3.29731305289722,0.0261702789603649,0.873146291832759,0.942357815086801,"Y37E11B.7"
-0.0504074603980564,3.48680959130218,0.0259947824081786,0.873568065767297,0.942686675359665,"K07E8.6"
0.0283962884407625,5.01792552353199,0.0259550581345099,0.873663053083302,0.942686675359665,"T24H7.3"
-0.0277829196749104,5.26641198974809,0.0257794555475538,0.874087276961247,0.943029969598647,"ZK418.5"
0.033281084629144,4.71249172851051,0.0256475799158032,0.874406915098177,0.943236742182218,"F10E9.1"
-0.0463058159393995,3.93451884924509,0.0255236880431526,0.874708183974016,0.943236742182218,"Y95B8A.6"
-0.0340536071800173,4.6296354564955,0.0254949783082848,0.874777789697935,0.943236742182218,"Y17G9B.5"
0.0255477034468174,5.92051376481028,0.025493298922088,0.874781770037889,0.943236742182218,"ran-5"
0.0422245609401486,4.47074819041383,0.0254809995931247,0.874811851380375,0.943236742182218,"C33A12.19"
0.0334565203127627,4.90431135384126,0.0254384292453107,0.874915466514088,0.943236742182218,"rimb-1"
0.0333861587230483,4.53899741579855,0.025373635012213,0.875073515846962,0.943292753321452,"snn-1"
0.0315421043888166,5.22391222425005,0.0252630556955141,0.875343538539737,0.94346943886008,"dnj-21"
0.0277220538263004,5.2460529789501,0.0251804429022923,0.875545730179128,0.943546423601233,"F26H9.2"
0.0490141175543496,3.47327685439833,0.025147517359562,0.87562721191472,0.943546423601233,"tbc-20"
0.0480374706173291,3.61452566312202,0.0249046969314443,0.87622368625692,0.944074744850979,"src-2"
-0.0295703971840502,5.11388532763352,0.0248425751090022,0.876376229321527,0.94412468858569,"rom-1"
0.0236289321428973,5.60842028741373,0.0247672560904684,0.876562118380678,0.944210539680471,"hpo-5"
-0.0368619048636839,4.32378911125566,0.0245580672264038,0.877080196371134,0.944654152142429,"Y54G2A.41"
-0.0340081493936133,5.15452914309757,0.0244663968709247,0.877307730274026,0.944701398332239,"ctbp-1"
0.0130724660304909,9.75708972653016,0.0244547713026967,0.877336570242863,0.944701398332239,"K06G5.1"
-0.0213664099136593,6.33192412421052,0.0242110204091945,0.87794424502096,0.94524125484153,"emb-30"
0.0355894305077426,4.52565431669673,0.0240444417753371,0.878361454700191,0.945385230833462,"eipr-1"
-0.0476679077802405,3.57429651509651,0.0240310384959357,0.878395627905783,0.945385230833462,"Y62E10A.23"
0.0198139366192154,6.27547466657931,0.0238627765500274,0.878817868622687,0.945385230833462,"F09E5.7"
0.0182770356681503,6.82188815408777,0.0238484889292665,0.878853845398467,0.945385230833462,"let-268"
0.0464218817383278,3.64266538758186,0.0238092956533216,0.878953203635786,0.945385230833462,"gtf-2H3"
0.0192175125570831,6.64282512190863,0.0237804759652225,0.879025281583546,0.945385230833462,"rpb-8"
-0.0257319614454014,5.34484049820303,0.0237714797877882,0.879048012437264,0.945385230833462,"R05A10.3"
0.0267379987214783,5.20022622421375,0.0237446815240313,0.879115654003459,0.945385230833462,"ZK154.5"
0.019046419309299,6.47342183869112,0.0237156436274262,0.879188934495829,0.945385230833462,"smgl-1"
-0.0343559611482153,4.57417954266389,0.0236800607391491,0.879278973612044,0.945385230833462,"F15G9.1"
0.0251097756632026,5.4688598801216,0.0236636360989381,0.879320406293006,0.945385230833462,"Y105C5B.9"
0.0279069187683169,5.53324351891393,0.0236503764201042,0.879353937576508,0.945385230833462,"F55H12.2"
-0.0167439063476928,7.25607625669168,0.0235754339658291,0.879543636683616,0.945474848718901,"aman-2"
-0.0475644712425095,3.93383157844555,0.0234914645457645,0.879756942462996,0.945589818113939,"nmtn-1"
0.0492745571971424,3.52990338138008,0.0233672192447224,0.880073119569287,0.945723776101422,"F39B2.5"
0.0209261689835767,6.14289099283021,0.0233586092091253,0.880094311490627,0.945723776101422,"gap-2"
-0.0161504571521013,7.54418736658031,0.0233082866262622,0.880222474558493,0.945747192906291,"rpl-28"
0.0182412769170481,6.89107955944318,0.0231130305764715,0.88072116702615,0.946015346992115,"K08D8.3"
0.0144900359809691,7.70482200338728,0.0230897177877893,0.880780843077996,0.946015346992115,"fkb-1"
0.0342616752219055,4.3569785743237,0.0230691213012686,0.880833782270235,0.946015346992115,"C17H11.2"
0.0507304391460423,3.64540650814331,0.0230443578874349,0.880897655803365,0.946015346992115,"Y105C5A.1"
-0.0175783184511483,7.58652632461636,0.0229891314314617,0.881038718517817,0.946052565983323,"mrps-22"
-0.0194209200300613,6.80343121933032,0.0229263779789358,0.881199901180326,0.946111378021287,"R03H10.2"
-0.0299370739904968,5.04942312625124,0.0228841512504384,0.881308542127619,0.946113770593657,"tbc-11"
0.0259728159619187,6.5742910943647,0.0227440236755439,0.881669543371942,0.94638704697814,"F17A9.4"
-0.0146188929507657,7.93105663936777,0.022680765922948,0.8818328974169,0.946448127828785,"ostb-1"
-0.0191207694055829,6.75938969706231,0.0224745814137852,0.882367013260221,0.94690707482156,"clh-5"
-0.023588660967768,6.33144281284574,0.0224202396393493,0.882508202510454,0.94692883014281,"mtx-1"
-0.0280844210110324,4.96991589785636,0.0223810921734723,0.882610082483413,0.94692883014281,"Y34D9A.7"
-0.0171609584390563,7.59231210308917,0.0223439096787238,0.882706798360545,0.94692883014281,"dmd-6"
-0.0194765230071558,6.38710351715768,0.0222849474567113,0.882860467440673,0.946979420438536,"ZC506.1"
-0.0184946886344728,6.50949979160012,0.0221547660509991,0.883200459316807,0.947199201377722,"ugt-58"
-0.0266827001220304,5.05247134781882,0.0221249854567516,0.883278436466392,0.947199201377722,"F17C8.3"
0.026586960448703,5.23657573150072,0.0220019488870662,0.883600918593623,0.947430748578859,"rgs-7"
0.0215249625933876,6.47125384506787,0.021820520006163,0.884078115160926,0.947753424950832,"tftc-1"
0.0506126213704737,3.4126920508246,0.021806848089128,0.884115049661703,0.947753424950832,"gem-1"
0.0187150850766846,6.68918673444713,0.0217103949428395,0.884368781663709,0.947797047623073,"F58G6.7"
0.0470703032533144,3.61363120540874,0.0217105595049731,0.88436894692172,0.947797047623073,"T07F8.4"
0.0281277001758507,5.08867258221448,0.02152180841706,0.884868354115877,0.948217974743191,"nhr-134"
-0.0158637840600563,7.46234916134942,0.0214357933179474,0.885096869492968,0.948348549850805,"kin-3"
-0.0141628054437152,8.49873672770405,0.0213300515127585,0.88537850589375,0.948536003843997,"pgal-1"
0.0263841830110445,4.90968928652087,0.0212407753636159,0.885616927660933,0.948677120943778,"hpo-10"
0.0344038386056359,4.38814166501451,0.021152191895237,0.885854013086851,0.948816772720779,"Y73F8A.24"
0.0177203055518789,6.39499706723946,0.0210783448720237,0.886051818999061,0.948882127843637,"tat-4"
0.0158791016632949,8.18349534176947,0.0210405169514231,0.886153347710928,0.948882127843637,"par-1"
0.0468743719493326,3.53077371130765,0.0210002226691195,0.886262314192957,0.948882127843637,"prx-6"
-0.014234920565012,8.05598866865307,0.020938255944555,0.886428315913539,0.948882127843637,"F09E5.3"
-0.0254485222260407,5.20998810051472,0.0209307238183011,0.886448650755736,0.948882127843637,"Y87G2A.19"
0.0186221685878505,6.33086644197232,0.0208478423137393,0.886672013443369,0.949006966597447,"F16B12.6"
-0.0169535205565347,6.78143960541333,0.0207357887122496,0.88697476845187,0.949190550979696,"eri-12"
0.034410917704502,4.47973181041358,0.0206839662796001,0.887115205245579,0.949190550979696,"gur-4"
-0.0263541500082999,5.29556659533715,0.0206659919750447,0.887163814941095,0.949190550979696,"F57A8.1"
-0.0304474076717968,5.14782639191437,0.0205192182932188,0.887562349208778,0.949502688823877,"T26A5.6"
-0.016692671052263,6.61263857406176,0.0204287696244334,0.887808616508724,0.949614151075403,"F10G7.10"
-0.0322740187672574,5.00940868714231,0.0204025605659082,0.887880152726333,0.949614151075403,"R13H7.2"
0.0337165972380588,4.58184287936087,0.0202948910636443,0.888174338631833,0.949696217785908,"zipt-3"
-0.0215074157543555,5.89515962832643,0.0202444591502106,0.888312279892151,0.949696217785908,"wdr-5.1"
-0.033123170845267,4.44979598224031,0.0202261786628151,0.888362490607257,0.949696217785908,"B0205.9"
-0.0282713839989708,5.17969309946621,0.0202182424485873,0.888384146139399,0.949696217785908,"stn-1"
-0.0361236268037919,4.0953064917311,0.0201671063909765,0.888524593444944,0.9497321664245,"pqn-8"
-0.0308962152191464,4.43620008884799,0.0201221797276011,0.888647850517509,0.949749734216994,"lron-15"
-0.0276982428917977,4.73340929363218,0.0200162321372978,0.888939276831668,0.9498486366009,"prx-3"
-0.0468463643489605,3.57571969365594,0.0200110614709434,0.88895405524194,0.9498486366009,"F28F9.3"
-0.0229650765901545,5.6025792896934,0.0199496970626529,0.889122657803955,0.949914629960942,"F21D5.5"
-0.0237337603392896,6.51831364722034,0.0198918110596995,0.889282499813576,0.949971249049923,"ugt-54"
-0.0277952195806681,4.77027921869491,0.0198204928217364,0.88947986209993,0.950034529957477,"Y51B9A.6"
-0.0399074268624261,4.09745113283651,0.0197932622540305,0.889555445045101,0.950034529957477,"ced-2"
0.0226204541532665,5.36681138263428,0.0197545238378376,0.889662616458051,0.950034869436528,"ttr-36"
-0.0135936571905625,8.17784696476221,0.0196452349194359,0.889966110362189,0.950244828537315,"vha-4"
0.0477479963187902,3.44341007467782,0.0195476695000263,0.890238616930326,0.950308573643989,"R05D3.12"
-0.0351443308379848,4.13604978233526,0.0195202085766303,0.890314653090013,0.950308573643989,"C55A6.10"
-0.0329259280975742,4.44748042967473,0.0195087769873341,0.890346464790735,0.950308573643989,"Y53F4B.12"
0.0274106248493456,4.8650180918882,0.0194248048721729,0.890581041636262,0.950414718983054,"bmy-1"
-0.0207450091214535,6.03212658055611,0.0193966719282028,0.89065970515879,0.950414718983054,"F57C2.5"
-0.0185525635731106,6.55387977006562,0.019275836011135,0.890998511040006,0.950662157885119,"mec-5"
0.0203804728217986,5.71338305948602,0.01915233557869,0.891345928693368,0.950799277498693,"tbcd-1"
0.0178268596728712,7.24355158223795,0.019121589565678,0.891432577178899,0.950799277498693,"nkb-3"
0.0231309663298372,5.19652558182296,0.0191161924625907,0.891447843575425,0.950799277498693,"par-4"
0.0325277258402726,4.42059162081851,0.0187616230146925,0.892452713493208,0.951657043122069,"T10B5.4"
0.0466310073268235,3.37981698715785,0.0187571695511845,0.892466137167001,0.951657043122069,"fbxc-36"
0.0190301018370806,5.87416160302332,0.0187093478329923,0.892601536349628,0.951687283809155,"C35A5.6"
-0.0172271028022592,6.3370097494313,0.0186341975639864,0.892816034531913,0.951801842089118,"plpp-1.3"
-0.0121739215572843,8.64789714115895,0.0185314679332381,0.893109962688639,0.952001040434563,"sucl-1"
0.0259631640030863,5.67064513137257,0.0184476600808699,0.893350403947125,0.952126042243183,"T02B5.3"
-0.0143876381463733,7.38389955959742,0.0184039287000042,0.893476055333799,0.952126042243183,"nhr-49"
-0.045429153036086,3.51707422621224,0.0183789773544578,0.893548498085381,0.952126042243183,"Y77E11A.12"
0.0329007645257997,4.3556797201231,0.0182823654802244,0.893826353045354,0.952307981417165,"rund-1"
-0.0257429151852392,5.27894937947543,0.0181842936346037,0.894109579513716,0.952495599263892,"flap-1"
-0.0167733161949682,7.48068517385276,0.0180490984636084,0.894501412734876,0.952618998132469,"ZK596.1"
-0.038920312550507,4.01749264588098,0.0180436264640141,0.894517578365709,0.952618998132469,"C25G4.2"
0.0259332983889458,4.80634981850213,0.0180334851713848,0.89454684685727,0.952618998132469,"mlst-8"
-0.0387233331617095,4.09819879219807,0.0179139647877501,0.894894847804994,0.952855747959676,"C03H5.6"
-0.0340959849414701,6.30353789239353,0.0178834872962729,0.894983505928608,0.952855747959676,"atp-6"
0.0193771399976872,6.09408073808461,0.0178091378730107,0.895200674809651,0.952972844795571,"ugt-2"
0.0371673667283684,4.35538486160031,0.0176363627019644,0.895707265931178,0.95339797694171,"lin-7"
0.0225827338454427,6.4195992724898,0.0175565457583733,0.89594193360637,0.95350185024353,"droe-4"
-0.0178987255356811,6.40454354212792,0.017517784042348,0.896056164326719,0.95350185024353,"C35D10.10"
-0.0205184950798814,5.64649639685144,0.0174434658440784,0.896275553345033,0.95350185024353,"lin-38"
-0.0148491148453915,6.72061575800973,0.0174126126466735,0.89636675141199,0.95350185024353,"drr-2"
0.0248921226624497,5.01731471525746,0.0174090855967577,0.896377237734328,0.95350185024353,"egl-9"
-0.0152447554199508,6.81452616145553,0.0173750322333775,0.896477963833432,0.95350185024353,"mif-2"
-0.0265342423153604,4.78245449131312,0.0173439742987772,0.896570044551474,0.95350185024353,"best-19"
0.0197924251946989,6.05044122736637,0.0172941487206936,0.896717748961627,0.95350185024353,"F53A10.2"
-0.0293072828806689,4.48135605226273,0.0172765722155167,0.896770045184613,0.95350185024353,"dhs-15"
0.0352060599002652,4.46373216643745,0.0170488221711559,0.897448645127187,0.954006080169915,"cids-1"
0.0195151156534053,5.78866885386558,0.0170453629270033,0.897458874653151,0.954006080169915,"dcap-2"
0.0186095340253642,6.93095712274301,0.0169132749342823,0.897854583700655,0.954251946139159,"W07E11.1"
0.0244586027690045,4.89882857578704,0.0168965644719492,0.897904823012057,0.954251946139159,"C06E7.2"
-0.0236069026014343,5.24341871646131,0.0168419859505656,0.898068850826466,0.9543121970477,"ZC443.4"
0.0239630168461341,4.90981909410953,0.016779062159384,0.898258348770107,0.954382960024756,"T05A7.1"
0.0238911175516681,4.92098188493388,0.0167486250457243,0.89835012849479,0.954382960024756,"F26G1.2"
-0.0116540602607196,9.58526905053713,0.0166958536759943,0.898509387183568,0.954438107700012,"dhc-1"
0.0120656751878657,8.12109137313067,0.0165721286763913,0.898883950798054,0.954721921699379,"skr-1"
0.0228789451696998,5.60041492229983,0.0164119295538422,0.89937108043652,0.955125212154933,"bath-40"
-0.0220830558328582,5.80846428987633,0.0163109269805135,0.899679428885326,0.955338564698368,"fshr-1"
0.030476456659222,4.18257838714331,0.0162083361466668,0.899993808464286,0.955558269770238,"syd-1"
0.0164335130708711,6.60641933830823,0.0160954778576156,0.900340431331379,0.955672177768084,"ZK1067.2"
0.0158802913428372,6.5503569316644,0.0160843336254901,0.900374745080001,0.955672177768084,"ulp-4"
-0.0166619237276471,6.10832472298089,0.0160684891873375,0.900423555636401,0.955672177768084,"lst-4"
-0.0119198709321928,8.3896536711693,0.0159996181273865,0.900635971297707,0.955783530772012,"pars-1"
0.0219583151887345,5.18754314692745,0.0159600460696382,0.900758289576027,0.955799254400341,"Y63D3A.8"
-0.0288968094608229,5.02827772227951,0.0158618036259767,0.901062515979991,0.956007974889988,"C32D5.10"
-0.0188085447352184,5.88866254791966,0.0157636405366231,0.90136740269361,0.956204467905012,"nlp-8"
-0.0353213353886525,3.70822132899743,0.0157160815627148,0.901515906409674,0.956204467905012,"arl-5"
0.0252776984282853,4.74786545644469,0.0156984981196896,0.901570358165304,0.956204467905012,"ZK973.1"
-0.0145264680363984,7.05994234123294,0.0155815980424274,0.901935443635418,0.956477579838084,"Y94H6A.8"
0.0158945439955911,7.02224071601284,0.0155287966292224,0.902100837448546,0.956538884407278,"T03F1.11"
-0.0344354361461164,3.75717416270226,0.0153347610400359,0.902711485976258,0.956946975196197,"F13B6.2"
-0.0275587042699371,5.0415435725422,0.0153204384418311,0.902756348349914,0.956946975196197,"H01M10.1"
0.0288956997827827,4.35534440984678,0.0152961741072385,0.902833065180523,0.956946975196197,"rme-4"
-0.0175193468738616,6.49082913824406,0.0152698180917807,0.90291622707467,0.956946975196197,"C44H9.5"
-0.0113757515321878,9.05433110881483,0.015220792010818,0.903071362414318,0.956956363135217,"cab-1"
0.0320512561144583,4.21701382266384,0.0151959937617954,0.903150119616252,0.956956363135217,"bcl-7"
0.0479620143283689,3.43990041780751,0.0151335432683447,0.903348804528678,0.956956363135217,"kxd-1"
0.0133638155519399,7.98173370700848,0.0151119964449402,0.903416562681754,0.956956363135217,"myo-5"
-0.0217361819001425,5.35161538018592,0.015096831816252,0.903464816421221,0.956956363135217,"F13E9.11"
0.013974883236825,6.96787952186697,0.0150634920973441,0.9035708771252,0.956956363135217,"dnc-1"
0.0180146845412624,6.34641357931041,0.0148405647543385,0.90428334819767,0.957596861460872,"ZC116.3"
0.0235169775535596,4.73364262137254,0.0146837588299651,0.904787828142678,0.957824982912472,"ZC123.4"
-0.0222485459460764,5.14058871683939,0.0146701272499565,0.904831771784018,0.957824982912472,"cyk-1"
0.0255918180987937,4.70692945960366,0.0146468352404934,0.904907002726125,0.957824982912472,"dph-2"
-0.0459947021363204,3.51855647601618,0.0146399708512841,0.904929688051373,0.957824982912472,"hpl-1"
-0.0259241195304989,4.9402138329102,0.0145989443591201,0.905061775153325,0.95785076096753,"F53F8.5"
0.0297736911317422,4.10696472307581,0.0145544644942713,0.905205928158479,0.957863651719403,"T23G7.2"
-0.032724823324339,4.11440485130216,0.0145287049238552,0.905289423619182,0.957863651719403,"E02H9.3"
-0.0236567967241815,4.89921220412928,0.0144503926817133,0.9055435839684,0.958018563191699,"nhr-138"
0.0258890768007062,5.08826467308801,0.0141336678716286,0.906579285348597,0.958921667835916,"gpa-3"
0.0287510366203285,4.23744496689033,0.0141234762122309,0.906612927660411,0.958921667835916,"C38D4.9"
-0.018946795486761,5.66978132375223,0.0140297481030689,0.906921642812525,0.959134093760695,"magi-1"
0.0170336182210314,5.79172682748706,0.0138840693199195,0.907403786041846,0.959529859859426,"B0261.1"
-0.0308301494592909,4.15244804485476,0.0138355088417201,0.907565250754646,0.959586472167863,"R02F2.8"
-0.0159280982528719,6.08907471613981,0.0137770827375252,0.907759506068658,0.95960426206075,"T15B12.1"
0.0109586083990612,7.95925476993468,0.0137420244255702,0.90787636402359,0.95960426206075,"tomm-40"
-0.0146950291795767,6.67909052102607,0.0137331844044796,0.907905865758073,0.95960426206075,"selt-1.1"
-0.0171020524947712,6.24968741629194,0.0136524679724316,0.908175612725026,0.95977527311758,"tra-1"
-0.018240795401074,5.54016592085572,0.0133581744688648,0.90916603277398,0.9607077724499,"F31D4.2"
0.0176032474190193,5.97165667105567,0.0131885117497072,0.909742032253061,0.960874714853708,"C06H2.2"
-0.0113074330155949,8.16018849079554,0.0131883073466881,0.909742712937551,0.960874714853708,"gcn-1"
-0.0278994412323775,4.52405269638499,0.0131552016518553,0.909855653609319,0.960874714853708,"T11G6.3"
-0.0310167654405918,3.80638677202611,0.0131248814492037,0.909959346695683,0.960874714853708,"ZK1307.7"
0.0294343562167187,4.18373244280343,0.0131229108915839,0.909965920526173,0.960874714853708,"F09G2.8"
0.0232880558532693,4.64231323847,0.0130930909246104,0.910067714997728,0.960874714853708,"E01B7.2"
0.0291875133448952,4.14377111751267,0.0130893729226632,0.910080527925214,0.960874714853708,"F42F12.3"
-0.0442332027336895,3.05809832170103,0.0129925978696014,0.910413376550742,0.960975134925292,"com-1"
-0.0349036383577584,3.75594470062232,0.0129679696366888,0.91049677268405,0.960975134925292,"C53A5.6"
0.0109802361624309,8.14229730832174,0.0129669555932169,0.910499891644434,0.960975134925292,"hpo-29"
-0.0198676493877104,5.37680296728406,0.0128963230713806,0.910742914923019,0.961077310943567,"stc-1"
0.0202021571466863,5.34229795239155,0.0128760187281817,0.910812891914351,0.961077310943567,"F28C1.1"
-0.0222455687601035,5.01224625576005,0.012805376333433,0.911056805658723,0.961134244103964,"F40B5.2"
0.0270437663550806,4.12560733022221,0.0127978269816962,0.911083051322484,0.961134244103964,"T27F6.7"
0.0118855271214726,8.69291086921738,0.0126705381189999,0.911524182513527,0.961485526957856,"rpl-9"
-0.0320914113628079,3.73470770994404,0.0126227762926597,0.911690733561811,0.961547130735238,"glb-14"
0.0283541702634948,4.16215721872612,0.0125485884395334,0.911949292898428,0.961617728850569,"ZC196.5"
-0.0130357624756177,6.95026499555369,0.0125414704546587,0.911973983766505,0.961617728850569,"ent-1"
0.0308217243090722,4.32096203698377,0.0124611851359201,0.912255092531566,0.961800074433553,"T20B5.2"
0.0186205020166853,5.5711127355333,0.0124063399538966,0.912447442923119,0.961888808990923,"Y73E7A.1"
0.013810736464735,7.24755511399526,0.0122975871398125,0.912830351726311,0.962017505299028,"unc-104"
0.0218287715382193,4.62913349775586,0.0122932268290531,0.912845824061608,0.962017505299028,"memo-1"
-0.021314960721772,5.03073900409932,0.0122795346341395,0.912894128017984,0.962017505299028,"R186.8"
0.0216560913977924,4.84169559159047,0.0122071223464293,0.913150253993193,0.962173371445068,"K09E9.3"
-0.0154590862370391,5.91185834700745,0.0120613549821032,0.91366810464448,0.96248204525513,"K02C4.3"
0.00865937008793533,10.1867434031296,0.011991097440993,0.913918840706599,0.96248204525513,"vha-11"
0.0281057819682508,4.20163799385066,0.0119892783513951,0.913925511209987,0.96248204525513,"smg-9"
-0.0103723448577528,8.15534085296199,0.0119881590105415,0.913929344791817,0.96248204525513,"ril-1"
0.0189278008468475,5.82853738847659,0.0119727485911742,0.913984468348787,0.96248204525513,"F59E12.1"
0.0232780370983042,4.57470734697425,0.0118874061692718,0.91429037762896,0.962658411145758,"nhr-44"
-0.0174022484457715,5.55449010043621,0.0118656374743227,0.914368494221789,0.962658411145758,"rpb-4"
-0.018697687880368,5.62643573237627,0.0116818950497373,0.915031361486974,0.963242225311471,"vav-1"
-0.0141469857301644,6.7531340239516,0.0115080381970945,0.91566343141026,0.963793485103424,"zipt-2.1"
0.0202500649282342,5.05468456145506,0.0114259528007847,0.915963585973487,0.963939048573301,"madd-2"
0.0220866522527271,4.69513690966289,0.0114109568059075,0.916018560498911,0.963939048573301,"T07C4.3"
-0.0167066286561276,5.56325369855351,0.0112873463476928,0.916472807912052,0.964281890801356,"tbc-9"
0.0262742841937799,4.06731626271204,0.0112634041920991,0.916561270853926,0.964281890801356,"Y32H12A.6"
0.0140320359040965,6.18092581041121,0.0111810088115099,0.916865634403963,0.964470118174258,"snr-5"
0.0169227309066025,6.02290751550184,0.0111423728337248,0.917008835562175,0.964470118174258,"csn-6"
0.0121423903875558,7.01056340592788,0.0111073971870527,0.917138677586034,0.964470118174258,"mrps-31"
0.0171596575138168,5.37954332872325,0.0110978745542532,0.917174091684102,0.964470118174258,"cdc-73"
0.0456695924871735,3.09815352492987,0.0109173762052927,0.917849045049702,0.965065735517609,"osg-1"
0.01453811844621,5.94940091609956,0.0108575538018876,0.918072324224872,0.965100928338191,"gex-2"
0.0268258529446043,4.08576294231031,0.0108193400676391,0.918216256500404,0.965100928338191,"Y69H2.15"
-0.0186214769046251,5.45237375814904,0.0108164268021784,0.918227062268506,0.965100928338191,"snrp-27"
0.0235346543420071,4.65553035961917,0.010749476612761,0.918479627887127,0.965100928338191,"T05F1.4"
0.00939909383869235,8.23841224300224,0.0107397628890748,0.918516250053785,0.965100928338191,"ncl-1"
-0.0235730909109079,4.58233710197687,0.0107351421784591,0.918533804476186,0.965100928338191,"npr-5"
-0.0157845489764763,5.82500707219706,0.0106921919735141,0.918696252943029,0.965144260650234,"C45G9.6"
-0.00991965659354878,8.23826375500558,0.0106668850336728,0.918792151855088,0.965144260650234,"wah-1"
-0.0114734006025548,6.81747052155265,0.0106325763611726,0.918922374845619,0.965167021234779,"farl-11"
0.0126918765312262,7.74007065889444,0.0105491525363479,0.919239886543235,0.965386467192996,"cox-7C"
0.0225002409801125,4.76838554843577,0.0104672592587622,0.919552883882891,0.965506192247756,"phf-14"
-0.0149664926233719,6.12633343290695,0.0104624936621891,0.919571075914295,0.965506192247756,"coq-6"
-0.021956750687082,4.662883852457,0.0103297039115365,0.920081317676726,0.965927853992652,"mcu-1"
0.0274082882836158,4.1792452061712,0.0102576621915997,0.920359570074471,0.966037459313296,"hcp-3"
0.0264092396173098,3.89921018170973,0.0102327730339671,0.920455997237639,0.966037459313296,"flp-33"
0.0143037137007453,6.82577415623786,0.0101981753112383,0.920589854227479,0.966037459313296,"grd-10"
0.0168947477726156,6.11354018848491,0.0101903213340989,0.920620334356266,0.966037459313296,"dhs-18"
-0.0206238925728432,4.95453421789051,0.0101039375552073,0.920956349161334,0.966276009015036,"W04D2.4"
-0.0236723563281661,4.24514897232809,0.0100109586192791,0.921319691345006,0.966472038609767,"ZK1240.2"
-0.0191552703614088,5.48031618077133,0.00995188440140322,0.921551251427372,0.966472038609767,"lin-9"
-0.017771373677578,5.28316856933071,0.00994409671275993,0.921581854032092,0.966472038609767,"T26A8.1"
0.0263798086590642,4.53521468929512,0.00988671891444936,0.921807691641984,0.966472038609767,"zipt-2.2"
0.020720565041427,4.54718046732329,0.00987176473998898,0.921866643097804,0.966472038609767,"H41C03.3"
-0.0101824630927037,8.09682808228653,0.00985000610402718,0.921952411761542,0.966472038609767,"K12C11.1"
0.026407205421206,3.92014068618216,0.00983318326782318,0.92201910074985,0.966472038609767,"F42H10.2"
-0.0135932364339072,6.18855753540205,0.00979784521782334,0.922158637663743,0.966472038609767,"F10G7.5"
0.0146368919442051,6.41666650837432,0.00977634608519601,0.922243792881338,0.966472038609767,"acs-7"
0.0143867293151408,5.76654937777206,0.00976850223685729,0.922274893144638,0.966472038609767,"F10E7.9"
0.020052928469464,4.90405104791239,0.00972586610793986,0.922444160176779,0.966472038609767,"set-14"
0.0263634528270077,4.32083332216576,0.00972501510967102,0.922447612151893,0.966472038609767,"K08F9.4"
-0.0103078679044874,7.47750723908033,0.00958726801569815,0.922996828292411,0.966933521897941,"slt-1"
-0.0164023333322744,5.5080520676303,0.00954628935351886,0.923161041063448,0.966991613583307,"gly-13"
0.0147501967200064,6.46795381126341,0.0094497757595211,0.923549145491564,0.967075315454068,"DH11.5"
-0.0125278874594074,6.27304521622433,0.0093903641471839,0.92378906060038,0.967075315454068,"F36A2.9"
0.013238261082669,6.3629338119236,0.0093239734408138,0.924058065046326,0.967075315454068,"coa-3"
0.0121601560309947,6.53611364151251,0.0093045654091028,0.924136885119709,0.967075315454068,"tin-13"
0.0160734339313231,5.55927506553308,0.00930393194095463,0.924139471615574,0.967075315454068,"flp-19"
0.0256898123305706,4.28621739465073,0.00927650778294663,0.924251102065772,0.967075315454068,"lgc-47"
-0.0119306567307354,7.47071824746026,0.00926908787805439,0.924281177988446,0.967075315454068,"F33H2.3"
-0.0231042582106076,4.2983242390378,0.0092636641888631,0.924303386374362,0.967075315454068,"F20D6.10"
-0.00848319272365946,8.31114453410385,0.00924577774932127,0.92437613660354,0.967075315454068,"tpi-1"
0.0159017352703833,5.61500986506456,0.0092057057267934,0.924539684836456,0.967075315454068,"nhr-66"
0.00843695936448945,8.4539997430286,0.0091959529117935,0.924579520308921,0.967075315454068,"Y43C5A.2"
0.0193066574916204,5.32869678297731,0.00918840121505729,0.924610424892089,0.967075315454068,"gbb-2"
-0.0150720529505649,5.51270075591681,0.00915507654441828,0.924746815389794,0.967075315454068,"F38B6.4"
-0.0230738226398097,4.26261571686917,0.009134907168145,0.924829600622772,0.967075315454068,"R10E4.9"
-0.0261772523138714,3.83159357795731,0.00912448294320993,0.924872501102906,0.967075315454068,"pst-2"
0.00844346225922463,10.4423224705869,0.00893712718440673,0.925645106851207,0.967769360890649,"K10C2.1"
0.00767464190022638,9.2222758661726,0.00880400048092151,0.926199258317505,0.96818469854395,"kin-2"
0.0188576373700852,5.10589816248941,0.00878944189662708,0.926260155867151,0.96818469854395,"T10B10.4"
0.0135728989990728,5.9278443982474,0.00870793756852585,0.926601772980532,0.968344500135062,"K11H3.3"
0.0107869884100273,6.9961793351545,0.00870101349666314,0.926630863474199,0.968344500135062,"unc-84"
0.0135219001507547,6.26120473200828,0.00854512792405446,0.927289087959067,0.968830878889596,"klo-1"
0.01604145070027,5.3461026325859,0.00853920734247947,0.927314225548359,0.968830878889596,"Y110A7A.9"
0.0100469094774256,6.96391874964281,0.00830952462547901,0.928295515393711,0.969681841559588,"mrpl-1"
0.0112078876735159,6.47022085297335,0.00829759706318739,0.9283468491008,0.969681841559588,"fzo-1"
0.0124740930629947,6.18568694499131,0.00822605950966871,0.928655505005789,0.969890296605952,"W03F8.4"
-0.00758619288355342,9.47923535637904,0.00815977340913741,0.928942701584005,0.970076293138759,"deb-1"
-0.015729986908089,5.28515761161485,0.00807110129497565,0.92932878042314,0.970305228621948,"B0524.6"
0.00735094519549242,11.0963217292386,0.00805932111398395,0.929380196484592,0.970305228621948,"ahcy-1"
-0.0305052327818913,3.80802625319552,0.00795163186363629,0.929852535522952,0.970603514472958,"lron-14"
-0.010142966412458,7.65538390016169,0.00794436780100234,0.929884235325684,0.970603514472958,"myrf-2"
0.01494174345829,5.27002142099161,0.00787498355517899,0.930190277318366,0.970808986458222,"F23F1.5"
-0.0147941970106969,5.33175476252337,0.00770941052304692,0.930926053087438,0.971385463298014,"vps-37"
0.0282968850639518,3.8753408707432,0.00770160337255678,0.930961144164028,0.971385463298014,"figl-1"
-0.0124758511504581,6.17155866721045,0.00767405839623158,0.931084163005496,0.971399823196651,"C37H5.13"
0.025388237228552,3.75859412386494,0.0076330956232656,0.931268113934264,0.971477742695007,"F32B4.5"
-0.0320465561967048,3.21111409746816,0.00756522029971292,0.931574112727726,0.971562934726193,"aph-1"
-0.0265927570130628,3.80822421568128,0.00754663765740531,0.931657420202201,0.971562934726193,"F55H2.7"
-0.0134534951498904,5.66127949810524,0.00754211643595212,0.931677604484931,0.971562934726193,"C50C3.5"
0.01025980068534,6.69208674118071,0.00751612981240498,0.931795089804041,0.971571495654712,"ifa-4"
-0.0181388329537334,4.63750374817619,0.00741697642133779,0.932245352637838,0.971842598709282,"rbm-3.1"
-0.01610205378982,5.23177972054282,0.00737441787052268,0.932439480102084,0.971842598709282,"snx-14"
-0.00785994785802353,8.39039824901455,0.00737396101532633,0.932441535866002,0.971842598709282,"lec-3"
-0.0147441015993512,5.50409664239737,0.00735181997862581,0.9325427969795,0.971842598709282,"egl-13"
0.0252234438468186,3.73457534947271,0.00732530059136728,0.932664522643266,0.971842598709282,"klp-20"
0.0245677577439615,3.78394699146888,0.00731517533878188,0.932710931817152,0.971842598709282,"F07A5.4"
-0.0143195992597732,5.33166238422606,0.00727838814194195,0.932879675990107,0.971904522993677,"F39H11.1"
0.0141350976185179,5.61482089103825,0.0071359308488751,0.933538116550367,0.972476554686505,"inx-1"
-0.0153393786327179,5.74837843528195,0.00709095246195422,0.93374738139971,0.972564804846547,"magu-2"
0.0156826216114329,5.07066451201724,0.00706485577663116,0.933869129193643,0.972564804846547,"dhs-17"
0.0196386423515644,4.44280383743656,0.00704062455488849,0.933982406382623,0.972564804846547,"Y106G6E.4"
-0.0177617670901643,4.41087060652812,0.00702146684151845,0.934072068737532,0.972564804846547,"F53H1.3"
-0.0116898027985564,5.8701217626117,0.00699323339750577,0.934204345594548,0.972564804846547,"ags-3"
-0.0123699866180808,5.81114952354954,0.00696966778928347,0.93431502740289,0.972564804846547,"T07D3.9"
0.010985849886387,6.4355852353584,0.00695403545859579,0.934388546057722,0.972564804846547,"C11D2.4"
0.0162287290185854,5.31706611982473,0.00683030992435369,0.934973453834183,0.973059695427803,"ZK632.12"
0.0097707047793225,6.81361174729464,0.00674913287412687,0.935360084048415,0.973314267861744,"ubc-1"
0.0226460915809688,3.94178651862011,0.00670354093616529,0.93557845414273,0.973314267861744,"F35C11.4"
0.011543867629816,7.28931453431493,0.00669916884674657,0.935599229738989,0.973314267861744,"mec-17"
-0.0120974227513751,6.10672164631238,0.00668734714814023,0.935655949546094,0.973314267861744,"cgr-1"
-0.0106849864447304,6.20579611187718,0.00663854628023652,0.935890606137569,0.973444475803595,"F52A8.1"
-0.013961174211379,5.2508598444795,0.00656765950737098,0.936233036199495,0.973686738197416,"crls-1"
-0.0089948362669003,7.60104496211159,0.00648138515795763,0.936652265073998,0.973689351929237,"rpl-34"
0.017493476088714,4.83650231329256,0.00647022519838733,0.936706750676424,0.973689351929237,"dnc-4"
0.00824905410249659,8.83663620319522,0.00644630577410276,0.936823538485932,0.973689351929237,"rpl-6"
0.0153241976013435,4.89456976307727,0.00641945728923569,0.936954987726161,0.973689351929237,"F21G4.1"
0.00724166872500741,8.76733456477683,0.00641279744814139,0.936987580663092,0.973689351929237,"atn-1"
0.0154612578481924,5.58541782484061,0.00639596862123052,0.937070146549889,0.973689351929237,"nhx-5"
-0.0112840713542633,6.05040967332826,0.00636230365168024,0.937235603493848,0.973689351929237,"saps-1"
0.0158749734058142,4.89380507387077,0.006354802311369,0.937272567358227,0.973689351929237,"gop-1"
-0.0145026339162123,5.23938432108021,0.00634348590330894,0.937328303867901,0.973689351929237,"mec-18"
0.0237118391974817,3.89844546036451,0.00634303675257766,0.937330689816931,0.973689351929237,"arle-14"
-0.0206743671907034,3.98647309546038,0.00627314772276281,0.937676106628821,0.973934376639818,"ifta-1"
-0.00847403008435835,7.29029600882276,0.00623910880178601,0.937844889346355,0.973995901317421,"F52H2.6"
-0.00985188266287504,6.46564786963415,0.0061697151434936,0.938190763842331,0.974241308260005,"ttr-6"
-0.0112541245189455,5.72349269180755,0.00605528757271771,0.938765404388006,0.974622482170817,"T01D3.1"
-0.0255351837833491,3.85210705652208,0.00605301465921205,0.938777070893137,0.974622482170817,"F36H9.4"
-0.00949835597403238,6.42961163999124,0.00596670084034691,0.939214025927586,0.974745353835832,"unc-37"
0.0125983743858056,7.01622062040636,0.005965989787394,0.939217638219493,0.974745353835832,"mpz-1"
0.0124884197317099,5.71122083034347,0.00596467682297291,0.939224321933593,0.974745353835832,"tbc-17"
0.0177506203266349,4.70655928579587,0.00587101259936781,0.939702448445338,0.975076190600003,"ZK1236.1"
-0.0130886786803448,5.39858818028009,0.00585930489952298,0.939762442610665,0.975076190600003,"snx-1"
-0.00756997567041077,9.31989731029535,0.00577891415995811,0.940176241622064,0.975257787172813,"ndk-1"
0.00906436026226335,6.58104915417406,0.00577462248505596,0.940198421021681,0.975257787172813,"ufd-2"
-0.0107814870088679,5.85339584523567,0.00576145009426824,0.940266533758335,0.975257787172813,"syg-1"
0.0218268804771137,3.65669672466433,0.00571481331448921,0.940508576308948,0.97531048771197,"gras-1"
-0.0205438535506949,3.89994197178294,0.00570937483816298,0.940536736209923,0.97531048771197,"inx-20"
-0.00733289189659057,8.60749078042873,0.00565333271453594,0.940828525816836,0.975499291316326,"ubr-4"
0.0214333212330914,3.75678836477502,0.00562480355489307,0.94097796047164,0.97554046718206,"ser-4"
0.0159470679755397,4.41089710273896,0.00556629653519655,0.941284969493823,0.975621083546798,"C26B9.1"
0.0120526564890401,5.72453914287868,0.00553673979601507,0.941440691478862,0.975621083546798,"Y60A3A.9"
-0.00940109060529198,6.4911364300261,0.00553012061088217,0.94147563146004,0.975621083546798,"Y43E12A.2"
-0.0120747641904528,5.58658345830948,0.00552152099019439,0.941521074278606,0.975621083546798,"B0457.2"
-0.00629524737181456,9.11506417825108,0.00550576817606211,0.941604377225855,0.975621083546798,"pcca-1"
0.0069279062204487,7.92049644089707,0.00545779626769491,0.941858847378692,0.975771033796779,"fars-1"
0.00998536315346208,6.83759718280937,0.0054260191906795,0.942028035122707,0.975832606346963,"Y51H1A.3"
-0.0167015198074957,4.95352528894626,0.00535800492316741,0.942391862792022,0.976095765620208,"F08D12.7"
-0.0195374839710778,3.92239515183517,0.00529510453192545,0.942730515116954,0.976332790903301,"supr-1"
0.0124669569978744,5.56108348703548,0.00514262307832372,0.943559459051811,0.977077469185843,"F21D5.6"
0.00968460686107098,6.10453628422509,0.00503674037457302,0.944142473061716,0.9774652901781,"F10A3.17"
-0.0213153881251222,3.87536062838432,0.00501677073806353,0.94425329720316,0.9774652901781,"F35A5.2"
0.0220417391113289,3.65780779233794,0.00501489377565046,0.944263792300045,0.9774652901781,"ttr-54"
0.00745777534320704,7.77802057196218,0.00492544498733432,0.944761970165304,0.977867133497057,"math-33"
-0.0137919137755176,4.73877959767803,0.00490164563402477,0.944895403152978,0.977891401400667,"mob-3"
0.017142361751676,4.53147777344614,0.0048276981079566,0.945311952416183,0.978208632324521,"clec-264"
0.0229495750229041,3.65826702549294,0.0047577351914898,0.945709201260434,0.978365788025129,"nlp-76"
-0.0100074601126478,5.72271415131749,0.00473390790324518,0.945844843753163,0.978365788025129,"M70.4"
0.0192801413041419,3.65580990349403,0.00470264626962944,0.946023908421642,0.978365788025129,"flp-27"
0.0151944971308484,4.76307449318171,0.0046923851599682,0.946082515557452,0.978365788025129,"sel-12"
-0.0130178397641,4.97663926703426,0.00468515619602409,0.946123984037576,0.978365788025129,"taf-12"
0.0160857562868168,4.48683869024531,0.00465026820406274,0.946324657831152,0.978365788025129,"Y105C5A.8"
-0.0126702342706321,5.55636683559002,0.00464741089440942,0.946341071290651,0.978365788025129,"R04E5.8"
0.0135237180590738,4.98259513965212,0.00464688123391846,0.946344143180307,0.978365788025129,"sto-4"
0.00948651943645833,6.80638734257485,0.00459250200473578,0.946658478735338,0.978530231941866,"spp-15"
-0.0158909746704932,4.51570551157365,0.00458133562383299,0.946723321916987,0.978530231941866,"dagl-2"
0.0114797131289469,5.87355125221259,0.00456202250187284,0.946835503496756,0.978532426082722,"tra-2"
-0.00708002903343048,10.9900749266345,0.0045287105241406,0.947029644207797,0.978619312721004,"dig-1"
0.0070364493584906,8.24389298491037,0.00449615218733885,0.947220097493259,0.978702369182169,"ubq-2"
-0.0114975184022134,5.2234770753938,0.00447366152298078,0.947352088359855,0.978713529348313,"ttc-37"
-0.0100896511129813,5.76259955967139,0.00444199704050079,0.947538435205756,0.978713529348313,"nhr-120"
0.00948601747375608,5.71417950317158,0.00440884868933321,0.947734245951806,0.978713529348313,"alh-10"
0.0077320108566023,6.56717587622087,0.00440198151419851,0.947774897093941,0.978713529348313,"T19C4.1"
0.0118899426222263,5.27881151558556,0.00440090446848355,0.947781294307612,0.978713529348313,"Y51A2D.18"
0.00800790409096667,7.35190725496565,0.00433089057953081,0.948197677443774,0.978839375576777,"dhs-9"
0.0106207581445132,5.93526830815635,0.00430462340333682,0.948354778074334,0.978839375576777,"mrps-18B"
0.00786182855755127,6.86049468515375,0.00430316157331415,0.948363529968483,0.978839375576777,"cpna-5"
-0.00781194328110997,6.85617677686839,0.00426110004753196,0.948616133315205,0.978839375576777,"fubl-2"
-0.0170896357438344,4.44570935607888,0.00425969988063594,0.948624627931273,0.978839375576777,"nhr-14"
0.00654444319427558,7.7086999027485,0.00425386431945286,0.948659710088361,0.978839375576777,"atln-1"
0.00831866087257711,6.30811103875674,0.00425152459836358,0.948673816144988,0.978839375576777,"nlp-21"
-0.0141694312867835,4.71394836600716,0.0042222233675409,0.948850768109619,0.978908352200351,"drl-1"
-0.0141307837628525,4.54507081665813,0.00416101635570383,0.949222329544183,0.979178063809877,"sel-8"
-0.00595117093503685,7.92553486694191,0.00408774251175888,0.949670699162662,0.979419873362999,"iars-1"
-0.0179197196618623,3.96635787234482,0.00408673118815633,0.949677058628098,0.979419873362999,"nas-32"
-0.0134686615005429,4.4869682674963,0.0040360403078838,0.949989607139196,0.97962857771684,"Y69A2AL.2"
-0.0082776892457906,6.10856021336106,0.00392223493552196,0.9506986905453,0.980138348475417,"T19C3.4"
0.00870585372652549,6.50848996347948,0.00392131964451014,0.95070443338792,0.980138348475417,"dot-1.1"
-0.00608146253658989,7.49666763478437,0.00385597000595092,0.951116357047987,0.980449336871148,"spk-1"
0.00560564013345563,9.28748219914173,0.00381695912687095,0.951363929664916,0.980590853077993,"Y69A2AR.18"
-0.00699749637518242,7.14565148145084,0.00377250836332714,0.951647584297615,0.980635377937988,"arrd-25"
-0.0162518836785454,4.06654577732747,0.0037703999479258,0.951661193268814,0.980635377937988,"nhr-256"
-0.0105286457632218,5.43721600769938,0.00375076829923433,0.951786936887791,0.980635377937988,"Y6B3B.4"
0.0159065904333763,4.34426772834272,0.00373600067473964,0.951881877085539,0.980635377937988,"bath-26"
-0.0104723299238499,5.19118322585317,0.00370819833229861,0.952060968510495,0.980635377937988,"unc-119"
0.0211313779512444,3.75872991628034,0.00370643226118672,0.952072539768804,0.980635377937988,"C32C4.1"
-0.013042227456811,4.48778416463383,0.00368991278827422,0.95217919443692,0.980635377937988,"sdha-2"
-0.0114411899353802,5.06859723197512,0.00366331156954227,0.952351625896429,0.980699363660546,"Y69A2AR.21"
-0.00917183833524047,5.66085840731688,0.00362821093680816,0.952580143564124,0.980821083547033,"swsn-2.2"
0.00815277587570832,6.53073776797901,0.00359269686877956,0.952812494910702,0.980946722122632,"ash-2"
-0.00644158885354839,7.42436355705068,0.00354264854245213,0.953141908362081,0.980997029359687,"cec-1"
-0.0194588842078382,3.98972538969239,0.00353320190377469,0.953204472654235,0.980997029359687,"Y55F3AM.11"
-0.0060524584864588,10.3186199206839,0.00352328295882596,0.953269996315633,0.980997029359687,"myo-1"
-0.00918204854057899,5.72508475302918,0.00349626847189514,0.953449280640927,0.980997029359687,"ekl-6"
-0.0213657175720478,3.38054055686109,0.00348634392844153,0.953515689246823,0.980997029359687,"C50E3.6"
0.0102630866239507,5.29302998975943,0.00347688263364164,0.953578367335207,0.980997029359687,"W06F12.2"
0.0113638597145639,5.21280447975051,0.00343080654961923,0.95388661622411,0.980997029359687,"ace-1"
0.0125389582337417,4.72966740305725,0.00342918088380196,0.953897548646371,0.980997029359687,"cal-8"
0.0133478668724807,4.66308206882105,0.00342269001967127,0.953941153030564,0.980997029359687,"T18D3.1"
-0.0119774422193879,4.91395235979427,0.00341918237405856,0.953964718911692,0.980997029359687,"oig-8"
-0.00648125277544812,7.12699665188292,0.00337629339923728,0.954253982937454,0.981181006394923,"T19B4.3"
0.00576647540776603,7.68371559894598,0.00335026055942253,0.954430475460659,0.981249000615255,"ubr-5"
-0.0112937496505613,5.62816470709474,0.00332292734918869,0.954616540022519,0.981314552404277,"gstk-2"
-0.0198797179713443,3.44400296769196,0.00329893975726435,0.954780770856031,0.981314552404277,"Y54E5A.8"
0.00983061069494589,5.10707671576493,0.00328764233409058,0.954857873195002,0.981314552404277,"zip-3"
0.00654163228207851,7.33760676312363,0.00325545813586713,0.95507909987453,0.981314552404277,"pbs-4"
0.00692655103133231,7.42522605164625,0.00325331371044097,0.955093879696334,0.981314552404277,"rps-20"
0.0108414606717082,4.75271127927444,0.00322913858241199,0.955260885238711,0.981314552404277,"lin-39"
-0.00793856803165931,7.42395532718671,0.00322827313381411,0.955266837370264,0.981314552404277,"let-19"
0.00920349954298478,5.31890404472175,0.00320607699684847,0.955420728489068,0.98135925334985,"F12F6.7"
0.00938294921715606,5.63118433978775,0.00318971214498608,0.955534512694292,0.981362752958871,"cdk-11.1"
0.00662906045179105,6.68294564763985,0.00313558708692723,0.955912961648179,0.981587709375267,"rpb-6"
0.0123725392821678,4.79941562569386,0.00312413948522654,0.955993456292481,0.981587709375267,"C10G8.8"
-0.0149787343929892,4.02964202821056,0.00309422707133719,0.956204482459004,0.981587709375267,"ZC13.1"
0.0044407299725231,10.1598089398528,0.00308296352596814,0.956284069249946,0.981587709375267,"F49E2.5"
-0.0118968787854729,4.76365463310014,0.00307273391966976,0.956356615643425,0.981587709375267,"Y92H12BR.2"
-0.0111158021484349,4.80097471127223,0.00306437362467618,0.956415962919575,0.981587709375267,"nhr-47"
0.0143158840421266,4.17488216303982,0.00302853694195202,0.956671342629358,0.981676722513665,"twk-46"
0.0112267761197357,4.82407392306947,0.00302121534262991,0.956723639356085,0.981676722513665,"nsy-7"
-0.00747923612002054,6.21200853952192,0.00300581552121166,0.956833930638108,0.981676722513665,"F37C4.6"
-0.00846876762000087,5.72416817661715,0.00297444494974276,0.957059543424811,0.981690572449334,"T23H2.3"
0.00493928341082918,9.0057368633974,0.00292995932194282,0.957381519065391,0.981690572449334,"ctsa-1"
0.0068382389650621,7.88460328500376,0.0029268556889222,0.957404074558154,0.981690572449334,"rps-14"
-0.00665303290430861,7.05651499077501,0.00292551171239075,0.957413848378934,0.981690572449334,"F41G3.10"
0.00822541651678964,5.93640650553672,0.00291814245449106,0.957467468203103,0.981690572449334,"C09G9.1"
0.0089754348199392,5.89183855804809,0.00290820526065408,0.957539874625219,0.981690572449334,"M57.2"
-0.0134148226316367,4.08670988761846,0.00289719608063121,0.957620327843108,0.981690572449334,"K05B2.2"
-0.00446510095342315,9.05678732251319,0.00286736741912124,0.95783873784949,0.981801270258222,"T13C2.6"
0.0108874606047195,4.82669297968326,0.00283961140407335,0.958043122693861,0.981897568169581,"twk-24"
-0.00696242156666362,6.25008210618672,0.00282071262996464,0.958182810291134,0.981927543372346,"T23G11.7"
-0.0138001979975068,4.06633479838712,0.00273295781662289,0.958837895705897,0.982367729296926,"M01E11.1"
-0.00427459976429578,10.913373022414,0.00271851003946561,0.95894663863568,0.982367729296926,"sca-1"
0.0054482261746895,8.43717135711626,0.00270610149785808,0.959040350264912,0.982367729296926,"rpl-13"
-0.00916211767127436,5.27531303512278,0.00270425759388232,0.959054312259286,0.982367729296926,"Y72A10A.1"
0.00731612011626293,5.99423050460068,0.0026467641454075,0.959491491405584,0.982702321171184,"pde-6"
0.00466655885109465,8.07944372846968,0.00263011099600849,0.959619005583562,0.9827197164989,"ucr-2.1"
-0.0158668776798704,3.56073475867164,0.00261550739120964,0.959731398090062,0.982721623910946,"Y5F2A.4"
0.00870225903488213,5.19989724080562,0.00256943954703795,0.960087072964853,0.98297261235957,"ZK632.11"
0.00630004446902848,6.85824230138196,0.00255031149497919,0.96023576617542,0.983011651936173,"sql-1"
0.0157095898124883,3.62797327506527,0.00251783536375873,0.960489732979835,0.983105471625096,"ceh-34"
-0.0114083691808994,4.66652120273054,0.00250791430817552,0.960567420216785,0.983105471625096,"djr-1.1"
-0.01000983962562,4.8139580826641,0.0024713237599047,0.960855880698889,0.983105471625096,"klf-1"
-0.00552325258728629,7.32792314180576,0.00246982997938984,0.960867673712988,0.983105471625096,"trap-4"
0.00700264898102124,6.21196079884483,0.00243456904878051,0.961147780496408,0.983105471625096,"qars-1"
0.00756188684915295,6.08513336244106,0.00243204274599465,0.961167927369389,0.983105471625096,"zip-4"
-0.00497384731057877,8.10181505298996,0.00243197432000274,0.961168467352236,0.983105471625096,"sup-26"
0.00568101066609118,7.49466404402911,0.00242652048910182,0.961211996944883,0.983105471625096,"tns-1"
0.00684798425573593,5.88850022944665,0.00241220185954305,0.96132651684967,0.983109507857191,"pis-1"
0.00728196906854591,6.09715109055969,0.00239495811184123,0.961464876822233,0.983137920624092,"cle-1"
0.00755705660720875,6.33707709714216,0.00235720832514471,0.961769528187929,0.983336347184784,"C34D10.2"
-0.00792256188180611,5.81696839975043,0.00231979539104201,0.962073887747336,0.983430548395294,"C34F11.8"
-0.0211580870248388,3.50243859845166,0.00230898325092497,0.962162539340429,0.983430548395294,"Y8A9A.2"
0.0100956692740799,4.64933367644314,0.00228646760220773,0.962347119857188,0.983430548395294,"gcy-22"
-0.00648695686593377,6.14223080665845,0.00227998338436109,0.962400473231521,0.983430548395294,"cdk-12"
0.00441473220534409,8.73705159596899,0.00227825487029325,0.962414711684563,0.983430548395294,"phb-1"
0.00647196023811975,6.76643594022605,0.00224270650577571,0.962708863604856,0.983517478369979,"F45H10.2"
0.00772317685276683,5.55242247936951,0.00223264615804269,0.962792539589463,0.983517478369979,"F58H1.7"
0.0088146099774924,5.33956096695032,0.00222795272467338,0.962831642304836,0.983517478369979,"rict-1"
-0.00666231948814059,6.09087297507696,0.0021605180752807,0.963398020592599,0.983982975426628,"gex-3"
0.00732184152674797,5.69255844952151,0.00211688410054497,0.963769239767404,0.984176355512242,"C49A9.3"
0.00583154101654285,6.42889581825089,0.00211002088659014,0.963827972248019,0.984176355512242,"plp-1"
0.00849896782668617,5.04589434188768,0.00209935784435301,0.963919435811562,0.984176355512242,"rfl-1"
0.00838407732808221,5.03601233963637,0.00207839135718204,0.964099926378605,0.984247611141598,"gei-6"
0.0149156118067846,3.54471799590456,0.00205329753654208,0.96431734129452,0.984356542072282,"ZC449.4"
0.0125659371125403,4.13695005249515,0.00197808346503655,0.964976387851124,0.984916205301842,"ndx-1"
-0.00956389182766806,4.76638589383087,0.00194486676562853,0.96527145017876,0.985104277265766,"K11C4.2"
0.00861040093193267,4.70070366281566,0.00190344122709127,0.965643052341651,0.98526737121165,"bir-1"
0.00586550023944429,6.12651054928709,0.00186400823724533,0.966000534601118,0.98526737121165,"H11E01.3"
0.00526874973749021,6.33255159481466,0.00185939697824238,0.966042586996214,0.98526737121165,"D2045.2"
-0.0094285429474577,4.84920775694425,0.00185641366140424,0.966069843286604,0.98526737121165,"dgk-5"
-0.00636100433199945,5.9867063676116,0.00184906118860672,0.966137038047405,0.98526737121165,"F14B8.6"
-0.00681758727301136,5.53889523175354,0.0018455225220931,0.966169439352903,0.98526737121165,"mrps-12"
0.0162565221122601,3.62920128287241,0.00183992939349058,0.966220871323905,0.98526737121165,"col-118"
-0.0103406906522298,4.16484994155492,0.00182120017367813,0.966393023501471,0.98526737121165,"psmd-9"
0.00900715737241691,4.92233619085207,0.00181245901720441,0.966473674354004,0.98526737121165,"M176.4"
0.014070688423743,3.45795632577813,0.00180537553478408,0.96653942320414,0.98526737121165,"hse-5"
0.0140686788403621,3.42536035386653,0.00175641644210167,0.966995974396261,0.985619764800774,"lin-8"
-0.00869556600302458,4.70770615334465,0.00173220964456635,0.967223838472027,0.985700553340584,"scd-2"
-0.0058235402769052,5.80416562250217,0.00169971764642734,0.967532485910563,0.985700553340584,"mnat-1"
0.00521961244296003,6.14281606907208,0.00169217276845107,0.967604581354569,0.985700553340584,"F35G12.12"
-0.00753730715875923,5.32533129250043,0.00168546298938502,0.967668842398326,0.985700553340584,"ubc-6"
0.00675156758185279,5.27722441834386,0.00168161000262439,0.967705797753121,0.985700553340584,"Y106G6G.2"
-0.00334750869279229,9.19088728782552,0.0016780019997443,0.967740426286127,0.985700553340584,"fum-1"
0.00645064478758655,5.8658655735372,0.00162027839137927,0.968299835580474,0.986048116023571,"T13H5.1"
0.00955424059743325,4.11654107645915,0.00159982427518345,0.968500510901875,0.986048116023571,"smg-7"
-0.00717909624807898,5.37153196477432,0.001599721361635,0.968501465546105,0.986048116023571,"Y64G10A.7"
0.0132265599141646,3.45671169715683,0.00159732404265942,0.968525272436604,0.986048116023571,"nhr-109"
-0.005638711700827,6.11448735611181,0.00155282630152916,0.968966319674495,0.986384193751538,"nlp-14"
-0.0085184949366755,4.87877739078532,0.00150759093702092,0.969421456762317,0.986734536013024,"C46F2.1"
-0.00982461354865064,4.10815697520676,0.00149390287529867,0.969560564565392,0.986763161578628,"mdt-18"
0.00503179724783531,6.17514632955866,0.00147801301893326,0.969722733232237,0.986815247930391,"F53A9.8"
0.00715116246685986,5.01750338058869,0.00146172712639712,0.969889932663998,0.986872441212589,"T06F4.1"
0.00775995660084599,4.8117437042877,0.0014444548626046,0.97006827176504,0.986940954830412,"R119.2"
-0.00690100953504942,5.31236182313578,0.00142403951885424,0.970280428482622,0.98704385464977,"R02F11.3"
0.0132788346315478,3.39652016498616,0.00138607322937427,0.970679307091593,0.987306195274219,"R05H10.3"
0.00767560763675063,5.21197469295463,0.00135828070463996,0.970974396136276,0.987306195274219,"rskd-1"
-0.0109079450361597,3.69498232772121,0.0013555351056581,0.971003850256037,0.987306195274219,"uvs-1"
0.00929380064651694,4.13515168252858,0.00134999625764006,0.971063054752243,0.987306195274219,"F26C11.1"
0.0114294223512541,4.11860617662963,0.00133950885100918,0.971175620539164,0.987306195274219,"ncs-5"
0.00591472673304207,5.29222196319378,0.00132032026238424,0.971382674145895,0.987306195274219,"ceh-32"
-0.00987204825915379,4.30455675440998,0.00131855484557701,0.971401838732,0.987306195274219,"nlp-35"
-0.00512978215672366,6.00888520083978,0.00131626036489926,0.971426678243041,0.987306195274219,"snt-3"
-0.00311352253520676,8.25908027502374,0.00120560526861499,0.97265355434517,0.988365419924281,"rps-11"
0.00637499350753123,5.61225325441852,0.00120228778245589,0.972691196078895,0.988365419924281,"ced-5"
-0.00730962158526095,4.84974650923201,0.00117475682128145,0.973005559806992,0.988571869757053,"K11D12.7"
0.00739359846141677,4.77535382463901,0.00115807952700999,0.973197780215223,0.988654189201731,"wts-1"
0.00597759116931769,5.70221617670166,0.00112658568104152,0.973564572049825,0.988671955719625,"rnp-1"
-0.00861992231035157,4.32344032594201,0.00112606457649638,0.973570720568413,0.988671955719625,"F02E9.7"
0.00578625453108521,5.23246631058679,0.0011255936037452,0.973576215943266,0.988671955719625,"ubxn-6"
0.00800897470896115,4.0778729242626,0.00111846276176145,0.973660065716009,0.988671955719625,"cye-1"
-0.00529168799279687,5.96090974125999,0.001082352756696,0.974088531101297,0.98899407674108,"best-13"
0.00324975604903453,7.74622302034042,0.00104958052243805,0.974483678471895,0.989282300216216,"tax-6"
0.0065516956305703,4.76356641741061,0.00101798717955967,0.974870527203194,0.98932602446475,"piki-1"
-0.00329537513848814,7.34226234957266,0.00100613305058368,0.975017196077779,0.98932602446475,"pqe-1"
0.00449966336555657,5.73053270940734,0.000991059176210278,0.975204987165087,0.98932602446475,"rab-39"
-0.00593205852477933,5.29596773584381,0.000990611464198356,0.975210591692252,0.98932602446475,"Y17G7B.3"
0.00314420116343301,7.77923784316591,0.000983907957388275,0.975294570005776,0.98932602446475,"pqn-83"
0.00738198176483728,4.09723119969096,0.000977401423999319,0.975376421497569,0.98932602446475,"Y53C12A.3"
-0.00760798175035694,4.30494038501156,0.000961557711575218,0.975576728006118,0.98932602446475,"srw-85"
-0.00946926625309406,3.6681174958106,0.000961337054584429,0.975579605136772,0.98932602446475,"fbxa-90"
0.00429163689049777,6.24612076797336,0.000960047191659187,0.975595875419176,0.98932602446475,"F38A5.2"
-0.00686403410852742,4.71855584878297,0.000956620119268263,0.975639476156442,0.98932602446475,"T01H3.2"
0.00452519406824752,5.95821441739587,0.000937370742049991,0.975885717449378,0.989361365785389,"B0361.3"
-0.00664754905442576,4.65468620683795,0.000936504201923167,0.975896882008533,0.989361365785389,"algn-2"
0.00593713372488322,5.00931151041016,0.000913593347992024,0.976193435305026,0.989415011948303,"nra-3"
0.00555355521025392,5.39848191726021,0.000901331388416069,0.97635368027958,0.989415011948303,"gls-1"
-0.00626617679264251,4.65596631163914,0.000892482579065412,0.976470018542021,0.989415011948303,"rbbp-5"
-0.0103975118229658,3.66962010431388,0.000885815819913078,0.976558127120125,0.989415011948303,"tsp-17"
-0.00356829058469184,6.36143829866489,0.000875903069224036,0.976689511620978,0.989415011948303,"catp-6"
-0.00471255693240753,5.69422450648841,0.000872825597575064,0.976730488150142,0.989415011948303,"C17H12.2"
-0.00626084786866359,5.66557015235224,0.000868179332257931,0.976792486768182,0.989415011948303,"W02D3.4"
0.00268905075514388,8.43694768845539,0.000856603890699346,0.976947666759213,0.989415011948303,"isp-1"
-0.00473995032715099,5.57732708311613,0.000849490804859062,0.977043554941958,0.989415011948303,"cwn-1"
-0.00610203277308522,4.85973422379763,0.000848080384275315,0.977062625678338,0.989415011948303,"osta-3"
0.00386114591513697,6.4703754621882,0.00081356963987607,0.977534015163482,0.989779629748151,"raga-1"
-0.00396113485611158,6.26439677694257,0.000790475902737598,0.977855077693532,0.989969767155501,"nova-1"
0.00240400221713801,8.74908016251525,0.000773708862451542,0.97809113091588,0.989969767155501,"ctsa-2"
-0.00636164898992324,4.21897013155216,0.000768199863705526,0.978169288689324,0.989969767155501,"F41B4.2"
-0.00286493246551465,7.23602302061346,0.000755629573946621,0.978348549654569,0.989969767155501,"hipr-1"
0.00424584025180162,6.47824890105785,0.000754556395926902,0.978363927069303,0.989969767155501,"nduf-5"
-0.00496023869383543,5.46557653613661,0.000752166554572253,0.978398213053655,0.989969767155501,"nep-21"
0.00387530260500349,6.32485912109708,0.000745008407078327,0.978501216259424,0.989969767155501,"F23H11.4"
-0.0044996520648494,5.67604970611293,0.000727729442195876,0.978751927276541,0.990110750417081,"C35D10.6"
0.00932659015890415,3.2634850771231,0.000702779149157091,0.979119473602622,0.990369879385769,"nhr-190"
0.00533877473906617,4.90823278981726,0.000683878649554011,0.979401896905089,0.990542858080213,"trpp-3"
-0.00449269221084147,5.30485445028307,0.000668038777205612,0.979641777016196,0.990672775187784,"dct-6"
-0.00505098570028029,5.25620679007293,0.000646571604414219,0.979971475173014,0.99069292796239,"C32D5.7"
-0.00627522581410913,4.18399678159726,0.000640412661418304,0.980067103884901,0.99069292796239,"dhhc-10"
0.00289357028126081,8.96191308659188,0.000638527227241232,0.980096421361446,0.99069292796239,"rpl-24.1"
-0.00301294340026359,6.90541416222543,0.000637822230291881,0.980107411354987,0.99069292796239,"snet-1"
-0.00234087121677619,8.92488000410796,0.000609314181287164,0.980556953083477,0.991034033897017,"cpr-1"
-0.00456902062391042,5.40209710346585,0.000602385280013416,0.980667802297374,0.991034033897017,"T05E7.1"
-0.00835295323905456,3.64541412978136,0.000591289587901689,0.980846725986078,0.991102198061396,"R02D5.8"
-0.00761676776136117,3.61641057754736,0.000577393731724711,0.981073082779975,0.99121827034054,"taf-6.1"
-0.00690473584106215,3.72229735318558,0.000554985037152557,0.981443905235624,0.991372629084577,"acy-2"
0.00271004237877757,7.82024754190451,0.000551161854456951,0.981507838485159,0.991372629084577,"daf-5"
-0.00665660054901452,3.74648909729764,0.000541533476147504,0.981670116434607,0.991372629084577,"dhhc-2"
-0.0029962668390287,6.25717230107286,0.000541425333414707,0.981671873406886,0.991372629084577,"C09F5.1"
0.00786912152926177,3.22697532789207,0.000529189086139875,0.981880330385132,0.991466924441483,"ddl-2"
-0.00379191704870021,5.64933000992408,0.000522890079098631,0.981988273156192,0.991466924441483,"mlk-1"
0.00399743509889216,5.88644273173382,0.000509038859146482,0.982228393135381,0.991516687523881,"rde-1"
0.00342093803283992,5.6748717145464,0.000500808568324435,0.982372622322919,0.991516687523881,"Y56A3A.22"
0.0022575482524271,7.60226373049135,0.000497607643253284,0.982429031685378,0.991516687523881,"dpy-21"
0.00614662239515898,4.20836293740431,0.00049452096530915,0.982483637058306,0.991516687523881,"T25F10.3"
-0.00329232692297272,5.78686912652027,0.000488031111817621,0.982598905223496,0.991520470587005,"klp-3"
0.00277311229774687,6.14096896334375,0.000470992209101091,0.982905318936228,0.991717111967998,"cwc-15"
-0.00632283455319427,3.74706480514468,0.000436222687639304,0.983548360279343,0.9922496369859,"D1044.6"
0.00382149496063852,5.40363242983681,0.000425999150703593,0.98374219768749,0.9922496369859,"Y49E10.21"
0.00487476314438643,4.49630529490588,0.000424652930358862,0.983767916998167,0.9922496369859,"F35H10.6"
-0.00296644419421614,6.08359609645482,0.000407493342449103,0.984099190786881,0.992471178004328,"flcn-1"
-0.00189142222087868,8.02104321758665,0.00037395210435596,0.98476755652363,0.992893136903352,"T14G10.5"
-0.00304520102519112,5.50440280698195,0.000371011783702933,0.984827556652024,0.992893136903352,"pnc-1"
0.00293115847886965,6.09237813664383,0.00036978715294805,0.984852612119071,0.992893136903352,"yap-1"
-0.00307674608568562,5.7102547986969,0.000363083153259328,0.984990529725757,0.992919591813119,"rap-1"
-0.00187255691929617,8.88267833453977,0.000351435705747139,0.985233205142244,0.993051629851455,"nurf-1"
-0.00445280453527434,4.29079033197967,0.000344005560344553,0.985390146395183,0.993097233235046,"ncs-6"
0.00509243514780383,4.0180063966021,0.00032522624586254,0.985794485665298,0.993392131026881,"swp-1"
-0.00372206330748956,5.02264661740091,0.000306961076370728,0.986199078812075,0.993570342204918,"nlp-17"
0.00176841356076179,8.06403333226163,0.000300846955827782,0.986337192256535,0.993570342204918,"F56A8.3"
0.00432570412725676,4.07746538119076,0.000294543306716183,0.986481105435556,0.993570342204918,"ser-3"
-0.00423526124667941,4.25426409264069,0.00029146612760243,0.986551893726042,0.993570342204918,"D2023.3"
-0.0028938740941497,5.48008311818991,0.000286169736000168,0.986674608576997,0.993570342204918,"nhr-70"
-0.00232791846128093,6.04816533465729,0.000281843201261557,0.98677571177456,0.993570342204918,"pqn-25"
-0.00191595203998518,6.68267493639845,0.000277268844915226,0.986883455496605,0.993570342204918,"C45G9.5"
0.00217160685919671,6.04394958180807,0.000271062275237595,0.987031077820488,0.993570342204918,"cwn-2"
-0.00340204165109707,4.80379303976485,0.000269599143961722,0.987066131789982,0.993570342204918,"C30G12.2"
-0.00255309781638128,5.46846366499212,0.000266690622747106,0.987136075682999,0.993570342204918,"mob-4"
0.00438166891522447,3.93329286785001,0.00026402371634341,0.987200585202817,0.993570342204918,"cutl-26"
0.00178956475427351,7.3420168554026,0.000254901934944401,0.987423575488709,0.993682287455587,"snf-11"
-0.00269797068206667,5.943662694139,0.000250333190927076,0.987536783707446,0.993683741958228,"trx-4"
0.00397583438138619,4.0582718711125,0.000226975939197343,0.988132434946361,0.994170587202455,"che-11"
-0.0037850978158156,4.1997406111997,0.000185636201111689,0.989267363875496,0.995199833923629,"F25B4.4"
-0.0040359208552537,3.84396834742918,0.000163196713446142,0.989936899408514,0.995592201001236,"F08G2.8"
0.00145234800015322,7.2008327484701,0.000161640034503006,0.989984971808456,0.995592201001236,"nduf-6"
0.00349669931535283,4.15393816326443,0.000161252112213713,0.989997016161777,0.995592201001236,"Y110A7A.21"
0.00156925683367123,7.4327011500974,0.000156414467812622,0.990148177454619,0.995592201001236,"rpl-25.1"
0.00223629476192865,4.9427564154173,0.000152040357049717,0.990286905362556,0.995592201001236,"ced-4"
-0.0033512724151418,3.74661501310293,0.000144216670709494,0.990540133366033,0.995592201001236,"sto-2"
-0.00259964596485553,4.37081086032821,0.000141171198055468,0.990640520437607,0.995592201001236,"F55D12.1"
-0.00239736355820456,4.65755697173214,0.000133882553141675,0.990885320178078,0.995592201001236,"F32B6.3"
-0.00132608445411457,7.56383004190249,0.000131932110540577,0.990951944705514,0.995592201001236,"ssl-1"
-0.00196847552123204,5.28080079351963,0.00013007110127756,0.991015987272976,0.995592201001236,"saeg-2"
-0.00287010763144874,4.70975195947225,0.00012824743630389,0.991079191239837,0.995592201001236,"C04E7.3"
0.00186463400295496,5.61924929375828,0.000128212499845426,0.99108040042806,0.995592201001236,"F09G8.7"
0.00285155578295463,4.38753444338711,0.000125255279447161,0.991183871795139,0.995592201001236,"K08E7.6"
0.00121808866617224,7.73968994795708,0.000124086747733125,0.991225077411196,0.995592201001236,"fce-1"
0.0015735253348296,5.60009303852503,0.000109289350553157,0.991764868591764,0.996021850971351,"csr-1"
0.00209636893360321,4.82957632876137,0.000104772717716758,0.991936829676127,0.996082036667093,"cof-2"
-0.00266448027792012,3.77067845927347,9.65596681302068e-05,0.992259324352127,0.996230405668408,"sox-3"
0.00151371187892119,6.23485286430177,9.29225377318655e-05,0.99240647475092,0.996230405668408,"epg-5"
0.00146252487710134,5.70211881867145,9.18148240194775e-05,0.992451870260923,0.996230405668408,"pink-1"
-0.00247284987004696,4.5677995508651,8.93340931491492e-05,0.992554542770728,0.996230405668408,"ador-1"
0.00173701121922751,4.86458384709896,8.42932707349776e-05,0.992767644665177,0.996230405668408,"CD4.1"
0.00277390265380727,3.97306186452194,8.36715107129295e-05,0.992794381398292,0.996230405668408,"sas-1"
-0.00212683491183546,4.40195602422878,8.1948963909084e-05,0.992868926400603,0.996230405668408,"scpl-3"
0.00102533236812488,6.9012888308427,7.12816451896589e-05,0.993349206931477,0.99659984188984,"nep-11"
-0.000842846387271023,7.65221096888675,6.61660705221718e-05,0.993592292618966,0.996731250555706,"C44B7.11"
0.00241114987184277,3.95675967821682,5.99383515792342e-05,0.9939013090328,0.996777414282759,"M01F1.9"
0.000658098878448087,8.97670465580413,5.92502837217603e-05,0.993936397169574,0.996777414282759,"cox-4"
0.000890066765327764,7.01204528369728,5.70089177447493e-05,0.99405219030366,0.996777414282759,"M03C11.8"
0.000783735984398216,8.57446659684632,5.63482392512653e-05,0.994086754295942,0.996777414282759,"rho-1"
0.000560587055204406,10.3944386200591,4.98773724645534e-05,0.994436628938668,0.997015794755717,"ftt-2"
-0.00179513512436494,4.59248547642776,4.20285183485455e-05,0.994893087550234,0.997321181936193,"ftn-1"
-0.00168813251134559,3.88729556219809,4.08441222500858e-05,0.99496557010168,0.997321181936193,"F17E5.2"
0.000717433000450213,6.44535484198105,3.38362313284008e-05,0.995417753931194,0.997661960342943,"unc-34"
0.00154350440544323,3.8196167626252,2.7320443982565e-05,0.995882531714226,0.997866775444834,"R144.3"
0.000426344778182983,9.54559129664365,2.49356192908432e-05,0.996066327311918,0.997866775444834,"vha-20"
-0.000688753551603424,6.28001292889395,2.46859104395226e-05,0.996086073385032,0.997866775444834,"cyp-29A2"
0.000973704646500532,5.38699842597506,2.46548122259676e-05,0.996088540397615,0.997866775444834,"Y74C10AL.2"
0.00117795393645372,4.35651730144465,2.34750505765758e-05,0.996183275092605,0.997866775444834,"R10E11.6"
0.000609222016053774,6.09058592511453,1.7666492171279e-05,0.996688964863142,0.998242069368167,"C07A12.7"
-0.000675548803258464,5.30696946938803,1.66825889965935e-05,0.99678248699253,0.998242069368167,"vps-39"
0.000403639757818671,6.98797422116436,1.41664566162481e-05,0.997035035188634,0.998382531575869,"C18H9.6"
-0.000639848206571506,5.05327379078756,1.29669730860155e-05,0.997163334651663,0.998398559503145,"F49C12.6"
0.00113054781308522,3.88582366913388,9.96905564973277e-06,0.99751277615808,0.998635974870115,"dmd-9"
0.000403192361163574,6.31076173764676,8.60672178235837e-06,0.997688956018742,0.998699899567961,"exc-5"
0.00062068138823677,3.99439913797058,5.25753774199704e-06,0.998193742457566,0.99909271239336,"Y53G8AR.5"
-0.00040468887407105,5.28058601683273,2.83044710444216e-06,0.998674690984406,0.999208895222952,"Y92H12A.5"
-0.000265569646330554,5.3727376646975,2.61476248575466e-06,0.998726186649057,0.999208895222952,"glna-1"
-0.000216757239421019,6.03492809467266,2.52262759919842e-06,0.998748829931119,0.999208895222952,"W06A7.2"
-0.000363430573643617,4.72170140116702,2.452451120909e-06,0.998766356596498,0.999208895222952,"tes-1"
0.000216390755645498,5.70855781234319,2.05133716913316e-06,0.998871742294634,0.999208895222952,"nhr-173"
0.000130612758555441,5.20382277853765,6.38925242159822e-07,0.999370327390158,0.999503842822709,"cox-11"
0.00022052900983376,3.84102646333175,5.05245164858205e-07,0.999440062486532,0.999503842822709,"ZK1248.19"
-0.000195760846730967,3.93357773892362,3.96699043159089e-07,0.999503842822709,0.999503842822709,"nhx-1"
