"logFC","logCPM","F","PValue","FDR","gene"
-6.7685932963892,7.74829815706685,232.037136686004,2.22744612985673e-26,1.09256232669473e-22,"mlt-11"
-9.63906627954211,7.20311596018159,189.698800577252,3.58641619421185e-23,8.79568571630457e-20,"col-17"
3.29155464930065,8.3865275944107,169.770330334293,5.50712403183185e-22,9.00414779204507e-19,"gst-24"
-5.9912238694531,7.52617185572818,160.449677800569,2.05228930122515e-21,2.51661975562734e-18,"F41F3.3"
-5.900603578966,7.19130478647381,154.89285114597,4.9811091480592e-21,4.88646807424608e-18,"cut-2"
-7.16437331885775,6.52137447272276,115.351726838277,1.47957846505873e-17,1.20955539518551e-14,"sqt-3"
-6.9666446926897,6.33275691028024,101.495523081974,3.25503224882029e-16,2.28084759720908e-13,"rol-8"
-3.46360594217992,7.10518959315005,96.7653770615437,1.07647264357954e-15,6.60012289594705e-13,"noah-2"
-5.0126319213224,6.59277659829753,93.981246442179,1.78312945139546e-15,9.71805551010525e-13,"col-41"
-6.96819280816649,6.32927426232954,92.181453077456,2.97201910293884e-15,1.4577753699915e-12,"dpy-13"
-8.61303787355044,6.20342717927688,92.3104555078931,3.88008713027416e-15,1.73016612490861e-12,"sqt-1"
-4.12349991154636,6.57396548961268,87.9313291279418,8.87017241573663e-15,3.62568297493235e-12,"sym-1"
5.7996530259119,6.36043158873882,85.4401124766899,1.24800729134405e-14,4.70882751080197e-12,"pgp-8"
-5.5087121745054,6.17653344886791,84.3056869249655,1.6416293113344e-14,5.7515655514966e-12,"col-73"
-8.26369433099005,5.88281866362146,81.1280549084025,6.18814480289222e-14,2.02352335054576e-11,"F30H5.3"
-8.3172636518701,5.92696041846211,80.234521088417,7.78456473601465e-14,2.35417851056117e-11,"col-90"
-6.5469702246427,5.94625778819417,79.1038938583451,8.15923235056878e-14,2.35417851056117e-11,"dpy-8"
-3.73724090229041,6.54610159989329,78.9806948424965,8.92364192412025e-14,2.43169242432277e-11,"fbn-1"
-5.77069892637579,5.9443030876787,72.3522540095272,4.10377770041506e-13,1.05942261160715e-10,"ZK180.5"
-5.70539816517792,5.89109570589059,71.7583185269263,4.84417430226177e-13,1.1880337476297e-10,"dpy-4"
-8.25715445645993,5.868871388312,72.8236251766721,5.4975697264745e-13,1.28407521468369e-10,"dpy-5"
-3.7827319753551,6.38178775962502,68.0729674913472,1.72136738150119e-12,3.83786682102879e-10,"noah-1"
-4.49966775283832,5.88741336764835,57.3125898631775,3.64065779811896e-11,7.76409847816239e-09,"asp-12"
-2.86124477281832,6.53498646997843,54.2784434916676,1.034747008464e-10,2.1147641985483e-08,"lin-42"
-6.05985932083611,5.49806153166633,52.3438038949208,1.82446200074788e-10,3.57959444546735e-08,"abu-14"
-4.95855126673354,5.67287989170865,49.7668416035948,3.67190429593273e-10,6.9271886813654e-08,"grl-16"
-3.63633090134337,5.87565370342178,46.6113706076652,1.17335224848784e-09,2.13158991808624e-07,"Y47D7A.13"
-4.71405968591226,5.47919785076689,42.4664774364533,4.2567216381134e-09,7.24786212208262e-07,"ptr-4"
-7.41393628580088,5.12538448863605,43.0406455981952,4.28517842080318e-09,7.24786212208262e-07,"lpr-3"
-2.79763012564318,6.29255326749277,42.5875275811052,4.631964805751e-09,7.57326245740289e-07,"C09F9.2"
-7.332442702646,5.05426022793032,40.2091471159173,1.12480472443662e-08,1.77973134624568e-06,"mlt-8"
1.46031594008618,8.10105092705962,39.4825957232199,1.34931339861086e-08,2.06824444380822e-06,"mrp-2"
1.85688325485622,7.26163333579957,39.2533648041523,1.46257118559443e-08,2.17391262586081e-06,"C29F7.2"
-2.59692859678288,6.2012822624558,38.0605979302718,2.23080984970679e-08,3.21827126847406e-06,"K10D3.4"
1.53729492887611,7.80691352969916,36.3949476846677,4.03190083962219e-08,5.49619000555096e-06,"Y66D12A.9"
-0.841423105347949,11.4902831136152,36.3932891515961,4.03390092150529e-08,5.49619000555096e-06,"icl-1"
1.22993108170859,8.79554762637162,34.2359870597149,8.82425336026012e-08,1.16980980356962e-05,"cth-2"
-7.08228982763977,4.85254879584886,33.0937034715773,1.41739626925648e-07,1.82956018439554e-05,"wrt-2"
-1.38787072755428,7.7715514169072,32.4477991236405,1.7083325743383e-07,2.14855673772548e-05,"dpy-6"
-4.75966665111919,5.07063172353954,31.6877198626057,2.10298423101123e-07,2.57878441327752e-05,"dao-2"
2.83084319278885,5.96916521536129,31.6004605326695,2.33438075514803e-07,2.77176852761711e-05,"ugt-16"
-1.0053586255124,9.29776485019494,31.568543262815,2.37337977899936e-07,2.77176852761711e-05,"K08D12.6"
-2.93625173847051,5.67996246739704,31.4162880245085,2.50408621713022e-07,2.85640532442412e-05,"col-125"
-1.80397946873606,6.70067031116092,29.2224014117886,5.78725161827993e-07,6.45147026992342e-05,"acs-2"
-2.22492840720603,6.25497379859397,28.8561552799358,6.66906722777172e-07,7.26928327827118e-05,"T19B10.2"
-2.50460702869349,5.85371452655559,28.4582330458267,7.77586796025533e-07,8.1805368568259e-05,"fkb-5"
-3.70010596591782,5.22039937758019,28.338732601497,7.83863878227966e-07,8.1805368568259e-05,"mlt-10"
1.9025313074669,6.81692832276927,28.2191115409446,8.5264566463372e-07,8.71297288547582e-05,"pgp-1"
-1.53542606119678,7.16283946224569,27.0715714820711,1.33336281161375e-06,0.000133472338591131,"Y54G2A.11"
5.10022320175781,5.06239649914668,26.6180607850219,1.57479287453786e-06,0.000154487180992164,"gadr-6"
-2.74805366459814,5.62279603244318,26.5860808756982,1.61109222297499e-06,0.000154949163797889,"cdh-12"
0.727915910167119,10.9765110427176,25.8470404159382,2.16195613107599e-06,0.000203930669671687,"F55F10.1"
-1.04168031230561,8.32520489330119,24.9621739911684,3.07755933106047e-06,0.000284819406016068,"mua-6"
-6.71842379209272,4.56204069907258,24.9276287174308,3.22916870885405e-06,0.000293316157720909,"dpy-7"
1.12348057076074,8.1230780646146,24.5351434661838,3.65362407937339e-06,0.000325836838351391,"Y61A9LA.10"
-3.24379402677318,5.25144302513128,24.2391312783731,4.05524302428386e-06,0.000355195839894863,"F10D11.6"
-0.76683130485138,9.84251305514951,23.0842869434321,6.58259725672796e-06,0.000565917130367957,"metr-1"
-1.60434297605818,6.68720339345401,23.044522776571,6.69178258131325e-06,0.000565917130367957,"nlp-24"
1.36964671489228,7.38670216866132,22.9424524606157,6.97651190277669e-06,0.000579996455646096,"elo-5"
1.18390502641382,7.7455526764508,22.8631465897819,7.20665305727987e-06,0.000589143887432629,"dcaf-1"
-1.33037900452285,7.23554122342646,22.2624755797758,9.226218969899e-06,0.000741878754874665,"mua-3"
1.05348594775177,8.0609257651888,21.7277491915911,1.15108645156515e-05,0.000910657910472105,"rop-1"
1.6374788844035,6.60997314225785,21.4256487890449,1.30565053858304e-05,0.00101654220503966,"C48B6.2"
-0.671424992993343,10.5984697228551,21.1456312004519,1.46677734104795e-05,0.00112414732153753,"fasn-1"
-0.92878432837783,8.52667451786461,20.563225709799,1.8722976184098e-05,0.00140309482825934,"atg-2"
0.751576195270042,9.7960364824467,20.5434070327818,1.88795634383519e-05,0.00140309482825934,"nog-1"
0.970649411233841,8.28964595494415,20.1578945164094,2.22110179452809e-05,0.00162395857829446,"pgp-14"
0.896949246047342,8.54548233245602,20.1258605746544,2.25135949692198e-05,0.00162395857829446,"ivd-1"
-0.751204116737276,9.58363690792946,20.0165946987213,2.35780547877349e-05,0.00167609215556289,"lrp-1"
-1.77614794741335,6.11602203316281,19.9794550837491,2.39647596376909e-05,0.00167924494318391,"lys-4"
-2.23614854802988,5.58950780057824,19.7632986136053,2.6262646385255e-05,0.00178926387033822,"dod-24"
1.02893888369525,7.95607615878604,19.7620072704193,2.62644237847811e-05,0.00178926387033822,"lys-2"
0.810353469460564,8.95142153677589,19.0508860964528,3.55603163588695e-05,0.00238936098274321,"npp-3"
-1.26135255127845,7.1434450114381,18.898077921477,3.79670369339809e-05,0.00251659886704293,"ilys-5"
1.09168713257444,7.64950521621656,18.4155095091412,4.67195099280565e-05,0.0030554559492949,"lpd-6"
-0.659877469232543,10.0412276945725,18.2529143059047,5.01142795473121e-05,0.00323434922604692,"mnk-1"
-0.792882482620653,9.01942753444992,18.165344924108,5.20475398961945e-05,0.00331549588559525,"gln-3"
-0.87563549469265,8.38799195333563,18.0187754630718,5.54566100386903e-05,0.00348736759281764,"act-2"
0.550974492638685,11.5770080468796,17.9042442643872,5.82791551973593e-05,0.00361847159801326,"K07H8.10"
1.0374376505842,7.68795848861095,17.5528466478554,6.79001072201219e-05,0.00416312532393372,"rpoa-2"
-0.617170475780116,10.4146180336001,17.4841245598386,6.99631087035225e-05,0.00423665491593553,"acer-1"
-0.528083201899837,12.1638658191934,17.2885298656433,7.61998239560001e-05,0.00455805044517293,"hsp-90"
0.979798149221019,7.84492139191494,16.7224408612647,9.76792827606089e-05,0.00577249255350345,"eif-2A"
-0.792591638504649,8.82668929751221,16.6881743728404,9.91628312542355e-05,0.00579040103930983,"wnk-1"
-0.676529929694085,9.50547500678599,16.3213133240206,0.000116594112710547,0.00672816615112041,"cpt-1"
1.1473602407866,7.27558434228533,16.1147321332213,0.000127773477035605,0.00728754540534469,"W07E6.2"
-1.20047350385098,6.99932395921268,16.0092653353197,0.000133898021488199,0.00748779052894291,"epg-9"
1.03174657764278,7.54792437211951,16.0018492551174,0.000134337526309271,0.00748779052894291,"T02H6.1"
1.39377554176357,6.49872558118839,15.6186151112332,0.000159371084562068,0.0087833165143477,"Y17G7B.21"
-1.73652162946397,5.77620676859004,15.5492454818935,0.000164439649428464,0.00896196089385128,"txdc-12.2"
1.24484316926008,6.84340760347097,15.4884820644492,0.000168890552110873,0.00910338635278939,"K10C3.5"
-2.21171305462846,5.23814686567722,14.8544128882315,0.000224389697294367,0.0118777022710649,"F44E2.4"
1.52367598719104,6.16668096838021,14.8484667231198,0.000225204140919274,0.0118777022710649,"ugt-45"
1.05404938572524,7.79254233782761,14.6688158701549,0.000244142947120914,0.0127395867620009,"Y42G9A.3"
0.808308655281355,8.24789204806579,14.6037700031813,0.00025143102696315,0.0129817809184658,"npp-9"
-2.91567465225655,4.83369939438758,14.520886424291,0.000258762928564197,0.013221168381327,"aagr-4"
1.46456445337815,6.38294635920778,14.450761972623,0.000269544932713655,0.0136300813913452,"C29F3.7"
2.18193150002798,5.37863351466375,14.3867463177363,0.000276918961887219,0.013828744414515,"sna-2"
-0.886288760972491,7.84852061127129,14.3733382165863,0.000279112272586542,0.013828744414515,"col-39"
1.08024749171421,7.15590604907426,14.0696197500267,0.000320475699276162,0.0156563963981254,"let-858"
0.630857930923802,9.56103327542899,14.0565154040218,0.000322384512988922,0.0156563963981254,"ama-1"
-1.3417178499417,6.36547879222941,14.0221375917758,0.000327515386488161,0.0156747000664441,"nac-1"
1.28724860969749,6.61794877178237,14.0112467472645,0.000329152723107796,0.0156747000664441,"gst-5"
-2.06644596316214,5.30575549793417,13.9647388388218,0.000336178697379201,0.015855351063894,"umps-1"
-1.87401506969841,5.52991784957849,13.831072581703,0.000357511291762536,0.0167008846294785,"egrh-1"
-1.06764288053465,7.09401376538329,13.7808656584435,0.000365655933547198,0.0169202108872548,"col-80"
1.91655880593331,5.56627839464156,13.7134437004322,0.00037705225377149,0.0172844981752258,"T02B11.4"
1.25186760926582,6.70094216148335,13.6289004770124,0.000392053105009949,0.0178057451858685,"vab-8"
-1.07424025502364,6.99145460214004,13.4844741144069,0.000418902830848223,0.01885062738817,"T27D12.1"
1.59501643721913,5.98361750396369,13.3716139429607,0.000441389055753182,0.0196819392588124,"M01G5.1"
-0.818711529986771,7.98430959825981,13.2298130077347,0.000471009449449322,0.0208135256716119,"clec-1"
-0.594802877494478,9.69247647639504,13.0210509140694,0.000518696674624902,0.0226530116117717,"rpl-1"
-1.46892673538125,6.0468131686099,12.998320887426,0.000524294659784602,0.0226530116117717,"oac-46"
-0.566662191294398,9.88282311910479,12.9646119849408,0.000532425960990366,0.0226530116117717,"cpr-4"
-1.13705643069095,6.77567190760907,12.9573764981009,0.000534233362520245,0.0226530116117717,"C31C9.2"
1.17048604832762,6.79649632597135,12.9514041897848,0.000535728714977678,0.0226530116117717,"gst-7"
-0.779069371245457,8.41930462496973,12.8587646348023,0.000559195863570506,0.0234432112035327,"C34E7.4"
-1.86358669103802,5.39534233132305,12.7828951747848,0.000579432919972833,0.0240857497666673,"alh-13"
-1.81938184906292,5.43808539462897,12.7372251712644,0.000591882376681318,0.0243964962825367,"moe-3"
-2.22053389036417,5.04065714862178,12.7149104900891,0.000597120382093802,0.0244072956180842,"col-48"
1.13021062129014,6.87472823353591,12.6511047507698,0.000615852167221933,0.0249649163654842,"nlp-16"
1.32784448440624,6.31161168986927,12.6300657734189,0.000622004535999936,0.0250076413858991,"F13H6.3"
-0.453338573008341,11.8165327840769,12.6069979637926,0.000628589893015472,0.0250669384165926,"rpl-3"
-1.31502460980556,6.2973976652419,12.3169499858554,0.000719742666905677,0.0284704659771964,"cpz-1"
-2.2581374185338,4.95573585584537,12.1575021969536,0.00077418393838353,0.0303789777421697,"txdc-12.1"
-1.74885576155733,5.4522385181025,11.8764769527236,0.000885184634549794,0.0344589732735455,"Y38F2AR.9"
0.920172444052401,7.61243632347942,11.8421666033789,0.000899270433995674,0.0345798004485271,"clec-186"
-0.533447640869537,9.87688066393151,11.8347931548986,0.000902388268585415,0.0345798004485271,"sams-1"
-0.701724555913294,8.51234391365972,11.8046155533593,0.000915310668571816,0.034803091700347,"cpl-1"
-2.67826680894928,4.67327257317749,11.7693392252963,0.000925014222158412,0.0349014981514385,"cdh-10"
1.65832515362938,5.6782682116228,11.5915023070694,0.00101241306456149,0.0379075273410238,"ZK1055.7"
-0.669454102227383,8.52377985950822,11.5488338637824,0.00103279961510398,0.0383778947885229,"sti-1"
1.69873040297916,5.57216327975743,11.425883036578,0.00109484549518455,0.0403775725855656,"npp-24"
1.46543765362174,5.89726691945843,11.4063813854861,0.00110522358772756,0.0404561320731618,"rsd-2"
0.736704522030312,8.15120222506074,11.3135698563963,0.00115463293215062,0.0419516632014724,"sumv-2"
1.3337356524749,6.16737055964626,11.2692579086619,0.00117944017901361,0.0425378976328071,"gtf-2F1"
1.26250765727394,6.40698552497178,11.2532252801079,0.00118836372030885,0.0425468908621526,"C17E4.11"
0.931125672065208,7.25018160836136,11.2187698748885,0.00120785491722792,0.0427918303447738,"ugt-22"
1.09795991129844,6.67247853568114,11.2105244367769,0.00121265329621275,0.0427918303447738,"pgp-3"
-1.77866941345859,5.342999258575,11.1856862077461,0.00122734435765515,0.0430008862449894,"grd-3"
1.30648539899041,6.2172660208326,11.15634241218,0.00124448120936803,0.0430979197053611,"T20B12.3"
2.01099285259416,5.25969979256629,11.1481345084012,0.0012476869721022,0.0430979197053611,"cyp-33A1"
0.707354677730136,8.30629621594785,11.0722636178374,0.00129509858860482,0.0441586617595349,"dmd-6"
-0.696178532568948,8.27985792830792,11.0701534593434,0.00129640107917901,0.0441586617595349,"ahsa-1"
-1.43922432068849,5.80450723751194,11.0241213740195,0.00132549330999637,0.0448382392105668,"acn-1"
1.26186930902363,6.25719448595758,10.936648396386,0.00138190547340233,0.046426344842729,"K07F5.14"
1.52078634776803,5.7692650326297,10.8983330470468,0.00140761625225592,0.0469684198456822,"npp-2"
-0.637508627853551,8.69855583560712,10.749534559212,0.00151109070934774,0.0500804049280451,"catp-7"
-0.786528548991093,7.82046333158093,10.6644535292947,0.00157402462267404,0.0518160454645381,"C14C6.5"
1.04951721493082,6.74696874649941,10.641638651661,0.00159142141134983,0.0520394801511394,"Y52B11A.10"
1.24611880098022,6.22788803549856,10.5831378086601,0.00163695794765446,0.0531740313459943,"K01C8.1"
-0.810086667992886,7.57474060948593,10.534595942688,0.00167535017408335,0.0538381747949091,"del-6"
-0.875828649707104,7.27817455972943,10.5296385811979,0.00167935591103386,0.0538381747949091,"Y71H2AM.4"
-0.772768980566522,7.81621082185732,10.4196102796471,0.00177069646283181,0.0561296296784564,"suco-1"
0.731531633435205,7.98660542535448,10.4160707196778,0.00177371918453838,0.0561296296784564,"pro-2"
0.946349510347396,7.10219149822873,10.3625509180856,0.00182010889504006,0.0572284239113556,"JC8.2"
-1.23493378606234,6.18905948242735,10.3393561209451,0.0018407097526301,0.0575075244372651,"mrpl-51"
1.2693960430126,6.13122625911333,10.2970889446664,0.00187883052285309,0.0583269855354077,"T14B4.1"
-0.710437100663323,8.26343676976154,10.282340718927,0.00189191914556565,0.0583639208113178,"F26F12.3"
0.722692138372936,8.03554082487719,10.2617621950753,0.00191082396530524,0.0585786971863889,"pyr-1"
-0.543192057800993,9.36889751824001,10.1980318590586,0.00197060067094343,0.0600360018073139,"R07H5.8"
1.16115805946835,6.4850967775488,10.1457587339942,0.00202124932910536,0.0609407174077303,"atl-1"
0.872261156894946,7.34988736522061,10.1234061902805,0.00204310054298596,0.0609407174077303,"nstp-2"
0.827484036554928,7.50383017433912,10.1230678280207,0.00204342975572503,0.0609407174077303,"irg-4"
0.62315091841944,8.60006410776038,10.1164297818459,0.002049993551942,0.0609407174077303,"rpb-2"
1.35818004176726,5.92757003183617,10.0764777221919,0.00209055537495947,0.0617721332179289,"smgl-2"
-0.780341569281655,7.62769842685845,9.94621511316312,0.00222644768741978,0.0653935683041558,"ugt-12"
-0.46041868881353,10.552102735629,9.93195207821407,0.00224191473840001,0.0654559035229289,"rpl-7A"
1.32171103390643,5.94412362287471,9.91396817880402,0.00226209947536594,0.0656544256015971,"D2023.6"
1.73183490317062,5.4305230096865,9.88097261235839,0.00229796560188845,0.0663030663368403,"npp-16"
1.452090287972,5.71642359430394,9.80937267670465,0.00238023328156652,0.0682751125501975,"ari-1.4"
0.693507990654733,8.12707273156214,9.79646660956982,0.0023946735506774,0.0682899637562364,"daf-16"
1.54835401648205,5.6756761678189,9.75410081794054,0.00244512992972058,0.0689927755455728,"nbs-1"
0.938801405467912,6.94743060340999,9.75176982381837,0.00244745014167781,0.0689927755455728,"mel-46"
1.28721435790657,6.00985558210925,9.69460162207229,0.00251707849180457,0.0705501142988651,"ttr-5"
-1.04194127658603,6.4748642054116,9.65013986320497,0.00257189763728273,0.0716770335844987,"rbm-26"
-0.86509823823354,7.20223242310531,9.52350449225099,0.00273608841982818,0.0755366264105416,"B0303.3"
-0.596210826594152,8.76027109074775,9.51968227684095,0.00274118644262516,0.0755366264105416,"cct-8"
-0.76205504358413,7.70686777269889,9.4783422670019,0.00279725264558726,0.0766509733329916,"T28B8.1"
-0.798318138346681,7.41566867945626,9.46365797293526,0.00281745613275769,0.0767756796176469,"F53B3.6"
0.612576178818462,8.47803720913248,9.39876278342284,0.00290852188002413,0.078654423170234,"puf-12"
0.778056051777551,7.63448705308701,9.39164340266897,0.0029187133869948,0.078654423170234,"sut-2"
0.99823895131678,6.67305580750746,9.36991265999899,0.00295010471162523,0.078654423170234,"C05C10.2"
-0.82567740962548,7.42097379030292,9.36954182507771,0.00295054309140123,0.078654423170234,"C05C8.7"
0.678873299129029,8.02931968490072,9.30389075399975,0.00304721502698192,0.0806165504441823,"alh-6"
-1.17219538538643,6.07223505796703,9.29752447945887,0.00305701903825034,0.0806165504441823,"idh-2"
1.42597307731555,5.71560535927724,9.28296357063924,0.00307938755569981,0.0807721709128746,"Y53F4B.21"
0.72475581437333,7.83984358599828,9.25767280397675,0.00311724990735564,0.081330376572231,"Y51F10.7"
1.28033525796248,5.96093060078426,9.22773921672794,0.00316407633762903,0.0821153144765629,"F33H2.2"
1.16205675915626,6.19587904862328,9.13245165804838,0.00331588911041871,0.0851976105793044,"T04H1.2"
-0.574566138196325,8.67705138749793,9.13117494337726,0.00331758279727771,0.0851976105793044,"dnj-19"
1.04793446736128,6.61829807466575,9.07057338233226,0.00341840597108378,0.0868827406442611,"H43E16.1"
-1.28658436390471,5.88138215752007,9.06847344262134,0.00342226219526713,0.0868827406442611,"tyr-4"
1.5732461248984,5.47100261614787,9.06004131896838,0.00343634081243357,0.0868827406442611,"mrp-6"
-0.892077420959159,7.06329088311508,9.03896518311264,0.00347205000932087,0.0870236295683271,"cec-5"
0.809073549576746,7.35518978687083,9.028824795673,0.00348947581396644,0.0870236295683271,"F55F8.2"
1.09651964306569,6.32592761869425,9.02569703595191,0.00349513863913567,0.0870236295683271,"E04F6.4"
-0.627605332311692,8.34677041550436,9.00012930331719,0.00353927165546572,0.0876774114649463,"cebp-1"
-0.641733394330572,8.18512106260724,8.92104798645044,0.00368044355358207,0.0907164604538696,"fkb-6"
0.786888789660378,7.68130835720249,8.89589061399141,0.00372658294845154,0.0913944468107739,"swt-7"
1.23515579193863,6.08393919943598,8.87889848822195,0.00375859899748852,0.09172103523722,"dnj-11"
0.890568729526523,7.1181713499924,8.86092146411766,0.00379173068423773,0.0920198799361039,"Y45F10D.7"
-0.844637736721523,7.12338667340537,8.83703480881324,0.00383686997289043,0.0920198799361039,"F47D12.9"
0.512741275365052,9.30087250172923,8.83694255834744,0.00383700764162276,0.0920198799361039,"K01G5.5"
0.605778626348721,8.36906936297012,8.83228331005757,0.00384588692903187,0.0920198799361039,"C14C10.5"
-1.19632367850632,6.00542206507565,8.77288492098261,0.00396124629457779,0.0942841951388098,"bmk-1"
-0.725360778080106,7.64811223686928,8.7637206392145,0.00397896603338097,0.0942841951388098,"F11E6.3"
-0.6804702454969,7.87153923695092,8.73388970854498,0.00403834239687755,0.0952311031571364,"asns-2"
-1.656500558104,5.19980579679526,8.69252165368026,0.0041229007864181,0.0967599442936879,"col-170"
-0.422344159187803,10.8528958002279,8.67706564568806,0.00415400204244429,0.0970256191342346,"vab-10"
-0.786526512019404,7.36564246772659,8.64161543625935,0.00422793814261784,0.098284533599718,"T04C4.1"
0.59035398191035,8.48148630826826,8.61258337103557,0.00428945686358265,0.0992442731880796,"Y48B6A.1"
1.94870670103495,4.98472654367691,8.54474516900214,0.00443052622779979,0.102026906795108,"Y45G5AM.3"
0.651888135852523,8.07408743865732,8.52625922054901,0.00447801214303307,0.102374941823276,"ddx-27"
-0.717257917013484,7.68819907006688,8.52207046939143,0.00448738277105084,0.102374941823276,"trap-1"
0.48808787079052,9.40316324989864,8.4458358616444,0.00466141772266388,0.105492170278804,"uba-1"
0.54844292468408,8.74400691662448,8.44342706464816,0.00466703383292567,0.105492170278804,"lam-2"
-1.34526116068393,5.66354694337815,8.42957763678564,0.0047002789295814,0.105756275915581,"mes-4"
1.5130700557116,5.49666065484796,8.35784452578693,0.00487161819658494,0.108860247678539,"T28H11.8"
-0.845368734328798,7.13634189743955,8.35313037606831,0.00488262069098442,0.108860247678539,"his-24"
0.731404532454548,7.59296886083625,8.32428653019675,0.00495362002859651,0.109943467150524,"mac-1"
0.660626566821216,8.07122467074188,8.30870237016977,0.00499242078271509,0.110305513239719,"C24H12.4"
0.629005780577802,8.11915488935852,8.2874373731367,0.00504589484434002,0.110564328601808,"Y94H6A.5"
-1.66167513984866,5.12152443843333,8.28634703961062,0.00504921704522017,0.110564328601808,"F37A8.5"
0.733770072409267,7.50552134645018,8.24289154517268,0.00515987557218597,0.112485287473654,"ddb-1"
-0.886805494121478,6.98813966932326,8.09885147700996,0.00554708241413094,0.120391324076603,"T28F4.5"
0.876759882155915,6.91240198209098,8.06917275621506,0.00563059005279539,0.121665392991019,"npp-11"
1.24587759234969,5.85756951117264,7.98407216003606,0.00587809834364102,0.12645645778754,"F31C3.2"
-1.85191118761463,4.89988220599942,7.92759179606908,0.0060452852869731,0.129485259094336,"gcl-1"
1.09782055487588,6.11455172811286,7.90910649806513,0.00610437467101442,0.130182425049242,"H14N18.4"
-0.456590732602955,9.56308204935776,7.89531489303784,0.00614643180282918,0.130511896073061,"cct-6"
-1.40445562246932,5.40802773451487,7.87297435298473,0.00621752114271555,0.131452332780258,"gss-1"
-0.370220115967609,11.6519680064521,7.83800066800821,0.00632711627231149,0.132852974470474,"rpl-26"
-0.708033640920313,7.63211777235716,7.83463033047671,0.00633794006648131,0.132852974470474,"alh-9"
1.59395304701394,5.26657611350443,7.79908768011207,0.00645207446187944,0.134443220466458,"mdf-1"
0.528142362313171,8.85253184816942,7.79218802512955,0.00647552843055531,0.134443220466458,"F44E7.4"
1.42804201252368,5.51469913070389,7.78619874719365,0.00649603328247719,0.134443220466458,"Y67D2.7"
-0.47888589380432,9.57821273015276,7.77057036460124,0.00654680708765151,0.134610970812854,"col-144"
-1.03095698347013,6.19050025198638,7.76697703947636,0.00655902589689542,0.134610970812854,"mtm-5"
0.696974676575202,7.59201636305095,7.72970165888869,0.00668384652772091,0.136168408690655,"ugt-62"
0.594546314015382,8.35335341447639,7.72775149728054,0.00669043557481099,0.136168408690655,"npp-21"
0.583219935448854,8.33504001055416,7.67262887117175,0.00688017232309343,0.139162667851477,"C12D12.1"
-1.12989167860164,5.94602051652044,7.66873952206247,0.00689429730640345,0.139162667851477,"clec-42"
-0.97329946138474,6.44693919529594,7.65307817849734,0.00694897143159271,0.139691413409681,"fubl-1"
1.97786624141196,4.85983387152397,7.63407178383977,0.00700463076559303,0.140235566960138,"phf-10"
-0.397426472484244,10.8135741053086,7.61357888084704,0.00708964882991955,0.141029228160667,"col-10"
-0.403049999949496,10.471325924872,7.60249132222762,0.00712972062139352,0.141029228160667,"pck-2"
1.1218241423192,6.05661054130835,7.60247608211555,0.00713052978263921,0.141029228160667,"rsbp-1"
-0.667931563315852,7.62800639117522,7.58365245083941,0.00719837757383104,0.141799365460407,"dkf-2"
-0.323662166458343,12.9748823380677,7.5737431043015,0.0072347222041464,0.141945249645352,"hsp-1"
-0.832454877901244,6.93686581294081,7.55313643983586,0.00731105613072452,0.142350609725013,"ZK6.11"
-0.834484854838572,6.79653412463251,7.5496569824951,0.00732403195179801,0.142350609725013,"hcp-1"
-0.913152101588957,6.59732080650943,7.54473396442809,0.00734244735176926,0.142350609725013,"ivns-1"
0.858473063534831,6.82057399306998,7.53330154820855,0.00738531118356696,0.142617918722031,"T26G10.1"
0.641564954242721,7.9967557097039,7.51636331458585,0.00744917557889497,0.143287083194039,"tatn-1"
0.822850257257849,7.00770541896529,7.49894668003108,0.00751564082911311,0.143369222977322,"ZC21.3"
0.395416372397344,10.4858255903632,7.49190963742527,0.00754254250224467,0.143369222977322,"imb-3"
0.562384408651388,8.40273150130554,7.47821869231285,0.0075953736415012,0.143369222977322,"Y17G7B.20"
0.840770510371599,6.82943930365028,7.47029266478252,0.00762625094105398,0.143369222977322,"Y57A10A.27"
-1.10563369391934,6.10695366732868,7.46777260290912,0.00763633164755233,0.143369222977322,"atg-18"
-1.30869055528823,5.60700094192035,7.46549547719712,0.00764598361241002,0.143369222977322,"ash-2"
-1.48965611680705,5.21960978272185,7.46245611125222,0.007658050238544,0.143369222977322,"F10A3.4"
0.496931738868646,9.01067361889385,7.44311228352269,0.00773257643473924,0.144214020579452,"tag-151"
1.56489076587554,5.23599601549137,7.39735051531299,0.00791433097950047,0.147044672175946,"Y48A6B.7"
-0.741915542349242,7.26182982299395,7.37147864314928,0.00802067774364997,0.14812392724288,"M01H9.3"
0.696563867281671,7.52242646494989,7.36851769331348,0.0080328164417138,0.14812392724288,"gspd-1"
0.460229162153174,9.50119217819575,7.3419196738225,0.00814273958859208,0.14958853064436,"nap-1"
-0.986969390494966,6.24087331368806,7.31730402005511,0.00824619316303776,0.150923796510076,"crtc-1"
-0.773459268065414,7.02634503052143,7.27165677461134,0.00844091973575167,0.15391342492142,"acl-4"
0.611769487177614,8.01171179932355,7.24189127220766,0.00857057734237006,0.155698821719723,"C35A5.8"
0.838410010218008,6.80411054606541,7.22463707562412,0.00864684341140017,0.155968154973621,"marg-1"
-0.870654005865663,6.62017820224863,7.22414791677939,0.00864899860404179,0.155968154973621,"fip-5"
0.906048437604126,6.52614298295944,7.18156789138753,0.00884012154999987,0.158830755321426,"F10E9.4"
0.916314681126354,6.4839198899564,7.15403832262696,0.00896597157268962,0.160503980160739,"pfs-2"
1.0628628873436,6.133378548056,7.13825829534774,0.00903934786090019,0.160894936817831,"attf-6"
-0.655337051203195,7.60098052752961,7.13508286329241,0.00905341540504002,0.160894936817831,"D2030.2"
0.867432805841817,6.72342758027892,7.10984915165124,0.00917173456685045,0.162409234838994,"rab-3"
1.0948324014456,6.06474076551316,7.09021087547569,0.00926545943103764,0.163478699673524,"lbp-3"
0.893582628913049,6.53030803053874,7.07818414851559,0.00932239847855123,0.163893779703562,"rad-50"
-1.1814516157316,5.780592672257,7.06627170013665,0.00938036021713743,0.164323810232354,"eat-20"
-0.381675738547523,10.8456485045439,7.05210277843305,0.00944807186037452,0.164920969662409,"rpl-11.2"
1.16919184821783,5.91828207981839,7.02705029714195,0.00957184702505129,0.166489041339988,"unc-76"
-0.425883120904811,9.69348640858133,7.01558225871186,0.00962744521796048,0.166864377364297,"cct-1"
0.891116745860142,6.69701717267082,6.99804386241328,0.00971505631386885,0.16778996908284,"B0464.6"
-0.368272491629089,10.9072640139808,6.96971185197923,0.00985779076474294,0.169657767372155,"unc-52"
0.828774408047398,6.92381884260774,6.94969122144542,0.0099602621671945,0.170821978776535,"dis-3"
-0.895934915689488,6.47377476617154,6.92761745823577,0.0100744462385042,0.172178253658059,"his-2"
-0.361621220745353,11.1138815384357,6.90255447236521,0.0102054879661726,0.173553907218025,"rps-1"
-1.34297676631649,5.3632050045487,6.89905821897674,0.0102257042173312,0.173553907218025,"C04E12.4"
-0.439766652930509,9.42740071791066,6.88652029703235,0.0102903890640062,0.174049511582587,"cct-7"
-1.58223951865146,5.00087145668618,6.86495074620109,0.0104062703779872,0.175404660494938,"nac-2"
1.43770568759319,5.32150891291339,6.85728103831715,0.0104472996663546,0.175493167340649,"ZK742.4"
-0.717567501234007,7.20432736166529,6.84911450265164,0.0104913859811086,0.175632246543814,"Y65B4BM.3"
-0.624152683680257,7.78350385207801,6.83677665356808,0.0105585263535842,0.176155006001124,"F22D6.2"
1.5542672723099,5.15022928119778,6.82219690342269,0.010636375577873,0.17685227867616,"pcyt-2.2"
1.34541640697072,5.47523217746499,6.79597316645808,0.0107850249461536,0.178134907684417,"Y66D12A.8"
-1.01405860861802,6.03680835727492,6.79565924232114,0.0107861503735519,0.178134907684417,"lmd-5"
1.13066862843064,5.87002579669008,6.76735791107326,0.010946177612662,0.179674020548414,"cpsf-3"
-0.505702705123782,8.69605106429941,6.76411184471481,0.0109633753420685,0.179674020548414,"ptc-1"
-1.66417923931189,4.88544360811083,6.75938148992541,0.0109892367307899,0.179674020548414,"C06E7.4"
0.682321414026936,7.55704519754591,6.75027556710118,0.0110423308667728,0.179942301998407,"mog-5"
-0.617504326963928,7.77091483014016,6.71410496604902,0.0112514368379469,0.182742707583211,"cap-2"
0.69563062568791,7.3012220930292,6.67552564628212,0.0114791055966566,0.185737115320829,"folt-2"
-0.995748587204862,6.05405688860864,6.66456675980426,0.0115450783915631,0.185737115320829,"pmk-1"
-0.412855114271233,9.78844884753372,6.65928734135867,0.0115762846865598,0.185737115320829,"pyc-1"
1.86704083522281,4.79100762915639,6.6549676942609,0.011587269579648,0.185737115320829,"dhhc-1"
-0.925182097783634,6.24130283034746,6.63303746168188,0.0117356439905552,0.187502715875158,"his-3"
0.440973483688074,9.29188176345521,6.59667728623846,0.0119593995602257,0.190397512945975,"R107.5"
1.24329980009993,5.64433627772037,6.59011909186789,0.0120018230706055,0.190397512945975,"snf-12"
0.513393891483307,8.48112095748908,6.5795217602839,0.0120666853723666,0.190397512945975,"M28.5"
0.65987074053089,7.48681508113836,6.57866749837499,0.0120720951123748,0.190397512945975,"Y54H5A.1"
-0.394537462815175,9.97763239624512,6.55624125764373,0.0122138667943522,0.19133319929017,"rpl-30"
0.914187808977476,6.3818368980665,6.55587405570932,0.0122166478683272,0.19133319929017,"unc-10"
0.4864446053518,8.73232286909024,6.55081615702041,0.012248445377597,0.19133319929017,"H06I04.3"
1.55915945944511,5.14418839892864,6.52253820303954,0.0124279834351418,0.193521456347208,"tfbm-1"
1.4497824839609,5.24760136038177,6.49170762607751,0.012631400211903,0.196066512782862,"tlf-1"
-1.33850796616949,5.3739473701689,6.47726388430972,0.0127293619124115,0.196963786057976,"anmt-3"
-0.74248994019496,6.97082996092385,6.45877953160869,0.0128509083004725,0.19821919878559,"unc-45"
1.18922897263465,5.66792265066307,6.45118787814716,0.0129034636886852,0.198405922862072,"endu-1"
1.12326954122827,5.76829456459072,6.44278549689685,0.0129601075844292,0.198654149067579,"cdkr-3"
0.651309552664033,7.4635818454131,6.42814121039066,0.0130582257875683,0.199534571613777,"Y65B4A.6"
0.51763999131781,8.41704876050188,6.40716704447922,0.0132021525385295,0.201107323607103,"Y39B6A.33"
1.65560444215326,5.02945671821465,6.39247398842543,0.0132983822037089,0.201946020771493,"fmo-2"
1.03825776709917,5.99680492554231,6.32762419786507,0.0137645300661341,0.208048848960213,"cerk-1"
0.813200698748089,6.72683965764674,6.32465490816708,0.0137850919290661,0.208048848960213,"F27C1.6"
-0.501712852452431,8.440265791663,6.30912047513715,0.0138975881340426,0.209103281587359,"pbrm-1"
0.660112431082651,7.42282066547924,6.29711541444711,0.013985394956732,0.20978092435098,"gsp-1"
1.10059469400596,5.84587413899564,6.27665559646326,0.014137654440836,0.211418277537501,"cdr-4"
0.849708671594321,6.55982856734878,6.24926238469811,0.0143412668960825,0.213496599184803,"mrpl-2"
0.60164199422177,7.75898318416334,6.24625140154869,0.0143636855720663,0.213496599184803,"skn-1"
-0.333786658022491,11.4214272999695,6.23700638157205,0.0144335516359552,0.21388692076846,"rps-6"
-0.372342922419113,10.1456124545633,6.21710210247105,0.0145852818437885,0.215484359770429,"asp-5"
0.817656221882773,6.61337913119963,6.21120055106536,0.0146308644884538,0.215508679627224,"T21B10.3"
0.511448217409942,8.37435908762058,6.17659751994039,0.0148992537181518,0.218364650176168,"rpoa-1"
-0.516481625568825,8.52521719380596,6.17121141830806,0.0149415286011626,0.218364650176168,"rpl-22"
0.518210257856853,8.28519146214856,6.16889962809988,0.0149597215506409,0.218364650176168,"T01D3.6"
0.691286195369831,7.25920434687818,6.16289524769153,0.0150071293804717,0.218364650176168,"K05C4.5"
-0.393560229802253,9.7649336560331,6.15779925545617,0.0150473500019459,0.218364650176168,"mup-4"
-0.948878159350854,6.22937558543074,6.1417475006554,0.0151754275947418,0.219528611786714,"hil-3"
0.667673875806052,7.3064200582622,6.13650564741212,0.0152170699301698,0.219528611786714,"arid-1"
0.678182200365148,7.24164069986494,6.11295934404547,0.0154070110222385,0.221616976727507,"ilcr-1"
1.22570716383363,5.51131049758697,6.09228302444617,0.0155774436212793,0.223413336147296,"ttc-4"
-0.883859679050219,6.3471074790588,6.0765572415821,0.0157057694494291,0.224597082068367,"ceh-44"
-0.43044719909256,9.10789229400908,6.0575039161043,0.0158641610269887,0.225917960042978,"ifb-1"
-1.02156617402054,5.92257047549428,6.05107576898327,0.0159188830129546,0.225917960042978,"lon-1"
-0.544356465736221,8.12460454713088,6.04890850747923,0.0159363127777514,0.225917960042978,"Y94H6A.10"
0.649138417233727,7.40819555000675,6.03544464498157,0.0160500499644451,0.226874625578107,"T09B4.8"
0.73714131839973,6.96450472789374,6.02944945400799,0.0161010233907706,0.226941148654396,"unc-18"
-0.935371125448868,6.10805228725103,6.01873629342715,0.0161927694824024,0.227580327539209,"baz-2"
-1.21130068612992,5.45007745999235,6.0014015381198,0.0163433212914738,0.229039974099082,"nhr-41"
-0.450162131397355,8.94293433237172,5.96140492290624,0.0166906080662032,0.233240548617455,"sodh-1"
-0.348270968942587,10.6902083440668,5.94642744910634,0.0168234287527608,0.23442874440992,"rpl-20"
0.649047333495984,7.38214922360456,5.94091601798371,0.0168726642402163,0.234448776482326,"tpp-2"
0.770235567936004,6.73389442799333,5.90310794022254,0.0172141429647212,0.238517997858637,"ttll-5"
-1.01258158088311,5.8757240097796,5.88424761041667,0.0173878007838185,0.240245529139802,"bag-1"
-0.387252738472876,9.68156876727576,5.87055253858927,0.0175136484657653,0.24130462282185,"tba-2"
0.874946217211652,6.37263883587044,5.85487316958976,0.0176604713952846,0.241741499356201,"acdh-12"
0.490964277496436,8.42193494353805,5.85264583844492,0.0176808628246607,0.241741499356201,"npp-12"
1.4248833682586,5.15474736320653,5.85080550090668,0.0176967675826325,0.241741499356201,"nhr-71"
0.700042069779345,7.15235385984854,5.84609981391088,0.0177424953655927,0.241741499356201,"madd-3"
-0.507123704909392,8.25577093206763,5.81215635048355,0.0180651532706233,0.244883472396531,"daf-41"
-1.14236102452051,5.65753728580338,5.81150106046073,0.0180729494408857,0.244883472396531,"clec-48"
-0.830084165532252,6.37473609201881,5.79381817064075,0.0182423648920478,0.246498071061968,"atf-5"
1.16661489368484,5.58031894891348,5.78442278461466,0.0183353370689095,0.247073704184069,"tbc-2"
-0.345320356024978,10.7024147866242,5.75942774749757,0.0185788169388157,0.249642185340656,"crt-1"
-0.984709557492228,5.90186255211631,5.75068061785726,0.0186663933414479,0.249642185340656,"mes-3"
-0.654609808898563,7.26596149311108,5.74760172261217,0.018696202043649,0.249642185340656,"ptc-3"
-0.693826471439061,7.02444221584091,5.74425955524278,0.018729525831878,0.249642185340656,"spp-1"
1.24710967089355,5.40085111453975,5.73621145196044,0.0188113903479358,0.250053847307927,"R11D1.10"
-0.7839448289736,6.61831304403116,5.72295298292718,0.0189433416171158,0.251127271978252,"K07E3.1"
0.726855671066124,6.90157475556874,5.70953091231557,0.0190792733016333,0.251998001584141,"skpo-3"
1.24526849742282,5.40614142423729,5.70647344182559,0.0191117750436902,0.251998001584141,"gtf-2H1"
-0.850614013141478,6.40258733595008,5.68002992226856,0.0193818477633796,0.253922710042889,"Y47G6A.5"
1.2947308563523,5.29883602946696,5.67205133874723,0.0194651004869749,0.253922710042889,"C09D4.4"
-0.602487535041534,7.62113756072353,5.67056411069385,0.0194797103132437,0.253922710042889,"pld-1"
-0.403752495206442,9.39599806001221,5.66759709165521,0.0195105289276403,0.253922710042889,"rps-19"
-0.592164726872748,7.54967195826343,5.66200198483457,0.019568912684083,0.253922710042889,"mthf-1"
0.678982398214388,7.38863919596832,5.66031151276984,0.0195866039386893,0.253922710042889,"inst-1"
-0.650078162944054,7.17610625557342,5.65710798019192,0.0196201237729368,0.253922710042889,"C41D11.3"
1.17743323747253,5.4874333658305,5.60847836510337,0.020138224598193,0.25994208330036,"Y48G10A.4"
-1.54992966065298,4.90702969305729,5.58908488625379,0.0203461378394455,0.26193649895664,"C11H1.3"
0.796367060495842,6.63054887193403,5.58019666164487,0.0204434211537548,0.262499949631328,"sel-1"
-1.25907323085803,5.27341294854239,5.57435062984951,0.0205097914584251,0.262664561628134,"F02E9.5"
0.440371070688354,8.90855757069596,5.5632519925502,0.0206293151513847,0.263351590867476,"toe-1"
0.951986131919334,6.06760355452595,5.55820040510973,0.0206862469575141,0.263351590867476,"nra-3"
1.29689581606285,5.29775666202534,5.55473110890151,0.0207245084760134,0.263351590867476,"uba-2"
-0.815931927243809,6.37549614446839,5.54401159192749,0.0208431957032294,0.264175387401396,"T04F8.8"
0.522246943924128,8.12942065305316,5.51232652596034,0.0211997471655538,0.268001958368664,"nol-14"
-0.803404734363455,6.40976063896185,5.49895138866781,0.0213525654842681,0.269239932391607,"vap-1"
0.918664522180918,6.1134910370064,5.48470333107791,0.0215170512909039,0.270160725865397,"pxf-1"
0.453813276720246,8.61956248318541,5.48193643901897,0.0215480418023627,0.270160725865397,"gpi-1"
0.405709134620242,9.42021287005907,5.47823839505402,0.0215908266135037,0.270160725865397,"C53B7.3"
-1.03970704741508,5.74730150381916,5.46681720310252,0.0217248618158555,0.270562914811896,"B0546.3"
0.598738253671823,7.632586831961,5.46598778339669,0.0217332902009964,0.270562914811896,"K04C2.2"
1.21940068792308,5.46054723318574,5.4564854516013,0.021846241819139,0.271280547146523,"ubh-3"
-0.605851238897916,7.60018524409832,5.45083915703583,0.0219107549395177,0.271394578228117,"nhl-2"
-0.620108648824742,7.2896224895638,5.44049942463073,0.0220327926799221,0.27221876094463,"mec-12"
0.944398149317662,5.99667716352099,5.41609695567588,0.0223247957017012,0.27407163783906,"dnj-25"
-1.21224958337414,5.40349518338209,5.41263870122873,0.0223675678866731,0.27407163783906,"ttr-32"
1.01536654497146,5.83026795613399,5.40851219258004,0.0224164366377748,0.27407163783906,"grk-2"
-0.652588032285266,7.18058938398319,5.40693864430735,0.0224338046346797,0.27407163783906,"nep-26"
1.18961470072882,5.51263857659752,5.40037924086547,0.0225150108603929,0.27407163783906,"oxi-1"
-0.693460781251705,6.91600877820521,5.3999746229925,0.0225180163199064,0.27407163783906,"atg-9"
0.612871384488557,7.37421016125872,5.38950616700425,0.0226451260173253,0.274722514827538,"sur-5"
-0.875850770598549,6.09099951602561,5.38639935884887,0.0226835103986041,0.274722514827538,"gpcp-1"
-0.294694933709529,12.1829451950028,5.37678427376984,0.0228005883913328,0.2748942000258,"rps-4"
-0.520583717401512,8.06076545341349,5.375124335964,0.022820997551553,0.2748942000258,"mdt-15"
-0.923269409003737,6.04404900221924,5.37153193378954,0.0228658172498525,0.2748942000258,"cnnm-1"
0.694006152538607,6.89437788546829,5.3507848535913,0.0231221914120593,0.277296696518706,"eppl-1"
0.891592629315678,6.1907586226265,5.33738542857261,0.0232903797362026,0.278632469770911,"R05H10.1"
-0.717269262385828,6.81458806547071,5.28862803136531,0.0239101511279213,0.285351073679937,"ptr-8"
-0.841625716442511,6.17004785488517,5.27444411598354,0.0240942543739431,0.286383115531926,"best-24"
-0.723875112892248,6.72293531371524,5.26924969870286,0.0241616048738232,0.286383115531926,"F38A1.8"
-0.860289208764719,6.13993147395427,5.26849757883047,0.0241717858981075,0.286383115531926,"natc-2"
1.05740665392848,5.72941658061542,5.25989778501109,0.0242857665083928,0.287040204153414,"ipla-3"
-0.48135201795613,8.41539107839952,5.24582855823211,0.0244690756669016,0.288511577274404,"rps-13"
1.17027809255879,5.47499545668693,5.21708958650997,0.0248543166746512,0.291724900361186,"Y39A3CL.1"
1.49815961083451,4.91453994547488,5.2159149635699,0.024860552161259,0.291724900361186,"Y39A3CL.4"
-0.50011862750312,8.02775133527036,5.21147686696514,0.0249278070881375,0.291815975578317,"his-59"
0.365585881452435,9.77326490512449,5.20222972629548,0.0250528128691948,0.292581064579525,"C28H8.3"
-0.594556106204758,7.41151448624163,5.19543024471405,0.0251452387616687,0.292962936166235,"catp-8"
-1.10115464917047,5.47658693683133,5.18044789461276,0.0253522847623228,0.294315745268654,"Y97E10AR.1"
1.08078236096353,5.58795260745588,5.17832329189749,0.0253813578488564,0.294315745268654,"inx-6"
0.531001951744475,7.84058571718424,5.17057586781743,0.0254859010539244,0.294831001579008,"lec-5"
0.826323882440218,6.27066843748535,5.15262390784434,0.025735680410534,0.296958008672029,"msi-1"
0.889346169542305,6.05566192885364,5.14459689843652,0.0258483339702491,0.296958008672029,"haf-6"
0.939622017567507,5.98192179526427,5.14420219553197,0.025854084552475,0.296958008672029,"zhit-3"
0.971362226822804,5.93000846038533,5.1400913773019,0.025911932255174,0.296958008672029,"acs-16"
-1.11442037865356,5.5275337394419,5.13366411910624,0.0260030457800643,0.29713129693459,"B0001.3"
0.653194355133408,7.13317716697682,5.13031916740312,0.0260482074784656,0.29713129693459,"mrp-7"
0.719571667686271,6.70130164910264,5.08812555966731,0.0266517593461489,0.303310625505476,"haf-3"
-0.451850013168597,8.46685159372052,5.074129377027,0.0268549087984019,0.304322723882544,"ech-1.2"
1.19051499320565,5.42195253511542,5.06999055046087,0.0269173926070807,0.304322723882544,"F26H9.2"
0.578468696696751,7.76103416867078,5.06912661903979,0.0269280509473048,0.304322723882544,"EGAP4.1"
-0.447297549530902,8.45253321858674,5.06402883281996,0.0270027271633732,0.304322723882544,"C49C3.4"
-1.21117915022132,5.23514413355176,5.05681272276034,0.0271118796181763,0.304322723882544,"rpl-41.2"
-0.731563945941338,6.57276020952867,5.05591734577867,0.0271222813982909,0.304322723882544,"acly-2"
0.596370736894759,7.50513174819542,5.0494091980903,0.0272182670798656,0.304322723882544,"acs-4"
-0.720280317379865,6.7214237501596,5.04814926495316,0.0272370388959097,0.304322723882544,"ncx-3"
0.615060186823038,7.24088706695225,5.02950433336254,0.0275146225285256,0.306725507960041,"nrd-1"
-0.689346570406623,6.72749685946832,5.00899799133662,0.0278235519325454,0.308981635951365,"miz-1"
0.375458764290221,9.49277138130993,5.00770335519912,0.0278429934944961,0.308981635951365,"myo-5"
-0.871068040392573,6.11707104790297,4.99790906556418,0.0279925176504381,0.309912765763078,"F08B12.4"
-0.423804578444492,8.68997637454587,4.99389090667925,0.0280532656470554,0.309912765763078,"eif-3.B"
-0.913976212882771,5.91818253088171,4.9839835799875,0.0282060600914948,0.310900505053442,"hpo-11"
0.790129592718141,6.41809260298592,4.97122344463189,0.028402507566021,0.312107220441892,"C35C5.10"
-0.616078024458038,7.16407027727687,4.96859542638992,0.0284427986824722,0.312107220441892,"erfa-3"
-1.41429944927308,4.90814345231315,4.96156845939907,0.0285530639493148,0.31220836495542,"sol-1"
0.824127405775008,6.26196529555487,4.95956575384973,0.0285838577205315,0.31220836495542,"symk-1"
0.586770348073934,7.40756804326284,4.95573560284258,0.0286429692619652,0.31220836495542,"sipa-1"
1.12069224960314,5.45315070432338,4.93848302158037,0.0289160728169626,0.314287972273171,"fcp-1"
0.649436177810463,7.06884946630252,4.93544657374375,0.028961908963807,0.314287972273171,"F49D11.10"
-0.837502396083253,6.10274330268086,4.91009338844725,0.0293661660078982,0.317453560496049,"chpf-1"
1.06910316105008,5.59048858610416,4.90914817014578,0.0293830614607964,0.317453560496049,"gon-14"
-0.497440737899313,8.13644350942146,4.88247542361658,0.0298122250346464,0.321382338010858,"tcc-1"
-0.578994858853966,7.39135881312344,4.87678974373576,0.0299051187949551,0.321676771248366,"oga-1"
0.952924292282017,5.79250198358052,4.87137496139855,0.0299956735262593,0.321944811042237,"rde-8"
0.910606545090438,5.99341109523327,4.86305486155455,0.0301319743734509,0.32253378059088,"Y37D8A.6"
-0.41902747089288,8.81941527281128,4.85993729174083,0.0301820602020824,0.32253378059088,"cyn-7"
1.06050751574132,5.587028007735,4.84058091880894,0.0305059711059681,0.325286496249507,"C14A4.12"
0.771877750217851,6.44003495575418,4.83423051453359,0.0306103631289989,0.325691607695748,"clec-66"
-0.714196648499511,6.61171427762529,4.82850933579209,0.0307061722582012,0.326003841832201,"frm-10"
-0.9076796600723,5.91973066051342,4.82075305713037,0.0308376990030506,0.326358308494423,"zwl-1"
-0.348463844964801,9.98346775200881,4.81862919949402,0.0308726310176171,0.326358308494423,"xbp-1"
-1.00891224228405,5.66848384063862,4.80369654328103,0.0311281334398044,0.328351601123098,"tag-353"
0.586448537295428,7.38937633605083,4.79498219306075,0.0312755893505515,0.329199068164067,"ddx-52"
-1.01525277567078,5.59284524121887,4.74581271357451,0.0321332213343954,0.337502035642847,"clik-3"
0.826476404825845,6.17937232740467,4.73492298378202,0.0323249863367928,0.338790722183693,"trd-1"
-0.840493736622034,6.02182392222486,4.72373543295498,0.0325242404683817,0.339513626815054,"F34D10.4"
0.547695953354693,7.58125010240607,4.72083839558447,0.0325753960112907,0.339513626815054,"abt-4"
1.01134412456688,5.63930214176441,4.71950304460806,0.0326016143180205,0.339513626815054,"F20C5.6"
-0.541686767128211,7.53309129454284,4.70532315052634,0.0328545931773368,0.341423261726349,"smc-4"
-0.669634962398873,6.82293237480391,4.70101523842885,0.0329326756541071,0.341511150282019,"clec-72"
-0.952646065868014,5.73656846388384,4.67359147121799,0.0334350118105639,0.345708166468045,"epg-6"
1.02889394828214,5.71835967281767,4.67128143865991,0.0334783647446119,0.345708166468045,"F56B3.4"
-0.516803654758919,7.70221245060576,4.64824625408993,0.0339038308250049,0.349241692863828,"pek-1"
1.07702461025297,5.58040778979661,4.64521629357745,0.0339629536179502,0.349241692863828,"tin-44"
0.629224512531232,7.0657510979621,4.62890758972865,0.0342674870065431,0.351636032985552,"tir-1"
0.664301808866967,6.84715381526543,4.62005687962197,0.034435330825851,0.352489370955841,"pgp-9"
0.613690257589943,7.06728379308274,4.60979563328198,0.034630859803004,0.352489370955841,"pap-1"
-0.667268475298487,7.03854632408467,4.60708426213689,0.0346827186405815,0.352489370955841,"rad-26"
0.656400414651483,6.90274201827616,4.60683722383726,0.0346875237867726,0.352489370955841,"F20D12.2"
-0.531192944577518,7.54596794419306,4.60435945846233,0.0347348746198652,0.352489370955841,"F58B3.6"
0.504433829169936,7.84678526332219,4.6019126867022,0.0347818257987007,0.352489370955841,"C46C2.2"
-0.51193110883198,7.93828886052339,4.5928750429189,0.0349558789057351,0.353453267095556,"col-107"
-0.619737692817559,6.98981754464349,4.58603105964155,0.03508841332984,0.353453267095556,"ubc-3"
-1.20779857517219,5.16579781499363,4.58595748453345,0.0350931174465924,0.353453267095556,"T25D3.4"
1.00526701552961,5.68268808532373,4.57443058589829,0.0353163137960462,0.354972375347555,"mrpl-22"
1.13778257112789,5.34209433266648,4.5636564602446,0.0355270714609113,0.356360502077239,"snt-2"
0.390497473165946,8.96900953958762,4.55936959487612,0.0356093154306367,0.356456514667904,"let-716"
-0.960119359052167,5.63638293789831,4.55360584021767,0.0357249110936551,0.356885313471238,"Y53G8AM.8"
0.671853553971053,6.73421837472777,4.54754645802954,0.0358432729146267,0.357339946435455,"M03F8.3"
-0.531053672211542,7.52674570267685,4.53943004579425,0.0360044296770987,0.358218514333,"alh-4"
-0.643342129661569,6.86078488721715,4.53193172923512,0.0361542998249707,0.358981458788424,"imp-2"
-0.302932157007469,10.6825504130719,4.50063594323327,0.036786437959077,0.364520157958126,"rpl-16"
-0.654145567185971,6.80028700650136,4.4859094272239,0.037088239592105,0.365173400429204,"spin-4"
0.339416892505557,10.0008639235327,4.48029299047702,0.0372037787770786,0.365173400429204,"F53F4.11"
0.681800817981077,6.74578525596119,4.4787406898086,0.037236110785418,0.365173400429204,"usp-5"
-0.326875400923879,10.1345542623633,4.47659191670014,0.0372802487908374,0.365173400429204,"ubl-1"
-0.418825111200607,8.53390465140706,4.47587419363526,0.0372951145420137,0.365173400429204,"gsr-1"
1.14052383129638,5.32593695189215,4.4757842447385,0.0372990568022489,0.365173400429204,"Y50D4A.1"
-0.54025079838871,7.49176701258261,4.46022846251744,0.0376204284662637,0.367586059017975,"mtk-1"
0.46011012201974,8.12596321055727,4.45008699911875,0.037832841347922,0.368053118959563,"aagr-2"
-0.361453021843968,9.21909592952548,4.44554158508136,0.0379284480973333,0.368053118959563,"cct-4"
0.588020123843351,7.18317322795032,4.44415035635588,0.0379578959028272,0.368053118959563,"eat-3"
0.94559330180709,5.71160577202199,4.44058845904709,0.038035253615106,0.368053118959563,"flp-13"
-0.390233016784891,9.06018462188899,4.4391624133472,0.0380631034646813,0.368053118959563,"nlp-77"
0.905090856270756,5.87252276760519,4.43629790336572,0.0381255313105071,0.368053118959563,"Y73E7A.2"
-0.404340186936827,8.70568081903738,4.43300888807047,0.038193483700391,0.368053118959563,"cct-2"
0.768806962643679,6.39539257202937,4.42671101179674,0.0383279886880981,0.368201739806909,"trcs-2"
-0.373915553545197,9.03684093029236,4.42522680909923,0.0383590395599042,0.368201739806909,"sma-9"
1.2301556646324,5.11312764100301,4.41404919500034,0.038597825981715,0.369134019873574,"syx-18"
0.529942138112502,7.74557322897046,4.41365592442316,0.0386066773078784,0.369134019873574,"hpo-13"
0.479054525941823,7.96758598242915,4.40281619927642,0.0388401522335675,0.370643865186087,"gpb-1"
0.794562616813841,6.20633163220566,4.39890408508396,0.0389256485313654,0.370738458342422,"attf-4"
-0.752105162458877,6.26751450788243,4.393408968738,0.0390444382297555,0.371149165730525,"egl-44"
-0.450874731530182,8.12217679680912,4.37839748169808,0.0393716730478084,0.373445730793216,"vha-3"
-1.04739734341612,5.45302618971547,4.37226479365018,0.0395091642962257,0.373445730793216,"Y37D8A.16"
0.928376992132149,5.77308315633177,4.37124000956117,0.0395310445798937,0.373445730793216,"ggtb-1"
-0.889456701696964,5.7817525250337,4.35815595922166,0.0398195648085305,0.373445730793216,"Y50D4B.4"
0.617973048908318,7.00305530708914,4.35427486289079,0.0399045529849805,0.373445730793216,"lem-2"
-0.262121243699741,12.2626092455738,4.35418053752991,0.0399064687666302,0.373445730793216,"let-805"
-0.899145123283396,5.74493949010355,4.35414716955023,0.0399087377036797,0.373445730793216,"his-62"
0.45331377542737,8.10421104615181,4.34989967531629,0.0400018578662891,0.373445730793216,"tald-1"
0.86990511085494,5.93171344501123,4.34793806895865,0.0400472230089426,0.373445730793216,"F21C10.9"
0.809811912293072,6.07977392985188,4.34791119090175,0.0400473913144203,0.373445730793216,"etr-1"
-1.09199694101452,5.32635506503734,4.34166271818997,0.0401892585717691,0.374057520482974,"erp-44.2"
0.669016989540074,6.67180249407052,4.31564971546907,0.0407738311620017,0.378779624715186,"pkn-1"
0.556963153388687,7.38020340361692,4.30611113581999,0.0409913422016692,0.380080403590146,"Y54H5A.2"
0.856040787419761,5.94890101485465,4.29696250486193,0.0412028587509771,0.381320796553854,"K10D6.4"
0.850641359803885,5.92780220260965,4.28736846550599,0.0414243578510155,0.382648729301753,"npp-4"
-0.430844959663377,8.29065688045053,4.26850462946967,0.0418619135898203,0.385963695785843,"mel-32"
-0.380635768224934,8.90733491475073,4.26356222103677,0.0419777876277503,0.386305906780704,"col-160"
-0.684948892191585,6.57297411576378,4.25984475443564,0.042065440086338,0.386387609781812,"rab-5"
0.700671502165071,6.48323417012853,4.25368117567966,0.0422109863648641,0.386751809888042,"btf-1"
0.98771870248815,5.5910535464505,4.2515813015914,0.0422627869724752,0.386751809888042,"C17E4.6"
-0.912261622938848,5.6879432731726,4.24435193555479,0.0424332638012985,0.387564112991925,"C01C4.3"
0.668098375268182,6.61617802794152,4.24108311978709,0.0425095805891245,0.387564112991925,"nhr-19"
-0.761672134189525,6.16816727548261,4.22960851881118,0.0427838468666772,0.38934094412069,"acy-3"
-0.293657144721412,10.7206878106947,4.21688836449583,0.0430892676013257,0.391394180712042,"rpl-19"
-1.06899729699814,5.3135499485916,4.20995318422962,0.0432605126779795,0.391782286182568,"selt-1.1"
-0.893558346380863,5.70313721032541,4.20540463600795,0.0433692436685297,0.391782286182568,"sph-1"
-0.330425153633972,9.61908871516332,4.20128510832183,0.0434678512134657,0.391782286182568,"tsn-1"
-0.268938775458045,11.7577195803332,4.19837071023586,0.0435389489416169,0.391782286182568,"rpl-6"
0.49674959916029,7.71616601346211,4.19765759146931,0.0435564338634198,0.391782286182568,"nath-10"
-1.07968341071163,5.3146704422227,4.18686958188279,0.0438242012133778,0.391782286182568,"clec-62"
0.579162152609648,7.18871144506505,4.1851501626612,0.0438632135076611,0.391782286182568,"lonp-1"
-0.520836787587191,7.52548099420875,4.18454027254959,0.0438781627242942,0.391782286182568,"F35H10.10"
-0.498724550785869,7.67927552151701,4.18110164377653,0.0439629070599466,0.391782286182568,"adt-2"
0.668879043377245,6.81203381664591,4.18028307978254,0.043983314053306,0.391782286182568,"Y92H12BL.1"
-0.364566450493402,9.42561976712253,4.17916734735273,0.0440106095181641,0.391782286182568,"rpl-27"
-0.349281872521289,9.29434201041058,4.16898795197771,0.0442628448176035,0.392704735391467,"rps-17"
-0.438237719691893,8.17346187482876,4.16675677850003,0.0443183605789015,0.392704735391467,"unc-108"
-0.453862083214509,8.00701345001099,4.16530891762318,0.044354418635448,0.392704735391467,"H24G06.1"
0.638037006133575,6.85066194541743,4.15747666555255,0.044550186139801,0.393727320749052,"npp-14"
-0.855748940286515,5.78893691347266,4.15077790299416,0.0447193480094786,0.394001778130795,"gsnl-1"
1.25401732908626,5.0604950670263,4.14878526453406,0.0447664640384272,0.394001778130795,"C45E5.1"
-0.733640196716604,6.23222626876351,4.14601188847936,0.0448383969928845,0.394001778130795,"acs-11"
-0.595722289273535,7.06495353696462,4.14157120838256,0.0449500737993577,0.394001778130795,"mcm-2"
0.508001849244485,7.59199023562697,4.14027135023358,0.0449828737519359,0.394001778130795,"elo-6"
-0.957545323128506,5.51328780856265,4.12541460218619,0.0453627280414175,0.395990669505006,"C24D10.6"
-0.297751583427391,10.4171717825713,4.12419424316137,0.0453913444350206,0.395990669505006,"enpl-1"
-0.270678023371505,11.3660907685364,4.12181505428264,0.0454521400471598,0.395990669505006,"rpl-15"
0.378803143369902,9.44901921502601,4.10439573644418,0.0458999497452259,0.399183073582151,"clec-67"
0.338928603556646,9.55842551285563,4.08778212919585,0.0463314512159613,0.401361221922218,"lec-10"
0.504939171618123,7.57902472908273,4.08153672930784,0.0464948605411905,0.401361221922218,"ifc-1"
-0.620679119450557,6.76008440422585,4.08075318092694,0.0465155267201792,0.401361221922218,"his-60"
0.650545628246013,6.74185023632378,4.07911342214511,0.0465586178039396,0.401361221922218,"pdcd-2"
0.31761613466562,10.2000528513979,4.07844094318514,0.0465759747450576,0.401361221922218,"mpc-1"
-0.434299021386164,8.207191826306,4.07595300593998,0.0466413652386675,0.401361221922218,"F53C11.4"
-0.594376135996816,6.89568253226759,4.07042969351873,0.0467869643545925,0.401909037056526,"asp-4"
-0.649417996701253,6.6153189522634,4.06596145725416,0.046905083803797,0.402219293807036,"fubl-3"
-0.262787179471048,11.9923616877512,4.05888457307527,0.0470924078124055,0.402336554632141,"rpl-2"
-1.16718436532874,5.03900181574741,4.05753433632574,0.04713207639327,0.402336554632141,"clpf-1"
-0.635212421556151,6.67215904398196,4.05205263174684,0.0472745141897959,0.402336554632141,"T21F4.1"
0.426403196702311,8.50583926267116,4.04929940751885,0.0473477985222609,0.402336554632141,"lipl-5"
-0.739647083101975,6.29633941239853,4.04528149938951,0.0474557304076558,0.402336554632141,"hil-2"
-0.411278775373805,8.47788195559895,4.04493324531629,0.0474646124836303,0.402336554632141,"Y39B6A.1"
-0.449791288480882,8.07697342853252,4.04387671427526,0.0474929388648338,0.402336554632141,"gei-4"
1.22684135520204,5.03138506873337,4.03780481342922,0.0476543137823674,0.402453692852766,"F08D12.2"
-0.510418375810703,7.64646846048492,4.03725378835093,0.0476708655550372,0.402453692852766,"cyn-5"
-0.416433335840153,8.29203392335326,4.03192854819006,0.0478143915207367,0.402710809357396,"W06H8.6"
-0.521732000990153,7.39784543828366,4.03003819871984,0.0478655253527751,0.402710809357396,"hip-1"
-0.645249297292088,6.62887463829714,4.02501001694001,0.0480018280811053,0.403166038934626,"nduf-7"
-0.628684064059506,6.67971270413285,4.0168083229884,0.0482247622659769,0.403219823976332,"dab-1"
-1.09112796360564,5.23160956465667,4.01658203837917,0.0482345087713264,0.403219823976332,"ddr-2"
0.983744704917636,5.52995902832103,4.01270545424426,0.0483393161476027,0.403219823976332,"F08G2.8"
-0.620176648941611,6.72936451708946,4.01003614791906,0.0484096774310039,0.403219823976332,"F25B5.3"
-0.978671869799986,5.48322858599751,4.00977795538889,0.0484192612277389,0.403219823976332,"M04F3.5"
-0.853875042899873,5.95544027746794,4.0062740456736,0.0485135660203389,0.403320409033496,"clsp-1"
0.7233601988487,6.2886985797324,3.9942853537929,0.0488432986197306,0.405374584991165,"sco-1"
0.860434640914247,5.88624776901533,3.98460838268419,0.0491125133871508,0.406920402304011,"R09H10.3"
0.467675007694273,7.85662815811496,3.97917860253072,0.0492618614168311,0.40721458872638,"test-1"
0.739546530586617,6.1894196559307,3.97551807732312,0.049364946741584,0.40721458872638,"aqp-11"
0.586933327667052,7.04612833114173,3.97434050414707,0.0493970805896425,0.40721458872638,"cca-1"
0.875092494260811,5.73973544198842,3.9628417306406,0.0497219058240304,0.409204610850452,"C09E8.1"
-1.01377964175744,5.37443229250793,3.95975889251934,0.0498097494162601,0.409240906007966,"pnk-4"
0.383818250466411,9.05614191918482,3.95118608282019,0.0500490062158785,0.410072042076158,"lec-9"
0.670021008508978,6.55848850796625,3.9496293133496,0.0500935984346124,0.410072042076158,"wdr-12"
1.00476202171289,5.55538892924617,3.94482341093109,0.0502326591791255,0.410072042076158,"ubc-14"
0.43611812173786,8.30442482934755,3.94427964601072,0.0502453205479655,0.410072042076158,"dip-2"
0.544178253745381,7.29611776083037,3.93304524871285,0.0505664878512488,0.411769289791103,"unc-104"
1.02824077024673,5.50132788541365,3.93123550445923,0.0506211787449613,0.411769289791103,"K03B4.1"
0.973508153478918,5.4700749794389,3.9183085937895,0.0509938203100203,0.41411372288187,"Y43H11AL.1"
0.653311472235207,6.72383960464832,3.9088254529985,0.0512664202121631,0.415639324199438,"F52A8.1"
0.300151589202312,10.2372911638535,3.89946388196611,0.0515393551604878,0.417038103844628,"fib-1"
1.123436491651,5.20076489271494,3.89421867029898,0.0516946350844792,0.417038103844628,"ZC581.3"
0.399096575457648,8.49454584931102,3.89289493754896,0.0517320553726776,0.417038103844628,"T22B11.4"
-0.370327913381263,9.32279079903065,3.89129644043534,0.0517790428626664,0.417038103844628,"ctc-2"
-0.893841263916866,5.66864019683643,3.88772591125664,0.0518860930665338,0.417215223756309,"F44B9.5"
-0.550986212080006,7.13143947412894,3.87655985143274,0.052214667669418,0.417529073494754,"ctf-4"
-0.497582151091742,7.54519988317865,3.87503430681904,0.0522599214558105,0.417529073494754,"AC3.5"
-0.604453801883942,6.77498965651486,3.87497986375201,0.0522616747974642,0.417529073494754,"mrps-30"
-0.40659419262681,8.50982628465128,3.87484088749361,0.0522656169471516,0.417529073494754,"cct-3"
-0.954525811461057,5.50912687441643,3.85224512992113,0.0529444063559783,0.421981564376472,"lact-2"
0.575796298037072,7.0487682352539,3.85048381702223,0.0529950343844866,0.421981564376472,"F19F10.9"
-0.434242647787249,7.97453695527867,3.84141384702557,0.0532692534485352,0.422295861398172,"trap-3"
-0.499942198496915,7.4387403215996,3.84066241165255,0.053292096286464,0.422295861398172,"W07E11.1"
0.526715846174976,7.43675593640346,3.83588600587223,0.0534372751056896,0.422295861398172,"acs-1"
0.758202106647073,6.07540093039445,3.82885585493436,0.0536528561435603,0.422295861398172,"F41B4.1"
0.354580670227437,9.01438226763234,3.82821674615181,0.0536711618101862,0.422295861398172,"hphd-1"
0.443832214962801,8.15313534927134,3.82314529729244,0.0538265163911752,0.422295861398172,"lmn-1"
-0.25480413882419,11.8460561677125,3.82199699638399,0.0538617113124855,0.422295861398172,"rps-0"
0.61158477084715,6.89350630738051,3.81475840374014,0.0540846533747941,0.422295861398172,"max-2"
0.723040446370007,6.25313496686188,3.81419192363131,0.0541027351460206,0.422295861398172,"mrp-3"
-0.368150968190106,8.95697521995871,3.81366991631084,0.0541180017196846,0.422295861398172,"atf-7"
-0.577974798876485,6.89604176207765,3.81329979265712,0.0541295874188605,0.422295861398172,"upp-1"
-1.13088153627337,5.06824265243871,3.81313696886946,0.0541385225023219,0.422295861398172,"W05F2.7"
0.69453141107914,6.33006723877781,3.81096004404437,0.0542023859576165,0.422295861398172,"gsk-3"
-0.728228009801142,6.15568044242474,3.80792219448689,0.0542962815555658,0.422295861398172,"F47G9.1"
-0.555935742491385,7.02879530712729,3.80694932756582,0.0543259303857792,0.422295861398172,"C52E12.1"
-0.521039948284098,7.46486293432968,3.79819858006024,0.0545977205723725,0.423134833511439,"C50F7.5"
0.981957150646848,5.47389046452604,3.79532257069611,0.0546902868217339,0.423134833511439,"snt-5"
-0.584628306669155,6.97913135438019,3.79515615989279,0.0546926573794602,0.423134833511439,"nduo-3"
-0.404197409099205,8.41235568238663,3.7894001112751,0.0548724797093944,0.423340006115143,"hsp-4"
1.07102796531545,5.22849474282811,3.78657800538745,0.054963014748896,0.423340006115143,"F35E12.6"
0.363821557168832,8.95247044979422,3.78603089272639,0.0549781006922215,0.423340006115143,"lea-1"
-0.894376499418686,5.5681963522237,3.78332416544819,0.0550654898667715,0.423348319430273,"osta-2"
0.697708612157984,6.33695716901779,3.76003960392236,0.0558011009306405,0.428332394467593,"syd-1"
0.49292098885862,7.49737740124647,3.75647253461907,0.0559143679523078,0.428531210634484,"dod-19"
-0.441872692591431,7.89557482660364,3.74278544570536,0.0563536474175889,0.431224088273438,"clp-1"
0.658471406138177,6.45161726342106,3.72942641137473,0.0567865411953309,0.433859789039093,"gly-3"
-0.267375056792179,10.9520795030479,3.72188052026652,0.0570318171851035,0.435056085992119,"rpl-13"
-0.620477783521472,6.66899696108395,3.71100679604914,0.0573883358896123,0.437095943382839,"C06B3.6"
0.521763007726779,7.25386145123925,3.70575054387812,0.0575612897097598,0.437733528723057,"ZK512.2"
-0.586181277948455,6.88910859509047,3.70290958224611,0.0576551214459025,0.437768375684445,"bca-1"
0.967701960258093,5.47646332945148,3.69601948914923,0.0578861016395875,0.438842857097645,"smc-5"
0.319527973745317,9.40266814607848,3.69088171382368,0.0580538226646226,0.439140572406424,"C05C10.3"
0.296564542712435,10.0069369968262,3.68758030112714,0.0581638227797373,0.439140572406424,"F13D12.6"
0.820372422158863,5.7983235903444,3.6867419498198,0.0581939596461112,0.439140572406424,"ept-1"
0.835926026293616,5.81602718163429,3.67159172640615,0.0587019256754985,0.441492922896141,"ric-8"
-0.875496603574204,5.71596632434416,3.67005184123369,0.0587535049701448,0.441492922896141,"C56G2.3"
0.700934472706943,6.24533553656542,3.66793404828198,0.0588239958002014,0.441492922896141,"C50F2.2"
-0.950269589329782,5.39397215093397,3.66450977175955,0.0589421866842971,0.441492922896141,"acl-12"
-0.928630953837726,5.49593106541426,3.66409322658265,0.058955731803664,0.441492922896141,"sek-1"
0.561137703961661,7.13435127940447,3.65648262438002,0.0592113173297767,0.442730962656333,"nhr-1"
-0.754689736731796,5.99391324897971,3.65066698553277,0.0594102044974508,0.443192395747616,"aspm-1"
-0.688448338303773,6.22810970614913,3.64938097427335,0.0594537403469788,0.443192395747616,"F26H9.5"
0.605753685043564,6.84117245479306,3.6447695981027,0.0596111852497147,0.443691750606754,"T01D3.1"
0.672450812701404,6.43386556246098,3.63858509642712,0.0598237621546452,0.444599323285659,"B0280.9"
1.12182836928463,5.19525593124007,3.63517537663661,0.0599420871326472,0.444804746423048,"Y71G12B.13"
0.730049564413615,6.13181912430705,3.62483736032101,0.0602990710481051,0.445822115805957,"Y53C12B.1"
0.542456836602611,7.24572136000101,3.62436706510925,0.0603143851734433,0.445822115805957,"F19B6.1"
0.314207099908871,9.52883502189607,3.62328336677801,0.060351862363946,0.445822115805957,"pck-1"
-0.74549391872689,5.99258372399703,3.60784795899535,0.0608912183592273,0.448945670996303,"ags-3"
-0.411743007597397,8.14806527965546,3.60592518565287,0.0609577608325255,0.448945670996303,"scd-1"
0.761212651658351,6.01649300226601,3.60163104623404,0.0611100739233233,0.44905416926189,"Y41C4A.9"
0.947587950212898,5.45757193313931,3.59905896805241,0.0612022957940299,0.44905416926189,"dnc-4"
0.628508316473804,6.66597795853785,3.59770951383052,0.0612471435751691,0.44905416926189,"unc-95"
0.364732082393006,8.67845411027542,3.58952855112434,0.0615361150107488,0.450499468847348,"let-765"
-0.639310934979998,6.50570436782434,3.58422363338437,0.0617248240569272,0.450641615478233,"hrdl-1"
0.547644850988242,7.08541618202098,3.58151417232168,0.0618211244403193,0.450641615478233,"K08D8.6"
-1.15834825512397,4.9746006431648,3.57935985923214,0.0619016584609274,0.450641615478233,"C35D10.1"
0.337888459123314,9.10037130382241,3.5775241785287,0.0619633149311632,0.450641615478233,"dao-5"
0.766033457227871,6.0018617291632,3.57612165766197,0.0620149012126008,0.450641615478233,"Y53F4B.39"
-0.615394220893002,6.73122352554057,3.55174241954702,0.0628919679119535,0.455689632363267,"epg-7"
-0.647584692522629,6.40025630758562,3.54961405209042,0.0629694554184409,0.455689632363267,"M163.1"
-0.279119795141714,10.3532650124994,3.54719230707756,0.0630571487676403,0.455689632363267,"rpl-9"
0.812497806311754,5.79811498288118,3.54493682457164,0.0631415222794458,0.455689632363267,"ech-7"
0.617802243767772,6.62704084805414,3.54399363629051,0.0631740978607587,0.455689632363267,"ife-1"
0.737142559891716,6.10593371968248,3.54016360081244,0.0633148147072215,0.456034017825142,"Y119D3B.21"
-0.631453941989401,6.63094996100798,3.53229017845085,0.0636024995751774,0.45743439943731,"slo-2"
0.490022657173144,7.52180650338232,3.52350498515119,0.0639260417262168,0.45908819131346,"atgl-1"
-0.92258558415696,5.49766154834849,3.51937114153898,0.0640817048901837,0.459347619199122,"dhp-1"
-0.33777728675525,9.00751712799691,3.51746779422701,0.0641494636394289,0.459347619199122,"dnj-12"
0.643385856478509,6.41979412724386,3.50737089801461,0.0645257391244364,0.460249698450202,"fnci-1"
-0.298380909423027,9.75956880798037,3.50706708059174,0.0645364953928376,0.460249698450202,"col-166"
1.00675794285555,5.32114421500663,3.50181942162403,0.0647356132512124,0.460249698450202,"lgc-39"
-0.783063425727861,5.9158818015083,3.49777809456958,0.0648854601444697,0.460249698450202,"F46G10.2"
0.707453612415945,6.14546427237429,3.49251255973839,0.0650834638208403,0.460249698450202,"F33H1.4"
0.810725812065626,5.79560507740274,3.49052991886357,0.0651593354281704,0.460249698450202,"K11H12.7"
0.326892557475338,9.13192181658954,3.48698857502859,0.0652908736040441,0.460249698450202,"lpd-7"
-0.786018023429563,5.84641575029734,3.48477750744902,0.0653758493084277,0.460249698450202,"dhod-1"
0.505175882381145,7.29389283276494,3.48164698533311,0.0654932907859404,0.460249698450202,"ani-1"
0.828188494015241,5.71053538033676,3.47980862311054,0.0655654443301007,0.460249698450202,"num-1"
0.548610043834986,7.07992280686189,3.47806913611504,0.0656292190848817,0.460249698450202,"swsn-1"
-0.638898043021144,6.43365159745318,3.47695736499079,0.0656717186366856,0.460249698450202,"par-3"
-0.255788082236756,11.1618180943742,3.47472625941908,0.0657562779192484,0.460249698450202,"rpl-5"
-1.03993551356669,5.15240326560894,3.47463831298624,0.0657640094555001,0.460249698450202,"tasp-1"
-0.235768348439049,11.9031691255073,3.4722415012117,0.0658510259526508,0.460249698450202,"rps-8"
0.7881441252452,5.88311647639931,3.4710573072576,0.0658981241250742,0.460249698450202,"nemp-1"
0.562482965923904,6.84078125654434,3.46945993101188,0.0659575304673032,0.460249698450202,"map-2"
0.666257245114782,6.38656497192661,3.46928953460185,0.0659644318064204,0.460249698450202,"snr-6"
-0.332345309435125,9.13523865479922,3.45874872906845,0.0663681414015333,0.462408712463808,"cpr-6"
0.552489680675904,6.92170387782477,3.44476471831826,0.0669089479408376,0.464231263038508,"tol-1"
0.81785834636008,5.78406764685179,3.44397745616049,0.0669415529158458,0.464231263038508,"F49E8.7"
-1.01127000817965,5.18693916268453,3.4432073213531,0.066973539229858,0.464231263038508,"nlp-70"
-0.633977543652097,6.48860653031044,3.44221114602869,0.0670083046343045,0.464231263038508,"F21C10.10"
-0.405579948493941,8.09773986856631,3.43875472184768,0.0671425638541256,0.464505325394197,"ZK673.2"
-0.523045464065319,7.26630847214521,3.4284698506694,0.0675448143650744,0.466630020367169,"efk-1"
0.971320255973225,5.35281544789904,3.42199103726197,0.0678024680288391,0.467421063834381,"Y48G1C.10"
0.431455304050574,7.89668119846502,3.42071046772143,0.0678499077370193,0.467421063834381,"oatr-1"
-0.778783747680244,5.8285311595418,3.41654888276574,0.0680154903012122,0.467904600178746,"nfi-1"
1.06245298107235,5.15083667817587,3.41319602565832,0.0681484484852268,0.468162660812377,"D2030.3"
0.596837600651231,6.97691455654165,3.40721402739429,0.0683844217112914,0.469126697194243,"emc-2"
-0.221479441897542,12.8191390710408,3.39839244889144,0.0687359451802117,0.470879624453825,"eef-1A.1"
0.606881067077601,6.79182961189929,3.3867441181408,0.0692037137630815,0.472384976703098,"T01B7.5"
0.72840820389066,5.99545791216554,3.38677209072911,0.0692037976881138,0.472384976703098,"cdc-48.3"
-0.776432764702131,5.81410744548151,3.38575742825913,0.0692446071864481,0.472384976703098,"Y44A6C.1"
-0.766595817839113,5.80401598997293,3.38228280111512,0.0693848353282455,0.472684190673672,"ttr-2"
0.520828289505773,7.08954534421252,3.37394371921749,0.0697213065379319,0.473788000929118,"unc-97"
0.413022464790129,8.02753787761822,3.37347915999745,0.0697400482509324,0.473788000929118,"pcp-2"
0.873426945784969,5.56940204192559,3.36962647368898,0.0698997073162234,0.474215856688901,"lgl-1"
-0.496902212758417,7.29445432573739,3.35920986013717,0.0703223812652215,0.476251194270404,"ain-2"
0.828838873920332,5.68706358836558,3.35580169823283,0.0704647745465378,0.476251194270404,"parp-1"
0.569346251714655,6.94798033850047,3.35510434742359,0.0704910024547021,0.476251194270404,"leo-1"
-0.569937265137301,6.89369808123228,3.34870498003844,0.0707545099220595,0.47737396309175,"tmbi-4"
-0.557037260969693,6.85109239723949,3.34147082303919,0.071053730319039,0.478734268152317,"nep-11"
-0.688465485326372,6.09126876325224,3.33766266103689,0.0712123484851087,0.479144813881287,"manf-1"
-0.507295023863567,7.16986297960298,3.31653592707637,0.0720956135736148,0.484423266546001,"hum-6"
-0.338707972068921,8.79847539531577,3.30818858065476,0.0724480250677193,0.485905954950983,"ida-1"
0.367954508350407,8.41997164839351,3.30662203309995,0.0725144055095045,0.485905954950983,"R05F9.6"
0.720304134545596,6.01421705281152,3.30017922084092,0.0727894761275123,0.487083738615891,"F46G10.1"
0.273351529985376,10.5356597710363,3.29571377966035,0.0729783584262918,0.487682354333735,"npa-1"
-0.440069441150012,7.70873198794756,3.28964790783595,0.0732378371082261,0.488750463967141,"R148.3"
0.521355361181771,7.37150669496363,3.27474320797293,0.0738795978086101,0.491391054852997,"nhr-114"
-1.02281685733974,5.07850474001591,3.27452018407743,0.0738937508721411,0.491391054852997,"F26A1.13"
0.560927259537256,6.76850761406044,3.2706591371453,0.0740566829717668,0.491391054852997,"ZK686.2"
-0.877095214037765,5.50486816782048,3.27058052929644,0.07406257060545,0.491391054852997,"R02F11.4"
-0.961351055452347,5.24700102552757,3.26737008624645,0.074203322360035,0.491391054852997,"chaf-1"
-0.871467675078583,5.50401742747346,3.26661913555273,0.0742346119563855,0.491391054852997,"dog-1"
-0.8653107025147,5.47631829864002,3.25643587502079,0.0746790733557531,0.493045242630921,"dcar-1"
-0.574392353798185,6.69720574156957,3.25207711727496,0.0748674056404895,0.493045242630921,"let-756"
0.542457868468061,6.99517459960227,3.25128327840305,0.0749022040037733,0.493045242630921,"Y7A5A.1"
-0.575958603377774,6.67404665897531,3.25128099887987,0.0749023609065955,0.493045242630921,"B0272.3"
-0.828462394693049,5.5999098657449,3.24939863457423,0.0749871051993206,0.493045242630921,"agxt-1"
-0.978540517281421,5.16514062166927,3.24424296844588,0.0752163675795167,0.493665891983474,"vps-60"
0.75025060206985,5.99318572188832,3.24267192622657,0.0752827904594573,0.493665891983474,"stn-1"
0.771615799777744,5.81552283430951,3.23947708764608,0.0754245953260142,0.493935434010814,"twk-49"
0.470344197143518,7.37515768218435,3.2359713322695,0.0755778425436948,0.494034791075377,"cdc-5L"
-0.263564642184765,10.3735055519414,3.23281607828183,0.0757177963597188,0.494034791075377,"ubq-2"
-0.96193828230667,5.25856995397381,3.22402636200094,0.0761136281910129,0.494034791075377,"lin-10"
0.367625722965466,8.32595925267919,3.22023988491818,0.0762789489850243,0.494034791075377,"rpc-2"
-0.708839481772866,6.00061682503144,3.21898010411456,0.0763363081279995,0.494034791075377,"lin-5"
-0.868895896082136,5.47493455298778,3.21629378968604,0.0764589061801364,0.494034791075377,"drh-1"
0.426316412624037,7.7855882781192,3.213490329207,0.0765820063902704,0.494034791075377,"plx-1"
-0.904369025794183,5.36069897402233,3.21329831838876,0.0765941621282054,0.494034791075377,"acox-1.2"
-0.559416508868279,6.77710227573109,3.21286487951962,0.0766103153840678,0.494034791075377,"klp-12"
-0.81309504736816,5.5985588208645,3.2107220152143,0.0767089290312984,0.494034791075377,"F18C5.10"
-0.713408826099924,6.04922669593386,3.20839187516959,0.0768125591156103,0.494034791075377,"dpy-11"
0.461134907492572,7.58613829662206,3.20423330104699,0.0769997704628185,0.494034791075377,"clip-1"
0.369916573955411,8.33669500324216,3.20417308136758,0.0770024417129659,0.494034791075377,"gcy-28"
-0.808001664319283,5.58906014733722,3.2018995359961,0.0771077311054805,0.494034791075377,"cfim-1"
0.775546903659392,5.7776024439352,3.20128393687749,0.077135611083327,0.494034791075377,"nhr-22"
-0.66862859580572,6.1039658283212,3.19939604834931,0.0772197101027665,0.494034791075377,"C54G4.7"
-0.686732730915289,6.11798663846256,3.19328824829798,0.0774975560038614,0.494034791075377,"mig-22"
0.912373913818711,5.43533399890041,3.19203044427301,0.077557454768758,0.494034791075377,"elpc-3"
0.422386850511932,7.98434664691815,3.19031197484265,0.0776326700400986,0.494034791075377,"nhr-21"
-0.616974057640067,6.39202146694496,3.18987137825954,0.0776531633702301,0.494034791075377,"dhhc-8"
-0.267664458404963,10.239404923279,3.18949022103251,0.0776701588870741,0.494034791075377,"sec-61"
0.705890528866551,6.15462848556724,3.18678256674579,0.0777951087925588,0.494034791075377,"age-1"
-0.611896669836269,6.37351004215027,3.18536059283067,0.0778595388326056,0.494034791075377,"C18B12.4"
-1.02202444285152,5.08057995924582,3.17973452381033,0.0781220007841872,0.494034791075377,"lron-9"
0.62343173982909,6.43541036483749,3.1785550215603,0.0781721709264433,0.494034791075377,"otub-1"
-0.531768613804135,6.88529926541819,3.17714409754649,0.0782367376178677,0.494034791075377,"lit-1"
0.723540645012941,6.08246917501802,3.17698264631763,0.0782452648596076,0.494034791075377,"C49C8.5"
0.784837994355621,5.73912808076729,3.17668941580957,0.0782599454975673,0.494034791075377,"ced-10"
0.735301912315396,5.92810530730564,3.17343059122414,0.078409530177365,0.494342860565521,"elpc-1"
0.388674841963843,8.22241791193009,3.16669015893046,0.0787197034723092,0.495661290798044,"sdhb-1"
-0.369740103373541,8.25654877384441,3.1632241307637,0.0788805984606283,0.496037609550489,"emb-8"
0.29814893254663,9.4995899344717,3.15721161564006,0.0791605444749458,0.497160653840729,"pqn-87"
-0.703564842983547,6.00342167800756,3.15088173851239,0.0794574090951376,0.497535025109837,"mdt-17"
-0.264667936472556,10.2259472941932,3.14765737394688,0.0796076729401717,0.497535025109837,"rpl-21"
-0.545482826272188,6.79476507645572,3.14764196380205,0.0796086147768357,0.497535025109837,"tag-52"
-0.503429095153684,7.03547104229391,3.14697998687867,0.0796396360444031,0.497535025109837,"rnr-1"
0.462778026704366,7.46902204464892,3.145112793528,0.0797273251246344,0.497535025109837,"mel-28"
-0.860762335938474,5.65945630391955,3.14275588300824,0.0798402590147893,0.497606696909201,"gad-3"
0.592185914413262,6.49955921554668,3.13310349537276,0.080294618056627,0.499803428385476,"C05D9.3"
-0.292483871491463,9.8828225329431,3.12342672860032,0.0807541285466133,0.502026616630086,"rps-24"
-0.355802745599577,8.3767554613247,3.11845949676372,0.0809914028867916,0.502864343240143,"eif-2gamma"
0.746551065999913,5.87249074250894,3.10065960285374,0.081849816170207,0.50709888954846,"pqn-31"
0.781946014979262,5.76108900133761,3.10004046384401,0.0818801876702101,0.50709888954846,"nduf-5"
0.294713097881325,9.45728333767509,3.09131427123094,0.0823015186634543,0.509065509513548,"snrp-200"
0.842899760269739,5.55849265059924,3.08430088505319,0.0826468908383009,0.510107838516552,"C39D10.11"
0.782536095679878,5.7337138848767,3.08365146696331,0.0826780288727133,0.510107838516552,"lact-3"
-0.581143501739444,6.54426892738933,3.07800593656692,0.0829526384558328,0.511159160333995,"sur-2"
-0.95112332035211,5.19522338410606,3.07376712664159,0.083165231614213,0.511826174488977,"C25H3.10"
-0.785959256184415,5.64575716458812,3.06900931906806,0.0833975533800319,0.512612781114106,"his-64"
-1.03768632890156,4.9644521461823,3.05995737994289,0.0838486035243028,0.512983142157927,"arr-1"
0.508474927021318,7.01414141589118,3.05916934676143,0.0838833444162369,0.512983142157927,"T02G5.7"
-0.633480354137926,6.21538072681238,3.05637642798555,0.0840227248742355,0.512983142157927,"npp-25"
0.595337562486531,6.52868828415951,3.05403134655534,0.0841395221133963,0.512983142157927,"daf-19"
-0.659168855550973,6.12055210335853,3.05110518532765,0.0842858728954684,0.512983142157927,"ptr-5"
-0.406518402538355,7.8479751694557,3.0500628123009,0.0843373225730057,0.512983142157927,"spt-16"
0.902498754781027,5.37346155572645,3.04844831593211,0.0844213986498542,0.512983142157927,"best-22"
-0.877192979953565,5.34508546465821,3.04838613606571,0.0844248761223075,0.512983142157927,"sams-3"
-0.70393347748992,5.99255522357713,3.04639070530761,0.0845221059111671,0.512983142157927,"chp-1"
0.540407975333075,6.86379912130043,3.04549868640285,0.0845661459754511,0.512983142157927,"ran-2"
-1.06562436956763,4.92359563427052,3.04290282030672,0.0847005823984163,0.512983142157927,"ugt-26"
-0.861203028427598,5.3841636133786,3.0426421661345,0.0847128124664467,0.512983142157927,"vps-25"
-0.607735840433297,6.38615513484373,3.03603406823906,0.0850425912402527,0.513839095021288,"abhd-5.2"
-0.766687872917455,5.75197809106683,3.03563986816037,0.085063678931149,0.513839095021288,"sym-2"
0.333869033405616,8.69218220328914,3.02021569916173,0.0858447670360934,0.517919535439161,"dct-16"
-0.89237114478582,5.39440025125483,3.01814774436466,0.0859537327038333,0.517939875813639,"rnf-145"
-0.293297653567028,9.37608388498026,3.00998273215983,0.0863683937933948,0.518974021131682,"rpl-14"
-0.558225909874268,6.72365846547427,3.00985762790216,0.0863750585716078,0.518974021131682,"tram-1"
-0.564499855279575,6.58015616934892,3.00655034354874,0.0865451243369197,0.518974021131682,"nud-2"
-0.433332223232487,7.52302620023204,3.00647894716592,0.0865485727391877,0.518974021131682,"T02C5.1"
-1.04130737162278,4.97652196498043,2.99992858734351,0.086890951460865,0.520390863144741,"his-7"
0.761186171051907,5.79906725681379,2.99478841169705,0.0871546513240644,0.520446067140526,"fars-2"
-0.35635836873773,8.39268522778649,2.99011938991598,0.0873949321264575,0.520446067140526,"ZC247.1"
-0.688520421863542,6.01371500339389,2.98691358032466,0.0875627514756927,0.520446067140526,"czw-1"
-0.294164555432037,9.27132029407388,2.98365994706557,0.0877316212072396,0.520446067140526,"rpl-31"
0.818219483040125,5.63184163269443,2.98340537102958,0.0877478140535712,0.520446067140526,"glr-5"
-1.13485795679941,4.8228268410435,2.98259575624616,0.087790407258357,0.520446067140526,"frm-2"
0.635177282632043,6.20919858676453,2.98252385771853,0.0877919200796454,0.520446067140526,"F45H10.2"
-0.639543082675511,6.16265198605099,2.9820665089005,0.0878155619861729,0.520446067140526,"dad-1"
0.718494057211799,5.88254781507018,2.98133362871768,0.0878551159209695,0.520446067140526,"exc-5"
0.851210909471054,5.50475356387111,2.97141803011709,0.0883769260661981,0.522636538237254,"D1007.15"
-0.284202902921192,9.46953837863745,2.96737344356954,0.0885869449756516,0.522636538237254,"dpyd-1"
0.415444039514726,7.68672591950985,2.96415352491337,0.088757202633029,0.522636538237254,"F02A9.10"
-0.239884407517574,10.9117919478281,2.96086769271756,0.0889311673853112,0.522636538237254,"rps-7"
0.539807151586148,6.76601772527506,2.96041990807425,0.0889552228739074,0.522636538237254,"C15C6.3"
0.511444144909936,6.96725576631599,2.9596506911658,0.0889959460960035,0.522636538237254,"prdh-1"
-0.571905424649417,6.48935975131648,2.95882061126049,0.0890401506291955,0.522636538237254,"F13E6.1"
0.549339493018755,6.65505621984842,2.9581212631493,0.0890772978524658,0.522636538237254,"frm-4"
-0.856930693882074,5.37994568867106,2.95443852995749,0.0892763214797445,0.522835544334318,"sup-46"
-0.805647912508753,5.59101150833187,2.94831733227737,0.0896017945500056,0.522835544334318,"toc-1"
0.535748304543018,6.88475513078212,2.94812111824166,0.0896101516571133,0.522835544334318,"mbk-2"
-0.849036232377987,5.41888867557685,2.94755989115714,0.0896432352158648,0.522835544334318,"F54E12.2"
0.503976188289672,6.96357887999433,2.94587839206993,0.089730133133447,0.522835544334318,"nol-6"
0.779148303336788,5.71624551249762,2.94553617587525,0.0897507703016302,0.522835544334318,"ttr-17"
0.57825382417256,6.5106953230475,2.94167882272706,0.0899556072364301,0.523407180895243,"ctsa-2"
-0.442727970449048,7.42393429298169,2.93146727894479,0.0905054170296342,0.525005349936297,"mog-1"
-0.980828778076938,5.18266053101528,2.93086129344893,0.0905426856918141,0.525005349936297,"ZC239.6"
0.316162240931723,9.01617273305612,2.93061578109346,0.0905513814569026,0.525005349936297,"alh-1"
-0.272505368038123,9.82275625989348,2.92844328060413,0.090668972897781,0.5250664841365,"tbb-2"
-0.287735868151929,9.51558040572229,2.92542895099355,0.0908324237234553,0.525120223903083,"rps-12"
-0.509842429143712,6.86242247666655,2.92325332347876,0.0909507927219975,0.525120223903083,"mpc-2"
0.313605068453475,8.84400967958615,2.92164778455075,0.0910379245741606,0.525120223903083,"din-1"
-0.491938412860752,6.99896813787957,2.92039109056806,0.0911064853295664,0.525120223903083,"C18D11.1"
-0.248079636853128,10.7321572828308,2.91692537037313,0.0912952690452071,0.525428287712182,"rpl-25.2"
0.785749208790983,5.65288469598217,2.91545455430827,0.0913783875867684,0.525428287712182,"miro-1"
0.631335104427168,6.17929172377758,2.91353935948302,0.091481296168441,0.525428287712182,"C49A1.10"
0.816530788199627,5.57220351810022,2.90793024970912,0.0917907866670618,0.526589249826828,"flh-2"
-0.290606056118111,9.25586529283858,2.89316718022119,0.0926023242428946,0.530624299546026,"unc-23"
-0.594483314147731,6.30939699845434,2.88518997843824,0.0930463027776891,0.532119187323456,"rbm-5"
-0.737508164534399,5.69322151430934,2.88272192290032,0.0931853765910168,0.532119187323456,"lin-24"
0.952773153150483,5.23199532797174,2.88268142252793,0.0931886609400303,0.532119187323456,"F55A12.2"
-0.379536042112192,8.00649464483805,2.87451742321482,0.0936428641702703,0.533605752580647,"ptp-3"
-0.594896430297651,6.42667637540693,2.87339114729284,0.0937064677523446,0.533605752580647,"sue-1"
-0.715884362440916,5.80256512253514,2.87211835129421,0.0937790660224882,0.533605752580647,"glrx-10"
0.758964167686105,5.67510412684402,2.87027218028244,0.093884151779225,0.533605752580647,"cytb-5.2"
0.736269263661137,5.74091319840366,2.86468196445,0.094199174479386,0.534776563450681,"syd-2"
0.585585184595,6.47082239834669,2.8610749611935,0.0944013658028629,0.5350343626379,"sec-5"
0.445492248882851,7.38366306201942,2.85897412960647,0.094520012834186,0.5350343626379,"ZK1320.3"
0.44319126445809,7.42288069898944,2.85712951694848,0.09462469630287,0.5350343626379,"ddx-15"
0.40651438359568,7.80367367969434,2.85600048467684,0.0946887936935925,0.5350343626379,"nduo-2"
-0.431120088166604,7.47257005623684,2.84344100737269,0.0954055851506625,0.5350343626379,"hsr-9"
-0.405593396138241,7.66892411538062,2.84168428483857,0.0955062976105022,0.5350343626379,"ccg-1"
-0.193551181031699,13.412066699099,2.83967981639412,0.0956213088703542,0.5350343626379,"eef-2"
-0.380888178428841,7.98315862465485,2.83913140611788,0.0956528708480324,0.5350343626379,"rps-27"
-0.441368578771686,7.36028202682861,2.83832503810452,0.0956992877710926,0.5350343626379,"mig-15"
-0.589944774348702,6.34054748437013,2.83612884075253,0.0958260329135738,0.5350343626379,"mob-2"
0.500375973904028,6.94782013697199,2.83448202834158,0.0959206760502677,0.5350343626379,"cytb-5.1"
0.53016341923872,6.74011144876873,2.83215812301284,0.0960548521264778,0.5350343626379,"ztf-22"
0.486401558214833,7.1775255379775,2.83209753919214,0.0960581917065243,0.5350343626379,"erp-44.1"
-0.747419307511099,5.6633772802014,2.83054544146749,0.0961497181860173,0.5350343626379,"sdn-1"
0.316069216590366,8.95172943831403,2.83041445682685,0.0961552865438894,0.5350343626379,"alh-12"
0.693989684775584,5.93219061306385,2.82964750077738,0.0962013188472321,0.5350343626379,"Y41D4B.11"
-0.97532253711375,5.05514280676046,2.8296349162996,0.0962052617743842,0.5350343626379,"aipr-1"
0.882779304106184,5.30551877717505,2.82787190154629,0.0963057417888734,0.5350343626379,"his-25"
0.82720774105355,5.49633564848384,2.82767479852139,0.0963170932128983,0.5350343626379,"rrp-8"
-0.945218741730579,5.1565073763167,2.82206364133275,0.0966440866429271,0.53583123273847,"dve-1"
-0.513368138310001,6.84164930654089,2.82137719107023,0.0966794829201096,0.53583123273847,"col-147"
0.731820183110805,5.7503641462761,2.81954532894258,0.096788271601689,0.53583123273847,"Y71H2AM.10"
-0.51587755973424,6.95630999007387,2.80924448556394,0.0973879182646153,0.537668707943461,"F56A8.3"
0.84305941365941,5.50088211041072,2.8053492547885,0.0976197006565602,0.537668707943461,"Y49E10.18"
0.553165814007804,6.66042124300325,2.80420408387258,0.097684123695475,0.537668707943461,"hic-1"
-0.304140669236731,9.03504277484813,2.80364284099509,0.0977167869912226,0.537668707943461,"lgg-1"
-0.869990344203659,5.29924099682145,2.80352829194324,0.0977275453122467,0.537668707943461,"npp-22"
-0.847456413394947,5.32971294648872,2.80266995182284,0.0977778771632145,0.537668707943461,"toh-1"
-0.341105091432619,8.33315186304764,2.79560871590091,0.0981908799071222,0.539335124237888,"smk-1"
0.872425867052907,5.34975096481838,2.79016500795912,0.0985169519603205,0.539902239064503,"slc-17.6"
0.879996130769145,5.3558304722031,2.78386181122992,0.0988920308138276,0.539902239064503,"R119.2"
-0.478029535563344,7.02638671244932,2.78376745122368,0.0988943996137705,0.539902239064503,"met-1"
0.793280196174437,5.55569731512662,2.78258158402494,0.0989680974144532,0.539902239064503,"Y106G6H.1"
-0.62148213260521,6.12922562014937,2.77723808250895,0.0992851980306121,0.539902239064503,"B0250.5"
0.774375850767802,5.7296046043419,2.77599256318912,0.0993616456656934,0.539902239064503,"xpb-1"
-0.20829835917251,11.9876117301995,2.77571363916771,0.0993758352385143,0.539902239064503,"atp-1"
0.538560916183965,6.62496465936873,2.77091318984032,0.099664526366621,0.539902239064503,"W07G4.5"
0.660651237737701,6.06018172243617,2.76905045610179,0.0997775799298329,0.539902239064503,"Y53F4B.13"
1.01859820277298,4.99529130983411,2.76870748602403,0.0997969900136743,0.539902239064503,"ugt-39"
-0.207441267294642,12.3801232803334,2.76860801262351,0.0998029011458476,0.539902239064503,"rpl-4"
-0.270163268458655,9.57321392144269,2.76767588690516,0.0998590846235856,0.539902239064503,"rpl-23"
-0.59889352595388,6.24824585818232,2.76734063957517,0.0998798505176794,0.539902239064503,"hrpf-1"
-0.858670955892586,5.29608176838194,2.7646126163716,0.100047975884008,0.539902239064503,"mrpl-40"
0.219528516236246,11.5602629451296,2.76454450405336,0.100048044353269,0.539902239064503,"K10C2.1"
0.841784744758073,5.43217092485385,2.76448124135596,0.10005527733122,0.539902239064503,"ZK185.3"
-0.447823982052057,7.26310079174985,2.76159021923949,0.100226813086754,0.540075928285497,"cyn-3"
0.337344063542674,8.42453566726476,2.76025334547616,0.100307680054656,0.540075928285497,"daf-2"
-0.229008374513964,11.2411498436548,2.75513677127451,0.100618165016298,0.540591547208563,"rps-3"
0.457721346704207,7.33677323340103,2.75504501803273,0.100623870051257,0.540591547208563,"sod-1"
-0.727761123197591,5.72260762154323,2.75117643437616,0.100861029616345,0.540977789668428,"bas-1"
-0.672538759333067,5.92810680642775,2.75025831813567,0.100916346084936,0.540977789668428,"K09G1.1"
0.485455763958619,7.01864734409745,2.74757334744546,0.101079340547368,0.541260005878648,"Y23H5B.6"
-0.295663737344733,9.03676344658576,2.74431678024897,0.101278355030809,0.541734276364358,"aass-1"
0.846245280163794,5.39347636996508,2.73976902339976,0.101560715300455,0.542575803572517,"sac-1"
-0.791311868647442,5.47608901068756,2.73819638990313,0.101656914063842,0.542575803572517,"set-30"
0.224547209315425,11.0988602850081,2.73056377080807,0.102124431314598,0.54447862565011,"myo-1"
-0.763695685265494,5.57018545270447,2.72468324735385,0.102491095571774,0.545840199543485,"C36B1.9"
0.694846489916978,5.84234138340485,2.71832294987,0.102886147810287,0.545972088861358,"mut-15"
0.708630711439808,5.80411958758733,2.71779975193394,0.102918886492537,0.545972088861358,"C46F11.4"
0.5883446954305,6.30311852665149,2.71745313538971,0.102939098756112,0.545972088861358,"ptrn-1"
0.509602053942518,6.95485922203523,2.71709176972456,0.10296109728782,0.545972088861358,"mel-11"
0.716992411217212,5.76733826572597,2.71290167200181,0.103224876854481,0.546351912485992,"ifa-4"
0.715259748613311,5.80287138188184,2.7112290261698,0.103329420858508,0.546351912485992,"lfe-2"
-0.679756750641682,5.87928921937196,2.70931913770642,0.103448162089314,0.546351912485992,"mmaa-1"
0.712514803402213,5.85945429488955,2.70746278429016,0.103565392218138,0.546351912485992,"W04A4.5"
0.499608806288404,6.86865885142986,2.70704816769791,0.103589659248109,0.546351912485992,"dmd-7"
0.453635625269681,7.23301761863839,2.70280741633497,0.103856224044231,0.546392853928406,"spcs-3"
0.486148077543348,6.93098373128825,2.70213969765967,0.103898364729938,0.546392853928406,"rbd-1"
-0.679450767105914,5.84562406604344,2.70162959517513,0.103931607077513,0.546392853928406,"T20B3.1"
-0.586181130445252,6.28610220956936,2.69870570518735,0.104115256695277,0.546772306306565,"wrk-1"
-0.867064900608221,5.32615389247152,2.69064574931391,0.104628908415098,0.548639055561848,"ttr-6"
0.743419170214546,5.66012808953262,2.68959710970087,0.104694425281527,0.548639055561848,"K12H6.6"
-0.572963168099425,6.29315830831126,2.68597750741668,0.104922474000298,0.549247315871358,"C30B5.2"
-0.319451147075099,8.56292011707522,2.68356621724186,0.105075695367628,0.549462991234773,"mtm-3"
-0.944339119335826,5.03157824030551,2.68132869120768,0.105223566827245,0.549650261222192,"ger-1"
0.353800578735695,8.17157683513122,2.67919299791095,0.105355128432581,0.549752026555118,"lin-41"
1.04142241365362,4.91943256401345,2.67046889941648,0.10591347613939,0.551600965793808,"sto-4"
0.463607267923495,7.14129676694459,2.67016996023203,0.105934375082114,0.551600965793808,"F32A5.3"
-0.852502147087797,5.29568005683178,2.66303142684484,0.106398956587169,0.553432536649058,"Y55B1BL.1"
0.550013342313591,6.50713257545669,2.66068428775755,0.10654735245814,0.553617334541503,"nprt-1"
0.533167451200083,6.58523036652993,2.65728246976452,0.106767948598879,0.554176495108467,"spp-18"
-0.388743561755341,7.81794706926811,2.65359263601074,0.107007524615249,0.55476727445536,"rig-4"
0.717376778443007,5.73377927870973,2.64854486578182,0.107339119998366,0.55476727445536,"ZK829.7"
0.898518106283863,5.19669921283176,2.64852975970736,0.107340683498484,0.55476727445536,"F28H6.4"
-0.849991534164092,5.28587061106031,2.64709044647854,0.107435822837873,0.55476727445536,"T03G11.10"
-0.447095804073113,7.21658466376439,2.64685481216772,0.107447280475554,0.55476727445536,"let-754"
-0.611767034811857,6.09486110509631,2.64279803713401,0.10771361624909,0.555457977753893,"E01G4.3"
-0.708055819229708,5.707433219657,2.64138285680479,0.107807542267422,0.555457977753893,"cle-1"
0.328705236105347,8.41101774401323,2.63647365183944,0.108128573930334,0.556084855595396,"rpn-6.1"
-0.819076748380932,5.36381257244232,2.63611288476124,0.108155953565343,0.556084855595396,"swt-3"
-0.673406438196638,5.8079920006532,2.62719852596455,0.108742859822418,0.558193929567939,"nspe-1"
0.512134553043755,6.70152959022129,2.62419674895531,0.108940939777998,0.558193929567939,"acdh-9"
-0.249451516532392,10.2039236033501,2.62294052098665,0.109024081618422,0.558193929567939,"rps-18"
-0.750849444999054,5.59684333238321,2.62292367547152,0.109027548696614,0.558193929567939,"hpo-35"
-0.654607337187522,5.92248249035596,2.62128755405607,0.109135163803395,0.558193929567939,"F39G3.3"
0.539513827663817,6.52867290055959,2.61639323494496,0.109460774740068,0.559276145937535,"nhr-31"
0.605165539181722,6.22612173544216,2.60143888982451,0.110464923267246,0.561937720343282,"C32D5.8"
-0.356521279898825,8.05713553721805,2.60003598040843,0.110558745815906,0.561937720343282,"rhr-1"
0.477460317429058,7.0289216925689,2.59989432977179,0.110568466432614,0.561937720343282,"acy-1"
0.840902782531126,5.38921096660112,2.59984351481278,0.110575182324659,0.561937720343282,"mtm-9"
-0.541307237432433,6.68427162451585,2.59947297840771,0.110596998830832,0.561937720343282,"F36A2.3"
-0.794749038370872,5.43001712894742,2.59655307671266,0.110797410823328,0.561937720343282,"cyk-4"
0.256458793801015,9.74580239887135,2.5948955549759,0.110906433361571,0.561937720343282,"gcn-1"
-0.893573845595937,5.11797857322104,2.59406224297112,0.110967820059484,0.561937720343282,"lido-9"
-0.732323829476609,5.69219474920463,2.59335514704717,0.111012772887388,0.561937720343282,"C18H7.1"
0.84090159637342,5.3974727262762,2.58916772878518,0.111298805931644,0.562018881137913,"C15C7.4"
0.780982770555214,5.59934444044406,2.58840977925685,0.111349890158908,0.562018881137913,"snr-4"
0.527227906669284,6.57412389984338,2.58803929791267,0.111372548922742,0.562018881137913,"F46H5.4"
0.435122029104088,7.26876291480608,2.58089483951486,0.111859861983679,0.563897865395625,"hxk-2"
-0.572425406966947,6.37705367398361,2.57863585614612,0.112014827026818,0.564051964968445,"dnj-24"
0.625030257223722,6.13296905707886,2.57710565101305,0.112120421171098,0.564051964968445,"pcs-1"
-0.523712830799198,6.54241141984295,2.57426133315763,0.112314923280374,0.564451535543276,"drap-1"
-0.665240162475493,5.81085427760019,2.57056162883061,0.112570620318203,0.565157515517691,"mtm-6"
0.430620301622081,7.25168161934436,2.56482479228542,0.112965385993001,0.565938659503581,"T06E6.1"
-0.244178715691546,10.128549660311,2.56415812103125,0.113011374148625,0.565938659503581,"rps-22"
0.848071360877377,5.2908759741641,2.5633271391006,0.113072351949747,0.565938659503581,"F54D11.4"
-0.624047825104275,6.09513434788261,2.55763959413478,0.113464281990072,0.566072853636099,"tim-1"
-0.691480514173402,5.73447435748655,2.55752533013479,0.113473156800725,0.566072853636099,"Y105C5B.5"
0.598646560182488,6.1661496659889,2.55751519021848,0.113473160221275,0.566072853636099,"dhs-22"
-0.476505228661474,6.90956990780945,2.55624342556786,0.113560792656049,0.566072853636099,"F53F4.10"
0.637294149170009,6.02013542717197,2.549478255758,0.11403384960958,0.567853839934,"bpl-1"
0.703260008184285,5.73964507324431,2.54331778022246,0.114466425860455,0.567858539792578,"mpk-1"
0.676399803181915,5.81505038037688,2.54156241790709,0.1145893850155,0.567858539792578,"dpff-1"
-0.682805869772574,5.78736566001397,2.53939533363175,0.114741263796051,0.567858539792578,"skr-3"
0.854554763765745,5.28495739525405,2.53874545810361,0.114788938326533,0.567858539792578,"mei-1"
0.413436962472054,7.52688730605325,2.538615018919,0.114794780493829,0.567858539792578,"Y43E12A.2"
-0.554370615649771,6.38528648085214,2.5380465219619,0.114835169193574,0.567858539792578,"far-8"
0.584655473185199,6.20984823841354,2.53758580098973,0.114868111936786,0.567858539792578,"K07H8.2"
0.274984578073002,9.17458276360811,2.5360225193756,0.114977450216302,0.567858539792578,"lys-1"
0.477545156828308,6.92011137716208,2.53148426954339,0.115298376613409,0.567858539792578,"npp-13"
-0.493113179637028,6.77021537354108,2.53139648538945,0.115304593494133,0.567858539792578,"rpt-1"
0.958271809299813,5.09363147110171,2.53023103828763,0.115388860508162,0.567858539792578,"W01A11.7"
0.635892832894471,6.08763235784319,2.52837531737651,0.115519635348105,0.567858539792578,"disl-2"
0.274623660041362,9.28859733012338,2.5280737709216,0.115539821144341,0.567858539792578,"ifc-2"
-0.248021469434035,9.92839336974092,2.52541711662577,0.115728461555066,0.568216320247848,"apl-1"
-0.527889786480084,6.56699018380026,2.52091168384642,0.11604949484825,0.569222772230669,"siah-1"
0.619402029919651,6.28341635569926,2.51329243028061,0.116594630024792,0.571325334936666,"T23G5.2"
-0.22065485453271,10.9589837997344,2.50874433100457,0.116920290979707,0.572349328598264,"asp-6"
0.383647596237238,7.7781994764285,2.50643613394148,0.117086444899693,0.572591238517443,"dpy-22"
-0.61355355412018,6.03426077312358,2.50055966325288,0.117511285738596,0.573982503999802,"nhl-3"
0.595907662498963,6.22211600792823,2.49926478579042,0.117604977883751,0.573982503999802,"jmjd-2"
-0.85059881417234,5.19902562437366,2.49524653529344,0.117899852496109,0.574849678422878,"let-23"
-0.778514314300209,5.38034017362281,2.49042855332165,0.118249013952444,0.575252140295978,"pup-2"
-0.498310921470757,6.66340550894102,2.48445043285203,0.118681953010938,0.575252140295978,"sar-1"
0.624560343691955,6.02149832567198,2.4834708630394,0.118754692931547,0.575252140295978,"madd-2"
-0.839134210218382,5.24583348203257,2.48248323294647,0.118829970730455,0.575252140295978,"R148.5"
-0.250213070103026,9.70181675561976,2.48177525359045,0.118877463162532,0.575252140295978,"tct-1"
-0.270263993097173,9.23370516604413,2.47895116145995,0.119084534771032,0.575252140295978,"rpl-33"
-0.662691040571664,5.93769553459229,2.47838793625219,0.119126949146533,0.575252140295978,"ddx-19"
-0.465255453629651,7.02206932641193,2.4779551293546,0.119157821891466,0.575252140295978,"F31D4.2"
0.567571296758794,6.27600779670044,2.47767834794951,0.119178770141804,0.575252140295978,"C02F5.3"
0.588462195432077,6.20179127543278,2.47661133774376,0.119257316608916,0.575252140295978,"ctsa-1"
0.554860813041742,6.45474593898418,2.47640020369117,0.119272462116414,0.575252140295978,"uig-1"
0.743905039886716,5.53232796460794,2.47411504916501,0.119443237633926,0.575509688134831,"F20A1.10"
-0.35863638761273,7.93665149119873,2.47248081109249,0.119560524405585,0.575509688134831,"ads-1"
-0.264963942078668,9.37490683259008,2.46898819883152,0.119818284179832,0.57618498421772,"pmt-2"
-0.22066735568137,10.6937420587206,2.46331308976632,0.120238507074263,0.576666961454391,"rpl-18"
0.591968549650862,6.17977509460465,2.46321229206033,0.120246961403569,0.576666961454391,"asp-8"
0.534292273432475,6.54114219742808,2.46228638610136,0.120315165767052,0.576666961454391,"T22H9.1"
-0.234580085679015,10.2380808784586,2.45981721905735,0.120498201576811,0.576666961454391,"pmt-1"
0.855823404216691,5.23818776732698,2.4566323861124,0.120738666295128,0.576666961454391,"C24A1.3"
-0.23804547863897,10.0711086498671,2.45581403853946,0.120796354938463,0.576666961454391,"pdi-2"
-0.202431668966772,11.867713753601,2.45466461599876,0.120882107921297,0.576666961454391,"rla-0"
0.865349008061363,5.30915898430166,2.45466551479874,0.120885484182503,0.576666961454391,"aat-6"
-0.50379760638893,6.58825639893122,2.45306100372131,0.121002183216912,0.576666961454391,"pct-1"
0.804574978342414,5.38096806619145,2.45187338326235,0.121094183546997,0.576666961454391,"F20D6.11"
0.661947785217346,5.84453656506787,2.446780683951,0.121474162646962,0.577915390672502,"mrps-18B"
-0.241264827679075,10.5731918371339,2.44457239496567,0.121638062237815,0.577966470611837,"Y37E3.8"
-0.828191089654858,5.29250024061435,2.44177235016221,0.121852871010121,0.577966470611837,"rrf-3"
0.809016615789507,5.37920978693816,2.44143993347819,0.121877305445843,0.577966470611837,"spds-1"
-0.471712747134359,6.92173329952326,2.44034840975565,0.121956227743782,0.577966470611837,"rars-1"
0.385889415469028,7.63794103071554,2.43522216364809,0.122343276196349,0.579211741987042,"C05D12.3"
-0.227159493609776,10.3971570670767,2.43374299651192,0.122455163392571,0.579211741987042,"rpl-12"
-0.704524891747002,5.60104745961267,2.43155155073728,0.12262352929019,0.579449336385724,"pqn-52"
0.413271228285806,7.30900633320775,2.42936452758791,0.122787412989384,0.579665313486938,"tomm-70"
0.255498992381827,9.6045359932616,2.42186988721781,0.123358142131341,0.580132465571294,"tank-1"
0.411561298769296,7.3144643570286,2.41950670280593,0.123538881375652,0.580132465571294,"dpy-26"
0.616635375415072,6.02365562971831,2.41902798790068,0.12357673544194,0.580132465571294,"ctf-18"
-0.5323821332497,6.36745912655072,2.41612256196629,0.123798370143067,0.580132465571294,"C16H3.3"
0.784148590118478,5.40983900451767,2.41524760572716,0.123868526184201,0.580132465571294,"D1054.5"
-0.660682416352264,5.74333653106335,2.41422907665767,0.123944854195721,0.580132465571294,"unc-9"
-0.458607330282568,6.89615796454651,2.41175491417296,0.124133520055557,0.580132465571294,"his-72"
-0.510092727173086,6.55098186911742,2.41120187720595,0.124176192899516,0.580132465571294,"Y105E8A.3"
-0.711036060399329,5.5762449570289,2.41113353445321,0.124183526803098,0.580132465571294,"ZK652.6"
0.757037401064137,5.5378601846104,2.40897399564567,0.124350586641366,0.580132465571294,"edc-3"
0.543867359867926,6.46877369648148,2.40604564771318,0.124573831561158,0.580132465571294,"F25B5.5"
0.347383681755573,8.00859121567775,2.4059472506852,0.12458094452618,0.580132465571294,"T05H10.1"
-0.206524652686337,11.3538079511608,2.40516032608935,0.124641675858537,0.580132465571294,"rps-5"
-0.217664923921497,10.8177856831347,2.40288940260221,0.124817277727667,0.580132465571294,"vig-1"
-0.625816444194841,5.93282041904607,2.40220460085138,0.124871371902125,0.580132465571294,"prk-1"
-0.378876786710898,7.68214357661112,2.40154137051207,0.124921719657085,0.580132465571294,"F44E5.1"
0.667179229720553,5.83782786785933,2.40056829070202,0.124999030367877,0.580132465571294,"cyn-13"
0.767296383313223,5.46164554834934,2.40012547230301,0.12503477867637,0.580132465571294,"lep-2"
0.85442742941844,5.22577076381432,2.39885102847661,0.125133567497335,0.580132465571294,"cyn-4"
0.474244493072906,6.91245687790602,2.39670431240541,0.125297199258653,0.580342551807074,"C24B9.3"
0.496289540541783,6.80095008088107,2.39491256476623,0.125436594510018,0.580440090633623,"nifk-1"
-0.21856592036202,10.9879292825971,2.39228539381232,0.12564095078302,0.580837760217448,"rack-1"
-0.396268648116127,7.40540162860891,2.38925792236853,0.125877339727506,0.580962470218358,"nipi-3"
0.573672604290934,6.33739805050723,2.38891404139742,0.125904812607974,0.580962470218358,"C30H6.9"
0.408347368297091,7.46193805757735,2.38580471320833,0.126147473292617,0.581021173738353,"hsp-43"
-0.60628504063657,5.96811686857434,2.38546270434502,0.126175151948433,0.581021173738353,"acds-10"
0.421919427041982,7.1934102884096,2.38347203422737,0.126330363461092,0.581021173738353,"F22E12.1"
-0.570948384178684,6.14805245189446,2.38091506210547,0.126531664656797,0.581021173738353,"ile-2"
0.419458949866114,7.28428369334197,2.37901207076312,0.126680768515025,0.581021173738353,"ruvb-2"
-0.65857536788156,5.75241137878233,2.3788299975398,0.126696601527643,0.581021173738353,"pph-4.1"
-0.579527331157822,6.12464397416592,2.37795903253481,0.126764242441898,0.581021173738353,"knl-1"
0.515611365164567,6.51656178747675,2.37623240904213,0.126900061609244,0.581021173738353,"pmp-3"
-0.430915350721775,7.21251130563759,2.37516861828989,0.126983628592765,0.581021173738353,"clec-41"
-0.595181103632039,6.02028719935182,2.37180126235544,0.127250418878301,0.581189847244566,"eat-17"
-0.576007254459761,6.19832729025886,2.3717086280118,0.127257471139789,0.581189847244566,"faah-4"
-0.350042710491712,8.03889342302375,2.36743276853737,0.127595618211554,0.582192099839696,"top-2"
-0.377259125208698,7.59199585445141,2.3500343920672,0.12898447909171,0.587982221138327,"ptl-1"
-0.217681957980066,10.7103595587794,2.3478122246799,0.129163011883625,0.588011416690587,"rpl-32"
-0.407678959031314,7.31145496927731,2.34594167672446,0.129313696233276,0.588011416690587,"F20D1.3"
-0.458147138429895,6.93387072945916,2.34548545279767,0.129350523671589,0.588011416690587,"mrpl-1"
-0.611970987445806,5.95854806234213,2.34400664081275,0.129470586807446,0.588012248417151,"nhr-40"
-0.435088827682733,7.07466695882589,2.34097070464383,0.129714840105448,0.588414662442045,"B0416.5"
0.873985530432998,5.1228049830288,2.33835404788629,0.129929115877204,0.588414662442045,"aat-2"
0.616690345747274,6.19898826673117,2.33647216183189,0.130079826295433,0.588414662442045,"F53C11.3"
-0.925340178421548,4.9594911053602,2.33462231129616,0.130234107134216,0.588414662442045,"ttr-31"
0.31083949339957,8.38735539917094,2.33433140350548,0.130252632658908,0.588414662442045,"ola-1"
-0.35843633185936,7.785483785265,2.33361011057933,0.130311253276872,0.588414662442045,"calu-1"
-0.650612504688854,5.83979714657253,2.33254728537165,0.130398927232314,0.588414662442045,"Y75B8A.6"
-1.00443467245228,4.81775690898867,2.32915853800567,0.130677637982334,0.58859901672118,"sand-1"
-0.477767290181176,6.77989133587312,2.32908385116291,0.13067978169406,0.58859901672118,"smg-3"
0.696956987806752,5.66692972163891,2.3260968267553,0.130925913739968,0.588779681489524,"pgp-12"
0.495085863215406,6.67511699762265,2.32565206164867,0.130959965852206,0.588779681489524,"sart-3"
-0.39081820171368,7.4596917185937,2.32306536928692,0.131171266875025,0.589123877098323,"dpy-27"
-0.337985159786799,8.02503828571007,2.32160794099894,0.131290583252238,0.589123877098323,"Y102A11A.3"
0.389198689687426,7.57082112696337,2.32031236731716,0.131396844351797,0.589123877098323,"C18B2.3"
-0.510903136391698,6.44483851916118,2.31772380375665,0.131609647696361,0.589539106804248,"col-167"
-0.434257695424402,7.11227186986742,2.31545805301693,0.131795733917493,0.589834009913598,"fkb-2"
-0.833900889428677,5.1386694935133,2.30589439046514,0.132590229548831,0.592579716797762,"sta-2"
-0.310395766723932,8.42662776274735,2.30477010218745,0.132678595186431,0.592579716797762,"vha-5"
-0.317405567251258,8.45011723451839,2.30342334481813,0.132790331184362,0.592579716797762,"lrp-2"
0.77244363074524,5.41052053395024,2.30223481991847,0.132892495102454,0.592579716797762,"coh-1"
-0.527980009384962,6.30550332188106,2.29843826890689,0.133205327686923,0.593435179204686,"F49C12.12"
-0.357942324630556,7.75118982643101,2.29544785798373,0.133454267962686,0.594004704498162,"sup-26"
0.623714624814677,5.97653758760991,2.28882275958201,0.134010083642588,0.595937860622751,"Y71H2B.5"
-0.789100666427805,5.25852535365421,2.28406234527834,0.134412746964992,0.59602772978494,"C31E10.5"
-0.592463989543424,6.04631642518623,2.28372436965708,0.134437804939901,0.59602772978494,"C34F6.10"
0.537418563130124,6.29014344961802,2.28360274639751,0.134447940931658,0.59602772978494,"ZK792.5"
0.750414179711029,5.43726369674378,2.28210247828095,0.13457698825928,0.59602772978494,"rgs-6"
0.820943965408951,5.25925231143816,2.27944866522227,0.134800908588764,0.59602772978494,"T04F8.7"
-0.448200147911912,6.87443422259882,2.27866330239251,0.134863952402129,0.59602772978494,"T01D3.3"
-0.349807818533686,7.83700808077817,2.27773401651493,0.134942340329233,0.59602772978494,"myrf-1"
-0.597682872165551,5.95816705822887,2.27703482279609,0.135002407296854,0.59602772978494,"unc-57"
-0.55835480466281,6.2583878310257,2.26920596542655,0.135665967835284,0.598389485237064,"mcm-7"
0.715050312470899,5.73229732287958,2.26787230371141,0.135781344968166,0.598389485237064,"C14H10.2"
-0.481679747434256,6.61745621141216,2.26069541265475,0.136391754442385,0.600427642135509,"chdp-1"
-0.858285810440173,5.11294000604053,2.25961837023458,0.136488648518062,0.600427642135509,"F47E1.2"
-0.77439423866409,5.29778693481331,2.25590303669757,0.136806258528834,0.600517639063139,"ZK822.2"
0.330642563033176,8.16815295465437,2.25501631867983,0.136878452911578,0.600517639063139,"acs-19"
-0.228019957902851,10.059663433508,2.25439112303537,0.13693214423778,0.600517639063139,"aldo-2"
-0.326210158125301,8.10130923612072,2.25238155523667,0.137105038854045,0.600517639063139,"mca-2"
-0.868923876896655,5.05620096042224,2.25225228917783,0.137121254995049,0.600517639063139,"tyr-6"
-0.296320113097524,8.63621051177373,2.24721974542378,0.137550172042974,0.601858692123806,"vhp-1"
-0.277823215156052,8.7941258767492,2.24180594919538,0.138018819494943,0.602897273079148,"cox-4"
-0.466536815443581,6.84303727793175,2.24106441798415,0.138083349842532,0.602897273079148,"R05D3.2"
-0.204936090166921,10.9922702091609,2.23892307420563,0.138269101099917,0.602897273079148,"hsp-3"
0.244731100295934,9.82024119699874,2.23880708151129,0.138279191073199,0.602897273079148,"tag-10"
-0.758449166890795,5.33803287472585,2.23623643184497,0.138506607644581,0.603352496000596,"dhs-12"
-0.263572696679301,9.13083707201901,2.23390068083389,0.138706414140279,0.60368674477202,"ndk-1"
0.313046849229847,8.28133463759052,2.22757798484001,0.139259196984081,0.605324253569085,"egl-19"
0.679745697512303,5.6626852364791,2.22613497636662,0.139388298951914,0.605324253569085,"nmad-1"
-0.7303673277247,5.39974458059566,2.22436695845812,0.139544203703451,0.605324253569085,"arrd-14"
0.39643618541748,7.332379210216,2.22396477133215,0.139576295777092,0.605324253569085,"rpn-9"
0.559883999395044,6.16307985037948,2.21885096323606,0.140027223928002,0.606743404034319,"yap-1"
-0.686254470981036,5.59773210686614,2.21605047781827,0.14027567622671,0.60688606428333,"lgg-2"
-0.206220484430312,10.8076022522353,2.21427068058553,0.140430772065579,0.60688606428333,"rpl-7"
-0.541549724175122,6.17038362367159,2.21284351760058,0.140557732674058,0.60688606428333,"gop-3"
-0.58059251814704,6.04150919729591,2.21083041224556,0.140736350810644,0.60688606428333,"efl-3"
-0.708363773933541,5.52642754219153,2.21081224789212,0.140739683908335,0.60688606428333,"nhr-143"
0.420328396427689,7.13946698037354,2.20880952634573,0.140915006135469,0.60688606428333,"pmr-1"
0.481974241926511,6.64607256414275,2.20804938324256,0.140982731403297,0.60688606428333,"nac-3"
0.473678905024992,6.74656278613341,2.20667056650193,0.141105254560543,0.60688606428333,"F07A11.4"
-0.512285443199109,6.4276623228162,2.20590244040681,0.141173700172738,0.60688606428333,"F33G12.6"
-0.530628483202514,6.23581329607973,2.20346701733703,0.141390803791434,0.607287121363382,"T19C4.1"
-0.454691946641055,6.75743051898893,2.2011767151592,0.141594834668434,0.607631377120447,"T19H5.4"
0.663858964204584,5.89523883515261,2.194032178508,0.142236012462501,0.60910852990744,"C53B4.3"
0.579861521839508,6.13376422536501,2.19322815612819,0.142307493622055,0.60910852990744,"unc-64"
-0.743024796558816,5.37091363571113,2.19321047214839,0.142311595366754,0.60910852990744,"F23B12.4"
0.639194769884038,5.90250565900349,2.18967810464749,0.142627437644678,0.609928144417737,"R11H6.2"
-0.423349013107959,7.05038422692637,2.18810039010518,0.142768013867046,0.609997480851793,"F44G4.2"
-0.574908342722547,5.97976002223132,2.18297270047329,0.143231918185892,0.6114469614463,"F59C12.3"
0.63977260845005,5.77636756600236,2.18006408973187,0.143496592270556,0.611787297214802,"cids-2"
0.30068880555059,8.38477072842542,2.17806264249071,0.143676053790455,0.611787297214802,"T16G12.1"
0.741113858840211,5.4569294177566,2.17540919197406,0.143920595257302,0.611787297214802,"nex-4"
-0.651249922597979,5.64412653913437,2.17430594559389,0.144019625118948,0.611787297214802,"mog-3"
0.642988934760566,5.74375968507774,2.17359153443572,0.144084983466697,0.611787297214802,"syg-2"
0.755319758379272,5.42973590601498,2.17351335562351,0.144093213991327,0.611787297214802,"Y54G11A.17"
-0.662369761262122,5.65268159842657,2.16946985768724,0.144460716125781,0.611787297214802,"hrde-1"
-0.302155520045001,8.44706568656102,2.16867029723675,0.144531812476737,0.611787297214802,"nmy-1"
-0.392218477089847,7.38053493308735,2.16865710989353,0.144533094723895,0.611787297214802,"plst-1"
0.785217273686004,5.2965573196791,2.16841255202824,0.144558914877055,0.611787297214802,"F35D11.4"
-0.799788897524732,5.22777081307758,2.16699917524499,0.14468907988114,0.611810290359476,"glb-11"
0.832124993375019,5.14752070592966,2.16361976144205,0.144997485194235,0.612514009625877,"ugt-48"
-0.581014608037314,5.95430208309977,2.1624227346646,0.145105255695264,0.612514009625877,"fitm-2"
0.546701038784056,6.20510046182411,2.15968678898744,0.145356636553949,0.612727231756295,"sad-1"
0.414165156890985,7.22955595061088,2.15884906858653,0.145433014091011,0.612727231756295,"sft-4"
0.527564754066888,6.29707342803825,2.15779666002919,0.145530524973717,0.612727231756295,"amt-4"
0.553695157960332,6.24008057658793,2.15494485289581,0.145793710413932,0.613308876140942,"mak-2"
0.816466999491201,5.25670945496975,2.1533699889679,0.145941840101793,0.613405934618075,"snap-1"
0.321169998765891,8.14965464462271,2.15029016726507,0.146223427090839,0.613598016496824,"got-1.2"
-0.296961539806212,8.36474591166759,2.14911576923921,0.146332268092111,0.613598016496824,"uggt-1"
-0.71035095795878,5.51897676789622,2.14881537265239,0.146362829623096,0.613598016496824,"aipl-1"
-0.666504212541005,5.58852690567295,2.14630615738274,0.146595316159062,0.614045022069544,"pop-1"
0.444225234291444,6.8157531516684,2.14440508654868,0.146770063415415,0.614045022069544,"C53H9.2"
-0.715492427636963,5.43623407143718,2.14215115703043,0.146982823686235,0.614045022069544,"F01F1.3"
0.237818201595134,9.84066814702493,2.14111239437357,0.147076541919796,0.614045022069544,"R193.2"
-0.319024861996381,8.0769876607806,2.14091066823479,0.147095392646629,0.614045022069544,"T27C4.1"
-0.755014400904047,5.36854772590774,2.13566223962988,0.147589425957745,0.615429164705069,"ced-9"
-0.229765686531256,10.1287111385929,2.13467978637923,0.147677905577547,0.615429164705069,"rps-23"
0.490856863535717,6.54687339334717,2.13306517804602,0.147829727752633,0.615538891873229,"F10D7.5"
0.367610462765652,7.51418744092001,2.13145483774006,0.147980551575008,0.615644279453277,"snf-3"
0.328049036327466,8.15436023311616,2.12788274571467,0.148316447749368,0.616518793398856,"T23D8.3"
-0.197600839191742,11.0938209892846,2.1248726937004,0.148600173899931,0.617175150702086,"rps-14"
-0.469707854244034,6.62175183754365,2.1184675874618,0.149206377911107,0.619168598692031,"C17E4.10"
-0.454142256174367,6.74299085722838,2.11063493597206,0.149951147970155,0.621733204390201,"spd-5"
0.261789142962555,8.95909952546752,2.10703869018429,0.150294323636448,0.622233629198388,"bcat-1"
0.788472247062888,5.2626648406337,2.10558035269891,0.150437343447661,0.622233629198388,"W05H9.2"
0.682299671456084,5.5939641938476,2.10541620548408,0.150452412686909,0.622233629198388,"ire-1"
0.563619300419583,6.0649219292815,2.10137090538293,0.150838547528041,0.623305034224973,"let-504"
-0.455225648595325,6.71275045372531,2.09733268706494,0.151225895713666,0.624379645181423,"hgap-1"
0.343197302647153,7.78623889409703,2.09240897477209,0.15170069764473,0.624401520165465,"pac-1"
-0.334780689086013,7.81165166736398,2.09150237474136,0.1517883354853,0.624401520165465,"hpk-1"
0.507287188569092,6.41387942251042,2.0909163392822,0.151845537601477,0.624401520165465,"mev-1"
0.472855015209413,6.60691081979094,2.09059300115256,0.151876629949556,0.624401520165465,"mnp-1"
-0.301051012838673,8.28187944523797,2.086873778124,0.152236691434296,0.624401520165465,"zip-9"
-0.713067321477267,5.47242328179524,2.08549720051436,0.152373233010607,0.624401520165465,"T10B11.6"
0.73487012750045,5.440949185044,2.08486511435291,0.152435110687894,0.624401520165465,"gpa-17"
0.410396520043312,7.1738328766168,2.08335979849877,0.152578239143764,0.624401520165465,"rha-2"
0.436408050970313,6.87293216783485,2.08289102637468,0.152623939839691,0.624401520165465,"crn-3"
0.469855416125757,6.73491718338939,2.08060489442655,0.152846682235948,0.624401520165465,"pll-1"
0.217897700678255,10.2120267412751,2.07862806376141,0.153039221433803,0.624401520165465,"nol-58"
0.593103194267962,5.92218915340247,2.0780934275887,0.153093034829883,0.624401520165465,"Y71H2AM.13"
0.669275200916824,5.57767212307603,2.07718393411867,0.153183186526883,0.624401520165465,"exc-4"
-0.462482577083095,6.60654367259495,2.07618103061772,0.153278619407536,0.624401520165465,"cox-6A"
-0.544294042822059,6.08574883841124,2.07608159524568,0.15328880448513,0.624401520165465,"knl-2"
-0.416040850341342,6.99471685640455,2.07600737292439,0.153295480875703,0.624401520165465,"hsp-25"
0.502847767276311,6.37469649969066,2.07499189408363,0.153395276615573,0.624401520165465,"pabp-2"
0.622118308666485,5.76012403842494,2.06934141334783,0.1539511180931,0.626116333454194,"C18D11.3"
-0.877246134921945,4.95337196777299,2.06678557689401,0.154205585172763,0.626116333454194,"vps-22"
-0.361214272879227,7.65374103034561,2.06585590122006,0.154292050194026,0.626116333454194,"tps-1"
0.720610543865675,5.43386134767142,2.06280086379882,0.154596793314884,0.626116333454194,"acdh-11"
-0.814570666945942,5.07742047203808,2.06145257444562,0.154731681101298,0.626116333454194,"tag-267"
0.75232437936012,5.34808085097882,2.06015923528103,0.154858098586687,0.626116333454194,"F18C12.3"
0.305529314997824,8.23901602310362,2.05985541174048,0.154884650225933,0.626116333454194,"emb-5"
0.397743800477749,7.22055306204065,2.05946614133567,0.15492329260884,0.626116333454194,"T20B12.7"
-0.615257894887361,5.75025153772591,2.05905542309818,0.154965388137287,0.626116333454194,"rei-2"
-0.543602341928573,6.12912194051657,2.05380090891441,0.155485939383881,0.626774261497295,"C17H12.8"
0.624321908159799,5.80108319333035,2.05366450846597,0.155500852183546,0.626774261497295,"zig-11"
-0.635681841496869,5.66817739639132,2.05183256424419,0.155682971849925,0.626774261497295,"F36A2.2"
-0.452271819133283,6.75816766413176,2.05152680604555,0.155711772620089,0.626774261497295,"acdh-7"
0.751260900963368,5.34123081396151,2.05049063417442,0.155818327859719,0.626774261497295,"smu-1"
0.721336138646406,5.45779863758301,2.04778892688881,0.156087623960459,0.626774261497295,"rpy-1"
0.445879470110381,6.78773207088705,2.04768906420195,0.156094568098428,0.626774261497295,"Y41D4A.5"
-0.379874427932341,7.33241469412281,2.04712755337131,0.156150488797083,0.626774261497295,"ubc-25"
-0.244476977015393,9.26103965959467,2.0450523479829,0.156357896356119,0.627093607217304,"rps-16"
-0.50336483433388,6.33558350980511,2.0421818337325,0.156645906152962,0.627735432745325,"Y92H12A.2"
-0.523042896972774,6.23526191408809,2.03422917673534,0.15744585973326,0.629549926634378,"T02D1.8"
-0.390015191638871,7.26160979899989,2.03409701478144,0.157458749693398,0.629549926634378,"haly-1"
0.561232272489775,6.06818751376979,2.03385951894275,0.157483743115267,0.629549926634378,"mop-25.1"
0.568585459049877,5.96335346114915,2.02793706780839,0.158082927970502,0.631430587699765,"F22G12.4"
-0.398966828859957,7.17029489998309,2.02656845620083,0.158220388996099,0.631465425570272,"rab-1"
0.390886899594765,7.19062226276788,2.0211050600374,0.158775773123884,0.632920618312974,"pgp-2"
0.435680319475676,6.84853644380926,2.02044549153648,0.158843074646946,0.632920618312974,"magi-1"
-0.681410359704443,5.45354477139201,2.01903810195205,0.158989305385958,0.632989077043932,"nmy-3"
-0.200465970332702,10.7383733679415,2.01664263979006,0.159230910943949,0.633013171468484,"C37A2.7"
0.275067947918581,8.6162420945818,2.01555194853089,0.159342446165291,0.633013171468484,"abce-1"
0.618269943742109,5.76473740548521,2.0149449097739,0.159406688838517,0.633013171468484,"gba-1"
-0.469945877108415,6.51187488895664,2.01390244418628,0.159511575929673,0.633013171468484,"ccf-1"
-0.286193373980489,8.67700595317986,2.00983413649092,0.159928498860338,0.633999046240181,"hsp-16.2"
0.47013644319469,6.56125433557203,2.00793024610007,0.16012458801107,0.633999046240181,"F09B9.4"
0.481412694893224,6.44492942178248,2.00770588792279,0.160147771313269,0.633999046240181,"F11G11.5"
0.328017669267848,8.02640405006278,2.00513473913767,0.160412067010429,0.634083491792894,"sec-24.2"
0.198874908626503,10.9028843031925,2.0049830913127,0.160427647974512,0.634083491792894,"dhc-1"
-0.892511637111912,4.89796306430713,2.00176128149353,0.160765210960737,0.634640312522747,"uri-1"
0.618204992205563,5.77527029725747,2.00037648114254,0.160905423718597,0.634640312522747,"mrpl-10"
-0.762367536223039,5.20563909204823,1.99990409301317,0.160956686804953,0.634640312522747,"tig-2"
0.553594552742414,6.02551299578603,1.99739066638445,0.161213803109512,0.634975816663461,"ttc-37"
-0.809143764940627,5.07600484620609,1.99607258682684,0.161354292433218,0.634975816663461,"K08D8.3"
0.823397497342767,5.15624334094713,1.99475207890384,0.161489473614272,0.634975816663461,"F13H10.3"
-0.461243126899982,6.58563388847722,1.99404993094093,0.161559596166361,0.634975816663461,"tdo-2"
-0.697536941731333,5.42090600125847,1.99107607278083,0.161871877318159,0.635563669189193,"insc-1"
0.760967414242566,5.23228417172096,1.99015399386451,0.161968315287766,0.635563669189193,"dhhc-14"
0.445048195989732,6.67554456266144,1.98629832643173,0.16236756446487,0.636160962913682,"C35B1.5"
0.474082093563414,6.50863767139634,1.98556746946253,0.162444109233879,0.636160962913682,"tmc-2"
-0.65756731978336,5.62701721533216,1.98477155578347,0.162529019716562,0.636160962913682,"ras-1"
0.484401578581365,6.42067850398629,1.98366073981935,0.162643752370272,0.636160962913682,"F41C3.2"
0.65803358861919,5.59104477433665,1.98248744222763,0.16276901293714,0.636160962913682,"T10B10.3"
0.509312092035185,6.23755466632433,1.98100541633137,0.16292238550704,0.636253424293017,"rpb-5"
-0.72948562153811,5.26890232543246,1.97975044087836,0.16305740915574,0.636274138352349,"mig-5"
0.695861743216946,5.45951448635388,1.9764662559656,0.163402064953138,0.637112184892799,"C09E7.7"
-0.31569686030192,8.0022680331512,1.97230386789647,0.163837790534808,0.638107175749894,"fos-1"
0.436443085447256,6.75022033897407,1.96996008302723,0.164085824266499,0.638107175749894,"Y73F4A.2"
-0.716132323096946,5.30412761084079,1.9692485910693,0.164164663072835,0.638107175749894,"ntl-9"
0.342248565662102,7.73554644729636,1.96714440319232,0.164383855658411,0.638107175749894,"rpt-5"
0.21200611539626,10.2068487417113,1.96672858397969,0.164427886899175,0.638107175749894,"Y16B4A.2"
0.662098426481648,5.53381670122044,1.96467570503476,0.164648833099172,0.638107175749894,"cogc-8"
-0.676504784829666,5.49879878449774,1.9643158328315,0.164686798129194,0.638107175749894,"T28F3.8"
0.577748901098128,5.91300234699344,1.96419955793824,0.164697998878566,0.638107175749894,"vha-7"
-0.320695932607763,8.04662538289273,1.95496452495409,0.165681258122178,0.640807845544349,"C53B4.4"
0.363624289825854,7.40476467715447,1.95372278420974,0.165814266135024,0.640807845544349,"eif-3.L"
-0.440192610438324,6.66041122012842,1.95365281805869,0.165821919323929,0.640807845544349,"smo-1"
-0.544355777251655,6.01228421959724,1.95161053838274,0.166041444880999,0.640807845544349,"set-27"
-0.292619656838074,8.22137082278477,1.95153912759555,0.166048271495794,0.640807845544349,"T28B11.1"
0.366898126992117,7.3825735959749,1.94798695726764,0.166429952634252,0.641775878672174,"pbs-1"
-0.216263480177394,9.90639419050992,1.93708777069533,0.167607104700751,0.645807422275871,"rps-30"
-0.270679989660314,8.54924967366888,1.93562900094627,0.167765423440847,0.645910048647845,"Y105E8A.25"
0.376212898879011,7.30208018659659,1.93423659142109,0.167916786118305,0.645985753655126,"nsf-1"
-0.60249160815134,5.74939278653768,1.92921144481888,0.168465446400133,0.647588569429977,"pqn-70"
0.768031173705157,5.32102691161571,1.92709009971198,0.16869902981221,0.647971447453681,"spe-39"
0.560374086689297,5.94029164329508,1.92517305126443,0.168906652973837,0.647971447453681,"B0024.11"
-0.498715339160841,6.4229954887168,1.92447735814705,0.168981693705887,0.647971447453681,"cpg-8"
-0.334902600299479,7.63366565386344,1.92158828442397,0.169298050560712,0.647971447453681,"mct-3"
-0.3757466112995,7.21863291199301,1.92066095030372,0.169399895735511,0.647971447453681,"cah-4"
-0.456486252917596,6.52221043880128,1.91851759915312,0.169635649499295,0.647971447453681,"Y48G1C.8"
0.429565708043954,6.79023965448143,1.91832973115398,0.16965625691517,0.647971447453681,"C14B9.8"
-0.39088508660142,7.0708558488315,1.91777812388499,0.169716826167922,0.647971447453681,"ikke-1"
-0.336436871598434,7.63482050308827,1.91743976612135,0.169753987763095,0.647971447453681,"pde-2"
0.407917963564415,6.96180084934546,1.91367417602752,0.170169208968851,0.649051298594255,"ccch-1"
-0.514379811260953,6.15289088459893,1.91227283469818,0.170324420139233,0.649138524306867,"slc-17.2"
-0.436421530935649,6.69497513907798,1.90859468111729,0.170731063286527,0.650183125326408,"sup-17"
0.583694270065672,5.81003135661692,1.90623273221661,0.170994701519003,0.650197904860744,"suf-1"
-0.591680398262223,5.73274594785131,1.90570507383539,0.171052949974646,0.650197904860744,"K08D8.4"
-0.623416914988341,5.70428463490979,1.90498924187525,0.171132618792094,0.650197904860744,"gba-3"
-0.64665928500739,5.54293000421019,1.90308360860177,0.171345226986661,0.650501809883572,"ZC204.12"
0.445621698754652,6.61671349217073,1.89992044255893,0.171695562785422,0.651109445171054,"pas-1"
-0.585614127383434,5.76522016043026,1.89863315667446,0.171840343445481,0.651109445171054,"W08F4.3"
-0.752223313825912,5.1864164535203,1.89722264347951,0.172000904148142,0.651109445171054,"C27H6.8"
-0.577336991247863,5.81832009729379,1.89687820002913,0.172036257072719,0.651109445171054,"cup-2"
-0.234158343797987,9.28842686800605,1.89524930826024,0.172217175818778,0.651291632529766,"rpl-28"
-0.633998072824414,5.57809246140594,1.89162897409655,0.1726252588398,0.652331968111878,"eat-16"
0.293105982316447,8.32600322301235,1.88954228434228,0.172857433060258,0.652706473564717,"atad-3"
0.561326182014426,6.01138210873384,1.88624536964239,0.173229839604409,0.653609510199712,"arrd-15"
-0.381657821375602,7.16507680633873,1.88030688590578,0.173899491108251,0.654671152325507,"scpl-4"
-0.348510154080835,7.46163346948806,1.87843136934288,0.174111942606426,0.654671152325507,"Y15E3A.4"
0.293853603175588,8.29969846774597,1.87739399521738,0.174229551402974,0.654671152325507,"npp-7"
-0.658013961443691,5.46992177836927,1.8770892773984,0.174266881021807,0.654671152325507,"cka-1"
0.384819189089827,7.08640480264928,1.87598670225779,0.174389457217759,0.654671152325507,"vbh-1"
-0.714191715408163,5.29257895798987,1.87556636071256,0.174440853316272,0.654671152325507,"odr-4"
0.259081360451212,8.79091008896907,1.87184079346278,0.174860992568384,0.654671152325507,"pes-9"
0.331749916100962,7.65122448543116,1.8717877950714,0.174867090662978,0.654671152325507,"unc-53"
0.640285006427088,5.55979379394155,1.86960706753021,0.175118602558616,0.654671152325507,"R10E11.6"
0.297247960132893,8.12915035743894,1.86953859840305,0.175123583449125,0.654671152325507,"ZC412.3"
0.505744142726915,6.16387630947671,1.86928671785835,0.175153201014612,0.654671152325507,"his-37"
-0.257953544834854,8.6880198234192,1.86911636290854,0.175171767485291,0.654671152325507,"atp-5"
-0.520258406956107,6.07448157248264,1.86807137570945,0.17529187807669,0.654671152325507,"F57G12.1"
-0.308179843295869,7.92203480026426,1.86625810969979,0.17549853083649,0.654671152325507,"C18H9.3"
-0.253536189633171,8.95502168558514,1.86597241420885,0.175531195064986,0.654671152325507,"R04F11.2"
-0.483813589297901,6.32194709080532,1.86496726469103,0.175646735262053,0.654671152325507,"F10G8.8"
-0.407266939239935,7.02402260072669,1.86287004142634,0.175886866792627,0.655068399102381,"pole-1"
-0.630882164905469,5.60510051137663,1.86031614919325,0.176182136832515,0.655553568126184,"hmgs-1"
0.418679609650213,6.78613434023302,1.85941037518657,0.176284435547082,0.655553568126184,"best-14"
-0.328894079881994,7.6794387772173,1.85661294085534,0.176606389200184,0.655871078357585,"bet-2"
-0.439092547519622,6.6407883918358,1.8563470865727,0.176637246587231,0.655871078357585,"Y37H9A.3"
0.807682848551266,5.00996709590708,1.85082057406625,0.177277843272584,0.657506902727684,"aho-3"
0.235083714468319,9.28419588284103,1.8502133978063,0.177345898533889,0.657506902727684,"cri-3"
0.669441943144913,5.44604893363621,1.84787248114951,0.177620611238473,0.657609885309088,"hlh-1"
-0.451666219783728,6.54083977053568,1.84755401626148,0.177654606210309,0.657609885309088,"nhr-6"
0.47581444297161,6.4647444345963,1.84583999811042,0.177853878456403,0.657609885309088,"fkh-9"
0.846331293008925,5.03203599087518,1.84428386246571,0.178036562157268,0.657609885309088,"frg-1"
0.3552246219338,7.56498590736553,1.84420177269668,0.178044021955243,0.657609885309088,"kdin-1"
0.270641560351383,8.50899639510328,1.841679521366,0.178337791327363,0.658199297562616,"kat-1"
0.230556759961791,9.58719218326488,1.83756297246636,0.178818556880228,0.659016043994706,"C17F4.7"
-0.487550065341613,6.29513512517827,1.83748805796675,0.17882779909418,0.659016043994706,"hxk-3"
-0.469381711803993,6.50145081571066,1.8311435534498,0.179571677431985,0.661260568921837,"nrx-1"
0.345582197274406,7.51647412852913,1.82924629128638,0.179794618194997,0.66130947218261,"pas-7"
-0.532803851920822,5.95489723537347,1.82841683314144,0.179893169046461,0.66130947218261,"R10D12.1"
0.495193277530029,6.22136792685936,1.8275985974562,0.179989428208723,0.66130947218261,"scpl-1"
-0.251732878781973,8.7460582230035,1.82543911964791,0.180243406031524,0.661645255922982,"pcca-1"
-0.356779138028008,7.30070818219433,1.82381457393753,0.180435431651009,0.661645255922982,"top-1"
-0.231390090560683,9.23118415206311,1.82245261873768,0.180596425338028,0.661645255922982,"vha-2"
-0.454845996374701,6.49717111247581,1.8207212710809,0.180801787341208,0.661645255922982,"akt-2"
-0.294432844993101,8.06355143028119,1.82060296396054,0.180815506561117,0.661645255922982,"R08E3.1"
-0.75533427939485,5.10519694861488,1.81787738761539,0.181143706828893,0.661645255922982,"K09E2.3"
0.847817313161982,4.96719756469534,1.81743130829965,0.181193299054024,0.661645255922982,"K01D12.6"
0.360721283777192,7.41444199546126,1.81723389409276,0.181215368343384,0.661645255922982,"gcn-2"
-0.458560525665882,6.43614859205296,1.81438862732552,0.181554079071568,0.661645255922982,"K04C2.3"
-0.671560398440903,5.37239565442659,1.81351208513885,0.181661500561717,0.661645255922982,"W01B11.6"
0.698521508070016,5.36042986848374,1.81323937413502,0.181694094991212,0.661645255922982,"F22B8.7"
-0.404099097877708,6.93629101247655,1.81295536020115,0.181724653470376,0.661645255922982,"ppm-1.A"
-0.191321783766987,10.8435931667842,1.81111055434669,0.181944554237508,0.661645255922982,"icd-2"
0.413708097989527,6.90513792484055,1.80630005074417,0.182520134998116,0.661645255922982,"Y56A3A.2"
-0.558650742340983,5.80531531111398,1.80533171699255,0.18263731909674,0.661645255922982,"dhs-3"
0.269323974843962,8.61249793064995,1.8052812796553,0.182642059373282,0.661645255922982,"Y32F6A.5"
0.499649436653029,6.25774769502906,1.80429050072671,0.182761645763574,0.661645255922982,"Y41D4B.4"
0.40761272407526,6.93836810046083,1.80284180883754,0.182935064426304,0.661645255922982,"sgk-1"
0.31846477648836,7.77539037353079,1.80246101701188,0.182980678046627,0.661645255922982,"srpa-68"
-0.63716478906348,5.46257952335709,1.80191269787859,0.183049331152801,0.661645255922982,"ugt-49"
-0.574586572395835,5.82618677553222,1.80119896293478,0.183133674678324,0.661645255922982,"pxn-1"
0.806412285487996,5.08371951995012,1.80095476211637,0.18316450986002,0.661645255922982,"smr-1"
-0.663311774304879,5.3633946787918,1.800803497531,0.183183334871235,0.661645255922982,"bca-2"
-0.348226167301474,7.37572105592152,1.79623349523884,0.183730955120498,0.663134904242857,"F21D5.7"
0.352637507499485,7.48709603847636,1.79296162915374,0.184126571078664,0.663223153701349,"dlk-1"
-0.398887977968128,6.85086507363655,1.79213082852702,0.184227289824538,0.663223153701349,"sdz-24"
-0.526189229543527,5.95704680025102,1.79121128467358,0.184339485504593,0.663223153701349,"sax-1"
-0.779789898360548,5.01113442904637,1.7907861470274,0.184395241799475,0.663223153701349,"atg-16.1"
-0.189617673933151,10.644466027093,1.79044484075769,0.18443147434223,0.663223153701349,"rps-10"
-0.37709802189625,7.04660906486687,1.7882809430533,0.184694341062172,0.663681862937694,"dpy-28"
0.239496158372407,9.02042402600508,1.78364090069784,0.185259021607335,0.665223646401157,"itr-1"
0.48904585236513,6.35059696793613,1.7809566390966,0.185587305376234,0.665914947235132,"F09C8.2"
-0.627963239955809,5.48964338450958,1.77962890829609,0.185751649984761,0.666017429221675,"unc-129"
0.368031293111381,7.29831778837471,1.77810708273004,0.185935412539264,0.666189334189255,"pcf-11"
0.599864205087794,5.65926390078584,1.77682869780657,0.186094359677973,0.666272141766757,"plc-2"
-0.447620345413196,6.58046933495653,1.77512208410319,0.186301589845052,0.666527569795756,"Y39A1A.9"
-0.633742554639087,5.46413133387617,1.76890191443941,0.187069489560011,0.667651532577366,"F17C11.11"
0.431235290134923,6.75204933505189,1.76761526411252,0.187225774011276,0.667651532577366,"nars-1"
-0.465812861039356,6.32327069827592,1.76745354925156,0.187245919341567,0.667651532577366,"Y42H9AR.1"
-0.447616687251382,6.4506983941725,1.7673483462607,0.187258814284912,0.667651532577366,"F31F7.1"
-0.534659917715986,5.95688663689738,1.76671581613426,0.187337530144611,0.667651532577366,"C47E8.4"
-0.821885238248129,4.92494169801897,1.76598193881651,0.187432448595114,0.667651532577366,"T24B8.2"
0.691087218964008,5.3638242415832,1.76384568705557,0.187695073140556,0.667793913471103,"dop-1"
-0.580060586708077,5.67727693163671,1.76343138798899,0.187744710841315,0.667793913471103,"egl-13"
0.561992760944233,5.90194414165923,1.76124818231413,0.188015195757908,0.667809971210947,"gad-1"
0.525340932802257,6.00322366986114,1.76101066865492,0.188044348352542,0.667809971210947,"lim-8"
-0.764165143805428,5.04509137021881,1.75882754549226,0.18831930737324,0.667809971210947,"F25B4.7"
0.570545086101801,5.80339879087901,1.75785101476921,0.188437623326834,0.667809971210947,"hpo-3"
0.468006609768578,6.41091248352167,1.75495203374237,0.188797345284281,0.667809971210947,"flp-26"
-0.398875538918042,6.83853425394857,1.75468061065313,0.188830870505389,0.667809971210947,"inx-16"
0.353689796192436,7.32070041814797,1.75438592336607,0.188867546829138,0.667809971210947,"Y75B8A.7"
0.586724661747541,5.83413453639722,1.75405211125699,0.188910934281851,0.667809971210947,"spon-1"
-0.160489309610036,12.6114257496434,1.75352740656571,0.188974564738184,0.667809971210947,"asp-1"
-0.615101940130216,5.60547476696759,1.75243076607522,0.189113653150245,0.667820351837258,"zipt-15"
0.466526675934769,6.36335634859816,1.7492533678226,0.189509611730025,0.667922049704441,"pcyt-1"
-0.451227706795958,6.39899682746421,1.74913189786779,0.18952463092273,0.667922049704441,"K10D6.2"
-0.456435257811554,6.36403911775177,1.74747881416729,0.189731867327724,0.667922049704441,"ttbk-7"
0.489420607395036,6.28002751275752,1.74661490368644,0.189840543123985,0.667922049704441,"jmjd-3.1"
-0.680405941973763,5.29146357751846,1.74636724508533,0.189874729322456,0.667922049704441,"C50D2.8"
-0.365328032840002,7.24269136268912,1.74566303307173,0.189959482026034,0.667922049704441,"Y17G7B.17"
0.252471111635041,8.65931392069317,1.74310468008952,0.190281057531578,0.668573486527499,"ucr-2.1"
0.422587399495728,6.62215503107506,1.7383336716572,0.190882984881178,0.669305845743777,"C14B4.2"
-0.465092928576362,6.36325565189815,1.73602884554575,0.191174482906516,0.669305845743777,"mbf-1"
0.556121316402624,5.97137646287642,1.73560823416876,0.191228685531461,0.669305845743777,"swan-2"
-0.335943243956699,7.55003537864894,1.73477743074418,0.19133260302901,0.669305845743777,"lin-66"
-0.688746611059238,5.25144913661294,1.7340684081082,0.191426387030001,0.669305845743777,"K02A6.3"
0.22097856506667,9.40393133222544,1.73397485624662,0.191434237848538,0.669305845743777,"R02F2.1"
-0.374603948551698,7.03943694302762,1.73331917249163,0.191517519588975,0.669305845743777,"alh-3"
-0.621934410892181,5.4853448493053,1.73283721655003,0.191581122818402,0.669305845743777,"snr-3"
-0.629064537035911,5.49144377853227,1.731547733075,0.191744801503588,0.669400890658433,"C50D2.7"
-0.646506058032553,5.42314772450083,1.72859376107242,0.192120767358064,0.670132461096336,"rhgf-1"
-0.352421562627773,7.24015227767982,1.72773240372561,0.192227598932221,0.670132461096336,"dnpp-1"
0.335089435859883,7.45203482572426,1.72469159188506,0.192615397958104,0.670845709646448,"got-2.2"
0.513506780679244,6.03451218477405,1.72395897699273,0.192710038151774,0.670845709646448,"Y62E10A.13"
0.567219287564818,5.86669563954448,1.72292656007367,0.192842497574208,0.670845709646448,"rad-23"
-0.20093637357723,10.0253255443185,1.71997793573034,0.193218307467028,0.671504020267381,"Y82E9BR.3"
-0.481367081952476,6.18432880828272,1.71930198924275,0.19330554059481,0.671504020267381,"ebax-1"
-0.435405311322253,6.51702939926335,1.71727160007452,0.193565848086278,0.671932402592493,"uda-1"
-0.249634324529268,8.70486899842946,1.71560556285451,0.193779667414845,0.672198917022501,"gbf-1"
0.721895556404124,5.22803588532454,1.71430107356636,0.193950992146466,0.672317750161423,"tdp-1"
-0.787336727465312,5.00032281418798,1.71284802527745,0.194139768497237,0.672496867569877,"kcc-3"
-0.26324110825842,8.48820816060474,1.70990873693527,0.19451396457561,0.673317569684804,"ears-1"
-0.416347122727657,6.63201453018258,1.70725686803316,0.194857147562182,0.673554795302847,"cdc-14"
-0.233897571394416,9.04223140789366,1.70513809749954,0.195131404728327,0.673554795302847,"sdha-1"
-0.570333238733094,5.6912945523546,1.70514666209355,0.195131952774001,0.673554795302847,"Y41D4A.7"
-0.273722683324463,8.42872370776445,1.70190984322156,0.195550564902232,0.673554795302847,"acdh-10"
-0.452444855227766,6.37388917209148,1.70051487722893,0.195732400337357,0.673554795302847,"mtrr-1"
0.711033214153099,5.27116490358836,1.69906633645302,0.195924123933409,0.673554795302847,"bre-4"
-0.644863107405272,5.39332393821334,1.69898004124581,0.19593500089529,0.673554795302847,"fipr-21"
0.435131919700817,6.59966202398139,1.69865382276325,0.195974733540227,0.673554795302847,"F56H11.2"
-0.589895675106051,5.60717788643405,1.69830763943105,0.19602151176403,0.673554795302847,"B0238.11"
-0.467130540084583,6.29159236077574,1.69749116317675,0.196126464134833,0.673554795302847,"his-1"
-0.625339557730488,5.4592360086114,1.69703869486695,0.196187781384019,0.673554795302847,"lido-8"
0.256263009118296,8.667559202205,1.69669164453007,0.196230336898628,0.673554795302847,"rpt-2"
-0.36069938343481,7.19548946478436,1.69033704485626,0.197062052811905,0.675865715640842,"ppm-2"
0.427406058898922,6.74585859892437,1.68944587485499,0.197179172086044,0.675865715640842,"vps-34"
0.644625989918476,5.47611753578074,1.68831196333107,0.197330930599895,0.675913557676317,"unc-63"
0.306683726230329,7.78508843345951,1.6851950679589,0.197737981583713,0.676335016803643,"elo-3"
-0.644622814516938,5.4305835397144,1.68290325653542,0.198043036737346,0.676335016803643,"C14C6.2"
-0.524095542887866,5.9057692450962,1.68250529152268,0.198093686707164,0.676335016803643,"mboa-2"
0.551927594711335,5.78754707919518,1.68065177656244,0.198339394950643,0.676335016803643,"dohh-1"
-0.270074510685621,8.40341992550989,1.68036115331082,0.198375954964558,0.676335016803643,"T28C12.4"
-0.556748743223114,5.76580668989217,1.68018570156273,0.198400528503679,0.676335016803643,"Y105C5B.9"
0.723427721151857,5.16588448586204,1.68005971488684,0.198419182299784,0.676335016803643,"elpc-4"
0.580039891014178,5.65054140598995,1.67809283674772,0.198678562793509,0.676573216472879,"F38B2.4"
-0.450839406993986,6.32492654162183,1.67742623453109,0.19876493474769,0.676573216472879,"F09E5.3"
0.63612392340776,5.42653286387669,1.67625488884065,0.198923063009066,0.676641902953863,"syf-2"
0.257087933066073,8.61454845382687,1.67466016797293,0.199131551365973,0.676881676680593,"W09C5.1"
0.396805550971399,6.83170428827844,1.67246421950354,0.19942373410616,0.677372015950451,"hex-2"
0.49095278996524,6.11369987380063,1.67150617465882,0.199552000621489,0.677372015950451,"rrf-1"
0.42708952075597,6.54527248103706,1.66984079079551,0.199773354680923,0.677447142040194,"T19A6.1"
-0.377764816392662,6.94086795216648,1.66926178234112,0.199850359741521,0.677447142040194,"ZK643.5"
-0.314688782965842,7.73337579749306,1.66774929114533,0.200052151481758,0.677662847388136,"flp-1"
-0.302914122398258,7.73489345507901,1.66511374730113,0.200404554077991,0.678388086785745,"Y43C5A.2"
0.549912114594928,6.03853069147878,1.66286882069498,0.200706417290536,0.678941363317296,"pcp-5"
-0.208435319475764,9.59748357333562,1.65920784849838,0.201196877940418,0.680131417159029,"F49E2.5"
0.238855923176362,8.87687282479505,1.65803945282557,0.20135409143855,0.680163977808575,"byn-1"
-0.50781251651931,6.00371855658007,1.65708211557491,0.201483845006291,0.680163977808575,"mfn-1"
-0.423354841036153,6.5481760901132,1.65482821870141,0.201787195110298,0.680719526833569,"T10B5.3"
0.772643433134703,4.98814474617467,1.65373007745069,0.201937437920439,0.68073860814408,"T14A8.2"
0.560785337684503,5.76333921910394,1.65274371758523,0.202070420684563,0.68073860814408,"cyn-15"
0.545808495457686,5.90084986158043,1.65164118528225,0.2022190917698,0.680771890961474,"rde-2"
0.288378153834529,8.07594068541001,1.64973800800954,0.202475275772182,0.681166822813822,"ran-1"
-0.404589367705761,6.69869928535981,1.64521259096699,0.203089798783469,0.681937896282921,"trxr-1"
-0.325273418434861,7.44099140926873,1.64506949492555,0.203109107064794,0.681937896282921,"ncx-1"
-0.374372239545207,7.03247519426135,1.64405874881572,0.20324669972243,0.681937896282921,"lin-1"
0.30089861556994,7.81441599824578,1.64395600290407,0.203260592123472,0.681937896282921,"D2045.2"
-0.39083334486205,6.82655993955083,1.63486899939699,0.204502283399836,0.685247686435693,"olrn-1"
-0.29776473242909,7.8743755455298,1.63469109756727,0.20452652659365,0.685247686435693,"ogdh-2"
0.231409212741521,8.95133286856644,1.62523663872587,0.205828072224696,0.688503233422562,"T21H3.1"
0.655447194435339,5.39380884667921,1.62485066628687,0.205884710219436,0.688503233422562,"vms-1"
0.728315941269826,5.09457297396537,1.62381183973665,0.206028221208662,0.688503233422562,"T10F2.2"
0.38282827258438,6.89904529599884,1.62356318289339,0.206059683315866,0.688503233422562,"C26B9.5"
-0.412302121884914,6.65650911463704,1.62128792785603,0.2063748622256,0.688539125537997,"fmil-1"
0.272408195166478,8.14363787483711,1.62057912896843,0.206472934556557,0.688539125537997,"F23B12.7"
-0.370900996826503,6.94093700524725,1.6202031587355,0.206525225465686,0.688539125537997,"acs-22"
-0.4025677878658,6.70443022987431,1.61901037280527,0.206690877495582,0.688539125537997,"ZK524.4"
0.638190030846287,5.43243302463377,1.61844557039034,0.206772300085111,0.688539125537997,"lin-65"
-0.2651534775331,8.35127130017522,1.61612144117432,0.207092364152206,0.689111688728597,"hsp-16.41"
0.397276704388677,6.74428446598725,1.61424211346802,0.207354430104551,0.689111688728597,"F13H8.2"
0.358104761048749,7.18724750873571,1.61397092917537,0.207392107459632,0.689111688728597,"W05B5.1"
-0.321373466205368,7.53208234817454,1.61315252373301,0.207506210856705,0.689111688728597,"eif-3.G"
0.54139743363783,5.78941437057287,1.60712865652218,0.20835062472632,0.691431680482568,"mtss-1"
0.413063225744133,6.66928230738782,1.60576064609206,0.208541012318884,0.691431680482568,"tag-343"
-0.374602991685295,6.92926610897519,1.60514225913284,0.208627703794944,0.691431680482568,"nrde-2"
-0.593420083515848,5.51516333310947,1.60286250633984,0.208950448269612,0.692033726375723,"ccpp-1"
-0.477176155967326,6.10693841318223,1.6009738652461,0.209214621922628,0.69244110697064,"ubc-9"
0.308306740063745,7.62294259792934,1.59957946797057,0.209410652691204,0.692622556608465,"smg-6"
0.46106844748276,6.34430670030403,1.59602787626296,0.209912958721985,0.69352455765716,"B0334.5"
0.31205841035395,7.58735004324104,1.59564833217499,0.20996615048336,0.69352455765716,"gcy-12"
-0.674709813969586,5.20625780568826,1.59320769696185,0.210316045356398,0.694212787666979,"dnj-18"
0.594870438253894,5.53531079754738,1.58735555683841,0.211146507453421,0.696485285177557,"ckr-2"
-0.55323504409122,5.66212943165015,1.58289906685492,0.211781609008351,0.696969011024962,"F47G9.4"
-0.508733605414194,6.01547066121251,1.58263239457739,0.211818789736192,0.696969011024962,"M01G5.3"
0.283298428841663,8.01246752054637,1.5825991671052,0.211822786058148,0.696969011024962,"T20D3.2"
0.460460798871094,6.24373553496523,1.58074685858655,0.212088598783743,0.696969011024962,"Y23H5B.5"
0.263578120727121,8.36897477988116,1.58068138511376,0.21209729890419,0.696969011024962,"cey-1"
-0.459804411510923,6.17453745715794,1.58024801308154,0.212159948054327,0.696969011024962,"dmsr-1"
-0.443203553686673,6.37475713608082,1.57935489996021,0.212287808862649,0.696969011024962,"pho-1"
-0.764369009697352,5.05152952250358,1.57508066373732,0.212906328653668,0.698236310033988,"mrpl-46"
0.636527173527921,5.37579273411091,1.57470729174186,0.21295851576164,0.698236310033988,"R74.8"
-0.336182923696773,7.27744430517427,1.57143043738433,0.213427674880524,0.698310817007022,"rme-1"
0.445733164037531,6.33260442435673,1.57015093816015,0.21361293540293,0.698310817007022,"ben-1"
-0.251986190739857,8.37350858660743,1.56986329981626,0.21365394415128,0.698310817007022,"pdha-1"
-0.533759991933681,5.86932299359719,1.56979722836015,0.213664555419044,0.698310817007022,"C46G7.2"
-0.564386184427043,5.59678983014447,1.56960624738499,0.213693075703882,0.698310817007022,"R05D3.9"
-0.597144438143039,5.55171307183515,1.56785232772432,0.213947055805244,0.698476805100248,"clec-10"
-0.221933607187933,9.33139933683453,1.56727312583566,0.214028672388516,0.698476805100248,"tbb-1"
-0.495666561393461,5.98979238261109,1.56372017733854,0.214544845052501,0.699184028220007,"pqn-48"
-0.196468422373183,9.80361482639394,1.56337835926264,0.214593659885539,0.699184028220007,"ftn-2"
-0.541336015308658,5.77958022237324,1.56284166810805,0.214673016615562,0.699184028220007,"ulp-1"
0.363208972244327,7.00454174000727,1.55969196381806,0.215130252253105,0.699529025625655,"ncam-1"
0.533618263012064,5.80647607852403,1.55714366108018,0.215503587838744,0.699529025625655,"pfas-1"
-0.447376087314252,6.35972612993741,1.55697382209648,0.215527048751727,0.699529025625655,"C47D12.2"
0.531635091800272,5.81368576525368,1.55695243055391,0.215531505506868,0.699529025625655,"vars-1"
-0.740008120428063,4.99361444697605,1.55687594680934,0.21554598569217,0.699529025625655,"ppfr-4"
-0.619764880410365,5.4886696625126,1.55541063560004,0.215757627208828,0.699529025625655,"R13D7.2"
-0.363628949374403,7.17366884012962,1.55463453568221,0.215868759764812,0.699529025625655,"agl-1"
-0.743477760540174,4.99855951840726,1.55328192300079,0.216071720878814,0.699529025625655,"flp-27"
0.566982822397668,5.61455472904136,1.55252517980588,0.216180055784673,0.699529025625655,"rol-3"
-0.591967544150553,5.47291775474744,1.55105968646706,0.216395119604579,0.699529025625655,"rer-1"
-0.446957975611585,6.33758715643021,1.55047257095108,0.216479155049027,0.699529025625655,"abts-3"
0.338775971777328,7.24830146086988,1.55039438853386,0.216490328419928,0.699529025625655,"acs-5"
0.692965696609522,5.20733271363583,1.54773962300581,0.216883905211691,0.699898483063601,"sas-7"
0.716619356681805,5.10579687080187,1.5476960171421,0.216890049797487,0.699898483063601,"Y47G6A.9"
0.434418290740223,6.35966991838826,1.54593695489497,0.217146510122832,0.700265372881322,"ehbp-1"
-0.200900132867749,9.62797230784725,1.54319974362262,0.217549835396353,0.700298830057138,"dys-1"
0.508670751514827,5.89038848240578,1.53898752826373,0.21817457807355,0.700298830057138,"C17G10.1"
-0.356738578467616,7.05390529296578,1.5385807165112,0.218233569456,0.700298830057138,"trap-2"
0.697672406630712,5.1989119153825,1.53855564295232,0.218240559724485,0.700298830057138,"F01F1.2"
0.564515537988943,5.61451949864238,1.5380402005483,0.218316055511365,0.700298830057138,"gop-1"
0.687817147362238,5.19485132284057,1.53770565662885,0.218366658955021,0.700298830057138,"R151.6"
-0.638530322836746,5.35404139138483,1.53753531813445,0.218391797056277,0.700298830057138,"ZK1236.1"
-0.2741447589013,7.98552991304047,1.53717838409912,0.218441519193849,0.700298830057138,"cnx-1"
0.217557337465205,9.21615905974916,1.53659979649451,0.218527397466921,0.700298830057138,"aagr-3"
-0.675921467879793,5.20863175210617,1.53624252354067,0.218584609340974,0.700298830057138,"W01C8.5"
0.353432147409308,7.17136113138053,1.53362396884574,0.218970034806736,0.700558957548435,"pqn-25"
-0.237451642298369,8.79781218992417,1.53344693293231,0.218996268344865,0.700558957548435,"vha-14"
0.51670361704378,5.84290988534769,1.53279974260507,0.219094279486096,0.700558957548435,"cus-2"
-0.156960526964778,11.9153619567942,1.5286816640491,0.219707210074856,0.701653004500403,"hsp-60"
0.51878279030036,5.91746991902058,1.52858873184463,0.219722531072909,0.701653004500403,"mfb-1"
-0.269779456227438,8.03221280138533,1.52696257944052,0.219964418762417,0.701968428125996,"lbp-6"
-0.558550975097947,5.62897249499674,1.5258650977591,0.220130606276396,0.70204201806614,"stc-1"
-0.615087783659913,5.37497140216687,1.52299718089068,0.220562086954982,0.702856101297075,"F21D12.3"
0.312322244360516,7.56697449867038,1.52224239401388,0.220672455860855,0.702856101297075,"hgap-2"
-0.158001355162529,11.6627117189813,1.51861229868188,0.221218739943289,0.703593965852118,"rps-2"
0.276398122741945,7.99624974813616,1.51859100089177,0.22122199865991,0.703593965852118,"sec-23"
0.365294253826128,6.97401906421519,1.51784612604672,0.221334452458678,0.703593965852118,"T19B4.3"
0.373482854976351,6.85230090753671,1.5168558175451,0.221483924283938,0.703613114386473,"acox-1.5"
-0.280584881989751,8.01710919690617,1.51532316112393,0.221715249940199,0.703892104179079,"R07E3.1"
0.522886773348129,5.77515226794846,1.5130510067573,0.222060799198401,0.704533130703852,"T13H5.1"
0.485462235264701,6.0381844281165,1.51177967555656,0.222252654993176,0.704686019871705,"F19F10.12"
-0.467332514488667,6.04229467012391,1.50985448896231,0.22254439918816,0.704702049823451,"Y60A3A.9"
-0.418273283846143,6.40683772725918,1.50984774476694,0.222545051004388,0.704702049823451,"CC8.2"
0.362603630197402,6.94185253374525,1.50743876796857,0.222911001158389,0.705405458504452,"ZK154.1"
0.515979632303313,5.87539500617302,1.50628056690383,0.223088618074375,0.705512360834822,"nipa-1"
-0.76527723856076,4.95353137679243,1.50395165937676,0.223447115602855,0.706041113260026,"tsp-12"
-0.31728633242679,7.54652887072211,1.50328640088394,0.223543700080086,0.706041113260026,"col-169"
-0.340386442279376,7.18594767113996,1.50125956905617,0.223853422918131,0.706419227732999,"hrp-1"
0.194289944661111,9.726476114032,1.5006179068537,0.223951457517801,0.706419227732999,"inf-1"
-0.490493598737686,5.97755257381307,1.4965621424365,0.22457387316759,0.706970377756025,"mrps-17"
-0.520899622658614,5.82715832388293,1.49489428430456,0.224830450985799,0.706970377756025,"F56D3.1"
-0.566895831762176,5.63260747525834,1.4948566947326,0.22483687112776,0.706970377756025,"cee-1"
0.568835362022377,5.56785490022701,1.49406250614186,0.224959768475677,0.706970377756025,"Y17G7B.10"
0.348521634483665,7.23787472903487,1.49382645036219,0.224993607618146,0.706970377756025,"pqn-94"
0.5891530626245,5.53743815671736,1.49350915321808,0.225045041671471,0.706970377756025,"sma-6"
0.463053971301715,6.09107035241964,1.49284915633755,0.225144867666506,0.706970377756025,"Y67A10A.9"
0.432864227703814,6.35240557731962,1.49197421738385,0.225279245755895,0.706970377756025,"chd-1"
0.418712061052572,6.43109323676056,1.49099746118708,0.22542974704321,0.706990351180911,"Y54F10AR.1"
0.307874456387415,7.85650646961641,1.49002710420371,0.225579050469801,0.707006544763178,"F35A5.1"
-0.665367311648547,5.18591393993522,1.4842773612,0.226472763051548,0.709177482538359,"ugt-13"
0.328042187705726,7.25718836623224,1.48368340902142,0.226560879742632,0.709177482538359,"Y79H2A.3"
-0.686432082978041,5.10178105618904,1.48253144694641,0.226744158661733,0.709205694158453,"prx-14"
0.247376275146033,8.57274050399125,1.4817626349095,0.226859069140594,0.709205694158453,"W03F9.1"
-0.222076925817652,9.01218724274285,1.48078762275901,0.227010658361909,0.709227566410932,"nhr-97"
0.288553883935434,7.7630187549377,1.47532269895133,0.227862702601229,0.711351990662457,"aakg-1"
0.558289212596453,5.62864003217249,1.47360936745272,0.22813289282266,0.711351990662457,"alh-5"
0.283407037976675,7.80003254480348,1.47265853581418,0.228279462811788,0.711351990662457,"pqn-85"
0.329387802293831,7.28520396382793,1.47201940073561,0.22837964117572,0.711351990662457,"npp-6"
-0.479137196523351,5.96175623181096,1.47179370909286,0.22841577681822,0.711351990662457,"ech-5"
0.495607426809978,5.90354271361819,1.46919717931782,0.228823679404127,0.711828322971433,"wip-1"
-0.513390418617559,5.75743688606749,1.46897224949624,0.228858973562885,0.711828322971433,"esyt-2"
0.333647139085569,7.27155531774948,1.4678917328711,0.229027531393834,0.711901166975132,"crml-1"
0.457840224196976,6.10423384014194,1.4617518440508,0.229996208619935,0.713836048218697,"ric-4"
-0.360602770333861,6.8344930462694,1.46075284794924,0.230153444492274,0.713836048218697,"apm-1"
0.650500711160651,5.23276021314127,1.46004276010427,0.230269050228698,0.713836048218697,"trm-1"
0.31932359754901,7.37941351675522,1.45968062574817,0.230323035090105,0.713836048218697,"imph-1"
-0.334622709041842,7.19336508559256,1.45933569839683,0.230377668568848,0.713836048218697,"rle-1"
0.530673381239244,5.73632695552616,1.457490632306,0.230671918473101,0.714232746807076,"F10C2.4"
-0.610782772378545,5.41624620065079,1.45543661699911,0.230998906331128,0.714232746807076,"Y53F4B.12"
-0.339806793333023,7.06443838690117,1.45515959867601,0.231040205334181,0.714232746807076,"F32B5.6"
-0.45048564942154,6.18799704429821,1.45435775997806,0.231168086430221,0.714232746807076,"efr-3"
-0.482614555684873,5.89886885050358,1.45373200266141,0.231268068906785,0.714232746807076,"pdpr-1"
-0.592111563698096,5.44238762402234,1.45304335635746,0.231379375061457,0.714232746807076,"F07F6.8"
0.392574145616349,6.65516538525015,1.45024384782697,0.231823213665035,0.715152744042135,"pges-2"
0.433999156913465,6.3243272153793,1.44861738210371,0.232083217006678,0.715504826786773,"ymel-1"
0.498529607323586,5.8608762977033,1.44758991585872,0.232248419742429,0.715564383691341,"ntl-11"
-0.487707905456237,5.92131169869752,1.44647716022303,0.232425901353695,0.715661673659684,"rsp-5"
-0.261104506815058,8.64710318952844,1.44455288870045,0.232733285931454,0.715932701876866,"F58D5.5"
-0.162144519151832,11.1492702417359,1.4430268738069,0.232978118345852,0.715932701876866,"eef-1G"
0.552466790638068,5.63473779878563,1.44261154854354,0.233047120697416,0.715932701876866,"tftc-3"
0.323306283018448,7.33462655154294,1.44228260614711,0.233097762466331,0.715932701876866,"eif-6"
-0.565891849779293,5.53144022094754,1.44133330978032,0.233252444101398,0.715959473289962,"scl-2"
0.252815724298646,8.24251044107609,1.43932864617047,0.233572854867924,0.716494592324684,"nol-2"
-0.346399322262677,7.03991162887619,1.43808720912158,0.233773014437732,0.716513869272477,"F35C8.5"
-0.375749907295691,6.77015629964391,1.43635379428467,0.23405275951893,0.716513869272477,"rfip-1"
-0.384717088441685,6.62942697606997,1.43601658176675,0.234107261426861,0.716513869272477,"asd-1"
-0.455885183096984,6.0840833942721,1.43515353091661,0.234247114282436,0.716513869272477,"atg-4.1"
0.522869837838581,5.72978367535867,1.43477526171147,0.234309530339053,0.716513869272477,"zig-9"
0.369317675777534,6.79274394501898,1.43279621709715,0.234628073920329,0.716849215163561,"bam-2"
0.577799346384813,5.55306430772925,1.43229624426203,0.234711486147335,0.716849215163561,"pqn-37"
0.491612714971624,6.04066883197487,1.43106898675132,0.234908847608842,0.716922096286499,"F53H2.3"
0.586264823771212,5.44949351667347,1.42997962591552,0.235087517288968,0.716922096286499,"ZC116.1"
0.337736320289857,7.08661519998101,1.42888419887326,0.235262588338888,0.716922096286499,"ZK121.2"
-0.530837085054264,5.69128710044059,1.42853996074675,0.235319994907495,0.716922096286499,"Y106G6G.2"
-0.376947404316277,6.66866154688855,1.42710562421103,0.235551891268904,0.717183132634373,"toe-4"
0.513443517912746,5.85608151837472,1.42536294644967,0.23583700955221,0.717605788991061,"unc-86"
0.406154665384176,6.40552988908095,1.42372557369985,0.236102967028554,0.717969654851244,"hgo-1"
0.690234306991113,5.07241084088045,1.42025685220759,0.236672513919634,0.719077223404492,"stau-1"
-0.19862079460296,9.44497539106561,1.41970123761455,0.236760390580684,0.719077223404492,"F23C8.5"
0.442144372269032,6.22730363787474,1.4127400171415,0.237904420148146,0.722104691105604,"pis-1"
-0.55526174401003,5.54101452716369,1.4116334854352,0.238088311483684,0.722215935576666,"nlp-55"
-0.383635094244959,6.56703441890158,1.4081969123792,0.238653849021031,0.723236335709004,"lpd-9"
0.62992756732518,5.26775808924281,1.40781818037045,0.238719597861952,0.723236335709004,"M02D8.3"
0.268605016622109,7.91447130244549,1.40629945983919,0.238967656796506,0.723428663046948,"rpn-1"
0.502649587304448,5.8477049713457,1.40542695877255,0.239113698398327,0.723428663046948,"Y54E10A.6"
0.463791419032102,6.0013887014211,1.40474997171512,0.239225543621233,0.723428663046948,"mag-1"
0.404234641940037,6.44314932851015,1.40164374237665,0.23974074909002,0.724202167270317,"Y41E3.1"
-0.549960409708981,5.60649382395198,1.40089301794025,0.239867129552114,0.724202167270317,"ephx-1"
-0.170449888067388,10.6053852072195,1.39904623127946,0.240172748359658,0.724202167270317,"cpr-5"
0.352295186336969,6.92744715809194,1.39903690510762,0.240174496435809,0.724202167270317,"pah-1"
-0.587174110056997,5.36883184363726,1.39860395332268,0.240249547390274,0.724202167270317,"srr-4"
-0.499829482840379,5.87380854255796,1.39747613942478,0.240435673252173,0.724202167270317,"T07F12.4"
0.623613699776939,5.28147224127194,1.39640244711701,0.240617256794432,0.724202167270317,"C15H9.4"
0.498493879623723,5.85638752086235,1.39553840575041,0.240759768872434,0.724202167270317,"egl-10"
-0.546576561193372,5.5293221571879,1.39524146066916,0.240810139616287,0.724202167270317,"pole-2"
0.626853625742243,5.27032208481096,1.39036014108899,0.241629207334076,0.72553895638256,"pfd-2"
0.617751050091113,5.3271277399808,1.38991708755383,0.241703528886949,0.72553895638256,"F53E10.6"
0.462611598740831,6.07425267776083,1.38942152433367,0.241784471061622,0.72553895638256,"acox-1.1"
0.431244294196586,6.21239291195988,1.38905200926788,0.241846318794187,0.72553895638256,"exoc-8"
-0.539103673422434,5.62786969149345,1.38748683888127,0.242110713011894,0.725888170735538,"ufd-2"
0.395203382391434,6.49225712100085,1.38540389811808,0.242460215346411,0.726491970845538,"ima-2"
-0.608057789779215,5.30563444857391,1.3837666478901,0.242739546317459,0.726884905181402,"pfn-2"
0.492772962797038,5.83103633367103,1.38282911708549,0.242896059414826,0.726909805631313,"twf-2"
-0.460378505357801,5.99917352055508,1.3813512414502,0.243145198512683,0.726942383562412,"flcn-1"
0.299077658826282,7.50737919806308,1.38059688189107,0.243272175615385,0.726942383562412,"cbs-1"
-0.606655854129207,5.3010133033941,1.37956573160836,0.243450220353139,0.726942383562412,"Y73B6A.3"
-0.499639876929854,5.74963715329501,1.37926105407324,0.243499762730488,0.726942383562412,"sel-9"
0.494562550683664,5.81690068731935,1.37621315374085,0.244017365750281,0.727918810045272,"hda-3"
-0.233186206114342,8.77442233323532,1.37557877820847,0.244123637619668,0.727918810045272,"rpl-36"
0.624080560339139,5.2799135800988,1.37262971992465,0.244629124951189,0.72898290272514,"ins-30"
-0.586212674825669,5.3653286228421,1.3701797751066,0.245046959961701,0.729618519756379,"C35A11.4"
0.532484920260658,5.62333880015913,1.36785670805253,0.245443484047511,0.729618519756379,"R12C12.5"
0.454467250431727,6.02366406604358,1.36779047383083,0.24545358856613,0.729618519756379,"F14B6.2"
0.509176101776219,5.82318206978546,1.36679876579895,0.24562399942882,0.729618519756379,"rrf-2"
0.623144880429873,5.2638006200563,1.36674112289552,0.24563563580406,0.729618519756379,"tbc-12"
0.427356601818925,6.31572050622209,1.36614564205371,0.245734922454136,0.729618519756379,"lat-1"
0.279020562145336,7.7318991722683,1.36524141962084,0.245889496753816,0.729635802527203,"F54D5.7"
-0.270533686911322,8.00172914346773,1.36335720675725,0.246213034277742,0.729960190199853,"spp-14"
0.729009111544343,4.96869351633777,1.36190735128392,0.246464584297841,0.729960190199853,"asp-13"
0.562652198853749,5.50907124236145,1.36023599109614,0.246752818319672,0.729960190199853,"F53F1.3"
-0.602048172713726,5.2899762793438,1.35950472303099,0.246879645978951,0.729960190199853,"B0564.7"
0.451609885358437,6.02539887656728,1.35948350783268,0.246880889365967,0.729960190199853,"tpxl-1"
-0.585958114470367,5.36569831541703,1.35943224596964,0.246891734055363,0.729960190199853,"tiar-2"
0.307934060668125,7.44540108678358,1.35792630165767,0.247148646558452,0.730219790414519,"slc-25A18.1"
-0.646837090055546,5.09500426813059,1.35720703108348,0.247277282747914,0.730219790414519,"amx-1"
-0.539542759467481,5.64643667980137,1.35364382985146,0.247891096601338,0.731591954771096,"htz-1"
-0.520608701808681,5.6474548951987,1.35047015550395,0.2484418861264,0.732776579344552,"T15B12.1"
-0.663252754292083,5.06149036996077,1.34951543840737,0.248610820809885,0.732834180332022,"pxd-1"
0.618498668973404,5.27257237150122,1.34763072268718,0.248937601092561,0.733101630734927,"flp-25"
0.429012947037983,6.27493634762069,1.34725425586238,0.249000472335247,0.733101630734927,"T24B1.1"
-0.318897466550158,7.2291784515304,1.34261509646186,0.249810105954236,0.734798696302229,"tba-4"
-0.463289980675099,5.94551188806382,1.34224004737988,0.249876498559046,0.734798696302229,"vav-1"
0.259358164652961,8.03435658809101,1.34135730567506,0.25003024877767,0.734810287749832,"pyk-1"
0.263397627921686,7.91664117189333,1.34009660434014,0.250251218677476,0.735019297971867,"rrbs-1"
-0.388913288155366,6.59394973734502,1.33885281597331,0.250469664601858,0.735220649235255,"vha-9"
-0.325359279566425,7.13948907305367,1.33798576936036,0.250621802547625,0.735227237736902,"gly-5"
0.178207383473491,10.4475836001558,1.33567806247612,0.251027527488898,0.735643552764381,"hecd-1"
0.507741600260248,5.7462832173075,1.33340864119732,0.251429230098014,0.735643552764381,"C27F2.4"
0.34818179542674,6.94596268421556,1.3325272823349,0.251583145743258,0.735643552764381,"ego-2"
0.566318215571343,5.48453104532388,1.33107181816792,0.251842844387336,0.735643552764381,"snx-6"
-0.620707130176062,5.23018809077625,1.32987456252289,0.252055599287184,0.735643552764381,"xpd-1"
-0.329252653483574,7.04425159588253,1.32971357574775,0.252080411936422,0.735643552764381,"bli-4"
-0.465061032967863,5.86904633339323,1.32910980886671,0.252188167770379,0.735643552764381,"ZK154.5"
0.52302140222773,5.63103833785775,1.32909559652138,0.25219189500044,0.735643552764381,"ccb-1"
-0.371004603758219,6.58263572620997,1.32856761643135,0.2522834270135,0.735643552764381,"cup-14"
-0.473117019341757,5.8491350080834,1.32814414364811,0.252359269512032,0.735643552764381,"T23H2.3"
0.334893981851594,7.03657385688604,1.3278331141909,0.252413475902641,0.735643552764381,"C54D10.3"
0.427559955621529,6.14772711712828,1.32508960976589,0.252900980643437,0.73662666867937,"mog-4"
-0.383864916359525,6.45721249116108,1.32384370517561,0.253122014109731,0.736832925346131,"Y97E10AR.6"
0.461149837703442,5.97516539165863,1.31763119528254,0.254230891861158,0.739621900699276,"pmp-2"
-0.153605872974994,11.2925665754796,1.31645987227004,0.254439334722116,0.739789529823343,"asp-3"
0.558067062339775,5.47668707161099,1.31319257926927,0.255027895001981,0.740749197198581,"ubc-6"
0.57663280835885,5.40001842505345,1.31295154354869,0.255071436099573,0.740749197198581,"gon-4"
0.493530395107528,5.76584698768596,1.31083499490134,0.255450587056171,0.741233199500648,"mec-8"
-0.319448337836144,7.10732285382454,1.31032730079256,0.255540334425198,0.741233199500648,"rsp-6"
-0.442056485615508,6.01037853486329,1.30784620201847,0.25598803559444,0.74166182290707,"W06E11.1"
0.168299155297899,10.3933324879961,1.30750034972773,0.256049683143611,0.74166182290707,"ost-1"
-0.224832000917356,8.69431472335133,1.30563622031194,0.256386349114881,0.74166182290707,"tnt-4"
-0.36481352261551,6.66393130653454,1.30500603379569,0.256500497423612,0.74166182290707,"zig-12"
0.453248018184424,6.005209996905,1.30493406903378,0.256514347360792,0.74166182290707,"Y47D3A.21"
0.285174868328417,7.63909240340693,1.30423639083783,0.256639564478332,0.74166182290707,"atp-4"
0.23059516854006,8.5244859781653,1.3022817937373,0.256993535408804,0.74166182290707,"npp-10"
0.680840012246962,5.01519999009458,1.30097819624161,0.257232732676109,0.74166182290707,"phat-5"
0.426002881886149,6.18429171928085,1.30076386417958,0.257269591608783,0.74166182290707,"W04C9.4"
-0.154818919761066,11.0653546536221,1.30017452771729,0.257375865216775,0.74166182290707,"ahcy-1"
0.657543028338196,5.12349925964827,1.29974717565774,0.257456710724512,0.74166182290707,"avr-15"
0.256775561812607,7.95370044411102,1.29947736853719,0.257502565629101,0.74166182290707,"sec-24.1"
0.420183307638995,6.19296877767569,1.29843565544147,0.257692616522019,0.74177364086884,"C02B10.4"
0.470003389222049,5.94301181747354,1.29711237997326,0.257933961355865,0.741798911871912,"nfx-1"
0.499646152365975,5.81551827380833,1.29673053396081,0.258003862110802,0.741798911871912,"F25H8.2"
-0.264641802588826,7.88070035094484,1.29563893641736,0.258201293539662,0.741931660698327,"cars-1"
0.59095903762383,5.31649164016402,1.29479529748901,0.258358369084047,0.7419483608649,"twk-2"
-0.506456958007957,5.66848878572067,1.29129163975036,0.258997051478469,0.743347301054354,"rba-1"
-0.552830335925382,5.44877807460459,1.28816478669174,0.25957110998852,0.743814683587004,"F21G4.6"
-0.621937631447063,5.17413306600537,1.28754165917135,0.259687040732551,0.743814683587004,"F13H8.1"
-0.493030224078453,5.7505364832321,1.2871512759308,0.259756057292273,0.743814683587004,"F09C3.2"
-0.584663473967408,5.35485193857201,1.28611271123171,0.259948632453084,0.743814683587004,"T24H10.4"
-0.547274634073216,5.50232970722853,1.28449987751115,0.260244719196172,0.743814683587004,"M176.4"
-0.359586660975076,6.80160702884292,1.2843676338138,0.260266977960903,0.743814683587004,"ttll-12"
-0.212707809012693,8.86578331984755,1.28435413768977,0.26026928584619,0.743814683587004,"ccar-1"
-0.483479475035107,5.71628135766965,1.28379850540721,0.260373050299467,0.743814683587004,"him-10"
0.55921479775272,5.42219249765025,1.2760125174467,0.26181420694826,0.747496324261476,"nlp-35"
0.351820853258858,6.94746410931986,1.27338390551486,0.262299781514755,0.748334528642973,"vps-39"
-0.600071612224187,5.24493446256807,1.27268366148733,0.262433455130872,0.748334528642973,"dod-3"
0.387086895269077,6.426156728646,1.27186631959423,0.262582465732707,0.748334528642973,"hmit-1.3"
-0.37237752454266,6.5266165509323,1.27052422459909,0.262832414206314,0.748334528642973,"mrpl-47"
0.595552535656578,5.25114063572951,1.26919615386927,0.263083204196636,0.748334528642973,"C35E7.4"
0.651860046379309,5.0554937669834,1.26856684506085,0.263200460400348,0.748334528642973,"cope-1"
0.212300779343285,8.72918190843759,1.26794919477122,0.263312828246335,0.748334528642973,"ret-1"
0.319591780960172,7.16948973212997,1.26629919809747,0.263621528805836,0.748334528642973,"Y37A1B.17"
-0.487784355751573,5.75713302422363,1.26626232339052,0.263629614608636,0.748334528642973,"atg-7"
-0.358321913556799,6.71448719625714,1.26610811677366,0.263657377610795,0.748334528642973,"csnk-1"
-0.498934454712073,5.62866735519793,1.26536691679325,0.26379766114683,0.748334528642973,"T28D6.4"
-0.21274823147942,8.75507386126268,1.26460585826033,0.263938579929122,0.748334528642973,"aldo-1"
0.504440548427647,5.64933564207053,1.26200490432373,0.264428747994579,0.749291166327793,"F46C5.9"
0.739382493054915,4.95950381970916,1.26026580264606,0.264755769679407,0.749784671060906,"C06E1.9"
-0.148473273418218,11.6407437867103,1.25936125557211,0.264923941200144,0.749828004377788,"vha-12"
0.548537335289069,5.53475065610206,1.25814293287244,0.26515606701687,0.750052196492358,"F47G4.4"
0.556978919408485,5.50565334716647,1.25504822248404,0.265740364775143,0.750384008886911,"Y73E7A.3"
-0.465127128128477,5.85483437853103,1.2547840892135,0.265788756602268,0.750384008886911,"sumv-1"
-0.425632920207321,6.09085217847345,1.25465439166887,0.265812865191696,0.750384008886911,"Y105C5A.15"
0.37086317443664,6.58083831437512,1.25426981361764,0.265885302231489,0.750384008886911,"scav-1"
-0.538976756914658,5.50872859479716,1.25112939976948,0.266482106251823,0.751635843108218,"Y51A2D.13"
-0.368132019479381,6.52613375933566,1.24961432105426,0.266767868659846,0.752009422860082,"fcho-1"
-0.256389291881011,7.90659523730829,1.24747103462939,0.267175202083484,0.75272508111401,"tep-1"
0.246348964351778,8.10814147105668,1.24631536882481,0.267395286087169,0.752912674085858,"nuo-4"
0.269604834067724,7.66442744633676,1.24473472868572,0.267696709963615,0.753328951446663,"F45H10.3"
-0.195750508636416,9.13807057804306,1.24164737370499,0.268286589501394,0.754420068792515,"egl-45"
0.517450575164945,5.58264113400978,1.24006925042038,0.268591080389525,0.754420068792515,"hat-1"
0.298434157672659,7.46521801319119,1.23996895287744,0.268608068758308,0.754420068792515,"set-2"
0.380766003767637,6.41472199584027,1.23949291944647,0.268699665684103,0.754420068792515,"snpc-4"
0.579954235296239,5.34524342284626,1.23813941611013,0.268961974400721,0.754724533429941,"T08G11.4"
-0.513506548609059,5.55015441454909,1.23390019924676,0.269776192726896,0.756576458162049,"C05D12.7"
0.505281061276549,5.64235139048239,1.23294428130773,0.269960514393042,0.756660756055926,"ace-3"
-0.289166378882042,7.39102457447082,1.22814344366533,0.270886411726689,0.757418534074087,"ZK632.4"
-0.507613860545236,5.54241488603079,1.22793177616662,0.27092936087956,0.757418534074087,"cogc-3"
-0.532102954011178,5.48966933937122,1.22729135051959,0.271053736172876,0.757418534074087,"T10B10.4"
-0.468675671892319,5.78191578551293,1.22611772707599,0.271280239083887,0.757418534074087,"gbb-2"
0.237920538645957,8.119999665168,1.22505562165528,0.271485297598659,0.757418534074087,"lmp-1"
-0.413681646248657,6.21278463623443,1.22468852267296,0.271557065909353,0.757418534074087,"tag-304"
-0.535195914620979,5.4517989568569,1.22455755089988,0.271584488543483,0.757418534074087,"K07C11.4"
0.731594045173411,4.82927814412565,1.22425872625974,0.271640811754271,0.757418534074087,"tba-9"
-0.42125906853329,6.06448502858466,1.22405581054079,0.271680201451368,0.757418534074087,"F30B5.4"
0.517470425158207,5.53723961951611,1.22310544840348,0.271866850506271,0.757418534074087,"F28C1.1"
-0.284140998155965,7.56016207765025,1.22132247383327,0.272211680483822,0.757418534074087,"Y70G10A.3"
-0.532908614399165,5.52394617597758,1.22073061390843,0.272329141886145,0.757418534074087,"nhr-85"
-0.341234235724058,6.84303097661163,1.21973517090105,0.272521372841055,0.757418534074087,"rpn-11"
-0.18894387339425,9.30700432367896,1.21697950209391,0.273059726500854,0.757418534074087,"par-5"
-0.521017039634587,5.47484801101473,1.2169656193732,0.273064748835864,0.757418534074087,"nkat-3"
0.318321052170471,7.02857929069445,1.21655900092009,0.273142166896184,0.757418534074087,"cah-3"
-0.422763334973755,6.22707046665005,1.21596850881299,0.273258091944911,0.757418534074087,"tiar-1"
-0.388925797414371,6.33217146747336,1.21517158759781,0.273414147990064,0.757418534074087,"F46B6.5"
0.386550479092874,6.33779314232995,1.21406316838356,0.273631610091924,0.757418534074087,"F45D3.4"
-0.341764355700383,6.74793170867762,1.21308824858321,0.273822665790546,0.757418534074087,"ppm-1.G"
0.458072788462789,5.88981293480832,1.21281195315928,0.273878006283583,0.757418534074087,"gba-4"
0.467071226015865,5.86467503542547,1.21191460578252,0.274054399955989,0.757418534074087,"ZK1193.2"
0.281962178318759,7.67839355285181,1.21133184703554,0.274167696579114,0.757418534074087,"bre-3"
0.409428543875457,6.17463189103918,1.21109441549746,0.274215045533431,0.757418534074087,"cdk-1"
0.481370216782345,5.76376031256113,1.21010568005852,0.274410619284319,0.757418534074087,"msh-6"
0.410443016393912,6.17130082138471,1.2099396355607,0.274442335503328,0.757418534074087,"F13B12.1"
0.29540835748329,7.28145763821626,1.20799365969507,0.274825285058288,0.757418534074087,"T04A8.7"
-0.454932720221428,5.87573878446475,1.20760999614478,0.274901855721298,0.757418534074087,"lonp-2"
-0.504171512410548,5.57185978865533,1.2075260426973,0.274919340205646,0.757418534074087,"lact-4"
-0.32411027803683,6.92199716372624,1.20719486194024,0.274982976541537,0.757418534074087,"hmg-1.2"
-0.470738768355186,5.75204739000938,1.20665977503078,0.275089728778107,0.757418534074087,"nrde-3"
0.212913245095697,8.67640652090826,1.20623591397416,0.275172238067283,0.757418534074087,"pad-1"
-0.245200150570558,8.02780025449611,1.20461370638614,0.275493031977028,0.757876232107303,"emb-4"
-0.135415599898167,12.656357178066,1.20274661337999,0.275862782065619,0.757960022075496,"ant-1.1"
0.247105648767657,7.96082223292553,1.20090054582136,0.276229073347282,0.757960022075496,"zyg-11"
0.517283853035087,5.68767477271807,1.20031027021777,0.27634824837873,0.757960022075496,"cnnm-3"
0.362934315125584,6.51500147820399,1.19951317379053,0.276505032043901,0.757960022075496,"ubc-12"
-0.541776066385988,5.38025956140959,1.19947458711524,0.27651513570342,0.757960022075496,"tpst-1"
0.15863522996501,10.4895509222577,1.19805001983379,0.276795769515272,0.757960022075496,"unc-44"
0.383699232997607,6.37859483597341,1.19790151832282,0.276825791852806,0.757960022075496,"unc-31"
0.483689255462152,5.78019003334338,1.197722045093,0.276862723450125,0.757960022075496,"fem-1"
-0.536445603384753,5.46098715997508,1.19746723383349,0.276914242519733,0.757960022075496,"Y54F10AR.2"
0.349348359654446,6.79938820224053,1.19640282227929,0.277124161399264,0.758111551401779,"unc-26"
-0.534617513654176,5.52478758495532,1.19457911044031,0.277489981005891,0.758221105524607,"jnk-1"
-0.273358294644117,7.52288908720334,1.19451124163196,0.277501481213845,0.758221105524607,"arf-1.2"
-0.2947101701538,7.34989702721819,1.19296829934364,0.277809882680273,0.758221105524607,"sec-16"
0.566643702392487,5.2927785867842,1.19198002050297,0.278010715344752,0.758221105524607,"sfxn-1.5"
0.591354068049191,5.19413062093154,1.19178274713229,0.278050318769039,0.758221105524607,"C01F1.6"
-0.424321818766224,6.02270275592662,1.1915632704648,0.278091695991594,0.758221105524607,"arx-6"
0.183302328394972,9.40652714662451,1.18994685533582,0.278414957313814,0.758408887826721,"pept-1"
0.544610608315305,5.38164776918343,1.18933213302944,0.278541227239693,0.758408887826721,"vps-53"
-0.318923560648656,6.90220259302825,1.18859149654027,0.278687116999785,0.758408887826721,"ZK1073.1"
-0.315187306529205,6.97930762921053,1.18729545224042,0.278947520441591,0.758408887826721,"Y37D8A.2"
-0.397395559209179,6.24810643894251,1.18673533380303,0.279060472330462,0.758408887826721,"droe-4"
0.272305116250989,7.66991204668616,1.18659514212216,0.279088285938274,0.758408887826721,"C07D8.6"
-0.301089528630806,7.11961533359959,1.18196725431574,0.280021385931684,0.759053392423924,"apy-1"
0.273633463829154,7.53343683651657,1.17951713823134,0.28051693240684,0.759053392423924,"eri-12"
0.511536880450838,5.57798868850664,1.17936051938146,0.280550842725822,0.759053392423924,"Y44A6D.2"
-0.382433140194849,6.39411755521102,1.1791510042847,0.280591353176362,0.759053392423924,"sorb-1"
0.544654752512215,5.38545876677846,1.17806416000819,0.280814217550866,0.759053392423924,"tag-209"
-0.371405043176253,6.42944345617383,1.17745657894222,0.280934842498958,0.759053392423924,"rbc-2"
-0.236864330485737,8.09686699226325,1.17723272733251,0.280979972490976,0.759053392423924,"hach-1"
0.539576408497372,5.43665882128523,1.17721580731404,0.280986156349846,0.759053392423924,"pde-1"
-0.546947177640026,5.34673730517337,1.17662354358447,0.281106531269122,0.759053392423924,"Y102A11A.2"
-0.149266968749727,11.3091558407241,1.17541977030409,0.28134814586433,0.759053392423924,"prdx-2"
0.225625831506429,8.30187482453285,1.17522202079704,0.281388375895111,0.759053392423924,"ZK686.3"
0.335191647231987,6.73241897583005,1.17457157989968,0.281520864088202,0.759053392423924,"T13H5.4"
-0.541662741852188,5.3409011258445,1.17384695661066,0.281671027197225,0.759053392423924,"icln-1"
-0.313765422340889,6.9883296792385,1.17381136109333,0.281675471997563,0.759053392423924,"T12G3.2"
-0.500340317395237,5.56295507919137,1.17362807183721,0.281714526539957,0.759053392423924,"T05A8.3"
0.570290398010703,5.34210840960349,1.17320675541958,0.281801473517628,0.759053392423924,"mdt-19"
-0.338432688728183,6.69849066676302,1.17123593719253,0.282200449785429,0.75934175921488,"F12F6.1"
0.306095282305652,7.0864521491903,1.17081310044149,0.282286674547788,0.75934175921488,"F33H2.3"
-0.227276318841528,8.2293036690325,1.17038996050847,0.282372960001619,0.75934175921488,"dlg-1"
-0.350576550108285,6.63130031669068,1.16890211541907,0.282677217370033,0.759739360378753,"dpy-18"
0.409221688617968,6.10493233159049,1.16772922183097,0.282917763740863,0.759739360378753,"C41G7.9"
-0.368957003986072,6.51404349796584,1.16674169604928,0.283119514140136,0.759739360378753,"W03G11.4"
-0.421738874324408,5.97089672886985,1.16664224286821,0.283140377323621,0.759739360378753,"gpx-2"
-0.304074782918202,7.13591431643584,1.16557842292177,0.283357838530171,0.759907161285123,"lpd-5"
-0.514796682600393,5.50844724554715,1.16473669162959,0.283532575965702,0.759960265088398,"T22C1.6"
0.277144018280145,7.50458311495202,1.16236888972828,0.284017152469535,0.760194928691809,"gst-26"
0.566884532352811,5.30350658657117,1.16209112323514,0.284077352925293,0.760194928691809,"ZK688.9"
-0.421785644300764,6.00752650005977,1.16143105400562,0.284210833193844,0.760194928691809,"efhd-1"
-0.532119947645034,5.40232837593243,1.16129820038574,0.284240061003217,0.760194928691809,"F39B2.8"
-0.583248423957402,5.21176271408119,1.16007200581836,0.284493827758283,0.760458978285765,"nono-1"
-0.547017262326481,5.30106951694214,1.15618283036218,0.285296593622891,0.761411832825318,"tdc-1"
-0.207804172502471,8.63223071342343,1.15577715235743,0.285377455390757,0.761411832825318,"vha-8"
0.279951751691222,7.36335939734661,1.15248747589751,0.28605956552442,0.761411832825318,"spat-3"
0.497069770964776,5.56581890117202,1.15230403553022,0.286099836470978,0.761411832825318,"rae-1"
-0.315322910456959,6.90691426367542,1.15187636211028,0.2861865589393,0.761411832825318,"pqn-62"
0.37478618784854,6.3492437628851,1.15178908356892,0.286205013935434,0.761411832825318,"tsfm-1"
-0.517625190703259,5.44727434712564,1.15109215327751,0.286351786988294,0.761411832825318,"C18E3.3"
0.455033098433289,5.79716374315452,1.15059305396364,0.286454681351557,0.761411832825318,"C39E9.12"
0.310134768432831,7.06049963441353,1.15045332059478,0.286482393800683,0.761411832825318,"W05H9.1"
-0.496336254672672,5.58573740095972,1.15037750148906,0.286499783650103,0.761411832825318,"rap-1"
0.650931883535859,4.9902191415467,1.15010282236905,0.286557847787062,0.761411832825318,"zipt-2.1"
-0.413528077417939,6.01754411399467,1.147407047403,0.287117588262966,0.76175554894963,"K04B12.2"
-0.339814611383261,6.72964385305432,1.14731498202911,0.287136304510656,0.76175554894963,"C15C7.5"
0.555965663812031,5.42319029303761,1.14693891207233,0.287217353745038,0.76175554894963,"lbp-7"
0.321634502912298,6.83689381339676,1.14643665198172,0.28731964195673,0.76175554894963,"hsp-70"
0.335777491348384,6.70850193444452,1.14574715114925,0.287463714802398,0.76175554894963,"rpom-1"
0.185117003717348,9.17975529598732,1.142667578031,0.288107901446925,0.76246787079584,"him-4"
-0.538508604698347,5.3425547515204,1.14207574739921,0.288234852623945,0.76246787079584,"mlcd-1"
-0.231164433794734,8.07919182488382,1.1414419191306,0.288364920467451,0.76246787079584,"rpn-3"
-0.524436019166593,5.48243796420191,1.14081025719505,0.288499683120685,0.76246787079584,"ugt-50"
-0.584231570147136,5.15000298702833,1.14077016526988,0.288509759061586,0.76246787079584,"row-1"
-0.318091763423333,6.86796738403698,1.1397157992195,0.28872748358762,0.762632367796057,"F16B12.6"
0.34316332247812,6.6785065312818,1.13841241794209,0.289001634597395,0.76294565000012,"Y75B8A.13"
0.27420751199077,7.47502553306631,1.13654940027651,0.289393773562212,0.763569908188622,"cpn-3"
-0.323148076283734,6.78045286510498,1.13389526617879,0.289953973879674,0.764084622267943,"sop-3"
-0.45990507463861,5.70011743933618,1.13373350177291,0.289989351513953,0.764084622267943,"pus-1"
0.23807804620927,8.03027247279787,1.13341095747547,0.290056180767158,0.764084622267943,"gst-1"
-0.361090818638509,6.63308506529477,1.13097071599248,0.290572804947934,0.765034679693835,"plp-1"
0.560885898541874,5.29796709062972,1.12947648492665,0.290892469948095,0.765464134191638,"npp-20"
0.200781530816158,8.85174019594646,1.12872905149887,0.291048034713028,0.765464134191638,"art-1"
0.393639081910641,6.16211699524508,1.12624191451781,0.291577404722127,0.766445428811378,"rsp-8"
-0.185910523185444,9.24210438088241,1.12397348321555,0.292060002007651,0.767158041414462,"sqd-1"
0.409900487153199,6.05131305320183,1.12350261907037,0.292161309146221,0.767158041414462,"C06A6.4"
-0.312110577500453,6.91361237566674,1.12086281149525,0.29272455139734,0.768030325521551,"ptp-1"
0.651064839344589,4.98467021037406,1.11970465971647,0.292974891860375,0.768030325521551,"ZK858.7"
-0.286082650102348,7.27942153037213,1.1192651481896,0.293066496309133,0.768030325521551,"nxf-1"
0.420408551208104,6.02751947548557,1.1190201682989,0.293119830657766,0.768030325521551,"ima-1"
-0.183203484378961,9.21926267105525,1.11772470523912,0.293396654558334,0.768345216555594,"ajm-1"
-0.350552111683613,6.52279843978273,1.11577968049687,0.293814585741583,0.768781542857468,"capg-1"
0.268098930473078,7.50598587065371,1.11454529453026,0.294079857810444,0.768781542857468,"spp-8"
0.474674372470793,5.64299515000958,1.11377752393024,0.294247028977189,0.768781542857468,"athp-1"
-0.572632651446858,5.24415129921453,1.11371156709032,0.294262683878898,0.768781542857468,"F01G4.5"
0.438006380079175,5.87372768363092,1.11224244704733,0.294577146232323,0.768781542857468,"gap-3"
-0.613705148694536,5.01950299307318,1.11187767078876,0.294658932252521,0.768781542857468,"amx-2"
0.497865460492287,5.56904864927868,1.11186083108366,0.294660407863821,0.768781542857468,"K07A1.10"
-0.319087265793049,6.91025597847473,1.10987598586642,0.295086935333025,0.769325073250374,"gly-6"
-0.300933886497514,7.05794218533706,1.10828599453299,0.295430829993487,0.769325073250374,"mon-2"
0.393184611576655,6.25649307536144,1.10646285364728,0.295826261222264,0.769325073250374,"sir-2.1"
-0.137023432779998,11.5133323080847,1.10632854543166,0.295854821581711,0.769325073250374,"pab-1"
0.457583826512943,5.76835095662863,1.1058854390519,0.295952491316486,0.769325073250374,"ubc-16"
-0.364684514113468,6.42507251817327,1.10492928500695,0.296158806518525,0.769325073250374,"let-502"
0.592018812735028,5.13456394670245,1.1047810835775,0.296193841835865,0.769325073250374,"csr-1"
0.546585197993142,5.31714493451001,1.10477836755963,0.296194254382307,0.769325073250374,"dop-5"
-0.384849144414876,6.49714052096662,1.10341198259486,0.296488502136,0.769325073250374,"tag-241"
-0.218125998300597,8.30308942206458,1.10236474615468,0.296716108934571,0.769325073250374,"sax-7"
0.368094138087956,6.35376772465673,1.10227644564723,0.296735762643649,0.769325073250374,"rict-1"
-0.165076835236544,9.99118036583449,1.10220496050312,0.296750874330216,0.769325073250374,"nkb-1"
0.343108001415571,6.53130278261724,1.10029438104325,0.297167554669439,0.769998338961223,"pbs-3"
-0.297326534972731,7.04187689367219,1.09892088953549,0.297467143100497,0.77036765412246,"dbt-1"
-0.306939307446885,6.95454272917782,1.09757189415268,0.297761978379006,0.770724276490251,"R05A10.1"
-0.39293060499393,6.07617440637425,1.09648721853701,0.297999768674981,0.770932945860117,"cgt-3"
-0.353573316040494,6.51176775080559,1.0956178453816,0.298189836419885,0.77101800086428,"mrpl-37"
0.507778215520616,5.49753129448728,1.09440558988858,0.298457789636306,0.771304245609104,"ric-3"
-0.400279316711075,6.05706648968077,1.0926984478346,0.29883072058596,0.771861339902125,"daf-18"
0.440920587573415,5.82679348557061,1.09034678061071,0.299348735921455,0.772792394576177,"aly-1"
-0.22888964057443,8.1334149998835,1.08610858088931,0.300282567265135,0.774795366878216,"C16A3.5"
0.347454621451467,6.54282776618182,1.08332282428696,0.30089961990522,0.775979303698793,"adsl-1"
0.486753429921616,5.52642412204236,1.08060230843318,0.30150555132732,0.776651748254452,"xpc-1"
-0.29858213978045,6.97236474196456,1.08012433904054,0.301609619049822,0.776651748254452,"gsa-1"
-0.345149344401334,6.50472970951816,1.07948706182511,0.301751514909176,0.776651748254452,"gei-3"
0.485930263668333,5.52383597873296,1.07930664410892,0.301793727252393,0.776651748254452,"Y57G11C.38"
-0.260750111526979,7.58615186297411,1.07673254717778,0.302365036031459,0.777713949519825,"egl-27"
-0.466718404517142,5.61412349023019,1.07323070759092,0.303149196606935,0.778155832351983,"his-35"
0.637486396255946,4.99811541789971,1.0730034324297,0.303201108764846,0.778155832351983,"strd-1"
0.254452452931531,7.75295415420604,1.07263930373332,0.303280058872073,0.778155832351983,"F37H8.5"
0.388221027636114,6.1601791154436,1.07249414170413,0.303313199205357,0.778155832351983,"kvs-5"
0.440387114962706,5.80348179002499,1.07242223763925,0.303330061459121,0.778155832351983,"clec-4"
-0.188367357694471,8.95471693501328,1.07143079126749,0.303550868966109,0.778315218127947,"egl-4"
0.18869481628326,8.97041510808306,1.06829600201101,0.304254912444734,0.778862419080626,"ril-1"
0.505386561992539,5.47882595583687,1.06822116858369,0.304274193568865,0.778862419080626,"let-60"
0.292013780084548,7.18627741051388,1.06766749403597,0.304396429053621,0.778862419080626,"pbs-2"
-0.177237008556425,9.27755625664885,1.06743784145793,0.304448014984803,0.778862419080626,"eef-1B.1"
-0.198668638161105,8.6166448714714,1.06651293645714,0.304656330852506,0.778862419080626,"sea-2"
-0.336972374018679,6.54429009084373,1.06624468473861,0.304717019819719,0.778862419080626,"F29B9.8"
0.353661718552152,6.46261909458056,1.06547181876733,0.304891383759565,0.778902206948263,"Y71H2AM.15"
-0.269399467127063,7.3819103513113,1.06380327708125,0.305267735954884,0.779045166212783,"rsp-3"
-0.492795041060247,5.50538907835625,1.06278531052707,0.305499808936112,0.779045166212783,"stam-1"
-0.490719403639634,5.47234554076151,1.06212834595169,0.305648558371994,0.779045166212783,"hcp-4"
-0.342999270445821,6.49184262130473,1.06185433468568,0.305708636430815,0.779045166212783,"paqr-1"
-0.391809198380414,6.13597667370832,1.06107538507857,0.305885254059258,0.779045166212783,"aly-2"
0.361155829507887,6.34053629670961,1.06066632913289,0.305977863436294,0.779045166212783,"xbx-6"
0.241325478139396,7.9968684748474,1.05944550429633,0.306254252157808,0.779045166212783,"mrps-11"
0.306762074960607,7.14021343898691,1.05939684282135,0.306265378879687,0.779045166212783,"pam-1"
-0.458189222055007,5.65378766808217,1.05835313034986,0.306503669775496,0.779045166212783,"nhr-84"
-0.158423527191829,9.94874518729951,1.05810737710751,0.30655799518256,0.779045166212783,"deb-1"
0.55205693711097,5.24613410819153,1.057090183056,0.306792269801291,0.779045166212783,"slr-2"
0.49096987376056,5.57323481144773,1.0568179116818,0.30685326424528,0.779045166212783,"cgef-1"
0.243884778377604,7.75377294575698,1.05531297180202,0.307193698285715,0.779505995908655,"mmcm-1"
0.334311185703134,6.66154447090002,1.05372972780353,0.307554816754071,0.780018808779068,"T28F4.1"
0.292435843363663,7.37614048267616,1.0518436675585,0.307985320872671,0.780509705821391,"pqn-53"
-0.355247105365245,6.36843139957712,1.05148909085965,0.308066623949075,0.780509705821391,"gpdh-2"
0.31834580624289,6.71400504071635,1.04960216137109,0.308498327848668,0.781199947391698,"Y56A3A.18"
-0.226415776504567,8.10323514287979,1.04756287090278,0.308965704103062,0.781861723343504,"ogt-1"
-0.457999388186238,5.6090725442913,1.04590609754527,0.309347836333355,0.781861723343504,"let-355"
0.408101762176805,5.97225097171595,1.04585884535822,0.309358085550464,0.781861723343504,"ttr-46"
-0.394651026601875,6.00209224818711,1.04512519827854,0.309526492862551,0.781861723343504,"mrps-18A"
-0.208449607539784,8.41708112274797,1.04499118241608,0.309556670078101,0.781861723343504,"copb-1"
0.166887631035198,9.88888814355968,1.04268552905807,0.310087756769759,0.78264861565275,"hpo-34"
-0.421914973234942,5.88854977422494,1.0416491634271,0.310327764276057,0.78264861565275,"C09G9.1"
-0.322308479630796,6.78531848348956,1.04130270391471,0.310407035013205,0.78264861565275,"let-721"
-0.358099846026203,6.27895346241909,1.04045160934195,0.310603872971732,0.78264861565275,"F15A4.6"
0.579429065874247,5.13417811223851,1.04019444333377,0.310666025418125,0.78264861565275,"wts-1"
0.386598267560795,6.2758049375903,1.03936577762847,0.310855087934016,0.782722898519685,"cir-1"
0.444103764561335,5.79204237424914,1.03752385658626,0.311282519554594,0.783087006525216,"obr-1"
-0.262156911034164,7.4112889143475,1.03736069774119,0.311318993419811,0.783087006525216,"rab-7"
-0.305470433406602,6.96909163315591,1.03574125273601,0.311694765022062,0.78363035491195,"ZK131.11"
0.446092805636007,5.69499846275713,1.03481433500633,0.311911652645007,0.783760471724132,"H40L08.1"
-0.350511077231196,6.4557017721008,1.03396708183511,0.312107212670879,0.783760471724132,"ipla-6"
-0.225038865343181,8.05011119553724,1.03292973298007,0.312348357484021,0.783760471724132,"col-98"
0.376866755055874,6.15321673783331,1.03219228383708,0.312520755283304,0.783760471724132,"ppw-2"
0.300000111104076,6.91843863528887,1.03208409020605,0.312545460283874,0.783760471724132,"F54G2.1"
0.429992776719097,5.90680287303745,1.03063078607383,0.312885307530843,0.783849600174909,"F33H1.3"
0.445136518041316,5.70178174332737,1.02995379872287,0.313043918279806,0.783849600174909,"acl-9"
0.26109723334858,7.44872255549789,1.02830227659656,0.3134282626681,0.783849600174909,"dnj-10"
-0.238083896798797,7.81324425161548,1.02778751850607,0.313548657101695,0.783849600174909,"inx-13"
0.235188778398354,7.81381165493335,1.02742288886084,0.313634003310978,0.783849600174909,"C37H5.5"
0.421626286785096,6.05880242580411,1.0271632342971,0.313695595522563,0.783849600174909,"tag-250"
-0.179061265356853,9.41284082506818,1.02714233538852,0.313699646308531,0.783849600174909,"icd-1"
0.514702202036428,5.36239902119443,1.02285452058005,0.314708589211811,0.785313339018011,"C16C10.4"
0.18771769056361,8.83990412706864,1.02168817262371,0.314980243005496,0.785313339018011,"tnt-3"
0.360844236947286,6.30062975885524,1.02131728474024,0.315068054677413,0.785313339018011,"glna-1"
0.41577978236623,5.90989065014583,1.02058837076893,0.315240401291782,0.785313339018011,"Y116A8C.27"
0.339702849329851,6.49033490761704,1.01973944141084,0.315439785249643,0.785313339018011,"aat-3"
-0.293664127613049,6.93914521390047,1.01900424399463,0.315613072057753,0.785313339018011,"jmjd-1.2"
0.611574473091256,4.96413157439762,1.01843267826156,0.315750481358584,0.785313339018011,"H06H21.8"
0.198603234482285,8.53874925584394,1.01831817349808,0.315774952910709,0.785313339018011,"pfk-1.1"
-0.472421794416,5.52899006485907,1.01805940788212,0.315837971407733,0.785313339018011,"F53E4.1"
0.402785782273926,5.99769538350925,1.01663468897064,0.316173853158386,0.785313339018011,"pros-1"
0.536384514048809,5.27510555118009,1.01302456265973,0.317031610967338,0.785313339018011,"cha-1"
-0.270114446328485,7.34363949961115,1.01281187702348,0.317079223840029,0.785313339018011,"rsp-2"
0.442040383542274,5.70242538912255,1.01213366425769,0.317241953534754,0.785313339018011,"ZK632.2"
-0.520657662527644,5.25000259014127,1.01205916847283,0.31726116420865,0.785313339018011,"eak-7"
-0.300159526514332,6.90743909710345,1.01203530080746,0.317263800870103,0.785313339018011,"C44B7.11"
0.5162237753368,5.37249051704137,1.01160814024933,0.317367970296613,0.785313339018011,"C34F6.9"
0.317578001696662,6.85106650082757,1.01098703502081,0.317513126829006,0.785313339018011,"pas-3"
-0.202566178481869,8.43198983982988,1.00940401961427,0.317889920140636,0.785313339018011,"pdi-1"
0.550366640265296,5.1806220966496,1.00907225006529,0.317972069397265,0.785313339018011,"nca-2"
0.335858862866378,6.53381033031338,1.00904106487793,0.317976721819201,0.785313339018011,"smgl-1"
-0.149714518744159,10.5326379614913,1.00863288468293,0.318073738527669,0.785313339018011,"vdac-1"
-0.469521827667626,5.52424974257915,1.00804707893305,0.318215395676693,0.785313339018011,"C13B4.1"
0.320070186610327,6.66536873499772,1.00686634555391,0.31849566493006,0.785313339018011,"gls-1"
0.136149369090603,11.8873607155422,1.00651962308128,0.31857826958798,0.785313339018011,"irg-7"
0.485366665269343,5.4801946123123,1.00574155303117,0.318766701460821,0.785313339018011,"pdk-1"
0.335628126926478,6.6003664761744,1.00558930566506,0.318800996555488,0.785313339018011,"ncr-1"
0.300542169023364,6.88566222520996,1.00532455621109,0.31886423094696,0.785313339018011,"rpn-10"
-0.299627021163054,6.86046750798957,1.00519283094607,0.318895739393907,0.785313339018011,"acdh-3"
0.609031451203378,5.0335773625949,1.00506720082296,0.318928475295388,0.785313339018011,"T02E1.2"
-0.519949283372836,5.2557636918172,1.00327847951253,0.319357309863651,0.785974713939392,"atf-6"
0.388640983255637,6.14352561073819,1.00046839405326,0.320029560005131,0.78663185717576,"Y47G6A.22"
-0.165951568466573,9.53331878960233,1.00031976306867,0.320064619485972,0.78663185717576,"pqn-44"
0.527512930855864,5.28350750624712,0.999960854310677,0.32015389890721,0.78663185717576,"snu-23"
-0.470367760539391,5.51181338336939,0.999491407790953,0.320265814226298,0.78663185717576,"M57.2"
-0.418968705008998,5.84674559275629,0.997645780238206,0.320709441781544,0.787327233202438,"dbl-1"
0.263688224726842,7.31515962579229,0.996781992438705,0.320916980863755,0.787409199321896,"ced-7"
0.603301477124197,5.03736914226648,0.996184785286247,0.321063893709234,0.787409199321896,"flp-5"
0.296134137509106,7.03389189306844,0.994596743015442,0.321444977749816,0.787707085198413,"evl-14"
0.23326088886719,7.75822442264409,0.994341881128271,0.321506541196172,0.787707085198413,"somi-1"
-0.472684996469801,5.51493364296574,0.992829950456155,0.321874444863548,0.788064700796825,"acox-3"
-0.317262525542566,6.65254913658819,0.992412829253651,0.32197383494329,0.788064700796825,"Y39G8B.1"
-0.535506557316128,5.17425528112655,0.991103163929218,0.322294821106648,0.788456906497809,"msa-1"
0.26036223065566,7.52819454819511,0.989392464420668,0.322706926565527,0.789071522833454,"laf-1"
0.22289864455572,7.99668888721476,0.988422683257993,0.322942791910849,0.789254805342659,"rpn-2"
-0.171641238490505,9.35781039868935,0.987052402040329,0.323276472793648,0.789362243850968,"sgt-1"
0.3917919269543,6.01759876614725,0.986285152786602,0.323464389296518,0.789362243850968,"icp-1"
0.131135222788236,11.4988208870826,0.986260447512526,0.323469543351773,0.789362243850968,"eef-1A.2"
-0.420061911153137,5.74585464186058,0.985583382898341,0.323635904512159,0.789375490617672,"xbx-9"
0.190003871983755,8.71365839834608,0.984172866870082,0.323979252551397,0.789820195708053,"hlh-30"
0.441002654319249,5.6564143410853,0.981074310475421,0.324739521555948,0.790354716823474,"scd-2"
-0.272233507921853,7.16730198551886,0.980844053152134,0.324794307287902,0.790354716823474,"F32B4.4"
-0.488671058950215,5.46027017155372,0.980417864999202,0.324900882848328,0.790354716823474,"mig-14"
-0.230063892154948,7.86253197530989,0.979932083616122,0.325017993475605,0.790354716823474,"arrd-25"
-0.498470571580708,5.36014249089652,0.979233505822158,0.325192082183267,0.790354716823474,"F59E12.1"
-0.517319116874193,5.25629476791547,0.979023498258025,0.325244196600242,0.790354716823474,"sli-1"
-0.544479408894146,5.25020467720663,0.977885652803075,0.32552386950765,0.790354716823474,"C46G7.1"
-0.522239415059463,5.21062859791734,0.977633205569367,0.325586210320328,0.790354716823474,"fmo-1"
0.16623877277599,9.38934399633948,0.977365776564285,0.325648701875686,0.790354716823474,"R09H10.5"
-0.168030971222204,9.49766636053614,0.975920185981957,0.326004716996962,0.790639678409,"rps-9"
-0.46975130754926,5.5629470989536,0.975587371097952,0.326088495294884,0.790639678409,"mrps-15"
0.490067632641961,5.40235168004872,0.97456833228255,0.326340726517943,0.790860308088196,"F40F8.11"
0.326437988926903,6.73607043729627,0.973287743451636,0.326654576924098,0.791229975216149,"sin-3"
0.181210065674125,9.01808928127398,0.971666054800727,0.327055447768874,0.791809956222274,"adss-1"
0.279415734509263,7.11720402867918,0.970549245831877,0.327332151062813,0.792009948361245,"wdr-23"
0.348355235672663,6.42807152839587,0.970030468294852,0.327460993940184,0.792009948361245,"zyg-8"
0.472225247074632,5.55467304227048,0.968642144428437,0.32780718091045,0.792376182819345,"fpn-1.1"
0.542418152946087,5.2557503802638,0.968128710080686,0.327935504816161,0.792376182819345,"rpia-1"
-0.37344498156321,6.03930467885575,0.967195785899507,0.328165051954184,0.792540413508259,"rnr-2"
0.552180766975942,5.11911532501431,0.966251220638164,0.328402466259341,0.7925684204491,"T28F4.4"
0.430603787143297,5.73772180658399,0.96585413318151,0.328499816263613,0.7925684204491,"pbo-4"
-0.409894281766911,5.78311504699935,0.962650676142968,0.329298243332618,0.792738857626241,"did-2"
0.274520307995419,7.19784490744106,0.962303349555244,0.329384086735149,0.792738857626241,"tni-3"
-0.171629323943355,9.11722475153175,0.961662414947681,0.329544205826722,0.792738857626241,"F36A2.7"
0.284909345082525,7.05556286799498,0.961208655593938,0.329657819035325,0.792738857626241,"cul-1"
-0.416624273721904,5.76941193483577,0.960807931112324,0.329759047988608,0.792738857626241,"nhr-101"
-0.298771614091582,6.79916165451927,0.96074223468881,0.329774567936806,0.792738857626241,"lin-53"
0.259685009083219,7.32599400870465,0.960582664992813,0.329814432314691,0.792738857626241,"tbc-17"
-0.559122850271644,5.0915669791234,0.960402033747644,0.329863406404721,0.792738857626241,"W10G11.19"
0.421659349834172,5.78867748887722,0.958824939768966,0.330256118373063,0.793293957208558,"Y87G2A.1"
-0.409321981680687,5.79189947529644,0.95798298055098,0.33046701784187,0.793412003188631,"maco-1"
0.370164790794098,6.21977903486661,0.955971496103277,0.330971935279563,0.793967248499359,"nlp-14"
-0.224162356022631,7.88457431691113,0.955770325056124,0.331022023074656,0.793967248499359,"ntl-4"
-0.371055380474252,6.13495235026528,0.954107267898621,0.331441209729718,0.7943992343221,"efa-6"
-0.526128718883875,5.30272538992826,0.9537801255283,0.331526041316481,0.7943992343221,"fcd-2"
0.52178301442747,5.27708401466514,0.952785952652634,0.331776790073925,0.794611892242482,"orai-1"
-0.155407103919516,9.97147352055923,0.951822536109141,0.33201712245188,0.794799407333564,"rps-25"
0.388930260424873,6.04521106308195,0.949819822982015,0.33252431619304,0.79516649968937,"nol-10"
-0.313484246746218,6.58299825575868,0.949163173635873,0.33268997686696,0.79516649968937,"tag-273"
0.465017534028361,5.58602565550376,0.948056186306487,0.332972240606154,0.79516649968937,"csn-6"
-0.48985134943766,5.35149398431127,0.946139792586335,0.333459249558422,0.79516649968937,"C06A6.2"
0.304544906642689,6.76178758073532,0.945745782225744,0.333557009414285,0.79516649968937,"madd-4"
-0.147563439995522,10.0813284167205,0.945660320560494,0.333578534379061,0.79516649968937,"ztf-7"
0.262554008326914,7.28599908493538,0.943226079385424,0.334198156759856,0.79516649968937,"C24A3.2"
-0.222820880671638,7.93481946257428,0.942432827757452,0.334400323729639,0.79516649968937,"acs-13"
0.244432582282817,7.71946029512771,0.94237303931134,0.334415588324694,0.79516649968937,"M01F1.3"
-0.301685938124623,6.76024150918292,0.941764929533312,0.334570854944591,0.79516649968937,"hxk-1"
-0.562133570445522,5.00208643180317,0.940469339230573,0.334905675930957,0.79516649968937,"R04F11.3"
0.420951455484432,5.82425618328832,0.940435488478765,0.334911468535936,0.79516649968937,"F35A5.2"
0.594574379557062,4.97652797567445,0.940162395379555,0.334982579648007,0.79516649968937,"cup-5"
-0.252813884870062,7.3421435015045,0.939782275748953,0.335077274736678,0.79516649968937,"prdx-3"
-0.425507502356171,5.68080253301697,0.939577280670304,0.33513092153957,0.79516649968937,"vacl-14"
-0.3831178300905,5.95217966604519,0.939126960724338,0.335245557221446,0.79516649968937,"H03A11.2"
0.221131817181179,7.8988939900325,0.938037916459969,0.335523727923459,0.79516649968937,"hpo-29"
-0.561121343681731,5.06313976414069,0.937844817244238,0.335577109849801,0.79516649968937,"rpoa-49"
-0.312831578908912,6.65879993826027,0.937680679274268,0.33561542811726,0.79516649968937,"lst-2"
-0.393599669058721,5.9151435153932,0.937680276883152,0.335616107619512,0.79516649968937,"pdr-1"
0.347055061447062,6.26369085785464,0.93748597429871,0.335665632901363,0.79516649968937,"klc-2"
0.434854876601084,5.73667819648186,0.936933668198366,0.335808273055511,0.79516649968937,"ZK973.11"
0.3030494965762,6.77331453716152,0.936553726788466,0.335904414975781,0.79516649968937,"jph-1"
-0.589386881096957,4.96694621837724,0.935160613806605,0.336266142720201,0.79516649968937,"F47F2.1"
-0.201629050584262,8.44212737699462,0.934421325407416,0.336451992127781,0.79516649968937,"Y46E12BL.2"
0.543170316007101,5.13092228040069,0.93404616112026,0.33655147280458,0.79516649968937,"hid-1"
0.365051249662256,6.12691729883491,0.933602723560967,0.336663219246669,0.79516649968937,"C33G8.4"
0.423608043210841,5.68174007899491,0.93342618329873,0.336709647269077,0.79516649968937,"faah-3"
0.213019813077084,8.08173001494333,0.932037621458801,0.33706574122594,0.795526717879907,"pqn-22"
0.308461772977769,6.67823560402375,0.931011090049041,0.337330708250564,0.795526717879907,"F44G4.1"
0.314309382325559,6.56322454817377,0.930941415495142,0.337348740711561,0.795526717879907,"gap-2"
-0.507333872363535,5.28209152518429,0.928943682500939,0.337867455432574,0.795816758399337,"dnj-17"
0.360740881699488,6.14080974860475,0.928819693829388,0.337897286048174,0.795816758399337,"aak-1"
-0.408759672209441,5.85107385364916,0.92769090917844,0.338189652001905,0.795816758399337,"gstk-2"
0.37878558843415,6.02655210520076,0.927347691596462,0.338278503888358,0.795816758399337,"csn-3"
-0.148979363138182,9.96971242077665,0.92598996948717,0.338629642732799,0.795816758399337,"rla-1"
-0.153198392417584,9.78694840686369,0.925510306908501,0.33875410568674,0.795816758399337,"cpr-1"
0.23563016113909,7.67872734614945,0.924859949391866,0.338923010115679,0.795816758399337,"mtr-4"
0.125441511601759,11.7412208297183,0.924842374759044,0.338927517656744,0.795816758399337,"dig-1"
0.174772834314811,8.93907909374787,0.924252704724898,0.339080730056672,0.795816758399337,"egl-21"
0.422472847762073,5.73071727001942,0.923459026597259,0.339288576816682,0.795816758399337,"T15B7.1"
0.328780774523169,6.45928631509421,0.9231894576761,0.339357533579443,0.795816758399337,"pha-4"
0.278452245925364,7.02728453823105,0.922953639840316,0.339418686762775,0.795816758399337,"ubql-1"
0.227021061544727,7.77929809694371,0.920082431047408,0.340166912987721,0.797190018253594,"kars-1"
0.161242678074788,9.43558053566819,0.919285727319349,0.340374911031402,0.797296532287023,"clu-1"
0.312598027104292,6.55393884187441,0.91793570487347,0.340728105372183,0.797508650520348,"sid-3"
-0.191738119917579,8.49365280204403,0.917695658398355,0.340790648621947,0.797508650520348,"col-103"
-0.228961464038186,7.74292284054466,0.915449321428772,0.341379162591235,0.798187356606403,"Y71F9AL.9"
-0.221868157259695,7.80704858413969,0.913966951475053,0.341768262389076,0.798187356606403,"snt-4"
0.472049509032289,5.55178748392824,0.913715313995628,0.34183638083212,0.798187356606403,"kbrl-1"
0.230615311809844,7.70425007193232,0.913334643302603,0.341934428942028,0.798187356606403,"Y43F8B.1"
0.202532435683397,8.23760996985439,0.913130249611061,0.341988137416986,0.798187356606403,"pro-3"
-0.271553461562718,7.09093987940238,0.912767398701314,0.342083639998925,0.798187356606403,"F46B6.6"
0.249823419233759,7.39496011453271,0.911213638251149,0.342492615161354,0.798187356606403,"atgp-1"
-0.572912050184231,4.95812560219383,0.911063003444916,0.342536394661592,0.798187356606403,"slrp-1"
-0.300202311023579,6.90696669468503,0.910828148950444,0.342594254371809,0.798187356606403,"bet-1"
0.324180439135071,6.47085698252924,0.910337416331388,0.342723811613936,0.798187356606403,"pqm-1"
-0.281524739078119,6.93543645677102,0.909779821943685,0.342870695284341,0.798187356606403,"srgp-1"
0.216747084019027,7.90298333497975,0.907116544785773,0.343574282994886,0.799209056733015,"hpo-19"
0.287872468758394,6.8962723982319,0.906885834327814,0.34363545375126,0.799209056733015,"K02D10.1"
-0.536641397924245,5.12420141019413,0.906092592650252,0.343848882280545,0.799326430135579,"mrpl-13"
-0.610518473573394,4.80958854059478,0.90542535418216,0.344026277639766,0.799359967703956,"ugt-17"
-0.174989566669215,8.94724814463347,0.90462326315747,0.344234810425064,0.799465788416165,"F47B7.1"
-0.589459215573941,4.9196191571865,0.903323721666286,0.344583996831965,0.799898014415896,"evl-18"
0.277162354167399,6.93200856663901,0.900654670995604,0.345289950363406,0.800472926215967,"F45F2.10"
0.4102946819201,5.86436972618888,0.90046701203973,0.345340953367555,0.800472926215967,"T26E3.4"
0.391959308029366,5.84615552430833,0.89978271951116,0.345523364184726,0.800472926215967,"H10E21.5"
-0.459252503336812,5.4431636271828,0.898908652433634,0.345757466199896,0.800472926215967,"rfth-1"
-0.241303613361488,7.42456448005386,0.898079203233119,0.345976895968525,0.800472926215967,"cox-6C"
-0.277001006745692,6.98471963859248,0.898012996262686,0.345994636611635,0.800472926215967,"gfat-1"
-0.281530950503963,7.13800858906833,0.897667582964569,0.346086906247632,0.800472926215967,"cnt-2"
0.287298078272935,6.94958277987786,0.897479477061507,0.346137222528861,0.800472926215967,"sdhd-1"
-0.271255009954011,7.10701096704254,0.895313766875588,0.346716719782862,0.801435207603647,"fat-3"
0.273877905910839,6.98072938987998,0.894336294918304,0.346978754515353,0.801555276376916,"plin-1"
0.301857222665651,6.63458097406492,0.893251236737855,0.347270013567475,0.801555276376916,"tat-5"
0.481715066620225,5.3387771757129,0.893077698254628,0.347319019839534,0.801555276376916,"F57C2.5"
0.302999685169761,6.63355317530039,0.892125092705406,0.347572552337175,0.801555276376916,"Y105C5B.15"
-0.445215018974812,5.47885838704341,0.891997372968911,0.347608608273399,0.801555276376916,"cpsf-2"
0.281390977242471,7.11128344005528,0.891467878111392,0.347749159659547,0.801555276376916,"Y32F6A.4"
-0.438360354301143,5.54106426805786,0.889692590000578,0.348228760920585,0.802283735235071,"dyb-1"
-0.27207339469664,7.04588101635398,0.888611611930505,0.34851865243118,0.802574643274619,"fkh-7"
0.340063970228662,6.29117546201203,0.887878469604949,0.348716884058319,0.802654301410632,"W06F12.2"
0.328205748471695,6.33625289633064,0.886887495103333,0.348984573442737,0.802670315903869,"daf-1"
0.156310384461122,9.44788937508177,0.886639800948598,0.349051128200398,0.802670315903869,"mlc-3"
0.335729038649621,6.32979294214151,0.884556270710564,0.349615515491983,0.803399188783041,"nrf-5"
0.563474022162006,5.0201763677599,0.883780121777691,0.349828256886184,0.803399188783041,"nrde-4"
-0.188122916129786,8.42907519638673,0.883280260936025,0.349961130258685,0.803399188783041,"kdp-1"
0.274603855532899,6.94132863525745,0.883051805070951,0.350023255133406,0.803399188783041,"rsr-1"
0.229124571586274,7.70495990396307,0.882240128880945,0.350243559898679,0.803528840646877,"Y43F4B.5"
0.28574100303521,6.79087706973203,0.879733501425891,0.350925537465208,0.804717045940553,"Y45F10B.13"
0.381728591559835,5.91919769250044,0.877275882318948,0.351596626495773,0.805879183626993,"cdf-1"
0.320589459380729,6.40174550695211,0.875926077598324,0.351964905278153,0.8063465018166,"rab-10"
-0.307316011831927,6.50811950394287,0.873584636459109,0.352605960812886,0.807438019508499,"Y47D9A.1"
0.264372707320026,7.08356750567884,0.872662070030779,0.352858910313446,0.807640203027277,"sbp-1"
0.357600819045921,6.07882230945034,0.87046612002714,0.353462887449858,0.808238562671377,"bpnt-1"
-0.422755902381223,5.59872632958246,0.869642859337876,0.35369026609375,0.808238562671377,"arc-1"
0.386389545726497,5.91023317632907,0.869616576118976,0.353697022904691,0.808238562671377,"Y60A3A.19"
-0.311579550224416,6.70905450521477,0.869314240399037,0.353779448329347,0.808238562671377,"W05H12.1"
-0.12669528253046,11.0828188374753,0.868355740662638,0.354043415208896,0.808271189802398,"rpl-17"
0.294263603349987,6.70847229674997,0.86792281436149,0.354163023048836,0.808271189802398,"ctr-9"
0.423809932770321,5.64566127364646,0.867009113173256,0.354416673608432,0.808271189802398,"pfkb-1.2"
0.174972735367541,8.75336929802668,0.866688865682033,0.354503445674557,0.808271189802398,"T12D8.9"
-0.278876854019943,6.91869986715065,0.866017109429658,0.354689187154469,0.808271189802398,"trpp-11"
-0.258291736645396,7.45411886389803,0.865144048145513,0.354930566086239,0.808271189802398,"H05C05.1"
-0.239474022801475,7.38936182080757,0.864803642797727,0.355024773848563,0.808271189802398,"lim-9"
0.32097549468945,6.48367640878909,0.864489376172802,0.355112011014102,0.808271189802398,"mdt-26"
0.511455712327895,5.1662427456393,0.862356759159637,0.355705772129109,0.809099422950933,"Y95D11A.1"
0.337916814992034,6.3680311484275,0.861987256686207,0.355805801285456,0.809099422950933,"C10G8.8"
-0.21060486661509,7.97170220225756,0.861336909041306,0.35598607080883,0.809134234160014,"tps-2"
0.467674394425186,5.37314677731953,0.860201546296161,0.356304158585797,0.809482120362822,"nhr-28"
-0.447760336916609,5.44808654683212,0.858913906178464,0.35666213376203,0.80992026208461,"arx-5"
-0.191281721334049,8.31267409886248,0.857137743600114,0.357155338416578,0.810295391559424,"T08H10.1"
-0.308374437857645,6.46879778699623,0.856564625568739,0.357315575485094,0.810295391559424,"C32D5.11"
-0.27249459646873,6.92426239963496,0.856345468684598,0.357376658320628,0.810295391559424,"F09G2.1"
-0.389806150491891,5.80486080547151,0.855949422746719,0.357488119742017,0.810295391559424,"F25H2.4"
-0.394745308882657,5.76335049407374,0.854312625113531,0.357946031032469,0.810914149071083,"Y57E12AL.1"
0.338628729639174,6.23846220698253,0.853220842099306,0.358251305882344,0.810914149071083,"K03B8.6"
-0.471213463658058,5.30451905994991,0.853207922424492,0.358257076664024,0.810914149071083,"ckk-1"
0.304653024623339,6.51540182371598,0.851976155715262,0.358600187245027,0.810976495386775,"pat-4"
0.415911696773638,5.65226624105448,0.851583918875039,0.35871166526417,0.810976495386775,"tmc-1"
0.526293679919115,5.14665489515261,0.851144161610487,0.358836391476627,0.810976495386775,"fbxc-52"
0.191535862210376,8.40260994676142,0.849371870830747,0.359331869733023,0.810976495386775,"hrpu-1"
-0.244143365229065,7.29151564749379,0.849145512483176,0.359395646806751,0.810976495386775,"ctps-1"
-0.313268802897133,6.44389841669535,0.84872930203984,0.359513030172595,0.810976495386775,"R166.2"
-0.298945806252609,6.61770315874546,0.847501708551911,0.359858955002826,0.810976495386775,"F44E2.8"
0.317824428787654,6.37361800033457,0.847289110884078,0.35991909071342,0.810976495386775,"gip-1"
-0.348237563457976,6.04836900383688,0.847050271723005,0.359986654386366,0.810976495386775,"T21C9.6"
0.474766474439473,5.34121972747613,0.847015157156003,0.359998581555633,0.810976495386775,"tbc-16"
-0.289245073097251,6.72334926064472,0.846553283792246,0.360126546858369,0.810976495386775,"tin-9.1"
-0.276716492005251,6.8388911547999,0.845830886963754,0.360330548831468,0.810976495386775,"nuo-3"
0.400320599748833,5.78260948348358,0.845213107367332,0.360506295853771,0.810976495386775,"bcas-2"
0.177761256684375,8.59791885980242,0.844753037309939,0.360635135210627,0.810976495386775,"F54D1.6"
0.311072862658471,6.48971386288989,0.844296240192841,0.360764671342292,0.810976495386775,"Y54E10A.10"
-0.479708256294469,5.23591004348284,0.842395759575069,0.361305761898316,0.811499267741248,"F52E1.14"
0.221136192601679,7.74855557691225,0.841977471963004,0.361421500756335,0.811499267741248,"mxl-3"
0.534090690234306,5.06131294064285,0.839768712632432,0.362051746757816,0.811499267741248,"klp-3"
0.275634595898367,6.97276775810709,0.839725198937907,0.36206142883147,0.811499267741248,"C25D7.10"
-0.130557054875345,10.7491764047478,0.839691788634169,0.362070795936099,0.811499267741248,"hsp-6"
-0.231992341351161,7.54335868459686,0.839468856579455,0.362134276150685,0.811499267741248,"mec-7"
0.240304125675077,7.44122922255715,0.839060239542893,0.36225057345109,0.811499267741248,"rbpl-1"
-0.339487415230666,6.12723306845099,0.838815041651563,0.362320773976215,0.811499267741248,"lin-35"
-0.193757692735355,8.18563327968754,0.837000053149535,0.362837612482708,0.811634534732314,"mef-2"
0.385865729436358,5.80023989702475,0.836912778601233,0.362863702460598,0.811634534732314,"cdk-9"
-0.442470061039283,5.48187803502654,0.836866502797152,0.362877580972062,0.811634534732314,"nhr-61"
0.263430793381001,7.10039946035139,0.835171104826851,0.363360004559839,0.812343127787607,"dcp-66"
-0.31349203034659,6.38158395533394,0.833363937312213,0.363877300696117,0.812616298657037,"nlp-21"
0.142379012122596,9.86036766415368,0.833290371019168,0.363898084745007,0.812616298657037,"let-767"
-0.420122600858258,5.59585008086467,0.833012324432924,0.363979206554436,0.812616298657037,"rep-1"
0.510534128726772,5.16497561163161,0.831970565067457,0.364279283577724,0.812812700346159,"unc-6"
-0.328930042725789,6.31409562986886,0.831545916845735,0.36439859899311,0.812812700346159,"nsun-4"
0.331224249022147,6.23034328849399,0.830027567061129,0.36483490515579,0.813084057770754,"emc-3"
0.571405408639473,4.93762665425984,0.82997549559447,0.364851786167875,0.813084057770754,"hut-1"
0.407378749134252,5.70522781737118,0.828089753341329,0.365393560576534,0.813593708126836,"T16G1.9"
-0.400722138709161,5.68386879643316,0.828024204301,0.36541221998031,0.813593708126836,"blmp-1"
-0.231226521495652,7.54657223684931,0.826694527809575,0.365794441250798,0.813726087404621,"T25G3.3"
0.176764385199918,8.56960433796897,0.826663093509072,0.365803470484646,0.813726087404621,"gldc-1"
-0.312912855690072,6.34735090380324,0.825551571985786,0.366124698298182,0.813745350441852,"dut-1"
-0.306313631325512,6.47108302837352,0.825484808798719,0.366143932400646,0.813745350441852,"edc-4"
0.342041499590199,6.1761601870701,0.823589667889949,0.366692387176023,0.814595180751084,"sec-31"
-0.340635739935169,6.15875622164401,0.821920382885365,0.367176040005857,0.8152833748259,"nex-2"
-0.247667931389894,7.39510664436822,0.821372629169759,0.367334609248774,0.8152833748259,"grl-4"
0.48268969337908,5.29369183671537,0.820001064121977,0.367735590358832,0.815554636049151,"C35B8.3"
-0.474880002517865,5.22488831129627,0.819751796541808,0.36780835432229,0.815554636049151,"sma-10"
-0.442587855292388,5.43886352101998,0.819242221127153,0.367955639057446,0.815554636049151,"Y54G11A.4"
-0.395226394947208,5.74072208163537,0.817612838847608,0.368429195861145,0.815940324861866,"T09B4.5"
0.414739592544435,5.62715365565228,0.817042091741092,0.368596170257611,0.815940324861866,"ubc-20"
-0.209554153281624,7.86701264100268,0.816925054103848,0.368628697226074,0.815940324861866,"zyg-9"
-0.30805930376842,6.44258322523595,0.815573915576483,0.369023336492169,0.816094254009297,"rpa-2"
0.508007301792514,5.16333527917161,0.815556487343232,0.369031000080045,0.816094254009297,"npp-19"
0.290095722110418,6.65026412261738,0.814570198588548,0.369316675771739,0.81635795162703,"ZK546.14"
-0.498911819855464,5.11963901014156,0.812874029071617,0.369816411098512,0.816876548242254,"M106.2"
-0.465206622438948,5.29723528775999,0.812639293276468,0.369884365677074,0.816876548242254,"W01D2.1"
-0.284205179352615,6.68650545926376,0.810500151408937,0.370509660182916,0.817889236362378,"acs-17"
-0.245581080011251,7.26851783571927,0.809192727819195,0.370893953371366,0.818369249341678,"ttc-17"
0.258503637430269,7.08924091543898,0.807931213212716,0.371265411561827,0.818820523251242,"camt-1"
-0.494490176091569,5.16105317143933,0.806050215036608,0.371823330878806,0.819414161979959,"ztf-4"
-0.386656519280169,5.69834803148322,0.805889540483993,0.371868690023933,0.819414161979959,"his-61"
0.295158804677641,6.84449188291836,0.805278341944884,0.37204825896921,0.819441719911977,"T19D2.2"
0.506676332705264,5.11025326421991,0.803373765935071,0.372614364671466,0.820320223839111,"nhx-5"
-0.378162510154522,5.89925430413958,0.802775230427525,0.372789597568142,0.820337808915089,"set-18"
0.321731194017246,6.30629398108518,0.799539820716133,0.373749803831899,0.821205057639643,"C05D10.4"
0.454201461243937,5.32717586478094,0.799340438986904,0.373811221002829,0.821205057639643,"mek-1"
0.38404469772885,5.83394641418495,0.799220186858427,0.373845575442839,0.821205057639643,"xbx-5"
-0.49236371368149,5.11272416856076,0.799201639270806,0.37385339321291,0.821205057639643,"R10E4.1"
-0.18656110318911,8.24383284789478,0.796740452960633,0.374583328201385,0.822327594145735,"nhr-88"
-0.38612347631759,5.72467370467942,0.796353951821011,0.374699729442552,0.822327594145735,"ugt-58"
-0.501917528569737,5.07624040255065,0.795384307038753,0.374991798549616,0.822360818976786,"C34C6.4"
0.273574762613509,6.81576188319891,0.793440804108448,0.37556981612444,0.822360818976786,"mlt-7"
0.430199285892425,5.49413174241321,0.7931657003752,0.375654091250085,0.822360818976786,"clec-57"
-0.382888279725895,5.72498877786307,0.792837669418825,0.37575141447684,0.822360818976786,"glrx-5"
-0.373142043731302,5.85291025682458,0.792496336024996,0.375853461683259,0.822360818976786,"hmgr-1"
-0.179820012080665,8.44420458236148,0.791925299468491,0.376023922669465,0.822360818976786,"pitr-1"
0.307594127720674,6.43963284393214,0.791776602490781,0.376068833760741,0.822360818976786,"stim-1"
0.295409600489915,6.55764688490895,0.789233870339339,0.376832810130008,0.822360818976786,"nlp-13"
-0.50481665342348,5.07125140484637,0.788741294940902,0.376984360397527,0.822360818976786,"R05H5.3"
0.241419147054905,7.21087725163336,0.787738928734756,0.377282874993588,0.822360818976786,"tcer-1"
-0.455414817028282,5.33546786937456,0.787589159070209,0.377330318412012,0.822360818976786,"pfd-5"
0.511634219348741,5.08904918315797,0.78744072357855,0.377375484919008,0.822360818976786,"T20F10.2"
-0.404740089750106,5.57900311846195,0.787122656103273,0.377470071574768,0.822360818976786,"abf-5"
0.208972510159339,7.76556818018803,0.786422543175868,0.377679913020434,0.822360818976786,"eftu-2"
-0.211059720623436,7.71012201067111,0.786374766544608,0.377694336259113,0.822360818976786,"arf-3"
-0.370608340364927,5.8276500351781,0.785322754143432,0.378012941011594,0.822360818976786,"mrpl-48"
-0.274961299161498,6.77976424157589,0.785143578243135,0.378066390918655,0.822360818976786,"tag-123"
0.361468997117486,5.9001796960514,0.784605217756166,0.378230006564793,0.822360818976786,"npp-18"
0.303271280142012,6.41703385313095,0.784477749871055,0.378267931560027,0.822360818976786,"pqn-80"
-0.243664585973356,7.33363153875496,0.783916139099426,0.378437642187352,0.822360818976786,"T04C9.1"
-0.235878839252663,7.30533971057655,0.783894616085433,0.378444160595,0.822360818976786,"ZK1320.9"
-0.255916879273388,6.96574059635164,0.782128436646573,0.378979443345077,0.822360818976786,"slo-1"
-0.241829736962467,7.19493979743423,0.781607723165971,0.37913742096985,0.822360818976786,"ntl-2"
-0.326145887794044,6.16177731770209,0.781466496963639,0.379180625768065,0.822360818976786,"his-71"
-0.32528301183008,6.14734462105326,0.78136087208036,0.379212708479649,0.822360818976786,"phy-2"
-0.182014317870694,8.39532467754925,0.781087070122907,0.379295435707146,0.822360818976786,"trr-1"
0.349896001597841,5.97567614038688,0.780744224828389,0.37940037781403,0.822360818976786,"F25E5.1"
-0.253452383137994,7.03089701012427,0.779779468650889,0.379692960171104,0.822360818976786,"F42A10.5"
0.392168380371139,5.72278668883058,0.779097750335638,0.379901627410013,0.822360818976786,"W06A7.2"
0.230614909614362,7.4130810863902,0.778732402555599,0.380011597902342,0.822360818976786,"C16A3.4"
-0.322177006166538,6.16271841366059,0.778367054773965,0.380123232506579,0.822360818976786,"dpy-23"
0.134251432194722,10.1049505303054,0.777694954156079,0.380327654268128,0.822360818976786,"ogdh-1"
0.157671691913348,9.04759471422928,0.777411419263656,0.380414124043569,0.822360818976786,"utp-20"
0.509646769892525,5.09540600882929,0.776989217128577,0.380545699890492,0.822360818976786,"cic-1"
-0.443931654052766,5.37091557325216,0.776679828377517,0.380639561199574,0.822360818976786,"W03D8.8"
0.351234065817578,6.05117571961431,0.775698504297418,0.380937762230748,0.822360818976786,"mxt-1"
-0.12885650522757,10.3478252964374,0.77540828661269,0.381025758808226,0.822360818976786,"atp-3"
-0.308369237296594,6.32240641297665,0.775212719089304,0.381085859640007,0.822360818976786,"twk-8"
-0.347405169800471,5.95311709242475,0.773117179868833,0.381727697566197,0.823383622059014,"cpi-2"
0.445999814623784,5.42269290527012,0.772406390196422,0.381947245362284,0.823465062608032,"ptp-4"
-0.36054377877555,5.88813345174626,0.770779402749357,0.382445286102474,0.823465062608032,"igdb-2"
0.251283956273613,7.02234568627819,0.770712120693008,0.38246534597941,0.823465062608032,"tra-1"
0.238877688982796,7.34164650841098,0.770668810562604,0.382478615883635,0.823465062608032,"elo-2"
0.191143491563395,8.27520275669507,0.769608087155294,0.38280478693865,0.823465062608032,"cls-2"
-0.408756984233425,5.56939550366789,0.768947198211806,0.383009739225278,0.823465062608032,"dnj-27"
-0.281209046645282,6.6417545748532,0.768684827554503,0.383089221083057,0.823465062608032,"tag-325"
0.452641460968766,5.37602765362358,0.768262759138912,0.383221438067908,0.823465062608032,"ufl-1"
-0.325245451683339,6.10354843237999,0.768057645330554,0.383282790371509,0.823465062608032,"snx-13"
0.120056389117519,11.1117564576767,0.767532436364646,0.383444281956523,0.823465062608032,"T25C12.3"
-0.122009193570943,10.8766988151742,0.766032291271932,0.383907439021064,0.824098900830774,"pod-2"
-0.145061330964921,9.45497795113103,0.76467975683949,0.384325717130348,0.824622233537889,"K12H4.7"
-0.374099055956728,5.85261471477746,0.764159860670949,0.384487471580255,0.824622233537889,"rbg-1"
-0.38788234295936,5.63680591488518,0.760926755019885,0.385491027087076,0.825385822620291,"fshr-1"
0.399800666602664,5.60814029302891,0.760664592636794,0.385572926751606,0.825385822620291,"frm-3"
-0.217984741736878,7.85052542244433,0.760622106639381,0.385584507925475,0.825385822620291,"tfg-1"
-0.418785871960862,5.46017137037933,0.760623040604061,0.385586035795468,0.825385822620291,"lrch-1"
-0.183008952161973,8.31971684946233,0.760299344291158,0.385684873689237,0.825385822620291,"pdhb-1"
0.362949517600331,5.90079952564374,0.758589625006892,0.386218161194006,0.825470690779628,"prp-17"
-0.134019536956137,10.0228377000218,0.758384546384416,0.386281143326602,0.825470690779628,"cct-5"
0.352922930006093,6.02311016382835,0.758361683291211,0.386289010353902,0.825470690779628,"acl-8"
0.297118854686319,6.56501330955495,0.757493421518933,0.386559346818314,0.825470690779628,"K11H12.8"
-0.357276216085209,5.81823034834193,0.757474080326505,0.386565989137779,0.825470690779628,"tre-2"
0.316955521314861,6.36155255006488,0.756570666248604,0.386847593681612,0.825712553093258,"dct-6"
0.241426622029588,7.1924638362451,0.753934137372953,0.387672268149666,0.827112864408052,"hprt-1"
0.485136126055974,5.14650036181514,0.75309258200233,0.387938781804054,0.827121222865607,"H21P03.2"
-0.280873008011939,6.57460316431331,0.752630378553888,0.388081253804945,0.827121222865607,"mlc-5"
0.291268587021884,6.61295879776397,0.752309266388365,0.388182070343859,0.827121222865607,"T01E8.1"
-0.116169428169762,11.2242124048567,0.751514525046722,0.388431485348663,0.827293285121663,"rps-26"
0.259181397133164,6.85249838783171,0.748848152408523,0.389270875093514,0.828247085250847,"catp-6"
-0.402896233647204,5.51827389747058,0.748653772267952,0.389333626102356,0.828247085250847,"ZK632.10"
-0.350665193621171,5.88751831301243,0.748383035664154,0.389418111849476,0.828247085250847,"lips-10"
-0.27110024006782,6.68140803824647,0.746705994257867,0.389947033807213,0.828247085250847,"shn-1"
-0.405519224648113,5.49432349989703,0.746677305578857,0.389957643539852,0.828247085250847,"ZC123.4"
-0.499489013432128,5.02526027654391,0.745109671574307,0.390455404480095,0.828247085250847,"C32D5.10"
-0.161007874110272,8.92875247537493,0.744490043490261,0.390648087138023,0.828247085250847,"acdh-1"
0.3262065823765,6.14324357279047,0.742205160492671,0.391373563217281,0.828247085250847,"cec-10"
-0.379469615662402,5.69531260796291,0.74137285746957,0.391638675587241,0.828247085250847,"F57A8.1"
0.233323099694232,7.28935989099468,0.741176560001762,0.391700086093813,0.828247085250847,"ubxn-3"
-0.413825658957605,5.43224061392315,0.741013564845953,0.391753799142757,0.828247085250847,"cpn-4"
0.322465841810525,6.17862479948288,0.740764153278963,0.391831720313371,0.828247085250847,"rbm-39"
0.206556952369905,7.72169959878022,0.740505644316613,0.391913543328716,0.828247085250847,"Y22D7AL.10"
-0.497284777039239,5.06682093647287,0.740238869211679,0.392001865181023,0.828247085250847,"C31H5.6"
0.20446254131294,7.86450076780642,0.740151212152812,0.392026388429079,0.828247085250847,"gars-1"
0.259966115991264,6.82707767950648,0.739888232371958,0.392110272147403,0.828247085250847,"hmg-4"
0.181357642482303,8.34799836912576,0.739259547994968,0.3923104901548,0.828247085250847,"cyc-1"
0.476282208535299,5.22537398322894,0.739009355161645,0.392392860915375,0.828247085250847,"hmg-5"
0.480379649189725,5.13465926968877,0.738871997067339,0.392436787822664,0.828247085250847,"snx-27"
0.501161167346287,5.03074190255692,0.738169128293766,0.392661015364041,0.828247085250847,"C04E6.11"
0.13492109395921,10.0764726453191,0.737883005420997,0.392749677149975,0.828247085250847,"emb-9"
0.420973960198677,5.45897551440773,0.737648624394479,0.392826606999948,0.828247085250847,"Y45G5AM.9"
-0.40597730208323,5.48901584817925,0.736417698202283,0.39321969653759,0.828247085250847,"cnep-1"
0.229498675545588,7.34844613182824,0.735740490022564,0.393434770432078,0.828247085250847,"pqn-20"
-0.309075160737857,6.30029896186883,0.735534710677168,0.39350090030995,0.828247085250847,"C44C10.9"
-0.159187353509636,8.93008920486192,0.735371564258183,0.393552836752056,0.828247085250847,"rpl-34"
0.274580796545107,6.71639192716002,0.733824630003266,0.394048900346022,0.828247085250847,"Y54G9A.7"
-0.252430301898495,6.91133793743824,0.733807401711918,0.394054369138986,0.828247085250847,"cdc-37"
-0.355925955054059,5.7870577286558,0.733628348716035,0.394112597626931,0.828247085250847,"M04B2.4"
-0.347225226440844,5.89337288940954,0.733358359528198,0.394199080803441,0.828247085250847,"T07E3.4"
-0.329239842120804,6.04463569250707,0.733340663371006,0.394204567758198,0.828247085250847,"brf-1"
0.235751795429815,7.22044988098114,0.732869401065308,0.394355472038527,0.828247085250847,"rpb-6"
-0.178549745202413,8.25068521406462,0.732569929671236,0.394451618990006,0.828247085250847,"T14G10.5"
-0.203682643454494,7.7144762656497,0.729602132292985,0.395406974198926,0.829595863731696,"F53F10.2"
0.405489290734172,5.52285242519734,0.729130267721991,0.395560983982547,0.829595863731696,"ekl-6"
-0.156965651677447,8.98762587554682,0.728682905078065,0.395703523495005,0.829595863731696,"rpl-35"
0.145114646589712,9.52078289960479,0.728060591931889,0.395904487235757,0.829595863731696,"hrg-7"
0.312585489235944,6.30457468710189,0.726640719618646,0.396363962361088,0.829595863731696,"cid-1"
0.242191961160199,7.32745119569155,0.726331353309947,0.39646377876604,0.829595863731696,"cfi-1"
0.358136232845519,6.04149926147052,0.726079988291,0.396545763473329,0.829595863731696,"lec-4"
0.26778651512852,6.65649480179924,0.726036551381214,0.39655935460719,0.829595863731696,"sap-49"
0.28115686510197,6.68281548077508,0.725627829141273,0.396691739541323,0.829595863731696,"golg-2"
-0.320399911062185,6.11522199635529,0.724871780361476,0.396937050194644,0.829595863731696,"mrps-18C"
0.324344684453145,6.10333096344434,0.724818639847902,0.396954432656125,0.829595863731696,"cmk-1"
0.430008249234372,5.3583257498123,0.724101285588751,0.397188890448834,0.829732328642049,"H01G02.3"
0.406239476385168,5.47795324566817,0.722287987831092,0.39777775523272,0.830608722612385,"swsn-9"
-0.130584678229468,9.90802605497721,0.720213781554931,0.398451339505958,0.831131004166562,"rpl-25.1"
0.308696665248267,6.42789354419503,0.719811164575798,0.398582970287565,0.831131004166562,"twk-18"
0.361587222288764,5.81220112438299,0.719567886311679,0.398663112714873,0.831131004166562,"Y54E5A.5"
0.395814747623794,5.65126583732051,0.719438838207272,0.398705658064,0.831131004166562,"Y77E11A.2"
0.189759254099931,8.1298609473759,0.718539556574247,0.398997864325571,0.831386798860206,"nduo-4"
0.275664079189218,6.59421258849878,0.717593717507005,0.399307288310503,0.831678237436526,"sng-1"
0.376326132003434,5.6505551945047,0.716260339475864,0.399745040126347,0.832022203735264,"1-Apr"
0.365574305559265,5.78434032947615,0.715693556573787,0.399930479416978,0.832022203735264,"F46H5.2"
0.405991238872634,5.52854392128763,0.715067944745522,0.400136366373761,0.832022203735264,"lin-25"
0.389587259294461,5.65722216203397,0.714985278963078,0.400163123061282,0.832022203735264,"lec-12"
0.510803647030919,5.02817178913972,0.714509148783592,0.400320571012278,0.832022203735264,"cal-4"
-0.249360412040818,6.93569652952826,0.713630982843163,0.400606551317112,0.832263102651038,"trap-4"
0.328773356720683,6.08499086222517,0.711648805975729,0.401259309688755,0.832263102651038,"bcmo-2"
0.487113284710319,5.12733517865537,0.711431532088869,0.40133297413734,0.832263102651038,"misc-1"
0.327066096188193,6.03227015431752,0.711422319705212,0.401334006044317,0.832263102651038,"rrc-1"
0.428110887392507,5.36859695020309,0.710734053314849,0.40156252386446,0.832263102651038,"ugt-2"
0.324542602701973,6.03994233303286,0.710562523328278,0.401617495365103,0.832263102651038,"hbl-1"
-0.430484493650587,5.2906432423398,0.710221163151089,0.401731925671493,0.832263102651038,"flp-22"
-0.414624374895486,5.43887740665603,0.709137235666583,0.402089318242115,0.832263102651038,"K11G12.6"
-0.347428201157887,5.8608934256558,0.709118170323695,0.402094476190638,0.832263102651038,"capg-2"
0.22661594686111,7.32039458368812,0.708849863314555,0.402182489164516,0.832263102651038,"pmp-5"
-0.409367015892018,5.42183127463409,0.708491183401498,0.40230291873305,0.832263102651038,"eif-2Bgamma"
-0.171227718639734,8.40324548012146,0.706485163121908,0.402965263405048,0.832642600271763,"kcc-2"
-0.119467641057485,11.0399139259103,0.706394694796455,0.402995237114144,0.832642600271763,"hsp-110"
-0.197789856131217,7.7423914593837,0.705927896944944,0.403150093775392,0.832642600271763,"F27D4.1"
-0.290351318930824,6.41805488005933,0.705882477204085,0.403165377297744,0.832642600271763,"ZK1098.1"
-0.541425022546422,4.90019064335917,0.704876544247192,0.40350279535416,0.832665477600699,"cdk-5"
0.471535707204977,5.14538253390736,0.704833674005109,0.403515971510063,0.832665477600699,"C44E4.5"
-0.432969968042887,5.28531214087898,0.703216116610713,0.404053605676491,0.833098380224914,"K02B12.7"
0.25883921249167,6.75755554151803,0.702570347843239,0.404266343792681,0.833098380224914,"spv-1"
0.163616541852573,8.71395463558888,0.702191078889058,0.404392550147037,0.833098380224914,"ngp-1"
0.473463098873059,5.1389133756947,0.702161247508225,0.40440514644557,0.833098380224914,"F55A11.7"
-0.223156456275758,7.27902128048294,0.700972224974388,0.404799097238195,0.833243812390284,"C42D4.1"
-0.228841434270402,7.18392135186853,0.700923122695327,0.404815495397767,0.833243812390284,"H34C03.2"
0.240860201338397,7.0747800749903,0.700289138296624,0.405027201270751,0.833329875097749,"mig-10"
0.257654682567094,6.77805313637846,0.69967633305969,0.405232026719398,0.833401715328574,"fust-1"
0.452777530958806,5.18568391704128,0.697519505890361,0.405956404944138,0.833597080901658,"B0491.6"
-0.354264364531025,5.76352976141653,0.696828633704132,0.406186336520525,0.833597080901658,"plk-1"
-0.522357879381893,4.88728102444285,0.696654399944699,0.406247595524624,0.833597080901658,"F48F7.6"
0.478031187661444,5.13437197187811,0.695323170823091,0.4066935129716,0.833597080901658,"M03C11.1"
0.502410921398948,5.0324070956268,0.694968892490894,0.406812544692327,0.833597080901658,"mel-26"
-0.217086426712449,7.34469328941982,0.69493747287391,0.406820576253302,0.833597080901658,"nsy-1"
-0.213620848872348,7.41187405691181,0.694875061417515,0.40684155453152,0.833597080901658,"pgk-1"
0.255581555634031,6.96014931756269,0.694873221653556,0.406842232965552,0.833597080901658,"C18A3.3"
-0.375490857790473,5.6867651695428,0.694252889537253,0.407051839086806,0.833597080901658,"Y32B12B.2"
0.171941838686697,8.30916859398345,0.693246590127344,0.407389605040755,0.833597080901658,"C25H3.11"
0.179367480309846,8.1048796166343,0.693226990738002,0.40739621412187,0.833597080901658,"fgt-1"
-0.436759855919602,5.21393484969402,0.691438032652599,0.40800230297953,0.833597080901658,"F53F1.2"
-0.183085473286545,8.100344516462,0.69121673223655,0.408074325212068,0.833597080901658,"C01G6.5"
-0.251550636273824,6.93125812306218,0.691038394500739,0.408134655029833,0.833597080901658,"dyci-1"
0.197862512286534,7.80138420718082,0.690896695635236,0.40818245048168,0.833597080901658,"lin-13"
0.410706896509976,5.44491856097119,0.690629187679704,0.408274823288253,0.833597080901658,"shk-1"
0.351094756559374,5.86688757318589,0.690559997975964,0.408297153610325,0.833597080901658,"vps-18"
0.366873919748027,5.72922888146763,0.69029776518527,0.408386092845399,0.833597080901658,"F33D11.10"
0.349794642535079,5.90363773986732,0.688408168478635,0.40902537623588,0.834364177967515,"pptr-2"
-0.229798479772849,7.11691066537422,0.688179479594984,0.409102109686417,0.834364177967515,"atrn-1"
-0.328865056613404,5.92885200283206,0.686606695135646,0.409636349899333,0.834994642608885,"pnn-1"
-0.108003806209273,11.7794756229881,0.686265267813765,0.4097517033149,0.834994642608885,"clec-63"
-0.212809198772137,7.4971349531791,0.685173642519868,0.410122944790418,0.835404088121677,"lec-6"
-0.163697896331136,8.70652479551385,0.684043849253914,0.410507590149037,0.835774926933621,"act-1"
-0.304127334104696,6.27648292747347,0.683148915968407,0.410812997981689,0.835774926933621,"cps-6"
0.160265361354907,8.62436129270968,0.68313652307567,0.410816920553272,0.835774926933621,"ubr-5"
-0.322029986851546,6.04750288834821,0.68264072019679,0.410986569574698,0.835774926933621,"nhr-70"
-0.323063065561473,5.96454325685568,0.680839869292861,0.411602018283731,0.836679610311521,"cyb-3"
-0.290130386758678,6.44049470854358,0.680093480335011,0.41185712221559,0.83685136059133,"F59B1.2"
-0.441650874437302,5.17646260426244,0.677141225649683,0.412872438405969,0.837147678874275,"C32E8.5"
0.394594945146029,5.48475754273822,0.677021943273287,0.412912458503156,0.837147678874275,"H06I04.6"
-0.330051151666079,5.95759170934203,0.677016781314323,0.412912946082876,0.837147678874275,"F30A10.9"
0.183572009488982,8.02332022441137,0.677008692387426,0.412915156376627,0.837147678874275,"math-33"
0.337296528082945,5.9282398260358,0.676710467781881,0.413018456229507,0.837147678874275,"F45D3.3"
0.416911538315863,5.39106561747529,0.676688456892528,0.413027344357118,0.837147678874275,"B0041.5"
0.316656807300084,6.15199702101992,0.676188557740587,0.413197661682899,0.837147678874275,"F28C6.8"
-0.351064606293318,5.79749632941374,0.6756700049953,0.413376474234252,0.837164164376137,"mek-2"
0.396162703843467,5.50457906814151,0.674756308352356,0.41369218000526,0.837174476845969,"gst-10"
0.262202624601173,6.6647718001292,0.674662441073808,0.413722921890852,0.837174476845969,"rpl-11.1"
-0.132888604452653,9.97855327068733,0.673560410155077,0.414102877194642,0.837410236219776,"rps-15"
-0.427680159206458,5.24804147991412,0.673341815792925,0.414180883398405,0.837410236219776,"Y45F10A.7"
0.223848194943845,7.19378650742426,0.671501026263308,0.4148147402556,0.838178080544629,"F10G7.10"
-0.400856543599908,5.55986838642358,0.670994420124918,0.414991392110553,0.838178080544629,"T12A7.2"
0.283752429239678,6.38385965044417,0.670754896831711,0.41507330431048,0.838178080544629,"hgrs-1"
-0.3547689506191,5.74928882731057,0.669884713857409,0.415375517992584,0.838360613205542,"drh-3"
0.276378565429702,6.44219501166622,0.668973964673994,0.415690859007172,0.838360613205542,"F36A2.9"
0.260957147690747,6.65827851774178,0.66895203960236,0.415698379617779,0.838360613205542,"rtfo-1"
0.222642020039424,7.20484241107196,0.668522682254478,0.415847374501342,0.838360613205542,"vpr-1"
-0.275452781173265,6.41959222303202,0.66678775508635,0.41645083201176,0.838723905548483,"C37C3.18"
0.309358206230001,6.09479606775411,0.666637301276955,0.416503536262351,0.838723905548483,"gck-1"
0.331864932774911,6.03890431167219,0.666531196341753,0.416540557373314,0.838723905548483,"rsr-2"
0.236287256723471,7.01717408009802,0.665213472356368,0.416999269609678,0.839177388344468,"mboa-3"
0.240953889407171,7.25496177639097,0.664046938429573,0.417406427762242,0.839177388344468,"nhr-25"
-0.137024472446976,9.37573254249195,0.664026100121843,0.417413630655466,0.839177388344468,"vha-20"
0.237896145011461,7.17313624681242,0.663921896868425,0.417450117749338,0.839177388344468,"his-41"
-0.207069007907904,7.55487757697362,0.662418207618144,0.417975915032816,0.839523669808264,"flp-6"
-0.297658670725399,6.21987334593277,0.662046906119738,0.418106202084923,0.839523669808264,"fmi-1"
-0.30638592635194,6.22124328853561,0.661962248759614,0.418135846145074,0.839523669808264,"flp-17"
-0.444991625234375,5.17756037723685,0.66015227945448,0.418772951602027,0.840458808350222,"crn-2"
0.213063281063275,7.35347040059716,0.659117730949346,0.419133593719199,0.840838559179007,"smg-1"
-0.443049849596927,5.16599165554202,0.657869123308213,0.419575565077048,0.841381090230139,"git-1"
-0.413205730846651,5.3588582202201,0.656230529746206,0.420152256430185,0.842008141208455,"kup-1"
0.33406716648438,5.84223498870826,0.6560025000583,0.420231586071009,0.842008141208455,"eif-3.K"
-0.453684347078395,5.10464887646474,0.655011574784453,0.420583628214882,0.842150889212657,"Y71F9AL.12"
0.206973688665474,7.67334447421702,0.654825795525467,0.420646213775945,0.842150889212657,"C32F10.8"
0.215643021164927,7.41142204321999,0.65419561641391,0.420869024584673,0.842253188734322,"kin-4"
-0.293836117708026,6.33893450251651,0.652969816298223,0.421303114638802,0.842778049471175,"math-41"
-0.308797189799493,6.07601764996159,0.651283651735988,0.421901215561594,0.843522381520191,"ugt-44"
0.17346548570322,8.25630545977561,0.650383845733688,0.42222038144404,0.843522381520191,"F54B3.1"
-0.229904432155856,6.99677285793752,0.649919646653278,0.422385483687931,0.843522381520191,"cdh-1"
-0.430039818415633,5.20732693356153,0.649663837395251,0.422479011102447,0.843522381520191,"F53E10.1"
-0.431690185950994,5.21218419600522,0.649506255120361,0.42253506450461,0.843522381520191,"sir-2.2"
0.354058474321562,5.80146375479594,0.648204266268989,0.422997087662306,0.844101185916847,"pro-1"
0.281609719996141,6.3343184426595,0.647243626638001,0.423338938013275,0.844218729617659,"ztf-8"
0.222563536201624,7.17653120171502,0.647071196150365,0.423400219135462,0.844218729617659,"B0511.12"
0.281735425554833,6.32257594839468,0.645824241900465,0.423845859729299,0.844624032935807,"C17C3.1"
0.264172050266774,6.63898247331927,0.645538467585423,0.423947883606107,0.844624032935807,"mrps-12"
-0.181889119906763,7.97554270986449,0.644435931425557,0.424342251829477,0.84506648202338,"unc-132"
-0.381127596063013,5.56937001279283,0.643517297810231,0.424672718667065,0.845128553739086,"C06G3.6"
0.347571677090415,5.76395498543049,0.642182211031717,0.425151552742813,0.845128553739086,"ltd-1"
0.175425910856177,8.10417575868564,0.641669324626629,0.425334714648541,0.845128553739086,"lap-2"
-0.249630976581458,6.76083053790451,0.641230519393979,0.425492565648929,0.845128553739086,"K09A9.6"
-0.375408596572109,5.54632101058576,0.640638202318792,0.425706903878379,0.845128553739086,"viro-2"
0.281115581833524,6.33327035709406,0.640207892093477,0.425860708930708,0.845128553739086,"aagr-1"
-0.255554928277041,6.75451438536667,0.640160906710398,0.425877427111882,0.845128553739086,"nkcc-1"
-0.421632853890035,5.24341550579061,0.63962803948874,0.42607169471747,0.845128553739086,"aars-1"
0.23253775027009,7.02197625267512,0.638981031950772,0.426302543042498,0.845128553739086,"asg-2"
-0.458043611388405,5.04400581442959,0.638931824806742,0.426323408094361,0.845128553739086,"T13C2.3"
-0.454211895554244,5.04613771337766,0.638142781030273,0.426608101234403,0.845128553739086,"tric-1B.2"
0.451896406882007,5.11860516504193,0.638084627950538,0.426628439339306,0.845128553739086,"cdf-2"
-0.169264815350833,8.26829467558925,0.637582316042194,0.426807297340439,0.845128553739086,"K08E3.5"
-0.186117317293733,7.76487973283837,0.637337792829087,0.426895664121846,0.845128553739086,"R12E2.11"
0.307106773489569,6.06826218477668,0.636473531524446,0.427208704711238,0.845128553739086,"Y38C1AA.1"
-0.459899365955905,5.05549316872085,0.635421138732168,0.427592307727791,0.845128553739086,"Y34F4.5"
0.241517181678531,6.81455501333399,0.63516979456886,0.427680316281249,0.845128553739086,"snap-29"
0.284387664042385,6.3229166025849,0.634939195991403,0.427764086069873,0.845128553739086,"unc-50"
-0.185564140144662,7.78125869879289,0.634896851043353,0.427779134139628,0.845128553739086,"K08D12.3"
-0.366415684649229,5.60852219548966,0.634280474399719,0.428003867847163,0.845128553739086,"Y43F8C.7"
-0.445280062696987,5.09116406917751,0.633852175027203,0.428161121054752,0.845128553739086,"C18A11.3"
0.315165653925882,5.98914678706127,0.633837680401466,0.428164007347936,0.845128553739086,"W04G3.5"
-0.239346535533004,6.81401730153903,0.629288800399457,0.429819574111968,0.848055113040709,"sop-2"
0.444067095308572,5.11332750223652,0.628820643841452,0.429992997670654,0.848056153427646,"F52C12.2"
-0.316645085065685,5.97523400588689,0.627696147817429,0.430402146432977,0.848521916500705,"scav-3"
-0.246357664925155,6.75910672597314,0.626745143102561,0.430749925463151,0.848571345675582,"C06G3.5"
0.445889302516294,5.18938916895094,0.626687944187645,0.43077322135213,0.848571345675582,"vps-41"
-0.439987177721248,5.1236581815105,0.625737248622154,0.431122178530574,0.84891781842331,"eif-2Bbeta"
-0.380576636951568,5.45550389400035,0.624682239219404,0.431508250520236,0.849337066132326,"tbcd-1"
0.371686227080356,5.53545220690056,0.622822251630924,0.432192261003657,0.849694156461203,"pix-1"
-0.150082780329217,8.71894895104905,0.622082435284615,0.432463196510556,0.849694156461203,"dlst-1"
0.37235648049171,5.53975087506956,0.621296290243612,0.432754721261796,0.849694156461203,"prp-31"
0.187566999196377,7.76417620552421,0.620980394565273,0.432869714409098,0.849694156461203,"dhs-28"
-0.287957192039176,6.21839558379184,0.620666690873086,0.432985833197844,0.849694156461203,"snb-1"
-0.145949711951139,8.80155786941525,0.620613517620582,0.433005139557939,0.849694156461203,"ribo-1"
0.345041721372321,5.70524850468015,0.619572754643826,0.433390932883627,0.849694156461203,"nhr-120"
-0.292051732906993,6.272115717361,0.619560495844636,0.433394579018795,0.849694156461203,"catp-5"
0.424376993067934,5.21841827482878,0.619322381079129,0.43348476071857,0.849694156461203,"algn-11"
-0.442053956777997,5.08159671367303,0.618843905295854,0.433662429723944,0.849694156461203,"nlp-3"
0.361693505954259,5.7172461502189,0.618734214253746,0.433701178255799,0.849694156461203,"C30F2.3"
-0.217746761294861,7.17990706385022,0.618549597532101,0.433768433797931,0.849694156461203,"Y92H12A.5"
-0.31511248728549,5.95234550035187,0.617409986827418,0.434191241870909,0.850124041271329,"rgs-4"
-0.217273803751387,7.13145869198566,0.616074117378877,0.434686584816746,0.850124041271329,"pfkb-1.1"
-0.363159098368119,5.60290182334185,0.616010219598629,0.434711465585067,0.850124041271329,"F10G7.5"
0.302598848815336,6.03207599627199,0.615435617820282,0.434924416620492,0.850124041271329,"unc-60"
0.282131633376584,6.24790099979658,0.615049197795708,0.43506790419786,0.850124041271329,"ZK596.1"
-0.203062733678292,7.42232432423842,0.614763784535719,0.435173765675802,0.850124041271329,"mrpl-4"
-0.454751378634755,5.0427548853791,0.614698627683529,0.435201114705873,0.850124041271329,"H14E04.2"
0.302517262549175,6.06870180206691,0.614033818410135,0.435446060692121,0.850263904337123,"glrx-3"
0.256706056706723,6.71756872883474,0.612519982068364,0.436010114997363,0.850402619107489,"nhr-34"
-0.198427867707074,7.48791061284441,0.612174115996249,0.436139124584055,0.850402619107489,"mep-1"
0.326925840872731,5.80250206226637,0.611968986422136,0.436216659785219,0.850402619107489,"W09D10.4"
-0.264102682962372,6.39095377393341,0.611544046403444,0.436374688129299,0.850402619107489,"kin-10"
0.221554083629963,7.14259743932418,0.61128189988103,0.436472520562619,0.850402619107489,"ntl-3"
-0.333616334547451,5.7325630417623,0.611057258266675,0.436557348606047,0.850402619107489,"Y56A3A.6"
-0.358482457788871,5.67363803267362,0.609795727277952,0.437029648384486,0.85053513644087,"Y59C2A.3"
0.256222594214999,6.5914585548658,0.609136202698418,0.437275946066896,0.85053513644087,"npp-15"
0.30078357985446,6.02146557659541,0.608288462390874,0.437594363106142,0.85053513644087,"abtm-1"
-0.318507027702474,5.87561933869314,0.607863377512401,0.437754005582993,0.85053513644087,"K02C4.5"
0.276153008776779,6.45666088556522,0.607847214774085,0.437759668188968,0.85053513644087,"rpa-1"
-0.263499768167831,6.47575345416471,0.606872746042397,0.438125823872514,0.85053513644087,"vps-32.1"
-0.242993252936385,6.71015888926809,0.606143170741916,0.438400242721964,0.85053513644087,"hmp-1"
-0.171190703719513,8.07628060139121,0.605389530255425,0.438683933449231,0.85053513644087,"sucl-1"
0.102131901073406,11.5477457634449,0.605357865990394,0.438695838800603,0.85053513644087,"act-5"
-0.250570784563849,6.56179100483562,0.605082474609396,0.43879980982435,0.85053513644087,"pqn-27"
-0.363869095957522,5.50440948871016,0.604246970037212,0.439116206438088,0.85053513644087,"Y34B4A.4"
-0.343828313066002,5.73400276675185,0.60413576532493,0.43915759612189,0.85053513644087,"rhgf-2"
-0.479828704737486,4.92506254531168,0.60393780271507,0.43923484413824,0.85053513644087,"ttr-33"
0.120388993596896,10.0991332821887,0.603850109113465,0.439264527733174,0.85053513644087,"ncx-2"
-0.278834679575296,6.27987031122579,0.603444626955602,0.439417951910396,0.85053513644087,"cisd-3.2"
-0.435747400350466,5.13113563061265,0.603117949058068,0.439543922597823,0.85053513644087,"Y76A2B.4"
-0.132249582302594,9.28267295928501,0.601958864582972,0.439979473028055,0.85053513644087,"pdi-3"
0.358617315519279,5.56997560333509,0.601927350001835,0.43999290619472,0.85053513644087,"fbl-1"
0.265983666998964,6.43818926718509,0.601789067374865,0.440044006734652,0.85053513644087,"guk-1"
-0.243996418818727,6.68868837114068,0.601652907329577,0.440095449540922,0.85053513644087,"LLC1.2"
-0.217485167920358,7.0665545549179,0.601022607577532,0.440334156038143,0.85053513644087,"F46H5.7"
-0.203236540952543,7.35268925876372,0.600742733906536,0.440440213365914,0.85053513644087,"fars-3"
0.332249743797312,5.78204653106096,0.599958467525729,0.440738655098578,0.850776506595248,"flp-9"
-0.310401080976031,5.96510446568808,0.599044600835083,0.441085214836579,0.850942429608591,"mrpl-14"
0.216730743283766,7.16278143659224,0.598692981422888,0.441218398645908,0.850942429608591,"tat-1"
-0.32747064484764,5.81869084748247,0.598361575854229,0.441345064408615,0.850942429608591,"sel-10"
-0.131434883771932,9.24396785158501,0.595937717843688,0.442267688853088,0.852386252976187,"ucr-1"
0.220479481665434,7.07394730370216,0.595197277356462,0.442550444066678,0.852473410752577,"kpc-1"
-0.341544438159365,5.67798465267642,0.59413450168145,0.4429575798104,0.852473410752577,"F11A10.6"
-0.117505347373727,9.98360525001241,0.594006385568939,0.443005567318137,0.852473410752577,"W08E12.7"
0.344163032427549,5.74192840622997,0.592588944996085,0.44354941187463,0.852473410752577,"F56A11.5"
0.191031614886815,7.54362778245354,0.592406384649458,0.443618360564023,0.852473410752577,"spp-10"
-0.303352324380741,5.95853749156221,0.592075389582333,0.443745781821387,0.852473410752577,"F44A2.5"
-0.243987627591842,6.62413623158271,0.592024026459435,0.443765099986713,0.852473410752577,"F32H5.1"
-0.203517952136638,7.40489305582135,0.591438431575797,0.443989701818301,0.852473410752577,"ZK688.5"
-0.439389987087421,5.13032471897551,0.589855159492302,0.444600876908599,0.852473410752577,"F56C11.6"
0.365049220702512,5.56803693040646,0.589806095430358,0.444618450166336,0.852473410752577,"Y37A1B.5"
-0.234720338306995,6.76573257167303,0.589437904991862,0.444758774399094,0.852473410752577,"pqn-83"
0.332720664902276,5.81230547774305,0.58897726436008,0.444936957980012,0.852473410752577,"cdap-2"
0.328663666415948,5.78465643434158,0.588883035060242,0.444973303157031,0.852473410752577,"bcs-1"
-0.291305141586706,6.15107001146257,0.588823581266651,0.444995570332817,0.852473410752577,"C17H11.6"
-0.15510583356559,8.39093297638082,0.588654576781953,0.445060332768354,0.852473410752577,"Y39G10AR.11"
-0.237895116469979,6.74231095620723,0.58803375038963,0.44529977387254,0.852473410752577,"F47B7.2"
0.161510092413262,8.23185441706584,0.587687774166304,0.445433112351848,0.852473410752577,"mct-6"
-0.235566570391097,6.79892000002691,0.587322537018724,0.445574173553363,0.852473410752577,"faah-1"
-0.168318704034763,8.06605326288981,0.586781915309251,0.445782835233488,0.852473410752577,"Y37E3.17"
-0.283383536275273,6.13242373930112,0.586359740759822,0.445946331158625,0.852473410752577,"Y52B11A.4"
0.417815936088971,5.16661773900662,0.586322830660793,0.445962644646506,0.852473410752577,"mbl-1"
0.284217501660193,6.18896491215374,0.583498828975522,0.447054329203799,0.854227302198923,"wapl-1"
0.243510434488546,6.70514025199718,0.581140961431314,0.447970444007745,0.854583355449382,"F54D5.4"
0.291239966453854,6.04724015359514,0.580993513679121,0.448028252676559,0.854583355449382,"C56C10.11"
-0.288552557474975,6.18740397983933,0.580917470813177,0.448057645798,0.854583355449382,"clic-1"
0.12264948624774,9.63049764193554,0.580330737166938,0.448285859972032,0.854583355449382,"haf-4"
0.423431239629733,5.15837256907995,0.580257080370344,0.448316979164679,0.854583355449382,"C23H5.8"
-0.254073937647151,6.49231238500523,0.580154129478516,0.448354888194485,0.854583355449382,"tag-232"
-0.37228300444118,5.44981923921445,0.57988753574341,0.448460256254171,0.854583355449382,"C55B6.1"
0.231804254912734,6.97233455065361,0.57540421956506,0.450212322161169,0.857588908815741,"C25A1.16"
0.348828559150259,5.72318989536283,0.573750323793225,0.450862966942264,0.858494896293403,"skat-1"
-0.39510255181261,5.27750639484056,0.572540070647247,0.451340371542162,0.858558925986487,"nhx-4"
0.291051798308195,6.04172734350033,0.571796043568427,0.451631917507867,0.858558925986487,"R05D11.5"
0.159471917912375,8.19057249686389,0.57159111316025,0.451712188245139,0.858558925986487,"T19D12.1"
-0.122841711142752,9.98083682639987,0.571307866556856,0.45182390380105,0.858558925986487,"isp-1"
-0.332549100050793,5.74114225130579,0.571148947590565,0.451887489840595,0.858558925986487,"F48E8.4"
0.269206345210824,6.31889941523179,0.570997219548723,0.451946818939268,0.858558925986487,"vps-4"
-0.305784021942395,5.94871301334425,0.569401915711936,0.452577429322533,0.859147062866629,"Y75B8A.25"
-0.196272544390886,7.35456563372027,0.569057333218866,0.452713296048932,0.859147062866629,"crh-1"
0.235434147913792,6.74250418628908,0.568884278707802,0.452781887361924,0.859147062866629,"rskn-1"
-0.378894583429101,5.34427483375591,0.568227524131458,0.453043809269528,0.859311633591274,"lntl-1"
-0.309201910644581,5.85068192000898,0.567430931512372,0.453358341534035,0.859387031387439,"mat-3"
0.350378314616802,5.57391066094262,0.566564147479963,0.453703143316774,0.859387031387439,"pmp-4"
0.292384532061204,6.08509768961993,0.566522527793864,0.453718744279841,0.859387031387439,"K07C11.7"
0.193257560478574,7.43151870855289,0.566356106152454,0.453784385584805,0.859387031387439,"gon-2"
0.204526794043351,7.23863948328741,0.565632419351415,0.454072039637723,0.859599905219232,"hars-1"
-0.188704232768645,7.4981871663919,0.564426570307311,0.4545519349647,0.859677893501024,"idhg-1"
0.164133313625871,8.06299892589505,0.564216887386171,0.454635444957204,0.859677893501024,"C49G7.3"
0.218242712490704,7.04861777545605,0.56385181896331,0.454781012404411,0.859677893501024,"unc-84"
0.279245292774841,6.14333495691042,0.563769225358586,0.454814298396566,0.859677893501024,"rabn-5"
0.306177630586265,5.88938657586168,0.561901496222378,0.455560232304178,0.860756140004619,"tmd-2"
0.414009041870889,5.17104505321691,0.560173227021813,0.456253496662473,0.861455260143562,"dnj-30"
-0.395113818062405,5.27632390289369,0.559869293147074,0.456375137261361,0.861455260143562,"nekl-2"
-0.142639364695282,8.63489658437885,0.559659320645788,0.45645712968667,0.861455260143562,"eif-3.D"
-0.283180190832249,6.06138079940809,0.558750905995379,0.456822033370043,0.861686056364354,"M04G7.1"
-0.185488607675703,7.60977349469076,0.558479157448314,0.456930771173024,0.861686056364354,"gei-8"
0.188430614135552,7.56145189803984,0.557285180155736,0.457410726252664,0.862169799051834,"aip-1"
-0.248489816077884,6.49095555850086,0.556967188938862,0.457538835256254,0.862169799051834,"Y6B3B.4"
-0.380377697182411,5.29493106118633,0.555525403845125,0.458121612312615,0.862936447155675,"slc-36.2"
-0.393110456765243,5.22809094370677,0.554133914254031,0.458683614230145,0.863397412486374,"Y51F10.3"
0.25506165104929,6.51154302367008,0.553837868261432,0.458801144790165,0.863397412486374,"T11G6.5"
0.361123354168584,5.46697397348283,0.553610898328026,0.458894404556978,0.863397412486374,"T22F7.1"
-0.315732845294943,5.77091852529504,0.552354963370064,0.459401821644319,0.86371216308236,"Y54G11A.2"
-0.14363404185495,8.60447768382402,0.551934706333165,0.459571348464997,0.86371216308236,"bckd-1A"
0.118188747808675,9.87795120444935,0.551736320781699,0.459651765248673,0.86371216308236,"ctb-1"
-0.322952207569906,5.89303761192312,0.551358286778028,0.459805697764964,0.86371216308236,"tomm-20"
-0.386803118008624,5.229105348871,0.550875963925868,0.460003143553378,0.86371216308236,"mrps-33"
0.229848837352627,6.86867991378095,0.550513814976093,0.460147988512574,0.86371216308236,"catp-3"
-0.116261807662029,9.83859727443601,0.549009387769608,0.460759554012674,0.86371216308236,"idha-1"
0.190325477925786,7.51718509164044,0.548751081782428,0.460864756909326,0.86371216308236,"rmd-2"
-0.26501807521771,6.24275397865339,0.548027492856966,0.461159782928154,0.86371216308236,"herc-1"
0.257676387016117,6.43025565935179,0.546470650407049,0.461794984773375,0.86371216308236,"tbc-9"
-0.161257986667699,8.23616821441902,0.54642336445895,0.461814066844807,0.86371216308236,"swsn-4"
-0.179415541855689,7.84560723282109,0.545786434146351,0.462074392056174,0.86371216308236,"fig-1"
-0.263986536435412,6.23468896413174,0.545541598469561,0.462174790574964,0.86371216308236,"C48E7.1"
0.175476471626895,7.73597184906731,0.545053228906321,0.462374350606777,0.86371216308236,"ril-2"
-0.263211357285228,6.32846575890841,0.545048307993003,0.462376580449181,0.86371216308236,"ceh-100"
-0.345828272362609,5.60695719947579,0.544896267315672,0.462439724776889,0.86371216308236,"R02F2.7"
-0.211858798756207,7.04682459947094,0.544438653852637,0.462626062573846,0.86371216308236,"taf-1"
0.209102216043414,7.06509138773678,0.543448290101613,0.463032072027373,0.86371216308236,"rskn-2"
0.114701410083056,9.9623048896246,0.542998851601109,0.463216421259634,0.86371216308236,"F57F4.4"
0.191062143972595,7.5687550148386,0.542920162963091,0.463248770028062,0.86371216308236,"unc-2"
-0.393353473006822,5.28088674419005,0.541878728859319,0.463678759589349,0.86371216308236,"cyp-33C9"
-0.229389454199106,6.84787409174589,0.541672022754949,0.46376172049527,0.86371216308236,"ZK1307.1"
-0.231717827409742,6.70024106541963,0.541509104994076,0.4638287608565,0.86371216308236,"otub-2"
-0.396699567026604,5.2494831915786,0.54122430859036,0.46394808484,0.86371216308236,"mcrs-1"
-0.222810038290342,6.84672516090063,0.541028668194466,0.464026442357586,0.86371216308236,"gst-27"
0.14424857299117,8.70942172598645,0.540750708640449,0.464140788320461,0.86371216308236,"Y69H2.3"
0.146713019401196,8.51750075743083,0.540377116184354,0.464294687096475,0.86371216308236,"ampd-1"
0.140746757632251,8.84698950966147,0.540297447870191,0.464327511219451,0.86371216308236,"glp-4"
0.303854677698571,5.86197681515099,0.54027896015001,0.46433592789626,0.86371216308236,"unc-5"
0.181109613899128,7.60662572102802,0.540256701954186,0.464344337216755,0.86371216308236,"ZK1058.9"
0.226183307985513,6.73588136707155,0.538822391124559,0.46493614886127,0.86448514411089,"epn-1"
-0.217028206161359,6.88575003085894,0.5382830542042,0.465158920029625,0.86457161907742,"ZK858.6"
-0.291208732218932,6.11882493029915,0.535555071754884,0.46628881465246,0.866100165312887,"mrps-31"
0.110624367261617,10.4088085837977,0.535444155802937,0.466334462098131,0.866100165312887,"mca-3"
-0.278466037772807,6.05486178477463,0.534386293992125,0.466774193425581,0.866573309747678,"cyp-36A1"
-0.335132936932032,5.58511226255054,0.533983081951865,0.466942560175966,0.866573309747678,"zfp-3"
0.413322186310733,5.16955180592969,0.532995586382422,0.467354630353305,0.867010008276461,"rme-6"
-0.110426179624798,10.2467963186967,0.532524380479977,0.467548617473261,0.867041954142285,"rps-11"
-0.209734718881155,7.18094086144221,0.530370163917606,0.468447775284864,0.868381080034867,"rps-28"
0.124638181642724,9.41609719662814,0.529456699764824,0.468829798474072,0.868535216011111,"rbc-1"
-0.320120996309916,5.69087854896043,0.529326838376504,0.468885066666141,0.868535216011111,"spd-2"
-0.290204813120875,6.01706021483642,0.527996881958975,0.469441934059983,0.868927878447484,"fnta-1"
0.198822585709759,7.41570605455479,0.527973450711537,0.469451351250934,0.868927878447484,"asna-1"
0.226148757359034,6.73549562110085,0.527087392972072,0.469823349622665,0.869243320005281,"atgp-2"
0.13855727097322,8.68456827252647,0.526118099150958,0.470230607814206,0.869243320005281,"B0334.3"
-0.388478900026677,5.1979873249972,0.526065342409212,0.47025518391462,0.869243320005281,"F43C9.2"
0.191372537278555,7.37874417141381,0.525880428627766,0.470330636349443,0.869243320005281,"C36E8.1"
0.221558408757627,6.77286980738427,0.525306118137551,0.470572452141875,0.869261231302106,"C07H6.4"
-0.247296121632403,6.4340591239399,0.525015873175749,0.470694766633719,0.869261231302106,"F52H2.6"
0.40776969482675,5.1730668064669,0.524111411788501,0.471078117294098,0.869641763390121,"Y71H2AM.1"
0.299062280240566,5.8659868108127,0.522502343671978,0.47175613720491,0.869946127843442,"arrd-17"
-0.463593691861574,4.9197272501754,0.52247695599422,0.47176926515035,0.869946127843442,"mec-18"
-0.156968862880075,8.10987107639538,0.52234138907285,0.471823456683406,0.869946127843442,"rme-8"
0.235900147844873,6.65295191149609,0.521672119276924,0.472106784068067,0.869946127843442,"bre-1"
-0.198230485245281,7.29036556355908,0.521617545331662,0.472129784366818,0.869946127843442,"nkb-3"
0.304758471038661,5.81025477213669,0.520250922452588,0.472709736852546,0.870419801611278,"F08F8.9"
0.40892099945706,5.15929877228493,0.520178777393914,0.472741763810896,0.870419801611278,"lin-7"
0.276998385366617,6.03831723118416,0.517884314272316,0.473715092740409,0.870959403698022,"snf-11"
-0.2330127031418,6.5451101231637,0.517505164628832,0.47387617258455,0.870959403698022,"dnj-9"
-0.160038653690815,8.01191005459689,0.51674164636104,0.474201405082135,0.870959403698022,"tpi-1"
-0.200637861391988,7.11254668411173,0.516118068154589,0.474467474310327,0.870959403698022,"mcm-3"
0.241453952773148,6.53922217413742,0.515848381895375,0.474582719798601,0.870959403698022,"T23F2.2"
0.261825117802425,6.26104782951335,0.515048240170935,0.474924687998546,0.870959403698022,"kcnl-1"
-0.257557429782223,6.28216281374509,0.514924200940014,0.474977644360723,0.870959403698022,"Y57G11C.31"
0.359624361457205,5.45993428591564,0.514817726169517,0.475024542581646,0.870959403698022,"eor-1"
0.173197989297916,7.72496205927959,0.512984492268007,0.475807906172616,0.870959403698022,"Y54E2A.4"
0.186801523358417,7.51712455021704,0.512868797754594,0.475857528437094,0.870959403698022,"ostb-1"
-0.127661770518863,9.04901652582552,0.512542679196603,0.475997373555668,0.870959403698022,"haf-9"
-0.331127957756581,5.65434475181191,0.512268724014913,0.476115924357313,0.870959403698022,"pkc-3"
0.231800095607633,6.71716375603951,0.511829326743284,0.476303738498315,0.870959403698022,"Y75B8A.14"
0.326927314393232,5.66454682677037,0.511112982174711,0.476612563735622,0.870959403698022,"mrg-1"
-0.306793900758132,5.74019938775003,0.510693602207266,0.47679260493033,0.870959403698022,"rbm-42"
-0.233458060794821,6.57582565306969,0.510627333070917,0.476820471659429,0.870959403698022,"ZC190.4"
-0.216373005699756,6.83920436099781,0.510560052410665,0.476849368546281,0.870959403698022,"ZK484.4"
0.325537314325177,5.62460346098886,0.510054428538519,0.477068136264506,0.870959403698022,"mrpl-53"
-0.129520330109977,9.02723639665677,0.508072532926191,0.477921640952623,0.870959403698022,"pqn-59"
-0.0890132066244066,12.5721469883574,0.507847118988907,0.47801900506135,0.870959403698022,"atp-2"
-0.248357723421202,6.31626779353312,0.507494822258357,0.478171504240797,0.870959403698022,"snt-1"
-0.392539518685686,5.11216923788742,0.506727349930465,0.478505823306393,0.870959403698022,"dnj-16"
0.412722901795553,5.15432714154865,0.506624806346842,0.478549826078557,0.870959403698022,"W09D6.5"
-0.216829595736496,6.88221353589308,0.506241743845321,0.478713534362574,0.870959403698022,"cnp-3"
0.168404535014795,7.77138504571347,0.506170443375746,0.478744344461624,0.870959403698022,"dyn-1"
-0.150151093168854,8.46166901143588,0.505657151836466,0.478966729381837,0.870959403698022,"let-526"
0.31904134649088,5.62486784162365,0.505648978027232,0.47897147363367,0.870959403698022,"Y82E9BR.14"
-0.325947201933626,5.54993805498555,0.504775844552196,0.479350181923589,0.870959403698022,"snr-2"
-0.345201809238646,5.43274003630084,0.504135427875826,0.479628617185827,0.870959403698022,"F44E2.7"
0.387660968828888,5.19637966882168,0.504083736438743,0.479651718371771,0.870959403698022,"nlp-12"
0.388235769251058,5.28020696310685,0.503564491030652,0.479877234567647,0.870959403698022,"scl-3"
-0.344447784236319,5.43559360548783,0.503339158796817,0.479974751786006,0.870959403698022,"F17A9.4"
0.172530510928214,7.63494506590878,0.503117604147616,0.480069629616401,0.870959403698022,"C37C3.2"
-0.297966621868946,5.75881102951307,0.503006115113487,0.48011886652461,0.870959403698022,"arl-8"
0.319734200831084,5.6785418355142,0.502929701730059,0.480152473218448,0.870959403698022,"rog-1"
0.377363774122445,5.23470873573496,0.50284915169297,0.480188542398424,0.870959403698022,"C30F12.2"
-0.23178637065665,6.52966167632901,0.502469692263916,0.480351808402357,0.870959403698022,"xpo-2"
0.170603368979339,7.66646964360657,0.502385605685067,0.480388298446699,0.870959403698022,"K02D7.1"
0.13136213212076,8.8609946354865,0.502060496356035,0.480529914961017,0.870959403698022,"phb-2"
-0.250068626391265,6.28311375359034,0.502014166964237,0.480550361044669,0.870959403698022,"F20D1.1"
0.28064554539068,5.95291284943732,0.501733462703012,0.480673082104754,0.870959403698022,"E01A2.1"
0.195584357887882,7.17549610001518,0.50170111607549,0.480686638757273,0.870959403698022,"rpn-13"
0.244420661582338,6.41830889227897,0.501651052984726,0.480708638748647,0.870959403698022,"slt-1"
0.343468497388861,5.44027348741581,0.501102306017527,0.480949426220086,0.870959403698022,"Y50D4C.3"
-0.157832492722026,7.96179918049317,0.50048827688517,0.481215903254066,0.870959403698022,"afd-1"
0.356157796217834,5.40366963215197,0.500147251980626,0.48136661670351,0.870959403698022,"mrps-34"
-0.125238779231443,9.10750443398729,0.50011172791677,0.481380416600476,0.870959403698022,"pccb-1"
0.107372069940236,10.4004804612392,0.499682499928419,0.481568073849396,0.870977655690003,"enol-1"
0.179377551498153,7.4800280790447,0.498790409615167,0.48195854347552,0.87136257123016,"Y75B8A.24"
0.277865605792565,6.05494202415583,0.497037183434539,0.482727826453266,0.872296126434634,"F36G3.1"
-0.293399296509169,5.86010276220871,0.496803443086041,0.482830577628956,0.872296126434634,"F53A9.8"
-0.100993187558764,10.54884752071,0.495502448498239,0.483401997126851,0.872636578321371,"rpl-10"
0.374139470147627,5.24306578290449,0.495304463558314,0.483491249016019,0.872636578321371,"szy-20"
0.267454414341094,6.1305420916496,0.495161005150464,0.483552746152393,0.872636578321371,"F33A8.4"
-0.401945820389957,5.0212096873544,0.49368700211571,0.484204945195837,0.873421443114679,"abf-6"
-0.16007117598486,7.99903101801981,0.493366078319394,0.484343797201208,0.873421443114679,"rab-11.1"
-0.131856813867686,8.80327850235788,0.491335098339129,0.485241932907377,0.874719471117488,"ncl-1"
-0.183297242979807,7.38855085286058,0.49038365640457,0.485663682259804,0.87472586111447,"hsp-17"
-0.260018364295729,6.14610043496349,0.489807502400687,0.485919627894207,0.87472586111447,"F09G2.2"
0.201420971406731,7.07771679619015,0.489784530670788,0.485929578812477,0.87472586111447,"lrk-1"
-0.191315992166286,7.17403828172813,0.489718649174242,0.485958811730261,0.87472586111447,"T28D9.1"
0.206631644144062,6.92924706037314,0.488026180737881,0.486711270055809,0.875758906685159,"clec-265"
-0.25106769600572,6.27543306880945,0.486305711778691,0.487478300178142,0.876190004929769,"B0395.3"
0.238340740983318,6.45312937667786,0.486069855386083,0.487583546903743,0.876190004929769,"tat-3"
-0.339402485407882,5.39619727817359,0.485826497996371,0.487693620527641,0.876190004929769,"W02G9.4"
-0.240711761505589,6.36231239909961,0.485456396405663,0.487857572783242,0.876190004929769,"sel-11"
0.307580263877356,5.71227000752809,0.485315694947245,0.48792122861998,0.876190004929769,"nubp-1"
-0.221374161605986,6.62695713335104,0.484616916106278,0.488232900793942,0.876190004929769,"C37H5.13"
0.143928099225561,8.30381321595194,0.484410343530515,0.488325223329253,0.876190004929769,"gon-1"
-0.407823911470985,4.97863793067065,0.483379491203349,0.488789909358852,0.876190004929769,"mpdu-1"
-0.140309792546882,8.47484761341357,0.482366010911477,0.489241739963673,0.876190004929769,"ell-1"
0.121754453246287,9.10787680438504,0.481591427575706,0.489589749858716,0.876190004929769,"cyc-2.1"
-0.252255495049467,6.1677710834863,0.481530701603897,0.489617361769852,0.876190004929769,"ptp-2"
0.320527436597447,5.64766473513812,0.481520636328694,0.489622733661819,0.876190004929769,"mtx-2"
0.190756352809828,7.19689562919122,0.481407732644407,0.48967240766075,0.876190004929769,"dpf-3"
-0.169049874767868,7.59056360820727,0.480927571716064,0.489888381167053,0.876190004929769,"F58F12.1"
0.370777084999232,5.2316565880155,0.480857999296924,0.489921726412075,0.876190004929769,"Y39H10A.6"
0.176968057254288,7.49301651905114,0.480431895212784,0.490111540972536,0.876190004929769,"sax-2"
0.306044954818627,5.75812865465488,0.480387921408454,0.49013220901942,0.876190004929769,"tsr-1"
-0.183491547634091,7.38799194161022,0.480218571797751,0.490207634874007,0.876190004929769,"pxl-1"
0.349740567723517,5.4142357058636,0.479917651983444,0.490344865144183,0.876190004929769,"dpf-7"
0.214877926683811,6.80681600873493,0.477852271224105,0.491275715331702,0.877183615161194,"F32D8.12"
-0.322860368679607,5.53781639295,0.477697019350654,0.49134698162803,0.877183615161194,"C53D5.5"
0.161379654143357,7.83683989806015,0.477357480742437,0.49149943772515,0.877183615161194,"pqn-41"
0.369077088686116,5.23273020456708,0.477103864234651,0.491616260566386,0.877183615161194,"T26A8.1"
-0.109602938815276,9.7304792424232,0.47577742797346,0.492215286699761,0.877453363938432,"tba-1"
-0.154169509933559,8.01798002686676,0.475595340961456,0.492297917218837,0.877453363938432,"ram-2"
0.339456104063312,5.47781336450738,0.475137628396873,0.492507171205011,0.877453363938432,"C45G9.5"
0.3268633631781,5.47819989029422,0.474844653422671,0.49264023009312,0.877453363938432,"frm-8"
0.28676150822122,5.89442589672449,0.474795156805422,0.492661888743413,0.877453363938432,"K02F3.12"
0.126870994362448,8.86501396761179,0.473911121608578,0.493063128978036,0.87783876037084,"kin-2"
0.289838632719031,5.81208170841791,0.473472944013657,0.493263341859376,0.87783876037084,"nhr-68"
-0.105209549986861,10.0703303075547,0.473137741231124,0.493415180905689,0.87783876037084,"F01G4.6"
-0.225189602441836,6.58059571050176,0.472731950554416,0.493600228147022,0.877849571813322,"mrpl-15"
0.172768598615283,7.53145934966102,0.472335421516614,0.493780905335229,0.877852606259261,"ZK1307.8"
0.269496875627111,6.04117414381837,0.471104438987781,0.49434329935028,0.878432253010698,"erd-2.2"
-0.340741518219209,5.39847055448034,0.4708402878272,0.494465127535685,0.878432253010698,"F26F4.6"
-0.248086839045701,6.35135294431156,0.469383693251743,0.495130378665221,0.879015247917377,"K07A12.4"
0.246258942319771,6.24104258415997,0.469337364581652,0.49515170845988,0.879015247917377,"dyc-1"
-0.342958316525069,5.35604522060277,0.468864192004759,0.495369976987219,0.879084564805466,"T14F9.2"
0.285224739291544,5.91879324338129,0.468434971580535,0.495565814233797,0.879114039355072,"nhl-1"
-0.294388065966377,5.73318645741737,0.467974521913504,0.495777294909781,0.879171233381228,"mus-101"
-0.194548590010111,7.15343651789896,0.467488924986157,0.495999656157939,0.879247673818104,"idhb-1"
0.135967737865995,8.55223604703745,0.466311485443937,0.496541184040442,0.879785637549452,"B0495.7"
0.265712097957264,6.05156660690842,0.465609685802921,0.496864936931407,0.879785637549452,"vem-1"
-0.2818529978853,5.91349914174987,0.465521276376396,0.496905740528629,0.879785637549452,"F11D5.1"
-0.151098501333438,8.05800163069221,0.465271062843893,0.497020591569731,0.879785637549452,"hrp-2"
-0.348368887892142,5.33025690204793,0.463645040383553,0.497773167650815,0.880191177318469,"atg-5"
-0.23388126299137,6.36359875587178,0.462586004597008,0.498261634943509,0.880191177318469,"Y53G8AR.6"
0.151854258129077,7.97526029843225,0.462551056955729,0.498277627529267,0.880191177318469,"T13C2.6"
-0.225905684083268,6.52269724878363,0.462389661923869,0.498352526081245,0.880191177318469,"dlc-1"
0.220840910783184,6.60808890139876,0.462370931469693,0.498361204798002,0.880191177318469,"crm-1"
0.312814558299978,5.59356967179622,0.461624502460301,0.498708271021991,0.880191177318469,"cfp-1"
0.208620840523177,6.79661665248927,0.461617668246065,0.498710333493037,0.880191177318469,"Y75B8A.8"
0.253697560514599,6.20875909041532,0.460928388537126,0.499030439114095,0.880191177318469,"M05D6.2"
-0.184937892655614,7.17761945056533,0.46064798546115,0.499160386339855,0.880191177318469,"E01A2.2"
0.213854584248842,6.68105164114739,0.458982834416389,0.499935017400701,0.880191177318469,"Y32F6B.1"
0.235095877386676,6.33183658198796,0.45881283586947,0.500014333684595,0.880191177318469,"aex-3"
0.195557540186249,7.12567786845647,0.458236951878952,0.500282564275009,0.880191177318469,"rps-29"
0.282557604840477,5.8523640920162,0.457687032833428,0.500539780304437,0.880191177318469,"unc-37"
0.255216507221535,6.14134296934861,0.457661486604261,0.500551357073749,0.880191177318469,"sms-1"
0.294435614217415,5.74004432829445,0.457354842905549,0.500695060028397,0.880191177318469,"sms-2"
-0.156955200470125,7.82015480288868,0.45704890742561,0.500837055754858,0.880191177318469,"cyn-1"
-0.262784630206632,6.00855890444621,0.456547257867088,0.501071923990576,0.880191177318469,"src-1"
0.340246942224964,5.37077878368833,0.456183613224445,0.50124331846225,0.880191177318469,"bath-43"
-0.254979814643722,6.13561824109899,0.456071843860645,0.501294207181952,0.880191177318469,"cec-1"
-0.219869725845264,6.53157824757711,0.45598350310813,0.501335382132693,0.880191177318469,"daf-7"
-0.334467045647732,5.39560515731928,0.455908274319614,0.501371992192314,0.880191177318469,"pph-5"
-0.241227084549865,6.30363863685226,0.455339279089232,0.501637115399936,0.880191177318469,"pde-3"
0.277370519239049,5.92759031660171,0.454942248619367,0.501823560663676,0.880191177318469,"sec-11"
0.146098468154321,8.14685329220819,0.454825938531531,0.501877486925028,0.880191177318469,"hpd-1"
-0.406470546751082,4.93156572524379,0.454398604125627,0.502080791246015,0.880191177318469,"Y51H4A.7"
0.268724857729514,5.93218479831713,0.454385957289148,0.502084453127916,0.880191177318469,"obr-3"
-0.166348987151881,7.62452508437865,0.454362703302075,0.502094783718058,0.880191177318469,"ZK550.3"
-0.296684918236646,5.67466416328559,0.453956512216981,0.502286263532502,0.880212262460493,"atg-3"
-0.253833026431243,6.07602380579996,0.453325648907674,0.502582132555126,0.88034027006939,"cft-1"
0.130260601392833,8.60753941689998,0.453035305326989,0.502718266353591,0.88034027006939,"paa-1"
-0.344003759583812,5.28619123325702,0.451815078236216,0.503294485638984,0.880753458661958,"anmt-2"
-0.223433515731954,6.54049666188662,0.451771393099035,0.503313342432103,0.880753458661958,"Y55F3AR.2"
0.173319649845091,7.41531236547047,0.45042075334409,0.503950317929982,0.881096719881704,"gei-17"
0.0922755040404366,10.930749260736,0.450356005448163,0.503980842109066,0.881096719881704,"myo-3"
-0.191414599338664,7.01450464924438,0.450213145156522,0.504048398774325,0.881096719881704,"nhr-49"
-0.204605603680101,6.78833700795828,0.449148617277966,0.50455170573826,0.881503161453777,"klp-19"
-0.277289718960257,5.8114722115342,0.448176192915637,0.505012735937799,0.881503161453777,"mdt-29"
0.159567975304562,7.76010229823893,0.447947334318946,0.505120600543012,0.881503161453777,"zoo-1"
0.233781254712906,6.32944859094966,0.447413499372291,0.505374036032472,0.881503161453777,"ppk-1"
0.25408225125368,6.08945086880347,0.447195093414324,0.505477862204828,0.881503161453777,"spd-1"
-0.2729127057935,5.87000986849708,0.446851325538101,0.505641204600385,0.881503161453777,"bris-1"
0.275956452680628,5.95924108788797,0.446730683702773,0.505698543080925,0.881503161453777,"elc-1"
0.204271575763703,6.8966719560035,0.446687358447894,0.505718633298864,0.881503161453777,"nhr-17"
-0.340748158309738,5.28871235436194,0.445960744843496,0.506065796726315,0.881794931773562,"scav-2"
0.185081266861117,7.17500767193559,0.445538614971801,0.506264840224727,0.881828494780641,"lys-8"
-0.164337488132369,7.62178083409072,0.444678131971509,0.506674645103258,0.881988944100296,"mai-2"
-0.295002984702952,5.67999824406214,0.443561226166308,0.507208280436572,0.881988944100296,"rde-1"
0.160071554095134,7.70210271669084,0.443412539519947,0.507278473816851,0.881988944100296,"unc-82"
0.336108492872455,5.38397365618373,0.443292696530754,0.507337328586611,0.881988944100296,"kcnl-2"
0.237905025521451,6.34204312775608,0.443273291999674,0.507345216551605,0.881988944100296,"T23G11.7"
-0.149495793848959,7.93661781996618,0.442708687488287,0.50761481964184,0.881988944100296,"xdh-1"
-0.200017765867953,6.89960569826111,0.442623079018132,0.507655827468434,0.881988944100296,"thoc-2"
0.217438362965905,6.60288772368305,0.441966199130179,0.507970196422842,0.881988944100296,"hum-8"
0.225266611677182,6.51046756771946,0.441955635029755,0.507975283809039,0.881988944100296,"C06A5.3"
0.14063919424508,8.4869619292923,0.440987552349402,0.508438934742252,0.882403877620336,"Y34B4A.6"
-0.239079013244695,6.20146264047733,0.439828824561517,0.508995344604664,0.882403877620336,"chaf-2"
0.148289396022531,7.99015575500907,0.439677938726287,0.509067580713989,0.882403877620336,"mig-38"
-0.239450461650448,6.32937041181716,0.439479462785748,0.509163172418528,0.882403877620336,"cnk-1"
0.230616561716413,6.42478291838469,0.439195735589371,0.509299586896593,0.882403877620336,"gsto-1"
-0.181776203317027,7.2238033994632,0.439094078849414,0.509348315766055,0.882403877620336,"pyp-1"
0.259898457841804,6.08398742869788,0.438370019056543,0.509697167466477,0.882403877620336,"syd-9"
-0.318802010218354,5.50919578421948,0.436999814416046,0.510358507609513,0.882403877620336,"rei-1"
-0.323506183498909,5.44638059830548,0.436528120592367,0.510586422400426,0.882403877620336,"exoc-7"
0.195323882334952,6.89773607061265,0.436422706034723,0.51063609138059,0.882403877620336,"clec-85"
-0.262655739230761,6.03077185465557,0.435471507876281,0.511096277742483,0.882403877620336,"F14B8.5"
0.296940517802962,5.67278649431197,0.435446531154467,0.511109004200135,0.882403877620336,"egrh-3"
-0.334470651837849,5.32277335112196,0.435020148835378,0.511316100106246,0.882403877620336,"F38H4.3"
0.100096839206724,10.2567600129204,0.434837396213758,0.511402874782683,0.882403877620336,"lfi-1"
-0.251503061975513,6.05950380054081,0.43456872207005,0.511533410635025,0.882403877620336,"VF13D12L.3"
-0.242621056379216,6.2915634017419,0.434238091240036,0.511693551414992,0.882403877620336,"T23B5.3"
-0.346897388220872,5.21568592239517,0.433875838844774,0.511871078705026,0.882403877620336,"Y55F3AM.9"
0.335791157202893,5.31074353238268,0.433844859754388,0.511885836691327,0.882403877620336,"ncbp-2"
-0.253370147599253,6.04610698581996,0.433566536953932,0.51201947823479,0.882403877620336,"ergo-1"
-0.225297411951155,6.37069229980726,0.433104264449862,0.512243774869011,0.882403877620336,"rgr-1"
-0.192265367892858,7.05939687194299,0.433060977466554,0.512264672103385,0.882403877620336,"ncs-2"
0.162998232693617,7.59854143114011,0.433002649923471,0.512292972785606,0.882403877620336,"F40F8.5"
0.310771742783873,5.51255944772017,0.432883999732815,0.512351935466405,0.882403877620336,"gln-1"
0.20266991642285,6.76179318902175,0.431757162138381,0.512898805818181,0.883035676566576,"cua-1"
-0.142868983347042,8.1007989141139,0.430959820855392,0.513287147825552,0.883394196520818,"pqe-1"
0.187617314440237,7.0560163562617,0.430323323721716,0.513597667030308,0.883618574810123,"acbp-1"
-0.237301856764369,6.21214151615492,0.429694060825653,0.513905117414896,0.883837517854161,"cyl-1"
-0.347796980745135,5.22202855590152,0.428645328778577,0.514419681981585,0.88441238700304,"pqn-39"
-0.302932449101824,5.54841787781402,0.42775991508316,0.51485237432288,0.884735313086454,"ZK1290.5"
-0.14175900058718,8.08963208908065,0.427414725186439,0.515020505114218,0.884735313086454,"upb-1"
-0.352691606428204,5.22184305152157,0.427050867762121,0.515201025686421,0.884735313086454,"dpf-1"
-0.160375213894501,7.6911688060425,0.426681857964284,0.515380132854076,0.884735313086454,"dgk-4"
0.118843492829343,9.06388812961555,0.426418621266659,0.515509383241811,0.884735313086454,"ubr-4"
0.327955231638603,5.40259201685964,0.425515237113503,0.515955057220252,0.885190470676928,"R02D3.4"
0.292170818100131,5.61382481344234,0.424399925739171,0.516503775020281,0.885212803617916,"F26G1.1"
-0.19835749796939,6.79911348205566,0.423836999571382,0.516780358398293,0.885212803617916,"qdpr-1"
-0.128052925722518,8.60805083471395,0.423658740780704,0.516868219833257,0.885212803617916,"let-607"
0.0977936582381055,10.1991846314004,0.423645718472298,0.516874636648416,0.885212803617916,"tnt-2"
-0.254982789260921,5.99002737209889,0.423536250754004,0.516929091326502,0.885212803617916,"pdp-1"
-0.229243566003288,6.30256431039396,0.423289116362127,0.517050903642269,0.885212803617916,"gld-2"
-0.282916333412223,5.73964476369079,0.422392069071765,0.517494712816102,0.885663491403692,"ZK355.2"
-0.308853141022495,5.47785570577333,0.421100633314312,0.51813461687274,0.88569937373055,"Y54E10BR.3"
0.136746450160386,8.2507761962383,0.420987611597911,0.51818938774433,0.88569937373055,"dsc-4"
-0.215177081896375,6.45289719863169,0.420413063040848,0.518474504602807,0.88569937373055,"sdc-2"
0.254891713430252,6.02097691458012,0.419926649587543,0.518716280652807,0.88569937373055,"magu-2"
0.23650058155917,6.2684490176049,0.419838997094977,0.518759605665305,0.88569937373055,"F54C9.9"
0.264994123674647,5.86957978170389,0.419692620678278,0.518832698775349,0.88569937373055,"aqp-10"
0.164508121324248,7.43498942944864,0.418991571339766,0.519180577508512,0.88569937373055,"rde-12"
0.351426110806856,5.18633776388583,0.418945165336254,0.519205621039822,0.88569937373055,"F09E5.10"
-0.1929548992576,7.04967594984679,0.41847695631908,0.519436686577532,0.88569937373055,"lis-1"
0.184192413550923,7.17074365251558,0.418172802055563,0.519588139484971,0.88569937373055,"asah-1"
0.365659018765813,5.17009977573483,0.418158351758886,0.519597275923783,0.88569937373055,"F54C8.7"
-0.181825912775634,7.22034998505483,0.417983318701111,0.519682527542614,0.88569937373055,"spsb-1"
0.100444852673356,9.86209573790597,0.417094588420595,0.520125619631679,0.8859715641225,"larp-1"
-0.204506356008349,6.66133868170488,0.416938815847227,0.520203487191192,0.8859715641225,"mppa-1"
-0.296350276805284,5.55631163408972,0.416057189703876,0.520644796999152,0.886415386768775,"Y34D9A.7"
0.164662882046011,7.43354821169767,0.415467708047488,0.520938618705351,0.886607885062368,"prp-6"
0.189258536055825,6.979602139566,0.413776787063541,0.521786010077059,0.887742067092603,"gtbp-1"
-0.147946036105692,7.85860388623774,0.412356132037055,0.522499762910172,0.888255669483764,"spp-3"
-0.250298266937159,5.98170837178072,0.412184692713493,0.52258641974988,0.888255669483764,"F55F3.2"
0.301624006970366,5.51711035447287,0.412015555145287,0.522672424913336,0.888255669483764,"unc-7"
0.344018426561289,5.21613024458017,0.411443220845509,0.522961281526988,0.888255669483764,"baf-1"
-0.352713023775844,5.13990985273712,0.411343696400187,0.523011753748124,0.888255669483764,"txdc-9"
0.301928227211453,5.51181593488095,0.410946270907247,0.523211157800412,0.888255669483764,"nol-16"
0.234596096900616,6.19693940879251,0.410658114569359,0.523355532070964,0.888255669483764,"F53F4.14"
-0.129496930122921,8.49148381923451,0.40952736392922,0.523926274008091,0.888916767211929,"vha-4"
0.227292557944882,6.29169956749593,0.408456505865965,0.524468371080067,0.889528824394098,"vps-54"
-0.257697190899306,6.07754429288406,0.407287268448798,0.525061205210375,0.889567774914161,"T26C5.3"
-0.199087288930925,6.79343783338105,0.407090607043558,0.525160792363201,0.889567774914161,"obr-4"
0.370333698822986,5.0889317029778,0.407068258081521,0.525174110712097,0.889567774914161,"T06F4.1"
0.142119149696006,8.03118389108895,0.406817815110494,0.525299225567084,0.889567774914161,"F26A3.4"
-0.233711770554145,6.14060131486914,0.406158265203853,0.525634681619915,0.889567774914161,"dgat-2"
0.104315530406874,9.72877159003981,0.40598836286927,0.525720783692621,0.889567774914161,"frm-1"
-0.270477510753813,5.7531582250053,0.405466520995995,0.525987012284869,0.889567774914161,"sod-2"
-0.235101153158072,6.12421426757023,0.405308447348651,0.526067122270253,0.889567774914161,"klp-11"
0.113303652491095,9.06689238284794,0.404631830990671,0.526411565826827,0.889567774914161,"aars-2"
0.342296688847364,5.21118227614205,0.404254760536549,0.526605774611552,0.889567774914161,"rsf-1"
-0.345630438413916,5.1336906184536,0.404112308761088,0.526678777620955,0.889567774914161,"wve-1"
0.246290762809915,6.18237180125604,0.402802338087214,0.527346105574259,0.889567774914161,"F28F5.6"
-0.27134833292004,5.80011518032481,0.402637357740864,0.527430773937782,0.889567774914161,"F35B12.9"
-0.142654734864696,8.04282811087412,0.402257227966725,0.527624716844896,0.889567774914161,"ifa-1"
0.109818733129596,9.30742452550408,0.402184215148733,0.527662081945136,0.889567774914161,"nuo-5"
0.131292633379759,8.33191742370866,0.402030447778293,0.527740832328151,0.889567774914161,"ima-3"
-0.121779503483645,8.77877352042605,0.401989752641755,0.527761668275975,0.889567774914161,"gst-36"
0.267619503199041,5.89421169107828,0.401401799010075,0.5280635620704,0.889567774914161,"oxa-1"
-0.204926385071571,6.60660121611341,0.401224187973669,0.528154163106352,0.889567774914161,"pgrn-1"
0.170312920845468,7.25490040235643,0.401130962347259,0.528201902798429,0.889567774914161,"riok-1"
0.217540846323109,6.45640448279099,0.400587742872554,0.52848081638169,0.889567774914161,"F21D5.3"
-0.352105954744174,5.27559091941326,0.400590122421543,0.528481242833816,0.889567774914161,"frm-5.1"
0.264058482336369,6.07605381760372,0.399818048390847,0.528876494394451,0.88990867395171,"ero-1"
0.0839208245900741,11.7037811111645,0.399429941123166,0.529075679005831,0.88990867395171,"unc-22"
-0.26976957442421,5.79176897393894,0.399135088610702,0.529228053397989,0.88990867395171,"F41G3.10"
-0.350457462720576,5.0987404465972,0.398321723303756,0.529648715832394,0.890310812596947,"W09C5.7"
0.181296486479797,7.06534876647782,0.397259295018638,0.530194641628635,0.890442522804556,"cah-6"
-0.103081292007813,9.60026046590369,0.396606059323661,0.530532124815612,0.890442522804556,"col-42"
0.338792318644082,5.20935860274112,0.396249628301998,0.530718361677856,0.890442522804556,"Y25C1A.7"
-0.146314747488101,7.81359912617863,0.396205679661742,0.530739234338009,0.890442522804556,"pcp-3"
0.100346525763733,9.72681773741117,0.395986316951839,0.530852732603846,0.890442522804556,"ftt-2"
-0.146692227157715,7.92467462793857,0.395773873063414,0.530962736156596,0.890442522804556,"zfh-2"
-0.241836281349563,6.0689369853208,0.39522730464428,0.53124621461866,0.890442522804556,"tag-30"
0.332395275433414,5.2230464636452,0.395114043878773,0.531306456670025,0.890442522804556,"F58B4.5"
0.216486009731937,6.37200983933365,0.394660427458616,0.531540055441852,0.890442522804556,"athp-2"
0.163611149234735,7.45870158822896,0.394509246371335,0.531618317585536,0.890442522804556,"iars-2"
-0.170177871795184,7.35028349734953,0.393872599133653,0.531948903052982,0.890442522804556,"gcp-2.1"
0.194167825441311,6.841213405973,0.393607498470185,0.532086723275681,0.890442522804556,"cas-1"
0.238794029015466,6.11125712885718,0.393058580983074,0.532372468750545,0.890442522804556,"mat-1"
-0.279758744874415,5.64809235737165,0.393045375871045,0.532379808661192,0.890442522804556,"arx-7"
-0.158908263039249,7.45345746282621,0.392709152375137,0.532553987899907,0.890442522804556,"F19B2.5"
-0.193154524486808,6.72314139201952,0.392560086095242,0.532631674191349,0.890442522804556,"R31.2"
0.291862339800931,5.56375754316222,0.390240914122168,0.533842933768519,0.891618712622829,"unc-98"
-0.325990475759419,5.30923071667157,0.389979441634669,0.533980190291844,0.891618712622829,"cpt-4"
0.336785188042428,5.22544321167069,0.389740801826925,0.534105288474535,0.891618712622829,"rsp-4"
-0.203694255744798,6.54506418348079,0.389361960859289,0.534301916898162,0.891618712622829,"rbf-1"
0.196499473114781,6.73536707920702,0.389216944516576,0.534377850242536,0.891618712622829,"R11G1.6"
-0.303445970268947,5.40602679627901,0.38905003245411,0.534466567718438,0.891618712622829,"T24H10.1"
0.140624217724851,7.91418624113076,0.388778232988377,0.534607672543066,0.891618712622829,"eif-2alpha"
0.392753010474297,4.92432425261727,0.38699386391267,0.535546601306096,0.892881060301292,"exc-7"
0.280277673230147,5.65036177072361,0.385843664429971,0.536151234200981,0.893243337956741,"tbc-11"
0.297508245948327,5.46836366517677,0.385808007451327,0.536170395751546,0.893243337956741,"C29F5.1"
-0.354525945886272,5.08409097777632,0.385544580410345,0.536310220241102,0.893243337956741,"dpl-1"
-0.352471638079063,5.10393510722063,0.38493753980409,0.536630489969063,0.893473371791669,"helq-1"
-0.224768638726103,6.20244485885311,0.384492488692778,0.536863523025439,0.893558052405762,"sel-5"
0.150328407661669,7.74482771989948,0.383409179044523,0.537436199606136,0.893992539977069,"F56C9.7"
0.260816060749861,5.80298517766376,0.383051285436079,0.537626405918247,0.893992539977069,"ttyh-1"
0.344725379681934,5.12512216095416,0.382408939990235,0.537968132866435,0.893992539977069,"pqn-21"
0.295099658213595,5.52702280242334,0.38213265054739,0.538113905969458,0.893992539977069,"ceh-20"
0.249029573528648,5.95812809971186,0.382109352201147,0.538125595615024,0.893992539977069,"sams-4"
-0.192699286236154,6.70147847843874,0.381934199169686,0.538218138746643,0.893992539977069,"coq-8"
0.243544228700258,5.99869580946487,0.381208728956401,0.538603825372281,0.894030099464311,"Y73F8A.24"
-0.277314404504637,5.69825529651525,0.380932024470131,0.53875119822538,0.894030099464311,"rga-5"
-0.351353634954862,5.05171135753577,0.380742714098906,0.538853511268959,0.894030099464311,"sip-1"
0.183125825006724,6.91325806329432,0.380281325103452,0.539096757257909,0.894030099464311,"lsy-12"
0.118801867044775,8.91363217013193,0.380177229830234,0.539152096680007,0.894030099464311,"rpl-43"
0.217700000787113,6.32032471237773,0.379753457300201,0.539378072869196,0.894056677244573,"H28G03.2"
0.212686703077636,6.35342230454636,0.379453089845929,0.539538164868148,0.894056677244573,"ina-1"
-0.202154256709545,6.49642020624053,0.379008717020722,0.539775120590337,0.894056677244573,"him-17"
0.277474857981356,5.6526402281151,0.378781471509469,0.539897222833522,0.894056677244573,"C01B10.9"
-0.196604773684863,6.59241417879282,0.378061868603749,0.540280790199605,0.894389900752299,"egl-9"
-0.201783095072441,6.59197200709086,0.376460668694386,0.541137947597345,0.894835376464536,"F14B8.6"
0.241369041481955,5.99144507095636,0.376394909855953,0.541173545735,0.894835376464536,"akir-1"
-0.158515644838496,7.435855883365,0.376290933736088,0.54122886671728,0.894835376464536,"K07E3.4"
0.205951918258142,6.46588232423474,0.37600591554609,0.541381898378965,0.894835376464536,"pqn-18"
0.281153211982311,5.61544584744351,0.374801226524109,0.542029834137111,0.894835376464536,"gakh-1"
0.191987956272377,6.69620434889004,0.37465266714514,0.542108832229051,0.894835376464536,"ipla-1"
-0.213692041618872,6.34104847543461,0.37276454231059,0.543126274252285,0.894835376464536,"rsp-7"
-0.355790913044751,5.01535029754871,0.372768621918343,0.543126314841719,0.894835376464536,"gem-1"
0.205380034867599,6.44680284029039,0.372626701458265,0.543200676960739,0.894835376464536,"nab-1"
0.204232248803987,6.54635241427547,0.3725354806787,0.543249897768139,0.894835376464536,"gale-1"
0.17311596664296,7.06322746725274,0.372161947771641,0.543451586215091,0.894835376464536,"F28E10.1"
0.209033340803114,6.45098033423749,0.372148291380541,0.543459082827083,0.894835376464536,"met-2"
-0.204151721345679,6.54299936276228,0.372036871954061,0.543519252314823,0.894835376464536,"nhr-7"
0.125650774811163,8.26859391975469,0.371425495493508,0.543849751002171,0.894835376464536,"xrn-1"
-0.218427643704534,6.25105656073153,0.371387935761123,0.543870294994769,0.894835376464536,"gex-3"
0.111467718754249,8.90368064777143,0.371333061879157,0.543899762766167,0.894835376464536,"rho-1"
0.225931730006342,6.23053365403533,0.371097444970764,0.544027590449079,0.894835376464536,"fli-1"
0.0901148523357108,10.7108267673965,0.37092127375316,0.544122696620875,0.894835376464536,"gfi-1"
-0.27332408065778,5.6813979700637,0.370639759101837,0.544275953524108,0.894835376464536,"C02B10.5"
-0.42351647280168,4.72602751915525,0.370369611940676,0.544424120541178,0.894835376464536,"clec-149"
-0.209898522086183,6.4962219731345,0.370323594501323,0.544446735802808,0.894835376464536,"M28.10"
0.363499667155504,4.9852061860895,0.369721151230379,0.544775399683075,0.894835376464536,"mgl-3"
-0.304817517936565,5.34739323535383,0.369248546785873,0.545031576743529,0.894835376464536,"Y55D5A.1"
0.249903954029969,5.92438948463891,0.369178057120423,0.545068909725757,0.894835376464536,"F18H3.4"
-0.16142255736553,7.45011966686714,0.368632674514561,0.54536488770715,0.894835376464536,"cdl-1"
0.248909817062249,5.90237286422335,0.368502814865564,0.545436064995679,0.894835376464536,"C27D8.3"
0.210700540585353,6.45274101650748,0.368429444063928,0.545475591361664,0.894835376464536,"car-1"
-0.26759578032569,5.67926746266447,0.367810684560823,0.545813051055779,0.895089607298092,"kynu-1"
-0.187649445007782,6.76813005055447,0.366546590880184,0.546501796848109,0.895705100418625,"his-32"
0.129911066927464,8.12367430035599,0.366451589921959,0.546553591346166,0.895705100418625,"pab-2"
-0.187712312102323,6.81596342412964,0.365237310987826,0.547217571813952,0.896493717350512,"hum-2"
0.32403461894058,5.25892262547655,0.364744091870255,0.547489304857801,0.896639412463276,"R119.3"
-0.226506166503936,6.11717199323614,0.363711019456189,0.548054412925185,0.897248978802137,"Y48C3A.3"
0.262117159728863,5.92781105666669,0.363396139049343,0.548227541396389,0.897248978802137,"gst-42"
0.208441929519522,6.48578190153971,0.363062908303715,0.548410283068054,0.897248978802137,"daf-4"
0.194983574125847,6.63147740849629,0.362129564292304,0.548923660405969,0.897789447913063,"rpt-4"
0.324519054632379,5.24687588144186,0.361536555479841,0.549251932835249,0.898026910185633,"glna-2"
-0.0989238492603841,9.63681062367383,0.359840542119946,0.5501865269636,0.898991878028811,"rpl-24.1"
-0.283081311762127,5.55904946210407,0.359617107796533,0.550311082139008,0.898991878028811,"Y54E5A.8"
-0.108188050286325,9.11161651316242,0.359044934903559,0.550626798526115,0.898991878028811,"egl-30"
0.118043550026916,8.49613941276774,0.358058168057738,0.551173780376986,0.898991878028811,"dld-1"
0.175574290397894,6.97590049672821,0.357926810165501,0.551246739420298,0.898991878028811,"hrpu-2"
-0.13246459137225,7.97416053444658,0.357342628579348,0.551571062468866,0.898991878028811,"act-3"
-0.263426103029209,5.64295403220365,0.357093652214687,0.551710216748776,0.898991878028811,"sma-5"
0.185188747254936,6.75509718001358,0.357003597232405,0.5517595756955,0.898991878028811,"tom-1"
0.146353209362841,7.57576044461059,0.357002117881674,0.551760322459554,0.898991878028811,"riok-2"
0.216902529241794,6.2704913760667,0.356378164758834,0.552107640761367,0.898991878028811,"T23F4.2"
-0.301046260589194,5.36551788001284,0.356354497196664,0.55212196020002,0.898991878028811,"C07A12.7"
-0.167781324480263,7.18638775894781,0.355993644391997,0.552321539701997,0.898991878028811,"bcl-11"
0.312204445051412,5.2566907860573,0.355826475565381,0.552416324492301,0.898991878028811,"tag-65"
-0.26017085495026,5.83944372919666,0.355329516645578,0.552692182665504,0.898991878028811,"ztf-16"
-0.262954531148033,5.6709133151573,0.355100098869637,0.552820390233819,0.898991878028811,"aex-5"
-0.266765244121978,5.68353694058213,0.354933547642528,0.552913299359411,0.898991878028811,"F13D2.1"
-0.271334991241854,5.60173438767799,0.354384092755286,0.553220278907033,0.898991878028811,"gtl-2"
-0.261900147564764,5.66378932027973,0.354295640865655,0.553269600664738,0.898991878028811,"F56B3.11"
0.334549476207828,5.23029374143588,0.35401063533553,0.553429907328868,0.898991878028811,"mrpl-16"
-0.216411188053061,6.18866490238264,0.353868757512813,0.553507741416312,0.898991878028811,"fzr-1"
0.317659879949242,5.25714223612846,0.353035608125719,0.553975526642376,0.899453809394523,"T07D3.9"
-0.138936735114593,7.87866144453016,0.352510678487104,0.554268050670798,0.899630969073548,"frm-7"
-0.113465206858711,8.70144060945898,0.351565731816763,0.554798391073215,0.899785978727963,"eif-1.A"
-0.206125803990463,6.37682394372737,0.35140309082023,0.554889946890971,0.899785978727963,"F25B5.6"
0.323169300752209,5.21874877840878,0.351220445240532,0.55499418017639,0.899785978727963,"Y45G12B.3"
0.297380719196911,5.47775681067948,0.351036121872751,0.555097323472134,0.899785978727963,"micu-1"
-0.146939877890034,7.54400226057919,0.350274072029624,0.555524931248992,0.900181627940636,"F32D1.5"
0.153559558722271,7.42189234659403,0.349924310194627,0.555721979382546,0.900203536615386,"fah-1"
-0.256082622651735,5.73677867796902,0.348495789595035,0.556528728272635,0.900541268497396,"C14B9.10"
-0.0998527906942834,9.2895853417047,0.347870449301701,0.556881689467519,0.900541268497396,"idh-1"
0.176041878677142,6.87258499556692,0.347656868059935,0.557002645066211,0.900541268497396,"Y38F2AR.12"
-0.166642609083641,7.11467817823603,0.34731433237461,0.557196563445892,0.900541268497396,"swsn-7"
0.125872134754714,8.20029470033407,0.346830582161246,0.557470645472482,0.900541268497396,"pezo-1"
0.23249450459442,5.9630214704533,0.34671671337848,0.557535673918204,0.900541268497396,"B0261.1"
0.142162403379137,7.73719839247521,0.34559242038016,0.558173464807184,0.900541268497396,"alx-1"
-0.204771237742436,6.33990685214664,0.345554149757676,0.558195380293415,0.900541268497396,"dpf-4"
0.141092059049598,7.67105779963635,0.345412739728185,0.558275598928411,0.900541268497396,"hum-5"
-0.22838959070382,6.03747432167587,0.34534754817223,0.558312974000705,0.900541268497396,"vab-19"
-0.244448927797841,5.81558229924941,0.345305410841598,0.558337138903053,0.900541268497396,"tceb-3"
-0.224981024364247,6.01424839276172,0.344567468670365,0.558756863746183,0.900541268497396,"nlp-40"
0.183726574532548,6.68617510340994,0.344550713504914,0.558766168728432,0.900541268497396,"T03G6.3"
0.179517941401492,6.83131047630098,0.34446572994989,0.558814544250009,0.900541268497396,"F58B3.4"
0.156518432033243,7.40903462436176,0.344387561558481,0.558859015387153,0.900541268497396,"rpt-3"
0.264620106149689,5.71152702676081,0.344373118965074,0.558868016576162,0.900541268497396,"Y54F10AM.5"
-0.22329310794767,6.09536604977827,0.343676502700127,0.559264609277058,0.900884370608858,"sqv-7"
0.252887672030359,5.72640071906327,0.341439250718857,0.560544098627097,0.901730723193959,"lin-2"
-0.367834621342644,4.92476406632954,0.341302986183797,0.560623872377032,0.901730723193959,"Y47H9C.8"
-0.1533486009529,7.42365549050109,0.34019983191308,0.561254357204548,0.901730723193959,"klp-4"
-0.206084494111158,6.26676892475723,0.340055222138277,0.561337603918342,0.901730723193959,"pqn-96"
-0.143944029511542,7.55500991176197,0.339993271477656,0.561373013012332,0.901730723193959,"Y76A2B.5"
0.144237799524378,7.6612249193457,0.339388950786592,0.561720451266047,0.901730723193959,"fipp-1"
-0.306292574414683,5.27121631089447,0.339308960207722,0.561768081521253,0.901730723193959,"mrpl-17"
-0.299772514000448,5.2682546425768,0.339189679911771,0.561836721406125,0.901730723193959,"nhr-173"
0.291368391104934,5.39458531163614,0.338926254098819,0.561988128484694,0.901730723193959,"smg-4"
-0.266359500765444,5.54904937261773,0.338790570751371,0.562065811527678,0.901730723193959,"mrps-14"
-0.266865900220709,5.60070913725086,0.33800841022324,0.562516539667106,0.901730723193959,"C30F12.5"
0.299219104057556,5.29215381467374,0.337921273417065,0.562567552572353,0.901730723193959,"sphk-1"
0.144597040228055,7.51991188732594,0.337691265921632,0.562698730452779,0.901730723193959,"tns-1"
-0.26998915743496,5.52643885379174,0.337594622354833,0.562755493167485,0.901730723193959,"oac-14"
0.147513937613165,7.45086391135015,0.337266393500003,0.562944078083458,0.901730723193959,"R151.2"
0.214293909644545,6.17956264619353,0.336952907775424,0.563125492327916,0.901730723193959,"F20C5.11"
0.105160487416371,9.01164381264841,0.336507482230695,0.563382794732241,0.901730723193959,"cif-1"
0.232100407279915,5.96511786557565,0.33642273529047,0.563432295977032,0.901730723193959,"mrps-9"
-0.29759909983844,5.26408098706508,0.336341075134097,0.563480722134166,0.901730723193959,"scpl-3"
0.240246131379833,5.87783788691086,0.336183199498687,0.563571031608962,0.901730723193959,"snf-1"
-0.236277407773568,5.96382651773295,0.335809949623771,0.563787027694039,0.901730723193959,"phf-15"
0.203763462768638,6.31469390617659,0.335727777520481,0.563834480741259,0.901730723193959,"C23G10.8"
0.20361137827529,6.32285356592664,0.334949432273782,0.564285851098979,0.902079790960325,"riok-3"
0.159935072136578,7.19801052754245,0.334717079715063,0.564420566454075,0.902079790960325,"mec-17"
0.268610218438193,5.53007954541002,0.333831355117642,0.564936361380413,0.902534868762543,"sly-1"
0.319300338449337,5.23424480986183,0.333588977705888,0.56507797092322,0.902534868762543,"svh-5"
0.276992945515577,5.51182243466445,0.333279973927818,0.565257312301434,0.902534868762543,"unc-61"
0.307311163833262,5.28790774132511,0.332117114659294,0.565935660930622,0.903214482833572,"nars-2"
-0.264509276902486,5.54889936037443,0.331918053720491,0.566051237559714,0.903214482833572,"dif-1"
-0.0890699593162552,10.1301288143507,0.331266294645917,0.566431107971713,0.903252345922906,"mdh-1"
-0.0761385208421364,11.6618670466478,0.330823594185333,0.566690054423184,0.903252345922906,"unc-15"
-0.225412612218157,5.98408480710874,0.330768073206695,0.566722916059337,0.903252345922906,"ech-4"
-0.154924583316542,7.22251164407985,0.33037024572698,0.566955524311882,0.903252345922906,"ZK1320.2"
0.290335037039664,5.45623400750587,0.329868069171634,0.567251000259241,0.903252345922906,"mrpl-34"
0.109525666270935,8.79730084177554,0.329554675102337,0.567433575282972,0.903252345922906,"kcc-1"
-0.117111855313827,8.41611953705915,0.329465061291471,0.567486159946577,0.903252345922906,"vha-10"
0.194412662833522,6.44355169588045,0.329092550212416,0.567704995782764,0.903252345922906,"epg-5"
0.189684166199145,6.57831950811574,0.329045974637344,0.567732310393541,0.903252345922906,"gst-13"
-0.264135549777408,5.56141312981751,0.328522265127617,0.568040838089879,0.903297893103697,"R08F11.1"
-0.205672468340433,6.29296811074026,0.328051341448249,0.568317110330436,0.903297893103697,"sqv-5"
0.2099755989149,6.23139374640404,0.327855555042886,0.568432404783881,0.903297893103697,"gly-4"
-0.13362310470183,8.00042609476953,0.327533570021834,0.568621781453554,0.903297893103697,"ZK370.4"
-0.209966351142464,6.24376157062533,0.327396049713361,0.568703009856327,0.903297893103697,"spcs-2"
0.29066317957093,5.39967162519964,0.327121673812271,0.568865890274683,0.903297893103697,"K09H9.5"
-0.310519001279766,5.27351181662277,0.326545845786529,0.569205818330587,0.903545158223795,"txl-1"
0.202685596218897,6.30962806636868,0.325489611271994,0.569828593964423,0.903908291766772,"flp-18"
0.352896694986568,4.89955602426797,0.325311558094642,0.569935507358873,0.903908291766772,"set-29"
-0.195202197487817,6.39668342451651,0.325221074722051,0.569987430465775,0.903908291766772,"aly-3"
-0.297500117842666,5.23297388477943,0.324593046802958,0.570360916747942,0.90396660432363,"haf-2"
0.230802930127506,5.8950449545189,0.324537282832245,0.570392791107367,0.90396660432363,"spp-16"
-0.115404200361642,8.40602631481367,0.323988419430298,0.570717776021278,0.903978206353408,"unc-27"
0.325542668323579,5.06215675631158,0.323362059651773,0.571091535388345,0.903978206353408,"wdfy-2"
0.0984223637609304,9.28760856901609,0.323314056150566,0.571118193301518,0.903978206353408,"lars-1"
-0.260446791095053,5.57430600193476,0.323031576501373,0.571286962305782,0.903978206353408,"F26A3.1"
-0.10134197456801,8.98176084461863,0.322971858854078,0.571321598306945,0.903978206353408,"clik-2"
-0.181395924781645,6.62613460854213,0.321974820606216,0.57191516463559,0.904295499766775,"prp-3"
0.116131725164101,8.32844244324913,0.321846585497228,0.571991477819065,0.904295499766775,"Y53G8AL.2"
0.182557806131284,6.71106993918781,0.321698361582947,0.572079929739429,0.904295499766775,"ipla-7"
-0.137920183316058,7.6362212939014,0.32122850494535,0.572360096807147,0.904295499766775,"har-1"
-0.193704177183942,6.41393632795147,0.321088247752765,0.572443940219335,0.904295499766775,"F37A4.1"
0.118990587632051,8.22394352254792,0.320690283454677,0.572681441505675,0.904379417445376,"F37C4.5"
0.282791818908627,5.42444359506913,0.320123655472924,0.5730214309924,0.90462507853805,"M70.4"
-0.0953757828648803,9.99567226270277,0.31964802252668,0.57330475469177,0.90478115243344,"ctc-3"
0.231006157740692,5.95187234648653,0.318045565209103,0.574266191680497,0.905859275005744,"Y105E8A.2"
-0.225329806134672,5.98715293518142,0.317622281155179,0.574520462420355,0.905859275005744,"C05D2.8"
-0.192314649077457,6.40717641518984,0.317474092706638,0.57460937351364,0.905859275005744,"rpn-7"
-0.190112501535707,6.40713845204176,0.317226911397842,0.574758066716704,0.905859275005744,"cor-1"
-0.19153787240594,6.44175220797777,0.316972303612741,0.574911299305379,0.905859275005744,"C09F5.1"
-0.301409413640638,5.22793155977715,0.316482591662768,0.57520779545118,0.906035400349402,"rfc-4"
0.26164967807522,5.54957498887787,0.316003366390467,0.575496086328328,0.906198492276228,"ges-1"
0.159844537055299,7.07166305035087,0.315672960142146,0.575694512042083,0.906220019758156,"mfap-1"
0.128002095512509,7.94268143567692,0.312862660128038,0.577395935668113,0.908606693760698,"men-1"
0.208050330163892,6.20383037990931,0.312303474614269,0.577735940347309,0.908815497292806,"csk-1"
0.0973811520202579,9.27467776723571,0.312034575941572,0.577899191856526,0.908815497292806,"C16B8.3"
0.163710154920256,6.99825202212863,0.31170954435049,0.578097039816054,0.908835250095432,"nhx-8"
-0.104856420611326,8.84202639884164,0.310825733209519,0.578635454001455,0.909237123016627,"gfm-1"
0.0943801460412789,9.40158235550605,0.310341164449037,0.578931110559301,0.909237123016627,"cdc-48.1"
-0.18598424857145,6.45068032061819,0.309872736716594,0.579217355441118,0.909237123016627,"kgb-1"
-0.246423969241624,5.68284533807673,0.309769832311127,0.57928078130254,0.909237123016627,"R102.4"
-0.289377943903013,5.30689562502484,0.309291862740866,0.579573841884269,0.909237123016627,"C51E3.9"
0.114528849597029,8.48056590513949,0.309259035261661,0.579592475508722,0.909237123016627,"pde-6"
0.282138494288566,5.33096407647065,0.309166955284506,0.579650251513352,0.909237123016627,"toe-2"
0.192800195135058,6.33124089322666,0.308677108589202,0.579948954782216,0.909241163574783,"sptl-3"
0.21305623223292,6.1412937916951,0.308555483163356,0.580023567956269,0.909241163574783,"F32B5.7"
-0.260718007528102,5.50759807942614,0.307622336841746,0.580596616655226,0.909848691595491,"nasp-1"
-0.225511607987522,5.87176112096279,0.306532389602302,0.581266095553371,0.910591818689957,"cpd-1"
0.0777700784556086,10.8773429242366,0.305069822922245,0.582167153404091,0.910591818689957,"F46H5.3"
0.0815121605574177,10.3867858524256,0.305038556196204,0.582186457692311,0.910591818689957,"vha-6"
-0.297580365974504,5.18889576648608,0.305020263622714,0.58219949540692,0.910591818689957,"F53F8.5"
0.242403703757665,5.66305519138367,0.304622618527086,0.582444189667632,0.910591818689957,"ldb-1"
0.0935496210033898,9.43177885010133,0.304052732025603,0.582795747163364,0.910591818689957,"daf-5"
-0.343651954303296,4.90930735765632,0.30367721577365,0.583030477374312,0.910591818689957,"C01F6.9"
0.188561962006857,6.49310276865515,0.303606184872477,0.583072312126327,0.910591818689957,"mrpl-45"
0.231480114222412,5.83020077841257,0.303450358362807,0.583169247861337,0.910591818689957,"jip-1"
-0.303433577713893,5.14388898851603,0.303064602390137,0.583409593983606,0.910591818689957,"clec-51"
-0.260801864334061,5.45825245422256,0.302921938445682,0.58349730354498,0.910591818689957,"cnb-1"
0.150557817046521,7.17677548122711,0.302855210066874,0.583537662996465,0.910591818689957,"gld-4"
0.302145262715699,5.1951929679995,0.302373166101246,0.583838424161279,0.910591818689957,"krr-1"
0.11938940572277,8.17902093383092,0.301746217279423,0.584226352915699,0.910591818689957,"C05D11.1"
-0.296739980138395,5.1470084536865,0.301465662545938,0.584402669105873,0.910591818689957,"gopc-1"
-0.131693995905152,7.66070566596684,0.301290858801212,0.584509640137072,0.910591818689957,"F54D5.12"
-0.112792004415232,8.38007923799477,0.3009693147099,0.584709821730804,0.910591818689957,"eif-3.I"
-0.238774514128384,5.68746446437094,0.300869983196526,0.584772355498997,0.910591818689957,"Y45F10D.4"
0.321437609213501,5.05727706826102,0.300862620033996,0.58477806615063,0.910591818689957,"egl-23"
0.137319688431265,7.57744991950278,0.300850687346836,0.584783736773367,0.910591818689957,"F49E2.2"
0.228176149385301,5.86257199170541,0.299653050709976,0.58553132617278,0.911466567717387,"mif-2"
0.097981719854619,9.01710330630612,0.299026419897427,0.585922463302827,0.911786066783111,"let-418"
0.243268099284581,5.65798919283893,0.298444884544004,0.586287230126472,0.91206433992082,"tat-4"
-0.12096115971039,8.0004757559648,0.297803280187337,0.586688523660905,0.912348216889865,"acaa-2"
-0.241142909911164,5.65075300828453,0.29756017962948,0.586841717489811,0.912348216889865,"wdr-5.1"
-0.0886404285047802,9.5526299960113,0.296734123777852,0.587359795780601,0.912517760714216,"rbm-3.2"
-0.194435814059709,6.31250150089581,0.296339970670252,0.587607848966807,0.912517760714216,"rfip-2"
-0.19224319081218,6.33567081751839,0.296146509482094,0.587729580031507,0.912517760714216,"nlp-76"
-0.234925112115563,5.80241935895372,0.295682417298638,0.588022181878963,0.912517760714216,"F17C11.4"
0.153792501592575,7.06991250832125,0.295602371548419,0.588072158629329,0.912517760714216,"cpsf-1"
0.175657773666615,6.66465460523053,0.295265882012847,0.588284332470872,0.912517760714216,"hcp-6"
-0.249645257616686,5.60449855555232,0.294937197798004,0.588492365275139,0.912517760714216,"F17C11.26"
0.0747013598038944,10.9204133153052,0.294271306782851,0.588912108838461,0.912517760714216,"myo-2"
-0.209741572532946,6.06055499585421,0.294015233172106,0.589074290953129,0.912517760714216,"daf-12"
0.180491264015202,6.47177225597598,0.293996019996863,0.589086301920484,0.912517760714216,"dhs-13"
0.28739459737653,5.23896819298578,0.292947228978609,0.589751720265613,0.912517760714216,"cni-1"
0.301474047851369,5.10001039283689,0.292674482674797,0.589924842420449,0.912517760714216,"zig-1"
0.269026565100882,5.45758447114037,0.292306583200146,0.590157695133907,0.912517760714216,"D2013.6"
-0.142448555108562,7.33283435283056,0.292258123030248,0.590187333564926,0.912517760714216,"Y54G2A.26"
-0.147380345252615,7.23865047472489,0.291923131218153,0.590400078856535,0.912517760714216,"F53F1.4"
-0.300097560609668,5.16506777722393,0.291771752834076,0.590498002827583,0.912517760714216,"pph-1"
0.18182223164426,6.42110689179329,0.29127451384389,0.590812564185368,0.912517760714216,"trpp-8"
-0.139192276885165,7.42942115280241,0.290908107059603,0.5910456382259,0.912517760714216,"dcr-1"
-0.286696806408308,5.25552745802898,0.290700049483176,0.591179622083006,0.912517760714216,"F53H8.3"
0.154545651650411,7.0589825373547,0.290669153822078,0.591197853847981,0.912517760714216,"pas-5"
-0.224675093376894,5.81328367491457,0.290389417845124,0.591376562566602,0.912517760714216,"nhr-137"
-0.156800140368782,7.19159140252199,0.290138703478013,0.591535974446803,0.912517760714216,"F28C1.3"
0.0825472161096713,10.0719622013191,0.289952464560009,0.591654736986181,0.912517760714216,"aqp-7"
-0.288212742959982,5.2621462951257,0.289582262464403,0.591892558540272,0.912517760714216,"R05D3.12"
0.25925382151041,5.44709146555375,0.289558941468808,0.591907111961632,0.912517760714216,"C01G10.15"
-0.0784601352140754,10.5061004579452,0.289397394145198,0.592009137329394,0.912517760714216,"cts-1"
0.262456706142179,5.45624169440692,0.289216815292321,0.592125686789218,0.912517760714216,"csn-4"
-0.194964303526376,6.24555270474486,0.289161888318939,0.592159843497115,0.912517760714216,"lin-23"
0.267373941050424,5.3647386253412,0.288513994552954,0.592575396067463,0.912871330939356,"imp-1"
-0.168123757562144,6.70049285310047,0.287997638014203,0.59290490675371,0.913092171939387,"sec-12"
-0.0979200326420653,8.95606927493758,0.286720845411125,0.593724258874593,0.91406700871936,"eef-1B.2"
0.139780720068794,7.5123714892398,0.285753127097297,0.59434693522615,0.914209503450725,"mrps-5"
-0.147594050048267,7.15277878689077,0.285643830606717,0.594417362408015,0.914209503450725,"hmt-1"
0.0864755079268168,9.94029219643724,0.285448724226709,0.594543042577376,0.914209503450725,"ttn-1"
-0.224098150376756,5.84781187386683,0.285193689040414,0.59470792839579,0.914209503450725,"unc-17"
0.187968480891889,6.35140613549726,0.285130017248082,0.594748730991083,0.914209503450725,"allo-1"
0.101667126607035,8.84061403017409,0.284720889854562,0.595012567396645,0.914328522268341,"F19C7.1"
-0.254312543359347,5.48940252606779,0.284396306031475,0.595223177320101,0.914365701457907,"T27F6.6"
0.1131060762515,8.27468416045821,0.282582334265047,0.596396622860059,0.915743784191293,"mask-1"
-0.105202632918795,8.62804440964575,0.282074437543849,0.596726311661073,0.915743784191293,"attf-2"
0.194814028252296,6.1832273345005,0.281786049737211,0.59691393827629,0.915743784191293,"dhp-2"
-0.083531027337936,9.87844402611337,0.281539999443598,0.597073640035624,0.915743784191293,"vha-15"
-0.226246030848415,5.83845841080163,0.281319508328138,0.59721752932946,0.915743784191293,"ZK809.5"
0.0919324485509468,9.48239701874924,0.280420079364355,0.597802858516248,0.915743784191293,"mdl-1"
0.172751621456863,6.54127147836114,0.280083670256438,0.598022401388019,0.915743784191293,"atic-1"
0.205392823009587,6.08449335236251,0.279643589549055,0.59830986881934,0.915743784191293,"clec-150"
-0.162422034286267,6.75381099368113,0.278813146269721,0.598852541805496,0.915743784191293,"pmp-1"
0.206744645323971,6.03710400023644,0.277881330839077,0.599463212905101,0.915743784191293,"sao-1"
-0.16841899642777,6.72335056162606,0.277653516369783,0.599612388011188,0.915743784191293,"tag-196"
0.156311568841664,6.89499651799962,0.277636859706026,0.599623302861913,0.915743784191293,"mct-4"
-0.216029015962027,5.87027862379171,0.27763298485449,0.599626194436966,0.915743784191293,"M02E1.1"
0.155262379470403,6.91140846689252,0.277596143552488,0.59965001830849,0.915743784191293,"trm-2A"
-0.295429706057861,5.11559996646742,0.277343170711575,0.599817829383112,0.915743784191293,"pps-1"
0.241175791097701,5.59675785987011,0.277186522726639,0.599919750270385,0.915743784191293,"ZK1127.4"
-0.257242503796816,5.43262302167295,0.276542347635665,0.600343385948082,0.915743784191293,"lin-38"
-0.154944472669244,6.89193967910158,0.2764223338543,0.600421324231718,0.915743784191293,"panl-3"
0.122660863933084,7.80576752316381,0.276410752187532,0.600428894713847,0.915743784191293,"spt-5"
-0.103320943471182,8.63849192580269,0.276125371026642,0.600616725153458,0.915743784191293,"vha-16"
0.0830053210430492,9.96601385919611,0.275811165675129,0.600823679987781,0.915743784191293,"unc-68"
-0.138736276997912,7.36060733357324,0.27570594117123,0.600893060927248,0.915743784191293,"lst-6"
-0.255842336360833,5.50919905167366,0.275399508790608,0.601095967914404,0.915743784191293,"vps-29"
-0.0875943891934919,9.51674043739977,0.275085189860381,0.601302444955912,0.915743784191293,"akap-1"
-0.205441053104623,6.06882978978936,0.275024968733124,0.601342474346735,0.915743784191293,"ran-5"
-0.186169578789173,6.27570607706586,0.274289616951661,0.601828218202269,0.915743784191293,"catp-1"
-0.2307784913478,5.81116376920979,0.274281560898942,0.601833839740539,0.915743784191293,"cdka-1"
0.17349008883655,6.54455030165437,0.274225897318994,0.60187030095045,0.915743784191293,"cash-1"
-0.129061392050518,7.61285905123077,0.274178359796325,0.60190163808294,0.915743784191293,"inx-5"
-0.0884645629198255,9.29828115901963,0.274154009346994,0.601917719620068,0.915743784191293,"fln-1"
0.255485795407814,5.45860219671283,0.273962206037685,0.602045735035348,0.915743784191293,"Y105C5A.24"
0.182665538657864,6.45174636770952,0.273750648971707,0.602184803630641,0.915743784191293,"F25H2.6"
0.249591826229879,5.47801050033548,0.273262610046588,0.602509022682413,0.915743784191293,"ran-4"
0.227918242649408,5.69157360779494,0.273186715161666,0.602558990944526,0.915743784191293,"EEED8.10"
0.116246758601184,7.97711162808003,0.27298868830086,0.602689597920445,0.915743784191293,"mrp-4"
-0.0850883790734598,9.63064448252138,0.272238919854561,0.603187311441552,0.915743784191293,"fln-2"
-0.138304284332937,7.30719291597365,0.272197988468799,0.603214547825,0.915743784191293,"H11E01.3"
-0.226743634965259,5.79343394535783,0.272198435532477,0.60321471288931,0.915743784191293,"csn-1"
0.268138121261604,5.35306168996424,0.270823385318417,0.604130667130971,0.916808189750031,"R01H10.7"
0.23854448095779,5.58975173462949,0.270584317711951,0.604289679400989,0.916808189750031,"spp-2"
-0.0722066877316073,10.9812045826967,0.270049210606944,0.604645951236263,0.91699019389684,"vha-13"
0.226444619138136,5.6873241859224,0.269844319817343,0.604783542763767,0.91699019389684,"grld-1"
-0.105964019731869,8.39686512842997,0.269223505983489,0.605197947974089,0.91722729758729,"acp-6"
0.107658673615211,8.28996247373693,0.268873877333841,0.605432001421785,0.91722729758729,"inos-1"
0.158470249492818,6.78646033249721,0.268771102799172,0.605500915308388,0.91722729758729,"F13C5.2"
0.269688796915632,5.27548198142092,0.268000964884101,0.606018607227684,0.917354474095032,"coa-4"
-0.224515655011615,5.75120151592717,0.267958650960054,0.606046121783499,0.917354474095032,"F53F4.13"
-0.118644779878933,7.85705023273715,0.266866821878229,0.606779346626384,0.917354474095032,"W05F2.4"
-0.233661171511437,5.59187426183383,0.266799719537434,0.606825243735249,0.917354474095032,"taf-6.2"
0.292049181869849,5.11404465559083,0.266529224230658,0.607008241737228,0.917354474095032,"R08C7.12"
0.219595966621622,5.91450315583447,0.266475181807602,0.607043442199958,0.917354474095032,"ile-1"
-0.288903634951673,5.10361302554379,0.266330391804907,0.607142321996383,0.917354474095032,"C44H9.5"
0.175482386240113,6.4724004281803,0.266173976384408,0.607246074864586,0.917354474095032,"C34B2.8"
0.112748277032421,8.0249698259465,0.265971366687893,0.607382538248933,0.917354474095032,"inx-12"
-0.296231470836889,5.01754430663435,0.265638992821803,0.607608715510057,0.917354474095032,"snn-1"
-0.255378129285139,5.39011004189909,0.264734813284426,0.608218749156996,0.917354474095032,"uba-5"
0.202126866353815,6.0109711684286,0.264692180385062,0.608246809543069,0.917354474095032,"unc-77"
0.164277979294387,6.76408922547833,0.263947810339112,0.608750475460455,0.917354474095032,"pkc-1"
-0.259091942954489,5.36761955296488,0.26392186101427,0.608769174120369,0.917354474095032,"psr-1"
-0.159902544455797,6.72053608439159,0.263283204696186,0.6092011755698,0.917354474095032,"mat-2"
0.175581017713991,6.37865521983018,0.2630753713219,0.609342348399398,0.917354474095032,"Y69A2AR.31"
0.124248045161189,7.73775222446415,0.263064516798768,0.6093495701043,0.917354474095032,"pod-1"
-0.204449696859417,5.96231149017268,0.263027385026527,0.609375105046228,0.917354474095032,"uev-1"
-0.166112061653429,6.56468259420163,0.262888706717367,0.609469068136805,0.917354474095032,"let-630"
0.155106965122022,6.8976816662229,0.262427437425655,0.60978255868806,0.917354474095032,"dpf-5"
-0.234157451789962,5.59329604884049,0.261660392930453,0.610305377000966,0.917354474095032,"trip-4"
-0.289489374564968,5.06631290705069,0.261465128643353,0.610439567996578,0.917354474095032,"pinn-4"
0.189805779911848,6.16152666099094,0.261406266950144,0.610478095064855,0.917354474095032,"rin-1"
0.171075765386437,6.60894511650595,0.260588587900408,0.611035959957201,0.917354474095032,"pbo-1"
-0.298330380792302,4.97461679695912,0.259887139523695,0.611517447520849,0.917354474095032,"clec-83"
-0.259697209666164,5.35891753892706,0.259797899431385,0.611577699652881,0.917354474095032,"T24G10.2"
0.205105760366377,5.89355121182202,0.259766420685592,0.611598504966863,0.917354474095032,"K11D9.3"
0.0934602410987306,8.86848109921812,0.259500546142552,0.611780094930086,0.917354474095032,"aqp-2"
-0.230700966229149,5.56459727404652,0.258937773189851,0.612166603715097,0.917354474095032,"H43I07.1"
0.25488411923882,5.39687255340793,0.258711800017306,0.612322014531246,0.917354474095032,"pak-1"
-0.217817330242678,5.72583817420647,0.258675212232769,0.612346513894762,0.917354474095032,"gfi-2"
-0.174796247659136,6.54551615107803,0.258558854048505,0.61242593339244,0.917354474095032,"him-1"
0.206337643237136,5.89689775991561,0.258506697720406,0.612462082445794,0.917354474095032,"rpb-3"
-0.182959088601145,6.27386786739888,0.25837224676253,0.612554134951465,0.917354474095032,"natc-1"
-0.122384135299971,7.81306033851331,0.258126538349737,0.612722776382552,0.917354474095032,"lbp-9"
-0.294569698334204,5.06147932167227,0.25804525569511,0.612780477441329,0.917354474095032,"rpb-7"
-0.13969581868524,7.31888897080711,0.257944800074543,0.612847717903542,0.917354474095032,"tag-278"
-0.256810043268974,5.31841407055097,0.257899401475813,0.61288017137457,0.917354474095032,"F09E5.8"
-0.210251409979565,5.82687324292625,0.257851558274956,0.612912243231398,0.917354474095032,"ubh-4"
-0.236873073536429,5.57147685246002,0.257628746335585,0.613065844257598,0.917354474095032,"ddo-2"
0.15526571118592,6.8849242795466,0.25687864851604,0.613581716313186,0.917520921067502,"rpc-1"
0.246957506565316,5.47545192300612,0.25675685084085,0.613666641259041,0.917520921067502,"sec-8"
0.200829827655278,5.95173254618178,0.256652098935719,0.613738255254327,0.917520921067502,"M4.1"
0.185840528007563,6.17662873940803,0.254682763879252,0.615099654701136,0.918537911051698,"uso-1"
-0.0912584890158345,8.95308619119738,0.254508964945607,0.615219884744426,0.918537911051698,"zyx-1"
0.206245645461121,5.91561109739655,0.254000105127849,0.615573353838554,0.918537911051698,"elpc-2"
-0.14877216948104,6.88705361031939,0.253956377971421,0.615603347570701,0.918537911051698,"6-Mar"
0.292460033999717,5.10152549909203,0.253797747867223,0.615715047944467,0.918537911051698,"xpf-1"
0.150316759959327,6.8598951793936,0.253385912964945,0.615999707164357,0.918537911051698,"lin-28"
0.282391495937332,5.15241704097168,0.253353580852812,0.616023676113061,0.918537911051698,"grdn-1"
0.25311155877928,5.40780589535342,0.253278202543149,0.616075683938308,0.918537911051698,"pho-4"
-0.255807715270773,5.3156328114525,0.2524664386774,0.616640918179132,0.918537911051698,"sdpn-1"
-0.0922288687592458,8.86957233229617,0.252215706839148,0.616814439479176,0.918537911051698,"erm-1"
-0.157276407060666,6.68238136835765,0.2521053019366,0.616891521627736,0.918537911051698,"M03C11.3"
-0.212831882598674,5.76012513866295,0.25187953178936,0.617049470247424,0.918537911051698,"F25E5.8"
0.118683947759385,7.80750230472627,0.251862492007176,0.61706086082085,0.918537911051698,"qars-1"
0.132155543819322,7.47116642180841,0.25165032637836,0.617208986026035,0.918537911051698,"abcf-3"
-0.201199971699197,5.96744158313826,0.251624223924092,0.617227513726075,0.918537911051698,"arx-2"
-0.164596118591871,6.52944765651805,0.250493686878346,0.618017898539225,0.918543044943227,"dgn-1"
-0.212448819560473,5.77288468686609,0.25022033663158,0.618209773070205,0.918543044943227,"grd-13"
0.208924342441013,6.03496078061632,0.250207464093775,0.618218636280088,0.918543044943227,"F55D12.5"
0.0829059272479742,9.58625817149615,0.249730957042036,0.618552436615911,0.918543044943227,"cpna-2"
0.118905246479062,7.83435558094356,0.249538480202636,0.618687536872143,0.918543044943227,"F54D5.3"
0.216113361885735,5.7367555269551,0.249254836100216,0.618887317598136,0.918543044943227,"flp-3"
0.232770016989566,5.54307643129444,0.248933720800241,0.619113269285174,0.918543044943227,"wsp-1"
-0.290833717679465,5.01395621554462,0.248908647036759,0.619131898693079,0.918543044943227,"F15B9.10"
0.192779827300678,6.09103222337832,0.248408890312392,0.619481884753631,0.918543044943227,"rgl-1"
-0.233100377929298,5.54075481326442,0.247137395999562,0.62037894822535,0.918543044943227,"sod-4"
0.162287491358758,6.55579631105105,0.246860323234303,0.62057399791632,0.918543044943227,"acs-14"
-0.238562238176428,5.53565182831442,0.246838710722938,0.620589972828269,0.918543044943227,"Y55B1AR.2"
-0.226567038810923,5.56919025739331,0.24673280046394,0.620664785443378,0.918543044943227,"hrpf-2"
0.171628332042659,6.4108971347578,0.246473825769079,0.620847316827622,0.918543044943227,"C50F4.1"
-0.258131781325384,5.2961205651811,0.246323937458407,0.620954530316221,0.918543044943227,"M05D6.6"
0.188501338926809,6.14486611520994,0.246141301163434,0.621082759504422,0.918543044943227,"rnp-6"
0.276899483674241,5.14028138096254,0.246072440520592,0.621132800240053,0.918543044943227,"gei-13"
0.172118104854849,6.37110144982348,0.245978371294931,0.621198047212711,0.918543044943227,"drp-1"
0.207745141214972,5.86502466247913,0.24563015074198,0.621445106877351,0.918543044943227,"slc-25A46"
-0.258397343147389,5.25390504541144,0.245560826216143,0.621495186213564,0.918543044943227,"T25B9.1"
0.232305803157783,5.5450442465571,0.245299099431252,0.621680321341047,0.918543044943227,"mans-3"
0.145821167348592,6.94337057991972,0.245085777837597,0.62183089576482,0.918543044943227,"F46F11.1"
0.240064706826755,5.51103745707588,0.2447924553884,0.622040088045444,0.918543044943227,"acs-7"
-0.288641941976881,5.02465285746779,0.244662552507389,0.622133324915732,0.918543044943227,"F56G4.6"
-0.149684419418584,6.87191786870484,0.244471880516264,0.622267059152052,0.918543044943227,"unc-41"
0.289915816554522,5.10321677329574,0.244138713819184,0.622505558865872,0.918543044943227,"F10C1.8"
0.23804177496685,5.48336566274194,0.243966142192174,0.622627810339935,0.918543044943227,"map-1"
0.272812441617936,5.14997042946447,0.243879754418669,0.622689863206203,0.918543044943227,"zipt-13"
0.255265622635794,5.28622802307432,0.242950255735312,0.623352353325554,0.918543044943227,"rbg-3"
-0.306656188741786,4.95474187742862,0.242933690840087,0.623364835922795,0.918543044943227,"aap-1"
0.158462989541859,6.63959370276258,0.24279261926336,0.623463667730416,0.918543044943227,"sfa-1"
0.112192740670097,8.06374513261043,0.242604012988933,0.623598291401182,0.918543044943227,"wah-1"
-0.235853245465345,5.52012595085819,0.242604485286984,0.623598796389761,0.918543044943227,"T10D4.6"
0.294258354705809,5.00874379911065,0.242364347458319,0.623771186299283,0.918543044943227,"mex-3"
0.0900110527929858,9.02697573148618,0.242342334228228,0.623785297187745,0.918543044943227,"chd-7"
0.146460839702484,6.85314506357916,0.241810423998845,0.62416589911918,0.918603098941752,"aat-5"
-0.125525578281724,7.49171434217157,0.241669000280214,0.624267117283913,0.918603098941752,"pas-6"
0.119474904258701,7.82091416730764,0.241283765772351,0.624543131703305,0.918603098941752,"set-26"
-0.246885151862817,5.3774485946148,0.24124053499584,0.62457519571269,0.918603098941752,"twk-31"
-0.285101216675721,5.06371596361149,0.240813912680018,0.624881919499782,0.918778721566676,"msh-2"
-0.101451408752373,8.58665464471746,0.240084160875048,0.625404407040176,0.919271386434541,"csq-1"
0.255690074632719,5.3121452296427,0.239420353757259,0.625883415595422,0.919699866235933,"sek-3"
0.221060463094919,5.76229169588291,0.238997214510907,0.626187697198384,0.919870776564131,"mom-5"
-0.18481439690255,6.0849706492991,0.238606509222204,0.626469254226967,0.919870776564131,"akt-1"
0.169351727308226,6.37131557334461,0.238227200838222,0.626743106678838,0.919870776564131,"T01H3.3"
0.159064137210056,6.53277695091109,0.238217775491601,0.626749874674276,0.919870776564131,"W09G3.6"
0.228168346872949,5.59440629021603,0.237457294532233,0.627300610034896,0.920184121799202,"phat-6"
-0.102129946596378,8.44143578140241,0.23740376334741,0.627338573556887,0.920184121799202,"atp-6"
-0.14144130800071,6.95194990397009,0.236896016587766,0.627706537544839,0.920448599897589,"F28H7.3"
0.188805879260046,6.0109260602108,0.236526251028822,0.627975050187617,0.92056713125232,"E04F6.6"
0.183098297112059,6.19854024673619,0.235996603210036,0.628359620926348,0.920634533596591,"ent-2"
-0.197859177921479,5.86452709781228,0.235946206607446,0.628396415592536,0.920634533596591,"C46F11.5"
0.12417180581455,7.47981678030845,0.235636156338184,0.62862151265285,0.920689316083078,"sptf-3"
0.103902386235709,8.19164352593197,0.235003224394039,0.629082319066284,0.921026796201249,"mvk-1"
0.188104211041179,6.04532324564296,0.234804478155789,0.629227480952168,0.921026796201249,"K07A12.1"
-0.200288853048168,5.8455207138039,0.234263610258731,0.629622194028728,0.921102801757822,"F35B3.7"
0.15627501178202,6.64443221203017,0.234218275763088,0.629654983546173,0.921102801757822,"tnc-2"
0.129611639759827,7.26802456520866,0.233703537189592,0.630031037906999,0.921378127887248,"pcyt-2.1"
0.222150814987163,5.54527446699348,0.233174172433148,0.630419197516181,0.921464883204423,"tag-72"
0.237168729906605,5.42052974453202,0.23292677262947,0.630600595917382,0.921464883204423,"glt-3"
0.155910367300195,6.57353937887103,0.232691720235509,0.630771932664521,0.921464883204423,"rbm-22"
0.169006991349094,6.3516395266951,0.23234171822503,0.631028709975896,0.921464883204423,"C06H5.6"
0.18817402776327,6.01405460167878,0.232340629482195,0.631029672310633,0.921464883204423,"bub-3"
0.268626358542522,5.1816721870714,0.231754386451064,0.631461326375737,0.921820775557437,"osm-7"
-0.171117248450196,6.28847098957763,0.230709626595875,0.632228995219053,0.922662251715911,"rpn-12"
0.11066663484116,7.85747944440021,0.230286147980223,0.63254114287795,0.922662251715911,"T20H4.5"
0.239620769639093,5.49046087063828,0.230001405290854,0.632752262650101,0.922662251715911,"T01G1.2"
0.234804900503091,5.42860513223293,0.229950178880742,0.632790176304245,0.922662251715911,"stdh-1"
0.138767841498703,7.08547218042717,0.229285936167889,0.633280188736072,0.923039365218992,"C03A3.2"
-0.130902306661416,7.19644477541141,0.228828986512319,0.633618460045531,0.923039365218992,"aak-2"
0.219132600507201,5.67217226789331,0.228310181164076,0.634003662790855,0.923039365218992,"famk-1"
0.0763022488929667,9.77902646911542,0.228282836876333,0.634023279634231,0.923039365218992,"unc-87"
-0.17815533820768,6.15550609382335,0.228240557668519,0.634054856599394,0.923039365218992,"nuaf-1"
-0.247457654786701,5.27453197859594,0.227733141534622,0.634432642964531,0.923039365218992,"F23F1.4"
-0.0769841701994747,9.59291637346021,0.227448003023348,0.634643296146826,0.923039365218992,"vha-11"
0.189765897819074,5.93238504887445,0.227182872979105,0.634840880364351,0.923039365218992,"sma-4"
-0.194843678256407,6.03136435050527,0.227172052681121,0.634848823184587,0.923039365218992,"flp-16"
0.147829342388571,6.69685935137207,0.227061853128175,0.634930645922299,0.923039365218992,"C01B10.8"
-0.109176221653044,7.90332500775634,0.226507396390364,0.635343560704225,0.92336597489014,"moma-1"
0.163417091469344,6.38636249546964,0.2258702805267,0.63581902553369,0.923783270214085,"ugt-46"
-0.148461684076993,6.67991271787983,0.225376944853487,0.636187581276399,0.923887389845903,"cul-4"
-0.165867668384699,6.45520655913088,0.225125430857763,0.636375742259221,0.923887389845903,"F25B4.5"
-0.257285896169697,5.18048736685593,0.225020336470565,0.6364557574494,0.923887389845903,"pqn-51"
-0.230604177359222,5.46933298179441,0.224677275760977,0.636712029909662,0.92390656161344,"ctg-1"
-0.207906168878726,5.70436427551948,0.224498458478514,0.636845684977582,0.92390656161344,"cux-7"
-0.13622241076739,7.23522477895528,0.223802022140221,0.637367652673475,0.92416831855767,"scc-3"
0.159990443421983,6.43162736972122,0.223755167958897,0.637402940199918,0.92416831855767,"K10C3.4"
0.16241937264273,6.3822539642635,0.223122014128242,0.63787888386482,0.924398927307283,"mrps-10"
-0.182220516571385,6.10477202305017,0.223042338650226,0.637938913136626,0.924398927307283,"plc-3"
0.202463663196026,5.74410789108955,0.222346219190299,0.6384635772197,0.924885955777504,"mcd-1"
-0.191734561630633,5.89562655477051,0.222031229217868,0.638700953854066,0.924917162142273,"Y66D12A.24"
0.191950575787209,5.87388762558527,0.220962693117699,0.639508522384981,0.924917162142273,"cdd-1"
0.136502876362707,6.96191495391722,0.220553234185986,0.63981821822837,0.924917162142273,"pqn-65"
-0.157769442557724,6.5304651028159,0.220546292725417,0.639823526189996,0.924917162142273,"dep-1"
0.278431340520561,5.0353084387334,0.220517438150173,0.639846822944534,0.924917162142273,"F25G6.9"
-0.076588120078414,9.738200200118,0.220250026884562,0.640047990253845,0.924917162142273,"ubq-1"
0.178902683298105,6.06841176184562,0.220118167145165,0.640148285018155,0.924917162142273,"dcap-2"
-0.225892090145912,5.46936714862676,0.220076100680229,0.640180789391269,0.924917162142273,"F35G12.12"
0.200261906160988,5.79007299638924,0.219912927008661,0.640304250347659,0.924917162142273,"ufbp-1"
-0.174485340788619,6.12659476256736,0.219604621759745,0.640538071474351,0.924917162142273,"ltah-1.2"
0.119573072784073,7.45955203142791,0.219260688385993,0.640799286719138,0.924917162142273,"R06C1.4"
-0.0947674370112606,8.57719926106536,0.218814571509073,0.641138705003009,0.924917162142273,"cdh-4"
-0.230538800670029,5.43670915119991,0.218724908934183,0.641207903182374,0.924917162142273,"bed-2"
-0.197361702762187,5.79128930049197,0.218634159291882,0.641276536710085,0.924917162142273,"ppk-2"
-0.226263007831085,5.43637397268332,0.218415372238808,0.641443730926143,0.924917162142273,"rnp-7"
-0.190965220620571,5.84439478102097,0.218338000001247,0.641502178513356,0.924917162142273,"ZK177.8"
0.193676559514423,5.84204112278972,0.217210034866034,0.642363527899022,0.92581778533998,"cpr-3"
-0.204293698228163,5.69201164564047,0.216955679729124,0.642558204746049,0.92581778533998,"mrps-26"
-0.148145998222313,6.60016159453667,0.216564957466141,0.642856949378728,0.92581778533998,"nos-3"
0.148769680771385,6.64411935188896,0.216491832816577,0.642912980621591,0.92581778533998,"R06C1.6"
0.237392501089752,5.35577725866458,0.216214726994136,0.643126453987253,0.92581778533998,"fntb-1"
-0.0742497612592174,9.80959799062872,0.2160400359109,0.643259329753038,0.92581778533998,"tln-1"
-0.162935056857028,6.31051269371773,0.215481662240375,0.643688261159927,0.92582444566466,"T28D6.6"
-0.164397415573947,6.37422633848105,0.215085957629888,0.643992517347783,0.92582444566466,"nhx-2"
0.135777392095731,6.95012044636106,0.214819324878113,0.644197658409966,0.92582444566466,"abcf-1"
0.207581709112625,5.71964022761676,0.214576883722502,0.644384921226112,0.92582444566466,"cox-10"
0.211521844917587,5.58127522610539,0.214481347273423,0.644458722586906,0.92582444566466,"F55G11.8"
-0.126881708732171,7.17416823614767,0.214328231384994,0.644576022501664,0.92582444566466,"tbc-14"
0.177504599437109,6.24122396822022,0.213909150047365,0.644899495998094,0.92582444566466,"hir-1"
0.212350772415548,5.56764711742616,0.213802864687158,0.644982132461159,0.92582444566466,"Y64G10A.7"
0.0710015494519297,10.2191560898323,0.213668430534479,0.645085179627548,0.92582444566466,"F09B12.3"
0.226246900601557,5.46751518932294,0.213382094698422,0.645307395317391,0.92582444566466,"T26A8.4"
-0.119363005327771,7.37350175168145,0.21333846634755,0.645340220127925,0.92582444566466,"sftb-1"
0.237974474232757,5.33479093844542,0.212535458753498,0.645962916667307,0.926341586665351,"rpac-40"
0.128787236353564,7.13645675301075,0.212105797183059,0.646295008540485,0.926341586665351,"ptr-21"
-0.178340299957364,6.04585285066747,0.211580066274479,0.646703454137605,0.926341586665351,"tag-180"
-0.0538829984328892,12.8976925893023,0.211546208414376,0.646729507129099,0.926341586665351,"unc-54"
-0.136308412054476,6.95123518299377,0.21137567262118,0.646862133217972,0.926341586665351,"pkc-2"
-0.0763153332069943,9.57566113641697,0.211175415778944,0.647017832117934,0.926341586665351,"T08G11.1"
-0.156501861882909,6.38167996577215,0.211157310724579,0.647032052259949,0.926341586665351,"vps-51"
-0.222246548666654,5.41190284939276,0.210037295298277,0.64790570029581,0.926341586665351,"panl-2"
-0.0851436321531743,8.79219646562341,0.209909827246791,0.64800425333328,0.926341586665351,"nra-4"
0.0928665198293388,8.70665650287147,0.209731041163902,0.648143892837761,0.926341586665351,"T23G7.3"
0.186123285243274,5.87800198076332,0.209569680202014,0.648270391926409,0.926341586665351,"T05H4.10"
0.2293425108468,5.35472363208774,0.209443468676001,0.648369756524205,0.926341586665351,"Y61A9LA.1"
0.138955020587448,6.82101936490588,0.209417843756118,0.648388752715518,0.926341586665351,"C34D10.2"
0.0818718212361562,8.98872112447893,0.209321636593983,0.648463923690978,0.926341586665351,"gas-1"
-0.293830607255826,4.82619089470652,0.209235047316784,0.648533538962042,0.926341586665351,"gcsh-1"
0.220029285320754,5.46310738188526,0.208114668351005,0.649410548177167,0.927324232549929,"romo-1"
-0.105962376267739,7.79680365270526,0.207530551748128,0.649868506423698,0.927708097790523,"cox-5B"
-0.224796609490453,5.4138110080531,0.207235294600809,0.650101688739352,0.927770958180542,"rgs-7"
0.12272260327108,7.27435020512491,0.206562867799691,0.650630436536685,0.928158863146576,"myo-6"
-0.158674093140953,6.33692994716344,0.206408918741275,0.650751953182686,0.928158863146576,"lron-11"
-0.106404000711179,7.85632446341009,0.2054184265405,0.651534284328863,0.928846305865621,"F29B9.11"
0.0701106021308107,9.95629610475459,0.20531934143591,0.651612668396249,0.928846305865621,"tni-1"
0.0939904676745771,8.24920467625654,0.204635905155762,0.65215405806098,0.928848324587569,"hmr-1"
-0.218875695780728,5.41036735991152,0.204116858452439,0.652566887875494,0.928848324587569,"ippk-1"
-0.103398898143729,7.93514458151996,0.203903823888236,0.652735187938325,0.928848324587569,"sars-1"
0.158025275742112,6.45959688974294,0.203901509487691,0.65273714072727,0.928848324587569,"attf-3"
0.240076946639407,5.22269756132493,0.203820547599365,0.652802651352145,0.928848324587569,"adm-4"
-0.186793244348208,5.81623695048888,0.203802324667669,0.652816249011211,0.928848324587569,"lpd-8"
0.132773040540085,7.12109772406276,0.203646656294541,0.652939658140252,0.928848324587569,"rig-3"
-0.220201751168255,5.4453038859391,0.202590013786447,0.653782123533333,0.929408398763732,"hcp-2"
-0.0986855939139414,8.04575927325054,0.202513436456369,0.65384234673695,0.929408398763732,"rpl-24.2"
-0.226041633799346,5.37786830398368,0.202238305814699,0.654062969077192,0.929408398763732,"frm-9"
0.182101804025917,5.88247335129379,0.202202083988069,0.654091293074904,0.929408398763732,"F54E4.3"
-0.222070251654136,5.37646558248381,0.201300093703355,0.654813266934552,0.93011540442423,"C52A10.1"
-0.202747740069401,5.63277218759741,0.200928411823423,0.655110673147597,0.93011540442423,"acl-14"
0.0901045006944049,8.47374090100472,0.200868979711054,0.655157741546527,0.93011540442423,"iars-1"
-0.120577896798701,7.31855595676304,0.200300440593711,0.655614048444342,0.930376076152937,"F41H10.3"
0.254396872423185,5.08348092770388,0.200169424879551,0.655720712591377,0.930376076152937,"Y43F8C.3"
-0.0818583942388355,8.93675754795153,0.19811071847617,0.657378685561504,0.932016644059705,"mlc-1"
0.118576784127952,7.3115017354919,0.198069939496355,0.657411690496526,0.932016644059705,"Y111B2A.12"
0.251797499218877,5.0834110363179,0.197980181842099,0.657485681603726,0.932016644059705,"T13H5.8"
-0.131880751522566,6.95335555085379,0.197202139509624,0.658114383910768,0.932016644059705,"rbr-2"
0.124221766907422,7.253682362889,0.197068194393257,0.658222989387269,0.932016644059705,"H28G03.1"
0.247275979432004,5.11714859018015,0.196125905012603,0.658989744288809,0.932016644059705,"cdr-6"
-0.217987883355097,5.4301803470559,0.195956047862266,0.65912744073014,0.932016644059705,"ari-1.2"
-0.149799765697151,6.45797038079284,0.195504750159888,0.659494226885923,0.932016644059705,"mut-16"
-0.181421122671597,5.8755502914268,0.1954274009918,0.659557502171549,0.932016644059705,"F40F8.4"
-0.219033319401871,5.37972462079483,0.195392865472338,0.659586300519637,0.932016644059705,"lbp-1"
0.220320700719436,5.37879368643574,0.195382837393779,0.659594510140754,0.932016644059705,"C34B7.2"
0.11614041898179,7.41302512892308,0.195273625748731,0.65968257532531,0.932016644059705,"tam-1"
0.153589325242803,6.45803768452512,0.195241765864496,0.65970865726858,0.932016644059705,"fzo-1"
0.138796341035073,6.75495027705691,0.195005228506878,0.659901609068789,0.932016644059705,"rha-1"
-0.139012929784208,6.68978479309775,0.19492791477472,0.659964724175704,0.932016644059705,"T24B8.4"
0.202193046068813,5.61076000249107,0.194791021990825,0.660077125006002,0.932016644059705,"Y50D7A.8"
-0.0959776868409927,8.19815076745819,0.194457471439024,0.660349022262777,0.932016644059705,"ttr-15"
0.234846640863147,5.26299717077026,0.194361956579203,0.66042832153554,0.932016644059705,"Y46G5A.18"
0.138172909184232,6.76869068697526,0.193981943011325,0.660738173176465,0.932016644059705,"hsp-75"
-0.0859266376384871,8.939139831496,0.193855221281514,0.660841884305504,0.932016644059705,"elo-1"
-0.145910644574312,6.48449736970293,0.193660357479831,0.661001656346092,0.932016644059705,"dsh-1"
0.18709402340401,5.81934046704345,0.193592927874544,0.661057269048667,0.932016644059705,"Y40B1B.7"
0.219608972909535,5.38222331746939,0.193261652511001,0.661329552415669,0.932132601896223,"Y71H2AM.3"
0.0859456132176247,8.84286814389665,0.192637573721542,0.661841183358999,0.932585752477992,"egl-8"
-0.110934920424857,7.4500061174457,0.191663271706047,0.66264351658165,0.93308074458334,"odc-1"
0.153632831423812,6.34479268297158,0.191202076309006,0.66302427005213,0.93308074458334,"C01G10.4"
0.135790793091596,6.70725383608886,0.191162735115369,0.663056695285192,0.93308074458334,"apb-3"
0.217611768827917,5.44263992326678,0.19088793884994,0.663284619839473,0.93308074458334,"ate-1"
-0.0818587780652548,8.74152148890321,0.190856501007649,0.663309690937305,0.93308074458334,"T28C6.7"
0.084889411409079,9.05972062520236,0.190752034074859,0.663396076628244,0.93308074458334,"unc-51"
0.13563380803354,6.88916437530847,0.190597368282868,0.663524085037042,0.93308074458334,"clpp-1"
0.271133034899789,4.9318585180669,0.189028458187677,0.66482687481701,0.93441042360894,"nhr-86"
-0.140166784374006,6.56278318133628,0.188896657399548,0.66493515960651,0.93441042360894,"mrpl-38"
0.128135575579398,7.07767539801541,0.18795525038663,0.66571943317925,0.93441042360894,"F31C3.3"
-0.196065971348304,5.58617227090609,0.187904311432749,0.66576252972565,0.93441042360894,"T27E9.2"
0.128868908424805,7.00373770633571,0.187756065834396,0.665885684564472,0.93441042360894,"usp-48"
0.144168176273438,6.48814482994301,0.187538689720127,0.666067296651901,0.93441042360894,"skp-1"
0.244112239851401,5.12853485106947,0.187076793865207,0.666454718274867,0.93441042360894,"T26A5.6"
-0.153655562938567,6.27212554728403,0.186783483042946,0.666699049461533,0.93441042360894,"gck-4"
-0.262024382657117,5.06814392704972,0.186689179106035,0.666779447226821,0.93441042360894,"C27B7.7"
-0.141046250833006,6.60144437585335,0.186657245260035,0.666804728850174,0.93441042360894,"msrp-7"
0.149775194994429,6.47350024332596,0.186027621208476,0.667332798621132,0.93441042360894,"faah-2"
-0.0637078049066799,10.297482244233,0.185840921160922,0.667489463161056,0.93441042360894,"aco-2"
0.197282029486442,5.6110269153542,0.185822179226107,0.667505878650623,0.93441042360894,"algn-9"
0.107154147477895,7.62276468978182,0.185591807646402,0.667698825751789,0.93441042360894,"smg-2"
0.141789946608643,6.62347841333791,0.185579391053232,0.667709333988279,0.93441042360894,"ztf-6"
0.195404834541321,5.63543302726281,0.185526048425488,0.667754727052733,0.93441042360894,"usp-50"
0.223192297315304,5.26056318578818,0.185366348838375,0.667889582346435,0.93441042360894,"F54A3.2"
0.11462514905662,7.31341898677824,0.185149205218651,0.66807118505966,0.93441042360894,"ark-1"
-0.125233999290361,6.96461473198555,0.185127870488835,0.668089165259236,0.93441042360894,"clp-4"
-0.118048333134578,7.2619249897899,0.184889279167993,0.668290100366462,0.934425012057439,"plc-1"
0.223571755894122,5.26376007945709,0.184299782612824,0.668788394543493,0.934741716134149,"rnf-113"
-0.107608547863493,7.51570865142138,0.183689907075746,0.669302593167116,0.934741716134149,"vha-17"
0.0751858846865777,9.18724182212393,0.183662159193909,0.669326041974974,0.934741716134149,"ldp-1"
-0.201016290065023,5.52648541534505,0.183638166551714,0.669347050408843,0.934741716134149,"daf-36"
0.190974614038113,5.67777199005702,0.183493358315102,0.669469449292409,0.934741716134149,"kle-2"
0.115073282716337,7.38793913322108,0.182784643936116,0.670069414881628,0.935313170174839,"ZK822.4"
0.157270176505399,6.17313266097066,0.181709246466507,0.67098344924988,0.936121257341646,"C32H11.4"
-0.200714343407366,5.5498397068591,0.181224917495646,0.671396535777741,0.936121257341646,"B0353.1"
0.198679565690323,5.65702262416155,0.181160930148378,0.671451038277147,0.936121257341646,"ver-3"
-0.147101213881411,6.35037184545261,0.180670563107187,0.671869077374767,0.936121257341646,"ZK470.2"
0.18832590234253,5.71181931751788,0.180359206614175,0.672135557358706,0.936121257341646,"mtx-1"
-0.0750054158341493,9.03883971540223,0.180297361973346,0.672187921445065,0.936121257341646,"fat-2"
-0.184614323257105,5.70824551348907,0.18010060349819,0.672356719553885,0.936121257341646,"hsf-1"
0.171262155813463,5.92918611049253,0.179795520017659,0.672617791366898,0.936121257341646,"plrg-1"
0.142707529024448,6.44580422764232,0.179544813502625,0.672832421868488,0.936121257341646,"prpf-4"
0.213469744691548,5.40041727625472,0.179165589334232,0.673158581830474,0.936121257341646,"C48E7.6"
0.165525934544679,5.98681733058943,0.179055803292185,0.673252179257912,0.936121257341646,"syx-5"
0.120834226940844,7.02634125407393,0.178729089908429,0.673532630430762,0.936121257341646,"rbm-28"
-0.155790779454574,6.14650333342889,0.178672746592797,0.673581211721187,0.936121257341646,"F57B10.5"
0.105338690763523,7.60478333419853,0.178585593931122,0.673655987177349,0.936121257341646,"srpa-72"
-0.103609504082759,7.64809174947348,0.178566215431726,0.673672652121713,0.936121257341646,"dars-1"
-0.248641666516849,5.06245452645547,0.178533907052393,0.673701944631195,0.936121257341646,"R144.12"
-0.0908267217614995,8.26907091501272,0.177753599992926,0.674372509067362,0.936414290175153,"gpd-3"
0.05788436892097,11.1060222311153,0.177558983977605,0.67454039266891,0.936414290175153,"eel-1"
0.140969265475463,6.45370015320021,0.177490724516304,0.674599424654138,0.936414290175153,"gei-15"
0.185189796594667,5.72770532279078,0.177346348721939,0.674724469086206,0.936414290175153,"ptr-24"
0.0919731243909693,8.09059471877658,0.177056757782551,0.674974174218621,0.936414290175153,"chd-3"
-0.121940096066952,6.99821649812406,0.176952484496934,0.675064362142094,0.936414290175153,"grd-10"
-0.167507974574767,6.1045951942861,0.176632531578132,0.675341334517509,0.936414290175153,"mans-2"
-0.114746570112198,7.17742684646386,0.176518247752836,0.675440113891884,0.936414290175153,"nex-1"
-0.149551543048322,6.40554986598471,0.175735269371406,0.676119111486135,0.937038788107839,"R10H10.3"
0.220915706996742,5.26082599794296,0.175559669235659,0.676272642181804,0.937038788107839,"F11A10.5"
-0.24124800160058,5.00100459381042,0.174902036987507,0.676845028129734,0.937375015165018,"tyms-1"
0.0857902408138057,8.49398624156256,0.174839959167584,0.676897513499387,0.937375015165018,"yop-1"
-0.244389515146195,5.00927161407602,0.174409248343525,0.677274434669574,0.937576185132312,"soc-1"
-0.0780145604361038,8.86304159620218,0.173950498946476,0.677673259459933,0.937576185132312,"tax-6"
-0.0607962103089022,10.5745674792976,0.173850806848538,0.677760346739174,0.937576185132312,"ifb-2"
-0.108698744851983,7.42131549837314,0.173797026230384,0.67780737053602,0.937576185132312,"ztf-17"
-0.0901892753653427,8.15330900010209,0.172671092613654,0.678793207756095,0.938349890363129,"alg-1"
-0.121893068284394,7.07516136058635,0.172570207961334,0.678881758565412,0.938349890363129,"isw-1"
-0.211056601618973,5.39314070530597,0.172377495308878,0.67905176318078,0.938349890363129,"tbc-3"
-0.221123421668624,5.27313873278232,0.171979594372981,0.679401645353893,0.938349890363129,"ser-3"
-0.143315713274184,6.31778330745548,0.171755701322606,0.679597623266782,0.938349890363129,"aakg-2"
-0.0721875542357353,9.11428565624794,0.171653394745892,0.679687538076839,0.938349890363129,"cpz-2"
0.194641476099322,5.56025019764028,0.171633391476531,0.679705843111152,0.938349890363129,"crh-2"
0.229015342566376,5.16357494352721,0.170707602855346,0.680522718907851,0.939213262870852,"tre-3"
0.125573317079156,6.77900923442345,0.169137864428188,0.681911639320806,0.940470371263762,"cah-5"
0.178449633238892,5.75220640122184,0.16909072741894,0.681953902991443,0.940470371263762,"nhr-66"
-0.132701274130459,6.63818313841386,0.169028490293689,0.682008789110133,0.940470371263762,"ptr-12"
0.107363095876678,7.40706873876922,0.168176460398047,0.682766712831008,0.941024693168096,"Y71H10B.1"
-0.117839305794576,7.04342132664601,0.168145323354734,0.682794471556626,0.941024693168096,"farl-11"
-0.177493813266428,5.71159591848579,0.167751776969278,0.683145784797563,0.941125592542111,"rfc-1"
-0.125326792596926,6.74351699919303,0.167530342400582,0.683343043769314,0.941125592542111,"eif-1"
0.15719942802998,6.07011160326873,0.167418292063832,0.683443294726809,0.941125592542111,"rcq-5"
0.211541579193822,5.29853595605509,0.166856799062421,0.683946169183016,0.941153112227766,"Y69H2.7"
0.228796072936582,5.13769035238548,0.166853493123706,0.68394934205416,0.941153112227766,"Y17G7B.12"
0.162763497922976,5.94202131349432,0.166752374645642,0.684038908275634,0.941153112227766,"aakg-5"
-0.215852561324933,5.27832507321614,0.166516739141055,0.68425074870678,0.941180572744463,"F15D3.6"
0.13310512018018,6.53504006302159,0.166155798273031,0.684573409730981,0.941219524630944,"bckd-1B"
0.156126639049017,6.07128277300091,0.166056289195977,0.684662846867117,0.941219524630944,"morc-1"
0.105026565322907,7.56974344649743,0.165649731692393,0.685027802503213,0.941318246577251,"C34B4.2"
0.0768724443877138,8.76910305890579,0.165186458567365,0.685444534362394,0.941318246577251,"atn-1"
0.117421662462741,6.97686171403134,0.165052009942784,0.685565654405451,0.941318246577251,"seu-1"
-0.193626635008613,5.47846390030165,0.164810810139562,0.685783681526535,0.941318246577251,"pxn-2"
-0.104445671662398,7.43150395569354,0.164800678833447,0.68579211499201,0.941318246577251,"T26C12.1"
-0.211282842397406,5.23083222753896,0.164596309229197,0.685977553772242,0.941318246577251,"rnp-1"
-0.175596702740726,5.73494094765474,0.164484163738227,0.686078028850902,0.941318246577251,"F54C8.4"
-0.145347271367223,6.26051796846008,0.163654189893607,0.686827947038658,0.941501261308965,"pfd-3"
-0.155600989860094,6.10182129363018,0.163498544688691,0.686968929377895,0.941501261308965,"dkf-1"
0.080229877505911,8.45009513699009,0.163419151952691,0.687040656369035,0.941501261308965,"let-363"
-0.206673586763752,5.32652377336796,0.16326738974483,0.687179141027691,0.941501261308965,"ZC477.3"
-0.106037357648631,7.32327448550872,0.162893735287382,0.687517140345856,0.941501261308965,"trak-1"
-0.0665019127727496,9.57039230834867,0.162659622529591,0.687729699399872,0.941501261308965,"Y69A2AR.18"
-0.107600346299318,7.26751594774778,0.162551261887407,0.687828187974611,0.941501261308965,"C14B9.2"
-0.0925923689159068,7.95519565628228,0.162474446809901,0.687897986883608,0.941501261308965,"soap-1"
-0.0837033108364872,8.36488107897739,0.162429389611253,0.687938944043085,0.941501261308965,"mrp-1"
-0.10477038776187,7.36124923703148,0.162105819935325,0.688233320401725,0.941557779779022,"gmps-1"
-0.101747170114496,7.5353327067141,0.161962110340355,0.688364158672288,0.941557779779022,"F59C6.5"
0.0637006401338031,9.71210618959848,0.161271953136688,0.688993452020256,0.942155807683121,"T21B6.3"
-0.141990351117673,6.32496966576507,0.160508372764692,0.689691672971617,0.942847730191132,"laat-1"
0.172421802384448,5.75951258098809,0.160203852130036,0.689970939249354,0.942853527524334,"lgc-34"
-0.111492662636206,7.16684722510004,0.159972109081611,0.690183005627923,0.942853527524334,"eif-3.E"
-0.190132182732712,5.457298488911,0.159502515015907,0.690614840036385,0.942853527524334,"col-168"
-0.124491023471733,6.91746692317689,0.159255616238119,0.690841101586231,0.942853527524334,"ulp-4"
0.176777799172572,5.78489332197867,0.158337934998666,0.69168686909835,0.942853527524334,"col-99"
-0.127403904389285,6.60285714323512,0.158269418900923,0.691749744426794,0.942853527524334,"skih-2"
-0.14592232255468,6.30122263339514,0.158015202999224,0.691984545218,0.942853527524334,"osta-3"
-0.117707471613833,6.87209798779022,0.157833824335928,0.692152090651706,0.942853527524334,"Y57A10A.26"
0.1019533741624,7.42625206571889,0.15764086652248,0.692330509899398,0.942853527524334,"acly-1"
-0.243541886548157,4.91559998670491,0.157567839096379,0.692399625873242,0.942853527524334,"cdk-11.2"
0.226362525577075,5.13673441309531,0.157480818294861,0.69247982010015,0.942853527524334,"ykt-6"
-0.0712101842510198,8.98316553364586,0.157253736093786,0.69268888631035,0.942853527524334,"gsp-2"
-0.23675462535433,4.95029628260632,0.157245367222842,0.692698172448948,0.942853527524334,"eor-2"
-0.163484322120269,5.85137832915347,0.157240871175857,0.692701127703836,0.942853527524334,"F40A3.6"
-0.0961329769690535,7.66812688898261,0.157055103419727,0.692872990907717,0.942853527524334,"wwp-1"
0.120621220939768,6.80138956935243,0.156980620779579,0.692942099700511,0.942853527524334,"samp-1"
-0.103051090257393,7.55314941275495,0.156556728833289,0.693335473895218,0.942853527524334,"rpl-38"
-0.161044273304685,5.95024902407852,0.156426402618961,0.693456796943136,0.942853527524334,"C53A5.6"
-0.0665516610910961,9.4688125220363,0.156413864255406,0.693468186226164,0.942853527524334,"pygl-1"
-0.194082317097229,5.42064131235834,0.156337054990509,0.693540372539816,0.942853527524334,"mtp-18"
0.232848915152358,5.0300381150361,0.155930807110851,0.69391880446502,0.942963657118443,"tbc-8"
-0.191333752775902,5.43230915699935,0.155836751408008,0.694005872007661,0.942963657118443,"tbx-2"
-0.0515338234384915,11.503786305374,0.155537599114573,0.694283840764095,0.943080099404011,"eat-6"
-0.114062810156235,6.9586523423029,0.154780541842867,0.694990727518831,0.943372888776767,"rbm-25"
-0.160242714647201,5.87442112239554,0.154679869646953,0.695085131490293,0.943372888776767,"F42C5.9"
-0.0599792522640816,10.1983945324504,0.154616313117011,0.695144278169476,0.943372888776767,"C18B2.5"
-0.173908647971932,5.69753318042454,0.154483823103507,0.695268703960859,0.943372888776767,"nlt-1"
0.122757069449739,6.72597598297798,0.15384491667898,0.695867076825977,0.94385603818796,"Y47A7.2"
0.154857384245975,6.06214113561098,0.153693191368316,0.696009641208125,0.94385603818796,"C38H2.2"
-0.18407365242012,5.48862993358605,0.153334754195594,0.69634682789601,0.944052291550561,"F09E5.11"
0.0917208007507721,7.78119862535662,0.153073662358286,0.696591715590703,0.944123339312628,"T25B9.9"
0.143486221798809,6.17464943849892,0.152704422478134,0.696939578700842,0.944333876665091,"T05G5.1"
-0.18660993347802,5.50365095778818,0.152386757537332,0.697239567355242,0.944479447080216,"emc-5"
0.125337618670881,6.6148056206318,0.151916062068547,0.697683461488354,0.94465069908493,"lnkn-1"
0.0616438874375406,9.74499581772183,0.151761607887888,0.697829402072114,0.94465069908493,"asp-2"
-0.132384361105102,6.408929453637,0.151605730184067,0.697976961365661,0.94465069908493,"kin-20"
-0.0755202059342615,8.6050382931249,0.151085573660613,0.698469540091592,0.94465069908493,"pat-3"
-0.0637517514712489,10.0309298294236,0.151011798493121,0.698539492551116,0.94465069908493,"anc-1"
-0.09298162296791,7.75250983006492,0.150747654240177,0.698790143985411,0.94465069908493,"sbt-1"
0.174949059992877,5.7069605274359,0.150569904654592,0.698959419499458,0.94465069908493,"apd-3"
0.169238168746636,5.73653645779928,0.150464208214574,0.699059821422185,0.94465069908493,"stip-1"
0.2241667779846,5.06338370685866,0.150423512798164,0.699099294124016,0.94465069908493,"C16D9.1"
-0.184067337682646,5.45711833968412,0.150089181900303,0.699416759637821,0.944819390257094,"smp-1"
-0.186063625820554,5.49413023091058,0.14913634177836,0.700325224173832,0.945786130113614,"acl-5"
-0.127280961392018,6.49816703310617,0.148628096031708,0.700810604465321,0.946027074314103,"Y67D8A.2"
0.216454184890366,5.17602369720742,0.148375093960869,0.701053930271618,0.946027074314103,"cah-2"
-0.131383902776488,6.43545065835913,0.148227051536203,0.701194756992197,0.946027074314103,"plx-2"
0.125819596333165,6.54623549735536,0.148014359286222,0.70139871605252,0.946027074314103,"mrp-8"
-0.129084456911531,6.42969900183326,0.147866438707281,0.701540681554615,0.946027074314103,"unc-71"
-0.11172515219005,6.95406314994262,0.147564379857447,0.701830753853738,0.946027074314103,"R04E5.8"
-0.147875698877957,6.03500959735262,0.14754065006025,0.701853725469729,0.946027074314103,"snx-17"
-0.231567949332612,4.95265331928732,0.147122431818205,0.70225729453765,0.946310997172301,"tlp-1"
-0.098392143774364,7.43607218424014,0.146071002416174,0.70327016186374,0.947415584713442,"C01B10.11"
0.0710731790413421,8.84893571512201,0.145633622408233,0.703693319298767,0.947622749257284,"tufm-1"
-0.104750094149675,7.15962335443103,0.145386913918823,0.703932369598971,0.947622749257284,"C36B7.6"
0.0990123024269744,7.48545600061177,0.145115707825427,0.704195379849878,0.947622749257284,"cul-3"
-0.206888466902708,5.19089458306502,0.144992554098101,0.704316023443459,0.947622749257284,"H06I04.1"
-0.123978018226138,6.66933390472826,0.144915352107927,0.704389917184925,0.947622749257284,"unc-62"
0.0861261348744347,8.01358234003454,0.144561990287287,0.704733251619796,0.947824677596682,"sftb-2"
-0.173946233679534,5.57549495112971,0.142965555875774,0.706291229161993,0.948596553325187,"B0303.7"
-0.115849830035064,6.77133815670768,0.142770281380772,0.706481906557893,0.948596553325187,"F49B2.6"
0.136962042968709,6.19861029555052,0.142698554239172,0.706552280581739,0.948596553325187,"epg-2"
-0.17344168561463,5.57352490989277,0.142584485173733,0.706664457737737,0.948596553325187,"mans-1"
0.0941332732524247,7.59391766639062,0.142531865046818,0.706715493943029,0.948596553325187,"dapk-1"
-0.158873695826847,5.82536868190513,0.142393535529728,0.706851452829456,0.948596553325187,"cccp-1"
0.15506180945252,5.87673102009726,0.14232412996568,0.706919550068805,0.948596553325187,"rsu-1"
0.181369336045733,5.47685558961898,0.142152880026327,0.707088026277677,0.948596553325187,"B0495.8"
-0.129589940633612,6.34168174687738,0.142139402421354,0.70710065413878,0.948596553325187,"M01B12.4"
-0.118417280000568,6.72946317942624,0.141962755021868,0.707274116817663,0.948596553325187,"eif-2beta"
-0.185903966322228,5.39159075154094,0.141800347710323,0.707434493794808,0.948596553325187,"his-17"
-0.131279860859529,6.31884398472383,0.141158954879578,0.708065288918528,0.948837648822531,"hmp-2"
-0.200965104406192,5.22297049254229,0.14110113632271,0.708123232874186,0.948837648822531,"ppm-1.D"
0.0694227688887757,8.81289483345952,0.14085038793641,0.708369551404152,0.948837648822531,"T19D12.4"
0.118014947739291,6.68141486086793,0.14039553687571,0.708818993132419,0.948837648822531,"ctn-1"
0.185221511177184,5.45822160930063,0.139998171474554,0.709212934531999,0.948837648822531,"C05G5.1"
-0.171486151203127,5.62040151460707,0.139755245961657,0.709453413693314,0.948837648822531,"Y105E8A.14"
-0.155233199184672,5.8419331556259,0.139627836840736,0.709579576376985,0.948837648822531,"nlp-49"
-0.125040197572082,6.52535606073035,0.139590903813511,0.709615992892683,0.948837648822531,"C02B10.3"
-0.185930515352339,5.41474025759019,0.139525053751997,0.709681999263239,0.948837648822531,"D2030.4"
0.109154937106704,6.92790503135032,0.139447738584363,0.709758035043397,0.948837648822531,"mcm-4"
0.0780502599881739,8.27693445938871,0.139348190609089,0.709856836111552,0.948837648822531,"tlk-1"
-0.129630184942952,6.32553654270579,0.139079161803948,0.710124267686429,0.948837648822531,"ncbp-1"
-0.134258154071487,6.2944275307431,0.138960472656073,0.710242303453351,0.948837648822531,"ZK809.3"
-0.183626640704284,5.38455350318451,0.138670306705479,0.710531772240524,0.948837648822531,"nft-1"
-0.232729361271572,4.85419223380343,0.138640309318978,0.71056233578036,0.948837648822531,"mrps-6"
0.152134133675069,5.86753399792584,0.138491557310314,0.710709382624665,0.948837648822531,"daf-22"
-0.185411667161082,5.36163187330011,0.137923562431451,0.711276621991171,0.949336552616787,"F22B5.10"
-0.0631112484989717,9.38840682280843,0.137437663092487,0.711761657003551,0.949472876610973,"nurf-1"
-0.0708935840687821,8.84979441005903,0.137433420693344,0.71176590566739,0.949472876610973,"C25H3.9"
-0.0724055680212257,8.55973490179407,0.136871244433998,0.712329284948874,0.949836310861126,"F32A5.4"
0.0921430342831184,7.53672893593007,0.136502414461562,0.712699634718287,0.949836310861126,"W08E3.2"
-0.200882497705364,5.19763487367496,0.136352194029419,0.712851705025223,0.949836310861126,"igeg-1"
-0.0920043707909417,7.69734122224302,0.136065400801716,0.713139163486899,0.949836310861126,"pno-1"
-0.206456546725981,5.11016289148337,0.136041536566778,0.713164394423842,0.949836310861126,"ZK546.2"
0.211058417555166,5.07381383011353,0.135975967160679,0.713230385094496,0.949836310861126,"rga-9"
0.0586665151887141,9.89181014188515,0.135554408604441,0.713654105993377,0.949836310861126,"egl-3"
0.122769042327003,6.55855353244369,0.135510514750046,0.713698476349723,0.949836310861126,"ddx-23"
-0.0972553720279224,7.37941882726406,0.135409701070619,0.713800161074793,0.949836310861126,"F42G8.10"
-0.104787139242194,7.05323133635835,0.135019995371776,0.7141938862743,0.949836310861126,"yars-1"
-0.109075151954579,6.88027695873232,0.134825251458464,0.714390884492885,0.949836310861126,"pcp-1"
0.142536423643373,6.10820281319258,0.134055127277039,0.715171612922429,0.949836310861126,"mth-1"
0.0836869550971942,7.93794128851515,0.134001245266552,0.715226141456242,0.949836310861126,"asp-14"
0.0902041905050442,7.65302347962484,0.133924920741273,0.71530366489777,0.949836310861126,"saeg-1"
0.180308844231688,5.48426588464435,0.133795137884544,0.715436210176698,0.949836310861126,"mgl-2"
0.111937969364069,6.87576700159474,0.133792887313214,0.71543785471032,0.949836310861126,"tba-7"
-0.198167595020763,5.147625472147,0.133770116769942,0.715462098201888,0.949836310861126,"C34H4.2"
0.160175107615627,5.72553107727872,0.133692208206508,0.715540591823784,0.949836310861126,"nasp-2"
-0.118893677772715,6.59904072125946,0.133517792260375,0.71571763607395,0.949836310861126,"mrps-35"
0.22602580037765,4.9120634991793,0.132959398008715,0.716287641509986,0.950071303112672,"par-6"
-0.0988279604845004,7.29759495543774,0.132804300729401,0.716444708740962,0.950071303112672,"pitp-1"
-0.129816220178793,6.29896991243222,0.132773940850913,0.716475790053776,0.950071303112672,"rpl-39"
0.118169475880172,6.57092219991817,0.131927216997227,0.717341638596912,0.950230086607323,"Y48E1B.2"
0.102741829308264,7.12315007735772,0.131918277146457,0.717350751375878,0.950230086607323,"fbp-1"
-0.107967434073151,7.01505926743106,0.131879402787309,0.717390587145055,0.950230086607323,"kin-18"
-0.164531176260559,5.5672031827093,0.131717705759366,0.717556840096991,0.950230086607323,"cysl-2"
-0.188149944840203,5.41725441539055,0.131710767558639,0.71756416733813,0.950230086607323,"K10B4.3"
0.15590774062305,5.711766997446,0.131151450667178,0.71813808838575,0.950556989714182,"nhr-10"
-0.235072593085034,4.8159099750009,0.131026237073009,0.718267829150466,0.950556989714182,"Y69A2AR.28"
-0.0439387466107521,12.4342478681466,0.130351883043432,0.718960960188029,0.950556989714182,"sca-1"
-0.166360217683237,5.54418651100395,0.13035036379785,0.71896310178829,0.950556989714182,"magu-4"
-0.0645073521870633,9.01766773397195,0.129625244489538,0.719711664102396,0.950556989714182,"dpy-21"
0.171926824558361,5.51539222044887,0.129434097157667,0.719910176334604,0.950556989714182,"cdk-11.1"
0.158678723987383,5.70476187273981,0.12927136403953,0.720078560235788,0.950556989714182,"C25G4.2"
-0.176798287839939,5.39254817829052,0.129012440785711,0.720347369976784,0.950556989714182,"ppgn-1"
0.124246537666618,6.45190213279363,0.128991108593811,0.720368840471178,0.950556989714182,"cap-1"
-0.143849796092245,5.95425610871852,0.128986254751259,0.720374012829414,0.950556989714182,"nhr-105"
0.0943019697753644,7.45702638585548,0.128984100472474,0.720376036709404,0.950556989714182,"lap-1"
0.168776319342581,5.5101068212922,0.128567388666563,0.720809454394586,0.950556989714182,"sesn-1"
-0.144573107612719,5.91912433256182,0.128551585088517,0.720825496403019,0.950556989714182,"K12H4.3"
-0.124722823922924,6.42294882236661,0.12854648688788,0.72083063584073,0.950556989714182,"feh-1"
-0.177302065202483,5.38204035613123,0.128345878542314,0.721039959868151,0.950556989714182,"abhd-3.1"
0.17061287432172,5.51288688663872,0.128208836232502,0.721182480472521,0.950556989714182,"mrpl-24"
-0.13286738332028,6.19085607238719,0.127749617019849,0.721660602214097,0.950556989714182,"gcsh-2"
-0.0886557393147479,7.53456083214321,0.127644253651314,0.721770431406171,0.950556989714182,"ucr-2.2"
0.120604141528689,6.42283825358619,0.127528587251004,0.721891278151696,0.950556989714182,"idhg-2"
-0.13791100247582,6.12830907223878,0.127376006326441,0.722050733537504,0.950556989714182,"dnj-20"
-0.0774353164453994,8.20138479100738,0.127284896623269,0.722145811871877,0.950556989714182,"mrpl-12"
-0.163109587539833,5.57079251190638,0.127207308153189,0.722227465806989,0.950556989714182,"F36D4.5"
-0.0644441908334024,8.91794447301026,0.127167781460501,0.72226827740362,0.950556989714182,"gta-1"
-0.0766618222082009,8.13371423008089,0.126575650433386,0.722888465034401,0.951049340892594,"spp-5"
-0.108420250845346,6.86086460783604,0.126286440795875,0.723192010377992,0.951049340892594,"mboa-6"
0.163192088499848,5.59774095239749,0.126069641778235,0.723420282177053,0.951049340892594,"ttm-1"
-0.143684125390632,5.9341868892866,0.12573597307449,0.723770965560498,0.951049340892594,"nfm-1"
0.100617810768,7.09836155239134,0.125547140324933,0.72396962730898,0.951049340892594,"Y71G10AR.4"
0.150793447095619,5.90559938664501,0.125407095845016,0.724117476378193,0.951049340892594,"C32F10.4"
-0.208881121089648,5.08236141582727,0.125397100863709,0.724128944926111,0.951049340892594,"sup-36"
0.175976515875287,5.40673549324613,0.125106899506855,0.724434646827103,0.951049340892594,"glt-4"
-0.134416031855226,6.03333092934081,0.12476695294433,0.724793226559699,0.951049340892594,"pes-4"
0.177853015273725,5.36578436464589,0.12464406901485,0.7249237994053,0.951049340892594,"xrep-4"
0.1077726340754,6.81273421145606,0.124631295344582,0.724936559124608,0.951049340892594,"alh-7"
-0.199877860437433,5.07946277635966,0.124601627451878,0.724969110213539,0.951049340892594,"D2023.4"
-0.150722220386485,5.76305727087979,0.124023206734729,0.725581053953813,0.951461328738571,"mes-2"
-0.140292657243446,5.92797184159525,0.123427919000429,0.726213323506622,0.951461328738571,"daf-31"
-0.0860672024570074,7.66249942691184,0.123364281294932,0.726280802230459,0.951461328738571,"adr-1"
0.152484391805517,5.72556240645794,0.122689350376485,0.727000466129459,0.951461328738571,"attf-5"
0.0672686917407494,8.68331599039139,0.122311307002235,0.72740389787709,0.951461328738571,"cmd-1"
-0.115363381275425,6.60179736016204,0.122292952497075,0.727423589391236,0.951461328738571,"saps-1"
-0.12785322628852,6.15289144399912,0.122250534128574,0.727469033057831,0.951461328738571,"rsd-3"
0.13355644419885,6.2236365691472,0.122083604733643,0.727647624820609,0.951461328738571,"btbd-10"
-0.166404431458553,5.51379142087931,0.121896150946912,0.727848782418044,0.951461328738571,"mrps-2"
-0.127329101758017,6.21105241362477,0.121851183088356,0.727896506118699,0.951461328738571,"rsy-1"
0.122491989234724,6.36469749286964,0.121721709427712,0.728035246484866,0.951461328738571,"kin-29"
-0.0737375810954145,8.35765903597408,0.121290622048053,0.728497764586042,0.951461328738571,"snr-1"
0.0959372803327003,7.43735655865438,0.121049292343229,0.728757167102509,0.951461328738571,"rpl-29"
-0.106004421467628,6.79552081543228,0.120982177933174,0.72882938442305,0.951461328738571,"lev-10"
0.162964449546784,5.57881398981001,0.120964911260451,0.728848450870314,0.951461328738571,"tag-131"
0.162148890213831,5.51100098013579,0.120906199714556,0.728911701097265,0.951461328738571,"F22B7.9"
-0.0701989400639631,8.44789452504384,0.120795102877478,0.729030673341278,0.951461328738571,"pgal-1"
0.106628302337746,6.75325292804477,0.120766489195426,0.729061536136966,0.951461328738571,"pbs-5"
0.213060569468517,4.94508791678433,0.120729740684932,0.729102214153077,0.951461328738571,"R07E5.1"
-0.175285342357913,5.31516515637631,0.120469913018465,0.729381897678832,0.951461328738571,"arf-6"
0.193107389198951,5.10270441164313,0.119802555665742,0.730102895031538,0.951461328738571,"Y57E12AL.6"
-0.0654438408579002,8.72456106945575,0.119692005851332,0.730221424540773,0.951461328738571,"fum-1"
-0.116958097839937,6.4444419514013,0.119562256075182,0.730361972282807,0.951461328738571,"F35B12.3"
0.0587163444027147,9.39525329687381,0.11953297981951,0.730393591620888,0.951461328738571,"lev-11"
-0.0994236428503185,6.9763893376182,0.119481534780722,0.730449354959449,0.951461328738571,"sym-4"
0.131145478551563,6.11438989469042,0.11936713306515,0.730573461317287,0.951461328738571,"pbs-7"
-0.0874137022483992,7.47764879142085,0.11933825513649,0.730604604206242,0.951461328738571,"nhr-48"
0.093919653973999,7.2587008392831,0.119207899626385,0.730745966429453,0.951461328738571,"Y92H12BR.3"
0.13518501764741,5.99944227935089,0.119058278915511,0.73090851920223,0.951461328738571,"Y39G8B.9"
-0.107619497105146,6.73186531379197,0.118632252197275,0.731371249597615,0.951740054375289,"F55C12.5"
-0.0888135708599394,7.58352801458743,0.118429967921368,0.731591331194131,0.951740054375289,"xnp-1"
-0.109181622527199,6.65938849425644,0.118306844388602,0.731725459377055,0.951740054375289,"F35G2.1"
0.138426728515479,5.92846124692897,0.118097051522524,0.73195431042243,0.951740054375289,"cblc-1"
-0.192177780878572,5.10866889349862,0.117970864597853,0.732092808391023,0.951740054375289,"syg-1"
-0.111558225827253,6.56776756528062,0.1170711179377,0.733075530914653,0.952611320178925,"W07G4.3"
0.0887606045769299,7.36596660917418,0.116614987943097,0.733575830507693,0.952611320178925,"F32A11.1"
0.142424532583511,5.830963762847,0.116586377650995,0.733607548288503,0.952611320178925,"atg-13"
-0.19695903555933,5.0821757154491,0.11648034899922,0.73372487722908,0.952611320178925,"dex-1"
0.164717687989866,5.49733562524501,0.116471484259243,0.733734060680118,0.952611320178925,"aakb-1"
-0.126797053602909,6.1156061590937,0.116193595911738,0.734039181877598,0.952755275763329,"rom-4"
-0.0782767982887849,7.94369359124442,0.115755992312176,0.734521060825458,0.952848064810236,"agef-1"
-0.156811995272956,5.54111523780938,0.115497100279546,0.734807242757599,0.952848064810236,"ctg-2"
0.108097588450087,6.73173558866012,0.115484708374183,0.734820445197649,0.952848064810236,"Y34B4A.9"
-0.0792895366389678,7.79274585212876,0.11514006154204,0.735201251077807,0.952848064810236,"F53C11.5"
0.150351356078091,5.63975050015119,0.115037795979528,0.735314837809997,0.952848064810236,"Y71F9B.13"
0.0865917145812209,7.49923481590231,0.114901532402331,0.735465217460101,0.952848064810236,"ten-1"
0.138425588122483,5.93070401544093,0.114896980037092,0.735470494061479,0.952848064810236,"C06B8.7"
-0.0916206851372594,7.38905469841803,0.11469275316716,0.735696508733868,0.952889193382525,"alg-2"
0.114424659667808,6.51672272196635,0.114185548798007,0.73625943800005,0.953366563724986,"pssy-1"
0.197068494235751,4.99602046760603,0.112917752278915,0.737673531791738,0.954492193859298,"cal-5"
0.120404676875465,6.27659900409648,0.112857717029834,0.73773967232052,0.954492193859298,"nstp-4"
0.135992391024166,5.92579949821406,0.112777510794442,0.737829528798685,0.954492193859298,"mrpl-39"
0.0518309610314168,10.0940553185478,0.112487298182106,0.738154199050681,0.954492193859298,"mup-2"
-0.138780933294065,5.81865438551628,0.112303199209893,0.738360858292059,0.954492193859298,"sorf-2"
0.118065535765581,6.41142860166079,0.112252888630069,0.738417091862417,0.954492193859298,"tsg-101"
0.0592921582149227,9.03286292940984,0.112187013277342,0.738490902282576,0.954492193859298,"tars-1"
0.200139092487761,5.00126458356534,0.111989064753617,0.738714238052615,0.954529330255026,"lsm-5"
-0.154998243993603,5.53530925537086,0.111674036708439,0.73906777908336,0.954621125359795,"F59F4.2"
0.14316793970582,5.74011702837741,0.111511058891787,0.739251046221105,0.954621125359795,"ceh-18"
-0.113779500142031,6.36911115421404,0.111324356253279,0.73946106887586,0.954621125359795,"pqn-89"
0.125163494923156,6.12929905683081,0.111154424922079,0.73965272189043,0.954621125359795,"F56E10.1"
0.164055136045099,5.40170514622988,0.111061249221042,0.739758388887377,0.954621125359795,"Y49E10.16"
0.0934509045522702,7.16957094402349,0.110553628523177,0.740331242117477,0.95504692241497,"clh-1"
-0.126420604856832,6.07748138981364,0.110285881853061,0.740634486807632,0.95504692241497,"nlp-51"
0.108442017010234,6.60807609753678,0.110199849003695,0.740731866627214,0.95504692241497,"gcs-1"
-0.0967144168997592,6.97637678686092,0.110080458342079,0.740867184462581,0.95504692241497,"sdc-3"
0.172140508138004,5.27996185478772,0.10957100906353,0.741446459532182,0.955542533895258,"K07C5.6"
-0.0728487197266902,8.09031606815892,0.109140068047387,0.741936096880606,0.955821047357498,"F21F3.6"
0.100754677424307,6.84647246507746,0.109038141073827,0.742052303432691,0.955821047357498,"Y71H2AM.11"
-0.159637431027807,5.44996249791587,0.108779643999363,0.742347766101697,0.955950588797275,"cel-1"
-0.140568565354569,5.78753663350805,0.108135217434651,0.743084274809059,0.956461992885364,"W03A5.6"
-0.170937867444273,5.25338313339933,0.107934690165254,0.743314629410186,0.956461992885364,"gst-4"
-0.103996365446932,6.62418874821516,0.107677255305443,0.743609143622024,0.956461992885364,"iglr-2"
0.118974593330447,6.20468666866566,0.107371417601379,0.743960592579987,0.956461992885364,"F09E5.7"
-0.172471433727853,5.26057422839913,0.106924211069382,0.744476113160279,0.956461992885364,"osm-10"
-0.122276097975732,6.17394015240266,0.106821711849914,0.744593533300972,0.956461992885364,"acl-1"
-0.120964769465106,6.25187405726059,0.106596891258767,0.744852896151318,0.956461992885364,"dgk-1"
-0.170004754425237,5.24697470391413,0.10652845159622,0.744932679319369,0.956461992885364,"ZC13.1"
-0.133832652074973,5.83390917465949,0.106520284588963,0.744941504491349,0.956461992885364,"Y57G11C.3"
0.15673021376285,5.43721149820952,0.10628469354944,0.745214135086279,0.956461992885364,"C06A1.2"
0.109762597096437,6.53857086707243,0.106062247819506,0.745470911526754,0.956461992885364,"Y37E11AM.3"
-0.0793446111826703,7.59080259477969,0.105949928682917,0.745600912927706,0.956461992885364,"mrck-1"
-0.114775405599309,6.2917181947619,0.105901080395991,0.745657593390542,0.956461992885364,"F53A10.2"
0.16654929333094,5.31062697535073,0.105898807392152,0.745660917418582,0.956461992885364,"madf-5"
-0.147398576396564,5.62309850741549,0.105758434160888,0.745823254150445,0.956461992885364,"lron-3"
0.187076592114583,5.13367087942278,0.105723026471354,0.74586485683721,0.956461992885364,"C49H3.3"
-0.169366642992459,5.27848641108473,0.105371146427092,0.746273146026958,0.956735436817101,"F53A9.6"
0.165944968845029,5.39869860263451,0.10444375739118,0.747353110844794,0.957130509861315,"tbc-13"
0.149477033669466,5.54157078937681,0.104371725766254,0.747437069307587,0.957130509861315,"Y82E9BR.18"
-0.160186042383602,5.41793360614637,0.103964777920179,0.747912995856537,0.957130509861315,"shc-2"
0.0843723601555705,7.41304693089385,0.103927386205968,0.747956135217405,0.957130509861315,"jac-1"
0.0931802401877194,7.08419326504271,0.10389742625307,0.747991224320285,0.957130509861315,"gob-1"
-0.103277687233211,6.74050942851777,0.103852554880364,0.748043788906786,0.957130509861315,"T24B8.3"
-0.120428329603224,6.10448142400774,0.103671663862068,0.748255849785521,0.957130509861315,"acin-1"
0.0684932113005701,8.17930439850576,0.103565073198409,0.74838069732455,0.957130509861315,"rla-2"
-0.0704432610062885,8.0713278038066,0.103416744357155,0.748554753680447,0.957130509861315,"oaz-1"
0.0671009734556841,8.28272491697983,0.103399062224511,0.748575510291681,0.957130509861315,"kin-1"
0.0781059930844372,7.68895150078683,0.103211899101667,0.748795361164064,0.957130509861315,"mrpl-44"
-0.15188008320739,5.47558724172864,0.10296701307415,0.749083899463532,0.957130509861315,"ckc-1"
-0.139928372872164,5.71372836732139,0.1029377999821,0.749118048390946,0.957130509861315,"R05D7.1"
0.186481481789446,5.10625707693179,0.102378757837117,0.749777637273056,0.957723778860506,"lin-17"
-0.0845054204421266,7.35177942433277,0.10207667688445,0.75013354836251,0.957734642803378,"gar-2"
-0.149379042308187,5.50423141506357,0.101795751698187,0.750466479787868,0.957734642803378,"par-4"
0.0618430643123105,8.68235660301121,0.101778204067061,0.750486726087248,0.957734642803378,"Y66H1A.4"
0.120933576161608,6.24929598729182,0.101665487899227,0.750620381304444,0.957734642803378,"mdt-8"
0.166543475942783,5.31258950402593,0.101486960190696,0.750832694806986,0.957734642803378,"ttr-44"
0.103199254140204,6.57521870306069,0.100979699337326,0.751434514061463,0.957734642803378,"pho-11"
0.106842983551396,6.42778449147243,0.100631980432753,0.751848523093381,0.957734642803378,"vps-11"
0.147701200495219,5.61989450467669,0.100554614916797,0.751941108550817,0.957734642803378,"ser-4"
0.172094590742522,5.17583662692522,0.100435224175037,0.752083956104679,0.957734642803378,"ugt-11"
0.128219658292901,6.01181186319119,0.100336548740686,0.752200992166279,0.957734642803378,"inx-3"
-0.090169391013289,7.03682859606068,0.100325373772956,0.752214162042009,0.957734642803378,"Y87G2A.19"
-0.105623283502775,6.48457748898282,0.100190202086793,0.752375622101522,0.957734642803378,"F55H12.3"
0.105718306210097,6.51873940694231,0.10018920231459,0.752376815624162,0.957734642803378,"Y63D3A.8"
0.102181631794093,6.62544663452385,0.0999956994577494,0.75260808869273,0.957734642803378,"hpo-27"
0.0964935184097083,6.85301689672091,0.0998136106401773,0.752825936049069,0.957734642803378,"F10G7.9"
0.082407395180704,7.45019083310776,0.0992439385495713,0.753508931562469,0.957734642803378,"ppfr-1"
0.0535728986290453,9.47385991617296,0.0992387273064278,0.753515170807414,0.957734642803378,"F23H11.5"
-0.167522157721587,5.2873219609916,0.099149523976454,0.753623115621433,0.957734642803378,"mrps-28"
-0.09393107740643,6.96776445227973,0.0990006786360872,0.753801267744576,0.957734642803378,"C44B11.4"
-0.0754957189718774,7.66742313920133,0.0986620334904873,0.754208844171427,0.957734642803378,"ceh-38"
0.113758151723004,6.26433294957477,0.0986042128466879,0.754278621026469,0.957734642803378,"hda-1"
-0.117213900599822,6.15444861485707,0.0985080286609662,0.754394585360782,0.957734642803378,"gly-20"
0.153394136893951,5.46734822151666,0.0983409918801397,0.754596551277674,0.957734642803378,"prx-19"
0.182102866512105,5.03872513226677,0.098281661089883,0.754668592444833,0.957734642803378,"inx-1"
-0.083723807928361,7.34353009946062,0.0981836131606357,0.754786000485073,0.957734642803378,"maph-1.1"
-0.100903735002332,6.563057341517,0.0980294840445063,0.754972308665279,0.957734642803378,"pat-6"
-0.0831916652306369,7.28134569678055,0.0977163753242373,0.755351154443114,0.957734642803378,"cisd-1"
-0.0772177059613637,7.54195737618002,0.0976903186872936,0.755382708027275,0.957734642803378,"unc-115"
0.136688108505274,5.70184418781913,0.0975384433475585,0.755567119666867,0.957734642803378,"gbb-1"
-0.128137951732488,5.85863503547369,0.0973921244513457,0.755744451679607,0.957734642803378,"fem-2"
-0.0853376802357297,7.15805334968837,0.0973139532586024,0.75583910342342,0.957734642803378,"pqn-15"
-0.0750098909087527,7.65088783654078,0.0970198684164949,0.756196374636356,0.95788038343537,"mak-1"
0.107219457616457,6.43558075797184,0.0967082426214033,0.756575691699021,0.95788038343537,"Y53F4B.18"
0.0681540278415682,8.02667690732928,0.0967057187858207,0.756578688132384,0.95788038343537,"itx-1"
-0.171601231195139,5.20101158729704,0.096577941098739,0.756735267239971,0.95788038343537,"aha-1"
-0.127188653548618,5.87709100506168,0.0962519219290862,0.757132388545434,0.958043343149222,"sel-8"
0.05920458864722,8.63727401431891,0.096151651230773,0.757254646562596,0.958043343149222,"set-16"
0.0806789892383685,7.33683713227336,0.0957167186596335,0.757786782323534,0.958469357219425,"cyld-1"
-0.110401895303073,6.26314919165043,0.0954924268514668,0.758061794326782,0.958570018348252,"ubc-7"
-0.162667088849371,5.3005229223326,0.0953172623460328,0.758277385426178,0.958595509153454,"Y116A8C.9"
0.111285075081923,6.24241674546032,0.0950598582482611,0.758593035653226,0.958622282149918,"eea-1"
-0.100167564988178,6.5547808360878,0.0949814268950272,0.758689439206112,0.958622282149918,"snx-14"
0.132697570393199,5.79168732260103,0.094413719992842,0.759389200145221,0.958911743473959,"hyl-2"
0.167261825816137,5.18722108088884,0.0941952869525818,0.759659538345528,0.958911743473959,"ect-2"
-0.163416019836191,5.20167390017779,0.0938511467377204,0.760085232726767,0.958911743473959,"nas-11"
-0.143428651331955,5.59332751948992,0.0937774702723938,0.760176045019831,0.958911743473959,"Y53H1B.2"
-0.070396910814347,8.04297666475049,0.0936441742230039,0.760340806285725,0.958911743473959,"abt-2"
-0.102218092134341,6.50044489224775,0.0936068365169896,0.760387162769279,0.958911743473959,"F17H10.1"
0.0535863345381844,9.24652243203717,0.0935198364517848,0.760495003165695,0.958911743473959,"let-711"
-0.0914797337562617,6.86866543112618,0.0933685608135806,0.760682805822711,0.958911743473959,"ctl-2"
-0.12864380568456,5.78221447416007,0.0927807948692419,0.761414168204459,0.958911743473959,"tbc-7"
-0.148755739049181,5.4339332353476,0.0926402157624229,0.761589708352928,0.958911743473959,"W03F8.3"
0.134738360747852,5.68748715484669,0.0924400343195015,0.761839301171223,0.958911743473959,"mec-2"
0.0641526274618227,8.59422657548311,0.092411795720229,0.761874180150903,0.958911743473959,"unc-1"
0.102266219990185,6.43326340899901,0.0920746273461287,0.762295725788014,0.958911743473959,"egal-1"
0.149880061296487,5.42448852785085,0.0918807128637649,0.762539033243426,0.958911743473959,"ubxn-1"
0.101886342353289,6.57208496288968,0.0918710205328718,0.762550627352529,0.958911743473959,"ZK1321.4"
0.143336313355205,5.602276986759,0.0918420504304615,0.762587304495739,0.958911743473959,"nlr-1"
-0.120418342678763,5.92790609413191,0.0916418462896364,0.76283807020905,0.958911743473959,"F07F6.4"
-0.115149233297961,6.09361971911904,0.0915253010044879,0.762984264845415,0.958911743473959,"cwc-15"
-0.0786370503593338,7.39688598926388,0.0914919687202459,0.763025984367386,0.958911743473959,"osm-11"
0.145256196523885,5.49400897937362,0.0913687006283627,0.763181343186631,0.958911743473959,"klu-2"
0.173220791369511,5.04284764281162,0.091367190811452,0.763183679654802,0.958911743473959,"C35E7.2"
-0.0972700681992991,6.57206829082928,0.0913379855155537,0.76321945902596,0.958911743473959,"bicd-1"
-0.086245778520352,7.19232980293513,0.0905245185265007,0.764244257752262,0.959723798013969,"dap-3"
-0.134893926324493,5.6347635431067,0.0904135055076998,0.764384863374049,0.959723798013969,"alkb-8"
-0.0957745253728054,6.66645865436362,0.0901958849128366,0.764659735237638,0.959723798013969,"M106.3"
-0.106751036797924,6.25492631424046,0.0900294297808586,0.764870532514435,0.959723798013969,"gck-2"
0.113933166255618,6.07575586484552,0.089830161861612,0.765123155039088,0.959723798013969,"Y48G10A.3"
0.0725087933479266,7.64069084768715,0.0897764174389892,0.765191176941305,0.959723798013969,"unc-43"
-0.120949910254018,5.8946197128683,0.0897417022586789,0.765235427937336,0.959723798013969,"aakb-2"
0.162227547547601,5.18885901454705,0.0894752829549346,0.765574407277771,0.95985916776222,"hpo-28"
-0.0958610381011404,6.61069811092618,0.0893485481083692,0.765734744842725,0.95985916776222,"C14H10.3"
-0.0838067864851753,7.15160491170949,0.0890793137673144,0.766077449891003,0.96004340616131,"mix-1"
-0.103699395654949,6.3418023165376,0.0885224084422063,0.766788252996497,0.960465182758174,"rbg-2"
0.0769655039010151,7.41303763386879,0.0883629156405061,0.766992179742214,0.960465182758174,"tpa-1"
-0.134808827190711,5.58375815293306,0.088109907542292,0.767316605831137,0.960465182758174,"ctbp-1"
0.0884403027243325,6.85594875920455,0.0880509364610933,0.767391817051666,0.960465182758174,"sptl-2"
-0.0501357995412295,9.28909630185342,0.0880499209995082,0.767393078741954,0.960465182758174,"casy-1"
0.111138546024979,6.08351709543518,0.086973924427119,0.768777439282789,0.960853498861158,"inx-17"
-0.0437860743638226,10.2616155635646,0.0867119535575763,0.769115696394629,0.960853498861158,"unc-70"
-0.11958719108801,5.87290891640663,0.0866019357406013,0.769258211021353,0.960853498861158,"mogs-1"
0.0610850630679224,8.29004269710856,0.0865977760018332,0.769263372644239,0.960853498861158,"gtl-1"
0.130423658407233,5.68098484934639,0.0864749700604271,0.769422687611259,0.960853498861158,"sec-15"
-0.0858380006999432,6.95472862412737,0.0860885296726644,0.769923320618748,0.960853498861158,"unc-96"
0.131938975965776,5.62830842560083,0.0859327037075664,0.770126048083521,0.960853498861158,"B0491.7"
-0.0847401684683952,7.00068697310461,0.0859170062924607,0.770146068852405,0.960853498861158,"hipr-1"
-0.0713994912496114,7.66994260130881,0.0858616692114388,0.770217965217478,0.960853498861158,"mml-1"
-0.106765358436454,6.18671133943147,0.0856624658622284,0.770477162792049,0.960853498861158,"ZK484.3"
0.141199679621358,5.50000826995173,0.0856601346353416,0.77048060111823,0.960853498861158,"mppb-1"
-0.0850862911038097,7.04587469992742,0.0853906723937943,0.770831107478384,0.960853498861158,"sur-6"
-0.0840179563322345,7.04851322884875,0.0850738382884069,0.771244582874688,0.960853498861158,"F27D4.4"
0.0841763033457666,7.24439816263361,0.0849616533648839,0.771391181661201,0.960853498861158,"T04B8.5"
0.075658045667213,7.4574544008122,0.0849000040209686,0.771471784202045,0.960853498861158,"scp-1"
-0.110072461750998,6.07740256935735,0.084642675563284,0.771808720396979,0.960853498861158,"abl-1"
0.10034001243594,6.33725998214663,0.0841179505457581,0.772497194726122,0.960853498861158,"lin-49"
-0.0432465528448783,11.0110018288335,0.0840933694792952,0.77252941044042,0.960853498861158,"ctc-1"
0.0683886178994823,7.85062505378942,0.083951407299489,0.772716128860044,0.960853498861158,"T14G8.3"
-0.146677897881972,5.38916404258985,0.0835510501914968,0.773244204848911,0.960853498861158,"T05E7.3"
0.152246281654483,5.21974552535242,0.0834576962540979,0.773367573423031,0.960853498861158,"cdc-73"
0.12030063666205,5.85270249832054,0.0833965274843994,0.773447794604225,0.960853498861158,"tag-77"
0.088791538000544,6.75269313636084,0.0832794475194498,0.773602252832859,0.960853498861158,"rsp-1"
0.0939476860956399,6.52479738669401,0.0830946935358885,0.773846579385239,0.960853498861158,"cls-1"
-0.0931481913967925,6.58860351478581,0.0830557560526178,0.773898095885822,0.960853498861158,"pola-1"
0.09976234915965,6.42154709573471,0.0830528262686777,0.773901997421541,0.960853498861158,"unc-33"
0.138757864089795,5.48506639904843,0.0827941160456622,0.774245124574507,0.960853498861158,"T14G11.1"
-0.181995053521702,4.8417723809524,0.0827526326172289,0.774300721124907,0.960853498861158,"his-8"
0.044998172564671,9.8809978710129,0.0826507644047676,0.774434741186915,0.960853498861158,"F41C3.5"
0.0636144447787767,8.49167097795784,0.0824370991558486,0.774718472804372,0.960853498861158,"gck-3"
-0.0900244905498998,6.68800838586561,0.082324840096358,0.774867747240591,0.960853498861158,"pan-1"
0.107790470886679,6.21969478765001,0.0822965005354392,0.774905503033582,0.960853498861158,"arx-1"
0.112348536472877,5.98460402133259,0.0822686112324389,0.774942676222161,0.960853498861158,"mig-1"
0.15645895624347,5.22748557686049,0.0822581468268578,0.774957192690404,0.960853498861158,"algn-5"
0.0463498486833736,9.59352065949861,0.0820573031329607,0.775223788170012,0.960853498861158,"ifg-1"
-0.0918100215187027,6.68112841349929,0.0820411159705175,0.775245402544844,0.960853498861158,"K11H3.3"
-0.155821040145794,5.17693053949005,0.0820340514979689,0.775255617957175,0.960853498861158,"rabx-5"
-0.0574625495950779,8.44385341103196,0.0818942304013428,0.775441149023671,0.960853498861158,"fat-1"
-0.0507489497401807,9.04321747843871,0.0817321083891435,0.775657468738984,0.960853498861158,"par-1"
0.157781720268408,5.20956609170315,0.0814917797935583,0.775979356501481,0.960853498861158,"C50D2.5"
-0.0670315923473612,7.83723387096869,0.0813936698301975,0.776109810883634,0.960853498861158,"lin-59"
-0.179010968262088,4.87735142526736,0.0813519216977487,0.776166765945583,0.960853498861158,"mpst-1"
-0.140051761403211,5.52194376578072,0.081131693850475,0.776461091867681,0.960853498861158,"ifd-2"
0.145851440397723,5.38474607739623,0.0809897685067631,0.776651580634633,0.960853498861158,"C16C10.8"
0.0601069439066867,8.20937212723557,0.0809453624077414,0.776710554469528,0.960853498861158,"B0491.5"
0.0667343225463498,7.79365172475329,0.0809020976036811,0.776768630574228,0.960853498861158,"K12C11.1"
-0.0870825663620925,6.78077800822118,0.0807966328056276,0.776910290822294,0.960853498861158,"ttr-18"
-0.0795098475983892,7.11131219708634,0.0804939807916118,0.777317262867996,0.961114488118861,"ain-1"
0.140447921692996,5.38642487310869,0.0802063829992555,0.77770536140884,0.961352015552005,"C37C3.12"
-0.0716496132582973,7.46371518182824,0.0798222715237863,0.778223491372117,0.961656895225385,"mccc-1"
-0.111634712831115,5.99308639469466,0.0793295584426148,0.778891009012361,0.961656895225385,"abts-4"
0.113121025462379,5.91275623379991,0.0792958625876475,0.77893678426757,0.961656895225385,"cogc-4"
0.0881499409840577,6.77447727064876,0.0790634656802907,0.779252235649693,0.961656895225385,"spl-1"
0.0836280596778181,7.08267718473549,0.0789475877605908,0.779409784228891,0.961656895225385,"hlb-1"
-0.0792246416607934,7.10946188912721,0.0788855694529661,0.779494162642682,0.961656895225385,"spr-4"
0.152220735800781,5.26253095039624,0.0788285920989743,0.779572421225048,0.961656895225385,"ZK154.4"
-0.0441544865314935,9.80626928523475,0.0786136528449585,0.779864522563942,0.961656895225385,"hif-1"
-0.116077844478762,5.91028651205379,0.0785714882555983,0.779922213409899,0.961656895225385,"Y45G12B.2"
-0.0783752019815407,7.18404903209189,0.0783925393049047,0.780166242196224,0.961656895225385,"rod-1"
-0.0850561292184625,6.79344045487398,0.0782307425730122,0.780387311935793,0.961656895225385,"mcm-6"
-0.125887306520155,5.60626372066054,0.0782036113088931,0.780424740502822,0.961656895225385,"amph-1"
0.134877884317357,5.48006979218152,0.0781252700911152,0.78053202703468,0.961656895225385,"nlf-1"
0.0900982399706164,6.66584659267613,0.0779822610558936,0.780727288628293,0.961656895225385,"npp-5"
0.136807752762731,5.38813532406106,0.0776067750259787,0.781242678965801,0.961656895225385,"F45E1.4"
-0.131448922761101,5.62743873057627,0.0773586032709794,0.781583458891234,0.961656895225385,"pqn-35"
-0.101409265882506,6.22659333845866,0.0771090030236711,0.781926764877926,0.961656895225385,"pas-4"
0.1479888085161,5.25657238718659,0.0767983461698852,0.782355838738755,0.961656895225385,"taco-1"
-0.118686852247179,5.71224665615029,0.0766964136945726,0.782496204219048,0.961656895225385,"F53F8.4"
0.0523267870765646,8.74523745046681,0.076530052729889,0.782725896566,0.961656895225385,"ddx-17"
-0.153703480384069,5.13445605080587,0.0764434354229808,0.782846614588782,0.961656895225385,"die-1"
0.0851552221239278,6.74189356694524,0.0764008329124344,0.782904769676056,0.961656895225385,"rpn-8"
-0.071349626114012,7.47289003549817,0.0763784799239403,0.782935691167129,0.961656895225385,"T08B1.1"
0.0877506690247724,6.82238735743624,0.0761248476718464,0.783287253514393,0.961656895225385,"ZK418.5"
0.114533852301962,5.83333251916784,0.0758736125819689,0.783636296544008,0.961656895225385,"papl-1"
0.0906015730949047,6.64008055612206,0.0758075794480615,0.783727892368114,0.961656895225385,"T28D6.5"
-0.0675474639779774,7.66049240974866,0.075785638828121,0.783758359595693,0.961656895225385,"dre-1"
0.0665810564611094,7.65549575825199,0.0757197993106271,0.783849937326178,0.961656895225385,"tmem-131"
0.061018698741887,7.97710753863627,0.0755802976492886,0.784044109925815,0.961656895225385,"hpo-8"
0.111357155490353,5.98789092243585,0.0755641923688816,0.784066710151235,0.961656895225385,"pgam-5"
0.0722904442091352,7.38533212124576,0.0755317213636075,0.784111780631313,0.961656895225385,"Y54E10BR.4"
-0.0715701012207593,7.35388497276513,0.0754498954342266,0.784225806503882,0.961656895225385,"sos-1"
0.0729833824775428,7.36984422628686,0.0748435582313127,0.785072827240608,0.962454940668628,"unc-40"
0.070717522242727,7.45542347634558,0.0741859878929128,0.785995597839425,0.962777490354773,"Y48A6B.3"
-0.0999474602193129,6.20283407873014,0.074015569915999,0.786235554637046,0.962777490354773,"ace-2"
-0.0758985937018708,7.17734476162391,0.0739970511370496,0.786261553752183,0.962777490354773,"lex-1"
0.108332598937556,5.92902269868673,0.0739148406554175,0.786377565754464,0.962777490354773,"vps-35"
0.15442605887014,5.08426006405595,0.0736764571755434,0.786714492519573,0.962777490354773,"sbds-1"
-0.141437539207795,5.3115915246263,0.0735050794198622,0.786956404610143,0.962777490354773,"glb-1"
-0.084637032533721,6.70596059519645,0.0732605211241873,0.78730181926482,0.962777490354773,"snx-3"
0.126770088596431,5.53231570204012,0.0730440007831512,0.787609097527304,0.962777490354773,"tppp-1"
0.0918972824107471,6.50627784855106,0.0729733522819754,0.787708945511042,0.962777490354773,"B0303.4"
-0.0940550158692802,6.37899172203257,0.0728066958183799,0.78794561253804,0.962777490354773,"ZK822.5"
0.135958662210443,5.38381485272534,0.0727894925847941,0.787970565798923,0.962777490354773,"pms-2"
-0.064841273109013,7.66107457321688,0.0724813721462724,0.788408354917929,0.962777490354773,"nra-2"
-0.0924573087873207,6.45282295486965,0.0723154796132652,0.788644838290339,0.962777490354773,"rga-4"
-0.0808704222524664,6.89354640645937,0.0723043086658667,0.788660736340337,0.962777490354773,"dod-6"
-0.0758395977656854,7.04863402589395,0.072157343404031,0.788870443840047,0.962777490354773,"cit-1.2"
0.103114126142626,6.03637369334694,0.07214173564977,0.788892861482704,0.962777490354773,"C34C12.8"
-0.0844314133194353,6.75587493653615,0.0720628991930602,0.789005347420383,0.962777490354773,"cpr-8"
0.0573495484933904,8.29243985654828,0.0720344564222639,0.789045952842429,0.962777490354773,"wdfy-3"
-0.0887977788201738,6.54489877124617,0.072020923946931,0.789065343777001,0.962777490354773,"R74.7"
0.0516972210396699,8.64030831588599,0.0716835010670084,0.789548139773432,0.962968814099101,"sel-2"
-0.148538070263349,5.12804899907012,0.0713421076258144,0.790038748074582,0.962968814099101,"gar-3"
0.150925955919755,5.09314222443355,0.0712928866638178,0.790109467446661,0.962968814099101,"Y67H2A.2"
-0.126002229718334,5.48769562780471,0.0711821951235429,0.790268217509704,0.962968814099101,"W02A11.1"
0.113164070253013,5.83672491818813,0.0710333032054415,0.790482251179823,0.962968814099101,"K02C4.3"
-0.0807259540771658,6.79984389266551,0.0709687308235701,0.790575047056067,0.962968814099101,"arx-3"
0.0733179967766924,7.15273138937363,0.0709538883882304,0.790596414755775,0.962968814099101,"spl-3"
-0.0893789893424467,6.44405871006643,0.0707006066560132,0.790961704073602,0.963141336325262,"T08A11.1"
-0.113725925259392,5.70796434927414,0.0703404432507168,0.791482511487223,0.963141336325262,"Y67D8C.9"
0.116509755480891,5.71435896121309,0.0703013958395345,0.791539059891681,0.963141336325262,"tac-1"
0.0911528716896061,6.35420104974265,0.0701503973359689,0.791757574883439,0.963141336325262,"M01F1.4"
-0.0728642023581918,7.218103067816,0.0700829257405322,0.791855338604889,0.963141336325262,"ostd-1"
0.150249275860683,5.08315736329344,0.0700415192893557,0.791916209867438,0.963141336325262,"mrpl-49"
0.0996826058534264,6.12843769164837,0.069901485394804,0.792118760779232,0.963148865052586,"frl-1"
-0.121755397982232,5.5498805497827,0.0696953455008687,0.792418636408481,0.963274699277225,"T19C3.4"
0.0859277824595627,6.59446718204553,0.069490277947312,0.792716806373476,0.963398398231392,"rsd-6"
0.10117597319117,6.10269434554996,0.0690672265531398,0.793334213837772,0.963900755465343,"nhr-35"
-0.11911035747316,5.63467526549562,0.0688101377884168,0.793710557181244,0.963900755465343,"Y40B1A.3"
0.0466693430379512,9.09526685970369,0.0683692126460672,0.794357078150102,0.963900755465343,"ipgm-1"
-0.0485408988422833,8.92370723984017,0.0682178356326195,0.794579670110395,0.963900755465343,"brp-1"
0.0502492337216996,8.67311674031801,0.0681547966681983,0.794672444003496,0.963900755465343,"lpd-3"
-0.0408649187953284,10.0572130293788,0.0676789424967334,0.795374230474604,0.963900755465343,"mdh-2"
-0.0374384266611639,11.0816354316407,0.0676535902360719,0.795411692721493,0.963900755465343,"unc-89"
-0.0466917600857403,8.99544630221171,0.0676117986001736,0.795473468033227,0.963900755465343,"iff-2"
-0.14492274148084,5.08191743729414,0.0675946922070438,0.795499613663792,0.963900755465343,"wrm-1"
-0.0928419021396116,6.36002572849014,0.0675336687091024,0.795589081697637,0.963900755465343,"nlg-1"
-0.10672130451739,5.83950359517058,0.0674471028281207,0.795717313236553,0.963900755465343,"tufm-2"
-0.0811084777365042,6.73260053105028,0.0673928704578831,0.795797439547144,0.963900755465343,"C29F7.3"
0.117065310201581,5.71508855791569,0.0672212088216266,0.79605208221425,0.963900755465343,"toca-1"
-0.131862228781702,5.29820725556369,0.0671910588249008,0.796097132474706,0.963900755465343,"clec-17"
-0.0832705788974423,6.72816814943613,0.0671530597943376,0.796152916893413,0.963900755465343,"prp-21"
0.0548307825891897,8.23502541464075,0.0670711948349654,0.796274385554652,0.963900755465343,"hlh-11"
-0.0569334246121652,8.04904934794895,0.0668477982716303,0.796606358978495,0.964064690547624,"unc-80"
-0.0784693950790418,6.85753646103157,0.0665348195762445,0.797072477382009,0.964390848929146,"jmjc-1"
0.125417424703671,5.53366579891532,0.0663713474175227,0.797316781525515,0.964448535975993,"arrd-6"
0.0609357070176597,7.85695174211203,0.0660248272973509,0.797834450361765,0.964759748689677,"spat-2"
-0.121977961379768,5.49728252387728,0.0659363202431385,0.797967441474826,0.964759748689677,"ZC116.3"
-0.0976266908594836,6.05511116191542,0.0655868919584179,0.798491420052134,0.964823403143517,"Y54G11A.7"
0.0512196794374412,8.43797041028724,0.0655100209967871,0.798606827718748,0.964823403143517,"mpz-1"
-0.0681802419803784,7.34374085626043,0.0654000741615627,0.798772217219041,0.964823403143517,"Y48G8AL.13"
-0.0928216075127448,6.18820167808081,0.0653770854706648,0.798806899116375,0.964823403143517,"fecl-1"
-0.0849683466256369,6.5268192040353,0.0650998423007592,0.799224603673846,0.965090271053721,"unc-103"
-0.128871584964032,5.30089705090365,0.0649664206905559,0.799426544253699,0.965096529550676,"pafo-1"
0.111880734412662,5.6721359488652,0.0640507402030104,0.800814306632216,0.966325280111267,"ilys-4"
0.112550416855332,5.67050225901315,0.0639891406439543,0.800908062384883,0.966325280111267,"mrpl-19"
-0.0789952478477672,6.71483977761492,0.0639053488711159,0.801035390200288,0.966325280111267,"cul-2"
0.15515126049,4.92512140370787,0.0636658963254697,0.801401361413773,0.966529057716882,"F08F3.4"
0.0697745580647306,7.14296601576773,0.0633686321686175,0.801854877056508,0.966696078543715,"M01E5.3"
0.0610822615329722,7.7342160790755,0.0633169217460503,0.801934015003951,0.966696078543715,"ifp-1"
-0.081574661102834,6.55809500646791,0.0631325496994061,0.802216546810215,0.966799057028035,"che-10"
-0.136922787407403,5.24653947986694,0.0624339845732743,0.80329149060742,0.967784494676642,"T04G9.4"
0.0584948405480298,7.83158566680326,0.0622385931717322,0.803592460349048,0.967784494676642,"npp-8"
-0.066482547906309,7.34949266373738,0.0622167978596921,0.803626146140257,0.967784494676642,"tub-2"
0.0794459189149425,6.62293944481267,0.061480352774364,0.804767822104535,0.967955298619364,"ifd-1"
0.0571493130884766,7.97627199487627,0.0612114366558212,0.805186465654636,0.967955298619364,"Y38E10A.22"
-0.0952873494082135,6.06908943049138,0.0611569264168167,0.805271573826883,0.967955298619364,"Y57A10A.13"
-0.075878833756669,6.83886993044462,0.0611355894454463,0.805304757919646,0.967955298619364,"lmd-3"
0.111133490501774,5.64221842305623,0.0608894071654001,0.805689458406954,0.967955298619364,"W02B12.11"
-0.0894568816072442,6.23743032931503,0.0608200245299995,0.805797700390551,0.967955298619364,"Y119D3B.12"
0.0787682273550182,6.60491465437584,0.0608166574810528,0.805802927536681,0.967955298619364,"eif-3.F"
0.0838568496968592,6.52099589468522,0.0605468471050183,0.80622544793517,0.967955298619364,"cyk-3"
-0.0691735502787236,7.12169522303723,0.0603440249633947,0.806543681975955,0.967955298619364,"prp-19"
0.0602463591550157,7.62049488933974,0.0603207146191274,0.80658028623868,0.967955298619364,"cdc-42"
0.114308387469627,5.53453770947535,0.0601444636810936,0.806857772198935,0.967955298619364,"lron-5"
0.0853527490399667,6.33706324508633,0.0600885990722591,0.806945362524373,0.967955298619364,"M03C11.8"
0.0875465974387411,6.25586122058704,0.0600619535794781,0.80698732456255,0.967955298619364,"F37C12.3"
-0.118280458840918,5.46697920367234,0.0597703941456589,0.807447331175559,0.967955298619364,"che-3"
0.138038414724181,5.12210997166149,0.0596074844455037,0.807704980700886,0.967955298619364,"pph-6"
-0.0362087864246662,10.4447900036743,0.0595229293273015,0.807837959513383,0.967955298619364,"rps-21"
-0.116599955338348,5.4633713430822,0.0594811709321196,0.807904480032671,0.967955298619364,"hinf-1"
-0.0500795003250067,8.32619925484795,0.059406889302847,0.808021641332568,0.967955298619364,"spk-1"
0.112352770614193,5.66679765009125,0.0593973398712031,0.808037072561408,0.967955298619364,"plc-4"
0.103060990707823,5.80300706627114,0.0593900349265746,0.808048562535676,0.967955298619364,"Y6B3B.9"
0.0820662865939111,6.46378863235054,0.0590009556214692,0.808665741622677,0.967955298619364,"glh-1"
0.03947840579891,9.51938929534912,0.0588604252767926,0.808889187637375,0.967955298619364,"dnj-13"
0.137620661872978,5.11722724955927,0.0588058220728731,0.808976844551993,0.967955298619364,"ufc-1"
-0.0754989905009889,6.69155730045661,0.0586788008455813,0.809178513525141,0.967955298619364,"W10C8.5"
-0.141526148417111,5.00810729879586,0.0582754282133905,0.809823509870324,0.967955298619364,"shl-1"
0.04815216436236,8.46975650277384,0.0581039049672634,0.810097292295528,0.967955298619364,"unc-73"
0.0816028984187578,6.50324152102133,0.0581033415773837,0.810098249712599,0.967955298619364,"oxy-5"
-0.0793440619326569,6.56256302145943,0.0580980726869779,0.810106684835806,0.967955298619364,"prmt-5"
0.10671372042413,5.67469643416322,0.0579665503080083,0.810317829603979,0.967955298619364,"nrf-6"
-0.139680865319868,4.99978962097448,0.0579127286302816,0.810404753449189,0.967955298619364,"M01G12.9"
0.052370691490786,8.21564833391519,0.0578929506473413,0.810435653600055,0.967955298619364,"ubr-1"
-0.10273796966766,5.75165262453657,0.0578015319406626,0.810582721661367,0.967955298619364,"F39H12.3"
0.130674637155475,5.16005105756672,0.0572906539820914,0.811406005769706,0.967955298619364,"Y56A3A.31"
0.0643639504887236,7.22666433926414,0.0571770087427363,0.811588893295052,0.967955298619364,"nucb-1"
0.122418437572389,5.32580726828064,0.0571645901148785,0.811609502593019,0.967955298619364,"Y44A6D.3"
0.0717639381520399,6.8106073668162,0.0569442161492852,0.811965530523769,0.967955298619364,"wdr-20"
-0.0947912281347512,5.99464831461605,0.0569294103821713,0.811989618131561,0.967955298619364,"his-6"
-0.0669873589698329,7.15913145469718,0.0567651885772338,0.81225570929304,0.967955298619364,"nhr-46"
-0.082787279084435,6.34853717690444,0.056634760319677,0.812467480554731,0.967955298619364,"cnt-1"
0.0856758868098346,6.24682336945338,0.0566137188111381,0.812501679754407,0.967955298619364,"gex-2"
0.102260037598123,5.77150295700982,0.0563461048137474,0.812937133454563,0.967955298619364,"nlp-8"
-0.0754411443624982,6.637464419788,0.0563111910590626,0.812993810490989,0.967955298619364,"Y55F3AM.13"
-0.0707487080723957,6.96420775808735,0.0562658385906808,0.813067697375606,0.967955298619364,"spr-5"
-0.0766430223500194,6.55347165766486,0.0561260709809254,0.813295674319914,0.967955298619364,"eif-3.J"
-0.0563650775473865,7.76366264933554,0.0560321372494402,0.813449003781864,0.967955298619364,"pde-4"
-0.112740822815363,5.47693160381303,0.0556511992995801,0.814072774825169,0.967955298619364,"nlp-15"
-0.0761053428325123,6.67123258520931,0.0553890644148819,0.814502680209374,0.967955298619364,"F40A3.3"
-0.126188984571816,5.22473008875613,0.0552861808123876,0.814672445580034,0.967955298619364,"C39E9.7"
0.128186419745275,5.16015688856077,0.0552490711626336,0.814733550231375,0.967955298619364,"F09C8.1"
0.0349187816613,10.3130907857088,0.0551784108200289,0.814849187076442,0.967955298619364,"abcf-2"
0.129534773854119,5.16189417193958,0.0547436085666291,0.815567382687853,0.967955298619364,"sox-2"
0.0570051093971531,7.73639653666666,0.0547368219518541,0.815577934453074,0.967955298619364,"Y48G8AL.5"
0.0356214687351643,10.0345230445928,0.054550953407607,0.8158855844879,0.967955298619364,"F46F2.3"
0.106547966974302,5.56313855758247,0.0543840705648046,0.816162652203419,0.967955298619364,"snfc-5"
-0.0694249672033079,6.92213804943837,0.0543023834287281,0.816297924265742,0.967955298619364,"mrps-27"
-0.0718770327400802,6.73782104298366,0.0542102961038754,0.816450934018146,0.967955298619364,"copd-1"
0.104414883318326,5.82550023057656,0.0540230733177842,0.816762596710104,0.967955298619364,"K04F10.7"
-0.138642511118165,5.00399440092692,0.0539744601980348,0.816844183290981,0.967955298619364,"twnk-1"
0.0450080406582386,8.78754852856611,0.0539635851329003,0.816861481254191,0.967955298619364,"C01B10.6"
0.0998035227576417,5.71443542241718,0.0539461855296543,0.816890738244723,0.967955298619364,"F35B12.10"
-0.0783806225370771,6.43067320288187,0.0539253822153881,0.816925205237747,0.967955298619364,"mcm-5"
-0.059158251080386,7.53684353648753,0.0539184742580618,0.816936672791236,0.967955298619364,"F56C9.10"
0.0492268938181776,8.15209246554921,0.0538496581825305,0.817051418156133,0.967955298619364,"daf-15"
-0.0926897211877242,5.91962294610092,0.0537886085638646,0.817153441535333,0.967955298619364,"pgp-10"
0.070879480994155,6.77876269607284,0.0537024253184015,0.817297222169433,0.967955298619364,"pbs-6"
-0.0970308887405106,5.82435762533386,0.0536286117639749,0.817420732614431,0.967955298619364,"nra-1"
-0.102819817395367,5.74503311604917,0.0534580499857614,0.817706144449496,0.967955298619364,"R03H10.2"
0.0864816493339737,6.20791939161546,0.0534529945085509,0.817714465922642,0.967955298619364,"dnj-7"
0.107738859413929,5.5583807716683,0.053423221042882,0.817764597335283,0.967955298619364,"ufd-1"
0.0649832488048891,7.10564328589174,0.0534060823167544,0.817792970025057,0.967955298619364,"pas-2"
-0.0487973444992071,8.20423729554232,0.0530515305551798,0.818388001226939,0.967955298619364,"gpcp-2"
0.118898667770718,5.29459837505335,0.0526818293628552,0.819011268886876,0.967955298619364,"bath-47"
-0.0436869982928914,8.68761224136546,0.0526797967538539,0.819014138551664,0.967955298619364,"vha-19"
-0.13271266448296,5.03643350872433,0.052443546261423,0.819414063742494,0.967955298619364,"bed-1"
0.0644934487981938,7.09637490022726,0.0523899290409667,0.819504021350192,0.967955298619364,"C29H12.2"
-0.0364864565587648,9.79186302063901,0.0523160045550123,0.819629156298255,0.967955298619364,"prp-8"
0.0827724322599742,6.41764371362312,0.0520977180427084,0.819999333002297,0.967955298619364,"wdr-46"
-0.0936864358951873,5.96734493115496,0.0520430931158671,0.820092158379937,0.967955298619364,"mab-20"
0.0992235201619898,5.73763433372549,0.0520343388855688,0.820107129054889,0.967955298619364,"hpo-15"
-0.053139569128771,7.87617383733997,0.0519418934040873,0.820263981030902,0.967955298619364,"pes-7"
-0.0967469477121891,5.78408572696747,0.0518604796259106,0.820402653730711,0.967955298619364,"mrpl-9"
0.0817040756751532,6.23562834663216,0.0518343371458976,0.820447016290224,0.967955298619364,"unc-34"
0.0752640760322009,6.51457297227872,0.0509670096400675,0.8219296676291,0.967955298619364,"T22D1.3"
-0.0708659600863478,6.66986606758965,0.0507728996085563,0.822263296699181,0.967955298619364,"F26E4.3"
0.0450798853744319,8.45045451863848,0.0506880819515205,0.822409258686264,0.967955298619364,"xpo-1"
0.0439789058640997,8.54900533639267,0.0506367205545543,0.822497729624817,0.967955298619364,"kin-19"
-0.0731996942924765,6.56826590512157,0.050527644082365,0.822685816374977,0.967955298619364,"F54D8.6"
-0.0309370781437256,10.967312228898,0.050415506539474,0.822879313014551,0.967955298619364,"vgln-1"
-0.0416507686401642,8.8803966119875,0.0503811782097894,0.822938609900984,0.967955298619364,"mca-1"
-0.119396416291468,5.19581787948759,0.0502738830165231,0.823124712294076,0.967955298619364,"C44H4.4"
-0.0391626842366984,9.29338198147719,0.0501678055628854,0.823307636912326,0.967955298619364,"asb-2"
-0.0594609926702667,7.31398663391808,0.0500629398485312,0.823489319386365,0.967955298619364,"pars-1"
-0.0397709948067343,9.11238201234215,0.0500622490741787,0.823490502162374,0.967955298619364,"lpin-1"
0.0993839902796991,5.7109309944735,0.0499615064104648,0.823665470601263,0.967955298619364,"C33A12.1"
-0.0954563399829261,5.74878814933187,0.0498262287358334,0.823900336606631,0.967955298619364,"acdh-13"
0.10835174533388,5.48779410927279,0.0498093675413662,0.823929815108657,0.967955298619364,"mrpl-21"
0.0325540022088947,10.3880590138875,0.0495927682620596,0.82430628766485,0.967955298619364,"ketn-1"
0.0441868473133894,8.55414313307833,0.0489122647220982,0.825495991219801,0.967955298619364,"Y54F10AM.8"
0.0954374601251542,5.71735525414045,0.0488672940708524,0.825575164560565,0.967955298619364,"cept-1"
0.121362903265678,5.16729407734449,0.0488222246293602,0.825654692103626,0.967955298619364,"mtcu-2"
-0.0711813548414328,6.5453044231517,0.0486138264898131,0.826020522952137,0.967955298619364,"ufd-3"
-0.0863564794715409,5.99455633748532,0.0484590468401341,0.826293288598953,0.967955298619364,"cfz-2"
-0.0652235520076688,6.88769459353973,0.048435588953764,0.826334552598982,0.967955298619364,"F54A3.5"
0.125315889275367,5.13734636800331,0.0483272852450519,0.826526310276229,0.967955298619364,"ZK686.1"
0.0836722826613242,6.07517647189347,0.0483263080410153,0.826527491349002,0.967955298619364,"B0303.11"
0.0387875499669521,9.10506161178497,0.0482302589308152,0.826697062304409,0.967955298619364,"cla-1"
0.0819867172710371,6.40234385075122,0.0481295695202864,0.826875201459552,0.967955298619364,"ZK430.7"
-0.109144715411795,5.38583097178069,0.0474866696805457,0.828017231657227,0.967955298619364,"mtq-2"
0.100877435215071,5.64176676238632,0.047429854877949,0.828118351456565,0.967955298619364,"ath-1"
-0.0994440023774787,5.57135842804018,0.0474002708679123,0.828171139480542,0.967955298619364,"klo-1"
-0.0975732317530759,5.59752738063651,0.0473687147198324,0.828227419527404,0.967955298619364,"snet-1"
-0.0354256048362158,9.62268622940011,0.0473327165836274,0.828291367602986,0.967955298619364,"F57F5.1"
0.106062051023511,5.54221520688824,0.0471543548981204,0.828610427921585,0.967955298619364,"vps-2"
-0.116751229887541,5.19589861165313,0.0471297399387515,0.828654724808498,0.967955298619364,"sydn-1"
-0.0648164986168466,6.82581421300753,0.0470826453769707,0.828738415574148,0.967955298619364,"nsy-4"
-0.0816415941715691,6.0915132337184,0.0469687429574955,0.828942510916464,0.967955298619364,"Y41E3.7"
0.109341800728099,5.33363957045561,0.0469335070212947,0.829006072855042,0.967955298619364,"R02F11.3"
0.0689892446688826,6.62399577242337,0.046923381656859,0.829023769797845,0.967955298619364,"exos-9"
-0.132551210592938,4.91539274338681,0.0468633583275006,0.829132205329594,0.967955298619364,"sec-3"
-0.040380871802006,8.79697227684569,0.0468416133161423,0.82917042633216,0.967955298619364,"rps-20"
-0.0592899386105986,7.3103657031049,0.0468378922227639,0.829177118765599,0.967955298619364,"F55F8.3"
0.0398707079506338,8.87708456745016,0.0468319576377941,0.829187757796976,0.967955298619364,"K06G5.1"
-0.0741812904814319,6.46157914444826,0.0468141936563159,0.829219699815263,0.967955298619364,"algn-3"
-0.038614905775316,9.03680119785753,0.0466253445511936,0.829559069709036,0.967955298619364,"cox-5A"
0.0803496509503699,6.18397699294143,0.0464577753163221,0.829860938659167,0.967955298619364,"rskd-1"
0.0768211776540486,6.30702850724671,0.0463139410955085,0.830120406676078,0.967955298619364,"C52B9.4"
0.069894647104964,6.59806003599018,0.0461606279437532,0.83039743160055,0.967955298619364,"K12H4.5"
0.0793018345829881,6.21561744790281,0.046155096608168,0.830407478810335,0.967955298619364,"Y43F8C.13"
0.0568281194148286,7.31232996206002,0.0460962598417438,0.83051386782768,0.967955298619364,"alp-1"
0.108674701777245,5.33121277710629,0.0460848796531777,0.830534948364045,0.967955298619364,"T20D3.14"
-0.054031135560121,7.54792489625681,0.0459965288266946,0.830694478901721,0.967955298619364,"ric-7"
-0.047931755543847,8.13037821173499,0.0459059505828609,0.830858689876004,0.967955298619364,"gpd-2"
-0.113592139419229,5.22313491803861,0.0458180791163385,0.831018736651257,0.967955298619364,"ekl-4"
-0.119205167920065,5.24734640277548,0.045802442558641,0.831047123894576,0.967955298619364,"wht-7"
-0.0422990323648813,8.50228109802515,0.0457992262992945,0.831052395725235,0.967955298619364,"F39C12.1"
-0.0866194648679813,5.89694138163864,0.0456564005717131,0.831312147356195,0.967955298619364,"rnp-4"
0.0988902671246691,5.59501195453213,0.0454824565923172,0.831629043980256,0.967955298619364,"trx-2"
0.0688139443416531,6.66596098930138,0.0453991727623049,0.831780649407058,0.967955298619364,"lars-2"
0.0502395951160995,7.79508791934897,0.0453229337598986,0.831919776635847,0.967955298619364,"wars-1"
-0.0583242679049527,7.18198458607186,0.0452771758464116,0.832003366906399,0.967955298619364,"nuo-6"
-0.0690506743300907,6.5276384639777,0.0451978492965755,0.832148395568054,0.967955298619364,"fhod-1"
-0.0700410498143229,6.48788868449989,0.0451759863728048,0.832188385540136,0.967955298619364,"ZK1067.2"
0.069585298775435,6.60612290169499,0.0451330743922527,0.832266892160955,0.967955298619364,"rab-8"
0.0523729985895101,7.70480418674238,0.0449923008335633,0.832524699300691,0.967955298619364,"F40E10.6"
0.100681125676304,5.51667039124762,0.0449584040752401,0.832587196022354,0.967955298619364,"wdr-4"
0.0631075331833426,6.8673288849279,0.0449508060402617,0.832600801084952,0.967955298619364,"mfsd-6"
-0.0592110649770066,7.21524611300916,0.0447841278526792,0.832906770774381,0.967955298619364,"aman-2"
0.0625602109381481,6.92442250694408,0.0446568665328683,0.833140801927328,0.967955298619364,"F43B10.1"
-0.0490603572160345,7.77874350966851,0.0445637191652842,0.833312294443076,0.967955298619364,"ifo-1"
0.0451354788021747,8.48676420369415,0.0444794214610398,0.833467667039812,0.967955298619364,"lec-2"
0.0958521916546787,5.62517769649593,0.0444260550150339,0.833566397832455,0.967955298619364,"smrc-1"
0.0694671142173675,6.48564276151293,0.0441993482668584,0.833985053815845,0.968066083881273,"F09F7.5"
0.0649631744180741,6.72327171438163,0.0441607176788414,0.83405652813094,0.968066083881273,"far-2"
-0.0666053232845739,6.74895418524951,0.0439973641005154,0.834359194775786,0.968109096322798,"Y95B8A.8"
-0.0651555727988286,6.70899246846153,0.0439277655968351,0.834488330122893,0.968109096322798,"adm-2"
-0.0983087636601442,5.60555644332133,0.0437220302328298,0.83487092896341,0.968148434605729,"cul-5"
-0.0679390486536465,6.6078393524057,0.0436649086544144,0.834977008335554,0.968148434605729,"gly-7"
-0.0716793331230515,6.35876985431287,0.0434387976225369,0.835398617288444,0.968148434605729,"mlk-1"
-0.0537876869616877,7.49748099917327,0.0433967476626704,0.835477097400579,0.968148434605729,"syf-1"
-0.067221613413504,6.58165280596255,0.0433400933933712,0.835582993661116,0.968148434605729,"tra-2"
0.119446691693368,5.0618735729735,0.0432743701831297,0.835706518271286,0.968148434605729,"F37B12.3"
0.0569827469528965,7.28172550727912,0.0429710305329258,0.836274384900926,0.968236131855171,"pfd-1"
0.0935737099212754,5.59756413448279,0.0426475066350311,0.836883324578588,0.968236131855171,"C35E7.6"
-0.0647857206548723,6.83373011277393,0.0426135393756976,0.836947096279329,0.968236131855171,"ddp-1"
0.0622587502166639,6.84820598731614,0.042510981553485,0.837140624576533,0.968236131855171,"apa-2"
0.0387372295063965,8.69333103621976,0.042277829868963,0.837581467164257,0.968236131855171,"spg-7"
0.0372330645758124,9.14625900484417,0.0422369963180436,0.837658808943818,0.968236131855171,"plpp-1.1"
0.0730885353122907,6.31270914440782,0.0422212746242958,0.837688665461501,0.968236131855171,"smu-2"
0.0559830500602161,7.28301883991597,0.0421373344439007,0.837847756646652,0.968236131855171,"rpn-5"
-0.100035334000939,5.41804446712868,0.0421181427700724,0.837884548895795,0.968236131855171,"F40F8.1"
-0.0595386192376419,7.13337012083246,0.0421082865025934,0.837902871529577,0.968236131855171,"unc-79"
-0.0578570961234535,7.08376428654023,0.0420815614279803,0.837953594235515,0.968236131855171,"lin-15B"
-0.111917060452411,5.15743321793598,0.0418779422427618,0.838341191302951,0.96828920840965,"mlck-1"
-0.0929775833024937,5.62148476551134,0.0418498325109041,0.838394346200975,0.96828920840965,"taf-2"
0.117354591037498,5.02975373685148,0.0409362909216927,0.840143848220286,0.970081350169609,"T23F2.3"
0.108214675809634,5.19973994683963,0.0407893836757674,0.840426909574658,0.9701798050044,"F21G4.1"
0.0493220963816989,7.64544614326211,0.0406046732748946,0.840783145468235,0.970322462261509,"ccdc-47"
0.057483572213466,7.08216334933189,0.0405204438442376,0.840946133959974,0.970322462261509,"cra-1"
-0.0799066816314501,6.07487764166474,0.0404081514264558,0.841163767120128,0.970345314610589,"xpo-3"
-0.0921118757685678,5.57197684420303,0.0401725693198449,0.841621391652143,0.970385789435478,"cku-70"
0.0411618833996975,8.41608861213094,0.0401414816168643,0.841681571058901,0.970385789435478,"itsn-1"
-0.0922932143260861,5.56167506556654,0.0400240992961551,0.84191039780507,0.970385789435478,"zip-12"
0.107581131875813,5.21532573400994,0.0399832856652346,0.841990197724239,0.970385789435478,"eri-9"
0.0996909531192209,5.3633509609074,0.0397453319555042,0.842454685164286,0.970543999249099,"odr-8"
0.0977943948335653,5.48352638428202,0.0396858415237473,0.842570985459946,0.970543999249099,"ncx-4"
0.0647282853157957,6.51492812225426,0.0394602279249281,0.843012867352166,0.970543999249099,"H24K24.3"
0.085240038781299,5.74957926194593,0.0394583454294535,0.843016726900137,0.970543999249099,"F45D3.2"
-0.0827574678448202,5.89949515529842,0.039365564609497,0.84319888887794,0.970543999249099,"scm-1"
-0.0707356177421115,6.28898096170107,0.0393066299332507,0.843314683955078,0.970543999249099,"lip-1"
0.0946993974175105,5.63583597572687,0.0390191789161798,0.843881335950063,0.970566586325065,"F38B7.3"
-0.0806007673435209,5.8409711785674,0.0389406213346758,0.844036411920309,0.970566586325065,"pqn-75"
0.0725857519263513,6.16097527029724,0.0389292053853476,0.844058903010401,0.970566586325065,"dhs-25"
0.051035995439688,7.37333828216547,0.0388566412823912,0.844202336984579,0.970566586325065,"F53H1.4"
-0.0933835995442526,5.49912257166129,0.0387955014973627,0.844323674586963,0.970566586325065,"fmo-5"
0.037512936637848,8.67676464469598,0.0385472150824004,0.844815843668205,0.970837261019685,"endu-2"
0.0834367641751877,5.74174684947749,0.0384773154593431,0.844954998428753,0.970837261019685,"F15E6.6"
-0.0614636395382736,6.74079452206833,0.0382150226410798,0.845477384451635,0.971209969727229,"Y45G5AL.1"
0.0547373426107836,7.17172782810553,0.0378735425958848,0.846160497715569,0.971544608167938,"T24H7.2"
0.0384587320018974,8.58862496593039,0.0378041201462066,0.846299752780628,0.971544608167938,"nmy-2"
0.0776610728024709,5.97383824695454,0.0377727168628271,0.84636291757423,0.971544608167938,"prmt-9"
-0.0892483388781621,5.53095337964397,0.0375964194010488,0.846717518984168,0.971600939375577,"C35D10.10"
-0.0451461338659052,7.83536738974047,0.0374798128971205,0.846952120336359,0.971600939375577,"immt-1"
-0.0655704295037609,6.470076866417,0.0374447895585922,0.84702278695616,0.971600939375577,"denn-4"
0.0565630337839521,7.03684104260073,0.0373178443444728,0.847279040336724,0.971600939375577,"noca-1"
0.112129780088133,5.06514340464177,0.0371965868846008,0.847524854255993,0.971600939375577,"slc-17.1"
0.0567997824802082,6.99167136141281,0.0370675176526941,0.847785735791052,0.971600939375577,"sup-37"
0.0482055622874975,7.65532708292392,0.037035279295582,0.847851106506016,0.971600939375577,"unc-13"
0.0282410410087301,10.3142364335022,0.0369635592606829,0.84799666084951,0.971600939375577,"lec-1"
0.065368681646535,6.39164928963959,0.0368324000973499,0.848263297319445,0.97167946598596,"nck-1"
-0.061969340923929,6.58291057126901,0.0365985818447192,0.848739739882696,0.971726076868377,"jhdm-1"
0.0558543578068637,6.96316795260939,0.0365295906249767,0.848880610818933,0.971726076868377,"R13H4.2"
0.0737570647068006,6.21246890142137,0.0364515631008857,0.849040171671684,0.971726076868377,"nduo-6"
0.046750790660711,7.6623558725399,0.0364240323476535,0.849096425169799,0.971726076868377,"emc-1"
0.0394436367392492,8.3639503325356,0.0362291619639458,0.849495712229153,0.971923749421673,"prmt-1"
-0.0834387202210521,5.66509787338912,0.0361465949453633,0.849665451074441,0.971923749421673,"swsn-3"
0.055559650373277,7.06286139984649,0.035856829886557,0.85026174961007,0.97231752864592,"F07C6.4"
-0.0648551418796746,6.38438034160936,0.0357868787582083,0.850406156552701,0.97231752864592,"T14B1.1"
-0.104218396077783,5.1127116505995,0.0356294577710891,0.850732138890142,0.972463561234245,"mig-39"
-0.118532394196856,4.86457146240088,0.0354994552120079,0.851001566900517,0.97254489413957,"F10B5.8"
0.0410636225476322,8.04976419643905,0.0353184997943057,0.851376597508406,0.972746846209814,"tni-4"
-0.025944515307513,10.822707565479,0.0346134140705491,0.852850195444413,0.974203588415195,"alh-8"
-0.0484743632270492,7.46421403954955,0.0345013802773638,0.853085779217152,0.974245808395839,"larp-5"
0.0923229028664495,5.40170912724433,0.0342474182240581,0.853621620986117,0.974630831223674,"C11E4.6"
0.0530498266895769,7.02424378066531,0.034083925858601,0.853967068889219,0.974798341378082,"ent-1"
0.0255330913326332,10.8810156457691,0.0335928300896436,0.855010969606503,0.975762867826873,"mig-6"
0.09553477061469,5.26923854436401,0.0332770467550433,0.855686858984502,0.976307058227258,"ekl-1"
0.090242245918594,5.37324166266677,0.0328267635663109,0.85665566639877,0.976634335961677,"hlh-33"
-0.0688763772737083,6.13261621615923,0.0327626320760266,0.856793903939891,0.976634335961677,"Y52B11C.1"
-0.0436421227537172,7.71585012050474,0.032755033357903,0.856810256058893,0.976634335961677,"unc-16"
0.0301605630457652,9.3544988445299,0.0326367742782679,0.857066132749928,0.976634335961677,"eif-3.C"
0.0361049792698079,8.39804747106069,0.0323816651442492,0.85761976422807,0.976634335961677,"gdi-1"
-0.0401435420484085,8.0257062353283,0.0322186453920374,0.857974726009426,0.976634335961677,"R11F4.1"
-0.0612290743897786,6.36608872370201,0.0322047696621267,0.858005028669428,0.976634335961677,"Y37E11B.5"
0.0664972970599947,6.32055947952971,0.0321284860491567,0.858171491568637,0.976634335961677,"clh-5"
-0.0715770243982528,5.92249834142686,0.0321071794566645,0.858218084768678,0.976634335961677,"F53B1.8"
0.0579538683324821,6.63068317482801,0.0319189431501191,0.858629756028557,0.976634335961677,"cpna-5"
-0.061245040522146,6.35212032434463,0.0317217027532109,0.859062578236046,0.976634335961677,"tric-1B.1"
-0.0788303382036478,5.68846560393954,0.0316256631722222,0.85927396671185,0.976634335961677,"gst-6"
-0.0438796820219768,7.5509227054508,0.0315897170993452,0.85935292611436,0.976634335961677,"rpt-6"
0.0292897503867536,9.77190369413519,0.0313823931652993,0.859810332801756,0.976634335961677,"ttr-16"
-0.083313973872187,5.49406786071394,0.0313183660017967,0.859952203763372,0.976634335961677,"dhs-17"
0.0545184250317294,6.7950108578593,0.0312295643952288,0.86014854149319,0.976634335961677,"eif-3.H"
0.0820796743938475,5.53833576374591,0.0311865455735641,0.860244141608326,0.976634335961677,"set-1"
0.0275416277278797,9.89891275651743,0.031144648525399,0.860336788006705,0.976634335961677,"nol-56"
0.0561901826563636,6.74615799392658,0.0310429460745983,0.860562655770241,0.976634335961677,"svh-2"
0.101503491339135,5.09552333876666,0.0309304945581333,0.860813323108527,0.976634335961677,"Y48G10A.1"
0.0713437189488305,5.88949003098982,0.0307211770137717,0.861279808200499,0.976634335961677,"C25H3.7"
0.0345169770281267,8.51424711452241,0.0306792100689634,0.861373479108631,0.976634335961677,"pdi-6"
0.0625356378794469,6.3162553344007,0.0306319874044888,0.861479167113883,0.976634335961677,"ruvb-1"
-0.0291775015208958,9.54999976542642,0.0306259687107061,0.861492578961218,0.976634335961677,"epc-1"
-0.0368463400042936,8.2580897754173,0.0305327877753708,0.861701286538997,0.976634335961677,"apg-1"
-0.0654372858080538,6.10720411308246,0.0304919331511106,0.861792973394419,0.976634335961677,"F34D10.6"
0.063991149889522,6.16087606963165,0.0302043134698769,0.862439700351935,0.976634335961677,"usp-14"
0.0638234884376956,6.15454156037854,0.03019007763411,0.862471793203157,0.976634335961677,"pry-1"
0.0768890919910418,5.65220353016593,0.0301193401060242,0.862631520153896,0.976634335961677,"tin-13"
0.0810871152665637,5.67343083421313,0.030119266143222,0.862631683866469,0.976634335961677,"pnk-1"
0.0910766785214472,5.24679417483178,0.0300484671419863,0.862791832195477,0.976634335961677,"Y106G6D.5"
-0.0488171054773267,7.17531608763949,0.0297856922019716,0.863386631137628,0.976634335961677,"dbn-1"
-0.08786133717843,5.35912158847207,0.0297174688612942,0.863541972420277,0.976634335961677,"F02D8.4"
0.0595788664800666,6.38619300672286,0.0296986733468841,0.863584376747389,0.976634335961677,"F37C4.6"
0.0525789624361559,6.85715411847709,0.0296976956659361,0.863586573773789,0.976634335961677,"F22G12.5"
0.0600253871009481,6.31557184523486,0.0295350353680637,0.863956986337123,0.976634335961677,"R05G6.10"
0.0534599151104547,6.84790027310158,0.0294412073157001,0.864171078604179,0.976634335961677,"sas-4"
-0.0575755132397194,6.48754227971875,0.0293917357663798,0.864284135480476,0.976634335961677,"ist-1"
-0.0507122066331131,6.8699081680417,0.029228866394353,0.864656962006291,0.976634335961677,"hda-4"
0.0280120928416582,9.51111303816645,0.0291859802785005,0.864755294033519,0.976634335961677,"eps-8"
0.0348262577695095,8.41553943847919,0.0291560328065202,0.864824021050039,0.976634335961677,"cdc-48.2"
0.0966777598673304,5.09772314986357,0.0291353835365717,0.864871951475636,0.976634335961677,"flad-1"
-0.0401053926040143,7.77179585619867,0.0291177409216353,0.864911951444141,0.976634335961677,"rsks-1"
-0.037255921777914,8.14519306156396,0.0290496907017361,0.865068354453112,0.976634335961677,"pat-2"
-0.0267932816185906,10.0280946696577,0.0288535263954047,0.865520269993857,0.976634335961677,"chc-1"
-0.0373643123025518,8.19595573882278,0.0288534398333812,0.865520473277687,0.976634335961677,"K06A9.1"
0.0814065551220702,5.4385705982409,0.0286399552437969,0.866014417564859,0.976634335961677,"pbs-4"
0.0329865985567571,8.628266090303,0.0285621782571509,0.866194401549892,0.976634335961677,"sqst-1"
-0.0318497013584098,8.68964078295694,0.0285114364773254,0.866312170358235,0.976634335961677,"atx-2"
0.0414793121768787,7.62372454887138,0.0284593656977529,0.866433142091262,0.976634335961677,"ifet-1"
0.0258509705193908,10.2422005856002,0.028363443684028,0.866656268672283,0.976634335961677,"clik-1"
0.0774796779454058,5.63282168440128,0.0283519891266017,0.866683167445741,0.976634335961677,"ZC8.6"
0.0736787765312826,5.69900308633304,0.0282316825643737,0.866963599703423,0.976634335961677,"smp-2"
-0.0740085713599507,5.69616457172586,0.0281801461961726,0.867083926488327,0.976634335961677,"eif-2Bepsilon"
0.0376389771048853,7.98002732864247,0.0281755372906825,0.867094511310148,0.976634335961677,"Y32H12A.8"
-0.0433898036346594,7.43291480865622,0.028090911698253,0.867292372170131,0.976634335961677,"R102.2"
-0.085928392925401,5.34407166594435,0.028077988972253,0.86732296991826,0.976634335961677,"oat-1"
0.0393914855674857,7.81418846247196,0.0279852435910962,0.867539852241813,0.976654343641517,"gyg-1"
-0.0240532280085813,10.5804622203328,0.0277586068016537,0.868072274602874,0.977029487592266,"spc-1"
-0.0639627734766961,6.02803097975602,0.0276065003912214,0.868430958502545,0.977188316543122,"bub-1"
0.0427608009500201,7.46994712429551,0.0273771199225814,0.86897356772152,0.977188316543122,"tag-18"
0.0221139470885212,11.3546133802913,0.0272431690740636,0.869291552946645,0.977188316543122,"F28B4.3"
-0.0339392504024477,8.31657319664084,0.0272342965141644,0.869312648155945,0.977188316543122,"Y41D4A.4"
-0.0652755850594509,5.96526220095322,0.0272170172535388,0.869353833782132,0.977188316543122,"F13C5.5"
-0.0592076347138296,6.30526614000704,0.0271939184032423,0.869408728520731,0.977188316543122,"alkb-1"
0.0924789717564988,5.14917310513915,0.0268345686889696,0.870267034523812,0.977815814695904,"gpc-1"
-0.0444021191557878,7.23866919422393,0.0267931938426958,0.870365718035131,0.977815814695904,"gsy-1"
0.0914483609131806,5.12049480091489,0.0265577839676712,0.870931850748023,0.977983900558168,"C56C10.7"
-0.0779826812727122,5.44410796114581,0.0264650948563763,0.871155077184739,0.977983900558168,"C23G10.2"
0.0836572011645322,5.28479636791773,0.026352492980194,0.871427136614026,0.977983900558168,"ZK1127.5"
0.0600865180999095,6.21794724789604,0.0263283720014263,0.871485135049153,0.977983900558168,"cox-16"
0.0758020625588413,5.57729487643787,0.0262956289707458,0.871564542177702,0.977983900558168,"usp-39"
0.0641648854111271,5.98859614345765,0.0262348367018922,0.871711643881816,0.977983900558168,"glb-33"
-0.0565561532962401,6.50678458928067,0.0261243467296425,0.871979635831066,0.978001470036433,"T09A5.5"
0.0358563856603308,8.05701264382111,0.0260519301953687,0.872155606875622,0.978001470036433,"F14E5.2"
-0.0547266768229461,6.40778523321511,0.0258906796399332,0.872548458690278,0.978001470036433,"pho-9"
-0.0762416774418113,5.46476463407997,0.0258432059896095,0.872664586231939,0.978001470036433,"pfd-6"
-0.0758414243572816,5.46680752430391,0.0258187826269331,0.872724247573795,0.978001470036433,"lin-33"
-0.082033545973275,5.2856937185096,0.0256754462564767,0.873075087351836,0.978027477471126,"ocrl-1"
-0.0346490686635299,8.0925415242534,0.0256462575448383,0.873146243393692,0.978027477471126,"F13B9.1"
-0.0732094146104751,5.58734144662097,0.0255047502039836,0.873493908699645,0.978193521043781,"hrpk-1"
-0.0384480914553425,7.6490982150692,0.025268600197819,0.874075721665534,0.978621642266479,"let-92"
-0.0710878643497753,5.61149217086887,0.0251522114195881,0.874363810936589,0.9787207879151,"wrn-1"
-0.0750000618933468,5.49219435260773,0.0248027508392815,0.875232374165506,0.979262567083278,"Y94H6A.8"
-0.0498141739459699,6.68545409723851,0.0247967475357435,0.87524711398432,0.979262567083278,"sax-3"
-0.0556000402149742,6.26231507974978,0.0245978596282856,0.875744300243414,0.979370515899665,"mecr-1"
-0.0384708469844823,7.60643642689467,0.0245817456182697,0.875784623777868,0.979370515899665,"F59E12.9"
-0.041890986362993,7.25305298533539,0.0245187422519368,0.875942600051342,0.979370515899665,"hmg-1.1"
-0.0377391051116299,7.75303679092893,0.0244293962992238,0.876166972935295,0.979398131779312,"goa-1"
0.0536528580734586,6.43425625216569,0.0240551078591741,0.877111577960449,0.979855725302893,"nhr-3"
-0.0694419695245487,5.61183764117255,0.0240468730636576,0.877132608930982,0.979855725302893,"K05F1.6"
-0.0463992969198889,6.81480639535775,0.0240298245605249,0.877175635026504,0.979855725302893,"hum-4"
0.0530411601617375,6.39151653709527,0.0239041345547712,0.877494712606015,0.979962799442022,"ZC455.1"
-0.0364556957557703,7.73381136557739,0.0237246922675727,0.877951668757079,0.979962799442022,"teg-4"
0.0482810020478455,6.69898052493496,0.0235358961646108,0.878434419389145,0.979962799442022,"srp-7"
-0.069248454844415,5.61855105690894,0.0235034556501414,0.878517741702034,0.979962799442022,"C18E9.2"
0.0533972260675745,6.40628775878386,0.0234854497973734,0.878563755822411,0.979962799442022,"W09D10.1"
0.0666387742037287,5.71713158929892,0.0233981158086461,0.87878810660008,0.979962799442022,"pdxk-1"
-0.0437962821042154,7.01019656929676,0.0233768437349007,0.878842629161182,0.979962799442022,"atln-1"
-0.0308855779000154,8.48892452159949,0.0232969452611676,0.879048216853614,0.979962799442022,"copb-2"
0.0288761583047374,8.72726741420439,0.0232886489517361,0.879069585636064,0.979962799442022,"dlat-1"
-0.0557387868992889,6.15824305812761,0.0230919518097128,0.879577442385234,0.98014075364921,"chat-1"
-0.0687983566729691,5.65542537252257,0.0229851479574488,0.879854211625178,0.98014075364921,"C05D2.10"
0.0623720297550025,5.88195778451857,0.0228454221578411,0.880217074277183,0.98014075364921,"elks-1"
0.0567876648590468,6.14983253556557,0.0228063272237535,0.88031877267742,0.98014075364921,"syx-2"
0.0510376258427482,6.48242762721426,0.0227889969882756,0.880363873132279,0.98014075364921,"glo-4"
-0.0865447879446992,5.01759613719135,0.0226265575232049,0.88078823985651,0.98014075364921,"btb-14"
-0.0605607984976819,5.97942324527181,0.0225900010753621,0.880883427281784,0.98014075364921,"skr-19"
0.0697302544943846,5.58049530817456,0.0225050740877987,0.881105979268042,0.98014075364921,"F08F8.7"
-0.0300616226277978,8.64782551417479,0.022489015887842,0.881147864996864,0.98014075364921,"dnj-5"
-0.0415324295528539,7.16314492637178,0.0224586770237735,0.881227466583693,0.98014075364921,"K02F3.2"
0.0262711595699023,9.2945311122331,0.0223572839148816,0.881493846162094,0.980214762055106,"dim-1"
0.0821575080428645,5.14798820250367,0.0222164527365548,0.881865319043198,0.980405573414978,"Y105E8A.21"
-0.0785587583046637,5.28685301104072,0.0221149579776418,0.882133389738145,0.980459449550502,"crn-1"
0.0734780447328517,5.43643889381163,0.0219118217884963,0.882671883976163,0.980459449550502,"Y87G2A.13"
0.0609200357396362,5.9213310007564,0.0218921596183136,0.882723974089787,0.980459449550502,"C11D2.7"
0.0394509368406108,7.30477187300172,0.0217516482808844,0.88309808004483,0.980459449550502,"hum-1"
-0.0666526979777077,5.57520795589751,0.0215098903109577,0.883745019445668,0.980459449550502,"bli-3"
-0.0224459193681443,10.2675216182243,0.0214563537903528,0.883888531444521,0.980459449550502,"let-2"
-0.0337350794425154,8.00401125298028,0.0214332412501451,0.883950638602,0.980459449550502,"F52G3.1"
-0.0758190924706077,5.27651508885634,0.0214241114636441,0.883975535480529,0.980459449550502,"F11E6.7"
-0.0454280171381819,6.80124373249637,0.021337368449373,0.884208629448573,0.980459449550502,"dhs-9"
0.0642288168054901,5.70918472203544,0.0212145571768587,0.884540100502042,0.980459449550502,"dagl-2"
0.0803185035529701,5.15887011023115,0.021211315522077,0.884549120674248,0.980459449550502,"grsp-4"
0.0752261795313295,5.28590046672764,0.0209887377265728,0.885152086854435,0.980459449550502,"K07F5.22"
0.064548834795069,5.71246532787923,0.0209799722789914,0.885175708511782,0.980459449550502,"ced-6"
0.0477229845255761,6.51479027102748,0.0208032020384101,0.885656939593567,0.980459449550502,"Y56A3A.7"
0.0845061757180528,4.99309984466659,0.0207452463036739,0.885815658992596,0.980459449550502,"lact-5"
-0.0354356516062963,7.73440805103658,0.0206643702420635,0.886036429683524,0.980459449550502,"nfki-1"
0.0873026063227257,4.95753012610308,0.0205915451356658,0.886236508978974,0.980459449550502,"npr-5"
-0.0732414687474442,5.39202659043912,0.0205719900718028,0.886289979070876,0.980459449550502,"bath-44"
0.0525529744988385,6.1905666346881,0.0205483426010144,0.886354661234256,0.980459449550502,"vps-36"
0.0492793127774145,6.53372768381635,0.0204509210302864,0.886622499166458,0.980459449550502,"rfp-1"
-0.0762235458539796,5.25736712325929,0.0204059953538239,0.886746579785868,0.980459449550502,"ada-2"
-0.036827581909291,7.43491612708998,0.0203513103337157,0.886897033412726,0.980459449550502,"T25G3.4"
0.0609214416694344,5.76189556612609,0.0202925122307121,0.887059556507209,0.980459449550502,"C08F11.13"
-0.0284047104258292,8.6676892437562,0.0202266264832117,0.887241661855699,0.980459449550502,"copa-1"
0.0720372591260912,5.42076542476533,0.0201373390151101,0.887489409045618,0.980459449550502,"set-25"
-0.0825287731011395,5.02685412191646,0.0201230021981307,0.887529393025204,0.980459449550502,"ptr-14"
0.0428652463404767,6.86740082457267,0.0201109388747913,0.887562418819541,0.980459449550502,"C18C4.7"
-0.0444062230236297,6.66631029387597,0.0198265510724948,0.888354903924254,0.980459449550502,"F56D5.6"
-0.027277385651163,8.57380657987075,0.019741316331998,0.888593525355078,0.980459449550502,"ldh-1"
0.0645860788884845,5.57939987508732,0.0196808823779492,0.888763253600098,0.980459449550502,"swp-1"
0.032263752871305,7.88078184103155,0.0196688398331802,0.888796864822949,0.980459449550502,"skr-1"
0.03148072504154,8.0338505247895,0.0194130249803651,0.88951763773286,0.980459449550502,"unc-32"
0.0538985202259108,6.0455301503601,0.0194065627731264,0.889535982567108,0.980459449550502,"app-1"
-0.0766947976234085,5.18055793215952,0.019403282747126,0.889545580124236,0.980459449550502,"C15A11.7"
-0.0562399259605173,5.89275249720635,0.0192495851792795,0.889980773766217,0.980459449550502,"T06D8.9"
-0.0568160848221101,5.86165424883148,0.0192077094519127,0.890099739343395,0.980459449550502,"Y48C3A.14"
-0.0612311905875835,5.69518051909774,0.01920642032706,0.890103448869355,0.980459449550502,"clec-56"
0.0365536302273209,7.31542954371659,0.0191965383034689,0.890131400032537,0.980459449550502,"DH11.5"
0.0406677450505624,6.88055090281925,0.019066635610688,0.89050138673413,0.980459449550502,"drr-2"
-0.0663866035195024,5.43314801911035,0.0190165338101734,0.890644666046689,0.980459449550502,"zip-4"
0.0743585538573313,5.18855835957427,0.0190139733117988,0.890652109558911,0.980459449550502,"natb-1"
0.0737798849009023,5.28470905199229,0.0188747636301226,0.891050539958755,0.980459449550502,"F55A12.5"
0.0693486477371657,5.34283521838848,0.0187709864702916,0.891348535821974,0.980459449550502,"lec-11"
-0.0224376926313349,9.57711017442637,0.0187668504441255,0.891360127593438,0.980459449550502,"cey-4"
-0.0728135575002781,5.2159539294819,0.0187581476112784,0.891385535371323,0.980459449550502,"ari-2"
-0.0201847840875785,10.3683609851156,0.0187498819583184,0.891408942849396,0.980459449550502,"srap-1"
0.0523515713128419,6.06119771850288,0.0186856329738583,0.891594056151291,0.980459449550502,"let-413"
-0.080246650896696,5.02480302577599,0.0186624980229977,0.891661154939238,0.980459449550502,"Y59E9AL.36"
-0.0808641435965101,5.02859345137639,0.0186110153922883,0.891809753514844,0.980459449550502,"T16H12.9"
0.0698970017739054,5.34619544586052,0.0185302938248905,0.892043009311697,0.980459449550502,"cls-3"
0.0607383683913706,5.78086196718317,0.01844091396431,0.8923018973238,0.980459449550502,"unc-85"
-0.0508125129029877,6.1262740110108,0.0184387698069813,0.892308049499172,0.980459449550502,"rrp-1"
0.0448206637900164,6.51296560933885,0.0183527309252631,0.892558015441756,0.9805144604125,"C15H9.9"
0.055989907293253,5.87963687807296,0.018276353775048,0.892780510429908,0.980539275337819,"qns-1"
-0.0285033701025312,8.16536611325154,0.0181405673657292,0.89317701324834,0.980612336532183,"cand-1"
-0.0346757305828579,7.48401303005981,0.0181167037118789,0.893246874541446,0.980612336532183,"daf-3"
-0.0442387542826559,6.49924241613708,0.0178978294425166,0.893889812096879,0.980930438534284,"rbm-12"
-0.0409657646571495,6.71608194547582,0.0177260460769729,0.894397202486933,0.980930438534284,"unc-25"
0.0335221375330139,7.51597410077474,0.0176160398897549,0.894723430937206,0.980930438534284,"atfs-1"
0.0516490420531972,6.12264460528777,0.0175628347396774,0.894881647182717,0.980930438534284,"hcf-1"
-0.0557733646710605,5.86398785594837,0.0174771696534125,0.895136853038661,0.980930438534284,"ragc-1"
-0.0695687237417596,5.20647774083364,0.017418730904068,0.895311548224843,0.980930438534284,"C18B12.6"
0.0567475843631827,5.73530714961721,0.0173976331588213,0.895374374841895,0.980930438534284,"smc-6"
-0.0457536752167704,6.34494140606434,0.0173601240344681,0.895486461222097,0.980930438534284,"inx-15"
0.0612363097232842,5.57671252607038,0.0173191813596674,0.895609212683107,0.980930438534284,"dnj-8"
-0.0565873759683787,5.71620169832259,0.0171806859321844,0.896024965315603,0.980930438534284,"bath-42"
-0.0375481269452803,7.07043993596512,0.0170849731494608,0.896313192586674,0.980930438534284,"mbk-1"
-0.0695615873806479,5.20750291927091,0.0170526119226334,0.896411218691767,0.980930438534284,"alh-11"
0.053675608799086,5.92517928144905,0.017036573970671,0.896459400546936,0.980930438534284,"gly-9"
0.0655561012200831,5.35972848323597,0.0169430250006674,0.896742632136731,0.980930438534284,"H14A12.3"
-0.0614756522870369,5.53703928044602,0.0167247702579248,0.897406005817866,0.980930438534284,"tat-2"
0.0377072144447491,6.96817690737962,0.0166523394775999,0.897626965207748,0.980930438534284,"sql-1"
0.0441816080413273,6.51518886743838,0.0165027783546181,0.898085178964656,0.980930438534284,"pcp-4"
-0.0530155691327235,5.84809921539347,0.0164332015325912,0.898299128414708,0.980930438534284,"ipla-2"
0.0647443213343207,5.3551599929136,0.0163864300338563,0.898443339925553,0.980930438534284,"B0001.5"
0.0598126088264652,5.49655426846488,0.0163285989668185,0.898621655266578,0.980930438534284,"D1044.6"
0.0593094748705223,5.6273231176073,0.0162587382331979,0.898837519168208,0.980930438534284,"div-1"
0.0544257997141957,5.77163910071851,0.0161986700225457,0.899023501042781,0.980930438534284,"maoc-1"
-0.0754825210479867,4.98264628849211,0.0161613988512358,0.899139425070114,0.980930438534284,"ZC434.9"
-0.0684748137000734,5.17181869682607,0.0160388017452612,0.899520557099033,0.980930438534284,"C18E9.5"
-0.0407420105484528,6.5928187826116,0.0160171095238772,0.899587821719074,0.980930438534284,"lgc-45"
-0.0623823559684621,5.43946723378348,0.0160040305046561,0.899628816307826,0.980930438534284,"vps-26"
0.073739145613976,5.00036589898065,0.0159883485667889,0.899677924889565,0.980930438534284,"F01D5.8"
0.0201395816660035,9.71795368766629,0.0159863376597852,0.899683779386077,0.980930438534284,"mlc-2"
-0.0629840675894086,5.44180439328494,0.0159782432329402,0.899709277375012,0.980930438534284,"T05F1.11"
0.0722781123660456,5.04242361621035,0.0159724819820874,0.899727436771641,0.980930438534284,"ugt-1"
0.06931820992257,5.19967200314696,0.0159696581688767,0.899736196323291,0.980930438534284,"Y38F2AR.3"
-0.0419988104928992,6.48157775190082,0.0158217929652737,0.90019865031513,0.981216528843491,"B0205.6"
-0.0560340207708506,5.74975303948506,0.0154648323244769,0.901325066626274,0.982226050167046,"snx-1"
-0.0667684140751148,5.16468977136799,0.0153849270020624,0.901579231368828,0.982284791173723,"dhcr-7"
0.0725432768202118,5.00391881147837,0.0152767741928989,0.901924048951183,0.982442251855553,"mre-11"
0.0486861241994771,5.95836255878198,0.0151039512182901,0.902477220208336,0.982664613148535,"W04B5.3"
0.0294375735925381,7.74211977674913,0.015011948126853,0.902773113797279,0.982664613148535,"golg-4"
0.0519034417180731,5.76621310814522,0.0149413656878302,0.903000916932236,0.982664613148535,"ceh-32"
0.0420317445557122,6.34551722816733,0.0148837733221629,0.903187018364578,0.982664613148535,"cdk-12"
0.0470009193104588,6.03652858500481,0.0148512152770092,0.903292466848836,0.982664613148535,"unc-36"
-0.0716015308185608,4.98040882896934,0.0147472441150439,0.903630249128434,0.982664613148535,"clh-3"
-0.0279936544171977,7.90227030805736,0.0145736929011175,0.904195769220539,0.982664613148535,"ssb-1"
-0.0663851949135848,5.18448034744375,0.0144910600857932,0.904466773267501,0.982664613148535,"H05C05.2"
0.0430144138138087,6.26143597980159,0.0144600120432738,0.904568371242971,0.982664613148535,"cogc-1"
-0.0586575676209847,5.40123713890184,0.0143903325140583,0.904797659205826,0.982664613148535,"K03B4.2"
-0.0310175671508336,7.44894193521417,0.0143665206355595,0.904875846092314,0.982664613148535,"clec-65"
0.0214186609381323,9.09230778562802,0.0143513629923987,0.904925791629953,0.982664613148535,"dct-18"
-0.0534174613177368,5.67179994262566,0.0143209179087985,0.905026341686215,0.982664613148535,"R08E3.3"
0.0631370530581186,5.22218749620939,0.0142937882460991,0.905116091132199,0.982664613148535,"ZC328.3"
0.04734568647943,6.03137621084779,0.0141326367685225,0.905649670680762,0.982664613148535,"ttll-4"
0.0444268193597068,6.15393825863722,0.0140529914651137,0.905914628029408,0.982664613148535,"qui-1"
-0.0244614067036812,8.5119310168867,0.01400048741408,0.906089671483669,0.982664613148535,"F53E2.2"
-0.0591111705591227,5.33777391829991,0.0139348098200405,0.906309427934836,0.982664613148535,"kel-8"
0.047365652091343,5.89322932803837,0.0138817323338116,0.906487021498458,0.982664613148535,"ttr-21"
-0.0646754583670239,5.16253546627401,0.013864879379107,0.906543789877469,0.982664613148535,"R11D1.1"
-0.0270331866243746,8.17953610677612,0.0138394204680686,0.90662889415176,0.982664613148535,"rpl-36.A"
-0.0363120776959493,6.72554650362651,0.0136886311694571,0.907136615602146,0.982664613148535,"lbp-2"
0.0582032816033842,5.35521319937898,0.0135527478341369,0.907596803990332,0.982664613148535,"rde-4"
-0.0501969172467653,5.70757829070179,0.0134153763862604,0.908064044535127,0.982664613148535,"lron-7"
0.0495945578598076,5.92484443415651,0.0133841743557071,0.90817049483633,0.982664613148535,"mog-2"
-0.0391630786194267,6.42269942804193,0.0133475312149026,0.908295669030601,0.982664613148535,"K03H1.5"
-0.0410109045684692,6.26063152109547,0.013333216767202,0.908344645827237,0.982664613148535,"Y56A3A.19"
0.0493270947474772,5.81711309477189,0.01316225266662,0.908931602590549,0.982664613148535,"F44B9.2"
-0.0567096211763537,5.48180134220358,0.013132604915316,0.909033867363782,0.982664613148535,"spr-2"
-0.0619498737755207,5.16870619619561,0.0130957776075282,0.909161075514006,0.982664613148535,"Y38F1A.2"
-0.0694341787878343,4.92332799862946,0.0130878270036466,0.909188612868459,0.982664613148535,"elb-1"
-0.0396848558662089,6.39307007174829,0.0130550569320542,0.909301495314856,0.982664613148535,"Y48A6C.4"
0.0182145436996791,10.1875703671892,0.0130377042806512,0.909361496904535,0.982664613148535,"aco-1"
-0.0575623986929479,5.33879076596088,0.0130057838081404,0.909472289172633,0.982664613148535,"cacn-1"
-0.0245759680788134,8.23350172933271,0.0129495807478136,0.909666997471276,0.982664613148535,"unc-83"
0.0497403746675409,5.66434860466731,0.012906833744218,0.909815704655366,0.982664613148535,"sucg-1"
-0.0379132900964359,6.55878408633286,0.0126938538170167,0.910559559328461,0.982664613148535,"ZK856.7"
-0.0432156613269392,6.10917860981812,0.0126567502320171,0.910689841923869,0.982664613148535,"coq-6"
-0.0284774584567662,7.49988945545688,0.0125931486369634,0.910913521402354,0.982664613148535,"M60.4"
-0.0221917078398458,8.55089864896616,0.0125400330715413,0.911100795661715,0.982664613148535,"cpna-1"
0.023974552831965,8.14842329152141,0.0124848925141709,0.911295640793104,0.982664613148535,"iffb-1"
-0.0390784694626619,6.28678545053713,0.0124569613749963,0.911394538386199,0.982664613148535,"dlat-2"
-0.0276737741047446,7.65115134283804,0.0124293830596505,0.911492231465818,0.982664613148535,"fard-1"
-0.042591849743879,6.06324361726689,0.0123913092494538,0.911627379075218,0.982664613148535,"cox-15"
0.0298406348929613,7.31788795099217,0.0123452146470461,0.911791169143698,0.982664613148535,"K05C4.2"
-0.0608902474700656,5.13622850606664,0.0123179794010798,0.91188844703844,0.982664613148535,"drl-1"
0.0373055513360039,6.48376631397127,0.0123076378115372,0.911924980038172,0.982664613148535,"zipt-7.2"
-0.0311271900049241,7.10778679606247,0.0122925102647394,0.911978883341401,0.982664613148535,"fars-1"
-0.052150346726107,5.51385863291154,0.0122835217945729,0.91201110454379,0.982664613148535,"Y67H2A.10"
-0.0296275233798401,7.28250402156197,0.0122459205045664,0.912145154671821,0.982664613148535,"clr-1"
-0.0499538724298021,5.67206842641263,0.0121149995472021,0.9126142372892,0.982954069807537,"cogc-5"
-0.0610614387164762,5.14380186444169,0.0120513261866328,0.912843448403059,0.982985096469156,"lad-2"
-0.0256542196455058,7.95522960478501,0.0118153496734599,0.91369721863939,0.983473048333358,"nst-1"
0.0436438865796938,5.91689256254034,0.0118132483915082,0.913704937226412,0.983473048333358,"tre-1"
0.0553207618958154,5.35174231905723,0.0117602576120406,0.913898094659215,0.983473048333358,"R07E5.7"
-0.0315793970152687,6.93727632423763,0.0116726875506248,0.914217773482004,0.98351676201083,"uaf-1"
0.0334117445846765,6.73203025739904,0.0116242295716053,0.914395322943577,0.98351676201083,"smc-3"
0.050332376033948,5.53914317321094,0.0115847899660388,0.914540255154209,0.98351676201083,"glr-4"
-0.0431314189397134,5.91737344159461,0.0111881831415765,0.91601015629386,0.984556018143695,"F23F1.5"
0.0387899991765198,6.20715420906652,0.011093251105525,0.916365873924645,0.984556018143695,"F22H10.3"
0.0302671204255289,7.06009679945424,0.0110887896811142,0.916382600283772,0.984556018143695,"ZC449.5"
-0.0585802338814427,5.17075966303514,0.0110752933261782,0.916433604349266,0.984556018143695,"fbxl-1"
-0.0309274364622492,6.90096297800916,0.0110497178003333,0.916529498621125,0.984556018143695,"T28H10.3"
0.0593199732119044,5.07533099031301,0.0110016278785869,0.916710975507085,0.984556018143695,"Y47G6A.21"
-0.0482787651180288,5.54793975138057,0.0108936876830975,0.917118893035577,0.984682354443032,"F10E7.9"
0.037925434209381,6.35599266177037,0.0108643313018738,0.917230107533173,0.984682354443032,"cam-1"
-0.048709568976213,5.5180017467691,0.0107706421285764,0.917586600966983,0.984849513729333,"sam-10"
-0.0195902336886796,9.21787652523585,0.0107152524501164,0.917797854418575,0.98486074730324,"sma-1"
-0.0333212149716008,6.54300931923249,0.0104454053109546,0.918835855368677,0.985758939322695,"Y47G6A.19"
0.0440561140594632,5.68525148941552,0.0101249469694334,0.920086369217324,0.986170733647792,"F08F8.10"
-0.0386456548540552,6.05484332260729,0.0100680408360545,0.92031043086988,0.986170733647792,"pacs-1"
-0.0555434507396843,5.1270476693038,0.0100366052200001,0.920434766513479,0.986170733647792,"C04F5.8"
0.0432418253056719,5.69154058277175,0.00992740973117098,0.920867131937114,0.986170733647792,"coq-1"
0.04384915130801,5.68606494031525,0.00992570183070009,0.920873916980322,0.986170733647792,"lnp-1"
0.0228533887969323,7.90542404823782,0.00992238219356876,0.920886993537501,0.986170733647792,"ard-1"
0.0558197457521907,5.08805998319666,0.00991213441948859,0.920928028841995,0.986170733647792,"hda-6"
0.0565348960553493,5.08782715004448,0.00988189974830928,0.921048314328733,0.986170733647792,"marb-1"
-0.0353643564918283,6.3018460181682,0.00985142377580678,0.921169470383604,0.986170733647792,"nuc-1"
0.042931477634242,5.68579663733323,0.00982038046478089,0.921293443110909,0.986170733647792,"nud-1"
-0.0229497413999737,7.82418939950608,0.0097652469901347,0.921513851359551,0.986170733647792,"lin-14"
-0.0503243789399558,5.34683088762414,0.00973574054439338,0.921632343127722,0.986170733647792,"hira-1"
-0.0308801893231493,6.71076328737477,0.00965851561470769,0.92194255519826,0.986287509977637,"pat-12"
-0.0303680971807946,6.70485879712255,0.00955293497617868,0.922368984250449,0.98633087188326,"C39E9.8"
0.0369652493155347,6.08468387197028,0.00954892469416347,0.922385261840676,0.98633087188326,"lec-8"
-0.052924515332841,5.12659780601313,0.009379949489716,0.923073106825538,0.986851261765315,"F10C1.9"
0.0477441955024942,5.3864998400683,0.00923946942903339,0.923649434441006,0.987127297916018,"algn-2"
-0.0298670901916745,6.72633146220372,0.00921895346532224,0.923733801719577,0.987127297916018,"mec-1"
-0.029428290659413,6.7500532091258,0.00904269483200809,0.924464150353329,0.987185679218574,"imb-1"
0.0528052443719077,5.08749203506573,0.00896576735168047,0.924785440297857,0.987185679218574,"Y49E10.21"
-0.034525213326307,6.3513653358519,0.00896543068450077,0.924786580889593,0.987185679218574,"cgp-1"
-0.0147926615875091,10.0106388745289,0.00889578222080319,0.925078393603691,0.987185679218574,"epi-1"
-0.0399915634679573,5.85395455752861,0.00874309815837709,0.925722304970079,0.987185679218574,"lin-9"
-0.0233010897000507,7.51404284044137,0.00870315409790562,0.925891605329333,0.987185679218574,"dot-1.1"
0.0389951793090385,5.79302596515381,0.00866096633608479,0.926070997610266,0.987185679218574,"dhs-24"
-0.0304486480938353,6.55765789387097,0.00864413670370564,0.926142582789892,0.987185679218574,"chch-3"
-0.0473086630770472,5.30146604116169,0.0086205297997131,0.926243410517716,0.987185679218574,"ptr-13"
-0.0308844688424111,6.57928190305769,0.00858234678755492,0.926406263454037,0.987185679218574,"R06F6.8"
-0.0261717212733747,7.09886109546649,0.00857035078677743,0.926457555758252,0.987185679218574,"Y57G11C.9"
0.0252150679413764,7.22487864755153,0.00853514281131505,0.926608335149018,0.987185679218574,"timm-23"
0.0454468844813299,5.45365659062542,0.00850985270777065,0.926716997439068,0.987185679218574,"lpl-1"
-0.0288871082021202,6.65755768240198,0.00845346066823166,0.926959366032671,0.987185679218574,"nhr-119"
0.0470108623634941,5.26228042332201,0.00827959184183586,0.927712506387374,0.987185679218574,"Y32B12B.4"
-0.0290600555932135,6.60884898721767,0.0082707861688116,0.927750637983863,0.987185679218574,"pptr-1"
-0.0338503892017976,6.11752503126476,0.00822177413332478,0.927964457360374,0.987185679218574,"Y39A1A.22"
-0.0238795858147057,7.31554111549419,0.00809686037851678,0.928512232824533,0.987185679218574,"F56F10.1"
-0.0571769980457435,4.84336016985539,0.00803675574688941,0.928777656926233,0.987185679218574,"nhr-131"
-0.0181847371577894,8.37754332554807,0.00803057175728048,0.928804668108236,0.987185679218574,"hel-1"
-0.0161059422862879,9.02114606936834,0.00798494050788445,0.929006682551629,0.987185679218574,"ssl-1"
0.0274938537878232,6.81730739195313,0.00798379119249557,0.929011790253189,0.987185679218574,"ced-5"
0.0257320123608006,6.98687024431722,0.00794210802863634,0.929196846666423,0.987185679218574,"istr-1"
0.0407629289089868,5.56039961263342,0.00793487579180794,0.929229128416722,0.987185679218574,"T01H3.2"
0.0202675854185426,7.8977365748322,0.0078356398307787,0.929671756759208,0.987185679218574,"gcst-1"
0.0389642320189135,5.69081021306632,0.00777227426760962,0.929956051591369,0.987185679218574,"ape-1"
-0.0319863783530356,6.38713299233059,0.00772021402385313,0.930190340470001,0.987185679218574,"ensa-1"
0.0255691162018791,6.95096516292683,0.00771607485851152,0.930208994912228,0.987185679218574,"rimb-1"
0.0234589748033811,7.28164921492279,0.0077084607285549,0.930243344719188,0.987185679218574,"sor-1"
-0.0210955147727153,7.69093737643101,0.00767370025240986,0.930400392203217,0.987185679218574,"pghm-1"
-0.0349158099889162,5.90447604266543,0.00766440396779115,0.930442512521022,0.987185679218574,"cfim-2"
0.0149175676125803,9.39587607884489,0.00765103305381562,0.930502993986033,0.987185679218574,"let-70"
0.0486964724803245,5.08881403206994,0.00763238917606478,0.930587774353545,0.987185679218574,"cku-80"
0.0240879639299379,7.137525100354,0.00762273489628234,0.930631311051312,0.987185679218574,"F07E5.5"
-0.0494917184275377,5.1139695419276,0.00747139483737511,0.931321882669489,0.987704612863534,"cpd-2"
0.0391548484029389,5.5859354620437,0.00738730566966475,0.931708348781656,0.987900875653702,"F59A6.5"
-0.0104946222522633,12.5386041069945,0.00727672932495881,0.932220001924861,0.987950604862704,"act-4"
0.0478047320178144,5.08820621277679,0.00725469853154662,0.932322698932172,0.987950604862704,"viln-1"
0.0143391432303739,9.31937216704571,0.00724673446622083,0.932359500491225,0.987950604862704,"glt-1"
-0.0264746772376334,6.6680195446454,0.00707010737548481,0.933186924068239,0.988613793208362,"Y82E9BR.16"
0.0213786244214328,7.43434603278647,0.00701248016597288,0.933459116698173,0.988688613129894,"hum-7"
-0.0433081894197609,5.29694659453821,0.00690601378310832,0.933965182014941,0.988739505066938,"T10B5.7"
-0.015534241301379,8.8234038706614,0.00689160264703802,0.934033760898355,0.988739505066938,"B0511.6"
-0.0107994013572359,11.6043234072855,0.00684503999761256,0.934256470083213,0.988739505066938,"nep-17"
0.0179291417147416,8.0645630020687,0.00683314738960857,0.934313477265088,0.988739505066938,"fat-4"
-0.0235951443016609,7.18214007590299,0.00674614343296679,0.934732046455365,0.988778789038293,"xrn-2"
0.0155837553790315,8.69184763274396,0.00670363116754073,0.934937549416835,0.988778789038293,"vwa-8"
0.025879221606781,6.6758497197994,0.00665389660894182,0.935178819678869,0.988778789038293,"tftc-1"
-0.0431021384858898,5.2680573532055,0.00664554978010316,0.935219587815729,0.988778789038293,"R05A10.2"
0.0253007407061262,6.68222286129481,0.00656025879960432,0.935635522333289,0.988778789038293,"cchl-1"
0.0289157768509042,6.28286193226882,0.00653773285321022,0.935745891571147,0.988778789038293,"rpm-1"
0.0289581585533455,6.24297546019891,0.0065345095499717,0.935761700043987,0.988778789038293,"dhs-6"
0.0342228236671659,5.79683880646424,0.0064929269145707,0.935966015030525,0.988781672135413,"tra-4"
0.0163503578238963,8.34390253452549,0.00622519673957957,0.937297204656665,0.989883363091119,"Y43F8B.2"
0.0421192104377556,5.26355797930366,0.00617869830658695,0.937531526285942,0.989883363091119,"nlp-71"
0.0155693961277875,8.48421087674183,0.00613917425504633,0.937731036354719,0.989883363091119,"vha-1"
0.0205161153134901,7.38314791028276,0.00612237805383283,0.937816103625776,0.989883363091119,"zfp-1"
-0.0160013157992886,8.36055117877157,0.00602005396941236,0.938336870192281,0.990150655140494,"T24B8.7"
-0.0400460191664958,5.29510149256752,0.0059438574559198,0.938727746513601,0.990150655140494,"Y63D3A.7"
-0.0437155101808116,5.08350683087998,0.00583479421682719,0.939291433323943,0.990150655140494,"zag-1"
-0.0349654865513034,5.58467002577928,0.00580224178971166,0.939460549498709,0.990150655140494,"pigv-1"
-0.0233944767388815,6.77834177968481,0.00574128933021483,0.939778660007103,0.990150655140494,"vps-15"
0.0375546358765165,5.4227384224912,0.00572649761764011,0.939856272224332,0.990150655140494,"ugt-61"
-0.0330420527559433,5.75330849537595,0.00571750318031342,0.939903358353139,0.990150655140494,"K02F2.5"
0.0360102434527923,5.45825448858375,0.00563479417312243,0.940338852478404,0.990150655140494,"ugt-41"
0.0248412916213159,6.48440865413956,0.00562775522202893,0.940375938262174,0.990150655140494,"Y92H12A.4"
-0.0212676110072923,7.05407614903247,0.00558764869541314,0.940588363720163,0.990150655140494,"dli-1"
-0.015661074974965,8.2484858132522,0.00558360986722992,0.940609792996542,0.990150655140494,"timm-17B.1"
0.014040501298451,8.85401434533062,0.00553531335268992,0.940866722373486,0.990150655140494,"cbp-1"
0.0173537368124385,7.79824313115862,0.00549275132307694,0.941094083953683,0.990150655140494,"mma-1"
0.0362020794620217,5.41650827708973,0.00543663148254967,0.941395366415603,0.990150655140494,"gly-10"
0.0408531542778656,5.1355160779662,0.0054287710387844,0.941437746784611,0.990150655140494,"glh-4"
0.0505488417013507,4.71944332143459,0.00541987104594044,0.941485683756635,0.990150655140494,"lim-7"
0.0442563330941577,4.9268436081813,0.0054170254691464,0.941501051085681,0.990150655140494,"M01E11.2"
0.0188790963242797,7.36812644322739,0.00529648065488876,0.94215417931653,0.990308514234192,"fubl-2"
0.0372808333795102,5.29908771507596,0.00527878507891076,0.942250887646631,0.990308514234192,"hex-3"
-0.04080843629503,5.08445269475502,0.00524207685546438,0.942451729913151,0.990308514234192,"W02B12.10"
-0.0260322229926587,6.25712660569398,0.00524075956383038,0.942458745044895,0.990308514234192,"dpt-1"
0.0220058447024924,6.7942160580971,0.00517438016068896,0.942823660186013,0.990479771516897,"soc-2"
0.0283994081562527,5.94396594750668,0.00512458939273811,0.943098976856245,0.99055684828263,"Y54G2A.45"
0.0114780853931518,9.57263342598463,0.00499894862889756,0.94379959620993,0.9910699144124,"nuo-1"
-0.0167281812245751,7.89656241750146,0.0049647989516894,0.94399156781544,0.9910699144124,"ech-6"
-0.020606936188126,6.91686212631335,0.00484160332865139,0.944689682406329,0.991416296032173,"uaf-2"
0.0272680820603551,5.96519188994019,0.0048352883522049,0.944725742641055,0.991416296032173,"fkb-1"
0.0240260468119757,6.36583189516789,0.0047813707706327,0.945034260773595,0.991417694608948,"tsp-8"
0.0155819991238294,7.99944033347898,0.00471714864947275,0.945404042235091,0.991417694608948,"T02H6.11"
-0.0132133588792035,8.61092889472673,0.00466414459069671,0.945711155520498,0.991417694608948,"stt-3"
0.0346581539538121,5.33042276654596,0.00466012225824625,0.945734685839581,0.991417694608948,"mlc-4"
-0.0260153581434704,6.00569969477319,0.00452348523828693,0.946534802913996,0.991417694608948,"K09F5.6"
-0.0189307061016542,7.04266083398112,0.00448345139443858,0.946771527518108,0.991417694608948,"arp-1"
0.0275252497658994,5.85514515425411,0.00447982888060335,0.946793050034658,0.991417694608948,"mrps-23"
0.0211341382015665,6.78575193551679,0.00447773352151009,0.946805432033501,0.991417694608948,"F53H1.1"
0.0287581810409128,5.71850544547162,0.00447225303216411,0.946838008831449,0.991417694608948,"mab-31"
0.0220815218809209,6.49632921556919,0.00445385986481971,0.946947220918297,0.991417694608948,"Y53G8AR.9"
0.0102046082632034,9.98448071669428,0.00444152340789582,0.94702062003994,0.991417694608948,"tkt-1"
-0.0135144701246031,8.42369671973254,0.00441939545415035,0.947152562066775,0.991417694608948,"let-19"
-0.0176828881728662,7.25666840688775,0.00437379337195308,0.947425525465671,0.991491828975703,"hsp-12.2"
0.023371765268755,6.24392430301792,0.00425196078461757,0.948161885842765,0.991953234168413,"ilcr-2"
0.0137364196894608,8.25905883536744,0.00423110700923636,0.948288958151683,0.991953234168413,"T04F3.1"
0.0193709084918278,7.04331949934129,0.00418311228708793,0.948582670968365,0.991953234168413,"cdgs-1"
0.0184406161662011,7.0062390081987,0.00416802376724459,0.948675356061983,0.991953234168413,"ddl-3"
-0.0152229013875936,7.7482900768953,0.00408582731991284,0.949183247257158,0.992251917600841,"pdf-1"
-0.0244023214358153,6.05593784572749,0.00405652185266149,0.949365596187716,0.992251917600841,"B0310.1"
0.0286310360551729,5.60140722795155,0.00397265592585889,0.949891093347447,0.992589649098685,"stl-1"
0.01993229788977,6.64590509590283,0.00390627557920735,0.950310868200551,0.992771831928895,"Y54G2A.18"
0.0293797047286452,5.54424863183926,0.00373408952085045,0.951417014696275,0.992771831928895,"glc-4"
0.0197142007053911,6.62457303422441,0.00373405328135824,0.951417167938024,0.992771831928895,"Y48C3A.12"
0.0234887593937676,6.13519620102963,0.00373004520980333,0.951443233015891,0.992771831928895,"rig-6"
-0.0183088274455216,6.89361032061222,0.00369296120677654,0.951684888505634,0.992771831928895,"ran-3"
-0.0193705249071749,6.66684679344385,0.00358617240486832,0.952387719516657,0.992771831928895,"imb-2"
0.0195589181662708,6.52296151362825,0.00356321419701668,0.952540187152016,0.992771831928895,"Y54E10A.11"
0.0159676295640162,7.22125541069854,0.00345198742138895,0.953285911624698,0.992771831928895,"dnc-1"
0.0296937312257946,5.328817906346,0.00344536404269347,0.95333082401082,0.992771831928895,"cyp-25A2"
-0.0149661163912287,7.44733958047344,0.00343120459446175,0.953426581562736,0.992771831928895,"mars-1"
0.0216665194027073,6.15535509896026,0.00340404944127283,0.953611052230854,0.992771831928895,"klp-7"
0.0251358157045827,5.71887394580375,0.00339486553056312,0.953673637616883,0.992771831928895,"max-1"
-0.0110034606908809,8.8137422622813,0.00336497632806471,0.953877728297207,0.992771831928895,"lec-3"
0.0226307505803516,6.00709081153356,0.00334529313365869,0.954012701290568,0.992771831928895,"mrpl-11"
-0.0211251763917002,6.19998142741456,0.00331595155027382,0.954214585390286,0.992771831928895,"mrpl-28"
0.0275678175688203,5.45332097155546,0.00326181946139783,0.954589508662411,0.992771831928895,"B0228.7"
-0.011761127166441,8.26098959442857,0.00323002501759617,0.954811024162934,0.992771831928895,"cgh-1"
0.0132818258256332,7.74706333489958,0.00321025414990921,0.954949387478779,0.992771831928895,"zer-1"
0.021709108416922,6.11505929420428,0.00318512437996511,0.955125896156283,0.992771831928895,"ppk-3"
-0.0218034243717264,5.9678806851125,0.00311813489684735,0.955599806305944,0.992771831928895,"vps-16"
0.0258182203885785,5.60337274082561,0.00309407389713797,0.955771307403207,0.992771831928895,"daf-14"
-0.0326234497363657,5.01333126268122,0.00308813976222712,0.955813808048101,0.992771831928895,"F54D5.5"
-0.0272043467955978,5.38966340410906,0.00307205019832951,0.955928871490225,0.992771831928895,"R151.10"
-0.0149692111076628,7.34895253123421,0.00303447967740664,0.956198804951799,0.992771831928895,"H34I24.2"
0.0154832128911966,7.07476699097374,0.00302758920933724,0.956248514284626,0.992771831928895,"unc-11"
0.0302881327726335,5.17805401779465,0.00302216660747863,0.956287823714189,0.992771831928895,"col-94"
0.0153938446330711,7.16063939362885,0.0029594917719782,0.956742851286382,0.992771831928895,"sem-4"
0.0277782529367007,5.30032774443642,0.00291917798705556,0.957038314482277,0.992771831928895,"sup-12"
-0.0259932844091166,5.42205127102337,0.00288801768187659,0.95726797465001,0.992771831928895,"heh-1"
-0.0264562638128299,5.38229369325569,0.00283110878791898,0.957690691393205,0.992771831928895,"cysl-1"
-0.0304692500542375,5.04066220912916,0.00280656699398763,0.957874363435695,0.992771831928895,"C06E7.2"
-0.0208166800389773,6.0037999927242,0.00277357746368153,0.958122301072868,0.992771831928895,"rnp-5"
-0.0153107600250413,6.96225679511832,0.00272839483802627,0.958464462642622,0.992771831928895,"cox-7C"
0.0170139592302809,6.54676121014341,0.00270803507667625,0.958619588627051,0.992771831928895,"lst-4"
-0.0223544480202392,5.69000408868102,0.00268233863076639,0.958816254017833,0.992771831928895,"gpb-2"
-0.0138371192382514,7.30341079480789,0.00266954182124597,0.958914467523114,0.992771831928895,"sptl-1"
-0.0222581628049415,5.69751175949618,0.00265508434846745,0.959025826274929,0.992771831928895,"zmp-3"
0.0224729998318118,5.76262238712909,0.00264618813298055,0.959094461455991,0.992771831928895,"ttc-7"
0.0226125206254302,5.64532593243372,0.00261289009727039,0.959352425770404,0.992771831928895,"F43G9.12"
0.0180168044207757,6.33269411353527,0.0026094717182168,0.959378952409278,0.992771831928895,"gei-6"
0.011654413872342,7.98208774390042,0.00260545058026353,0.959410220637036,0.992771831928895,"nid-1"
-0.0171919625770932,6.42490399989952,0.00258667603011589,0.959556611195165,0.992771831928895,"hrg-1"
-0.0251553691533857,5.39658453036492,0.00256644132052025,0.959715061628417,0.992771831928895,"T16G12.6"
-0.0228771891632283,5.65389086494391,0.0025551532048195,0.959803634510579,0.992771831928895,"C09D4.1"
0.0204120832944377,5.88073332978283,0.00254115895933503,0.959913744187495,0.992771831928895,"slc-25A10"
-0.0190919766945255,6.04138667980702,0.00251752023641703,0.960100457493962,0.992771831928895,"arx-4"
0.0187576032288344,6.0676768216557,0.00246072910461368,0.960552680245083,0.992771831928895,"unc-78"
0.0268414604329316,5.20464589294064,0.00240139958865085,0.961030847992686,0.992771831928895,"imp-3"
0.0128979822786541,7.36638056895134,0.00240106799644015,0.961033406446271,0.992771831928895,"mrpl-50"
0.0189094892609818,6.0012628778925,0.00235170872903367,0.96143571289223,0.992771831928895,"ife-2"
-0.0131366337072031,7.2290855422618,0.00234556775342859,0.961486032513186,0.992771831928895,"nuo-2"
-0.0254128682769688,5.18659753680562,0.00226901047675037,0.962119418197884,0.992771831928895,"C49H3.6"
0.00754912482221586,10.0160452742407,0.00222803538621213,0.962462619985846,0.992771831928895,"far-1"
0.0138358035391702,6.87950587304511,0.00220427069706378,0.962663203833887,0.992771831928895,"Y51H1A.3"
-0.023961827798802,5.36619592126514,0.00219808240324438,0.96271570637437,0.992771831928895,"T22F3.2"
-0.0149451003451916,6.63750690912703,0.00219662199358222,0.96272799303669,0.992771831928895,"piki-1"
-0.028760264760058,4.96963522336035,0.00217491856577231,0.962912598629372,0.992771831928895,"ghi-1"
-0.0205511798070088,5.73955079961437,0.00217407404032139,0.962919679260661,0.992771831928895,"vrk-1"
-0.00921764930157175,8.50799211315362,0.00216196066066887,0.963023002991589,0.992771831928895,"mrp-5"
0.0144581918381074,6.76867514761385,0.0021328666092012,0.963272476237845,0.992771831928895,"1-Jun"
-0.0215591105171488,5.60344001226229,0.00212234023143458,0.963363210331383,0.992771831928895,"sec-6"
-0.0177515559901677,6.20512073617133,0.00210173236512873,0.963541343603456,0.992771831928895,"Y47G6A.18"
-0.016246183423899,6.31325537031296,0.00207056289638227,0.963812507780309,0.992771831928895,"aqp-1"
-0.0147109773904232,6.5865754342425,0.00206908090917151,0.963825446283386,0.992771831928895,"cTel55X.1"
-0.0172466834534171,6.18487250295652,0.00206444038888184,0.963866016522501,0.992771831928895,"ccr-4"
0.0162662576471163,6.23520421242296,0.00203374983112684,0.964135424093784,0.992771831928895,"gei-1"
-0.0218107799157182,5.39021528551912,0.00199283650372228,0.964497833437251,0.992771831928895,"pig-1"
-0.0250702606511821,5.16322591421628,0.00199061947061484,0.964517613195096,0.992771831928895,"Y71G12B.10"
-0.0142176898804448,6.73301211494569,0.00198719950628462,0.964547962938753,0.992771831928895,"D2092.4"
0.0145804737649077,6.53161740101791,0.00195164332481467,0.964866351076822,0.992771831928895,"lin-36"
0.0184368905935424,5.7624171720946,0.00187757389240373,0.965539104174052,0.992771831928895,"klu-1"
-0.0177207791038117,5.8390402246995,0.00186503393554055,0.965654297030007,0.992771831928895,"M117.1"
-0.0201632426565583,5.50517730022358,0.00181365347546308,0.966130443524989,0.992771831928895,"spin-1"
0.0186764301050918,5.67848004046611,0.00180576731828322,0.966204094564501,0.992771831928895,"Y65B4BL.1"
-0.0182347276899688,5.71464831776717,0.00179846394227707,0.966272461106078,0.992771831928895,"C39H7.4"
-0.0246976954571277,5.00674153923383,0.00177388407320892,0.966503692663298,0.992771831928895,"W02H5.2"
-0.0174787535991076,5.8479560750412,0.00176421997318938,0.966594897710543,0.992771831928895,"copz-1"
-0.0172104178325475,5.81434075309254,0.00174098932356657,0.966815433298628,0.992771831928895,"T09F3.2"
-0.00961617356983496,7.91608731460248,0.00173340606184115,0.966887706216128,0.992771831928895,"tomm-40"
-0.0149796833415443,6.25349668482756,0.00166816440504722,0.967516476210962,0.992771831928895,"tos-1"
-0.0191531417013445,5.51713818262003,0.0016209034591826,0.967979725735313,0.992771831928895,"Y43F4B.7"
-0.0213858595303807,5.1858041087494,0.00161513962534477,0.968036723072913,0.992771831928895,"R02F2.9"
0.0113570542120547,7.04352209737691,0.00161481094853226,0.968039865555973,0.992771831928895,"aka-1"
-0.010147498811474,7.49812900170937,0.00160159425794065,0.968170853016517,0.992771831928895,"unc-94"
0.0142846544658044,6.33872760162831,0.00153313704725498,0.968858171186234,0.992771831928895,"C02D5.4"
0.0140058094690157,6.26040702699253,0.00152330861966657,0.96895810196363,0.992771831928895,"tag-260"
0.00860569717686113,7.96223528112555,0.0014718145415693,0.969487007012614,0.992771831928895,"myrf-2"
0.0188377435487054,5.40479732978651,0.00141284721340536,0.970104273539758,0.992771831928895,"nduf-6"
0.0176977609328676,5.4936675995403,0.00140554615901656,0.970181571131091,0.992771831928895,"pisy-1"
0.0121824734731878,6.73269826524111,0.00139503773421612,0.970293137112177,0.992771831928895,"mnat-1"
0.0139096620936803,6.16427930833099,0.00137097209461634,0.970550376925983,0.992771831928895,"his-67"
-0.00963370377854237,7.35044485272403,0.00135971136717478,0.970671502429143,0.992771831928895,"dcn-1"
0.0110676209722588,6.8753691817682,0.00135381353854294,0.970735151805877,0.992771831928895,"gst-20"
-0.0165090786653924,5.65868679497629,0.00134916246140414,0.970785481497689,0.992771831928895,"dnj-14"
0.0114041729152327,6.70850124562616,0.0013447384943094,0.970833359239788,0.992771831928895,"cpt-2"
0.00920651149039449,7.45237585600904,0.00128351842244222,0.971504709569446,0.992771831928895,"nmt-1"
-0.00952798140301877,7.37081728317353,0.00128013881505126,0.971542233480595,0.992771831928895,"nep-2"
-0.0110093333858094,6.84547835585857,0.00127633781974804,0.971584497674854,0.992771831928895,"mrps-22"
-0.00776058149460209,8.0894758193344,0.00126588628474995,0.971701025888731,0.992771831928895,"apb-1"
0.00610629380044454,9.22475638903499,0.00124323557004593,0.971955240024316,0.992771831928895,"pat-10"
-0.00932820178402921,7.34994164857517,0.00123045415691887,0.972099715343247,0.992771831928895,"slc-25A42"
-0.00597918483459735,9.2983206167911,0.00123034794597654,0.972100916809934,0.992771831928895,"lam-1"
0.0125397329943456,6.24215954904943,0.00120581891578475,0.972380322336045,0.992771831928895,"vab-1"
0.00818678968080474,7.74454579959142,0.00118054268001386,0.97267120822542,0.992771831928895,"kin-3"
-0.0168771622719185,5.3884705603898,0.00117897062929132,0.972689471673834,0.992771831928895,"swsn-6"
0.00805614266735363,7.79034085236346,0.00117581901395315,0.972725916116966,0.992771831928895,"nrfl-1"
-0.0169862246800226,5.35057853353679,0.00116199365926991,0.972886744945397,0.992771831928895,"prg-1"
0.0101622182363033,6.90415061973468,0.00114063074540082,0.973136969913558,0.992771831928895,"letm-1"
0.0163918781466265,5.40137772376052,0.00111123248499795,0.973485340299002,0.992771831928895,"stn-2"
0.00901447351581063,7.25462462077962,0.00110870851512125,0.973515394042074,0.992771831928895,"Y61A9LA.3"
0.0106732644865903,6.67193893119418,0.00109520113058888,0.973677162529993,0.992771831928895,"bec-1"
0.00600101332856323,8.94921117093483,0.00103566062064431,0.974402418041995,0.992771831928895,"clec-50"
0.0169646065563707,5.24332195475816,0.00101131857386558,0.974705005893146,0.992771831928895,"K03H6.2"
-0.00794021791973552,7.58435962888722,0.00101013747868097,0.974719695557265,0.992771831928895,"flp-14"
0.0112374288350969,6.26793137814448,0.00100775415205604,0.974749535828425,0.992771831928895,"ZC506.1"
0.0126773941834124,5.95043947933997,0.00100129851978507,0.974830524723513,0.992771831928895,"F16A11.1"
0.0100481302027683,6.65598246102397,0.000999353891038721,0.974854954341587,0.992771831928895,"ced-1"
-0.00689683618664468,8.07575342835392,0.000989474436554619,0.97497950643063,0.992771831928895,"T02B11.3"
0.0108293600839959,6.38704134261711,0.000986690422666865,0.975014726721521,0.992771831928895,"nstp-5"
0.00524209948684189,9.746656060173,0.00098337976869631,0.975056655984869,0.992771831928895,"fat-6"
0.00900944614172402,7.13703419744316,0.000966658729559057,0.975269562042476,0.992771831928895,"dur-1"
0.016910870678895,5.21175230806053,0.000964808238195216,0.975293318021923,0.992771831928895,"C54E10.6"
0.00989108986000823,6.68740716829571,0.000953398710860642,0.975439713694305,0.992771831928895,"pyk-2"
0.00515653086252007,9.35381551445465,0.000932462252882561,0.975710789461342,0.992771831928895,"T23E7.2"
0.0139565613618224,5.54906019966004,0.000927324852894961,0.975777817707657,0.992771831928895,"PDB1.1"
0.014029189585559,5.54674382088513,0.000908693608422707,0.976022305754959,0.992771831928895,"R07E5.19"
0.014481004379313,5.51138935151498,0.00090680648498656,0.976047211826685,0.992771831928895,"W02D9.2"
0.011147007081307,6.13015198276277,0.000899435942694352,0.976144690217763,0.992771831928895,"aqp-8"
0.0115849417853686,6.02790115086407,0.000885470007906316,0.976330567950803,0.992771831928895,"W02D9.10"
-0.0100009698179732,6.40149269496866,0.000881965244747922,0.976377434704381,0.992771831928895,"anat-1"
0.0160973243138527,5.24608991800282,0.000861981465911211,0.97664657991579,0.992839683831492,"figl-1"
0.0109171411530386,6.08103884997742,0.000810708104379166,0.977351540632431,0.993196434396999,"grk-1"
-0.00821586706528608,7.00907372142606,0.000807063260018148,0.977402484981511,0.993196434396999,"erfa-1"
0.00777308992033744,7.10683661594349,0.000759470382035128,0.978078725078586,0.99328054336779,"F54E2.1"
0.00845808728134423,6.81413834321329,0.000737532219409969,0.978397577004109,0.99328054336779,"ttr-26"
0.0114652341162563,5.79381253370816,0.000737207645935898,0.978402350591228,0.99328054336779,"C08F8.2"
0.0106461726722306,6.04202492244757,0.00073138182332382,0.978487826840839,0.99328054336779,"fce-1"
-0.00660394449255485,7.54234768319961,0.000720203011434853,0.97865280821714,0.99328054336779,"lin-40"
0.0152727585159388,5.03089415613083,0.000695106214868806,0.979028044113794,0.99328054336779,"maea-1"
-0.013029909175876,5.34863350143805,0.000690193936972205,0.979102232395085,0.99328054336779,"Y53C10A.5"
-0.0156592842159238,4.96297457155727,0.000682604066041483,0.97921746077917,0.99328054336779,"pmk-3"
-0.00964394828862444,6.19855203718989,0.000663897712829849,0.979504061445653,0.99328054336779,"pqn-74"
0.0125464064217275,5.4085313712745,0.000663496627736809,0.97951029322528,0.99328054336779,"dgk-5"
0.00523140685053715,8.2529052461038,0.000629036572955755,0.980049309722978,0.993621716451263,"smd-1"
-0.0109607892560646,5.63978392926425,0.000607766500525068,0.980389474178784,0.993653574904918,"suox-1"
0.00661269042548497,7.35389028697906,0.000594468304955759,0.980605131662673,0.993653574904918,"C16A3.6"
-0.00832956244073687,6.37368526063632,0.000589369679790493,0.98068847219464,0.993653574904918,"F52C9.3"
-0.00481567713843059,8.45827805651431,0.000554629717161224,0.981266151799742,0.993869951726361,"spp-17"
-0.0108847199036997,5.53379355279178,0.000552199198159239,0.981307273437465,0.993869951726361,"K07C5.3"
0.00721740548644504,6.62116756261469,0.000509006724142745,0.982053058963621,0.994265368243881,"ZK1320.11"
0.0102882938479905,5.54668480398805,0.000502944083244983,0.982160271335366,0.994265368243881,"zip-3"
0.00707333432434082,6.48559481621999,0.00045951147715158,0.982947798486821,0.994265368243881,"ehs-1"
0.00721531102962433,6.37898733892696,0.000446620155264159,0.983188659204966,0.994265368243881,"lin-45"
0.00717483109183349,6.4431697153829,0.000446356754208897,0.983193615925342,0.994265368243881,"asd-2"
-0.00719283712493072,6.46660592095386,0.000443311761541308,0.983251030770098,0.994265368243881,"emb-30"
0.00834162007175299,5.93913788868689,0.000426762686196027,0.983566591488482,0.994265368243881,"cyk-1"
0.00842414132352441,5.91858360464662,0.00042397087147828,0.983620425054842,0.994265368243881,"prmt-7"
-0.00622711201976454,6.97774839435103,0.000423652741148266,0.983626558287673,0.994265368243881,"F23H11.4"
0.00559480225156491,7.29030339885184,0.000418586620410676,0.983724736409288,0.994265368243881,"mtch-1"
-0.00783345804123914,6.10595813099714,0.000393992866943311,0.984210036733216,0.99433235231484,"cgt-1"
-0.00833854107605249,5.74325807300577,0.000374322963475458,0.984609195661454,0.99433235231484,"taf-3"
0.00769240931220272,5.98230512962397,0.000370413348966455,0.984689763272528,0.99433235231484,"pcn-1"
0.0111240267512613,5.09841309541387,0.000360518923498947,0.984895651160485,0.99433235231484,"C14A11.9"
-0.00951639188550398,5.31699195560263,0.000349977834113189,0.985118063796732,0.99433235231484,"sqv-6"
-0.00783497831190824,5.76756425983968,0.000339604039071102,0.985340232679902,0.99433235231484,"etc-1"
-0.00361108423856339,8.52062775847789,0.000335976427881599,0.985418713425387,0.99433235231484,"unc-116"
-0.0036831246855973,8.59347152664988,0.000334435134872432,0.985452193914284,0.99433235231484,"cab-1"
0.00376159842143682,8.29775233417615,0.000326969280583273,0.985615473385271,0.99433235231484,"cox-6B"
-0.00388713269829826,8.01290739842324,0.000307532336822449,0.986049527692518,0.994438282311885,"F21C10.7"
0.0078131602701067,5.69700087966805,0.000304172499393553,0.986125954162081,0.994438282311885,"T19D12.6"
0.0053519835297561,6.61190449029565,0.000265366209729102,0.987041064539776,0.994913773441249,"Y69A2AR.16"
-0.0043955098893289,7.29231833717637,0.000255479061058897,0.987284748351548,0.994913773441249,"epg-3"
0.00316508755132056,8.42084595384613,0.000237409338490362,0.987742622627151,0.994913773441249,"suca-1"
0.00789402469353226,5.23766612941391,0.000224235037741775,0.988087581050728,0.994913773441249,"let-268"
-0.00573014223079077,5.99364482339544,0.000218888783909183,0.988230406719302,0.994913773441249,"F38A5.2"
0.00520064351703307,6.34000568706611,0.000218586412004018,0.988238533969724,0.994913773441249,"egl-15"
0.00453414829392216,6.75735943416591,0.00021006019961523,0.988470181425574,0.994913773441249,"rbm-34"
0.00756597201027057,5.21488578935712,0.000203081497621696,0.98866334624492,0.994913773441249,"tyr-2"
-0.0051204334446181,6.20729781525852,0.000201661314801921,0.988703019713584,0.994913773441249,"ptr-23"
-0.00337204509340004,7.8921537840302,0.000196138323710963,0.988858776114987,0.994913773441249,"patr-1"
-0.00313958397189831,7.91477693059845,0.000193517817007488,0.988933447654498,0.994913773441249,"dnj-29"
0.00235598014115607,9.39631361219151,0.000190103181108725,0.989031510560556,0.994913773441249,"nep-22"
0.00213168202220611,9.51984066344289,0.000169275330374162,0.989649758342791,0.99529028070085,"R53.4"
-0.00405123391759416,6.76987803695449,0.000164022138580643,0.989811618605249,0.99529028070085,"R09A8.5"
0.00651800515436101,5.24891659302529,0.000156646133776534,0.990043355078101,0.995319257359722,"K05F1.10"
-0.00203148508324706,9.41925363251553,0.000147752892661029,0.990330072305046,0.995403484560707,"zip-2"
0.00293845405308485,7.63450733162621,0.00014090302430546,0.990556872212822,0.995427465315282,"unc-112"
0.00425530657766002,5.80196529267928,0.000105069779989422,0.991845510503074,0.996420577119199,"nhr-45"
0.00436350781261241,5.75483359154492,0.000100673507688858,0.992017926115353,0.996420577119199,"F20A1.1"
0.00251578520276715,7.43593556476015,9.3692610416154e-05,0.9922996258299,0.996420577119199,"unc-14"
-0.00172817166504046,8.99053432625753,9.22846706322166e-05,0.992357700148275,0.996420577119199,"abts-1"
-0.00286061183623202,6.63867965374579,7.93507765713422e-05,0.99291343569272,0.996633838987215,"ndnf-1"
-0.00411588541909111,5.49016872001095,7.79212017226421e-05,0.992977572620162,0.996633838987215,"cogc-6"
-0.00478629774698051,5.24845373436766,7.35011653382518e-05,0.993179654428034,0.996633838987215,"dgk-2"
-0.00196732019917191,7.10200395362476,4.81763578205487e-05,0.994478215467841,0.997641382298448,"atm-1"
-0.00252618505856091,6.21746625257274,4.33196529984577e-05,0.994763933454644,0.997641382298448,"dhs-18"
-0.0035373231774969,5.15630884669261,3.98147419172759e-05,0.99498023373443,0.997641382298448,"T05A12.3"
-0.000908938378050027,10.819698250302,3.95445510188004e-05,0.994997276698065,0.997641382298448,"gdh-1"
0.00270921026541457,5.58872852240636,3.32184187799129e-05,0.995414862908201,0.99782971061906,"F02E9.10"
-0.00106514044239902,8.71361263173319,3.07016595257009e-05,0.995591968148763,0.99782971061906,"phb-1"
0.00200333146658044,5.42220277510421,1.64676414389123e-05,0.996771658142096,0.998688270795556,"Y53F4B.9"
-0.00219322365924148,5.10826336907487,1.56203099008887e-05,0.996855815252812,0.998688270795556,"dpm-1"
-0.0013130197583975,5.82538792044158,9.24905786909745e-06,0.997580566677662,0.999079543863345,"T20F5.6"
-0.00123392043287028,5.66331420064985,8.69805010081649e-06,0.997653742271695,0.999079543863345,"nlp-36"
-0.000484883847593926,7.22533657383175,3.27835259370128e-06,0.9985595652181,0.999728131170845,"pkg-2"
-0.000401276345865259,7.55905181156256,2.63325972594323e-06,0.998709040313383,0.999728131170845,"puf-9"
0.0005116166408625,5.95051488893424,1.73323449059621e-06,0.998952644222882,0.999767949380379,"acl-7"
0.000435018167424883,5.47132701017448,6.4507013112096e-07,0.999361047590035,0.999889358670528,"rilp-1"
-0.000275683767907441,5.61536619712849,4.2452628130976e-07,0.999481656587482,0.999889358670528,"gop-2"
2.98355906945146e-05,5.28082207608745,3.27591345628347e-09,0.999954466510607,0.999956743852847,"Y55F3BR.1"
-2.93111452635881e-05,5.28302360939003,2.95642059390562e-09,0.999956743852847,0.999956743852847,"nlp-10"
